{"bounds":[43.3095,-2.01953,43.33133,-1.975],"date":"2026-09-18T16:58:21Z","type":"FeatureCollection","features":[{"type":"Feature","properties":{"name":"Santa Klara","kind":"coast","road":"","osm":4545646},"geometry":{"type":"LineString","coordinates":[[-1.99866,43.32106],[-1.99809,43.32119],[-1.99777,43.32142],[-1.99756,43.32157],[-1.9973,43.32173],[-1.99697,43.32217],[-1.99735,43.32209],[-1.99758,43.32216],[-1.99724,43.3223],[-1.99731,43.32234],[-1.99757,43.3225],[-1.99779,43.32247],[-1.99791,43.32246],[-1.99805,43.3225],[-1.99807,43.3226],[-1.99776,43.32272],[-1.99789,43.32286],[-1.99869,43.32263],[-1.9986,43.3224],[-1.99951,43.32224],[-1.99961,43.32231],[-1.99985,43.32224],[-1.99984,43.32216],[-2.0002,43.32209],[-2.00102,43.32195],[-2.00099,43.32188],[-2.00061,43.32189],[-2.00056,43.3217],[-2.00073,43.32156],[-2.00079,43.32144],[-2.00067,43.32138],[-2.00095,43.32133],[-2.00096,43.32131],[-2.00073,43.32126],[-2.00061,43.32094],[-2.00087,43.32089],[-2.00087,43.3208],[-2.00102,43.32074],[-2.00123,43.3207],[-2.00129,43.32059],[-2.0009,43.32065],[-2.00088,43.32057],[-2.00069,43.3206],[-2.00008,43.32068],[-2.00009,43.32074],[-1.99993,43.32074],[-1.99992,43.32061],[-1.99994,43.3206],[-1.99994,43.32052],[-1.99993,43.32037],[-1.99991,43.32037],[-1.99988,43.32037],[-1.99986,43.32037],[-1.99986,43.32054],[-1.99987,43.32059],[-1.99978,43.32054],[-1.99967,43.32055],[-1.9996,43.32059],[-1.99928,43.32077],[-1.99935,43.32079],[-1.99882,43.32101],[-1.99866,43.32106]]}},{"type":"Feature","properties":{"name":"Satrustegi hiribidea","kind":"road","road":"tertiary","osm":7631795},"geometry":{"type":"LineString","coordinates":[[-2.00099,43.31545],[-2.00108,43.31544],[-2.00116,43.31545],[-2.00126,43.31547],[-2.00148,43.31554],[-2.00162,43.31558],[-2.00273,43.31593],[-2.00284,43.31596],[-2.00329,43.3161],[-2.00341,43.31613],[-2.00344,43.31614],[-2.00401,43.31632],[-2.00411,43.31635],[-2.00447,43.31646],[-2.00464,43.31652]]}},{"type":"Feature","properties":{"name":"Boulevard zumardia","kind":"road","road":"secondary","osm":8097756},"geometry":{"type":"LineString","coordinates":[[-1.98194,43.32279],[-1.98198,43.32278]]}},{"type":"Feature","properties":{"name":"Santa Katalina Zubia","kind":"road","road":"secondary","osm":22715904},"geometry":{"type":"LineString","coordinates":[[-1.97882,43.32073],[-1.97778,43.32112],[-1.97772,43.32114],[-1.97767,43.32115]]}},{"type":"Feature","properties":{"name":"Alameda del Boulevard","kind":"road","road":"pedestrian","osm":22715911},"geometry":{"type":"LineString","coordinates":[[-1.98499,43.32162],[-1.98505,43.3217]]}},{"type":"Feature","properties":{"name":"Kontxa hondartza","kind":"beach","road":"","osm":22779812},"geometry":{"type":"Polygon","coordinates":[[[-1.98525,43.32042],[-1.98515,43.32033],[-1.98511,43.32026],[-1.98508,43.32019],[-1.98499,43.31967],[-1.98494,43.31935],[-1.9851,43.31903],[-1.98519,43.31883],[-1.98517,43.31883],[-1.98514,43.31882],[-1.98522,43.31871],[-1.9852,43.3187],[-1.98516,43.31868],[-1.98537,43.3184],[-1.98551,43.31821],[-1.98557,43.31813],[-1.98568,43.31798],[-1.98586,43.31776],[-1.98627,43.31735],[-1.9863,43.31737],[-1.98633,43.31739],[-1.98661,43.31712],[-1.9867,43.31709],[-1.98682,43.31698],[-1.98684,43.31692],[-1.98717,43.3167],[-1.98714,43.31668],[-1.98711,43.31666],[-1.98761,43.3163],[-1.98836,43.31578],[-1.98846,43.31572],[-1.98849,43.31563],[-1.98895,43.31538],[-1.98922,43.31527],[-1.98931,43.31523],[-1.98993,43.31507],[-1.99025,43.315],[-1.99057,43.31494],[-1.99191,43.31471],[-1.99223,43.31465],[-1.9926,43.31461],[-1.99295,43.31459],[-1.99415,43.31458],[-1.99493,43.31464],[-1.99499,43.31463],[-1.99503,43.3146],[-1.99504,43.31456],[-1.99553,43.31456],[-1.99578,43.31457],[-1.99622,43.31464],[-1.99656,43.3147],[-1.99684,43.31476],[-1.99729,43.31485],[-1.99742,43.31489],[-1.99741,43.31491],[-1.99751,43.31494],[-1.99786,43.31525],[-1.99807,43.31544],[-1.99811,43.3156],[-1.99789,43.31574],[-1.99788,43.31572],[-1.99792,43.31568],[-1.99767,43.31555],[-1.99731,43.3154],[-1.99675,43.31528],[-1.99646,43.31523],[-1.99583,43.31512],[-1.99561,43.31508],[-1.99485,43.31501],[-1.99375,43.31507],[-1.99267,43.31505],[-1.99105,43.3153],[-1.99013,43.31553],[-1.98887,43.3161],[-1.98856,43.31629],[-1.98834,43.31643],[-1.98807,43.3166],[-1.9873,43.31719],[-1.98688,43.31764],[-1.98632,43.31817],[-1.986,43.31867],[-1.98578,43.31934],[-1.9858,43.31971],[-1.98582,43.31991],[-1.9861,43.32055],[-1.98616,43.32089],[-1.98525,43.32042]]]}},{"type":"Feature","properties":{"name":"Erregina Erregeordearen kalea","kind":"road","road":"secondary","osm":22779815},"geometry":{"type":"LineString","coordinates":[[-1.98072,43.32315],[-1.9807,43.32319]]}},{"type":"Feature","properties":{"name":"Gipuzkoa plaza","kind":"road","road":"tertiary","osm":22779821},"geometry":{"type":"LineString","coordinates":[[-1.9821,43.32169],[-1.98206,43.32163],[-1.98157,43.32094],[-1.98154,43.32091],[-1.98152,43.32088]]}},{"type":"Feature","properties":{"name":"Mollaberria kalea","kind":"road","road":"pedestrian","osm":22941102},"geometry":{"type":"LineString","coordinates":[[-1.98989,43.3225],[-1.9894,43.32239],[-1.98692,43.32185],[-1.98677,43.32182]]}},{"type":"Feature","properties":{"name":"Maria Kristina zubia","kind":"road","road":"tertiary","osm":22941108},"geometry":{"type":"LineString","coordinates":[[-1.97901,43.31739],[-1.97889,43.31738]]}},{"type":"Feature","properties":{"name":"Frantzia pasealekua","kind":"road","road":"tertiary","osm":22941109},"geometry":{"type":"LineString","coordinates":[[-1.97722,43.31743],[-1.97726,43.31738],[-1.9773,43.31736],[-1.97734,43.31734],[-1.97739,43.31732],[-1.97745,43.31731],[-1.97762,43.31731]]}},{"type":"Feature","properties":{"name":"Hernani kalea","kind":"road","road":"secondary","osm":22941115},"geometry":{"type":"LineString","coordinates":[[-1.98499,43.32162],[-1.98499,43.3216],[-1.98499,43.32158],[-1.98499,43.32157],[-1.98498,43.32156],[-1.98497,43.32154],[-1.98496,43.32152],[-1.98494,43.32149],[-1.98487,43.32138],[-1.98484,43.32133],[-1.98455,43.32091],[-1.98453,43.32089],[-1.98447,43.3208]]}},{"type":"Feature","properties":{"name":"Getaria kalea","kind":"road","road":"pedestrian","osm":23658899},"geometry":{"type":"LineString","coordinates":[[-1.98168,43.31969],[-1.98161,43.31959],[-1.98126,43.31909],[-1.98125,43.31908],[-1.98088,43.31855],[-1.98055,43.31808],[-1.98052,43.31805],[-1.98051,43.31802],[-1.98048,43.31798],[-1.98022,43.31762],[-1.98019,43.31757]]}},{"type":"Feature","properties":{"name":"Bergara kalea","kind":"road","road":"tertiary","osm":23658900},"geometry":{"type":"LineString","coordinates":[[-1.9809,43.31998],[-1.98084,43.31989],[-1.98052,43.31944],[-1.98047,43.31937],[-1.98043,43.3193],[-1.98015,43.31891],[-1.98011,43.31884],[-1.98006,43.31878],[-1.97982,43.31843],[-1.9798,43.3184],[-1.97973,43.31834],[-1.97972,43.31832]]}},{"type":"Feature","properties":{"name":"Loiola kalea","kind":"road","road":"pedestrian","osm":23658929},"geometry":{"type":"LineString","coordinates":[[-1.98206,43.31744],[-1.98208,43.31746],[-1.98244,43.31797],[-1.98264,43.31825],[-1.98281,43.31849],[-1.98317,43.31901],[-1.98324,43.3191]]}},{"type":"Feature","properties":{"name":"San Juan kalea","kind":"road","road":"pedestrian","osm":23843306},"geometry":{"type":"LineString","coordinates":[[-1.98471,43.32589],[-1.98459,43.32574],[-1.98443,43.32549],[-1.98441,43.32546],[-1.98399,43.32489],[-1.98395,43.32483]]}},{"type":"Feature","properties":{"name":"Narrika kalea","kind":"road","road":"pedestrian","osm":23843342},"geometry":{"type":"LineString","coordinates":[[-1.9846,43.32453],[-1.98441,43.32425],[-1.98438,43.32419],[-1.98431,43.32392],[-1.98428,43.32379],[-1.98423,43.32362],[-1.98416,43.32336],[-1.98408,43.32307],[-1.98403,43.32282]]}},{"type":"Feature","properties":{"name":"Abuztuaren 31 kalea","kind":"road","road":"pedestrian","osm":23843414},"geometry":{"type":"LineString","coordinates":[[-1.98395,43.32483],[-1.98437,43.32464],[-1.9846,43.32453],[-1.98497,43.32436],[-1.98521,43.32427],[-1.98573,43.32407],[-1.98591,43.324],[-1.98632,43.32386],[-1.9866,43.32377],[-1.98683,43.32371]]}},{"type":"Feature","properties":{"name":"Kale Nagusia","kind":"road","road":"pedestrian","osm":23843419},"geometry":{"type":"LineString","coordinates":[[-1.9866,43.32377],[-1.9863,43.32335],[-1.98596,43.3229],[-1.98571,43.32253],[-1.98564,43.32243],[-1.98549,43.32221],[-1.98542,43.32212]]}},{"type":"Feature","properties":{"name":"San Jeronimo kalea","kind":"road","road":"pedestrian","osm":23843427},"geometry":{"type":"LineString","coordinates":[[-1.98573,43.32407],[-1.98564,43.32383],[-1.98554,43.32357],[-1.98544,43.32333],[-1.98534,43.32308],[-1.98524,43.32283],[-1.98513,43.32255],[-1.98502,43.32234],[-1.98498,43.32223]]}},{"type":"Feature","properties":{"name":"Portu kalea","kind":"road","road":"pedestrian","osm":23843438},"geometry":{"type":"LineString","coordinates":[[-1.98735,43.32303],[-1.98716,43.3231],[-1.98701,43.32314],[-1.9863,43.32335],[-1.98554,43.32357],[-1.98526,43.32365]]}},{"type":"Feature","properties":{"name":"Aingeru kalea","kind":"road","road":"pedestrian","osm":23843449},"geometry":{"type":"LineString","coordinates":[[-1.98725,43.32364],[-1.98708,43.32327]]}},{"type":"Feature","properties":{"name":"Konstituzio","kind":"road","road":"pedestrian","osm":23843488},"geometry":{"type":"LineString","coordinates":[[-1.98544,43.32333],[-1.98514,43.32341]]}},{"type":"Feature","properties":{"name":"Iñigo kalea","kind":"road","road":"pedestrian","osm":23843495},"geometry":{"type":"LineString","coordinates":[[-1.98341,43.32417],[-1.98352,43.32415],[-1.98431,43.32392],[-1.98463,43.32383]]}},{"type":"Feature","properties":{"name":"Zuloaga plaza","kind":"road","road":"pedestrian","osm":23843555},"geometry":{"type":"LineString","coordinates":[[-1.98497,43.32518],[-1.98464,43.32484],[-1.98463,43.32483],[-1.98456,43.32486],[-1.98454,43.32483],[-1.98437,43.32464],[-1.98395,43.32483],[-1.98399,43.32489],[-1.98441,43.32546],[-1.98464,43.32538],[-1.9846,43.32531],[-1.98462,43.3253],[-1.98464,43.32527],[-1.98485,43.32526],[-1.98497,43.32518]]}},{"type":"Feature","properties":{"name":"Lasala plaza","kind":"road","road":"pedestrian","osm":23843608},"geometry":{"type":"LineString","coordinates":[[-1.98652,43.32251],[-1.98625,43.32259],[-1.98611,43.32238],[-1.9864,43.32226],[-1.98652,43.32251]]}},{"type":"Feature","properties":{"name":"Kanpandegi kalea","kind":"road","road":"pedestrian","osm":23843619},"geometry":{"type":"LineString","coordinates":[[-1.98688,43.32321],[-1.98708,43.32366]]}},{"type":"Feature","properties":{"name":"Mari kalea","kind":"road","road":"pedestrian","osm":23843629},"geometry":{"type":"LineString","coordinates":[[-1.98749,43.32355],[-1.98737,43.3234],[-1.98716,43.3231],[-1.98706,43.32288],[-1.98697,43.32267]]}},{"type":"Feature","properties":{"name":"Fermin Calbeton kalea","kind":"road","road":"pedestrian","osm":23843649},"geometry":{"type":"LineString","coordinates":[[-1.98662,43.3227],[-1.98637,43.32278],[-1.98596,43.3229],[-1.98534,43.32308],[-1.98416,43.32336],[-1.98314,43.32359]]}},{"type":"Feature","properties":{"name":"Kanpandegi kalea","kind":"road","road":"pedestrian","osm":23843658},"geometry":{"type":"LineString","coordinates":[[-1.98652,43.32251],[-1.98662,43.3227]]}},{"type":"Feature","properties":{"name":"Koruko Ama Birjina kalea","kind":"road","road":"pedestrian","osm":23843688},"geometry":{"type":"LineString","coordinates":[[-1.98697,43.32368],[-1.98708,43.32366],[-1.98725,43.32364],[-1.98749,43.32355]]}},{"type":"Feature","properties":{"name":"Santa Korda kalea","kind":"road","road":"pedestrian","osm":23843699},"geometry":{"type":"LineString","coordinates":[[-1.98544,43.32449],[-1.9854,43.32451],[-1.98535,43.32453],[-1.98494,43.32469],[-1.98475,43.32477],[-1.98463,43.32483]]}},{"type":"Feature","properties":{"name":"Trinitate plaza","kind":"road","road":"pedestrian","osm":23843717},"geometry":{"type":"LineString","coordinates":[[-1.98646,43.32435],[-1.98639,43.32423],[-1.98634,43.32415],[-1.98617,43.3242],[-1.98607,43.32423],[-1.98609,43.32426],[-1.98611,43.3243],[-1.98587,43.32438],[-1.98585,43.32438],[-1.98581,43.32434],[-1.98577,43.32436],[-1.98596,43.32452],[-1.9863,43.32441],[-1.98646,43.32435]]}},{"type":"Feature","properties":{"name":"Gaztelubide","kind":"road","road":"pedestrian","osm":23843723},"geometry":{"type":"LineString","coordinates":[[-1.9885,43.32374],[-1.98814,43.32385],[-1.98799,43.32386],[-1.98795,43.32386],[-1.98761,43.32388],[-1.98738,43.32379],[-1.98733,43.32374]]}},{"type":"Feature","properties":{"name":"","kind":"road","road":"pedestrian","osm":23843787},"geometry":{"type":"LineString","coordinates":[[-1.98637,43.32278],[-1.98625,43.32259]]}},{"type":"Feature","properties":{"name":"Ijentea kalea","kind":"road","road":"pedestrian","osm":23843832},"geometry":{"type":"LineString","coordinates":[[-1.98677,43.32182],[-1.98656,43.32175],[-1.98635,43.32173],[-1.98617,43.32179],[-1.98579,43.32193],[-1.9854,43.32208]]}},{"type":"Feature","properties":{"name":"Bilintx kalea","kind":"road","road":"pedestrian","osm":23843862},"geometry":{"type":"LineString","coordinates":[[-1.98571,43.32253],[-1.98574,43.32252],[-1.98611,43.32238]]}},{"type":"Feature","properties":{"name":"Enbeltran kalea","kind":"road","road":"pedestrian","osm":23843948},"geometry":{"type":"LineString","coordinates":[[-1.98564,43.32243],[-1.98513,43.32255],[-1.98403,43.32282]]}},{"type":"Feature","properties":{"name":"Sarriegi plaza","kind":"road","road":"pedestrian","osm":23843966},"geometry":{"type":"LineString","coordinates":[[-1.98403,43.32282],[-1.98399,43.3227],[-1.98289,43.32293],[-1.98296,43.32309],[-1.98403,43.32282]]}},{"type":"Feature","properties":{"name":"Kanpandegi","kind":"road","road":"pedestrian","osm":23843991},"geometry":{"type":"LineString","coordinates":[[-1.98617,43.32179],[-1.98639,43.32223],[-1.9864,43.32226]]}},{"type":"Feature","properties":{"name":"Perujoantxo kalea","kind":"road","road":"pedestrian","osm":23843992},"geometry":{"type":"LineString","coordinates":[[-1.98611,43.32238],[-1.98579,43.32193]]}},{"type":"Feature","properties":{"name":"Esterlines kalea","kind":"road","road":"pedestrian","osm":23844025},"geometry":{"type":"LineString","coordinates":[[-1.98524,43.32283],[-1.9847,43.32294],[-1.98453,43.32298],[-1.98451,43.32298],[-1.98408,43.32307]]}},{"type":"Feature","properties":{"name":"San Lorenzo kalea","kind":"road","road":"pedestrian","osm":23844028},"geometry":{"type":"LineString","coordinates":[[-1.98408,43.32307],[-1.983,43.32322]]}},{"type":"Feature","properties":{"name":"Juan de Bilbao kalea","kind":"road","road":"pedestrian","osm":23844062},"geometry":{"type":"LineString","coordinates":[[-1.98564,43.32383],[-1.98438,43.32419]]}},{"type":"Feature","properties":{"name":"Konstituzio plaza","kind":"road","road":"pedestrian","osm":23846347},"geometry":{"type":"LineString","coordinates":[[-1.98527,43.32368],[-1.98464,43.32385],[-1.98463,43.32383],[-1.98451,43.32356],[-1.9845,43.32354],[-1.98513,43.32338],[-1.98514,43.32341],[-1.98515,43.32343],[-1.98525,43.32363],[-1.98526,43.32365],[-1.98527,43.32368]]}},{"type":"Feature","properties":{"name":"Iruñea kalea","kind":"road","road":"tertiary","osm":23847703},"geometry":{"type":"LineString","coordinates":[[-2.00447,43.31439],[-2.00442,43.31438],[-2.00437,43.31436],[-2.00435,43.31436],[-2.00385,43.3142],[-2.00379,43.31418]]}},{"type":"Feature","properties":{"name":"Igeldo pasealekua","kind":"road","road":"tertiary","osm":23847811},"geometry":{"type":"LineString","coordinates":[[-2.00548,43.31677],[-2.00555,43.31676],[-2.00558,43.31675],[-2.00563,43.31673],[-2.00568,43.31671]]}},{"type":"Feature","properties":{"name":"Zubimusu parkea","kind":"park","road":"","osm":23848127},"geometry":{"type":"Polygon","coordinates":[[[-2.00712,43.31382],[-2.00665,43.31331],[-2.00638,43.31345],[-2.00624,43.3133],[-2.00651,43.31317],[-2.00633,43.31298],[-2.00627,43.31296],[-2.00599,43.31311],[-2.00568,43.31326],[-2.00566,43.31329],[-2.00585,43.3135],[-2.00612,43.31336],[-2.00626,43.3135],[-2.00599,43.31364],[-2.00649,43.31414],[-2.00712,43.31382]]]}},{"type":"Feature","properties":{"name":"Salamanca pasealekua","kind":"road","road":"tertiary","osm":23892553},"geometry":{"type":"LineString","coordinates":[[-1.98078,43.32324],[-1.9808,43.32327],[-1.98082,43.32331],[-1.98085,43.32334],[-1.98124,43.3239]]}},{"type":"Feature","properties":{"name":"San Martin kalea","kind":"road","road":"secondary","osm":23892554},"geometry":{"type":"LineString","coordinates":[[-1.98378,43.31679],[-1.98388,43.31676],[-1.98457,43.3165],[-1.98523,43.31626],[-1.98525,43.31625],[-1.9857,43.31608],[-1.98616,43.3159],[-1.9869,43.31563],[-1.98696,43.31561],[-1.98741,43.31544],[-1.98756,43.31539],[-1.98763,43.31536],[-1.98771,43.31533],[-1.98779,43.31531],[-1.98783,43.3153],[-1.98787,43.3153],[-1.98792,43.3153],[-1.98798,43.31531]]}},{"type":"Feature","properties":{"name":"Mendeurren plaza","kind":"road","road":"secondary","osm":23893528},"geometry":{"type":"LineString","coordinates":[[-1.98027,43.31332],[-1.98026,43.31328],[-1.98026,43.31323],[-1.98026,43.31319],[-1.98027,43.31313],[-1.98028,43.31306],[-1.98037,43.31249],[-1.98038,43.31245],[-1.98039,43.31238]]}},{"type":"Feature","properties":{"name":"Argentinako Errepublika pasealekua","kind":"road","road":"secondary","osm":23893529},"geometry":{"type":"LineString","coordinates":[[-1.9791,43.32084],[-1.97916,43.32091],[-1.97918,43.32094],[-1.97919,43.32097]]}},{"type":"Feature","properties":{"name":"Gipuzkoa plaza","kind":"park","road":"","osm":23899898},"geometry":{"type":"Polygon","coordinates":[[[-1.98276,43.32137],[-1.98213,43.32161],[-1.9821,43.32156],[-1.98189,43.32127],[-1.98165,43.32092],[-1.98193,43.32082],[-1.98228,43.32069],[-1.98252,43.32104],[-1.98276,43.32137]]]}},{"type":"Feature","properties":{"name":"Oihenart kalea","kind":"road","road":"pedestrian","osm":23903175},"geometry":{"type":"LineString","coordinates":[[-2.00811,43.30957],[-2.0076,43.30983],[-2.00705,43.31012]]}},{"type":"Feature","properties":{"name":"Simona de Lajust kalea","kind":"road","road":"pedestrian","osm":23903189},"geometry":{"type":"LineString","coordinates":[[-2.00593,43.31068],[-2.00587,43.31071],[-2.00546,43.31091],[-2.00531,43.31099],[-2.00485,43.31122]]}},{"type":"Feature","properties":{"name":"Elkano kalea","kind":"road","road":"pedestrian","osm":23905789},"geometry":{"type":"LineString","coordinates":[[-1.98288,43.32139],[-1.98291,43.32144],[-1.98295,43.32149],[-1.98347,43.32218]]}},{"type":"Feature","properties":{"name":"Txurruka kalea","kind":"road","road":"pedestrian","osm":23905967},"geometry":{"type":"LineString","coordinates":[[-1.98232,43.32058],[-1.98227,43.32052],[-1.98177,43.31982],[-1.98172,43.31975],[-1.98168,43.31969]]}},{"type":"Feature","properties":{"name":"Legazpi kalea","kind":"road","road":"tertiary","osm":23905989},"geometry":{"type":"LineString","coordinates":[[-1.98267,43.32253],[-1.9826,43.32242],[-1.98217,43.32178],[-1.9821,43.32169]]}},{"type":"Feature","properties":{"name":"Idiakez kalea","kind":"road","road":"tertiary","osm":23906026},"geometry":{"type":"LineString","coordinates":[[-1.98152,43.32088],[-1.98147,43.32081],[-1.981,43.32013],[-1.98094,43.32004]]}},{"type":"Feature","properties":{"name":"Manuel Lekuona kalea","kind":"road","road":"pedestrian","osm":23908981},"geometry":{"type":"LineString","coordinates":[[-2.00871,43.31015],[-2.00862,43.31007],[-2.00861,43.31006],[-2.0083,43.30977]]}},{"type":"Feature","properties":{"name":"Gipuzkoa plaza","kind":"road","road":"pedestrian","osm":23908984},"geometry":{"type":"LineString","coordinates":[[-1.98288,43.32139],[-1.98285,43.32135],[-1.98262,43.32102],[-1.98235,43.32063],[-1.98234,43.32061],[-1.98232,43.32058]]}},{"type":"Feature","properties":{"name":"Gipuzkoa plaza","kind":"road","road":"pedestrian","osm":23908985},"geometry":{"type":"LineString","coordinates":[[-1.98232,43.32058],[-1.98227,43.3206],[-1.98189,43.32074],[-1.98157,43.32086],[-1.98152,43.32088]]}},{"type":"Feature","properties":{"name":"Santa Katalina kalea","kind":"road","road":"pedestrian","osm":23909234},"geometry":{"type":"LineString","coordinates":[[-1.98024,43.32132],[-1.9795,43.32073],[-1.97937,43.32063]]}},{"type":"Feature","properties":{"name":"Arrasate kalea","kind":"road","road":"secondary","osm":23909238},"geometry":{"type":"LineString","coordinates":[[-1.98644,43.31644],[-1.98634,43.3165],[-1.98628,43.31654],[-1.98623,43.31656],[-1.98618,43.31658],[-1.98606,43.31662],[-1.98562,43.31678],[-1.98557,43.3168],[-1.98502,43.31701],[-1.98494,43.31704],[-1.98486,43.31707],[-1.98425,43.31729],[-1.98416,43.31733],[-1.98405,43.31737],[-1.9834,43.31762],[-1.98333,43.31764],[-1.98329,43.31765],[-1.98326,43.31766]]}},{"type":"Feature","properties":{"name":"San Martzial kalea","kind":"road","road":"pedestrian","osm":23909239},"geometry":{"type":"LineString","coordinates":[[-1.98451,43.31784],[-1.98363,43.31818],[-1.98352,43.31822],[-1.98281,43.31849]]}},{"type":"Feature","properties":{"name":"Zumalakarregi hiribidea","kind":"road","road":"secondary","osm":23909591},"geometry":{"type":"LineString","coordinates":[[-2.00099,43.31545],[-2.00129,43.31531],[-2.00184,43.31503],[-2.00253,43.31468],[-2.00258,43.31466],[-2.00363,43.31413],[-2.00377,43.31406]]}},{"type":"Feature","properties":{"name":"Tolosa hiribidea","kind":"road","road":"secondary","osm":23909593},"geometry":{"type":"LineString","coordinates":[[-2.00536,43.31324],[-2.00628,43.31279]]}},{"type":"Feature","properties":{"name":"Zumalakarregi hiribidea","kind":"road","road":"secondary","osm":23909594},"geometry":{"type":"LineString","coordinates":[[-2.00535,43.31315],[-2.00524,43.31321]]}},{"type":"Feature","properties":{"name":"Prim kalea","kind":"road","road":"tertiary","osm":23912267},"geometry":{"type":"LineString","coordinates":[[-1.97972,43.31832],[-1.97972,43.31818],[-1.97978,43.3176],[-1.97979,43.31751],[-1.97979,43.31747],[-1.97979,43.31744]]}},{"type":"Feature","properties":{"name":"Alfontso VIII.a kalea","kind":"road","road":"pedestrian","osm":23912269},"geometry":{"type":"LineString","coordinates":[[-1.98094,43.31714],[-1.98087,43.31717],[-1.98033,43.31737],[-1.98026,43.3174]]}},{"type":"Feature","properties":{"name":"Urdaneta kalea","kind":"road","road":"pedestrian","osm":23912271},"geometry":{"type":"LineString","coordinates":[[-1.98211,43.316],[-1.98153,43.31622],[-1.98127,43.31632],[-1.98103,43.31641],[-1.98055,43.31659]]}},{"type":"Feature","properties":{"name":"Errege-erregina Katolikoak kalea","kind":"road","road":"pedestrian","osm":23912273},"geometry":{"type":"LineString","coordinates":[[-1.98127,43.31632],[-1.98101,43.31594],[-1.98099,43.31591],[-1.98096,43.31588],[-1.98077,43.3156],[-1.98074,43.31556],[-1.98071,43.31551],[-1.98023,43.31483],[-1.98021,43.3148]]}},{"type":"Feature","properties":{"name":"San Bartolome kalea","kind":"road","road":"pedestrian","osm":23913873},"geometry":{"type":"LineString","coordinates":[[-1.98344,43.31631],[-1.98348,43.3163],[-1.9835,43.31629],[-1.98422,43.31603],[-1.98425,43.31603]]}},{"type":"Feature","properties":{"name":"Araba parkea","kind":"park","road":"","osm":23915836},"geometry":{"type":"Polygon","coordinates":[[[-1.98009,43.31323],[-1.9796,43.31321],[-1.97961,43.31285],[-1.97961,43.3126],[-1.9796,43.31247],[-1.97944,43.31165],[-1.97952,43.31162],[-1.97958,43.31158],[-1.97961,43.31153],[-1.97962,43.3115],[-1.98001,43.31146],[-1.98003,43.31148],[-1.98006,43.31151],[-1.98011,43.31155],[-1.98014,43.31158],[-1.98016,43.31168],[-1.98019,43.31195],[-1.9802,43.31221],[-1.98023,43.31239],[-1.98023,43.31241],[-1.9802,43.31267],[-1.98014,43.31278],[-1.98008,43.31289],[-1.98004,43.31302],[-1.98009,43.31323]]]}},{"type":"Feature","properties":{"name":"Blas de Lezo kalea","kind":"road","road":"pedestrian","osm":23919457},"geometry":{"type":"LineString","coordinates":[[-1.98606,43.31662],[-1.98604,43.3166],[-1.986,43.31655],[-1.98572,43.31611],[-1.9857,43.31608]]}},{"type":"Feature","properties":{"name":"Mirakontxa pasealekua","kind":"road","road":"secondary","osm":23919754},"geometry":{"type":"LineString","coordinates":[[-1.99052,43.31476],[-1.99015,43.31483],[-1.98993,43.31488],[-1.98962,43.31494],[-1.98905,43.31505],[-1.98897,43.31507],[-1.98815,43.31523]]}},{"type":"Feature","properties":{"name":"Mirakontxa pasealekua","kind":"road","road":"secondary","osm":23919756},"geometry":{"type":"LineString","coordinates":[[-1.98798,43.31531],[-1.9881,43.31531],[-1.98818,43.31531],[-1.98822,43.3153],[-1.98829,43.31529],[-1.98893,43.31515],[-1.989,43.31514],[-1.98989,43.31494],[-1.99012,43.31488],[-1.99026,43.31485],[-1.99066,43.31478]]}},{"type":"Feature","properties":{"name":"Mirakontxa pasealekua","kind":"road","road":"secondary","osm":23920623},"geometry":{"type":"LineString","coordinates":[[-1.99778,43.31487],[-1.99882,43.31533]]}},{"type":"Feature","properties":{"name":"","kind":"road","road":"secondary","osm":23920624},"geometry":{"type":"LineString","coordinates":[[-1.99882,43.31533],[-1.99904,43.31542],[-1.99926,43.31548],[-1.99931,43.31549],[-1.99962,43.31555]]}},{"type":"Feature","properties":{"name":"Satrustegi hiribidea","kind":"road","road":"secondary","osm":23920625},"geometry":{"type":"LineString","coordinates":[[-2.00087,43.31534],[-2.00084,43.31534],[-2.00075,43.31531]]}},{"type":"Feature","properties":{"name":"","kind":"road","road":"secondary","osm":23920627},"geometry":{"type":"LineString","coordinates":[[-2.00041,43.31561],[-2.00049,43.31555],[-2.00061,43.31553],[-2.00069,43.3155],[-2.00075,43.31545],[-2.00077,43.3154],[-2.00077,43.31537],[-2.00075,43.31531]]}},{"type":"Feature","properties":{"name":"","kind":"road","road":"secondary","osm":23920628},"geometry":{"type":"LineString","coordinates":[[-2.00075,43.31531],[-2.00033,43.31518],[-2.00023,43.31516],[-2.00016,43.31516],[-2.00002,43.31516]]}},{"type":"Feature","properties":{"name":"","kind":"road","road":"secondary","osm":23925078},"geometry":{"type":"LineString","coordinates":[[-1.99551,43.31083],[-1.99548,43.31084],[-1.99546,43.31086],[-1.99544,43.31088],[-1.99543,43.31091],[-1.99543,43.31093],[-1.99544,43.31095],[-1.99545,43.31097],[-1.99547,43.31099],[-1.9955,43.31101],[-1.99554,43.31101],[-1.99558,43.31101],[-1.9956,43.31101],[-1.99563,43.311],[-1.99566,43.31098],[-1.99568,43.31096],[-1.99569,43.31094],[-1.99569,43.31091],[-1.99568,43.31089],[-1.99567,43.31086],[-1.99564,43.31085],[-1.99561,43.31083],[-1.99558,43.31083],[-1.99554,43.31083],[-1.99551,43.31083]]}},{"type":"Feature","properties":{"name":"Pio Baroja pasealekua","kind":"road","road":"secondary","osm":23925079},"geometry":{"type":"LineString","coordinates":[[-1.99393,43.30925],[-1.99398,43.30929],[-1.99402,43.30932],[-1.9941,43.30941],[-1.99472,43.3101],[-1.99532,43.31077],[-1.99538,43.31083],[-1.99541,43.31087],[-1.99543,43.31091]]}},{"type":"Feature","properties":{"name":"","kind":"road","road":"secondary","osm":23925080},"geometry":{"type":"LineString","coordinates":[[-1.99771,43.31315],[-1.99772,43.31318],[-1.99773,43.31321],[-1.99775,43.31323],[-1.99778,43.31325],[-1.99781,43.31326],[-1.99785,43.31326],[-1.99788,43.31326],[-1.99792,43.31325],[-1.99795,43.31324],[-1.99797,43.31321],[-1.99799,43.31319],[-1.99799,43.31316],[-1.99799,43.31313],[-1.99797,43.31311],[-1.99795,43.31308],[-1.99792,43.31307],[-1.99788,43.31306],[-1.99784,43.31306],[-1.9978,43.31307],[-1.99777,43.31308],[-1.99774,43.3131],[-1.99772,43.31313],[-1.99771,43.31315]]}},{"type":"Feature","properties":{"name":"Pio Baroja pasealekua","kind":"road","road":"secondary","osm":23925081},"geometry":{"type":"LineString","coordinates":[[-1.99554,43.31101],[-1.9956,43.31105],[-1.99564,43.31109],[-1.99572,43.31117],[-1.99656,43.3121],[-1.99671,43.31229],[-1.99697,43.31256],[-1.99723,43.3128],[-1.99744,43.31296],[-1.9976,43.31308],[-1.99763,43.3131],[-1.99766,43.31313],[-1.99768,43.31314],[-1.99769,43.31315],[-1.99772,43.31318]]}},{"type":"Feature","properties":{"name":"Pio Baroja pasealekua","kind":"road","road":"secondary","osm":23925082},"geometry":{"type":"LineString","coordinates":[[-1.99792,43.31325],[-1.99809,43.31335],[-1.99861,43.31364],[-1.99906,43.31387],[-1.99954,43.31408],[-1.99968,43.31414]]}},{"type":"Feature","properties":{"name":"","kind":"road","road":"secondary","osm":23925083},"geometry":{"type":"LineString","coordinates":[[-2.00042,43.31485],[-2.0003,43.31495],[-2.00025,43.31499],[-2.00022,43.31501],[-2.00002,43.31516]]}},{"type":"Feature","properties":{"name":"Pio Baroja pasealekua","kind":"road","road":"secondary","osm":23925084},"geometry":{"type":"LineString","coordinates":[[-2.00051,43.3148],[-2.0005,43.31472],[-2.00045,43.31466],[-2.00004,43.31425],[-2.00001,43.31421],[-1.99999,43.31417],[-1.99997,43.31412],[-1.99996,43.31408]]}},{"type":"Feature","properties":{"name":"Pio Baroja pasealekua","kind":"road","road":"secondary","osm":23925085},"geometry":{"type":"LineString","coordinates":[[-1.9978,43.31307],[-1.99771,43.31303],[-1.99762,43.31299],[-1.99751,43.31292],[-1.99745,43.31287],[-1.99732,43.31277],[-1.99714,43.31261],[-1.99686,43.31233],[-1.99665,43.31206],[-1.99615,43.3115],[-1.99581,43.31112],[-1.99574,43.31104],[-1.99571,43.31099],[-1.99569,43.31094]]}},{"type":"Feature","properties":{"name":"Pio Baroja pasealekua","kind":"road","road":"secondary","osm":23925086},"geometry":{"type":"LineString","coordinates":[[-1.99558,43.31083],[-1.99555,43.31081],[-1.99553,43.3108],[-1.9955,43.31078],[-1.99548,43.31076],[-1.99543,43.31071],[-1.99484,43.31005],[-1.99421,43.30936],[-1.99418,43.30932],[-1.99415,43.30927],[-1.99413,43.30923],[-1.99412,43.30918]]}},{"type":"Feature","properties":{"name":"Espainia plaza","kind":"road","road":"secondary","osm":23925937},"geometry":{"type":"LineString","coordinates":[[-1.97888,43.32083],[-1.97896,43.32079],[-1.979,43.32078]]}},{"type":"Feature","properties":{"name":"Foruen pasealekua","kind":"road","road":"secondary","osm":23927005},"geometry":{"type":"LineString","coordinates":[[-1.97921,43.31866],[-1.97918,43.31902]]}},{"type":"Feature","properties":{"name":"Foruen pasealekua","kind":"road","road":"tertiary","osm":23927006},"geometry":{"type":"LineString","coordinates":[[-1.97925,43.3185],[-1.97923,43.31854],[-1.97921,43.31866]]}},{"type":"Feature","properties":{"name":"","kind":"road","road":"secondary","osm":23927008},"geometry":{"type":"LineString","coordinates":[[-1.97925,43.32046],[-1.97925,43.32048],[-1.97925,43.32051],[-1.97924,43.32054],[-1.97923,43.32057],[-1.9792,43.3206]]}},{"type":"Feature","properties":{"name":"Valentin Olano kalea","kind":"road","road":"tertiary","osm":23927128},"geometry":{"type":"LineString","coordinates":[[-1.97979,43.31744],[-1.9797,43.31743],[-1.97962,43.31743],[-1.97928,43.31741],[-1.97919,43.3174],[-1.97915,43.3174],[-1.97901,43.31739]]}},{"type":"Feature","properties":{"name":"Foruen pasealekua","kind":"road","road":"secondary","osm":23936978},"geometry":{"type":"LineString","coordinates":[[-1.97885,43.31877],[-1.97876,43.31972],[-1.97875,43.31996],[-1.97878,43.32012],[-1.9789,43.32052],[-1.97891,43.32056],[-1.97892,43.32061],[-1.97892,43.32064],[-1.97892,43.32067],[-1.97891,43.32069],[-1.97889,43.3207],[-1.97882,43.32073]]}},{"type":"Feature","properties":{"name":"Gernikako Arbola pasealekua","kind":"road","road":"secondary","osm":23936979},"geometry":{"type":"LineString","coordinates":[[-1.97929,43.31158],[-1.97944,43.31251],[-1.97946,43.31271],[-1.97947,43.31292],[-1.97945,43.31331],[-1.9794,43.31376],[-1.9794,43.3138],[-1.97926,43.31505],[-1.97916,43.31603]]}},{"type":"Feature","properties":{"name":"","kind":"road","road":"secondary","osm":23936981},"geometry":{"type":"LineString","coordinates":[[-1.97895,43.31841],[-1.97896,43.31843],[-1.97898,43.31846],[-1.979,43.31848],[-1.97902,43.3185],[-1.97906,43.31852],[-1.97911,43.31855]]}},{"type":"Feature","properties":{"name":"Trinitate plaza","kind":"road","road":"pedestrian","osm":23936982},"geometry":{"type":"LineString","coordinates":[[-1.98577,43.32436],[-1.98585,43.32439],[-1.98615,43.3243],[-1.98612,43.32425],[-1.9861,43.32426],[-1.98609,43.32426],[-1.98608,43.32427],[-1.98591,43.324]]}},{"type":"Feature","properties":{"name":"Kristina-Enea parkea - Parque de Cristina Enea","kind":"park","road":"","osm":23937260},"geometry":{"type":"Polygon","coordinates":[[[-1.97405,43.3153],[-1.97423,43.3158],[-1.97443,43.3159],[-1.97455,43.31603],[-1.97462,43.31604],[-1.97462,43.31643],[-1.9748,43.31659],[-1.97484,43.31658],[-1.97494,43.31656],[-1.97498,43.31644],[-1.97527,43.31601],[-1.97556,43.31565],[-1.97605,43.31521],[-1.97645,43.31489],[-1.97686,43.31457],[-1.97701,43.31445],[-1.9771,43.31435],[-1.97716,43.31422],[-1.97725,43.31369],[-1.97739,43.31296],[-1.97737,43.31285],[-1.9773,43.31273],[-1.97715,43.31254],[-1.97706,43.31241],[-1.97674,43.31204],[-1.97651,43.3118],[-1.97633,43.31168],[-1.97616,43.31161],[-1.97611,43.31159],[-1.97599,43.31154],[-1.97585,43.3115],[-1.97572,43.3115],[-1.97559,43.31152],[-1.97479,43.31168],[-1.97479,43.31173],[-1.97477,43.31245],[-1.97461,43.31301],[-1.97443,43.31342],[-1.9742,43.31379],[-1.97381,43.31421],[-1.97355,43.31439],[-1.97321,43.31455],[-1.97355,43.31485],[-1.97405,43.3153]]]}},{"type":"Feature","properties":{"name":"Lasta plaza","kind":"road","road":"pedestrian","osm":23942398},"geometry":{"type":"LineString","coordinates":[[-1.98677,43.32182],[-1.98735,43.32303]]}},{"type":"Feature","properties":{"name":"Kaimingaintxo plaza","kind":"road","road":"pedestrian","osm":23942399},"geometry":{"type":"LineString","coordinates":[[-1.98735,43.32303],[-1.98759,43.3234],[-1.98772,43.32356],[-1.9879,43.32361]]}},{"type":"Feature","properties":{"name":"Kaiko pasealekua","kind":"road","road":"pedestrian","osm":23942400},"geometry":{"type":"LineString","coordinates":[[-1.9879,43.32361],[-1.98796,43.32361],[-1.9882,43.32355],[-1.9883,43.32352],[-1.98941,43.32312],[-1.98963,43.32305],[-1.98994,43.32301],[-1.99064,43.32292],[-1.99103,43.32292],[-1.99127,43.32294],[-1.99182,43.32287]]}},{"type":"Feature","properties":{"name":"Basoerdi parkea","kind":"park","road":"","osm":23945131},"geometry":{"type":"Polygon","coordinates":[[[-1.98754,43.31321],[-1.98762,43.31308],[-1.98768,43.31297],[-1.98769,43.31287],[-1.98768,43.31278],[-1.98766,43.31269],[-1.98762,43.31259],[-1.98755,43.31251],[-1.98746,43.31243],[-1.98737,43.31236],[-1.98726,43.31231],[-1.98715,43.31228],[-1.98702,43.31226],[-1.98688,43.31226],[-1.98674,43.31227],[-1.98662,43.3123],[-1.98649,43.31234],[-1.98638,43.3124],[-1.98627,43.31248],[-1.98618,43.31258],[-1.9863,43.31263],[-1.98637,43.31303],[-1.98652,43.31305],[-1.98656,43.31303],[-1.98661,43.31301],[-1.98666,43.31301],[-1.98671,43.31303],[-1.98674,43.31307],[-1.98675,43.3131],[-1.98673,43.31314],[-1.9866,43.31319],[-1.98715,43.31335],[-1.98726,43.31326],[-1.98733,43.31322],[-1.98742,43.3132],[-1.98754,43.31321]]]}},{"type":"Feature","properties":{"name":"Parke kalea","kind":"road","road":"tertiary","osm":23947388},"geometry":{"type":"LineString","coordinates":[[-1.98004,43.31135],[-1.97949,43.31141],[-1.97945,43.31141],[-1.97936,43.31142],[-1.97927,43.31143]]}},{"type":"Feature","properties":{"name":"Lazkano pasealekua","kind":"road","road":"tertiary","osm":23951319},"geometry":{"type":"LineString","coordinates":[[-1.98913,43.31038],[-1.98925,43.31026],[-1.98938,43.31017],[-1.99004,43.30988],[-1.99016,43.30983],[-1.99024,43.3098],[-1.9903,43.30975],[-1.99033,43.3097],[-1.99035,43.30966],[-1.99035,43.30961],[-1.99033,43.30955],[-1.99028,43.3095],[-1.99016,43.30938],[-1.99003,43.30924],[-1.98996,43.30916],[-1.9899,43.30909],[-1.98987,43.30904],[-1.98983,43.30897],[-1.98981,43.3089],[-1.98978,43.30882],[-1.98977,43.30874],[-1.98977,43.30869],[-1.98978,43.30861],[-1.98979,43.30855],[-1.98983,43.3084],[-1.98988,43.30827],[-1.98992,43.30818],[-1.98995,43.30811]]}},{"type":"Feature","properties":{"name":"Paseo de Lazcano","kind":"road","road":"tertiary","osm":23951896},"geometry":{"type":"LineString","coordinates":[[-1.9891,43.31085],[-1.98906,43.31079],[-1.98902,43.31069]]}},{"type":"Feature","properties":{"name":"Paseo de Lazcano","kind":"road","road":"tertiary","osm":23951897},"geometry":{"type":"LineString","coordinates":[[-1.98902,43.31069],[-1.98899,43.31081],[-1.98897,43.3109]]}},{"type":"Feature","properties":{"name":"","kind":"road","road":"tertiary","osm":23951900},"geometry":{"type":"LineString","coordinates":[[-1.98906,43.31102],[-1.98909,43.31096],[-1.9891,43.3109],[-1.9891,43.31085]]}},{"type":"Feature","properties":{"name":"Aldapeta galtzada","kind":"road","road":"tertiary","osm":23953221},"geometry":{"type":"LineString","coordinates":[[-1.98584,43.31496],[-1.98582,43.31499],[-1.98575,43.31504],[-1.9857,43.31508],[-1.98567,43.31511],[-1.98565,43.31513],[-1.98562,43.31515],[-1.98554,43.3152],[-1.98509,43.31544],[-1.98488,43.31556],[-1.98468,43.31568],[-1.98441,43.31585],[-1.98433,43.31588],[-1.98424,43.31592],[-1.98342,43.31622],[-1.98339,43.31624]]}},{"type":"Feature","properties":{"name":"Zurriola hiribidea","kind":"road","road":"secondary","osm":24266265},"geometry":{"type":"LineString","coordinates":[[-1.97939,43.32371],[-1.97932,43.32373],[-1.97928,43.32374],[-1.97924,43.32374],[-1.97917,43.32375],[-1.9791,43.32377],[-1.9784,43.32404],[-1.97834,43.32406],[-1.97822,43.3241],[-1.97809,43.32415],[-1.97759,43.32434]]}},{"type":"Feature","properties":{"name":"Mirakruz kalea","kind":"road","road":"secondary","osm":24266364},"geometry":{"type":"LineString","coordinates":[[-1.97656,43.32159],[-1.97647,43.32162],[-1.97583,43.32175],[-1.97579,43.32176],[-1.97575,43.32177]]}},{"type":"Feature","properties":{"name":"Zurriolako zubia","kind":"road","road":"secondary","osm":24276211},"geometry":{"type":"LineString","coordinates":[[-1.97941,43.32375],[-1.97944,43.32374],[-1.98056,43.32331]]}},{"type":"Feature","properties":{"name":"Santa Katalina Zubia","kind":"road","road":"secondary","osm":24276214},"geometry":{"type":"LineString","coordinates":[[-1.97774,43.32125],[-1.97778,43.32124],[-1.97888,43.32083]]}},{"type":"Feature","properties":{"name":"Euskadi plaza","kind":"road","road":"secondary","osm":24276452},"geometry":{"type":"LineString","coordinates":[[-1.97732,43.32173],[-1.97735,43.32158],[-1.97735,43.32154],[-1.97735,43.3215],[-1.97736,43.32147],[-1.97737,43.32144]]}},{"type":"Feature","properties":{"name":"Peña y Goñi kalea","kind":"road","road":"pedestrian","osm":24280997},"geometry":{"type":"LineString","coordinates":[[-1.97822,43.3241],[-1.97818,43.32404],[-1.9778,43.32349],[-1.97734,43.32281]]}},{"type":"Feature","properties":{"name":"Klaudio Anton de Luzuriaga kalea","kind":"road","road":"pedestrian","osm":24281002},"geometry":{"type":"LineString","coordinates":[[-1.97514,43.32387],[-1.9752,43.32392],[-1.97556,43.32417]]}},{"type":"Feature","properties":{"name":"Duna kalea","kind":"road","road":"pedestrian","osm":24297530},"geometry":{"type":"LineString","coordinates":[[-1.97646,43.32239],[-1.97629,43.32305]]}},{"type":"Feature","properties":{"name":"Frantzia pasealekua","kind":"road","road":"tertiary","osm":24368870},"geometry":{"type":"LineString","coordinates":[[-1.97762,43.31731],[-1.97737,43.31727],[-1.97732,43.31726],[-1.97726,43.31723]]}},{"type":"Feature","properties":{"name":"Federico Garcia Lorca pasealekua","kind":"road","road":"secondary","osm":24368872},"geometry":{"type":"LineString","coordinates":[[-1.97738,43.31545],[-1.97747,43.3148],[-1.97749,43.31468],[-1.97756,43.3141],[-1.97774,43.31287],[-1.97783,43.31227]]}},{"type":"Feature","properties":{"name":"Mundaiz zubia","kind":"road","road":"tertiary","osm":24368873},"geometry":{"type":"LineString","coordinates":[[-1.97927,43.31143],[-1.97913,43.31145]]}},{"type":"Feature","properties":{"name":"Federico Garcia Lorca pasealekua","kind":"road","road":"tertiary","osm":24368874},"geometry":{"type":"LineString","coordinates":[[-1.9779,43.31182],[-1.97795,43.31173],[-1.97795,43.31172],[-1.97797,43.3117],[-1.97799,43.31168],[-1.97801,43.31166],[-1.97802,43.31165],[-1.97804,43.31164],[-1.97808,43.31163],[-1.97811,43.31162]]}},{"type":"Feature","properties":{"name":"Kristobal Balenziaga pasealekua","kind":"road","road":"tertiary","osm":27008449},"geometry":{"type":"LineString","coordinates":[[-2.01639,43.31766],[-2.01635,43.3177],[-2.01633,43.31775],[-2.01629,43.31782],[-2.01627,43.31787],[-2.01626,43.31793]]}},{"type":"Feature","properties":{"name":"San Juan kalea","kind":"road","road":"pedestrian","osm":27263144},"geometry":{"type":"LineString","coordinates":[[-1.9839,43.32487],[-1.9839,43.32485],[-1.98365,43.32449]]}},{"type":"Feature","properties":{"name":"San Bizente kalea","kind":"road","road":"pedestrian","osm":27263146},"geometry":{"type":"LineString","coordinates":[[-1.98365,43.32449],[-1.98319,43.32467]]}},{"type":"Feature","properties":{"name":"","kind":"road","road":"pedestrian","osm":27506711},"geometry":{"type":"LineString","coordinates":[[-1.99337,43.3248],[-1.9933,43.3247],[-1.99325,43.32463],[-1.99321,43.32457],[-1.99313,43.32458],[-1.99246,43.32487],[-1.99242,43.32489],[-1.99237,43.32492],[-1.99237,43.32507],[-1.9923,43.32517],[-1.99219,43.32527],[-1.99159,43.3256],[-1.99108,43.3259],[-1.99094,43.326],[-1.99083,43.32617],[-1.99067,43.3263],[-1.99055,43.32636],[-1.99024,43.3264],[-1.98965,43.32643],[-1.98901,43.32658],[-1.98896,43.32658],[-1.98894,43.32656],[-1.98893,43.32653],[-1.98897,43.32628],[-1.98893,43.32624],[-1.98887,43.32622],[-1.98851,43.32624],[-1.98838,43.32623],[-1.98813,43.32622],[-1.98809,43.3262],[-1.9881,43.32616],[-1.98818,43.32611],[-1.98829,43.32607],[-1.98832,43.32604],[-1.98833,43.32598]]}},{"type":"Feature","properties":{"name":"","kind":"road","road":"pedestrian","osm":27506712},"geometry":{"type":"LineString","coordinates":[[-1.98628,43.3258],[-1.98624,43.32577],[-1.98603,43.32566]]}},{"type":"Feature","properties":{"name":"Elbira Zipitria kalea","kind":"road","road":"pedestrian","osm":28180725},"geometry":{"type":"LineString","coordinates":[[-1.98672,43.32426],[-1.98692,43.32419],[-1.98715,43.32411],[-1.98707,43.32392],[-1.98706,43.32389],[-1.98697,43.32368]]}},{"type":"Feature","properties":{"name":"","kind":"road","road":"pedestrian","osm":28181122},"geometry":{"type":"LineString","coordinates":[[-1.9928,43.32353],[-1.99276,43.3235],[-1.99268,43.32339],[-1.99259,43.32329],[-1.9925,43.32324],[-1.99246,43.32322],[-1.99229,43.32316],[-1.99206,43.3231],[-1.99143,43.32315],[-1.99108,43.32315],[-1.99078,43.32317],[-1.99049,43.32316],[-1.99043,43.32316],[-1.99023,43.32317],[-1.98975,43.32328],[-1.98949,43.32336],[-1.98929,43.32342],[-1.98908,43.32351],[-1.98874,43.32364],[-1.9885,43.32374]]}},{"type":"Feature","properties":{"name":"Mollaerdia kalea","kind":"road","road":"pedestrian","osm":28181165},"geometry":{"type":"LineString","coordinates":[[-1.98735,43.32303],[-1.98751,43.32294],[-1.98821,43.3227],[-1.98856,43.32273]]}},{"type":"Feature","properties":{"name":"","kind":"park","road":"","osm":28196083},"geometry":{"type":"Polygon","coordinates":[[[-1.98132,43.32244],[-1.98143,43.3224],[-1.98135,43.32227],[-1.98123,43.32232],[-1.98132,43.32244]]]}},{"type":"Feature","properties":{"name":"","kind":"park","road":"","osm":28196084},"geometry":{"type":"Polygon","coordinates":[[[-1.98057,43.32138],[-1.98091,43.32187],[-1.98103,43.32182],[-1.98069,43.32134],[-1.98057,43.32138]]]}},{"type":"Feature","properties":{"name":"Xabier Zubiri plaza","kind":"park","road":"","osm":28211416},"geometry":{"type":"Polygon","coordinates":[[[-1.98471,43.31802],[-1.98463,43.31789],[-1.98497,43.31774],[-1.98483,43.3179],[-1.98471,43.31802]]]}},{"type":"Feature","properties":{"name":"","kind":"park","road":"","osm":28211467},"geometry":{"type":"Polygon","coordinates":[[[-1.98646,43.32161],[-1.98635,43.32146],[-1.986,43.32159],[-1.98611,43.32174],[-1.98646,43.32161]]]}},{"type":"Feature","properties":{"name":"","kind":"park","road":"","osm":28211485},"geometry":{"type":"Polygon","coordinates":[[[-1.98574,43.32188],[-1.98563,43.32173],[-1.98533,43.32184],[-1.98544,43.32199],[-1.98574,43.32188]]]}},{"type":"Feature","properties":{"name":"Askatasunaren hiribidea","kind":"road","road":"secondary","osm":30088220},"geometry":{"type":"LineString","coordinates":[[-1.9848,43.31825],[-1.98487,43.31833],[-1.98488,43.31837],[-1.98489,43.3184],[-1.98489,43.31844],[-1.98487,43.31847]]}},{"type":"Feature","properties":{"name":"","kind":"road","road":"pedestrian","osm":35815519},"geometry":{"type":"LineString","coordinates":[[-1.98677,43.32182],[-1.98672,43.32177],[-1.98661,43.32167],[-1.98657,43.32162]]}},{"type":"Feature","properties":{"name":"Kanpandegi kalea","kind":"road","road":"pedestrian","osm":37701262},"geometry":{"type":"LineString","coordinates":[[-1.98685,43.32316],[-1.98688,43.32321]]}},{"type":"Feature","properties":{"name":"Kanpandegi kalea","kind":"road","road":"pedestrian","osm":37701263},"geometry":{"type":"LineString","coordinates":[[-1.98664,43.32275],[-1.98685,43.32316]]}},{"type":"Feature","properties":{"name":"Sokamuturra kalexka","kind":"road","road":"pedestrian","osm":37701272},"geometry":{"type":"LineString","coordinates":[[-1.98639,43.32223],[-1.98673,43.32214]]}},{"type":"Feature","properties":{"name":"","kind":"park","road":"","osm":37701647},"geometry":{"type":"Polygon","coordinates":[[[-1.98504,43.32176],[-1.98493,43.3218],[-1.9851,43.32207],[-1.98517,43.32205],[-1.98504,43.32176]]]}},{"type":"Feature","properties":{"name":"","kind":"park","road":"","osm":37701648},"geometry":{"type":"Polygon","coordinates":[[[-1.98493,43.32188],[-1.98491,43.32185],[-1.9847,43.32193],[-1.98471,43.32196],[-1.98493,43.32188]]]}},{"type":"Feature","properties":{"name":"","kind":"park","road":"","osm":37701649},"geometry":{"type":"Polygon","coordinates":[[[-1.98466,43.32199],[-1.98463,43.32194],[-1.98436,43.32204],[-1.9844,43.32208],[-1.98466,43.32199]]]}},{"type":"Feature","properties":{"name":"","kind":"park","road":"","osm":37701650},"geometry":{"type":"Polygon","coordinates":[[[-1.9841,43.32213],[-1.98413,43.32217],[-1.98434,43.32218],[-1.98426,43.32207],[-1.9841,43.32213]]]}},{"type":"Feature","properties":{"name":"","kind":"park","road":"","osm":37701651},"geometry":{"type":"Polygon","coordinates":[[[-1.9841,43.3222],[-1.98403,43.32215],[-1.98392,43.32219],[-1.98394,43.32227],[-1.9841,43.3222]]]}},{"type":"Feature","properties":{"name":"","kind":"park","road":"","osm":37701652},"geometry":{"type":"Polygon","coordinates":[[[-1.98388,43.3222],[-1.98391,43.3223],[-1.98371,43.32234],[-1.98362,43.32229],[-1.98388,43.3222]]]}},{"type":"Feature","properties":{"name":"","kind":"park","road":"","osm":37701653},"geometry":{"type":"Polygon","coordinates":[[[-1.98341,43.32236],[-1.98343,43.32242],[-1.98366,43.32237],[-1.98353,43.32232],[-1.98341,43.32236]]]}},{"type":"Feature","properties":{"name":"","kind":"park","road":"","osm":37701654},"geometry":{"type":"Polygon","coordinates":[[[-1.98338,43.32248],[-1.98337,43.32238],[-1.98316,43.32246],[-1.98317,43.32252],[-1.98338,43.32248]]]}},{"type":"Feature","properties":{"name":"","kind":"park","road":"","osm":37701655},"geometry":{"type":"Polygon","coordinates":[[[-1.98312,43.32251],[-1.98287,43.32267],[-1.98284,43.32262],[-1.98283,43.32259],[-1.98312,43.32247],[-1.98312,43.32251]]]}},{"type":"Feature","properties":{"name":"Zurriolako zubia","kind":"road","road":"secondary","osm":37702912},"geometry":{"type":"LineString","coordinates":[[-1.98058,43.32326],[-1.97946,43.32368],[-1.97941,43.3237],[-1.97939,43.32371]]}},{"type":"Feature","properties":{"name":"Migel Muñoa plaza","kind":"road","road":"pedestrian","osm":37703005},"geometry":{"type":"LineString","coordinates":[[-1.98695,43.32262],[-1.98662,43.3227],[-1.98664,43.32275],[-1.9868,43.32271],[-1.98697,43.32267],[-1.98695,43.32262]]}},{"type":"Feature","properties":{"name":"","kind":"park","road":"","osm":38177175},"geometry":{"type":"Polygon","coordinates":[[[-1.97815,43.31223],[-1.97798,43.31224],[-1.97805,43.31179],[-1.97808,43.31179],[-1.97815,43.31223]]]}},{"type":"Feature","properties":{"name":"","kind":"park","road":"","osm":38177176},"geometry":{"type":"Polygon","coordinates":[[[-1.9782,43.31253],[-1.97818,43.31238],[-1.97811,43.31238],[-1.97813,43.31253],[-1.9782,43.31253]]]}},{"type":"Feature","properties":{"name":"","kind":"park","road":"","osm":38177177},"geometry":{"type":"Polygon","coordinates":[[[-1.97823,43.31276],[-1.97815,43.31276],[-1.97813,43.3126],[-1.9782,43.31259],[-1.97823,43.31276]]]}},{"type":"Feature","properties":{"name":"","kind":"park","road":"","osm":38177178},"geometry":{"type":"Polygon","coordinates":[[[-1.97823,43.31282],[-1.97819,43.31283],[-1.97819,43.31287],[-1.97815,43.31286],[-1.97815,43.31279],[-1.97823,43.31279],[-1.97823,43.31282]]]}},{"type":"Feature","properties":{"name":"","kind":"park","road":"","osm":38177179},"geometry":{"type":"Polygon","coordinates":[[[-1.9782,43.31329],[-1.97812,43.31328],[-1.97816,43.31296],[-1.97824,43.31296],[-1.9782,43.31329]]]}},{"type":"Feature","properties":{"name":"","kind":"park","road":"","osm":38177180},"geometry":{"type":"Polygon","coordinates":[[[-1.97819,43.31339],[-1.97811,43.31338],[-1.97812,43.31331],[-1.97819,43.31331],[-1.97819,43.31339]]]}},{"type":"Feature","properties":{"name":"","kind":"park","road":"","osm":38177181},"geometry":{"type":"Polygon","coordinates":[[[-1.97818,43.31342],[-1.9781,43.31341],[-1.97806,43.31373],[-1.97814,43.31374],[-1.97818,43.31342]]]}},{"type":"Feature","properties":{"name":"","kind":"park","road":"","osm":38177182},"geometry":{"type":"Polygon","coordinates":[[[-1.97812,43.31386],[-1.97804,43.31386],[-1.97801,43.31417],[-1.97808,43.31417],[-1.97812,43.31386]]]}},{"type":"Feature","properties":{"name":"","kind":"park","road":"","osm":38177183},"geometry":{"type":"Polygon","coordinates":[[[-1.97789,43.31381],[-1.97789,43.31376],[-1.97776,43.31375],[-1.97775,43.3138],[-1.97789,43.31381]]]}},{"type":"Feature","properties":{"name":"","kind":"park","road":"","osm":38177184},"geometry":{"type":"Polygon","coordinates":[[[-1.97806,43.31429],[-1.97807,43.31422],[-1.97801,43.31421],[-1.978,43.31428],[-1.97806,43.31429]]]}},{"type":"Feature","properties":{"name":"","kind":"park","road":"","osm":38177185},"geometry":{"type":"Polygon","coordinates":[[[-1.97806,43.31432],[-1.97799,43.31431],[-1.97794,43.31463],[-1.97802,43.31463],[-1.97806,43.31432]]]}},{"type":"Feature","properties":{"name":"","kind":"park","road":"","osm":38177186},"geometry":{"type":"Polygon","coordinates":[[[-1.97786,43.31473],[-1.97762,43.31472],[-1.97761,43.31478],[-1.97785,43.31479],[-1.97786,43.31473]]]}},{"type":"Feature","properties":{"name":"","kind":"park","road":"","osm":38177187},"geometry":{"type":"Polygon","coordinates":[[[-1.9779,43.31474],[-1.9779,43.3148],[-1.97792,43.3148],[-1.97789,43.3151],[-1.97796,43.3151],[-1.97799,43.31479],[-1.97794,43.31479],[-1.97794,43.31474],[-1.9779,43.31474]]]}},{"type":"Feature","properties":{"name":"","kind":"park","road":"","osm":38177188},"geometry":{"type":"Polygon","coordinates":[[[-1.97786,43.31467],[-1.97787,43.31461],[-1.97764,43.31459],[-1.97763,43.31466],[-1.97786,43.31467]]]}},{"type":"Feature","properties":{"name":"","kind":"park","road":"","osm":38177190},"geometry":{"type":"Polygon","coordinates":[[[-1.97795,43.31521],[-1.97795,43.31514],[-1.97788,43.31514],[-1.97788,43.31521],[-1.97795,43.31521]]]}},{"type":"Feature","properties":{"name":"","kind":"park","road":"","osm":38177191},"geometry":{"type":"Polygon","coordinates":[[[-1.97794,43.31524],[-1.97789,43.31556],[-1.97782,43.31556],[-1.97786,43.31524],[-1.97794,43.31524]]]}},{"type":"Feature","properties":{"name":"","kind":"park","road":"","osm":38177192},"geometry":{"type":"Polygon","coordinates":[[[-1.97763,43.31563],[-1.97764,43.31558],[-1.97751,43.31557],[-1.9775,43.31563],[-1.97763,43.31563]]]}},{"type":"Feature","properties":{"name":"","kind":"park","road":"","osm":38177193},"geometry":{"type":"Polygon","coordinates":[[[-1.97783,43.316],[-1.97776,43.316],[-1.9778,43.31568],[-1.97788,43.31568],[-1.97783,43.316]]]}},{"type":"Feature","properties":{"name":"","kind":"park","road":"","osm":38177194},"geometry":{"type":"Polygon","coordinates":[[[-1.97782,43.31611],[-1.97783,43.31603],[-1.97776,43.31603],[-1.97775,43.3161],[-1.97782,43.31611]]]}},{"type":"Feature","properties":{"name":"","kind":"park","road":"","osm":38177195},"geometry":{"type":"Polygon","coordinates":[[[-1.97782,43.31614],[-1.97775,43.31614],[-1.9777,43.31644],[-1.97777,43.31645],[-1.97782,43.31614]]]}},{"type":"Feature","properties":{"name":"Cristina Enea parkea putzua","kind":"water","road":"","osm":38756004},"geometry":{"type":"Polygon","coordinates":[[[-1.97577,43.31327],[-1.9759,43.31296],[-1.97602,43.31299],[-1.97581,43.31353],[-1.97561,43.31348],[-1.9757,43.31338],[-1.97577,43.31327]]]}},{"type":"Feature","properties":{"name":"Haizearen Orrazia","kind":"road","road":"pedestrian","osm":39244787},"geometry":{"type":"LineString","coordinates":[[-2.0057,43.32177],[-2.00562,43.32177],[-2.00507,43.32155],[-2.00484,43.32058],[-2.00489,43.32058],[-2.00502,43.32057],[-2.00514,43.3206],[-2.00518,43.32084],[-2.00529,43.32091],[-2.0053,43.32108],[-2.00538,43.32112],[-2.00538,43.3212],[-2.0053,43.32121],[-2.00528,43.32128],[-2.00549,43.32152],[-2.0057,43.32177]]}},{"type":"Feature","properties":{"name":"Arrandegi kalea","kind":"road","road":"pedestrian","osm":40529938},"geometry":{"type":"LineString","coordinates":[[-1.98451,43.32356],[-1.98423,43.32362]]}},{"type":"Feature","properties":{"name":"Arrandegi kalea","kind":"road","road":"pedestrian","osm":40529939},"geometry":{"type":"LineString","coordinates":[[-1.98423,43.32362],[-1.98366,43.32386],[-1.98338,43.32397]]}},{"type":"Feature","properties":{"name":"Errotaundieta plaza","kind":"road","road":"pedestrian","osm":42981970},"geometry":{"type":"LineString","coordinates":[[-2.00599,43.31119],[-2.00581,43.31128],[-2.00545,43.31146],[-2.0053,43.31131],[-2.00566,43.31113],[-2.00584,43.31104],[-2.00599,43.31119]]}},{"type":"Feature","properties":{"name":"Mentxu Gal Lorategiak","kind":"park","road":"","osm":44025707},"geometry":{"type":"Polygon","coordinates":[[[-1.98043,43.31141],[-1.98048,43.31164],[-1.9805,43.3118],[-1.98051,43.31201],[-1.98049,43.31212],[-1.98049,43.31215],[-1.98053,43.31217],[-1.98058,43.31215],[-1.98071,43.31202],[-1.98083,43.31189],[-1.98095,43.31172],[-1.98103,43.31158],[-1.98106,43.31146],[-1.98108,43.31133],[-1.98103,43.31134],[-1.98056,43.31139],[-1.98052,43.3114],[-1.98043,43.31141]]]}},{"type":"Feature","properties":{"name":"Mendeurren plaza","kind":"park","road":"","osm":44025708},"geometry":{"type":"Polygon","coordinates":[[[-1.98045,43.31277],[-1.98051,43.31241],[-1.98056,43.31236],[-1.98066,43.31242],[-1.98081,43.31264],[-1.98045,43.31277]]]}},{"type":"Feature","properties":{"name":"Antso Jakitunaren hiribidea","kind":"road","road":"secondary","osm":44025715},"geometry":{"type":"LineString","coordinates":[[-1.98015,43.31134],[-1.98015,43.31135],[-1.98016,43.31138],[-1.98017,43.31141],[-1.98026,43.31155],[-1.98028,43.31161],[-1.9803,43.31166],[-1.9803,43.31169],[-1.98031,43.31172],[-1.98031,43.31199]]}},{"type":"Feature","properties":{"name":"","kind":"water","road":"","osm":44076580},"geometry":{"type":"Polygon","coordinates":[[[-1.9823,43.32115],[-1.98225,43.32112],[-1.9822,43.32104],[-1.98215,43.32102],[-1.98209,43.32094],[-1.98205,43.32092],[-1.982,43.32096],[-1.98199,43.32102],[-1.98204,43.32106],[-1.98212,43.32107],[-1.98218,43.32107],[-1.98222,43.32113],[-1.98226,43.32117],[-1.98228,43.32121],[-1.98231,43.32124],[-1.98233,43.32129],[-1.98229,43.32132],[-1.98231,43.32135],[-1.98238,43.32134],[-1.98243,43.32133],[-1.98241,43.32129],[-1.98235,43.32124],[-1.9823,43.32115]]]}},{"type":"Feature","properties":{"name":"Mundaiz zubia","kind":"road","road":"tertiary","osm":44630940},"geometry":{"type":"LineString","coordinates":[[-1.97862,43.31156],[-1.97907,43.31152],[-1.97914,43.31151]]}},{"type":"Feature","properties":{"name":"Maria Kristina zubia","kind":"road","road":"tertiary","osm":44631031},"geometry":{"type":"LineString","coordinates":[[-1.97889,43.31738],[-1.97872,43.31737],[-1.97779,43.31732]]}},{"type":"Feature","properties":{"name":"Aingeru kalea","kind":"road","road":"pedestrian","osm":44631789},"geometry":{"type":"LineString","coordinates":[[-1.98704,43.3232],[-1.98701,43.32314],[-1.9868,43.32271]]}},{"type":"Feature","properties":{"name":"Foruen pasealekua","kind":"road","road":"secondary","osm":44631938},"geometry":{"type":"LineString","coordinates":[[-1.97918,43.31902],[-1.97917,43.31906],[-1.9791,43.31977],[-1.9791,43.31981],[-1.9791,43.31984],[-1.97911,43.31988],[-1.97924,43.32042],[-1.97925,43.32046]]}},{"type":"Feature","properties":{"name":"Easo kalea","kind":"road","road":"secondary","osm":44631940},"geometry":{"type":"LineString","coordinates":[[-1.98086,43.31262],[-1.98088,43.31266],[-1.98131,43.31327],[-1.98137,43.31335],[-1.98139,43.31338],[-1.98184,43.31403],[-1.98188,43.31408],[-1.98193,43.31415]]}},{"type":"Feature","properties":{"name":"","kind":"road","road":"pedestrian","osm":45145121},"geometry":{"type":"LineString","coordinates":[[-1.98952,43.32245],[-1.9894,43.32239]]}},{"type":"Feature","properties":{"name":"","kind":"park","road":"","osm":49806811},"geometry":{"type":"Polygon","coordinates":[[[-1.99323,43.3127],[-1.99304,43.31292],[-1.99349,43.3131],[-1.99355,43.31311],[-1.99364,43.31309],[-1.9937,43.31304],[-1.99373,43.31301],[-1.99375,43.31297],[-1.99375,43.31296],[-1.99372,43.31292],[-1.99364,43.31289],[-1.99346,43.31281],[-1.99323,43.3127]]]}},{"type":"Feature","properties":{"name":"","kind":"park","road":"","osm":49806920},"geometry":{"type":"Polygon","coordinates":[[[-1.99132,43.31461],[-1.99206,43.31449],[-1.99264,43.31443],[-1.99339,43.31441],[-1.99431,43.3144],[-1.99538,43.31439],[-1.99585,43.3144],[-1.99587,43.31439],[-1.99602,43.3144],[-1.99602,43.31443],[-1.99663,43.31454],[-1.99717,43.31465],[-1.99719,43.31462],[-1.99738,43.31467],[-1.99736,43.3147],[-1.99781,43.31483],[-1.99765,43.31468],[-1.99752,43.31462],[-1.99724,43.31454],[-1.99617,43.31435],[-1.99572,43.31432],[-1.99552,43.31431],[-1.99464,43.31431],[-1.99379,43.31431],[-1.99286,43.31434],[-1.99226,43.31437],[-1.99155,43.31453],[-1.99132,43.31461]]]}},{"type":"Feature","properties":{"name":"Ondarreta parkea","kind":"park","road":"","osm":50367416},"geometry":{"type":"Polygon","coordinates":[[[-2.00519,43.31759],[-2.00507,43.31759],[-2.00503,43.31753],[-2.00491,43.31743],[-2.00468,43.31728],[-2.00419,43.317],[-2.00379,43.3168],[-2.00325,43.31655],[-2.00269,43.31634],[-2.00235,43.31622],[-2.00162,43.31601],[-2.00128,43.31591],[-2.00088,43.31582],[-2.00045,43.31573],[-2.00046,43.31569],[-2.00076,43.31563],[-2.00086,43.3156],[-2.00102,43.31554],[-2.00109,43.31552],[-2.00118,43.31552],[-2.00128,43.31554],[-2.00152,43.31561],[-2.00176,43.31569],[-2.00224,43.31583],[-2.00278,43.316],[-2.00282,43.31601],[-2.00319,43.31612],[-2.00346,43.31621],[-2.00395,43.31636],[-2.004,43.31638],[-2.00441,43.31651],[-2.00444,43.31652],[-2.00446,43.31654],[-2.00453,43.31663],[-2.00462,43.31672],[-2.00469,43.31678],[-2.00476,43.31685],[-2.0049,43.317],[-2.005,43.31713],[-2.00509,43.31728],[-2.00517,43.31749],[-2.00519,43.31759]]]}},{"type":"Feature","properties":{"name":"","kind":"park","road":"","osm":52153052},"geometry":{"type":"Polygon","coordinates":[[[-1.99928,43.31545],[-1.99908,43.31541],[-1.99925,43.31541],[-1.99937,43.31541],[-1.99949,43.31539],[-1.99946,43.31546],[-1.9993,43.31543],[-1.99928,43.31545]]]}},{"type":"Feature","properties":{"name":"Urumea pasealekua","kind":"road","road":"pedestrian","osm":68869099},"geometry":{"type":"LineString","coordinates":[[-1.9777,43.31727],[-1.9777,43.31725],[-1.97771,43.31721],[-1.97779,43.31652],[-1.9778,43.31646],[-1.9778,43.31645],[-1.97797,43.31522],[-1.97803,43.31472],[-1.97815,43.31383],[-1.97821,43.3134],[-1.97826,43.31298],[-1.97826,43.31292],[-1.97826,43.31278],[-1.97823,43.31255],[-1.97819,43.31225],[-1.97809,43.31169],[-1.97809,43.31167],[-1.97809,43.31166]]}},{"type":"Feature","properties":{"name":"Parke kalea","kind":"road","road":"tertiary","osm":92674174},"geometry":{"type":"LineString","coordinates":[[-1.98042,43.31158],[-1.98039,43.31154],[-1.98036,43.31144],[-1.98035,43.31141],[-1.98033,43.31138],[-1.9803,43.31136],[-1.98027,43.31135],[-1.98023,43.31134],[-1.9802,43.31134],[-1.98015,43.31134]]}},{"type":"Feature","properties":{"name":"Arrasate kalea","kind":"road","road":"pedestrian","osm":156389608},"geometry":{"type":"LineString","coordinates":[[-1.98011,43.31884],[-1.98016,43.31883],[-1.98088,43.31855],[-1.98171,43.31825],[-1.98244,43.31797],[-1.98317,43.3177],[-1.98326,43.31766]]}},{"type":"Feature","properties":{"name":"Kirol portua","kind":"water","road":"","osm":157022675},"geometry":{"type":"Polygon","coordinates":[[[-1.98904,43.32258],[-1.98899,43.32271],[-1.98819,43.32262],[-1.98759,43.32284],[-1.98755,43.32286],[-1.9872,43.32209],[-1.98743,43.322],[-1.98745,43.32199],[-1.98912,43.32236],[-1.98908,43.32246],[-1.98904,43.32258]]]}},{"type":"Feature","properties":{"name":"Andia kalea","kind":"road","road":"pedestrian","osm":157023993},"geometry":{"type":"LineString","coordinates":[[-1.98313,43.32028],[-1.98306,43.32031],[-1.98232,43.32058]]}},{"type":"Feature","properties":{"name":"Urumea ibaia","kind":"river","road":"","osm":157768911},"geometry":{"type":"LineString","coordinates":[[-1.95548,43.29359],[-1.95566,43.29404],[-1.95582,43.29438],[-1.95604,43.29475],[-1.95639,43.29525],[-1.95644,43.29541],[-1.9565,43.29559],[-1.95651,43.29578],[-1.95651,43.29609],[-1.95649,43.29637],[-1.95642,43.2967],[-1.95634,43.29697],[-1.95624,43.29718],[-1.95613,43.29733],[-1.95596,43.29754],[-1.95579,43.29767],[-1.95557,43.29783],[-1.95525,43.29806],[-1.95503,43.29822],[-1.9541,43.2989],[-1.95375,43.29913],[-1.95366,43.29923],[-1.95358,43.29941],[-1.95354,43.29957],[-1.95357,43.29984],[-1.95364,43.30016],[-1.95365,43.30055],[-1.95362,43.3009],[-1.95349,43.30133],[-1.95346,43.30151],[-1.95346,43.30174],[-1.95368,43.30221],[-1.95392,43.3026],[-1.95417,43.303],[-1.9545,43.30339],[-1.95496,43.30385],[-1.95562,43.30436],[-1.95638,43.30485],[-1.95701,43.30523],[-1.95767,43.30548],[-1.95827,43.30564],[-1.95878,43.30577],[-1.95917,43.30585],[-1.95969,43.30591],[-1.96019,43.30595],[-1.96045,43.30595],[-1.96069,43.30594],[-1.96113,43.30589],[-1.96144,43.30582],[-1.96189,43.30574],[-1.96192,43.30574],[-1.96475,43.30533],[-1.96508,43.3054],[-1.96532,43.30552],[-1.96549,43.30568],[-1.96558,43.3061],[-1.96557,43.30686],[-1.96553,43.30785],[-1.96548,43.30844],[-1.96518,43.30921],[-1.96508,43.30946],[-1.96468,43.3104],[-1.96437,43.31134],[-1.96419,43.31186],[-1.96436,43.31227],[-1.96482,43.31289],[-1.96517,43.31307],[-1.96621,43.31364],[-1.96761,43.31414],[-1.96876,43.31427],[-1.97223,43.31441],[-1.97292,43.31428],[-1.97346,43.31403],[-1.97386,43.31372],[-1.97415,43.31328],[-1.97438,43.31276],[-1.97444,43.31229],[-1.97434,43.31033],[-1.97409,43.30915],[-1.97401,43.3084],[-1.97404,43.30818],[-1.97419,43.30797],[-1.97442,43.30778],[-1.97477,43.30762],[-1.97512,43.30754],[-1.9753,43.30751],[-1.97553,43.30747],[-1.97594,43.3075],[-1.97636,43.30759],[-1.97674,43.30776],[-1.97744,43.30825],[-1.97794,43.309],[-1.97848,43.31105],[-1.97874,43.31244],[-1.97877,43.31332],[-1.97838,43.31638]]}},{"type":"Feature","properties":{"name":"Urumea ibaia","kind":"river","road":"","osm":157768913},"geometry":{"type":"LineString","coordinates":[[-1.97838,43.31638],[-1.97801,43.31926],[-1.97807,43.32065],[-1.97886,43.32187],[-1.98004,43.32361],[-1.98242,43.32658]]}},{"type":"Feature","properties":{"name":"San Juan kalea","kind":"road","road":"pedestrian","osm":160344636},"geometry":{"type":"LineString","coordinates":[[-1.9837,43.32445],[-1.98352,43.32415],[-1.9835,43.32413],[-1.98338,43.32397],[-1.98314,43.32364],[-1.98314,43.32359],[-1.98311,43.32351],[-1.98301,43.32325],[-1.983,43.32322],[-1.98296,43.32309]]}},{"type":"Feature","properties":{"name":"","kind":"road","road":"pedestrian","osm":161591359},"geometry":{"type":"LineString","coordinates":[[-1.98615,43.32106],[-1.98593,43.32114],[-1.9859,43.32115],[-1.98586,43.32117],[-1.98563,43.32125],[-1.98557,43.32128],[-1.9855,43.3213],[-1.98527,43.32139],[-1.98524,43.3214],[-1.98521,43.32141],[-1.98507,43.32147],[-1.98515,43.32158],[-1.98524,43.32155],[-1.98526,43.32157],[-1.98544,43.32151],[-1.98542,43.32148],[-1.98556,43.32143],[-1.98554,43.32141],[-1.9856,43.32139],[-1.98561,43.32141],[-1.98572,43.32137],[-1.9857,43.32135],[-1.98576,43.32133],[-1.98577,43.32135],[-1.9859,43.3213],[-1.98592,43.32133],[-1.9861,43.32127],[-1.98607,43.32124],[-1.98617,43.3212],[-1.98622,43.32127],[-1.98623,43.32127],[-1.98629,43.32134],[-1.98627,43.32135],[-1.98632,43.32142],[-1.98636,43.32141],[-1.98615,43.32106]]}},{"type":"Feature","properties":{"name":"","kind":"park","road":"","osm":161927193},"geometry":{"type":"Polygon","coordinates":[[[-1.98145,43.32262],[-1.98156,43.32258],[-1.98148,43.32246],[-1.98136,43.3225],[-1.98145,43.32262]]]}},{"type":"Feature","properties":{"name":"","kind":"park","road":"","osm":161927194},"geometry":{"type":"Polygon","coordinates":[[[-1.98173,43.32269],[-1.9817,43.32266],[-1.98166,43.32265],[-1.9816,43.32264],[-1.98153,43.32265],[-1.98072,43.32295],[-1.9807,43.32297],[-1.9807,43.32299],[-1.98071,43.32302],[-1.98073,43.32304],[-1.98075,43.32305],[-1.98078,43.32305],[-1.98166,43.32282],[-1.98171,43.32279],[-1.98173,43.32276],[-1.98174,43.32272],[-1.98173,43.32269]]]}},{"type":"Feature","properties":{"name":"","kind":"park","road":"","osm":161927196},"geometry":{"type":"Polygon","coordinates":[[[-1.98072,43.32229],[-1.9807,43.32233],[-1.98066,43.32237],[-1.98061,43.32239],[-1.98055,43.3224],[-1.9805,43.3224],[-1.98046,43.32238],[-1.98041,43.32238],[-1.98037,43.32236],[-1.98035,43.32234],[-1.98035,43.32231],[-1.98037,43.32229],[-1.98039,43.32224],[-1.98043,43.3222],[-1.98047,43.32218],[-1.98053,43.32217],[-1.98059,43.32217],[-1.98065,43.32219],[-1.9807,43.32219],[-1.98074,43.3222],[-1.98075,43.32224],[-1.98074,43.32227],[-1.98072,43.32229]]]}},{"type":"Feature","properties":{"name":"","kind":"park","road":"","osm":161927198},"geometry":{"type":"Polygon","coordinates":[[[-1.98102,43.32217],[-1.98094,43.32205],[-1.98098,43.32203],[-1.98098,43.32202],[-1.98098,43.322],[-1.98096,43.32198],[-1.98092,43.32197],[-1.98089,43.32198],[-1.98087,43.32201],[-1.98087,43.32202],[-1.98088,43.32204],[-1.98082,43.32206],[-1.98081,43.32205],[-1.98079,43.32204],[-1.98076,43.32203],[-1.98073,43.32204],[-1.98071,43.32207],[-1.98071,43.32209],[-1.98072,43.3221],[-1.98074,43.32211],[-1.98077,43.32211],[-1.98081,43.32211],[-1.98089,43.32223],[-1.98087,43.32224],[-1.98085,43.32225],[-1.98085,43.32228],[-1.98086,43.3223],[-1.98088,43.32231],[-1.98092,43.32231],[-1.98094,43.3223],[-1.98096,43.32229],[-1.98096,43.32228],[-1.98096,43.32226],[-1.98095,43.32225],[-1.98097,43.32224],[-1.98095,43.32221],[-1.98098,43.3222],[-1.981,43.32223],[-1.98102,43.32223],[-1.98103,43.32225],[-1.98107,43.32225],[-1.98111,43.32224],[-1.98112,43.32222],[-1.98112,43.32219],[-1.9811,43.32218],[-1.98107,43.32217],[-1.98104,43.32217],[-1.98102,43.32217]]]}},{"type":"Feature","properties":{"name":"","kind":"park","road":"","osm":161927199},"geometry":{"type":"Polygon","coordinates":[[[-1.97976,43.3215],[-1.97951,43.32115],[-1.9795,43.32111],[-1.97951,43.32107],[-1.97954,43.32105],[-1.97958,43.32103],[-1.97963,43.32104],[-1.97969,43.32106],[-1.98008,43.32138],[-1.97976,43.3215]]]}},{"type":"Feature","properties":{"name":"Espainia plaza","kind":"park","road":"","osm":161927200},"geometry":{"type":"Polygon","coordinates":[[[-1.9794,43.32079],[-1.97918,43.32088],[-1.97914,43.32081],[-1.97916,43.32075],[-1.97938,43.32067],[-1.97946,43.32073],[-1.9794,43.32079]]]}},{"type":"Feature","properties":{"name":"Mirakruz kalea","kind":"road","road":"secondary","osm":164618236},"geometry":{"type":"LineString","coordinates":[[-1.97716,43.32138],[-1.97702,43.32144],[-1.97698,43.32146],[-1.97684,43.32151],[-1.9767,43.32155],[-1.97666,43.32157],[-1.97656,43.32159]]}},{"type":"Feature","properties":{"name":"Gernikako Arbola pasealekua","kind":"road","road":"secondary","osm":164618244},"geometry":{"type":"LineString","coordinates":[[-1.97891,43.31828],[-1.97889,43.31852],[-1.97887,43.31863],[-1.97885,43.31877]]}},{"type":"Feature","properties":{"name":"Igeldo pasealekua","kind":"road","road":"tertiary","osm":168045909},"geometry":{"type":"LineString","coordinates":[[-2.00678,43.31529],[-2.00697,43.31519],[-2.00718,43.31506]]}},{"type":"Feature","properties":{"name":"Pinudi plaza","kind":"road","road":"pedestrian","osm":172358764},"geometry":{"type":"LineString","coordinates":[[-1.97553,43.32188],[-1.97541,43.32191],[-1.97482,43.32204],[-1.97478,43.32205],[-1.97488,43.32231],[-1.97491,43.32229],[-1.97526,43.32206],[-1.97545,43.32194],[-1.97553,43.32188]]}},{"type":"Feature","properties":{"name":"Camino kalea","kind":"road","road":"pedestrian","osm":172586999},"geometry":{"type":"LineString","coordinates":[[-1.98074,43.32118],[-1.98035,43.32132],[-1.9803,43.32133],[-1.98024,43.32132]]}},{"type":"Feature","properties":{"name":"","kind":"park","road":"","osm":172593492},"geometry":{"type":"Polygon","coordinates":[[[-1.97552,43.31933],[-1.97503,43.31926],[-1.97498,43.31945],[-1.97513,43.31947],[-1.97538,43.3195],[-1.97547,43.31951],[-1.97552,43.31933]]]}},{"type":"Feature","properties":{"name":"","kind":"park","road":"","osm":172593494},"geometry":{"type":"Polygon","coordinates":[[[-1.97562,43.31889],[-1.97516,43.31883],[-1.9751,43.31908],[-1.97512,43.31908],[-1.97556,43.31914],[-1.97562,43.31889]]]}},{"type":"Feature","properties":{"name":"","kind":"park","road":"","osm":172711859},"geometry":{"type":"Polygon","coordinates":[[[-1.97534,43.3203],[-1.97528,43.32035],[-1.97518,43.32031],[-1.97517,43.32037],[-1.97539,43.32041],[-1.97539,43.32043],[-1.97553,43.32046],[-1.97555,43.32039],[-1.97534,43.3203]]]}},{"type":"Feature","properties":{"name":"","kind":"park","road":"","osm":172711860},"geometry":{"type":"Polygon","coordinates":[[[-1.97518,43.32015],[-1.97497,43.32005],[-1.97476,43.32031],[-1.97511,43.32036],[-1.97518,43.32015]]]}},{"type":"Feature","properties":{"name":"","kind":"water","road":"","osm":172711861},"geometry":{"type":"Polygon","coordinates":[[[-1.9755,43.31999],[-1.97548,43.32008],[-1.97542,43.32015],[-1.97503,43.31996],[-1.97507,43.31992],[-1.9755,43.31999]]]}},{"type":"Feature","properties":{"name":"","kind":"park","road":"","osm":172712166},"geometry":{"type":"Polygon","coordinates":[[[-1.97579,43.32077],[-1.97568,43.32078],[-1.97566,43.32085],[-1.97563,43.32085],[-1.97568,43.32065],[-1.97572,43.3206],[-1.97578,43.3206],[-1.97585,43.32052],[-1.97611,43.32063],[-1.97605,43.3207],[-1.97588,43.32066],[-1.97579,43.32077]]]}},{"type":"Feature","properties":{"name":"","kind":"park","road":"","osm":172712168},"geometry":{"type":"Polygon","coordinates":[[[-1.97651,43.32076],[-1.97609,43.32082],[-1.97608,43.32075],[-1.97624,43.32065],[-1.97653,43.32071],[-1.97651,43.32076]]]}},{"type":"Feature","properties":{"name":"Jacques Cousteau plaza","kind":"road","road":"pedestrian","osm":172722746},"geometry":{"type":"LineString","coordinates":[[-1.99272,43.32351],[-1.99276,43.3235],[-1.99287,43.32348],[-1.9929,43.32348],[-1.99293,43.32347],[-1.99302,43.32344],[-1.9927,43.32317],[-1.99264,43.32298],[-1.99238,43.32285],[-1.99211,43.32276],[-1.99209,43.3229],[-1.99208,43.32295],[-1.99208,43.32296],[-1.99207,43.32298],[-1.99211,43.32299],[-1.99213,43.323],[-1.99239,43.32309],[-1.99243,43.32308],[-1.99249,43.32322],[-1.9925,43.32324],[-1.99251,43.32327],[-1.99267,43.32342],[-1.99272,43.32351]]}},{"type":"Feature","properties":{"name":"","kind":"water","road":"","osm":174005144},"geometry":{"type":"Polygon","coordinates":[[[-2.00682,43.31373],[-2.00679,43.31379],[-2.00674,43.31384],[-2.00668,43.31388],[-2.0066,43.31391],[-2.00653,43.31393],[-2.00646,43.31392],[-2.00644,43.31389],[-2.00645,43.31385],[-2.00648,43.31382],[-2.00654,43.31381],[-2.00661,43.31379],[-2.00667,43.31375],[-2.00672,43.3137],[-2.00673,43.31364],[-2.00673,43.3136],[-2.00675,43.31357],[-2.00681,43.31354],[-2.00684,43.31361],[-2.00684,43.31367],[-2.00682,43.31373]]]}},{"type":"Feature","properties":{"name":"Plaza Oñati","kind":"park","road":"","osm":174010735},"geometry":{"type":"Polygon","coordinates":[[[-2.01005,43.3114],[-2.00996,43.31135],[-2.00989,43.31138],[-2.00986,43.31135],[-2.00945,43.31155],[-2.00953,43.31164],[-2.00959,43.31166],[-2.00965,43.31169],[-2.00968,43.31173],[-2.0097,43.31178],[-2.0097,43.31182],[-2.00986,43.312],[-2.01028,43.31179],[-2.0102,43.31155],[-2.01005,43.3114]]]}},{"type":"Feature","properties":{"name":"Jose Maria Sert plaza","kind":"road","road":"pedestrian","osm":174012395},"geometry":{"type":"LineString","coordinates":[[-2.00705,43.31012],[-2.00699,43.31015],[-2.00649,43.3104],[-2.006,43.31065],[-2.00598,43.31066],[-2.00593,43.31068]]}},{"type":"Feature","properties":{"name":"Aldapeta galtzada","kind":"road","road":"tertiary","osm":174117097},"geometry":{"type":"LineString","coordinates":[[-1.98584,43.31496],[-1.98588,43.31496],[-1.98592,43.31495],[-1.98598,43.31493],[-1.98604,43.31491],[-1.98608,43.31489],[-1.98621,43.31482],[-1.98634,43.31474],[-1.98653,43.31464],[-1.98661,43.31461],[-1.98666,43.31459],[-1.98671,43.31457],[-1.98684,43.31453],[-1.98708,43.31448],[-1.98742,43.31443],[-1.98778,43.31438],[-1.98832,43.31429],[-1.98883,43.31416],[-1.9894,43.31402],[-1.98986,43.31391],[-1.99002,43.31387],[-1.99015,43.31381],[-1.99025,43.31372],[-1.99033,43.31363],[-1.99038,43.31351],[-1.99041,43.31337],[-1.99039,43.31321],[-1.99038,43.31312],[-1.99029,43.31293],[-1.99018,43.31277],[-1.98988,43.31236],[-1.9897,43.3121],[-1.98952,43.31178],[-1.98939,43.31148],[-1.98935,43.31139],[-1.98935,43.31128],[-1.98937,43.31121],[-1.98938,43.31115],[-1.98943,43.31106]]}},{"type":"Feature","properties":{"name":"Kaimingaintxo plaza","kind":"road","road":"pedestrian","osm":174989961},"geometry":{"type":"LineString","coordinates":[[-1.9879,43.32361],[-1.98758,43.32305],[-1.98735,43.32303]]}},{"type":"Feature","properties":{"name":"","kind":"road","road":"pedestrian","osm":176808809},"geometry":{"type":"LineString","coordinates":[[-1.97663,43.3233],[-1.97629,43.32305]]}},{"type":"Feature","properties":{"name":"Irutxulo pasealekua","kind":"road","road":"secondary","osm":177715106},"geometry":{"type":"LineString","coordinates":[[-1.99964,43.31533],[-1.99957,43.31539],[-1.99955,43.31544],[-1.99955,43.31548],[-1.99956,43.3155],[-1.99958,43.31553],[-1.99962,43.31555]]}},{"type":"Feature","properties":{"name":"Bigarren mendeurrenaren plaza","kind":"road","road":"pedestrian","osm":177720282},"geometry":{"type":"LineString","coordinates":[[-1.99673,43.31482],[-1.9967,43.31481],[-1.99668,43.31484],[-1.99664,43.31485],[-1.99661,43.31484],[-1.99658,43.31482],[-1.99658,43.31479],[-1.99641,43.31476],[-1.99639,43.31479],[-1.99636,43.31479],[-1.99631,43.31479],[-1.99629,43.31476],[-1.99629,43.31474],[-1.99626,43.31474],[-1.99626,43.31472],[-1.99624,43.31468],[-1.99621,43.31466],[-1.99622,43.31464],[-1.99656,43.3147],[-1.99684,43.31476],[-1.99683,43.31478],[-1.99678,43.31478],[-1.99675,43.3148],[-1.99673,43.31482]]}},{"type":"Feature","properties":{"name":"","kind":"road","road":"pedestrian","osm":177725341},"geometry":{"type":"LineString","coordinates":[[-1.98695,43.31673],[-1.98683,43.31665],[-1.98676,43.3166],[-1.98648,43.31641]]}},{"type":"Feature","properties":{"name":"Rafael Munoa","kind":"road","road":"pedestrian","osm":177725350},"geometry":{"type":"LineString","coordinates":[[-1.98579,43.31779],[-1.98565,43.31773],[-1.98557,43.31769],[-1.98523,43.31752]]}},{"type":"Feature","properties":{"name":"Mirafloresko Markesa","kind":"road","road":"pedestrian","osm":177725351},"geometry":{"type":"LineString","coordinates":[[-1.98632,43.31725],[-1.98619,43.31718],[-1.98612,43.31714],[-1.9858,43.31697]]}},{"type":"Feature","properties":{"name":"","kind":"road","road":"pedestrian","osm":177725359},"geometry":{"type":"LineString","coordinates":[[-1.98716,43.3159],[-1.98719,43.31593],[-1.98722,43.31595],[-1.98743,43.31611],[-1.9875,43.31616],[-1.98763,43.31624]]}},{"type":"Feature","properties":{"name":"","kind":"park","road":"","osm":177856226},"geometry":{"type":"Polygon","coordinates":[[[-2.00029,43.31555],[-2.00041,43.31551],[-2.00052,43.31549],[-2.0006,43.31547],[-2.00065,43.31546],[-2.00068,43.31542],[-2.00067,43.31539],[-2.00064,43.31536],[-2.00053,43.31533],[-2.00051,43.3153],[-2.00038,43.31526],[-2.00035,43.3153],[-2.00033,43.31529],[-2.00021,43.31532],[-2.00012,43.31532],[-2.00012,43.31531],[-2.00021,43.31531],[-2.00031,43.31529],[-2.00031,43.31527],[-2.00012,43.31523],[-2.00004,43.31526],[-2.0001,43.31531],[-1.99997,43.31539],[-1.9999,43.31532],[-1.9997,43.31541],[-1.99962,43.3155],[-1.99967,43.31552],[-1.99974,43.31554],[-1.99996,43.31555],[-2.00021,43.31556],[-2.00029,43.31555]]]}},{"type":"Feature","properties":{"name":"","kind":"water","road":"","osm":179250496},"geometry":{"type":"Polygon","coordinates":[[[-2.01069,43.3209],[-2.01065,43.32092],[-2.0106,43.32092],[-2.01055,43.32089],[-2.01047,43.32084],[-2.01044,43.32081],[-2.01042,43.32079],[-2.01041,43.32077],[-2.01041,43.32075],[-2.01041,43.32074],[-2.01041,43.32072],[-2.01043,43.32071],[-2.01047,43.32069],[-2.0105,43.32069],[-2.01053,43.32069],[-2.01054,43.3207],[-2.01058,43.32072],[-2.0106,43.32072],[-2.01061,43.32072],[-2.01065,43.32072],[-2.01069,43.32072],[-2.0107,43.32073],[-2.0107,43.32074],[-2.0107,43.32075],[-2.01072,43.32075],[-2.01071,43.32088],[-2.0107,43.32089],[-2.01069,43.3209]]]}},{"type":"Feature","properties":{"name":"Urumea terraza","kind":"road","road":"pedestrian","osm":182552761},"geometry":{"type":"LineString","coordinates":[[-1.9798,43.32449],[-1.97967,43.32447],[-1.97925,43.32485],[-1.97919,43.3249],[-1.97917,43.32491],[-1.97924,43.32495],[-1.97925,43.32499],[-1.97929,43.32499],[-1.97935,43.32499],[-1.9801,43.32496],[-1.98002,43.32485],[-1.98004,43.32484],[-1.98005,43.32483],[-1.9798,43.32449]]}},{"type":"Feature","properties":{"name":"Erizain plaza","kind":"road","road":"pedestrian","osm":182552762},"geometry":{"type":"LineString","coordinates":[[-1.9779,43.3249],[-1.97837,43.32489],[-1.97835,43.32468],[-1.97854,43.32459],[-1.97869,43.32452],[-1.97925,43.32485],[-1.97919,43.3249],[-1.97917,43.32491],[-1.97924,43.32495],[-1.97791,43.32501],[-1.9779,43.32496],[-1.9779,43.3249]]}},{"type":"Feature","properties":{"name":"Ibai Misteriotsua","kind":"river","road":"","osm":182573253},"geometry":{"type":"LineString","coordinates":[[-2.00931,43.32196],[-2.00925,43.32196],[-2.00919,43.32195],[-2.00908,43.32192],[-2.009,43.32188],[-2.00891,43.32183],[-2.00885,43.32178],[-2.00881,43.32173],[-2.00878,43.3217],[-2.00874,43.32168],[-2.00873,43.32166],[-2.00873,43.32165],[-2.00874,43.32163],[-2.00878,43.32162],[-2.0088,43.32162],[-2.00883,43.32164],[-2.00893,43.32175],[-2.00898,43.3218],[-2.00903,43.32183],[-2.00908,43.32185],[-2.00914,43.32187],[-2.00922,43.32189],[-2.00928,43.3219],[-2.00931,43.32191]]}},{"type":"Feature","properties":{"name":"","kind":"coast","road":"","osm":183242121},"geometry":{"type":"LineString","coordinates":[[-1.99309,43.32371],[-1.99297,43.32353],[-1.99326,43.32345],[-1.99309,43.32342],[-1.99276,43.32314],[-1.99264,43.32298],[-1.99238,43.32285],[-1.99211,43.32276],[-1.99201,43.3226],[-1.99171,43.32248],[-1.99044,43.32231],[-1.99034,43.32236],[-1.99018,43.32234],[-1.99015,43.32234],[-1.99013,43.32237],[-1.99014,43.32241],[-1.99018,43.32243],[-1.99046,43.32249],[-1.99103,43.32258],[-1.99097,43.32276],[-1.99071,43.32272],[-1.99066,43.32286],[-1.99062,43.32288],[-1.98959,43.32303],[-1.98935,43.32307],[-1.98926,43.32309],[-1.98857,43.32333],[-1.9885,43.32341],[-1.9882,43.32351],[-1.98784,43.32291],[-1.98786,43.3229],[-1.98821,43.32277],[-1.98844,43.32279],[-1.98854,43.3228],[-1.98959,43.32289],[-1.98964,43.32288],[-1.98965,43.32284],[-1.98964,43.32282],[-1.98961,43.3228],[-1.98923,43.32272],[-1.98927,43.32262],[-1.98904,43.32258],[-1.98899,43.32271],[-1.98819,43.32262],[-1.98759,43.32284],[-1.98755,43.32286],[-1.9872,43.32209],[-1.98743,43.322],[-1.98745,43.32199],[-1.98912,43.32236],[-1.98908,43.32246],[-1.98932,43.32251],[-1.98936,43.32242],[-1.9899,43.32254],[-1.98994,43.32253],[-1.98994,43.3225],[-1.98991,43.32246],[-1.98984,43.32244],[-1.98969,43.3224],[-1.98958,43.32237],[-1.98951,43.32225],[-1.9882,43.32191],[-1.98771,43.32183],[-1.98734,43.32182],[-1.98714,43.32177],[-1.98715,43.32171],[-1.987,43.32168]]}},{"type":"Feature","properties":{"name":"La Terraza del Náutico","kind":"road","road":"pedestrian","osm":183246596},"geometry":{"type":"LineString","coordinates":[[-1.98725,43.32186],[-1.98681,43.32176],[-1.98676,43.32173],[-1.98664,43.32167],[-1.98679,43.3216],[-1.98686,43.3216],[-1.987,43.32168],[-1.98715,43.32171],[-1.98714,43.32177],[-1.98726,43.32182],[-1.98725,43.32186]]}},{"type":"Feature","properties":{"name":"Euskadi plaza","kind":"road","road":"secondary","osm":183363937},"geometry":{"type":"LineString","coordinates":[[-1.97716,43.32138],[-1.97709,43.32129]]}},{"type":"Feature","properties":{"name":"Askatasunaren hiribidea","kind":"road","road":"secondary","osm":183363942},"geometry":{"type":"LineString","coordinates":[[-1.98317,43.31913],[-1.98308,43.31916],[-1.98265,43.31932],[-1.98259,43.31934],[-1.9825,43.31938]]}},{"type":"Feature","properties":{"name":"Hernani kalea","kind":"road","road":"secondary","osm":183365097},"geometry":{"type":"LineString","coordinates":[[-1.98388,43.32001],[-1.98385,43.31996],[-1.98336,43.31927],[-1.98334,43.31924],[-1.98333,43.31923],[-1.98328,43.31916]]}},{"type":"Feature","properties":{"name":"San Martin kalea","kind":"road","road":"tertiary","osm":183365098},"geometry":{"type":"LineString","coordinates":[[-1.97925,43.3185],[-1.97911,43.31855]]}},{"type":"Feature","properties":{"name":"Erregina Erregeordearen kalea","kind":"road","road":"secondary","osm":183433494},"geometry":{"type":"LineString","coordinates":[[-1.98101,43.32309],[-1.9817,43.32291],[-1.98177,43.32288],[-1.98184,43.32284]]}},{"type":"Feature","properties":{"name":"","kind":"park","road":"","osm":183791480},"geometry":{"type":"Polygon","coordinates":[[[-1.98473,43.32066],[-1.98465,43.32053],[-1.9845,43.32059],[-1.98458,43.32071],[-1.98473,43.32066]]]}},{"type":"Feature","properties":{"name":"","kind":"park","road":"","osm":183791481},"geometry":{"type":"Polygon","coordinates":[[[-1.98479,43.32073],[-1.98464,43.32079],[-1.98473,43.32092],[-1.98487,43.32086],[-1.98479,43.32073]]]}},{"type":"Feature","properties":{"name":"","kind":"park","road":"","osm":183791482},"geometry":{"type":"Polygon","coordinates":[[[-1.98508,43.32037],[-1.98493,43.32043],[-1.98497,43.32049],[-1.985,43.32049],[-1.98503,43.32049],[-1.98506,43.32049],[-1.98509,43.3205],[-1.98511,43.32052],[-1.98516,43.3205],[-1.98508,43.32037]]]}},{"type":"Feature","properties":{"name":"","kind":"park","road":"","osm":183791483},"geometry":{"type":"Polygon","coordinates":[[[-1.98524,43.32099],[-1.9853,43.32097],[-1.98526,43.32093],[-1.9852,43.32095],[-1.98524,43.32099]]]}},{"type":"Feature","properties":{"name":"","kind":"park","road":"","osm":183791484},"geometry":{"type":"Polygon","coordinates":[[[-1.98531,43.3207],[-1.98516,43.32075],[-1.98512,43.3207],[-1.98514,43.32068],[-1.98515,43.32067],[-1.98517,43.32065],[-1.98517,43.32063],[-1.98517,43.32061],[-1.98517,43.32059],[-1.98521,43.32057],[-1.98531,43.3207]]]}},{"type":"Feature","properties":{"name":"","kind":"park","road":"","osm":183791486},"geometry":{"type":"Polygon","coordinates":[[[-1.98439,43.32007],[-1.98453,43.32002],[-1.9848,43.3204],[-1.98471,43.32044],[-1.98463,43.32032],[-1.98458,43.32034],[-1.98439,43.32007]]]}},{"type":"Feature","properties":{"name":"","kind":"park","road":"","osm":183791487},"geometry":{"type":"Polygon","coordinates":[[[-1.98534,43.32076],[-1.9852,43.32081],[-1.98525,43.32087],[-1.9853,43.32085],[-1.98533,43.3209],[-1.98542,43.32086],[-1.98534,43.32076]]]}},{"type":"Feature","properties":{"name":"","kind":"park","road":"","osm":183791488},"geometry":{"type":"Polygon","coordinates":[[[-1.98484,43.32108],[-1.98499,43.32102],[-1.98491,43.32092],[-1.98477,43.32097],[-1.98484,43.32108]]]}},{"type":"Feature","properties":{"name":"","kind":"park","road":"","osm":183791489},"geometry":{"type":"Polygon","coordinates":[[[-1.98433,43.3201],[-1.98452,43.32036],[-1.98448,43.32038],[-1.98456,43.3205],[-1.98446,43.32054],[-1.98419,43.32015],[-1.98433,43.3201]]]}},{"type":"Feature","properties":{"name":"","kind":"park","road":"","osm":183791490},"geometry":{"type":"Polygon","coordinates":[[[-1.98496,43.32125],[-1.9851,43.32119],[-1.98503,43.32108],[-1.98488,43.32114],[-1.98496,43.32125]]]}},{"type":"Feature","properties":{"name":"","kind":"park","road":"","osm":183791491},"geometry":{"type":"Polygon","coordinates":[[[-1.98485,43.32046],[-1.9847,43.32051],[-1.98479,43.32064],[-1.98483,43.32062],[-1.98483,43.3206],[-1.98484,43.32057],[-1.98486,43.32055],[-1.98487,43.32053],[-1.98489,43.32052],[-1.98485,43.32046]]]}},{"type":"Feature","properties":{"name":"","kind":"park","road":"","osm":183791492},"geometry":{"type":"Polygon","coordinates":[[[-1.98531,43.32111],[-1.98516,43.32117],[-1.98509,43.32106],[-1.98517,43.32103],[-1.98521,43.32107],[-1.98527,43.32105],[-1.98531,43.32111]]]}},{"type":"Feature","properties":{"name":"","kind":"park","road":"","osm":183791493},"geometry":{"type":"Polygon","coordinates":[[[-1.9846,43.32038],[-1.98463,43.32043],[-1.98459,43.32045],[-1.98455,43.3204],[-1.9846,43.32038]]]}},{"type":"Feature","properties":{"name":"","kind":"park","road":"","osm":183791494},"geometry":{"type":"Polygon","coordinates":[[[-1.98507,43.32057],[-1.98509,43.32059],[-1.98509,43.32061],[-1.98508,43.32063],[-1.98507,43.32065],[-1.98505,43.32066],[-1.98503,43.32067],[-1.985,43.32067],[-1.98497,43.32067],[-1.98495,43.32066],[-1.98493,43.32064],[-1.98492,43.32062],[-1.98492,43.3206],[-1.98493,43.32058],[-1.98494,43.32056],[-1.98497,43.32055],[-1.985,43.32055],[-1.98502,43.32055],[-1.98505,43.32056],[-1.98507,43.32057]]]}},{"type":"Feature","properties":{"name":"","kind":"park","road":"","osm":183791495},"geometry":{"type":"Polygon","coordinates":[[[-1.98554,43.32103],[-1.98539,43.32108],[-1.98534,43.32102],[-1.98541,43.321],[-1.98537,43.32095],[-1.98546,43.32092],[-1.98554,43.32103]]]}},{"type":"Feature","properties":{"name":"","kind":"park","road":"","osm":183791496},"geometry":{"type":"Polygon","coordinates":[[[-1.98508,43.32078],[-1.98493,43.32084],[-1.98484,43.32071],[-1.98489,43.3207],[-1.9849,43.32071],[-1.98492,43.32072],[-1.98495,43.32073],[-1.98498,43.32073],[-1.98501,43.32073],[-1.98504,43.32072],[-1.98508,43.32078]]]}},{"type":"Feature","properties":{"name":"","kind":"park","road":"","osm":183791497},"geometry":{"type":"Polygon","coordinates":[[[-1.98505,43.321],[-1.98497,43.3209],[-1.98512,43.32084],[-1.98517,43.3209],[-1.9851,43.32093],[-1.98513,43.32097],[-1.98505,43.321]]]}},{"type":"Feature","properties":{"name":"","kind":"park","road":"","osm":183795258},"geometry":{"type":"Polygon","coordinates":[[[-1.98477,43.31905],[-1.98475,43.31912],[-1.98467,43.31911],[-1.9847,43.31904],[-1.98477,43.31905]]]}},{"type":"Feature","properties":{"name":"","kind":"park","road":"","osm":183795259},"geometry":{"type":"Polygon","coordinates":[[[-1.98474,43.31945],[-1.98463,43.31949],[-1.98471,43.31961],[-1.98476,43.31959],[-1.98476,43.31956],[-1.98478,43.31956],[-1.98476,43.3195],[-1.98474,43.31945]]]}},{"type":"Feature","properties":{"name":"","kind":"park","road":"","osm":183795263},"geometry":{"type":"Polygon","coordinates":[[[-1.98443,43.31896],[-1.98443,43.31899],[-1.98444,43.31903],[-1.98472,43.31941],[-1.98461,43.31945],[-1.98427,43.31897],[-1.98431,43.31895],[-1.98435,43.319],[-1.98443,43.31896]]]}},{"type":"Feature","properties":{"name":"","kind":"park","road":"","osm":183795264},"geometry":{"type":"Polygon","coordinates":[[[-1.98475,43.3194],[-1.98475,43.31938],[-1.98475,43.31935],[-1.98448,43.31899],[-1.98447,43.31898],[-1.98445,43.31897],[-1.98446,43.31899],[-1.98447,43.31902],[-1.98475,43.3194]]]}},{"type":"Feature","properties":{"name":"Kontxa pasealekua","kind":"road","road":"pedestrian","osm":183796100},"geometry":{"type":"LineString","coordinates":[[-1.98617,43.32097],[-1.98616,43.32094]]}},{"type":"Feature","properties":{"name":"Kontxa pasealekua","kind":"road","road":"pedestrian","osm":183797748},"geometry":{"type":"LineString","coordinates":[[-1.98836,43.31578],[-1.98833,43.31575],[-1.98822,43.31566],[-1.98817,43.31561],[-1.98748,43.31608],[-1.98743,43.31611],[-1.98738,43.31614],[-1.9868,43.31657],[-1.98676,43.3166],[-1.98672,43.31663],[-1.98615,43.3171],[-1.98613,43.31712],[-1.98612,43.31714],[-1.98609,43.31716],[-1.98561,43.31765],[-1.98557,43.31769],[-1.98553,43.31773],[-1.98509,43.31827],[-1.98513,43.31829],[-1.98517,43.31831],[-1.98518,43.31831],[-1.98534,43.31838],[-1.98537,43.3184],[-1.98551,43.31821],[-1.98557,43.31813],[-1.98568,43.31798],[-1.98586,43.31776],[-1.98627,43.31735],[-1.98657,43.31709],[-1.98659,43.3171],[-1.98661,43.31712],[-1.9867,43.31709],[-1.98682,43.31698],[-1.98684,43.31692],[-1.98682,43.31691],[-1.9868,43.3169],[-1.98711,43.31666],[-1.98836,43.31578]]}},{"type":"Feature","properties":{"name":"","kind":"park","road":"","osm":183921986},"geometry":{"type":"Polygon","coordinates":[[[-1.97541,43.32072],[-1.97547,43.32067],[-1.97553,43.32046],[-1.97535,43.32064],[-1.97528,43.32063],[-1.97526,43.32071],[-1.97541,43.32072]]]}},{"type":"Feature","properties":{"name":"","kind":"park","road":"","osm":183921988},"geometry":{"type":"Polygon","coordinates":[[[-1.97519,43.32078],[-1.9751,43.32077],[-1.97507,43.32087],[-1.97499,43.32086],[-1.97498,43.32091],[-1.97502,43.32095],[-1.97519,43.32078]]]}},{"type":"Feature","properties":{"name":"","kind":"park","road":"","osm":184008352},"geometry":{"type":"Polygon","coordinates":[[[-1.9895,43.31511],[-1.98918,43.3152],[-1.98911,43.31518],[-1.98949,43.31509],[-1.98987,43.31501],[-1.98987,43.31502],[-1.9895,43.31511]]]}},{"type":"Feature","properties":{"name":"","kind":"park","road":"","osm":184080055},"geometry":{"type":"Polygon","coordinates":[[[-1.98211,43.31681],[-1.98226,43.31703],[-1.98217,43.31706],[-1.98201,43.31684],[-1.98211,43.31681]]]}},{"type":"Feature","properties":{"name":"","kind":"park","road":"","osm":184080056},"geometry":{"type":"Polygon","coordinates":[[[-1.98136,43.31709],[-1.98151,43.31731],[-1.9816,43.31727],[-1.98145,43.31705],[-1.98136,43.31709]]]}},{"type":"Feature","properties":{"name":"","kind":"park","road":"","osm":184080057},"geometry":{"type":"Polygon","coordinates":[[[-1.98098,43.31655],[-1.98125,43.31694],[-1.98135,43.31691],[-1.98107,43.31652],[-1.98098,43.31655]]]}},{"type":"Feature","properties":{"name":"","kind":"park","road":"","osm":184080059},"geometry":{"type":"Polygon","coordinates":[[[-1.98165,43.31734],[-1.98173,43.31746],[-1.98164,43.31749],[-1.98156,43.31738],[-1.98165,43.31734]]]}},{"type":"Feature","properties":{"name":"","kind":"park","road":"","osm":184080060},"geometry":{"type":"Polygon","coordinates":[[[-1.9823,43.31725],[-1.98222,43.31713],[-1.98231,43.31709],[-1.98239,43.31721],[-1.9823,43.31725]]]}},{"type":"Feature","properties":{"name":"","kind":"park","road":"","osm":184080061},"geometry":{"type":"Polygon","coordinates":[[[-1.98173,43.31627],[-1.982,43.31666],[-1.98191,43.31669],[-1.98163,43.3163],[-1.98173,43.31627]]]}},{"type":"Feature","properties":{"name":"","kind":"park","road":"","osm":184080063},"geometry":{"type":"Polygon","coordinates":[[[-1.982,43.31721],[-1.98208,43.31733],[-1.98223,43.31727],[-1.98215,43.31715],[-1.982,43.31721]]]}},{"type":"Feature","properties":{"name":"","kind":"park","road":"","osm":184359666},"geometry":{"type":"Polygon","coordinates":[[[-1.97512,43.3255],[-1.97438,43.32578],[-1.97436,43.32574],[-1.97509,43.32546],[-1.97512,43.3255]]]}},{"type":"Feature","properties":{"name":"","kind":"park","road":"","osm":184359670},"geometry":{"type":"Polygon","coordinates":[[[-1.97606,43.32515],[-1.97526,43.32545],[-1.97523,43.32542],[-1.97604,43.32512],[-1.97606,43.32515]]]}},{"type":"Feature","properties":{"name":"","kind":"water","road":"","osm":184360305},"geometry":{"type":"Polygon","coordinates":[[[-1.98009,43.31739],[-1.98006,43.3174],[-1.98003,43.31742],[-1.98002,43.31745],[-1.98002,43.31748],[-1.98005,43.3175],[-1.98008,43.31751],[-1.98012,43.31751],[-1.98015,43.3175],[-1.98018,43.31748],[-1.98019,43.31746],[-1.98018,43.31743],[-1.98016,43.31741],[-1.98013,43.31739],[-1.98009,43.31739]]]}},{"type":"Feature","properties":{"name":"","kind":"park","road":"","osm":184364931},"geometry":{"type":"Polygon","coordinates":[[[-1.98712,43.31565],[-1.98738,43.31555],[-1.9874,43.31559],[-1.98719,43.31575],[-1.98712,43.31565]]]}},{"type":"Feature","properties":{"name":"","kind":"park","road":"","osm":184924159},"geometry":{"type":"Polygon","coordinates":[[[-2.0052,43.3157],[-2.0053,43.31554],[-2.00491,43.31542],[-2.00489,43.31545],[-2.00492,43.31554],[-2.00497,43.31555],[-2.00502,43.31565],[-2.0052,43.3157]]]}},{"type":"Feature","properties":{"name":"","kind":"park","road":"","osm":184996382},"geometry":{"type":"Polygon","coordinates":[[[-2.00655,43.31111],[-2.00737,43.3107],[-2.0073,43.31062],[-2.00717,43.31062],[-2.00719,43.31065],[-2.00723,43.31064],[-2.00723,43.31068],[-2.00712,43.31072],[-2.00706,43.31065],[-2.00701,43.31064],[-2.00695,43.31066],[-2.007,43.31068],[-2.007,43.31073],[-2.00691,43.31078],[-2.0068,43.31075],[-2.00682,43.31072],[-2.00675,43.31071],[-2.00663,43.31076],[-2.0066,43.31083],[-2.00664,43.31086],[-2.0067,43.31086],[-2.00668,43.31095],[-2.0066,43.31098],[-2.00658,43.31097],[-2.00653,43.31098],[-2.00649,43.31105],[-2.00655,43.31111]]]}},{"type":"Feature","properties":{"name":"","kind":"park","road":"","osm":184996385},"geometry":{"type":"Polygon","coordinates":[[[-2.00703,43.31032],[-2.00697,43.31026],[-2.00631,43.31058],[-2.00647,43.31058],[-2.00649,43.31057],[-2.00694,43.31034],[-2.00696,43.31036],[-2.00703,43.31032]]]}},{"type":"Feature","properties":{"name":"","kind":"water","road":"","osm":184996387},"geometry":{"type":"Polygon","coordinates":[[[-2.00701,43.31057],[-2.00699,43.31048],[-2.00696,43.31047],[-2.00694,43.3104],[-2.00697,43.3104],[-2.00696,43.31036],[-2.00694,43.31034],[-2.00649,43.31057],[-2.00701,43.31057]]]}},{"type":"Feature","properties":{"name":"","kind":"park","road":"","osm":184996388},"geometry":{"type":"Polygon","coordinates":[[[-2.0064,43.31102],[-2.00611,43.31071],[-2.00622,43.31065],[-2.00634,43.31071],[-2.00635,43.31074],[-2.00641,43.31074],[-2.00643,43.31077],[-2.00651,43.31078],[-2.00653,43.31084],[-2.00647,43.31086],[-2.00644,43.31084],[-2.00642,43.31086],[-2.00643,43.31094],[-2.00646,43.31094],[-2.00649,43.31095],[-2.00645,43.311],[-2.0064,43.31102]]]}},{"type":"Feature","properties":{"name":"","kind":"park","road":"","osm":184996389},"geometry":{"type":"Polygon","coordinates":[[[-2.0071,43.31033],[-2.00705,43.31035],[-2.00704,43.31045],[-2.00711,43.31045],[-2.00715,43.31049],[-2.00713,43.31052],[-2.0071,43.31053],[-2.00712,43.31057],[-2.00731,43.31056],[-2.0071,43.31033]]]}},{"type":"Feature","properties":{"name":"","kind":"park","road":"","osm":184996391},"geometry":{"type":"Polygon","coordinates":[[[-2.00701,43.31046],[-2.00699,43.3104],[-2.00697,43.3104],[-2.00694,43.3104],[-2.00696,43.31047],[-2.00699,43.31048],[-2.00701,43.31046]]]}},{"type":"Feature","properties":{"name":"","kind":"park","road":"","osm":185004125},"geometry":{"type":"Polygon","coordinates":[[[-1.9802,43.3175],[-1.98022,43.31746],[-1.98022,43.31742],[-1.98019,43.31739],[-1.98014,43.31737],[-1.98009,43.31737],[-1.98004,43.31738],[-1.98,43.31741],[-1.97998,43.31744],[-1.97999,43.31748],[-1.98002,43.31751],[-1.98006,43.31754],[-1.98012,43.31754],[-1.98017,43.31753],[-1.9802,43.3175]]]}},{"type":"Feature","properties":{"name":"Río Urumea","kind":"water","road":"","osm":185179080},"geometry":{"type":"Polygon","coordinates":[[[-1.96893,43.31458],[-1.96804,43.31451],[-1.9679,43.31444],[-1.96719,43.31431],[-1.96652,43.31404],[-1.96588,43.31367],[-1.9655,43.31352],[-1.96485,43.3131],[-1.9646,43.31291],[-1.96436,43.31267],[-1.964,43.31218],[-1.96396,43.312],[-1.96402,43.31171],[-1.96409,43.31149],[-1.96417,43.31126],[-1.96424,43.31104],[-1.96467,43.30979],[-1.9649,43.30925],[-1.96498,43.309],[-1.96507,43.30871],[-1.96515,43.30846],[-1.96524,43.30788],[-1.96526,43.30777],[-1.96542,43.3066],[-1.96542,43.30625],[-1.96537,43.30586],[-1.96534,43.30578],[-1.96527,43.30565],[-1.96518,43.30558],[-1.96502,43.30553],[-1.96489,43.30549],[-1.96477,43.30548],[-1.96464,43.30549],[-1.96392,43.30559],[-1.96257,43.3058],[-1.96195,43.30588],[-1.96192,43.30574],[-1.96189,43.30564],[-1.96225,43.30558],[-1.96335,43.30539],[-1.96382,43.3053],[-1.9641,43.30526],[-1.96438,43.3052],[-1.96463,43.30515],[-1.96483,43.30517],[-1.96514,43.30526],[-1.96534,43.30535],[-1.96556,43.30561],[-1.96571,43.30575],[-1.96576,43.30589],[-1.96583,43.30625],[-1.96585,43.30664],[-1.96589,43.30712],[-1.96591,43.30761],[-1.9659,43.30793],[-1.96582,43.3084],[-1.96567,43.30889],[-1.96557,43.30912],[-1.96552,43.30923],[-1.96525,43.30974],[-1.96508,43.31001],[-1.96496,43.31027],[-1.96486,43.31058],[-1.96465,43.31126],[-1.96445,43.31186],[-1.96449,43.31205],[-1.96468,43.31246],[-1.96477,43.31261],[-1.96513,43.31289],[-1.96564,43.31318],[-1.96607,43.31339],[-1.96693,43.31382],[-1.96713,43.31381],[-1.96754,43.31395],[-1.96773,43.31398],[-1.96815,43.31393],[-1.96858,43.31402],[-1.96879,43.31405],[-1.97184,43.31419],[-1.97214,43.31419],[-1.97242,43.31415],[-1.97271,43.31408],[-1.97305,43.31395],[-1.97328,43.31383],[-1.97353,43.31364],[-1.97368,43.31348],[-1.97383,43.31326],[-1.97398,43.31285],[-1.97407,43.31231],[-1.97407,43.31197],[-1.97406,43.3117],[-1.97405,43.31082],[-1.97402,43.31052],[-1.97392,43.31014],[-1.97367,43.30946],[-1.9735,43.30899],[-1.97345,43.30878],[-1.97346,43.30858],[-1.97349,43.30835],[-1.97357,43.30813],[-1.97367,43.30794],[-1.97375,43.30782],[-1.9738,43.30778],[-1.97386,43.30773],[-1.97389,43.30771],[-1.97392,43.30769],[-1.97396,43.30765],[-1.97438,43.30744],[-1.97488,43.30724],[-1.97528,43.30715],[-1.97573,43.3071],[-1.97605,43.30711],[-1.97634,43.30716],[-1.97666,43.30724],[-1.977,43.30738],[-1.97743,43.30768],[-1.97781,43.308],[-1.97783,43.30803],[-1.97799,43.30818],[-1.97801,43.3082],[-1.97824,43.30851],[-1.97836,43.3087],[-1.97853,43.30898],[-1.97864,43.30919],[-1.97873,43.30947],[-1.9791,43.31134],[-1.97911,43.31137],[-1.97911,43.3114],[-1.97913,43.31145],[-1.97914,43.31151],[-1.97915,43.31156],[-1.97916,43.31162],[-1.9792,43.31187],[-1.97932,43.31266],[-1.97931,43.3133],[-1.97927,43.31372],[-1.97915,43.31473],[-1.9791,43.3153],[-1.9789,43.31728],[-1.9789,43.31732],[-1.9789,43.31735],[-1.97889,43.31738],[-1.97889,43.31742],[-1.97888,43.31745],[-1.97888,43.31751],[-1.97862,43.31975],[-1.97862,43.32003],[-1.97876,43.32064],[-1.97878,43.32066],[-1.97882,43.32073],[-1.97886,43.32079],[-1.97888,43.32083],[-1.97891,43.32087],[-1.97892,43.32089],[-1.98053,43.32319],[-1.98057,43.32323],[-1.98058,43.32326],[-1.98061,43.32329],[-1.98061,43.3233],[-1.98064,43.32332],[-1.98066,43.32335],[-1.98069,43.3234],[-1.98067,43.3234],[-1.98064,43.3234],[-1.98063,43.32338],[-1.98037,43.32348],[-1.98037,43.32349],[-1.98035,43.3235],[-1.98034,43.3235],[-1.98008,43.32359],[-1.98005,43.3236],[-1.98004,43.32361],[-1.9798,43.3237],[-1.9798,43.32371],[-1.97978,43.32372],[-1.97976,43.32371],[-1.97959,43.32377],[-1.97951,43.32381],[-1.97951,43.32382],[-1.9795,43.32384],[-1.97949,43.32385],[-1.97945,43.3238],[-1.97944,43.32378],[-1.97941,43.32375],[-1.97939,43.32371],[-1.97936,43.32367],[-1.97934,43.32364],[-1.97829,43.32207],[-1.97779,43.32132],[-1.97777,43.3213],[-1.97774,43.32125],[-1.97772,43.32122],[-1.97767,43.32115],[-1.97763,43.32109],[-1.97761,43.32106],[-1.97747,43.32086],[-1.97741,43.32071],[-1.97739,43.32052],[-1.97755,43.31925],[-1.97762,43.31871],[-1.97769,43.31813],[-1.97778,43.31744],[-1.97779,43.31739],[-1.97779,43.31736],[-1.97779,43.31732],[-1.9778,43.31729],[-1.9778,43.31726],[-1.97781,43.31722],[-1.97782,43.31722],[-1.9779,43.31651],[-1.978,43.3158],[-1.97807,43.31519],[-1.97813,43.31464],[-1.97827,43.31367],[-1.97836,43.31293],[-1.97818,43.31172],[-1.97817,43.31166],[-1.97816,43.31161],[-1.97815,43.31153],[-1.97814,43.31148],[-1.97814,43.31147],[-1.97813,43.31143],[-1.97777,43.30974],[-1.97767,43.30939],[-1.97757,43.30914],[-1.97743,43.3089],[-1.97723,43.30861],[-1.97722,43.3086],[-1.97718,43.30857],[-1.97712,43.30851],[-1.97705,43.30844],[-1.97702,43.30841],[-1.97699,43.30836],[-1.977,43.30831],[-1.97671,43.30807],[-1.97667,43.3081],[-1.97654,43.30801],[-1.97637,43.30792],[-1.97615,43.30784],[-1.97592,43.30779],[-1.97573,43.30778],[-1.97551,43.30778],[-1.97528,43.30781],[-1.97506,43.30787],[-1.97482,43.30796],[-1.97479,43.30798],[-1.97478,43.30799],[-1.97467,43.30807],[-1.97463,43.3081],[-1.97453,43.30822],[-1.97443,43.30851],[-1.97443,43.30894],[-1.97453,43.30926],[-1.97471,43.3095],[-1.97477,43.30973],[-1.97477,43.31027],[-1.97473,43.31062],[-1.97474,43.31102],[-1.9748,43.31136],[-1.97474,43.31233],[-1.97441,43.31332],[-1.97403,43.31389],[-1.97359,43.3143],[-1.97291,43.31462],[-1.97232,43.31475],[-1.97192,43.31475],[-1.97116,43.31472],[-1.96992,43.31464],[-1.96893,43.31458]]]}},{"type":"Feature","properties":{"name":"","kind":"park","road":"","osm":185541172},"geometry":{"type":"Polygon","coordinates":[[[-1.98092,43.31212],[-1.98086,43.31209],[-1.98078,43.31217],[-1.98077,43.31221],[-1.98081,43.31231],[-1.98098,43.3126],[-1.981,43.3126],[-1.98091,43.31224],[-1.98091,43.31219],[-1.98092,43.31212]]]}},{"type":"Feature","properties":{"name":"Lizarra kalea","kind":"road","road":"tertiary","osm":186687335},"geometry":{"type":"LineString","coordinates":[[-1.9831,43.31464],[-1.98324,43.31448],[-1.9833,43.31442],[-1.98333,43.3144],[-1.98337,43.31437],[-1.98344,43.31435],[-1.98353,43.31433],[-1.98361,43.31433],[-1.98396,43.31435],[-1.98498,43.31444],[-1.98505,43.31444],[-1.98517,43.31446],[-1.98524,43.31447],[-1.98531,43.31448],[-1.98535,43.3145],[-1.9854,43.31452],[-1.98544,43.31455],[-1.98549,43.3146],[-1.98552,43.31464],[-1.98564,43.31485],[-1.98565,43.31486],[-1.98567,43.31489],[-1.98572,43.31492],[-1.98575,43.31494],[-1.98577,43.31495],[-1.98579,43.31495],[-1.98581,43.31496],[-1.98584,43.31496]]}},{"type":"Feature","properties":{"name":"Gaskonia plaza","kind":"road","road":"pedestrian","osm":187125877},"geometry":{"type":"LineString","coordinates":[[-2.00259,43.31398],[-2.00252,43.31401],[-2.00238,43.31387],[-2.00204,43.31408],[-2.00222,43.31427],[-2.00266,43.31405],[-2.00259,43.31398]]}},{"type":"Feature","properties":{"name":"Miramar parkea - Parque de Miramar","kind":"park","road":"","osm":194402382},"geometry":{"type":"Polygon","coordinates":[[[-1.99792,43.31572],[-1.99811,43.3156],[-1.99807,43.31544],[-1.9982,43.31546],[-1.99822,43.31539],[-1.99812,43.31537],[-1.99794,43.31525],[-1.99778,43.31513],[-1.99768,43.315],[-1.99771,43.31496],[-1.99773,43.31494],[-1.99778,43.31487],[-1.9978,43.31484],[-1.99781,43.31483],[-1.99765,43.31468],[-1.99752,43.31462],[-1.99754,43.3146],[-1.99756,43.31458],[-1.99777,43.3143],[-1.99768,43.31426],[-1.9978,43.3141],[-1.99791,43.31398],[-1.99796,43.31389],[-1.99797,43.31384],[-1.99794,43.31375],[-1.99773,43.31338],[-1.99779,43.31333],[-1.99787,43.31333],[-1.99839,43.31363],[-1.9989,43.31391],[-1.99913,43.31403],[-1.99961,43.31417],[-1.99976,43.31423],[-1.99997,43.31438],[-2.0003,43.3147],[-2.00033,43.31472],[-2.00028,43.31474],[-2.00029,43.31475],[-2.00029,43.31477],[-2.00028,43.31477],[-2.00028,43.31483],[-2.00025,43.31488],[-2.00019,43.31493],[-2.00015,43.31501],[-1.99996,43.31516],[-1.99981,43.31524],[-1.99965,43.31529],[-1.99943,43.31533],[-1.99923,43.31535],[-1.99903,43.31532],[-1.99886,43.31527],[-1.99885,43.31529],[-1.99882,43.31533],[-1.99876,43.3154],[-1.99872,43.31546],[-1.99856,43.31544],[-1.99854,43.3155],[-1.99865,43.31552],[-1.99867,43.31557],[-1.99866,43.31559],[-1.99822,43.3157],[-1.99795,43.31577],[-1.99792,43.31572]]]}},{"type":"Feature","properties":{"name":"Ondarreta","kind":"beach","road":"","osm":194402388},"geometry":{"type":"Polygon","coordinates":[[[-1.99859,43.31593],[-1.99789,43.31581],[-1.99795,43.31577],[-1.99822,43.3157],[-1.99866,43.31559],[-1.99891,43.31557],[-1.9993,43.31561],[-1.99954,43.31566],[-1.99956,43.31564],[-2.0001,43.31572],[-2.00059,43.31581],[-2.0013,43.31599],[-2.0019,43.31615],[-2.00238,43.31631],[-2.00277,43.31645],[-2.00321,43.31662],[-2.00365,43.31682],[-2.00405,43.31702],[-2.00448,43.31726],[-2.0045,43.31727],[-2.00483,43.31747],[-2.00479,43.3175],[-2.00476,43.31752],[-2.00495,43.31768],[-2.00506,43.3178],[-2.00511,43.31792],[-2.00513,43.31803],[-2.00511,43.31813],[-2.00507,43.31828],[-2.00464,43.31807],[-2.00396,43.31774],[-2.00323,43.31746],[-2.0023,43.31706],[-2.00115,43.31669],[-2.00043,43.31642],[-2.00004,43.31629],[-1.99978,43.3162],[-1.99859,43.31593]]]}},{"type":"Feature","properties":{"name":"Igeldo pasealekua","kind":"road","road":"tertiary","osm":194555416},"geometry":{"type":"LineString","coordinates":[[-2.00718,43.31506],[-2.00741,43.31491],[-2.00761,43.31473],[-2.00793,43.31433],[-2.00805,43.31425],[-2.00821,43.3142],[-2.00918,43.31416],[-2.00948,43.31413],[-2.00966,43.31407],[-2.00981,43.31399],[-2.01066,43.31333],[-2.01077,43.31326],[-2.01091,43.31321],[-2.01106,43.31321],[-2.0113,43.31329],[-2.0116,43.31347],[-2.01194,43.3138],[-2.01235,43.31445],[-2.01258,43.31482],[-2.01296,43.31542],[-2.01304,43.31548],[-2.01331,43.3157],[-2.01413,43.31637],[-2.01447,43.31659],[-2.01472,43.31669],[-2.0151,43.3168],[-2.01541,43.31686],[-2.01605,43.31693],[-2.01636,43.31695],[-2.01667,43.31693],[-2.01837,43.31668],[-2.01845,43.31668],[-2.01851,43.31671],[-2.01854,43.31677],[-2.01854,43.31684],[-2.01849,43.3169],[-2.01839,43.31695],[-2.01677,43.31747],[-2.01658,43.31755],[-2.01647,43.3176],[-2.01639,43.31766]]}},{"type":"Feature","properties":{"name":"","kind":"road","road":"tertiary","osm":194555441},"geometry":{"type":"LineString","coordinates":[[-2.00718,43.31506],[-2.00704,43.31511],[-2.00698,43.31512],[-2.0069,43.31512],[-2.00681,43.31511],[-2.00672,43.31509]]}},{"type":"Feature","properties":{"name":"La Terraza del Náutico","kind":"road","road":"pedestrian","osm":203671076},"geometry":{"type":"LineString","coordinates":[[-1.98676,43.32173],[-1.98672,43.32177]]}},{"type":"Feature","properties":{"name":"Mundaiz zubia","kind":"road","road":"pedestrian","osm":207374139},"geometry":{"type":"LineString","coordinates":[[-1.97818,43.31172],[-1.97817,43.31166],[-1.97816,43.31161],[-1.97815,43.31153],[-1.97814,43.31148],[-1.97814,43.31147],[-1.97813,43.31143],[-1.97815,43.31145],[-1.97818,43.31145],[-1.97864,43.3114],[-1.97903,43.31136],[-1.97908,43.31135],[-1.9791,43.31134],[-1.97911,43.31137],[-1.97911,43.3114],[-1.97913,43.31145],[-1.97914,43.31151],[-1.97915,43.31156],[-1.97916,43.31162],[-1.97913,43.31161],[-1.9791,43.3116],[-1.97866,43.31164],[-1.97824,43.31169],[-1.9782,43.3117],[-1.97818,43.31172]]}},{"type":"Feature","properties":{"name":"Santa Klara Beheko Bateria","kind":"road","road":"pedestrian","osm":230520361},"geometry":{"type":"LineString","coordinates":[[-1.99273,43.32423],[-1.99274,43.32423],[-1.99275,43.32424],[-1.99273,43.32426],[-1.99283,43.32434],[-1.9931,43.32418],[-1.99286,43.32405],[-1.99281,43.3241],[-1.99283,43.32411],[-1.99282,43.32414],[-1.99279,43.32417],[-1.99275,43.32422],[-1.99273,43.32423]]}},{"type":"Feature","properties":{"name":"Damen Bateria","kind":"road","road":"pedestrian","osm":230520363},"geometry":{"type":"LineString","coordinates":[[-1.99178,43.32337],[-1.99188,43.32339],[-1.99212,43.32341],[-1.9921,43.32351],[-1.99217,43.3235],[-1.9922,43.32352],[-1.99223,43.32357],[-1.99226,43.32363],[-1.99232,43.32363],[-1.99237,43.32369],[-1.9924,43.32369],[-1.99243,43.32368],[-1.9924,43.32352],[-1.99234,43.32342],[-1.99232,43.32338],[-1.99237,43.32329],[-1.99228,43.32329],[-1.99228,43.32331],[-1.99164,43.32328],[-1.99163,43.3233],[-1.99178,43.32337]]}},{"type":"Feature","properties":{"name":"Batería de Napoleón","kind":"road","road":"pedestrian","osm":230520886},"geometry":{"type":"LineString","coordinates":[[-1.98985,43.32433],[-1.9899,43.32432],[-1.98995,43.3243],[-1.98998,43.32434],[-1.99004,43.32443],[-1.99005,43.32445],[-1.99006,43.32446],[-1.98997,43.32449],[-1.98996,43.32448],[-1.98994,43.32445],[-1.98989,43.32438],[-1.98985,43.32433]]}},{"type":"Feature","properties":{"name":"Santiago Bateria","kind":"road","road":"pedestrian","osm":230520887},"geometry":{"type":"LineString","coordinates":[[-1.99137,43.3241],[-1.99141,43.32409],[-1.99143,43.32407],[-1.99144,43.32405],[-1.99144,43.32402],[-1.99142,43.32401],[-1.99139,43.324],[-1.99136,43.324],[-1.99132,43.32401],[-1.99118,43.32405],[-1.99114,43.32402],[-1.9911,43.32403],[-1.99103,43.32406],[-1.99067,43.32413],[-1.99063,43.32414],[-1.99052,43.32416],[-1.99053,43.32419],[-1.99055,43.32423],[-1.99074,43.32419],[-1.99092,43.32415],[-1.99112,43.32411],[-1.99137,43.3241]]}},{"type":"Feature","properties":{"name":"Gobernadorearen Bateria","kind":"road","road":"pedestrian","osm":230521397},"geometry":{"type":"LineString","coordinates":[[-1.98783,43.32501],[-1.98785,43.32502],[-1.98787,43.32503],[-1.98777,43.3251],[-1.98783,43.32517],[-1.98774,43.32523],[-1.98776,43.32526],[-1.98774,43.32526],[-1.98771,43.32526],[-1.98759,43.3251],[-1.98752,43.32511],[-1.98748,43.32506],[-1.98758,43.32504],[-1.9876,43.32507],[-1.98783,43.32501]]}},{"type":"Feature","properties":{"name":"Batería de las Bardocas","kind":"road","road":"pedestrian","osm":230521445},"geometry":{"type":"LineString","coordinates":[[-1.99064,43.32645],[-1.99073,43.32633],[-1.99067,43.3263],[-1.99055,43.32636],[-1.99051,43.32643],[-1.99064,43.32645]]}},{"type":"Feature","properties":{"name":"","kind":"road","road":"pedestrian","osm":230577074},"geometry":{"type":"LineString","coordinates":[[-1.99071,43.32573],[-1.99064,43.3258],[-1.99043,43.32588],[-1.9904,43.32589],[-1.99037,43.32582],[-1.99058,43.32572],[-1.99072,43.32555],[-1.99078,43.32556],[-1.99083,43.32557],[-1.99072,43.32571],[-1.99071,43.32573]]}},{"type":"Feature","properties":{"name":"","kind":"road","road":"pedestrian","osm":230910201},"geometry":{"type":"LineString","coordinates":[[-1.98593,43.32563],[-1.9859,43.32558],[-1.98588,43.32553],[-1.98589,43.32548],[-1.98593,43.32543],[-1.98647,43.3247],[-1.98651,43.32466],[-1.98661,43.32454],[-1.98667,43.32449],[-1.98683,43.32441],[-1.98703,43.32431],[-1.98713,43.32421],[-1.98713,43.32419],[-1.98686,43.32426],[-1.98674,43.32428],[-1.98672,43.32426]]}},{"type":"Feature","properties":{"name":"","kind":"road","road":"pedestrian","osm":230910204},"geometry":{"type":"LineString","coordinates":[[-1.98604,43.32572],[-1.98593,43.32563]]}},{"type":"Feature","properties":{"name":"","kind":"road","road":"pedestrian","osm":230910206},"geometry":{"type":"LineString","coordinates":[[-1.98569,43.32593],[-1.98566,43.3259],[-1.98604,43.32572],[-1.98607,43.3257],[-1.98613,43.32573],[-1.98612,43.32575],[-1.98611,43.32577],[-1.98609,43.32582],[-1.98569,43.32593]]}},{"type":"Feature","properties":{"name":"","kind":"road","road":"pedestrian","osm":231025507},"geometry":{"type":"LineString","coordinates":[[-1.98911,43.32585],[-1.98924,43.3259],[-1.98945,43.32596],[-1.98965,43.32603],[-1.98977,43.32607],[-1.98981,43.32608],[-1.98988,43.32608],[-1.98994,43.32607],[-1.99002,43.32604],[-1.99042,43.32591],[-1.99048,43.32589],[-1.99066,43.32581],[-1.99069,43.32579],[-1.99074,43.32574],[-1.99077,43.3257],[-1.99085,43.32559],[-1.99087,43.32557],[-1.99097,43.32546],[-1.99106,43.32542],[-1.99119,43.32538],[-1.99131,43.32534],[-1.9914,43.32528],[-1.99149,43.3252],[-1.99156,43.32515],[-1.99171,43.32498],[-1.99185,43.32471],[-1.9919,43.32463],[-1.99199,43.32457],[-1.99216,43.32446],[-1.99264,43.32428],[-1.99273,43.3242],[-1.99278,43.32415],[-1.99278,43.32412],[-1.9925,43.32393],[-1.99244,43.32383],[-1.9924,43.32369],[-1.99234,43.32352],[-1.99227,43.32341],[-1.9922,43.32338],[-1.99181,43.32335],[-1.99163,43.3233]]}},{"type":"Feature","properties":{"name":"","kind":"road","road":"pedestrian","osm":231025508},"geometry":{"type":"LineString","coordinates":[[-1.98833,43.32598],[-1.98803,43.32604],[-1.9879,43.32609],[-1.98779,43.32609],[-1.98742,43.32608],[-1.98721,43.32607],[-1.98678,43.32596],[-1.98628,43.3258],[-1.98612,43.32575],[-1.98607,43.32574],[-1.98604,43.32572]]}},{"type":"Feature","properties":{"name":"","kind":"road","road":"pedestrian","osm":231026030},"geometry":{"type":"LineString","coordinates":[[-1.98931,43.3242],[-1.98929,43.32421],[-1.98921,43.32429],[-1.98915,43.32428],[-1.98907,43.32437],[-1.98899,43.32435],[-1.98896,43.32435],[-1.98909,43.32421],[-1.98931,43.3242]]}},{"type":"Feature","properties":{"name":"","kind":"road","road":"pedestrian","osm":231158697},"geometry":{"type":"LineString","coordinates":[[-1.99023,43.32317],[-1.99022,43.32313],[-1.99026,43.3231],[-1.99025,43.32306],[-1.99031,43.32304],[-1.99035,43.3231],[-1.99044,43.32313],[-1.99043,43.32316],[-1.99023,43.32317]]}},{"type":"Feature","properties":{"name":"Clara Campoamor plaza","kind":"road","road":"pedestrian","osm":232173576},"geometry":{"type":"LineString","coordinates":[[-1.98841,43.31533],[-1.98814,43.31539],[-1.98806,43.3154],[-1.98796,43.3154],[-1.98795,43.31541],[-1.98793,43.31543],[-1.98817,43.31561],[-1.98822,43.31566],[-1.98833,43.31575],[-1.98836,43.31578],[-1.98845,43.31572],[-1.98846,43.31572],[-1.98849,43.31563],[-1.98895,43.31538],[-1.98922,43.31527],[-1.98919,43.31522],[-1.98918,43.3152],[-1.98911,43.31518],[-1.98902,43.3152],[-1.98841,43.31533]]}},{"type":"Feature","properties":{"name":"Batería del Mirador","kind":"road","road":"pedestrian","osm":233299981},"geometry":{"type":"LineString","coordinates":[[-1.98565,43.32589],[-1.98573,43.32586],[-1.9857,43.32583],[-1.98567,43.32584],[-1.98565,43.32582],[-1.98571,43.32578],[-1.98577,43.32584],[-1.98606,43.32569],[-1.98603,43.32566],[-1.98599,43.32562],[-1.98583,43.32572],[-1.98571,43.32569],[-1.98567,43.32571],[-1.98541,43.32578],[-1.9854,43.3258],[-1.98537,43.32579],[-1.98534,43.32582],[-1.98541,43.32587],[-1.98543,43.32585],[-1.98547,43.32589],[-1.98551,43.3259],[-1.98556,43.3259],[-1.9856,43.32588],[-1.98563,43.32587],[-1.98565,43.32589]]}},{"type":"Feature","properties":{"name":"","kind":"road","road":"pedestrian","osm":234858227},"geometry":{"type":"LineString","coordinates":[[-1.98736,43.32543],[-1.98774,43.32526],[-1.98765,43.32511],[-1.98785,43.32502],[-1.98786,43.32501],[-1.98813,43.32497],[-1.98817,43.32495],[-1.9883,43.32491],[-1.98877,43.32473],[-1.98928,43.32454],[-1.98951,43.32445],[-1.98961,43.32441],[-1.98985,43.32433],[-1.9899,43.32432],[-1.98995,43.3243],[-1.98999,43.32429],[-1.99053,43.32419],[-1.99067,43.32416],[-1.99073,43.32415],[-1.99091,43.32411],[-1.99109,43.32408]]}},{"type":"Feature","properties":{"name":"San Bizente kalea","kind":"road","road":"pedestrian","osm":235226227},"geometry":{"type":"LineString","coordinates":[[-1.98365,43.32449],[-1.9837,43.32445],[-1.98441,43.32425]]}},{"type":"Feature","properties":{"name":"","kind":"park","road":"","osm":237207319},"geometry":{"type":"Polygon","coordinates":[[[-2.00346,43.3124],[-2.00363,43.31205],[-2.0038,43.31173],[-2.00391,43.31177],[-2.00398,43.31184],[-2.00407,43.31189],[-2.00417,43.31192],[-2.00421,43.31192],[-2.00423,43.31189],[-2.00431,43.31181],[-2.00437,43.31172],[-2.00452,43.31178],[-2.00452,43.3118],[-2.00452,43.31182],[-2.00454,43.31184],[-2.00459,43.31186],[-2.00465,43.31189],[-2.00451,43.3122],[-2.00443,43.31224],[-2.00442,43.31224],[-2.00439,43.31227],[-2.00432,43.3123],[-2.00402,43.31237],[-2.00392,43.31241],[-2.00366,43.31254],[-2.00361,43.31255],[-2.00356,43.31254],[-2.00352,43.31252],[-2.00349,43.31242],[-2.00346,43.3124]]]}},{"type":"Feature","properties":{"name":"","kind":"park","road":"","osm":241993187},"geometry":{"type":"Polygon","coordinates":[[[-1.97743,43.32155],[-1.97744,43.32166],[-1.9775,43.32161],[-1.97752,43.32159],[-1.97751,43.32157],[-1.97749,43.32155],[-1.97747,43.32154],[-1.97743,43.32155]]]}},{"type":"Feature","properties":{"name":"","kind":"park","road":"","osm":241993188},"geometry":{"type":"Polygon","coordinates":[[[-1.97745,43.31926],[-1.97735,43.31925],[-1.97743,43.31863],[-1.97752,43.31864],[-1.97745,43.31926]]]}},{"type":"Feature","properties":{"name":"","kind":"park","road":"","osm":241993189},"geometry":{"type":"Polygon","coordinates":[[[-1.97737,43.31985],[-1.9773,43.32044],[-1.9772,43.32043],[-1.97728,43.31985],[-1.97737,43.31985]]]}},{"type":"Feature","properties":{"name":"","kind":"water","road":"","osm":241993191},"geometry":{"type":"Polygon","coordinates":[[[-1.97762,43.31781],[-1.97762,43.31782],[-1.97761,43.31783],[-1.9776,43.31783],[-1.97759,43.31784],[-1.97758,43.31784],[-1.97756,43.31784],[-1.97755,43.31784],[-1.97754,43.31783],[-1.97754,43.31782],[-1.97753,43.31781],[-1.97754,43.3178],[-1.97754,43.31779],[-1.97755,43.31779],[-1.97757,43.31778],[-1.97758,43.31778],[-1.97759,43.31779],[-1.9776,43.31779],[-1.97761,43.3178],[-1.97762,43.31781]]]}},{"type":"Feature","properties":{"name":"","kind":"park","road":"","osm":241993192},"geometry":{"type":"Polygon","coordinates":[[[-1.97723,43.32093],[-1.97724,43.32081],[-1.97716,43.3208],[-1.97714,43.32093],[-1.97714,43.32095],[-1.97716,43.32096],[-1.97718,43.32096],[-1.9772,43.32096],[-1.97722,43.32095],[-1.97723,43.32093]]]}},{"type":"Feature","properties":{"name":"","kind":"park","road":"","osm":241993193},"geometry":{"type":"Polygon","coordinates":[[[-1.9776,43.31806],[-1.9775,43.31806],[-1.97752,43.31788],[-1.97762,43.31788],[-1.9776,43.31806]]]}},{"type":"Feature","properties":{"name":"","kind":"park","road":"","osm":241993196},"geometry":{"type":"Polygon","coordinates":[[[-1.9769,43.32097],[-1.97708,43.32123],[-1.97713,43.3212],[-1.97727,43.32115],[-1.9769,43.32097]]]}},{"type":"Feature","properties":{"name":"","kind":"park","road":"","osm":241993197},"geometry":{"type":"Polygon","coordinates":[[[-1.97729,43.32047],[-1.97726,43.32075],[-1.97716,43.32074],[-1.9772,43.32046],[-1.97729,43.32047]]]}},{"type":"Feature","properties":{"name":"","kind":"park","road":"","osm":241993199},"geometry":{"type":"Polygon","coordinates":[[[-1.97753,43.31861],[-1.97743,43.31861],[-1.97749,43.3181],[-1.97759,43.3181],[-1.97753,43.31861]]]}},{"type":"Feature","properties":{"name":"","kind":"park","road":"","osm":241993200},"geometry":{"type":"Polygon","coordinates":[[[-1.97766,43.31757],[-1.97764,43.31755],[-1.97761,43.31754],[-1.97758,43.31755],[-1.97756,43.31757],[-1.97754,43.31774],[-1.97763,43.31775],[-1.97766,43.31757]]]}},{"type":"Feature","properties":{"name":"","kind":"park","road":"","osm":241993202},"geometry":{"type":"Polygon","coordinates":[[[-1.97771,43.32157],[-1.97769,43.32158],[-1.97764,43.32158],[-1.97761,43.32157],[-1.9776,43.32156],[-1.97758,43.32154],[-1.97757,43.32152],[-1.97757,43.3215],[-1.97763,43.32147],[-1.97764,43.3215],[-1.97766,43.3215],[-1.97769,43.32153],[-1.97771,43.32157]]]}},{"type":"Feature","properties":{"name":"","kind":"park","road":"","osm":241993203},"geometry":{"type":"Polygon","coordinates":[[[-1.97734,43.32087],[-1.97732,43.32104],[-1.97733,43.32106],[-1.97735,43.32108],[-1.97738,43.32108],[-1.97741,43.32107],[-1.97743,43.32106],[-1.97744,43.32104],[-1.97743,43.32101],[-1.97734,43.32087]]]}},{"type":"Feature","properties":{"name":"","kind":"park","road":"","osm":241993204},"geometry":{"type":"Polygon","coordinates":[[[-1.97736,43.3212],[-1.97717,43.32125],[-1.97719,43.32129],[-1.97736,43.32122],[-1.97737,43.32121],[-1.97737,43.3212],[-1.97736,43.3212]]]}},{"type":"Feature","properties":{"name":"","kind":"park","road":"","osm":241993206},"geometry":{"type":"Polygon","coordinates":[[[-1.97738,43.31981],[-1.97728,43.3198],[-1.97734,43.3193],[-1.97744,43.31931],[-1.97738,43.31981]]]}},{"type":"Feature","properties":{"name":"","kind":"road","road":"pedestrian","osm":249637613},"geometry":{"type":"LineString","coordinates":[[-2.01072,43.30981],[-2.01082,43.30981],[-2.01098,43.30982],[-2.0111,43.30985],[-2.0112,43.30991],[-2.0113,43.30999],[-2.01135,43.31004],[-2.01139,43.31008],[-2.01163,43.31038],[-2.01156,43.31053]]}},{"type":"Feature","properties":{"name":"Arroka plaza","kind":"road","road":"pedestrian","osm":250848429},"geometry":{"type":"LineString","coordinates":[[-1.98309,43.31383],[-1.98311,43.31395],[-1.98316,43.31415],[-1.98332,43.31411],[-1.98348,43.31422],[-1.98357,43.31425],[-1.9838,43.31426],[-1.98387,43.3138],[-1.9838,43.31379],[-1.98374,43.31379],[-1.98373,43.31391],[-1.9836,43.3139],[-1.98353,43.31389],[-1.98327,43.31375],[-1.98325,43.31376],[-1.98321,43.31379],[-1.98309,43.31383]]}},{"type":"Feature","properties":{"name":"Plaza Euskadi","kind":"road","road":"secondary","osm":250852127},"geometry":{"type":"LineString","coordinates":[[-1.97751,43.32123],[-1.97722,43.3213],[-1.97719,43.32131],[-1.97717,43.32131],[-1.97714,43.32131],[-1.97711,43.3213],[-1.97709,43.32129]]}},{"type":"Feature","properties":{"name":"","kind":"road","road":"tertiary","osm":251833077},"geometry":{"type":"LineString","coordinates":[[-1.98957,43.31095],[-1.98943,43.31095],[-1.98927,43.31092]]}},{"type":"Feature","properties":{"name":"","kind":"road","road":"tertiary","osm":251833078},"geometry":{"type":"LineString","coordinates":[[-1.98927,43.31092],[-1.9891,43.31085]]}},{"type":"Feature","properties":{"name":"","kind":"road","road":"tertiary","osm":251833079},"geometry":{"type":"LineString","coordinates":[[-1.9891,43.31085],[-1.98905,43.31086],[-1.989,43.31088],[-1.98897,43.3109]]}},{"type":"Feature","properties":{"name":"","kind":"road","road":"tertiary","osm":251833080},"geometry":{"type":"LineString","coordinates":[[-1.98897,43.31094],[-1.98898,43.31097],[-1.98902,43.311],[-1.98906,43.31102],[-1.98915,43.31102],[-1.98925,43.31103]]}},{"type":"Feature","properties":{"name":"","kind":"road","road":"tertiary","osm":251833081},"geometry":{"type":"LineString","coordinates":[[-1.98925,43.31103],[-1.98935,43.31105],[-1.98943,43.31106]]}},{"type":"Feature","properties":{"name":"Aldapeta galtzada","kind":"road","road":"tertiary","osm":251833082},"geometry":{"type":"LineString","coordinates":[[-1.98925,43.31103],[-1.98933,43.31108],[-1.98938,43.31115]]}},{"type":"Feature","properties":{"name":"Aiete pasealekua","kind":"road","road":"tertiary","osm":251833084},"geometry":{"type":"LineString","coordinates":[[-1.98943,43.31106],[-1.98946,43.31103]]}},{"type":"Feature","properties":{"name":"","kind":"road","road":"tertiary","osm":251833086},"geometry":{"type":"LineString","coordinates":[[-1.98946,43.31103],[-1.98937,43.31097],[-1.98927,43.31092]]}},{"type":"Feature","properties":{"name":"Aiete pasealekua","kind":"road","road":"tertiary","osm":252489524},"geometry":{"type":"LineString","coordinates":[[-1.98957,43.31095],[-1.98974,43.31086],[-1.9905,43.31053],[-1.99051,43.31052],[-1.99065,43.31045],[-1.99082,43.31031],[-1.99097,43.31016],[-1.99111,43.30997],[-1.99117,43.30987],[-1.9914,43.30949],[-1.99149,43.30934],[-1.99175,43.30892],[-1.99207,43.3084]]}},{"type":"Feature","properties":{"name":"Antso Jakitunaren hiribidea","kind":"road","road":"secondary","osm":252489525},"geometry":{"type":"LineString","coordinates":[[-1.98042,43.31158],[-1.98039,43.31139],[-1.98038,43.31132],[-1.98037,43.31129],[-1.98037,43.31126],[-1.98022,43.31054],[-1.98012,43.31],[-1.98011,43.30996],[-1.98009,43.30987],[-1.98007,43.30977],[-1.97996,43.3092],[-1.97995,43.30917],[-1.97983,43.30855],[-1.97983,43.30852],[-1.97982,43.30848],[-1.97981,43.30843]]}},{"type":"Feature","properties":{"name":"Easo kalea","kind":"road","road":"secondary","osm":252489527},"geometry":{"type":"LineString","coordinates":[[-1.98042,43.3122],[-1.9805,43.31225]]}},{"type":"Feature","properties":{"name":"Urbieta kalea","kind":"road","road":"secondary","osm":260905700},"geometry":{"type":"LineString","coordinates":[[-1.98404,43.31877],[-1.98399,43.3187],[-1.98371,43.3183],[-1.98368,43.31826],[-1.98363,43.31818],[-1.98359,43.31813],[-1.98336,43.3178],[-1.98334,43.31777],[-1.98326,43.31766],[-1.98296,43.31725],[-1.98294,43.31721],[-1.9829,43.31715],[-1.98288,43.31713]]}},{"type":"Feature","properties":{"name":"Askatasunaren hiribidea","kind":"road","road":"secondary","osm":260905701},"geometry":{"type":"LineString","coordinates":[[-1.98407,43.31881],[-1.98396,43.31883],[-1.98388,43.31886],[-1.98337,43.31905],[-1.98332,43.31907],[-1.98324,43.3191],[-1.98317,43.31913]]}},{"type":"Feature","properties":{"name":"","kind":"road","road":"pedestrian","osm":260922254},"geometry":{"type":"LineString","coordinates":[[-2.00918,43.32124],[-2.00927,43.32122],[-2.00974,43.32103],[-2.01006,43.3209],[-2.01038,43.32072],[-2.01047,43.32068],[-2.01046,43.32067],[-2.01042,43.32063],[-2.01036,43.32056]]}},{"type":"Feature","properties":{"name":"","kind":"road","road":"secondary","osm":261083799},"geometry":{"type":"LineString","coordinates":[[-1.979,43.32078],[-1.97902,43.32077],[-1.97904,43.32078],[-1.97906,43.32078],[-1.97907,43.32079],[-1.9791,43.32084]]}},{"type":"Feature","properties":{"name":"Mandasko Dukearen pasealekua","kind":"road","road":"secondary","osm":261083802},"geometry":{"type":"LineString","coordinates":[[-1.97656,43.3208],[-1.97659,43.3208],[-1.97661,43.32081],[-1.97678,43.32088]]}},{"type":"Feature","properties":{"name":"","kind":"road","road":"secondary","osm":261083803},"geometry":{"type":"LineString","coordinates":[[-1.97656,43.3208],[-1.97659,43.32079],[-1.9766,43.32079],[-1.97661,43.32078],[-1.97664,43.32077],[-1.97665,43.32075],[-1.97666,43.32074],[-1.97666,43.32073],[-1.97667,43.32072]]}},{"type":"Feature","properties":{"name":"","kind":"road","road":"tertiary","osm":261086787},"geometry":{"type":"LineString","coordinates":[[-2.00379,43.31418],[-2.00378,43.31413],[-2.00377,43.31406]]}},{"type":"Feature","properties":{"name":"Paseo del Urumea","kind":"road","road":"pedestrian","osm":261626775},"geometry":{"type":"LineString","coordinates":[[-1.97772,43.30981],[-1.97768,43.30963],[-1.97761,43.30942],[-1.97752,43.30919],[-1.97727,43.3088],[-1.97717,43.30866],[-1.97715,43.30864],[-1.97712,43.3086],[-1.97707,43.30854],[-1.977,43.30846],[-1.97699,43.30845],[-1.97676,43.30824],[-1.97659,43.30812],[-1.97641,43.30801],[-1.97624,43.30793],[-1.97609,43.30789],[-1.9759,43.30785],[-1.97572,43.30784],[-1.97555,43.30784],[-1.97537,43.30786],[-1.97516,43.30791],[-1.97488,43.308]]}},{"type":"Feature","properties":{"name":"Parke kalea","kind":"road","road":"tertiary","osm":261699390},"geometry":{"type":"LineString","coordinates":[[-1.98015,43.31134],[-1.98004,43.31135]]}},{"type":"Feature","properties":{"name":"Askatasunaren hiribidea","kind":"road","road":"secondary","osm":261881726},"geometry":{"type":"LineString","coordinates":[[-1.98094,43.32004],[-1.98102,43.32001],[-1.98158,43.3198],[-1.98164,43.31978],[-1.98172,43.31975],[-1.9818,43.31972],[-1.98242,43.31948],[-1.98247,43.31947],[-1.98254,43.31944]]}},{"type":"Feature","properties":{"name":"Antso Jakitunaren hiribidea","kind":"road","road":"secondary","osm":262437597},"geometry":{"type":"LineString","coordinates":[[-1.97991,43.30989],[-1.97993,43.30998],[-1.98001,43.31043],[-1.98004,43.31055],[-1.98015,43.31112],[-1.98016,43.31121],[-1.98015,43.31128],[-1.98015,43.31132],[-1.98015,43.31134]]}},{"type":"Feature","properties":{"name":"Euskadi plaza","kind":"road","road":"secondary","osm":262469763},"geometry":{"type":"LineString","coordinates":[[-1.9776,43.3213],[-1.97769,43.32127],[-1.97771,43.32126],[-1.97774,43.32125]]}},{"type":"Feature","properties":{"name":"Frantzia pasealekua","kind":"road","road":"secondary","osm":262470066},"geometry":{"type":"LineString","coordinates":[[-1.97678,43.32088],[-1.9767,43.32076],[-1.97668,43.32074],[-1.97667,43.32072],[-1.97667,43.32069],[-1.97667,43.32066],[-1.97668,43.32056]]}},{"type":"Feature","properties":{"name":"Askatasunaren hiribidea","kind":"road","road":"secondary","osm":262507519},"geometry":{"type":"LineString","coordinates":[[-1.98011,43.32028],[-1.98004,43.3203],[-1.97953,43.32049],[-1.97946,43.32052],[-1.97939,43.32054]]}},{"type":"Feature","properties":{"name":"Hernani kalea","kind":"road","road":"secondary","osm":262507522},"geometry":{"type":"LineString","coordinates":[[-1.98328,43.31916],[-1.98326,43.31915],[-1.98324,43.31914],[-1.98321,43.31914],[-1.98317,43.31913]]}},{"type":"Feature","properties":{"name":"Idiakez kalea","kind":"road","road":"tertiary","osm":262507523},"geometry":{"type":"LineString","coordinates":[[-1.98094,43.32004],[-1.9809,43.31998]]}},{"type":"Feature","properties":{"name":"Tolosa hiribidea","kind":"road","road":"secondary","osm":262538256},"geometry":{"type":"LineString","coordinates":[[-2.00988,43.31087],[-2.01,43.31076],[-2.01014,43.31058],[-2.01023,43.31045],[-2.0103,43.31032],[-2.01037,43.31014],[-2.01042,43.30993],[-2.01043,43.30971],[-2.01043,43.30956],[-2.0104,43.30935],[-2.01036,43.30922],[-2.01028,43.30904],[-2.01026,43.30899],[-2.01025,43.30894],[-2.01023,43.3089],[-2.01023,43.30887],[-2.01023,43.30886],[-2.01023,43.30882],[-2.01023,43.30878]]}},{"type":"Feature","properties":{"name":"Tolosa hiribidea","kind":"road","road":"secondary","osm":262538257},"geometry":{"type":"LineString","coordinates":[[-2.00628,43.31279],[-2.00641,43.31273],[-2.00646,43.3127],[-2.00736,43.31225],[-2.00748,43.31219],[-2.00753,43.31216],[-2.00851,43.31167]]}},{"type":"Feature","properties":{"name":"Zumalakarregi hiribidea","kind":"road","road":"secondary","osm":262538258},"geometry":{"type":"LineString","coordinates":[[-2.00524,43.31321],[-2.00509,43.31329],[-2.00426,43.31371],[-2.00397,43.31385],[-2.00357,43.31405],[-2.0035,43.31409]]}},{"type":"Feature","properties":{"name":"Zurriola hiribidea","kind":"road","road":"secondary","osm":262538259},"geometry":{"type":"LineString","coordinates":[[-1.977,43.32456],[-1.97697,43.32457],[-1.97686,43.32461],[-1.97624,43.32484],[-1.97607,43.32491],[-1.97603,43.32493]]}},{"type":"Feature","properties":{"name":"Zurriola hiribidea","kind":"road","road":"secondary","osm":262538260},"geometry":{"type":"LineString","coordinates":[[-1.97521,43.32525],[-1.97507,43.3253],[-1.97498,43.32533],[-1.97444,43.32554],[-1.97424,43.3256],[-1.97416,43.32562],[-1.97404,43.32565]]}},{"type":"Feature","properties":{"name":"Galtzada Nagusia","kind":"road","road":"secondary","osm":262538268},"geometry":{"type":"LineString","coordinates":[[-1.97521,43.32525],[-1.97524,43.32526],[-1.97527,43.32527],[-1.97531,43.32528],[-1.97533,43.32528]]}},{"type":"Feature","properties":{"name":"","kind":"water","road":"","osm":262606447},"geometry":{"type":"Polygon","coordinates":[[[-1.97988,43.32133],[-1.97986,43.32135],[-1.97984,43.32137],[-1.97982,43.32137],[-1.97979,43.32138],[-1.97976,43.32137],[-1.97974,43.32136],[-1.97972,43.32135],[-1.97972,43.32134],[-1.97971,43.32131],[-1.97972,43.32129],[-1.97973,43.32128],[-1.97974,43.32127],[-1.97976,43.32126],[-1.97979,43.32126],[-1.97982,43.32126],[-1.97985,43.32127],[-1.97986,43.32129],[-1.97988,43.32131],[-1.97988,43.32133]]]}},{"type":"Feature","properties":{"name":"","kind":"water","road":"","osm":262607932},"geometry":{"type":"Polygon","coordinates":[[[-1.98138,43.32277],[-1.98136,43.32275],[-1.98153,43.3227],[-1.98154,43.32272],[-1.98157,43.32271],[-1.98158,43.32271],[-1.98159,43.32271],[-1.9816,43.32272],[-1.98161,43.32273],[-1.98161,43.32274],[-1.98161,43.32275],[-1.9816,43.32276],[-1.98157,43.32277],[-1.98159,43.32279],[-1.98142,43.32284],[-1.98141,43.32282],[-1.98135,43.32284],[-1.98131,43.32279],[-1.98138,43.32277]]]}},{"type":"Feature","properties":{"name":"","kind":"road","road":"pedestrian","osm":264275419},"geometry":{"type":"LineString","coordinates":[[-1.99891,43.31165],[-1.99911,43.31197]]}},{"type":"Feature","properties":{"name":"","kind":"road","road":"pedestrian","osm":264314722},"geometry":{"type":"LineString","coordinates":[[-1.99955,43.31193],[-1.99967,43.31191]]}},{"type":"Feature","properties":{"name":"","kind":"road","road":"pedestrian","osm":269708613},"geometry":{"type":"LineString","coordinates":[[-1.98634,43.31501],[-1.98625,43.31503]]}},{"type":"Feature","properties":{"name":"Plaza Euskadi","kind":"road","road":"secondary","osm":273255255},"geometry":{"type":"LineString","coordinates":[[-1.97767,43.32115],[-1.97762,43.32118],[-1.97751,43.32123]]}},{"type":"Feature","properties":{"name":"Boulevard zumardia","kind":"road","road":"secondary","osm":292296438},"geometry":{"type":"LineString","coordinates":[[-1.98267,43.32253],[-1.98272,43.32251],[-1.98276,43.3225],[-1.98345,43.32223],[-1.9835,43.32222],[-1.98417,43.32197],[-1.98422,43.32195],[-1.98429,43.32192],[-1.98475,43.32175],[-1.98485,43.32171],[-1.98489,43.3217],[-1.98493,43.32168],[-1.98495,43.32167],[-1.98497,43.32165],[-1.98498,43.32164],[-1.98499,43.32162]]}},{"type":"Feature","properties":{"name":"Askatasunaren hiribidea","kind":"road","road":"secondary","osm":292296439},"geometry":{"type":"LineString","coordinates":[[-1.9825,43.31938],[-1.98243,43.3194],[-1.9818,43.31964],[-1.98176,43.31966],[-1.98168,43.31969],[-1.9816,43.31972],[-1.98098,43.31995],[-1.9809,43.31998]]}},{"type":"Feature","properties":{"name":"Satrustegi hiribidea","kind":"road","road":"tertiary","osm":331277177},"geometry":{"type":"LineString","coordinates":[[-2.00478,43.31657],[-2.00486,43.31659],[-2.00539,43.31675],[-2.00544,43.31676],[-2.00548,43.31677]]}},{"type":"Feature","properties":{"name":"Satrustegi hiribidea","kind":"road","road":"tertiary","osm":331277178},"geometry":{"type":"LineString","coordinates":[[-2.00464,43.31652],[-2.00478,43.31657]]}},{"type":"Feature","properties":{"name":"Kale Nagusia","kind":"road","road":"pedestrian","osm":331277180},"geometry":{"type":"LineString","coordinates":[[-1.98542,43.32212],[-1.98541,43.32211],[-1.9854,43.32208]]}},{"type":"Feature","properties":{"name":"Kristobal Balenziaga pasealekua","kind":"road","road":"tertiary","osm":331277189},"geometry":{"type":"LineString","coordinates":[[-2.01626,43.31793],[-2.01627,43.31801],[-2.01629,43.31808],[-2.01635,43.31817],[-2.01726,43.31913],[-2.01734,43.3192],[-2.01743,43.31923],[-2.01752,43.31923],[-2.01762,43.31921],[-2.0177,43.31915],[-2.01779,43.31907],[-2.01788,43.31899],[-2.01798,43.3189],[-2.01808,43.31883],[-2.01819,43.31877],[-2.0183,43.31872],[-2.0184,43.31869],[-2.0185,43.31867],[-2.01864,43.31867],[-2.01879,43.31867],[-2.01932,43.3187],[-2.01949,43.31868],[-2.01963,43.31864]]}},{"type":"Feature","properties":{"name":"Igeldo pasealekua","kind":"road","road":"tertiary","osm":331277206},"geometry":{"type":"LineString","coordinates":[[-2.00618,43.31576],[-2.00639,43.31557]]}},{"type":"Feature","properties":{"name":"Igeldo pasealekua","kind":"road","road":"tertiary","osm":331277208},"geometry":{"type":"LineString","coordinates":[[-2.00678,43.31529],[-2.0068,43.31521],[-2.00678,43.31515],[-2.00672,43.31509]]}},{"type":"Feature","properties":{"name":"","kind":"road","road":"pedestrian","osm":331277246},"geometry":{"type":"LineString","coordinates":[[-1.98498,43.32138],[-1.98517,43.32131],[-1.9855,43.32119],[-1.98583,43.32106],[-1.98616,43.32094]]}},{"type":"Feature","properties":{"name":"Julio Caro Baroja plaza","kind":"road","road":"pedestrian","osm":357209384},"geometry":{"type":"LineString","coordinates":[[-2.00836,43.30974],[-2.0087,43.30957],[-2.00873,43.30956],[-2.00872,43.30956],[-2.00841,43.30923],[-2.00837,43.30919],[-2.00832,43.30922],[-2.008,43.30938],[-2.00795,43.3094],[-2.00811,43.30957],[-2.00818,43.30964],[-2.0083,43.30977],[-2.00836,43.30974]]}},{"type":"Feature","properties":{"name":"Plaza de Cataluña","kind":"road","road":"pedestrian","osm":357945056},"geometry":{"type":"LineString","coordinates":[[-1.97514,43.32387],[-1.97504,43.3238],[-1.97462,43.32349],[-1.97456,43.32344],[-1.97451,43.3234]]}},{"type":"Feature","properties":{"name":"Ijentea","kind":"road","road":"pedestrian","osm":358900562},"geometry":{"type":"LineString","coordinates":[[-1.98507,43.32174],[-1.9852,43.32204],[-1.98523,43.32207],[-1.98529,43.32209],[-1.9854,43.32208]]}},{"type":"Feature","properties":{"name":"","kind":"road","road":"pedestrian","osm":358900563},"geometry":{"type":"LineString","coordinates":[[-1.98657,43.32162],[-1.98654,43.32158],[-1.98617,43.32097]]}},{"type":"Feature","properties":{"name":"Lasta plaza","kind":"road","road":"pedestrian","osm":358901149},"geometry":{"type":"LineString","coordinates":[[-1.98758,43.32305],[-1.98751,43.32294],[-1.98703,43.32197],[-1.98692,43.32185]]}},{"type":"Feature","properties":{"name":"Alfontso VIII.a","kind":"road","road":"pedestrian","osm":358980453},"geometry":{"type":"LineString","coordinates":[[-1.98094,43.31714],[-1.98097,43.31709],[-1.98121,43.31699],[-1.9814,43.31692]]}},{"type":"Feature","properties":{"name":"Artzain Onaren plaza","kind":"road","road":"pedestrian","osm":358980454},"geometry":{"type":"LineString","coordinates":[[-1.98153,43.31622],[-1.98157,43.31627],[-1.9819,43.31674],[-1.98196,43.31682],[-1.98216,43.31711],[-1.9819,43.31721],[-1.98166,43.3173],[-1.98145,43.317],[-1.9814,43.31692],[-1.98107,43.31646],[-1.98103,43.31641]]}},{"type":"Feature","properties":{"name":"Artzai Onaren plaza","kind":"road","road":"pedestrian","osm":358980455},"geometry":{"type":"LineString","coordinates":[[-1.9819,43.31721],[-1.98204,43.3174],[-1.98205,43.31742],[-1.98206,43.31744]]}},{"type":"Feature","properties":{"name":"Alfontso VIII","kind":"road","road":"pedestrian","osm":358980456},"geometry":{"type":"LineString","coordinates":[[-1.98094,43.31714],[-1.98103,43.31716],[-1.98126,43.31707],[-1.98145,43.317]]}},{"type":"Feature","properties":{"name":"San Martzial kalea","kind":"road","road":"pedestrian","osm":358980458},"geometry":{"type":"LineString","coordinates":[[-1.98281,43.31849],[-1.98207,43.31877],[-1.98125,43.31908],[-1.98047,43.31937],[-1.97975,43.31964],[-1.97968,43.31967]]}},{"type":"Feature","properties":{"name":"San Bartolome kalea","kind":"road","road":"pedestrian","osm":358980459},"geometry":{"type":"LineString","coordinates":[[-1.9825,43.31656],[-1.98236,43.31656],[-1.98217,43.31663],[-1.98216,43.31664],[-1.98207,43.31667],[-1.9819,43.31674]]}},{"type":"Feature","properties":{"name":"Bilbao plaza","kind":"road","road":"pedestrian","osm":358980763},"geometry":{"type":"LineString","coordinates":[[-1.97994,43.3175],[-1.97993,43.31747],[-1.97993,43.31745],[-1.97993,43.31742],[-1.97995,43.31739],[-1.97997,43.31736],[-1.98001,43.31734],[-1.98005,43.31733],[-1.98009,43.31732],[-1.98013,43.31733],[-1.98017,43.31733],[-1.98021,43.31735],[-1.98024,43.31737],[-1.98026,43.3174]]}},{"type":"Feature","properties":{"name":"Bilbao plaza","kind":"road","road":"pedestrian","osm":358980764},"geometry":{"type":"LineString","coordinates":[[-1.98026,43.3174],[-1.98027,43.31742],[-1.98028,43.31744],[-1.98028,43.31747],[-1.98027,43.31749],[-1.98026,43.31752],[-1.98024,43.31754],[-1.98021,43.31755],[-1.98019,43.31757],[-1.98014,43.31758],[-1.98009,43.31758],[-1.98004,43.31757],[-1.98,43.31756],[-1.97996,43.31753],[-1.97994,43.3175]]}},{"type":"Feature","properties":{"name":"San Bartolome kalea","kind":"road","road":"pedestrian","osm":358980850},"geometry":{"type":"LineString","coordinates":[[-1.9825,43.31656],[-1.98241,43.31665],[-1.98213,43.31676],[-1.98196,43.31682]]}},{"type":"Feature","properties":{"name":"Colon pasealekua","kind":"road","road":"secondary","osm":362664331},"geometry":{"type":"LineString","coordinates":[[-1.97464,43.32483],[-1.97474,43.32476],[-1.97512,43.32448],[-1.97543,43.32426],[-1.97546,43.32424],[-1.97553,43.32419],[-1.97556,43.32417],[-1.97607,43.32381],[-1.97611,43.32378],[-1.97624,43.32368],[-1.9763,43.32364],[-1.97665,43.32338],[-1.97673,43.3233],[-1.97688,43.32317],[-1.97716,43.32289],[-1.9772,43.32285],[-1.97721,43.32279]]}},{"type":"Feature","properties":{"name":"Galtzada Nagusia","kind":"road","road":"secondary","osm":362664332},"geometry":{"type":"LineString","coordinates":[[-1.97464,43.32483],[-1.97477,43.32492],[-1.97504,43.32512],[-1.97512,43.32519],[-1.97521,43.32525]]}},{"type":"Feature","properties":{"name":"Mirakruz kalea","kind":"road","road":"secondary","osm":362664337},"geometry":{"type":"LineString","coordinates":[[-1.9754,43.32184],[-1.97531,43.32186],[-1.97493,43.32194],[-1.97479,43.32197],[-1.97467,43.32199],[-1.97459,43.32201],[-1.97454,43.32202],[-1.97397,43.32214],[-1.97381,43.32218],[-1.97367,43.32221],[-1.97362,43.32222],[-1.97335,43.32227],[-1.97321,43.3223],[-1.97307,43.32231],[-1.97293,43.32232],[-1.97282,43.32232],[-1.97279,43.32232],[-1.97217,43.3223]]}},{"type":"Feature","properties":{"name":"Mirakontxa pasealekua","kind":"road","road":"secondary","osm":362668300},"geometry":{"type":"LineString","coordinates":[[-1.99964,43.31533],[-1.99951,43.31535],[-1.99938,43.31537],[-1.99921,43.31538],[-1.99903,43.31536],[-1.99882,43.31533]]}},{"type":"Feature","properties":{"name":"Hernani kalea","kind":"road","road":"secondary","osm":362668301},"geometry":{"type":"LineString","coordinates":[[-1.98447,43.3208],[-1.98443,43.32075],[-1.98398,43.3201],[-1.98396,43.32007]]}},{"type":"Feature","properties":{"name":"","kind":"road","road":"secondary","osm":362668302},"geometry":{"type":"LineString","coordinates":[[-2.00002,43.31516],[-1.99988,43.31525],[-1.99975,43.3153],[-1.99964,43.31533]]}},{"type":"Feature","properties":{"name":"Frantzia pasealekua","kind":"road","road":"secondary","osm":362668303},"geometry":{"type":"LineString","coordinates":[[-1.97722,43.31743],[-1.97724,43.31737],[-1.97725,43.31733],[-1.97725,43.31728],[-1.97726,43.31723]]}},{"type":"Feature","properties":{"name":"Zumalakarregi hiribidea","kind":"road","road":"secondary","osm":362668304},"geometry":{"type":"LineString","coordinates":[[-2.0035,43.31409],[-2.00303,43.31433],[-2.00253,43.31458],[-2.00243,43.31463],[-2.00155,43.31507],[-2.00129,43.3152],[-2.00127,43.31521],[-2.00122,43.31523],[-2.00103,43.31533],[-2.00098,43.31534],[-2.00093,43.31535],[-2.00087,43.31534]]}},{"type":"Feature","properties":{"name":"Mirakontxa pasealekua","kind":"road","road":"secondary","osm":362668310},"geometry":{"type":"LineString","coordinates":[[-1.99172,43.31458],[-1.99217,43.31451],[-1.99249,43.31448],[-1.99267,43.31446],[-1.99285,43.31445],[-1.99319,43.31445],[-1.99361,43.31445],[-1.99397,43.31444],[-1.99451,43.31444],[-1.99503,43.31443],[-1.99554,43.31443],[-1.99573,43.31444],[-1.99595,43.31446],[-1.99616,43.31449],[-1.99718,43.31469],[-1.99749,43.31477],[-1.99778,43.31487]]}},{"type":"Feature","properties":{"name":"","kind":"road","road":"secondary","osm":362668313},"geometry":{"type":"LineString","coordinates":[[-2.0,43.31561],[-2.00009,43.31562],[-2.00018,43.31562],[-2.00028,43.31562],[-2.00034,43.31562],[-2.00041,43.31561]]}},{"type":"Feature","properties":{"name":"Easo kalea","kind":"road","road":"secondary","osm":362669860},"geometry":{"type":"LineString","coordinates":[[-1.98339,43.31624],[-1.98344,43.31631],[-1.98376,43.31677],[-1.98378,43.31679]]}},{"type":"Feature","properties":{"name":"Prim kalea","kind":"road","road":"tertiary","osm":362669861},"geometry":{"type":"LineString","coordinates":[[-1.97987,43.31685],[-1.97987,43.3168],[-1.97988,43.31672],[-1.97996,43.316],[-1.97997,43.31595],[-1.97997,43.31592],[-1.97997,43.31586],[-1.97998,43.31578],[-1.97999,43.31574],[-1.98003,43.31536],[-1.98008,43.31487],[-1.98008,43.31486],[-1.98014,43.31428],[-1.98015,43.31426],[-1.98019,43.31383],[-1.9802,43.31374],[-1.9802,43.31372],[-1.98023,43.31344],[-1.98024,43.3134],[-1.98025,43.31336],[-1.98027,43.31332]]}},{"type":"Feature","properties":{"name":"Pio Baroja pasealekua","kind":"road","road":"secondary","osm":362669863},"geometry":{"type":"LineString","coordinates":[[-1.99968,43.31414],[-1.99978,43.31418],[-1.99983,43.3142],[-1.99988,43.31423],[-1.99993,43.31426],[-1.99997,43.31429],[-2.00006,43.31437],[-2.00039,43.31469],[-2.00043,43.31478],[-2.00042,43.31485]]}},{"type":"Feature","properties":{"name":"Bizkaia pasealekua","kind":"road","road":"secondary","osm":362669864},"geometry":{"type":"LineString","coordinates":[[-1.97895,43.30999],[-1.97897,43.31003],[-1.97903,43.31014],[-1.97904,43.31017],[-1.97922,43.3112],[-1.97923,43.31123],[-1.97924,43.31129],[-1.97925,43.31134],[-1.97927,43.31143]]}},{"type":"Feature","properties":{"name":"Pio Baroja pasealekua","kind":"road","road":"secondary","osm":362669866},"geometry":{"type":"LineString","coordinates":[[-1.99974,43.31396],[-1.99965,43.31396],[-1.99957,43.31395],[-1.99956,43.31395],[-1.99948,43.31394],[-1.99939,43.31391],[-1.99911,43.31381],[-1.99866,43.31359],[-1.99815,43.3133],[-1.99811,43.31327],[-1.99806,43.31324],[-1.99803,43.3132],[-1.99802,43.31319],[-1.99799,43.31316]]}},{"type":"Feature","properties":{"name":"Urbieta kalea","kind":"road","road":"secondary","osm":362669868},"geometry":{"type":"LineString","coordinates":[[-1.9825,43.31656],[-1.98219,43.31612],[-1.98215,43.31607],[-1.98211,43.316],[-1.98181,43.31558],[-1.98169,43.3154],[-1.98167,43.31538],[-1.98159,43.31526]]}},{"type":"Feature","properties":{"name":"Antso Jakitunaren hiribidea","kind":"road","road":"secondary","osm":362669869},"geometry":{"type":"LineString","coordinates":[[-1.97971,43.30891],[-1.97976,43.30913],[-1.97977,43.30919],[-1.97988,43.30975],[-1.97989,43.30979],[-1.97991,43.30989]]}},{"type":"Feature","properties":{"name":"","kind":"road","road":"secondary","osm":362669870},"geometry":{"type":"LineString","coordinates":[[-2.00041,43.31561],[-2.00047,43.3156],[-2.00057,43.31558],[-2.00066,43.31557],[-2.00074,43.31554],[-2.0008,43.31552],[-2.00082,43.31551],[-2.00099,43.31545]]}},{"type":"Feature","properties":{"name":"Zurriola hiribidea","kind":"road","road":"secondary","osm":362777758},"geometry":{"type":"LineString","coordinates":[[-1.97354,43.32595],[-1.97388,43.32582],[-1.97394,43.3258],[-1.97506,43.32538],[-1.97511,43.32536],[-1.97533,43.32528]]}},{"type":"Feature","properties":{"name":"Zurriola hiribidea","kind":"road","road":"secondary","osm":362816033},"geometry":{"type":"LineString","coordinates":[[-1.97533,43.32528],[-1.97599,43.32503],[-1.97603,43.32502],[-1.97607,43.325],[-1.97687,43.3247],[-1.97691,43.32468],[-1.97705,43.32463]]}},{"type":"Feature","properties":{"name":"Boulevard","kind":"road","road":"pedestrian","osm":363050758},"geometry":{"type":"LineString","coordinates":[[-1.98202,43.323],[-1.98206,43.32299],[-1.98282,43.32278],[-1.98394,43.32249],[-1.98498,43.32223],[-1.98542,43.32212]]}},{"type":"Feature","properties":{"name":"Satrustegi hiribidea","kind":"road","road":"secondary","osm":363115224},"geometry":{"type":"LineString","coordinates":[[-2.00075,43.31531],[-2.00054,43.31508],[-2.00048,43.31497],[-2.00049,43.31486],[-2.00051,43.3148]]}},{"type":"Feature","properties":{"name":"Federico Garcia Lorca pasealekua","kind":"road","road":"secondary","osm":363128014},"geometry":{"type":"LineString","coordinates":[[-1.97795,43.31158],[-1.97797,43.31151],[-1.97798,43.31143]]}},{"type":"Feature","properties":{"name":"","kind":"road","road":"pedestrian","osm":363136349},"geometry":{"type":"LineString","coordinates":[[-1.98833,43.32598],[-1.98854,43.32595],[-1.98871,43.32593],[-1.98887,43.3259],[-1.989,43.32587],[-1.98911,43.32585],[-1.98922,43.32585],[-1.98935,43.32586],[-1.98949,43.32588],[-1.98967,43.32591],[-1.98978,43.32591],[-1.98993,43.32587],[-1.98999,43.32585],[-1.99015,43.32561],[-1.99027,43.32544],[-1.99039,43.3253],[-1.99052,43.32512],[-1.99061,43.325],[-1.99066,43.32487],[-1.99072,43.3246],[-1.99082,43.32438],[-1.99089,43.32427],[-1.99093,43.3242],[-1.99092,43.32415],[-1.99091,43.32411]]}},{"type":"Feature","properties":{"name":"Tolosa hiribidea","kind":"road","road":"secondary","osm":363161267},"geometry":{"type":"LineString","coordinates":[[-2.00998,43.3089],[-2.01004,43.30897],[-2.01009,43.30903],[-2.01018,43.30917],[-2.01023,43.30927],[-2.01026,43.30938],[-2.01029,43.30957],[-2.0103,43.30971],[-2.01029,43.30992],[-2.01025,43.31012],[-2.01017,43.3103],[-2.01011,43.31042],[-2.01004,43.31054],[-2.00989,43.31071],[-2.00978,43.31082],[-2.00971,43.31088],[-2.00946,43.31106],[-2.00928,43.31117],[-2.00862,43.31151],[-2.00856,43.31154],[-2.00844,43.3116],[-2.00746,43.31209],[-2.00741,43.31212],[-2.00733,43.31216],[-2.00639,43.31263],[-2.00635,43.31265],[-2.00621,43.31272],[-2.00587,43.3129],[-2.00535,43.31315]]}},{"type":"Feature","properties":{"name":"Urbieta kalea","kind":"road","road":"secondary","osm":363241861},"geometry":{"type":"LineString","coordinates":[[-1.98047,43.31367],[-1.98044,43.31363],[-1.98033,43.31347],[-1.9803,43.31341],[-1.98028,43.31337],[-1.98027,43.31332]]}},{"type":"Feature","properties":{"name":"Easo kalea","kind":"road","road":"secondary","osm":363241868},"geometry":{"type":"LineString","coordinates":[[-1.98193,43.31415],[-1.98239,43.31482],[-1.98241,43.31484],[-1.98242,43.31485],[-1.98245,43.3149],[-1.98248,43.31494],[-1.98259,43.31509],[-1.98262,43.31513],[-1.98291,43.31555],[-1.98296,43.31562],[-1.98298,43.31566]]}},{"type":"Feature","properties":{"name":"Simona de Lajust kalea","kind":"road","road":"pedestrian","osm":368312180},"geometry":{"type":"LineString","coordinates":[[-2.00485,43.31122],[-2.00482,43.31124]]}},{"type":"Feature","properties":{"name":"Kontxa pasealekua","kind":"road","road":"pedestrian","osm":368312201},"geometry":{"type":"LineString","coordinates":[[-1.98496,43.31968],[-1.9849,43.31929],[-1.98488,43.31922],[-1.98494,43.31905],[-1.98503,43.3188],[-1.98534,43.31838],[-1.98553,43.31811],[-1.98579,43.31779],[-1.98632,43.31725],[-1.98665,43.31698],[-1.98695,43.31673],[-1.98763,43.31624],[-1.98833,43.31575]]}},{"type":"Feature","properties":{"name":"","kind":"road","road":"pedestrian","osm":368312289},"geometry":{"type":"LineString","coordinates":[[-1.98405,43.32007],[-1.98407,43.32007],[-1.98407,43.32004],[-1.9841,43.32002],[-1.98496,43.3197]]}},{"type":"Feature","properties":{"name":"Nestor Basterretxea plaza","kind":"road","road":"pedestrian","osm":368359045},"geometry":{"type":"LineString","coordinates":[[-1.97626,43.31737],[-1.97626,43.31734],[-1.97627,43.31729],[-1.97629,43.31717],[-1.97601,43.31714],[-1.97577,43.31712],[-1.97576,43.31715],[-1.97526,43.3171],[-1.97524,43.31719],[-1.97523,43.31725],[-1.97522,43.3173],[-1.97573,43.31734],[-1.97574,43.3173],[-1.97578,43.3173],[-1.97585,43.3173],[-1.97602,43.3173],[-1.97623,43.31737],[-1.97626,43.31737]]}},{"type":"Feature","properties":{"name":"Cala de Santa Clara","kind":"beach","road":"","osm":371430726},"geometry":{"type":"Polygon","coordinates":[[[-1.99989,43.32078],[-1.99989,43.3208],[-1.99988,43.32082],[-1.99973,43.32085],[-1.9996,43.32087],[-1.99935,43.32079],[-1.99928,43.32077],[-1.9996,43.32059],[-1.99967,43.32055],[-1.99978,43.32054],[-1.99987,43.32059],[-1.9999,43.3206],[-1.99989,43.32076],[-1.99989,43.32078]]]}},{"type":"Feature","properties":{"name":"Zabaleta kalea","kind":"road","road":"pedestrian","osm":375827806},"geometry":{"type":"LineString","coordinates":[[-1.97435,43.32439],[-1.97466,43.32419],[-1.97514,43.32387]]}},{"type":"Feature","properties":{"name":"Andre Zigarrogileen plaza","kind":"road","road":"pedestrian","osm":405903416},"geometry":{"type":"LineString","coordinates":[[-1.97499,43.31708],[-1.97502,43.31678],[-1.97503,43.31672],[-1.97504,43.31668],[-1.97505,43.31661],[-1.97508,43.31649],[-1.97512,43.31636],[-1.97518,43.31625],[-1.97525,43.31617],[-1.97534,43.31605],[-1.97539,43.31605],[-1.97552,43.31606],[-1.97545,43.31647],[-1.97541,43.31646],[-1.97539,43.31658],[-1.97537,43.31668],[-1.97541,43.31668],[-1.97534,43.31708],[-1.97577,43.31712],[-1.97576,43.31715],[-1.97526,43.3171],[-1.97514,43.31709],[-1.97499,43.31708]]}},{"type":"Feature","properties":{"name":"Maria Kristina zubia","kind":"road","road":"tertiary","osm":405952653},"geometry":{"type":"LineString","coordinates":[[-1.97762,43.31731],[-1.97764,43.31731],[-1.9777,43.31732],[-1.97779,43.31732]]}},{"type":"Feature","properties":{"name":"","kind":"road","road":"pedestrian","osm":405953499},"geometry":{"type":"LineString","coordinates":[[-1.97764,43.31677],[-1.97773,43.31675],[-1.97773,43.31671],[-1.97767,43.31666],[-1.97775,43.3166],[-1.97777,43.31646],[-1.97777,43.31645],[-1.9778,43.31645],[-1.97785,43.31645],[-1.97784,43.3165],[-1.97774,43.31726],[-1.97774,43.31728],[-1.9777,43.31727],[-1.97767,43.31726],[-1.97769,43.31717],[-1.97762,43.31713],[-1.97764,43.31677]]}},{"type":"Feature","properties":{"name":"","kind":"park","road":"","osm":438324199},"geometry":{"type":"Polygon","coordinates":[[[-1.97738,43.32153],[-1.9774,43.32154],[-1.97742,43.32168],[-1.97739,43.3217],[-1.97738,43.32153]]]}},{"type":"Feature","properties":{"name":"","kind":"park","road":"","osm":438324200},"geometry":{"type":"Polygon","coordinates":[[[-1.97732,43.32148],[-1.97728,43.32148],[-1.97723,43.32142],[-1.97724,43.32142],[-1.97726,43.32144],[-1.9773,43.32146],[-1.97733,43.32146],[-1.97732,43.32148]]]}},{"type":"Feature","properties":{"name":"","kind":"park","road":"","osm":438324201},"geometry":{"type":"Polygon","coordinates":[[[-1.97727,43.3214],[-1.97729,43.32142],[-1.97731,43.32143],[-1.97734,43.32143],[-1.97737,43.32139],[-1.97742,43.32135],[-1.97752,43.3213],[-1.97751,43.32129],[-1.97727,43.3214]]]}},{"type":"Feature","properties":{"name":"","kind":"park","road":"","osm":438324202},"geometry":{"type":"Polygon","coordinates":[[[-1.97676,43.32069],[-1.97676,43.32072],[-1.97683,43.32079],[-1.97688,43.32083],[-1.97693,43.32084],[-1.97698,43.32085],[-1.97702,43.32083],[-1.97706,43.32078],[-1.97707,43.32072],[-1.97676,43.32069]]]}},{"type":"Feature","properties":{"name":"Euskadi plaza","kind":"road","road":"pedestrian","osm":438658340},"geometry":{"type":"LineString","coordinates":[[-1.97773,43.32159],[-1.9776,43.32163],[-1.97743,43.3217],[-1.97742,43.3217],[-1.97739,43.3217],[-1.97738,43.32153],[-1.97739,43.3215],[-1.9774,43.32149],[-1.9774,43.32146],[-1.97742,43.32145],[-1.97743,43.32144],[-1.97744,43.32142],[-1.97745,43.32141],[-1.97751,43.32137],[-1.97755,43.32136],[-1.97759,43.32137],[-1.97762,43.32138],[-1.97763,43.3214],[-1.97765,43.32142],[-1.97768,43.32144],[-1.9777,43.32147],[-1.97767,43.32149],[-1.97772,43.32157],[-1.97773,43.32159]]}},{"type":"Feature","properties":{"name":"","kind":"park","road":"","osm":438658342},"geometry":{"type":"Polygon","coordinates":[[[-1.97763,43.3214],[-1.97762,43.32138],[-1.97759,43.32137],[-1.97755,43.32136],[-1.97751,43.32137],[-1.97745,43.32141],[-1.97744,43.32142],[-1.97745,43.32143],[-1.97747,43.32144],[-1.97748,43.32145],[-1.97763,43.3214]]]}},{"type":"Feature","properties":{"name":"","kind":"park","road":"","osm":438658343},"geometry":{"type":"Polygon","coordinates":[[[-1.97742,43.32145],[-1.9774,43.32146],[-1.9774,43.32149],[-1.97745,43.32147],[-1.97744,43.32146],[-1.97742,43.32145]]]}},{"type":"Feature","properties":{"name":"Arroka kalea","kind":"road","road":"pedestrian","osm":442106366},"geometry":{"type":"LineString","coordinates":[[-1.98296,43.31435],[-1.98266,43.31445],[-1.98256,43.31445],[-1.98247,43.31445]]}},{"type":"Feature","properties":{"name":"Usandizaga kalea","kind":"road","road":"pedestrian","osm":453294348},"geometry":{"type":"LineString","coordinates":[[-1.97661,43.32398],[-1.97657,43.32399],[-1.97656,43.324],[-1.97569,43.32429],[-1.97566,43.3243],[-1.97563,43.32431],[-1.97556,43.32433],[-1.97512,43.32448]]}},{"type":"Feature","properties":{"name":"Satrustegi hiribidea","kind":"road","road":"tertiary","osm":473682272},"geometry":{"type":"LineString","coordinates":[[-2.00581,43.3176],[-2.00586,43.31802],[-2.0059,43.31829],[-2.00596,43.31858],[-2.006,43.31873],[-2.00601,43.31878],[-2.00607,43.31884]]}},{"type":"Feature","properties":{"name":"Txalupagillene plaza","kind":"road","road":"pedestrian","osm":473684725},"geometry":{"type":"LineString","coordinates":[[-2.00334,43.31274],[-2.00356,43.31294],[-2.00359,43.31294],[-2.00351,43.31299],[-2.00342,43.31305],[-2.00342,43.31302],[-2.00304,43.31269],[-2.00309,43.31269],[-2.00318,43.31269],[-2.00325,43.31269],[-2.00329,43.3127],[-2.00331,43.31271],[-2.00334,43.31274]]}},{"type":"Feature","properties":{"name":"Askatasunaren hiribidea","kind":"road","road":"secondary","osm":558472131},"geometry":{"type":"LineString","coordinates":[[-1.97943,43.32061],[-1.97945,43.3206],[-1.9795,43.32058],[-1.98003,43.32038],[-1.98008,43.32036],[-1.98015,43.32034]]}},{"type":"Feature","properties":{"name":"Espainia plaza","kind":"road","road":"secondary","osm":558472136},"geometry":{"type":"LineString","coordinates":[[-1.97939,43.32054],[-1.9792,43.3206]]}},{"type":"Feature","properties":{"name":"","kind":"water","road":"","osm":563938054},"geometry":{"type":"Polygon","coordinates":[[[-1.98532,43.3171],[-1.98532,43.31711],[-1.9853,43.31712],[-1.98528,43.31713],[-1.98528,43.31715],[-1.98528,43.31717],[-1.98526,43.31718],[-1.98523,43.31718],[-1.98521,43.31716],[-1.98521,43.31715],[-1.98523,43.31713],[-1.98523,43.31712],[-1.98522,43.31711],[-1.98522,43.3171],[-1.98525,43.3171],[-1.98527,43.3171],[-1.98529,43.3171],[-1.9853,43.31709],[-1.98532,43.3171]]]}},{"type":"Feature","properties":{"name":"","kind":"park","road":"","osm":563939033},"geometry":{"type":"Polygon","coordinates":[[[-1.98171,43.31732],[-1.9818,43.31743],[-1.98195,43.31738],[-1.98187,43.31726],[-1.98171,43.31732]]]}},{"type":"Feature","properties":{"name":"","kind":"park","road":"","osm":563946417},"geometry":{"type":"Polygon","coordinates":[[[-1.98439,43.32008],[-1.98442,43.32013],[-1.98438,43.32015],[-1.98434,43.3201],[-1.98439,43.32008]]]}},{"type":"Feature","properties":{"name":"Donostia","kind":"water","road":"","osm":565482772},"geometry":{"type":"Polygon","coordinates":[[[-1.98959,43.32303],[-1.98935,43.32307],[-1.98926,43.32309],[-1.98857,43.32333],[-1.9885,43.32341],[-1.9882,43.32351],[-1.98784,43.32291],[-1.98786,43.3229],[-1.98821,43.32277],[-1.98844,43.32279],[-1.98854,43.3228],[-1.98959,43.32289],[-1.98959,43.32303]]]}},{"type":"Feature","properties":{"name":"Federico Garcia Lorca pasealekua","kind":"road","road":"secondary","osm":584469011},"geometry":{"type":"LineString","coordinates":[[-1.97726,43.31723],[-1.97725,43.31716],[-1.97724,43.31709],[-1.97723,43.317],[-1.97722,43.31694],[-1.97721,43.31689],[-1.97721,43.31684],[-1.97721,43.31679],[-1.97725,43.31651],[-1.97728,43.31627]]}},{"type":"Feature","properties":{"name":"Plaza Euskadi","kind":"road","road":"secondary","osm":642747814},"geometry":{"type":"LineString","coordinates":[[-1.97751,43.32123],[-1.97725,43.32134],[-1.97722,43.32135],[-1.97716,43.32138]]}},{"type":"Feature","properties":{"name":"Euskadi plaza","kind":"road","road":"secondary","osm":642747816},"geometry":{"type":"LineString","coordinates":[[-1.9773,43.32163],[-1.97728,43.32158],[-1.97726,43.32153],[-1.97723,43.32148],[-1.97716,43.32138]]}},{"type":"Feature","properties":{"name":"Frantzia pasealekua","kind":"road","road":"secondary","osm":642747817},"geometry":{"type":"LineString","coordinates":[[-1.97688,43.32101],[-1.97678,43.32088]]}},{"type":"Feature","properties":{"name":"Frantzia pasealekua","kind":"road","road":"secondary","osm":642747818},"geometry":{"type":"LineString","coordinates":[[-1.97709,43.32129],[-1.97707,43.32126],[-1.97688,43.32101]]}},{"type":"Feature","properties":{"name":"Colon pasealekua","kind":"road","road":"secondary","osm":642747819},"geometry":{"type":"LineString","coordinates":[[-1.97721,43.32279],[-1.97724,43.32264],[-1.97728,43.32237]]}},{"type":"Feature","properties":{"name":"Colon pasealekua","kind":"road","road":"secondary","osm":642747820},"geometry":{"type":"LineString","coordinates":[[-1.97728,43.32237],[-1.97729,43.32229],[-1.97729,43.32225],[-1.97733,43.32198],[-1.97734,43.32192],[-1.97734,43.32187],[-1.97732,43.32173]]}},{"type":"Feature","properties":{"name":"Zurriola hiribidea","kind":"road","road":"secondary","osm":642747821},"geometry":{"type":"LineString","coordinates":[[-1.97705,43.32463],[-1.97717,43.32459],[-1.97763,43.32441]]}},{"type":"Feature","properties":{"name":"Zurriola hiribidea","kind":"road","road":"secondary","osm":642747826},"geometry":{"type":"LineString","coordinates":[[-1.97763,43.32441],[-1.97809,43.32424],[-1.97814,43.32422],[-1.97839,43.32413],[-1.9791,43.32386],[-1.97915,43.32384],[-1.9793,43.32379],[-1.97935,43.32377],[-1.97941,43.32375]]}},{"type":"Feature","properties":{"name":"Zurriola hiribidea","kind":"road","road":"secondary","osm":642747827},"geometry":{"type":"LineString","coordinates":[[-1.97759,43.32434],[-1.97718,43.32449],[-1.97712,43.32451],[-1.977,43.32456]]}},{"type":"Feature","properties":{"name":"Erronda kalea","kind":"road","road":"pedestrian","osm":643823832},"geometry":{"type":"LineString","coordinates":[[-1.9765,43.32169],[-1.97647,43.32162]]}},{"type":"Feature","properties":{"name":"San Frantzisko kalea","kind":"road","road":"pedestrian","osm":644856392},"geometry":{"type":"LineString","coordinates":[[-1.97508,43.32301],[-1.97565,43.32259]]}},{"type":"Feature","properties":{"name":"Zurriola","kind":"beach","road":"","osm":649475151},"geometry":{"type":"Polygon","coordinates":[[[-1.98014,43.32503],[-1.98012,43.32503],[-1.98011,43.32503],[-1.97965,43.32505],[-1.97938,43.32506],[-1.97923,43.32507],[-1.97923,43.32503],[-1.97837,43.32507],[-1.97789,43.32509],[-1.97789,43.32511],[-1.9778,43.32511],[-1.9778,43.3251],[-1.9769,43.32514],[-1.97649,43.32518],[-1.97597,43.32537],[-1.97596,43.32536],[-1.97595,43.32534],[-1.97487,43.32573],[-1.9749,43.32576],[-1.97488,43.32577],[-1.97457,43.32588],[-1.97451,43.32593],[-1.97445,43.32598],[-1.97431,43.32609],[-1.97417,43.32599],[-1.97387,43.3261],[-1.97383,43.32604],[-1.97381,43.32602],[-1.9725,43.32651],[-1.9722,43.32667],[-1.97222,43.32669],[-1.97224,43.3267],[-1.97209,43.3268],[-1.97202,43.32679],[-1.9717,43.32704],[-1.97172,43.32706],[-1.97174,43.32709],[-1.97153,43.32724],[-1.97165,43.32734],[-1.97157,43.3274],[-1.97159,43.32742],[-1.97138,43.32759],[-1.97139,43.32763],[-1.97135,43.32765],[-1.97133,43.32766],[-1.97132,43.32766],[-1.97139,43.32775],[-1.97137,43.32776],[-1.97135,43.32777],[-1.97181,43.32841],[-1.97194,43.32839],[-1.97183,43.32829],[-1.97162,43.3281],[-1.97228,43.3276],[-1.97267,43.32735],[-1.97369,43.32671],[-1.97494,43.3263],[-1.97737,43.3258],[-1.97853,43.32584],[-1.97917,43.32602],[-1.97929,43.32605],[-1.98002,43.32624],[-1.9808,43.32648],[-1.98095,43.3268],[-1.98093,43.32665],[-1.98088,43.32626],[-1.98072,43.32597],[-1.98068,43.3259],[-1.98069,43.3259],[-1.98071,43.32589],[-1.98014,43.32503]]]}},{"type":"Feature","properties":{"name":"Eguzkitza plaza","kind":"road","road":"pedestrian","osm":652286393},"geometry":{"type":"LineString","coordinates":[[-2.00711,43.30985],[-2.00687,43.30959],[-2.00721,43.30942],[-2.00754,43.30925],[-2.00779,43.30951],[-2.00745,43.30967],[-2.00711,43.30985]]}},{"type":"Feature","properties":{"name":"Aita Vinuesa plaza","kind":"road","road":"pedestrian","osm":652287526},"geometry":{"type":"LineString","coordinates":[[-2.006,43.31042],[-2.00635,43.31025],[-2.00669,43.31008],[-2.00645,43.30982],[-2.0061,43.30999],[-2.00576,43.31016],[-2.006,43.31042]]}},{"type":"Feature","properties":{"name":"Aita Meagher plaza","kind":"road","road":"pedestrian","osm":652287719},"geometry":{"type":"LineString","coordinates":[[-2.00834,43.31009],[-2.008,43.31026],[-2.00768,43.31042],[-2.00745,43.31018],[-2.00778,43.31001],[-2.00811,43.30985],[-2.00834,43.31009]]}},{"type":"Feature","properties":{"name":"Sagastizar plaza","kind":"road","road":"pedestrian","osm":652287926},"geometry":{"type":"LineString","coordinates":[[-2.00731,43.31171],[-2.00693,43.31131],[-2.00753,43.31101],[-2.00791,43.31141],[-2.00731,43.31171]]}},{"type":"Feature","properties":{"name":"Lourdes Iriondo plaza","kind":"road","road":"pedestrian","osm":652288245},"geometry":{"type":"LineString","coordinates":[[-2.00677,43.31197],[-2.00614,43.31229],[-2.00576,43.31188],[-2.00638,43.31157],[-2.00677,43.31197]]}},{"type":"Feature","properties":{"name":"","kind":"park","road":"","osm":654089057},"geometry":{"type":"Polygon","coordinates":[[[-1.97607,43.32384],[-1.9761,43.32386],[-1.97569,43.32415],[-1.97574,43.32422],[-1.9758,43.3242],[-1.97582,43.32422],[-1.97568,43.32427],[-1.97562,43.32417],[-1.97607,43.32384]]]}},{"type":"Feature","properties":{"name":"","kind":"park","road":"","osm":654089058},"geometry":{"type":"Polygon","coordinates":[[[-1.97622,43.32374],[-1.97626,43.32374],[-1.97628,43.32375],[-1.97621,43.3238],[-1.97616,43.32378],[-1.97622,43.32374]]]}},{"type":"Feature","properties":{"name":"","kind":"park","road":"","osm":654089059},"geometry":{"type":"Polygon","coordinates":[[[-1.97636,43.32381],[-1.97634,43.32383],[-1.97649,43.32395],[-1.97651,43.32399],[-1.97655,43.32398],[-1.97653,43.32394],[-1.97636,43.32381]]]}},{"type":"Feature","properties":{"name":"Salamanca pasealekua","kind":"road","road":"tertiary","osm":654220904},"geometry":{"type":"LineString","coordinates":[[-1.98155,43.32434],[-1.98156,43.32436],[-1.9816,43.32441],[-1.98207,43.32492],[-1.98215,43.32499],[-1.98241,43.3252],[-1.98249,43.32524],[-1.98275,43.32533],[-1.98366,43.32564]]}},{"type":"Feature","properties":{"name":"Satrustegi hiribidea","kind":"road","road":"tertiary","osm":656450816},"geometry":{"type":"LineString","coordinates":[[-2.00563,43.31687],[-2.00576,43.31719],[-2.00581,43.3176]]}},{"type":"Feature","properties":{"name":"Iztueta kalea","kind":"road","road":"tertiary","osm":695570476},"geometry":{"type":"LineString","coordinates":[[-1.97537,43.32099],[-1.97605,43.32088],[-1.97648,43.32081],[-1.97656,43.3208]]}},{"type":"Feature","properties":{"name":"Boulevard","kind":"road","road":"pedestrian","osm":720082339},"geometry":{"type":"LineString","coordinates":[[-1.98507,43.32174],[-1.98504,43.32174],[-1.9849,43.32179],[-1.98484,43.32184],[-1.98356,43.3223],[-1.98313,43.32245],[-1.98275,43.32259],[-1.98271,43.32261],[-1.98234,43.3227]]}},{"type":"Feature","properties":{"name":"","kind":"beach","road":"","osm":723169572},"geometry":{"type":"Polygon","coordinates":[[[-2.0046,43.31915],[-2.00371,43.31803],[-2.00184,43.31723],[-1.99982,43.31661],[-1.99934,43.31646],[-1.99878,43.31629],[-1.99796,43.31606],[-1.99768,43.31589],[-1.99789,43.31581],[-1.99859,43.31593],[-1.99978,43.3162],[-2.00004,43.31629],[-2.00043,43.31642],[-2.00115,43.31669],[-2.0023,43.31706],[-2.00323,43.31746],[-2.00396,43.31774],[-2.00464,43.31807],[-2.00507,43.31828],[-2.00495,43.31881],[-2.00486,43.31916],[-2.0046,43.31915]]]}},{"type":"Feature","properties":{"name":"La Concha","kind":"beach","road":"","osm":723169575},"geometry":{"type":"Polygon","coordinates":[[[-1.9882,43.32191],[-1.98771,43.32183],[-1.98734,43.32182],[-1.98714,43.32177],[-1.98715,43.32171],[-1.987,43.32168],[-1.98686,43.3216],[-1.98753,43.32159],[-1.98753,43.32156],[-1.98738,43.32157],[-1.98738,43.32153],[-1.98719,43.32153],[-1.98719,43.32155],[-1.98678,43.32156],[-1.98677,43.32154],[-1.98622,43.32087],[-1.98616,43.32089],[-1.9861,43.32055],[-1.98582,43.31991],[-1.9858,43.31971],[-1.98578,43.31934],[-1.986,43.31867],[-1.98632,43.31817],[-1.98688,43.31764],[-1.9873,43.31719],[-1.98807,43.3166],[-1.98834,43.31643],[-1.98856,43.31629],[-1.98887,43.3161],[-1.99013,43.31553],[-1.99105,43.3153],[-1.99267,43.31505],[-1.99375,43.31507],[-1.99485,43.31501],[-1.99561,43.31508],[-1.99583,43.31512],[-1.99646,43.31523],[-1.99675,43.31528],[-1.99731,43.3154],[-1.99767,43.31555],[-1.99792,43.31568],[-1.99788,43.31572],[-1.99789,43.31574],[-1.99768,43.31589],[-1.99685,43.3156],[-1.99583,43.31547],[-1.99542,43.31543],[-1.99336,43.31554],[-1.992,43.31584],[-1.9916,43.31598],[-1.99126,43.31609],[-1.99017,43.31647],[-1.98936,43.31691],[-1.98912,43.31704],[-1.98897,43.31712],[-1.98797,43.31797],[-1.98745,43.31908],[-1.98748,43.31968],[-1.98751,43.32009],[-1.98797,43.32131],[-1.9882,43.32191]]]}},{"type":"Feature","properties":{"name":"","kind":"beach","road":"","osm":723547492},"geometry":{"type":"Polygon","coordinates":[[[-1.97222,43.32924],[-1.9732,43.32851],[-1.97426,43.32789],[-1.97601,43.32712],[-1.97703,43.32679],[-1.97848,43.32676],[-1.97961,43.32697],[-1.98025,43.32731],[-1.98084,43.3276],[-1.98091,43.32745],[-1.98094,43.32728],[-1.98096,43.32713],[-1.98095,43.3268],[-1.9808,43.32648],[-1.98002,43.32624],[-1.97929,43.32605],[-1.97917,43.32602],[-1.97853,43.32584],[-1.97737,43.3258],[-1.97494,43.3263],[-1.97369,43.32671],[-1.97267,43.32735],[-1.97228,43.3276],[-1.97162,43.3281],[-1.97183,43.32829],[-1.97194,43.32839],[-1.97205,43.32868],[-1.97222,43.32924]]]}},{"type":"Feature","properties":{"name":"Zurriola hiribidea","kind":"road","road":"secondary","osm":739791079},"geometry":{"type":"LineString","coordinates":[[-1.97603,43.32493],[-1.97599,43.32495],[-1.97595,43.32497]]}},{"type":"Feature","properties":{"name":"","kind":"park","road":"","osm":739791085},"geometry":{"type":"Polygon","coordinates":[[[-1.9763,43.32377],[-1.97632,43.32378],[-1.97629,43.32381],[-1.97627,43.32379],[-1.9763,43.32377]]]}},{"type":"Feature","properties":{"name":"Gernikako Arbola pasealekua","kind":"road","road":"secondary","osm":789683688},"geometry":{"type":"LineString","coordinates":[[-1.97901,43.31739],[-1.97901,43.31743],[-1.979,43.31749],[-1.97891,43.31828]]}},{"type":"Feature","properties":{"name":"Urumea pasealekua","kind":"road","road":"secondary","osm":789683703},"geometry":{"type":"LineString","coordinates":[[-1.97798,43.31143],[-1.97796,43.31115],[-1.97795,43.31106],[-1.97795,43.31104],[-1.97793,43.31098],[-1.97786,43.31063],[-1.97785,43.31059],[-1.97774,43.31009],[-1.97772,43.31003],[-1.97769,43.30997],[-1.97765,43.30991],[-1.9776,43.30985],[-1.97755,43.30979],[-1.97743,43.30969],[-1.97674,43.30914]]}},{"type":"Feature","properties":{"name":"San Martin kalea","kind":"road","road":"tertiary","osm":789683709},"geometry":{"type":"LineString","coordinates":[[-1.97972,43.31832],[-1.97933,43.31847],[-1.97929,43.31848],[-1.97925,43.3185]]}},{"type":"Feature","properties":{"name":"Urbieta kalea","kind":"road","road":"secondary","osm":789683710},"geometry":{"type":"LineString","coordinates":[[-1.98288,43.31713],[-1.98287,43.31711],[-1.98284,43.31707],[-1.98259,43.3167],[-1.98255,43.31664],[-1.9825,43.31656]]}},{"type":"Feature","properties":{"name":"San Martin kalea","kind":"road","road":"secondary","osm":789683711},"geometry":{"type":"LineString","coordinates":[[-1.98288,43.31713],[-1.98302,43.31708],[-1.98378,43.31679]]}},{"type":"Feature","properties":{"name":"Kontxa pasealekua","kind":"road","road":"pedestrian","osm":791539055},"geometry":{"type":"LineString","coordinates":[[-1.98616,43.32094],[-1.98614,43.32091],[-1.98523,43.32044],[-1.98512,43.32035],[-1.98508,43.32028],[-1.98505,43.32021],[-1.98496,43.3197],[-1.98496,43.31968]]}},{"type":"Feature","properties":{"name":"Erregina Erregeordearen kalea","kind":"road","road":"secondary","osm":816632701},"geometry":{"type":"LineString","coordinates":[[-1.98184,43.32284],[-1.98194,43.32279]]}},{"type":"Feature","properties":{"name":"Boulevard zumardia","kind":"road","road":"secondary","osm":816632704},"geometry":{"type":"LineString","coordinates":[[-1.98198,43.32278],[-1.98206,43.32275],[-1.98251,43.32258],[-1.98257,43.32256],[-1.98267,43.32253]]}},{"type":"Feature","properties":{"name":"Plymouth plaza","kind":"park","road":"","osm":817694307},"geometry":{"type":"Polygon","coordinates":[[[-2.00792,43.31326],[-2.00766,43.31339],[-2.00736,43.31354],[-2.00723,43.3134],[-2.00711,43.31328],[-2.00741,43.31313],[-2.00768,43.313],[-2.0078,43.31312],[-2.00792,43.31326]]]}},{"type":"Feature","properties":{"name":"Daira de Bojador plaza","kind":"park","road":"","osm":817694308},"geometry":{"type":"Polygon","coordinates":[[[-2.00905,43.31269],[-2.00877,43.31283],[-2.00849,43.31297],[-2.00836,43.31283],[-2.00825,43.31271],[-2.00854,43.31257],[-2.00881,43.31243],[-2.00891,43.31254],[-2.00895,43.31258],[-2.00905,43.31269]]]}},{"type":"Feature","properties":{"name":"Baiona plaza","kind":"park","road":"","osm":817694344},"geometry":{"type":"Polygon","coordinates":[[[-2.00595,43.31419],[-2.00578,43.31427],[-2.0056,43.31437],[-2.00517,43.31424],[-2.0055,43.31407],[-2.00573,43.31396],[-2.00585,43.31409],[-2.00595,43.31419]]]}},{"type":"Feature","properties":{"name":"San Martin kalea","kind":"road","road":"pedestrian","osm":876572172},"geometry":{"type":"LineString","coordinates":[[-1.98288,43.31713],[-1.98249,43.31728],[-1.98209,43.31743],[-1.98206,43.31744],[-1.98162,43.31761],[-1.98134,43.31771]]}},{"type":"Feature","properties":{"name":"Hernani kalea","kind":"road","road":"secondary","osm":877538340},"geometry":{"type":"LineString","coordinates":[[-1.98396,43.32007],[-1.98388,43.32001]]}},{"type":"Feature","properties":{"name":"","kind":"park","road":"","osm":893457141},"geometry":{"type":"Polygon","coordinates":[[[-1.98307,43.31442],[-1.98301,43.31443],[-1.98292,43.31406],[-1.98299,43.31405],[-1.98307,43.31442]]]}},{"type":"Feature","properties":{"name":"Iruñea kalea","kind":"road","road":"tertiary","osm":898052038},"geometry":{"type":"LineString","coordinates":[[-2.00672,43.31509],[-2.00592,43.31484],[-2.0058,43.3148]]}},{"type":"Feature","properties":{"name":"Igeldo pasealekua","kind":"road","road":"tertiary","osm":898052040},"geometry":{"type":"LineString","coordinates":[[-2.00639,43.31557],[-2.00659,43.3154],[-2.00678,43.31529]]}},{"type":"Feature","properties":{"name":"Urbieta kalea","kind":"road","road":"secondary","osm":898632378},"geometry":{"type":"LineString","coordinates":[[-1.98159,43.31526],[-1.98156,43.31523],[-1.98153,43.31518],[-1.98112,43.3146],[-1.98111,43.31457],[-1.98104,43.31448],[-1.98051,43.31373],[-1.98049,43.3137],[-1.98047,43.31367]]}},{"type":"Feature","properties":{"name":"Antso Jakitunaren hiribidea","kind":"road","road":"secondary","osm":898916808},"geometry":{"type":"LineString","coordinates":[[-1.98039,43.31238],[-1.98042,43.3122]]}},{"type":"Feature","properties":{"name":"","kind":"park","road":"","osm":931192101},"geometry":{"type":"Polygon","coordinates":[[[-2.00491,43.31371],[-2.00486,43.31366],[-2.00479,43.31377],[-2.00491,43.31371]]]}},{"type":"Feature","properties":{"name":"Askatasunaren hiribidea","kind":"road","road":"secondary","osm":934964054},"geometry":{"type":"LineString","coordinates":[[-1.9809,43.31998],[-1.98026,43.32022],[-1.98011,43.32028]]}},{"type":"Feature","properties":{"name":"Askatasunaren hiribidea","kind":"road","road":"secondary","osm":934964055},"geometry":{"type":"LineString","coordinates":[[-1.98015,43.32034],[-1.98094,43.32004]]}},{"type":"Feature","properties":{"name":"Askatasunaren hiribidea","kind":"road","road":"secondary","osm":942774794},"geometry":{"type":"LineString","coordinates":[[-1.98328,43.31916],[-1.98336,43.31913],[-1.98386,43.31895],[-1.98393,43.31892],[-1.984,43.31889],[-1.98403,43.31888],[-1.98405,43.31886],[-1.98407,43.31884],[-1.98407,43.31881]]}},{"type":"Feature","properties":{"name":"San Martin kalea","kind":"road","road":"tertiary","osm":947502240},"geometry":{"type":"LineString","coordinates":[[-1.97911,43.31855],[-1.97903,43.31858],[-1.97897,43.31861],[-1.97894,43.31863],[-1.9789,43.31866],[-1.97888,43.31869],[-1.97885,43.31877]]}},{"type":"Feature","properties":{"name":"","kind":"road","road":"secondary","osm":947502241},"geometry":{"type":"LineString","coordinates":[[-1.97911,43.31855],[-1.97916,43.31859],[-1.97919,43.31862],[-1.97921,43.31866]]}},{"type":"Feature","properties":{"name":"","kind":"road","road":"secondary","osm":947502242},"geometry":{"type":"LineString","coordinates":[[-1.9792,43.3206],[-1.97913,43.32073]]}},{"type":"Feature","properties":{"name":"Espainia plaza","kind":"road","road":"secondary","osm":947502243},"geometry":{"type":"LineString","coordinates":[[-1.9792,43.3206],[-1.97904,43.32066],[-1.979,43.32067],[-1.97882,43.32073]]}},{"type":"Feature","properties":{"name":"Espainia plaza","kind":"road","road":"secondary","osm":947502244},"geometry":{"type":"LineString","coordinates":[[-1.979,43.32078],[-1.97913,43.32073]]}},{"type":"Feature","properties":{"name":"","kind":"road","road":"secondary","osm":947502245},"geometry":{"type":"LineString","coordinates":[[-1.97913,43.32073],[-1.97911,43.32075],[-1.9791,43.32077],[-1.9791,43.32079],[-1.9791,43.32081],[-1.9791,43.32084]]}},{"type":"Feature","properties":{"name":"Espainia plaza","kind":"road","road":"secondary","osm":947502246},"geometry":{"type":"LineString","coordinates":[[-1.97913,43.32073],[-1.97921,43.32069],[-1.97937,43.32063],[-1.97943,43.32061]]}},{"type":"Feature","properties":{"name":"Erregina Erregeordearen kalea","kind":"road","road":"secondary","osm":949681386},"geometry":{"type":"LineString","coordinates":[[-1.98061,43.32329],[-1.98062,43.32328],[-1.98067,43.32326],[-1.98069,43.32325],[-1.98076,43.32321]]}},{"type":"Feature","properties":{"name":"Argentinako Errepublika pasealekua","kind":"road","road":"secondary","osm":949681387},"geometry":{"type":"LineString","coordinates":[[-1.98064,43.32303],[-1.98072,43.32315]]}},{"type":"Feature","properties":{"name":"Triunfo kalea","kind":"road","road":"pedestrian","osm":961321321},"geometry":{"type":"LineString","coordinates":[[-1.98525,43.31625],[-1.98539,43.31645],[-1.98557,43.3167],[-1.98562,43.31678]]}},{"type":"Feature","properties":{"name":"Soraluze kalea","kind":"road","road":"pedestrian","osm":961321322},"geometry":{"type":"LineString","coordinates":[[-1.98346,43.32504],[-1.9839,43.32487]]}},{"type":"Feature","properties":{"name":"","kind":"park","road":"","osm":961406647},"geometry":{"type":"Polygon","coordinates":[[[-1.98296,43.31457],[-1.98288,43.31459],[-1.98292,43.31466],[-1.98297,43.31464],[-1.98301,43.31458],[-1.98295,43.31439],[-1.98292,43.3144],[-1.98296,43.31457]]]}},{"type":"Feature","properties":{"name":"","kind":"park","road":"","osm":961406648},"geometry":{"type":"Polygon","coordinates":[[[-1.98196,43.31342],[-1.98191,43.31331],[-1.98188,43.31332],[-1.98194,43.31343],[-1.98196,43.31342]]]}},{"type":"Feature","properties":{"name":"","kind":"park","road":"","osm":961406649},"geometry":{"type":"Polygon","coordinates":[[[-1.98204,43.31356],[-1.98186,43.31363],[-1.9818,43.31355],[-1.98183,43.31354],[-1.98185,43.31357],[-1.98189,43.31358],[-1.98194,43.31358],[-1.98197,43.31356],[-1.98198,43.31353],[-1.98198,43.31351],[-1.98197,43.31348],[-1.982,43.31347],[-1.98204,43.31356]]]}},{"type":"Feature","properties":{"name":"","kind":"park","road":"","osm":961406650},"geometry":{"type":"Polygon","coordinates":[[[-1.98183,43.31369],[-1.98203,43.31398],[-1.98197,43.314],[-1.98177,43.31371],[-1.98183,43.31369]]]}},{"type":"Feature","properties":{"name":"","kind":"park","road":"","osm":961406653},"geometry":{"type":"Polygon","coordinates":[[[-1.98212,43.31358],[-1.98228,43.31389],[-1.98238,43.31386],[-1.98236,43.31383],[-1.98234,43.31382],[-1.9823,43.3138],[-1.98229,43.31379],[-1.98228,43.31378],[-1.98219,43.31363],[-1.98224,43.31361],[-1.9822,43.31355],[-1.98212,43.31358]]]}},{"type":"Feature","properties":{"name":"","kind":"park","road":"","osm":961406655},"geometry":{"type":"Polygon","coordinates":[[[-1.9818,43.31349],[-1.98177,43.3135],[-1.98169,43.31339],[-1.98172,43.31338],[-1.9818,43.31349]]]}},{"type":"Feature","properties":{"name":"","kind":"park","road":"","osm":961406656},"geometry":{"type":"Polygon","coordinates":[[[-1.9818,43.31365],[-1.98163,43.31341],[-1.98157,43.31343],[-1.98174,43.31367],[-1.9818,43.31365]]]}},{"type":"Feature","properties":{"name":"","kind":"park","road":"","osm":961406658},"geometry":{"type":"Polygon","coordinates":[[[-1.98199,43.31327],[-1.98196,43.31328],[-1.98209,43.31352],[-1.98213,43.31351],[-1.98211,43.31348],[-1.98199,43.31327]]]}},{"type":"Feature","properties":{"name":"","kind":"road","road":"pedestrian","osm":961406659},"geometry":{"type":"LineString","coordinates":[[-1.9828,43.31444],[-1.98292,43.3144],[-1.98296,43.31457],[-1.98288,43.31459],[-1.98283,43.31449],[-1.98279,43.31447],[-1.9828,43.31444]]}},{"type":"Feature","properties":{"name":"San Frantzisko kalea","kind":"road","road":"pedestrian","osm":967106733},"geometry":{"type":"LineString","coordinates":[[-1.97481,43.32319],[-1.97508,43.32301]]}},{"type":"Feature","properties":{"name":"","kind":"road","road":"pedestrian","osm":970386120},"geometry":{"type":"LineString","coordinates":[[-1.97522,43.3173],[-1.97518,43.31729],[-1.97516,43.31729],[-1.97514,43.31729],[-1.9751,43.31729],[-1.97505,43.31728],[-1.97498,43.31727],[-1.97498,43.31723],[-1.97499,43.31711],[-1.97499,43.31708],[-1.97514,43.31709],[-1.97526,43.3171],[-1.97524,43.31719],[-1.97522,43.3173]]}},{"type":"Feature","properties":{"name":"Abuztuaren 31 kalea","kind":"road","road":"pedestrian","osm":977959527},"geometry":{"type":"LineString","coordinates":[[-1.9839,43.32485],[-1.98395,43.32483]]}},{"type":"Feature","properties":{"name":"Narrika kalea","kind":"road","road":"pedestrian","osm":977959528},"geometry":{"type":"LineString","coordinates":[[-1.98399,43.3227],[-1.98396,43.32253],[-1.98394,43.32249]]}},{"type":"Feature","properties":{"name":"San Juan kalea","kind":"road","road":"pedestrian","osm":977959529},"geometry":{"type":"LineString","coordinates":[[-1.98289,43.32293],[-1.98284,43.32282],[-1.98282,43.32278],[-1.98276,43.32269],[-1.98272,43.32263],[-1.98271,43.32261],[-1.9827,43.3226],[-1.98267,43.32253]]}},{"type":"Feature","properties":{"name":"Mari kalea","kind":"road","road":"pedestrian","osm":977959530},"geometry":{"type":"LineString","coordinates":[[-1.98695,43.32262],[-1.98694,43.32259],[-1.98673,43.32214],[-1.98656,43.32175]]}},{"type":"Feature","properties":{"name":"Lizarra kalea","kind":"road","road":"tertiary","osm":1025157069},"geometry":{"type":"LineString","coordinates":[[-1.98248,43.31494],[-1.98253,43.31492],[-1.98258,43.3149],[-1.98262,43.31489],[-1.9829,43.31479],[-1.98294,43.31477],[-1.98298,43.31475],[-1.98302,43.31473],[-1.98305,43.3147],[-1.98308,43.31467],[-1.9831,43.31464]]}},{"type":"Feature","properties":{"name":"Zabaleta kalea","kind":"road","road":"pedestrian","osm":1033167932},"geometry":{"type":"LineString","coordinates":[[-1.97545,43.32365],[-1.97516,43.32385],[-1.97514,43.32387]]}},{"type":"Feature","properties":{"name":"","kind":"park","road":"","osm":1033922931},"geometry":{"type":"Polygon","coordinates":[[[-1.99779,43.31315],[-1.9978,43.31314],[-1.99781,43.31313],[-1.99783,43.31312],[-1.99785,43.31312],[-1.99787,43.31312],[-1.99789,43.31313],[-1.9979,43.31314],[-1.99791,43.31315],[-1.99791,43.31317],[-1.99791,43.31318],[-1.99789,43.31319],[-1.99788,43.3132],[-1.99786,43.31321],[-1.99784,43.31321],[-1.99782,43.3132],[-1.9978,43.31319],[-1.99779,43.31318],[-1.99779,43.31316],[-1.99779,43.31315]]]}},{"type":"Feature","properties":{"name":"","kind":"park","road":"","osm":1033922932},"geometry":{"type":"Polygon","coordinates":[[[-2.0,43.31424],[-1.99998,43.3142],[-1.99995,43.31414],[-1.99992,43.31417],[-1.99986,43.31419],[-1.99997,43.31425],[-2.0,43.31424]]]}},{"type":"Feature","properties":{"name":"","kind":"park","road":"","osm":1033922933},"geometry":{"type":"Polygon","coordinates":[[[-1.99988,43.31408],[-1.99983,43.31404],[-1.99976,43.31401],[-1.99972,43.31402],[-1.99971,43.31406],[-1.99971,43.31408],[-1.99974,43.31411],[-1.99979,43.31414],[-1.99985,43.31412],[-1.99988,43.31408]]]}},{"type":"Feature","properties":{"name":"","kind":"park","road":"","osm":1033922934},"geometry":{"type":"Polygon","coordinates":[[[-1.99994,43.31399],[-1.99995,43.31395],[-1.99989,43.31393],[-1.99985,43.31395],[-1.99989,43.31397],[-1.99994,43.31399]]]}},{"type":"Feature","properties":{"name":"","kind":"park","road":"","osm":1033922935},"geometry":{"type":"Polygon","coordinates":[[[-1.99962,43.31407],[-1.99962,43.31404],[-1.99963,43.314],[-1.99965,43.31398],[-1.99953,43.31397],[-1.99938,43.31394],[-1.99925,43.31389],[-1.99924,43.3139],[-1.99933,43.31394],[-1.99953,43.31401],[-1.99953,43.31404],[-1.99962,43.31407]]]}},{"type":"Feature","properties":{"name":"","kind":"park","road":"","osm":1033922953},"geometry":{"type":"Polygon","coordinates":[[[-1.99815,43.31478],[-1.99816,43.31477],[-1.99818,43.31476],[-1.99819,43.31476],[-1.9982,43.31477],[-1.99821,43.31477],[-1.99822,43.31478],[-1.99823,43.31479],[-1.99823,43.3148],[-1.99822,43.31481],[-1.99822,43.31482],[-1.9982,43.31482],[-1.99819,43.31482],[-1.99818,43.31482],[-1.99816,43.31482],[-1.99815,43.31481],[-1.99815,43.3148],[-1.99814,43.31479],[-1.99815,43.31478]]]}},{"type":"Feature","properties":{"name":"","kind":"park","road":"","osm":1033922954},"geometry":{"type":"Polygon","coordinates":[[[-1.99795,43.31468],[-1.99796,43.31468],[-1.99798,43.31467],[-1.99799,43.31467],[-1.998,43.31467],[-1.99801,43.31468],[-1.99802,43.31469],[-1.99803,43.3147],[-1.99803,43.31471],[-1.99802,43.31472],[-1.99802,43.31473],[-1.998,43.31473],[-1.99799,43.31473],[-1.99798,43.31473],[-1.99796,43.31473],[-1.99795,43.31472],[-1.99795,43.31471],[-1.99794,43.3147],[-1.99795,43.31469],[-1.99795,43.31468]]]}},{"type":"Feature","properties":{"name":"","kind":"park","road":"","osm":1033922955},"geometry":{"type":"Polygon","coordinates":[[[-1.99799,43.31459],[-1.99791,43.31471],[-1.9978,43.31466],[-1.99788,43.31455],[-1.99799,43.31459]]]}},{"type":"Feature","properties":{"name":"","kind":"park","road":"","osm":1034933113},"geometry":{"type":"Polygon","coordinates":[[[-2.00079,43.31576],[-2.00081,43.31565],[-2.00076,43.31563],[-2.00046,43.31569],[-2.00079,43.31576]]]}},{"type":"Feature","properties":{"name":"","kind":"park","road":"","osm":1034933114},"geometry":{"type":"Polygon","coordinates":[[[-2.00086,43.3156],[-2.001,43.31564],[-2.00104,43.31562],[-2.00108,43.31561],[-2.00114,43.31562],[-2.00117,43.31557],[-2.00107,43.31554],[-2.00102,43.31554],[-2.00086,43.3156]]]}},{"type":"Feature","properties":{"name":"","kind":"park","road":"","osm":1034933115},"geometry":{"type":"Polygon","coordinates":[[[-2.00453,43.31663],[-2.0045,43.31664],[-2.00441,43.31653],[-2.004,43.3164],[-2.004,43.31638],[-2.00441,43.31651],[-2.00444,43.31652],[-2.00446,43.31654],[-2.00453,43.31663]]]}},{"type":"Feature","properties":{"name":"","kind":"park","road":"","osm":1034933116},"geometry":{"type":"Polygon","coordinates":[[[-2.00395,43.31636],[-2.00393,43.31638],[-2.00343,43.31622],[-2.00346,43.31621],[-2.00395,43.31636]]]}},{"type":"Feature","properties":{"name":"","kind":"park","road":"","osm":1034933117},"geometry":{"type":"Polygon","coordinates":[[[-2.0032,43.31615],[-2.00319,43.31612],[-2.00282,43.31601],[-2.00284,43.31604],[-2.0032,43.31615]]]}},{"type":"Feature","properties":{"name":"","kind":"park","road":"","osm":1034933118},"geometry":{"type":"Polygon","coordinates":[[[-2.00278,43.316],[-2.00274,43.31601],[-2.0017,43.31569],[-2.00176,43.31569],[-2.00278,43.316]]]}},{"type":"Feature","properties":{"name":"","kind":"park","road":"","osm":1034933119},"geometry":{"type":"Polygon","coordinates":[[[-2.00153,43.31564],[-2.00152,43.31561],[-2.00128,43.31554],[-2.00125,43.31556],[-2.00153,43.31564]]]}},{"type":"Feature","properties":{"name":"","kind":"park","road":"","osm":1034933120},"geometry":{"type":"Polygon","coordinates":[[[-2.00085,43.31565],[-2.00084,43.31577],[-2.00103,43.31581],[-2.00105,43.31577],[-2.00101,43.31575],[-2.00099,43.31572],[-2.00099,43.31569],[-2.00085,43.31565]]]}},{"type":"Feature","properties":{"name":"","kind":"park","road":"","osm":1034933121},"geometry":{"type":"Polygon","coordinates":[[[-2.00114,43.31566],[-2.00115,43.31568],[-2.00116,43.31569],[-2.00116,43.3157],[-2.00116,43.31572],[-2.00115,43.31573],[-2.00113,43.31574],[-2.00111,43.31575],[-2.00109,43.31575],[-2.00107,43.31574],[-2.00105,43.31573],[-2.00104,43.31572],[-2.00104,43.31571],[-2.00104,43.31569],[-2.00104,43.31568],[-2.00106,43.31567],[-2.00108,43.31566],[-2.0011,43.31566],[-2.00112,43.31566],[-2.00114,43.31566]]]}},{"type":"Feature","properties":{"name":"","kind":"park","road":"","osm":1034933122},"geometry":{"type":"Polygon","coordinates":[[[-2.00123,43.31559],[-2.00121,43.31563],[-2.00151,43.31573],[-2.00154,43.31568],[-2.00123,43.31559]]]}},{"type":"Feature","properties":{"name":"","kind":"park","road":"","osm":1034933123},"geometry":{"type":"Polygon","coordinates":[[[-2.00159,43.31569],[-2.00156,43.31574],[-2.0016,43.31576],[-2.00163,43.31579],[-2.00164,43.31583],[-2.00191,43.31591],[-2.00194,43.31589],[-2.002,43.31586],[-2.00205,43.31586],[-2.0021,43.31586],[-2.0021,43.31585],[-2.00159,43.31569]]]}},{"type":"Feature","properties":{"name":"","kind":"park","road":"","osm":1034933124},"geometry":{"type":"Polygon","coordinates":[[[-2.00112,43.3158],[-2.0011,43.31583],[-2.00143,43.31592],[-2.00144,43.31589],[-2.00112,43.3158]]]}},{"type":"Feature","properties":{"name":"","kind":"park","road":"","osm":1034933125},"geometry":{"type":"Polygon","coordinates":[[[-2.00115,43.31577],[-2.00118,43.31575],[-2.0012,43.31572],[-2.00119,43.31567],[-2.00146,43.31575],[-2.00142,43.31578],[-2.00141,43.3158],[-2.00141,43.31584],[-2.00115,43.31577]]]}},{"type":"Feature","properties":{"name":"","kind":"park","road":"","osm":1034933126},"geometry":{"type":"Polygon","coordinates":[[[-2.00154,43.31578],[-2.00156,43.31578],[-2.00157,43.3158],[-2.00158,43.31581],[-2.00158,43.31583],[-2.00158,43.31584],[-2.00156,43.31586],[-2.00155,43.31587],[-2.00153,43.31587],[-2.0015,43.31587],[-2.00148,43.31587],[-2.00146,43.31586],[-2.00145,43.31584],[-2.00145,43.31583],[-2.00145,43.31581],[-2.00146,43.3158],[-2.00147,43.31578],[-2.00149,43.31578],[-2.00151,43.31577],[-2.00154,43.31578]]]}},{"type":"Feature","properties":{"name":"","kind":"park","road":"","osm":1034933127},"geometry":{"type":"Polygon","coordinates":[[[-2.00149,43.31593],[-2.00162,43.31597],[-2.00173,43.31591],[-2.00161,43.31587],[-2.00156,43.3159],[-2.0015,43.31591],[-2.00149,43.31593]]]}},{"type":"Feature","properties":{"name":"","kind":"park","road":"","osm":1034933128},"geometry":{"type":"Polygon","coordinates":[[[-2.00178,43.31593],[-2.00179,43.31602],[-2.00191,43.31605],[-2.0019,43.31601],[-2.0019,43.31597],[-2.00178,43.31593]]]}},{"type":"Feature","properties":{"name":"","kind":"park","road":"","osm":1034933129},"geometry":{"type":"Polygon","coordinates":[[[-2.00196,43.31598],[-2.00193,43.31598],[-2.00193,43.316],[-2.00194,43.31603],[-2.00195,43.31605],[-2.00198,43.31607],[-2.002,43.31605],[-2.00197,43.31603],[-2.00196,43.31601],[-2.00196,43.31598]]]}},{"type":"Feature","properties":{"name":"","kind":"park","road":"","osm":1034933130},"geometry":{"type":"Polygon","coordinates":[[[-2.00207,43.31591],[-2.00209,43.31589],[-2.00205,43.31589],[-2.00201,43.31589],[-2.00198,43.31591],[-2.00196,43.31593],[-2.00199,43.31594],[-2.00201,43.31592],[-2.00204,43.31591],[-2.00207,43.31591]]]}},{"type":"Feature","properties":{"name":"","kind":"park","road":"","osm":1034933131},"geometry":{"type":"Polygon","coordinates":[[[-2.00216,43.31599],[-2.00219,43.316],[-2.00219,43.31598],[-2.00218,43.31595],[-2.00217,43.31593],[-2.00213,43.31591],[-2.00212,43.31593],[-2.00215,43.31595],[-2.00216,43.31597],[-2.00216,43.31599]]]}},{"type":"Feature","properties":{"name":"","kind":"park","road":"","osm":1034933132},"geometry":{"type":"Polygon","coordinates":[[[-2.00204,43.31606],[-2.00203,43.31608],[-2.00206,43.31608],[-2.0021,43.31608],[-2.00213,43.31607],[-2.00216,43.31605],[-2.00213,43.31604],[-2.00211,43.31606],[-2.00207,43.31606],[-2.00204,43.31606]]]}},{"type":"Feature","properties":{"name":"","kind":"park","road":"","osm":1034933133},"geometry":{"type":"Polygon","coordinates":[[[-2.00214,43.31587],[-2.00219,43.3159],[-2.00222,43.31593],[-2.00223,43.31597],[-2.00223,43.31601],[-2.00242,43.31607],[-2.00246,43.31603],[-2.00252,43.31601],[-2.00258,43.316],[-2.00214,43.31587]]]}},{"type":"Feature","properties":{"name":"","kind":"park","road":"","osm":1034933134},"geometry":{"type":"Polygon","coordinates":[[[-2.00239,43.3162],[-2.00209,43.31611],[-2.00214,43.3161],[-2.00218,43.31608],[-2.00219,43.31606],[-2.00238,43.31612],[-2.00237,43.31614],[-2.00238,43.31617],[-2.00239,43.3162]]]}},{"type":"Feature","properties":{"name":"","kind":"park","road":"","osm":1034933135},"geometry":{"type":"Polygon","coordinates":[[[-2.00397,43.31659],[-2.00388,43.31656],[-2.00392,43.31651],[-2.004,43.31653],[-2.00397,43.31659]]]}},{"type":"Feature","properties":{"name":"","kind":"park","road":"","osm":1034933136},"geometry":{"type":"Polygon","coordinates":[[[-2.00382,43.31654],[-2.00374,43.31651],[-2.00378,43.31646],[-2.00386,43.31648],[-2.00382,43.31654]]]}},{"type":"Feature","properties":{"name":"","kind":"park","road":"","osm":1034933137},"geometry":{"type":"Polygon","coordinates":[[[-2.00375,43.31665],[-2.00367,43.31662],[-2.00371,43.31657],[-2.00379,43.31659],[-2.00375,43.31665]]]}},{"type":"Feature","properties":{"name":"","kind":"park","road":"","osm":1034933138},"geometry":{"type":"Polygon","coordinates":[[[-2.0039,43.3167],[-2.00381,43.31667],[-2.00385,43.31662],[-2.00393,43.31664],[-2.0039,43.3167]]]}},{"type":"Feature","properties":{"name":"","kind":"park","road":"","osm":1034933139},"geometry":{"type":"Polygon","coordinates":[[[-2.00402,43.3165],[-2.0038,43.31642],[-2.00383,43.31639],[-2.00405,43.31646],[-2.00402,43.3165]]]}},{"type":"Feature","properties":{"name":"","kind":"park","road":"","osm":1034933140},"geometry":{"type":"Polygon","coordinates":[[[-2.00384,43.31678],[-2.00363,43.31668],[-2.00365,43.31666],[-2.00387,43.31673],[-2.00384,43.31678]]]}},{"type":"Feature","properties":{"name":"","kind":"park","road":"","osm":1038027924},"geometry":{"type":"Polygon","coordinates":[[[-2.00104,43.31085],[-2.00053,43.3104],[-2.0008,43.31085],[-2.00087,43.3108],[-2.00093,43.31079],[-2.00101,43.31086],[-2.00104,43.31085]]]}},{"type":"Feature","properties":{"name":"","kind":"park","road":"","osm":1038027925},"geometry":{"type":"Polygon","coordinates":[[[-2.00121,43.31137],[-2.00103,43.31122],[-2.00098,43.3112],[-2.00108,43.31137],[-2.00113,43.3114],[-2.00121,43.31137]]]}},{"type":"Feature","properties":{"name":"","kind":"park","road":"","osm":1038027927},"geometry":{"type":"Polygon","coordinates":[[[-1.99943,43.31054],[-1.99937,43.3105],[-1.99934,43.31048],[-1.9993,43.31044],[-1.99923,43.31048],[-1.99935,43.31059],[-1.99943,43.31054]]]}},{"type":"Feature","properties":{"name":"","kind":"park","road":"","osm":1038027928},"geometry":{"type":"Polygon","coordinates":[[[-1.99928,43.31043],[-1.99916,43.31032],[-1.99909,43.31036],[-1.99921,43.31047],[-1.99928,43.31043]]]}},{"type":"Feature","properties":{"name":"","kind":"park","road":"","osm":1038027929},"geometry":{"type":"Polygon","coordinates":[[[-1.99915,43.31031],[-1.99908,43.31035],[-1.99888,43.31017],[-1.99895,43.31013],[-1.99915,43.31031]]]}},{"type":"Feature","properties":{"name":"","kind":"park","road":"","osm":1038027930},"geometry":{"type":"Polygon","coordinates":[[[-1.99893,43.31012],[-1.99887,43.31016],[-1.99869,43.30999],[-1.99882,43.31001],[-1.99893,43.31012]]]}},{"type":"Feature","properties":{"name":"","kind":"coast","road":"","osm":1044707093},"geometry":{"type":"LineString","coordinates":[[-2.00507,43.32155],[-2.00511,43.32166],[-2.00573,43.32191],[-2.0059,43.32224],[-2.00614,43.32269],[-2.00715,43.32327],[-2.00734,43.32355],[-2.00754,43.3237],[-2.00773,43.32374],[-2.00778,43.32394],[-2.00788,43.32395],[-2.00806,43.32407],[-2.00826,43.3241],[-2.00832,43.32416],[-2.00834,43.32427],[-2.00864,43.32421],[-2.00884,43.32419],[-2.00903,43.32426],[-2.00938,43.32416],[-2.00948,43.32414],[-2.00951,43.32421],[-2.00958,43.32425],[-2.00973,43.32415],[-2.00972,43.32401],[-2.00994,43.32397],[-2.01019,43.324],[-2.01034,43.32397],[-2.01048,43.32387],[-2.01146,43.32376],[-2.01197,43.32353],[-2.01244,43.32353],[-2.01259,43.32364],[-2.01274,43.32356],[-2.01283,43.32347],[-2.01271,43.32325],[-2.01265,43.32314],[-2.01272,43.32291],[-2.01279,43.32276],[-2.01274,43.32277],[-2.0127,43.32281],[-2.01263,43.3228],[-2.01262,43.32272],[-2.01239,43.32247],[-2.01232,43.32216],[-2.01245,43.32197],[-2.01286,43.32173],[-2.01331,43.32148],[-2.01341,43.32138],[-2.01342,43.3212],[-2.01353,43.32106],[-2.01376,43.32108],[-2.01397,43.32103],[-2.01423,43.32105],[-2.01435,43.32098],[-2.01446,43.32087],[-2.01465,43.32083],[-2.01468,43.32086],[-2.01478,43.32088],[-2.01478,43.32091],[-2.01487,43.32092],[-2.01511,43.32087],[-2.01527,43.32078],[-2.01534,43.32078],[-2.01545,43.32074],[-2.01544,43.32072],[-2.0154,43.32073],[-2.01536,43.32066],[-2.01543,43.32064],[-2.01547,43.32063],[-2.01558,43.3207],[-2.01562,43.32078],[-2.01563,43.32087],[-2.01559,43.32092],[-2.0155,43.32096],[-2.01544,43.32094],[-2.01539,43.32091],[-2.01537,43.32096],[-2.01546,43.32103]]}},{"type":"Feature","properties":{"name":"","kind":"coast","road":"","osm":1044707094},"geometry":{"type":"LineString","coordinates":[[-1.97267,43.32735],[-1.97369,43.32671],[-1.97494,43.3263],[-1.97737,43.3258],[-1.97853,43.32584],[-1.97917,43.32602],[-1.97929,43.32605],[-1.98002,43.32624],[-1.9808,43.32648],[-1.98095,43.3268],[-1.98096,43.32713],[-1.98094,43.32728],[-1.98091,43.32745],[-1.98084,43.3276],[-1.98076,43.32779],[-1.98065,43.32796],[-1.9806,43.32804],[-1.98047,43.32822],[-1.98031,43.32837],[-1.98017,43.32844],[-1.98007,43.3285],[-1.98002,43.32859],[-1.98006,43.3287],[-1.98014,43.32877],[-1.98025,43.32879],[-1.98039,43.32876],[-1.98057,43.32862],[-1.98085,43.32833],[-1.98109,43.32802],[-1.98123,43.32767],[-1.98132,43.3273],[-1.98136,43.32696],[-1.98132,43.32662],[-1.9812,43.32624],[-1.98098,43.32588],[-1.98072,43.32552],[-1.97998,43.32445],[-1.9797,43.324],[-1.97964,43.32386],[-1.97959,43.32377]]}},{"type":"Feature","properties":{"name":"","kind":"coast","road":"","osm":1044707103},"geometry":{"type":"LineString","coordinates":[[-2.01546,43.32103],[-2.01668,43.32156],[-2.01759,43.3216],[-2.01852,43.32174],[-2.01904,43.32186],[-2.01928,43.32185],[-2.0195,43.32194],[-2.01996,43.32176],[-2.02001,43.32161],[-2.01995,43.32146],[-2.0201,43.32132],[-2.02087,43.32139],[-2.02103,43.32153],[-2.0211,43.32162],[-2.02136,43.32157],[-2.02161,43.32168],[-2.02169,43.32184],[-2.02172,43.32215],[-2.02207,43.32206],[-2.02221,43.32209],[-2.0224,43.32214],[-2.02252,43.32236],[-2.02263,43.32234],[-2.02268,43.32224],[-2.02307,43.32217],[-2.02308,43.32209],[-2.02296,43.32201],[-2.02307,43.3219],[-2.02326,43.32187],[-2.02347,43.32171],[-2.02335,43.32162],[-2.02328,43.32152],[-2.02344,43.3215],[-2.02395,43.32118],[-2.0242,43.32082],[-2.02453,43.32058],[-2.02463,43.32047],[-2.02501,43.32033],[-2.02519,43.32024],[-2.02535,43.32025],[-2.02528,43.32037],[-2.02537,43.32047],[-2.02577,43.32049],[-2.02624,43.3207],[-2.02675,43.32072],[-2.02732,43.32052],[-2.02753,43.32009],[-2.02772,43.32009],[-2.02851,43.32043],[-2.02885,43.32042],[-2.02916,43.32043],[-2.02931,43.32056],[-2.02934,43.32067],[-2.02926,43.32073],[-2.02917,43.32076],[-2.02925,43.32087],[-2.02935,43.32086],[-2.02942,43.32073],[-2.02946,43.32068],[-2.02958,43.32066],[-2.02978,43.32069],[-2.03008,43.32091],[-2.03039,43.32102]]}},{"type":"Feature","properties":{"name":"","kind":"coast","road":"","osm":1046442981},"geometry":{"type":"LineString","coordinates":[[-1.99924,43.31608],[-1.99955,43.31614],[-1.99978,43.3162],[-2.00004,43.31629],[-2.00043,43.31642],[-2.00115,43.31669],[-2.0023,43.31706],[-2.00323,43.31746],[-2.00396,43.31774],[-2.00464,43.31807],[-2.00507,43.31828],[-2.00495,43.31881],[-2.00486,43.31916],[-2.0047,43.31984],[-2.0047,43.31992],[-2.00476,43.3202],[-2.00484,43.32058],[-2.00507,43.32155]]}},{"type":"Feature","properties":{"name":"","kind":"coast","road":"","osm":1046442983},"geometry":{"type":"LineString","coordinates":[[-1.99768,43.31589],[-1.99789,43.31581],[-1.99859,43.31593],[-1.99924,43.31608]]}},{"type":"Feature","properties":{"name":"Urgull","kind":"park","road":"","osm":1046443068},"geometry":{"type":"Polygon","coordinates":[[[-1.98498,43.32588],[-1.98595,43.32616],[-1.98659,43.32634],[-1.987,43.32645],[-1.98782,43.32671],[-1.98852,43.3269],[-1.9889,43.327],[-1.98909,43.32706],[-1.98921,43.32707],[-1.98933,43.32705],[-1.98943,43.32702],[-1.98953,43.32697],[-1.98989,43.32676],[-1.98996,43.32674],[-1.99072,43.32665],[-1.9908,43.32663],[-1.9909,43.32658],[-1.99103,43.32649],[-1.99127,43.32638],[-1.99134,43.32632],[-1.9914,43.32611],[-1.99143,43.32601],[-1.99151,43.32594],[-1.99198,43.32569],[-1.99222,43.32551],[-1.99234,43.32536],[-1.99243,43.32521],[-1.99239,43.32514],[-1.99254,43.32508],[-1.9925,43.32503],[-1.99252,43.32498],[-1.99244,43.32491],[-1.99242,43.32489],[-1.99241,43.32487],[-1.99313,43.32455],[-1.99349,43.32455],[-1.99349,43.32436],[-1.99346,43.32433],[-1.99347,43.32429],[-1.99319,43.32404],[-1.9931,43.32403],[-1.99283,43.32381],[-1.99268,43.32356],[-1.99265,43.3235],[-1.99259,43.32341],[-1.99241,43.32323],[-1.9922,43.32315],[-1.99205,43.32311],[-1.99205,43.32305],[-1.99176,43.32307],[-1.99107,43.32313],[-1.99081,43.32315],[-1.99059,43.32314],[-1.99044,43.32313],[-1.99035,43.3231],[-1.99031,43.32304],[-1.99025,43.32306],[-1.99026,43.3231],[-1.99022,43.32313],[-1.98978,43.32325],[-1.98904,43.32349],[-1.98861,43.32367],[-1.98848,43.32372],[-1.98861,43.32387],[-1.98847,43.32398],[-1.98819,43.32413],[-1.98814,43.32406],[-1.98764,43.32422],[-1.98719,43.32436],[-1.98713,43.32427],[-1.98664,43.32456],[-1.98661,43.32454],[-1.98653,43.32448],[-1.98646,43.32441],[-1.98606,43.32457],[-1.98615,43.32469],[-1.98532,43.32515],[-1.98533,43.3252],[-1.98481,43.32551],[-1.9848,43.32558],[-1.98475,43.32561],[-1.98479,43.32567],[-1.98502,43.32576],[-1.98498,43.32588]]]}},{"type":"Feature","properties":{"name":"","kind":"coast","road":"","osm":1046443073},"geometry":{"type":"LineString","coordinates":[[-1.99076,43.31538],[-1.99105,43.3153],[-1.99267,43.31505],[-1.99375,43.31507],[-1.99485,43.31501],[-1.99561,43.31508],[-1.99583,43.31512],[-1.99646,43.31523],[-1.99675,43.31528],[-1.99731,43.3154],[-1.99767,43.31555],[-1.99792,43.31568],[-1.99788,43.31572],[-1.99789,43.31574],[-1.99768,43.31589]]}},{"type":"Feature","properties":{"name":"","kind":"coast","road":"","osm":1046443074},"geometry":{"type":"LineString","coordinates":[[-1.987,43.32168],[-1.98686,43.3216],[-1.98753,43.32159],[-1.98753,43.32156],[-1.98738,43.32157],[-1.98738,43.32153],[-1.98719,43.32153],[-1.98719,43.32155],[-1.98678,43.32156],[-1.98677,43.32154],[-1.98658,43.32132],[-1.98622,43.32087],[-1.98616,43.32089],[-1.9861,43.32055],[-1.98582,43.31991],[-1.9858,43.31971],[-1.98578,43.31934],[-1.986,43.31867],[-1.98632,43.31817],[-1.98688,43.31764],[-1.9873,43.31719],[-1.98807,43.3166],[-1.98834,43.31643],[-1.98856,43.31629],[-1.98887,43.3161],[-1.99013,43.31553],[-1.99062,43.31541],[-1.99072,43.31539],[-1.99076,43.31538]]}},{"type":"Feature","properties":{"name":"","kind":"coast","road":"","osm":1046443076},"geometry":{"type":"LineString","coordinates":[[-1.98503,43.32627],[-1.98559,43.32644],[-1.98637,43.32659],[-1.98717,43.32681],[-1.98764,43.32692],[-1.98782,43.327],[-1.98793,43.32707],[-1.98804,43.32704],[-1.98819,43.32705],[-1.98822,43.32731],[-1.98857,43.32752],[-1.9889,43.32754],[-1.98947,43.3274],[-1.98973,43.32725],[-1.99001,43.32718],[-1.99072,43.32717],[-1.99116,43.327],[-1.99154,43.32671],[-1.99182,43.3267],[-1.99201,43.32606],[-1.99229,43.3258],[-1.99236,43.32564],[-1.99287,43.32515],[-1.993,43.32507],[-1.99398,43.32467],[-1.99388,43.32451],[-1.99394,43.32448],[-1.9939,43.32442],[-1.99371,43.32431],[-1.99309,43.32371]]}},{"type":"Feature","properties":{"name":"","kind":"coast","road":"","osm":1046443077},"geometry":{"type":"LineString","coordinates":[[-1.98063,43.32338],[-1.98064,43.3234],[-1.98067,43.3234],[-1.98069,43.3234],[-1.98095,43.32387],[-1.98118,43.32419],[-1.98163,43.32481],[-1.98193,43.32515],[-1.98224,43.32539],[-1.98264,43.32602],[-1.98283,43.32608],[-1.98302,43.3261],[-1.98353,43.32598],[-1.98392,43.32596],[-1.98464,43.32615],[-1.98503,43.32627]]}},{"type":"Feature","properties":{"name":"Iztueta kalea","kind":"road","road":"pedestrian","osm":1056321654},"geometry":{"type":"LineString","coordinates":[[-1.97444,43.32128],[-1.9745,43.32128],[-1.97465,43.32125],[-1.97506,43.3212]]}},{"type":"Feature","properties":{"name":"Mirakontxa pasealekua","kind":"road","road":"secondary","osm":1079013308},"geometry":{"type":"LineString","coordinates":[[-1.99066,43.31478],[-1.99088,43.31474],[-1.99099,43.31472],[-1.99104,43.31471],[-1.99143,43.31464],[-1.99172,43.31458]]}},{"type":"Feature","properties":{"name":"Mirakontxa pasealekua","kind":"road","road":"secondary","osm":1079013309},"geometry":{"type":"LineString","coordinates":[[-1.99172,43.31458],[-1.99151,43.3146],[-1.9914,43.31461],[-1.99109,43.31466],[-1.99102,43.31466],[-1.99092,43.31468],[-1.99052,43.31476]]}},{"type":"Feature","properties":{"name":"Zubieta kalea","kind":"road","road":"secondary","osm":1079076751},"geometry":{"type":"LineString","coordinates":[[-1.98798,43.31531],[-1.98788,43.31539]]}},{"type":"Feature","properties":{"name":"Mirakontxa pasealekua","kind":"road","road":"secondary","osm":1079076752},"geometry":{"type":"LineString","coordinates":[[-1.98815,43.31523],[-1.9881,43.31524],[-1.98807,43.31525],[-1.98805,43.31526],[-1.98801,43.31529],[-1.98798,43.31531]]}},{"type":"Feature","properties":{"name":"Zubieta kalea","kind":"road","road":"secondary","osm":1079076753},"geometry":{"type":"LineString","coordinates":[[-1.98716,43.3159],[-1.98708,43.31596],[-1.98648,43.31641],[-1.98644,43.31644]]}},{"type":"Feature","properties":{"name":"","kind":"road","road":"pedestrian","osm":1080342615},"geometry":{"type":"LineString","coordinates":[[-1.98283,43.31518],[-1.9828,43.31519],[-1.98288,43.31532],[-1.98301,43.3155],[-1.98307,43.31565],[-1.98311,43.31564],[-1.9833,43.31561],[-1.98341,43.31561],[-1.98342,43.31559],[-1.98357,43.31559],[-1.9837,43.31555],[-1.98372,43.31553],[-1.98374,43.3155],[-1.98375,43.3155],[-1.98378,43.31549],[-1.98398,43.31547],[-1.98417,43.3154],[-1.9841,43.3152],[-1.98405,43.31521],[-1.98401,43.31523],[-1.98402,43.3153],[-1.98402,43.31532],[-1.98401,43.31534],[-1.984,43.31535],[-1.98398,43.31536],[-1.98396,43.31537],[-1.98396,43.31542],[-1.98372,43.31546],[-1.9836,43.31554],[-1.98351,43.31555],[-1.98335,43.31553],[-1.9831,43.31558],[-1.98304,43.31539],[-1.98336,43.31533],[-1.98334,43.31529],[-1.9834,43.31528],[-1.98338,43.31523],[-1.98352,43.3152],[-1.98354,43.31526],[-1.98359,43.31525],[-1.98361,43.31529],[-1.98391,43.31524],[-1.98389,43.31516],[-1.98387,43.31509],[-1.98384,43.31509],[-1.983,43.31524],[-1.98297,43.31516],[-1.98292,43.31517],[-1.98291,43.31515],[-1.98282,43.31516],[-1.98283,43.31517],[-1.98283,43.31518]]}},{"type":"Feature","properties":{"name":"Easo kalea","kind":"road","road":"secondary","osm":1080345934},"geometry":{"type":"LineString","coordinates":[[-1.9805,43.31225],[-1.98058,43.3123],[-1.98064,43.31234],[-1.98068,43.31238],[-1.98071,43.31241],[-1.98079,43.31253],[-1.98086,43.31262]]}},{"type":"Feature","properties":{"name":"Bizkaia pasealekua","kind":"road","road":"secondary","osm":1080735586},"geometry":{"type":"LineString","coordinates":[[-1.97872,43.30909],[-1.97876,43.30917],[-1.97881,43.30934],[-1.97886,43.3095],[-1.9789,43.30967],[-1.97895,43.30999]]}},{"type":"Feature","properties":{"name":"Zubieta kalea","kind":"road","road":"secondary","osm":1080735590},"geometry":{"type":"LineString","coordinates":[[-1.98788,43.31539],[-1.98783,43.31542],[-1.98765,43.31555],[-1.98724,43.31585],[-1.98716,43.3159]]}},{"type":"Feature","properties":{"name":"Tolosa hiribidea","kind":"road","road":"secondary","osm":1080735591},"geometry":{"type":"LineString","coordinates":[[-2.00851,43.31167],[-2.00863,43.31161],[-2.00868,43.31158],[-2.00934,43.31124],[-2.00965,43.31106],[-2.00988,43.31087]]}},{"type":"Feature","properties":{"name":"Antso Jakitunaren hiribidea","kind":"road","road":"secondary","osm":1080745731},"geometry":{"type":"LineString","coordinates":[[-1.98042,43.3122],[-1.98043,43.31216]]}},{"type":"Feature","properties":{"name":"","kind":"road","road":"pedestrian","osm":1086357641},"geometry":{"type":"LineString","coordinates":[[-2.00103,43.31461],[-2.00114,43.31473],[-2.00121,43.31481],[-2.00123,43.31483],[-2.00125,43.31482],[-2.00128,43.31481],[-2.00133,43.31478],[-2.00136,43.31477],[-2.00129,43.31469],[-2.00116,43.31456],[-2.0011,43.31459],[-2.00103,43.31461]]}},{"type":"Feature","properties":{"name":"Errotatxo","kind":"road","road":"pedestrian","osm":1086357642},"geometry":{"type":"LineString","coordinates":[[-2.0011,43.31459],[-2.00124,43.31475]]}},{"type":"Feature","properties":{"name":"","kind":"park","road":"","osm":1112794671},"geometry":{"type":"Polygon","coordinates":[[[-2.00134,43.31275],[-2.00134,43.31273],[-2.00132,43.31273],[-2.00131,43.31266],[-2.00133,43.31264],[-2.00132,43.31261],[-2.0013,43.31261],[-2.00129,43.31265],[-2.00126,43.3127],[-2.00115,43.31276],[-2.00134,43.31275]]]}},{"type":"Feature","properties":{"name":"Konstituzio plaza","kind":"road","road":"pedestrian","osm":1155053415},"geometry":{"type":"LineString","coordinates":[[-1.98483,43.32349],[-1.98495,43.32373]]}},{"type":"Feature","properties":{"name":"Konstituzio plaza","kind":"road","road":"pedestrian","osm":1155053416},"geometry":{"type":"LineString","coordinates":[[-1.98514,43.32341],[-1.98483,43.32349],[-1.98451,43.32356]]}},{"type":"Feature","properties":{"name":"Konstituzio plaza","kind":"road","road":"pedestrian","osm":1155053417},"geometry":{"type":"LineString","coordinates":[[-1.98463,43.32383],[-1.98495,43.32373],[-1.98526,43.32365]]}},{"type":"Feature","properties":{"name":"Lazkano pasealekua","kind":"road","road":"tertiary","osm":1171091147},"geometry":{"type":"LineString","coordinates":[[-1.98902,43.31069],[-1.98903,43.31058],[-1.98905,43.31051],[-1.98907,43.31046],[-1.98913,43.31038]]}},{"type":"Feature","properties":{"name":"Resines eta Oloriz Plaza","kind":"road","road":"pedestrian","osm":1171784293},"geometry":{"type":"LineString","coordinates":[[-2.00574,43.31238],[-2.00553,43.31216],[-2.00549,43.3122],[-2.00515,43.31228],[-2.00508,43.31235],[-2.00493,43.3125],[-2.00495,43.31253],[-2.00512,43.3127],[-2.0052,43.31265],[-2.00525,43.31263],[-2.0056,43.31245],[-2.00566,43.31242],[-2.00574,43.31238]]}},{"type":"Feature","properties":{"name":"Askatasunaren hiribidea","kind":"road","road":"secondary","osm":1180023723},"geometry":{"type":"LineString","coordinates":[[-1.98477,43.31855],[-1.98427,43.31874],[-1.98419,43.31877],[-1.98415,43.31879]]}},{"type":"Feature","properties":{"name":"Askatasunaren hiribidea","kind":"road","road":"secondary","osm":1180023724},"geometry":{"type":"LineString","coordinates":[[-1.98487,43.31847],[-1.98485,43.31851],[-1.98481,43.31853],[-1.98477,43.31855]]}},{"type":"Feature","properties":{"name":"Easo kalea","kind":"road","road":"secondary","osm":1180023725},"geometry":{"type":"LineString","coordinates":[[-1.98477,43.3182],[-1.9848,43.31825]]}},{"type":"Feature","properties":{"name":"Aiete pasealekua","kind":"road","road":"tertiary","osm":1185965036},"geometry":{"type":"LineString","coordinates":[[-1.98946,43.31103],[-1.98957,43.31095]]}},{"type":"Feature","properties":{"name":"","kind":"road","road":"tertiary","osm":1188258394},"geometry":{"type":"LineString","coordinates":[[-1.98897,43.3109],[-1.98897,43.31094]]}},{"type":"Feature","properties":{"name":"","kind":"road","road":"pedestrian","osm":1201169027},"geometry":{"type":"LineString","coordinates":[[-2.00108,43.31248],[-2.00102,43.31245],[-2.00097,43.31242],[-2.00091,43.31257],[-2.00083,43.31281],[-2.00072,43.31279],[-2.00066,43.31296],[-2.00062,43.31308],[-2.00056,43.31326],[-2.00052,43.31336],[-2.00046,43.31354],[-2.00042,43.31365],[-2.00036,43.31383],[-2.00041,43.31384],[-2.00046,43.31384],[-2.0008,43.31289],[-2.001,43.3128],[-2.00117,43.31272],[-2.00124,43.31268],[-2.00126,43.31266],[-2.00122,43.31265],[-2.0012,43.31264],[-2.00121,43.31261],[-2.00119,43.31258],[-2.00111,43.31254],[-2.00108,43.31251],[-2.00108,43.31248]]}},{"type":"Feature","properties":{"name":"","kind":"road","road":"pedestrian","osm":1201169037},"geometry":{"type":"LineString","coordinates":[[-2.00098,43.31449],[-2.00074,43.31425],[-2.00064,43.31416],[-2.00063,43.31417],[-2.00062,43.31417],[-2.00049,43.31425],[-2.00066,43.31442],[-2.00046,43.31453],[-2.00061,43.31469],[-2.00098,43.31449]]}},{"type":"Feature","properties":{"name":"","kind":"park","road":"","osm":1201169042},"geometry":{"type":"Polygon","coordinates":[[[-2.00059,43.3152],[-2.0006,43.31519],[-2.00049,43.31507],[-2.00046,43.31501],[-2.0004,43.31504],[-2.00044,43.31511],[-2.00053,43.31514],[-2.00053,43.31516],[-2.00059,43.3152]]]}},{"type":"Feature","properties":{"name":"","kind":"park","road":"","osm":1201169043},"geometry":{"type":"Polygon","coordinates":[[[-2.0004,43.3151],[-2.00038,43.31505],[-2.00032,43.31508],[-2.0004,43.3151]]]}},{"type":"Feature","properties":{"name":"","kind":"park","road":"","osm":1201169044},"geometry":{"type":"Polygon","coordinates":[[[-2.00044,43.31489],[-2.00039,43.31493],[-2.00029,43.31501],[-2.00032,43.31503],[-2.00044,43.31496],[-2.00045,43.31489],[-2.00044,43.31489]]]}},{"type":"Feature","properties":{"name":"","kind":"park","road":"","osm":1201169047},"geometry":{"type":"Polygon","coordinates":[[[-2.00048,43.31266],[-2.00047,43.31266],[-2.0004,43.3128],[-2.00043,43.31281],[-2.00048,43.31266]]]}},{"type":"Feature","properties":{"name":"","kind":"park","road":"","osm":1201169048},"geometry":{"type":"Polygon","coordinates":[[[-2.00042,43.31285],[-2.00037,43.31284],[-2.00031,43.31296],[-2.00036,43.313],[-2.00042,43.31285]]]}},{"type":"Feature","properties":{"name":"","kind":"park","road":"","osm":1201169049},"geometry":{"type":"Polygon","coordinates":[[[-2.00035,43.31302],[-2.0003,43.31298],[-2.00025,43.31308],[-2.00032,43.3131],[-2.00035,43.31302]]]}},{"type":"Feature","properties":{"name":"","kind":"park","road":"","osm":1201169050},"geometry":{"type":"Polygon","coordinates":[[[-2.00031,43.31313],[-2.00022,43.31312],[-2.0002,43.31316],[-2.0003,43.31316],[-2.00031,43.31313]]]}},{"type":"Feature","properties":{"name":"","kind":"park","road":"","osm":1201169051},"geometry":{"type":"Polygon","coordinates":[[[-2.00029,43.31319],[-2.00019,43.3132],[-2.00015,43.31328],[-2.00013,43.31336],[-2.00022,43.31339],[-2.00029,43.31319]]]}},{"type":"Feature","properties":{"name":"","kind":"park","road":"","osm":1201169052},"geometry":{"type":"Polygon","coordinates":[[[-2.00021,43.31342],[-2.00012,43.31341],[-2.00011,43.31353],[-2.00017,43.31353],[-2.00021,43.31342]]]}},{"type":"Feature","properties":{"name":"","kind":"park","road":"","osm":1201169053},"geometry":{"type":"Polygon","coordinates":[[[-2.00016,43.31356],[-2.00011,43.31355],[-2.00011,43.31367],[-2.00012,43.31367],[-2.00016,43.31356]]]}},{"type":"Feature","properties":{"name":"","kind":"park","road":"","osm":1201752082},"geometry":{"type":"Polygon","coordinates":[[[-2.00574,43.31293],[-2.00552,43.31295],[-2.00534,43.313],[-2.00525,43.31307],[-2.00525,43.31311],[-2.00526,43.31315],[-2.00574,43.31293]]]}},{"type":"Feature","properties":{"name":"","kind":"park","road":"","osm":1204738418},"geometry":{"type":"Polygon","coordinates":[[[-1.98918,43.30984],[-1.98921,43.30962],[-1.98908,43.30965],[-1.98867,43.30905],[-1.98844,43.30879],[-1.98821,43.30883],[-1.98785,43.30883],[-1.98775,43.30889],[-1.98764,43.30888],[-1.98725,43.30883],[-1.98712,43.30888],[-1.98697,43.30902],[-1.9868,43.30911],[-1.98661,43.30916],[-1.9865,43.3091],[-1.9861,43.30939],[-1.98596,43.30953],[-1.98599,43.30957],[-1.98655,43.30933],[-1.98735,43.30913],[-1.98755,43.30911],[-1.98768,43.30912],[-1.98784,43.30916],[-1.988,43.30924],[-1.98812,43.30936],[-1.98819,43.3095],[-1.9882,43.30965],[-1.98822,43.3098],[-1.98828,43.30992],[-1.98839,43.31001],[-1.98854,43.31006],[-1.98842,43.31028],[-1.98853,43.31031],[-1.98866,43.31032],[-1.98879,43.31032],[-1.98893,43.3103],[-1.98906,43.31028],[-1.98919,43.31022],[-1.98893,43.30995],[-1.98918,43.30984]]]}},{"type":"Feature","properties":{"name":"Zumalakarregi hiribidea","kind":"road","road":"secondary","osm":1237500925},"geometry":{"type":"LineString","coordinates":[[-2.00377,43.31406],[-2.00432,43.31378],[-2.00511,43.31338],[-2.00516,43.31335],[-2.00536,43.31324]]}},{"type":"Feature","properties":{"name":"Iruñea kalea","kind":"road","road":"tertiary","osm":1237500926},"geometry":{"type":"LineString","coordinates":[[-2.00379,43.31418],[-2.00374,43.31417],[-2.00372,43.31416],[-2.00363,43.31413],[-2.0035,43.31409]]}},{"type":"Feature","properties":{"name":"","kind":"road","road":"pedestrian","osm":1241441933},"geometry":{"type":"LineString","coordinates":[[-1.98836,43.31573],[-1.98825,43.31564],[-1.98798,43.31542],[-1.98795,43.31541]]}},{"type":"Feature","properties":{"name":"Bretxa plaza","kind":"road","road":"pedestrian","osm":1242952516},"geometry":{"type":"LineString","coordinates":[[-1.98311,43.32351],[-1.98262,43.32365],[-1.98248,43.32344],[-1.98246,43.32341],[-1.98301,43.32325]]}},{"type":"Feature","properties":{"name":"Bretxa plaza","kind":"road","road":"pedestrian","osm":1242954536},"geometry":{"type":"LineString","coordinates":[[-1.98236,43.32349],[-1.98248,43.32344]]}},{"type":"Feature","properties":{"name":"Igeldo pasealekua","kind":"road","road":"tertiary","osm":1246064389},"geometry":{"type":"LineString","coordinates":[[-2.00548,43.31677],[-2.00563,43.31687]]}},{"type":"Feature","properties":{"name":"Igeldo pasealekua","kind":"road","road":"tertiary","osm":1246064390},"geometry":{"type":"LineString","coordinates":[[-2.00563,43.31687],[-2.00568,43.31671]]}},{"type":"Feature","properties":{"name":"Ibai Misteriotsua","kind":"river","road":"","osm":1257002682},"geometry":{"type":"LineString","coordinates":[[-2.00954,43.32189],[-2.00956,43.32191],[-2.00958,43.32191],[-2.00959,43.32193],[-2.00959,43.32195],[-2.00958,43.32196],[-2.00957,43.32197],[-2.00955,43.32198],[-2.00953,43.32197],[-2.00951,43.32197],[-2.00936,43.32197],[-2.00931,43.32196]]}},{"type":"Feature","properties":{"name":"Ibai Misteriotsua","kind":"river","road":"","osm":1257002683},"geometry":{"type":"LineString","coordinates":[[-2.00931,43.32191],[-2.00945,43.32188],[-2.0095,43.32189],[-2.00954,43.32189]]}},{"type":"Feature","properties":{"name":"Igeldo pasealekua","kind":"road","road":"tertiary","osm":1257118751},"geometry":{"type":"LineString","coordinates":[[-2.00568,43.31671],[-2.00577,43.3166],[-2.00596,43.31615],[-2.00612,43.31585],[-2.00618,43.31576]]}},{"type":"Feature","properties":{"name":"","kind":"coast","road":"","osm":1271839514},"geometry":{"type":"LineString","coordinates":[[-1.97959,43.32377],[-1.97976,43.32371],[-1.97978,43.32372],[-1.9798,43.32371],[-1.9798,43.3237],[-1.98004,43.32361],[-1.98005,43.3236],[-1.98008,43.32359],[-1.98034,43.3235],[-1.98035,43.3235],[-1.98037,43.32349],[-1.98037,43.32348],[-1.98063,43.32338]]}},{"type":"Feature","properties":{"name":"Prim kalea","kind":"road","road":"tertiary","osm":1318076997},"geometry":{"type":"LineString","coordinates":[[-1.97979,43.31744],[-1.9798,43.3174],[-1.97984,43.31702],[-1.97984,43.31697],[-1.97985,43.31687],[-1.97987,43.31685]]}},{"type":"Feature","properties":{"name":"","kind":"road","road":"pedestrian","osm":1320960002},"geometry":{"type":"LineString","coordinates":[[-1.99208,43.32295],[-1.99201,43.32295],[-1.99201,43.32294],[-1.992,43.32293],[-1.992,43.3229],[-1.99199,43.32287],[-1.99197,43.32286],[-1.99184,43.32278],[-1.9919,43.32271],[-1.99199,43.32275],[-1.99211,43.32276],[-1.99209,43.3229],[-1.99208,43.32295]]}},{"type":"Feature","properties":{"name":"","kind":"park","road":"","osm":1352923832},"geometry":{"type":"Polygon","coordinates":[[[-1.97571,43.3176],[-1.97571,43.31761],[-1.97569,43.31762],[-1.97567,43.31763],[-1.97566,43.31764],[-1.97565,43.31764],[-1.97563,43.31764],[-1.9756,43.31764],[-1.97558,43.31763],[-1.97556,43.31763],[-1.97554,43.31763],[-1.97553,43.31761],[-1.97552,43.3176],[-1.97552,43.31758],[-1.97553,43.31757],[-1.97556,43.31758],[-1.97557,43.31759],[-1.97558,43.3176],[-1.9756,43.31761],[-1.97561,43.3176],[-1.97562,43.31759],[-1.97564,43.31758],[-1.97565,43.31759],[-1.97566,43.31759],[-1.97569,43.31759],[-1.97571,43.3176]]]}},{"type":"Feature","properties":{"name":"","kind":"park","road":"","osm":1352923833},"geometry":{"type":"Polygon","coordinates":[[[-1.97549,43.31761],[-1.97547,43.3176],[-1.97545,43.31759],[-1.97544,43.31758],[-1.97543,43.31757],[-1.97541,43.31758],[-1.97539,43.31758],[-1.97537,43.31757],[-1.97536,43.31756],[-1.97534,43.31756],[-1.97533,43.31757],[-1.97533,43.31758],[-1.97534,43.31759],[-1.97535,43.3176],[-1.97537,43.31759],[-1.97539,43.31759],[-1.9754,43.3176],[-1.97541,43.31761],[-1.97543,43.31762],[-1.97544,43.31763],[-1.97546,43.31763],[-1.97548,43.31763],[-1.97549,43.31762],[-1.97549,43.31761]]]}},{"type":"Feature","properties":{"name":"","kind":"park","road":"","osm":1353403379},"geometry":{"type":"Polygon","coordinates":[[[-1.98308,43.31399],[-1.98308,43.31396],[-1.98309,43.31394],[-1.98317,43.31388],[-1.98312,43.31385],[-1.98307,43.31389],[-1.98304,43.31392],[-1.98302,43.31395],[-1.98302,43.31398],[-1.98303,43.314],[-1.98308,43.31399]]]}},{"type":"Feature","properties":{"name":"","kind":"park","road":"","osm":1353403380},"geometry":{"type":"Polygon","coordinates":[[[-1.98334,43.31393],[-1.9834,43.31388],[-1.9833,43.31383],[-1.98324,43.31388],[-1.98334,43.31393]]]}},{"type":"Feature","properties":{"name":"","kind":"park","road":"","osm":1353403381},"geometry":{"type":"Polygon","coordinates":[[[-1.98351,43.31401],[-1.98352,43.31395],[-1.98344,43.31391],[-1.98338,43.31395],[-1.98351,43.31401]]]}},{"type":"Feature","properties":{"name":"","kind":"park","road":"","osm":1353403382},"geometry":{"type":"Polygon","coordinates":[[[-1.98377,43.31426],[-1.98378,43.31422],[-1.98366,43.31423],[-1.98365,43.31425],[-1.98377,43.31426]]]}},{"type":"Feature","properties":{"name":"","kind":"park","road":"","osm":1365981104},"geometry":{"type":"Polygon","coordinates":[[[-1.98575,43.31694],[-1.9857,43.3169],[-1.98564,43.31683],[-1.98599,43.3167],[-1.98581,43.31683],[-1.9858,43.31689],[-1.98575,43.31694]]]}},{"type":"Feature","properties":{"name":"","kind":"road","road":"pedestrian","osm":1365981105},"geometry":{"type":"LineString","coordinates":[[-1.98618,43.31664],[-1.98616,43.31663],[-1.98599,43.3167],[-1.98581,43.31683],[-1.9858,43.31689],[-1.98575,43.31694],[-1.9857,43.31699],[-1.98543,43.31726],[-1.98544,43.31726],[-1.98564,43.31706],[-1.98566,43.31708],[-1.98573,43.317],[-1.9858,43.31694],[-1.98591,43.31684],[-1.98591,43.31679],[-1.98605,43.3167],[-1.98611,43.31669],[-1.98618,43.31664]]}},{"type":"Feature","properties":{"name":"","kind":"park","road":"","osm":1382931356},"geometry":{"type":"Polygon","coordinates":[[[-2.00105,43.31537],[-2.00093,43.31543],[-2.00083,43.31547],[-2.00088,43.31538],[-2.00096,43.31538],[-2.00105,43.31537]]]}},{"type":"Feature","properties":{"name":"","kind":"water","road":"","osm":1382931358},"geometry":{"type":"Polygon","coordinates":[[[-2.00048,43.31541],[-2.00044,43.31537],[-2.00038,43.31536],[-2.00033,43.31537],[-2.0003,43.31534],[-2.00022,43.31537],[-2.00018,43.31536],[-2.00013,43.31535],[-2.00008,43.31535],[-2.00005,43.31537],[-2.00004,43.3154],[-2.00004,43.31542],[-2.00006,43.31544],[-2.0001,43.31545],[-2.00015,43.31545],[-2.00018,43.31544],[-2.00019,43.31542],[-2.00022,43.31542],[-2.00022,43.31544],[-2.0003,43.31544],[-2.00031,43.31541],[-2.00033,43.31542],[-2.00035,43.31542],[-2.00035,43.31541],[-2.00037,43.31542],[-2.00038,43.31543],[-2.0004,43.31543],[-2.00044,43.31543],[-2.00048,43.31541]]]}},{"type":"Feature","properties":{"name":"Federico Garcia Lorca pasealekua","kind":"road","road":"secondary","osm":1392663549},"geometry":{"type":"LineString","coordinates":[[-1.97728,43.31627],[-1.97738,43.31545]]}},{"type":"Feature","properties":{"name":"","kind":"park","road":"","osm":1417024379},"geometry":{"type":"Polygon","coordinates":[[[-1.98452,43.31998],[-1.98446,43.3199],[-1.98442,43.31992],[-1.98445,43.31995],[-1.98446,43.31995],[-1.98447,43.31995],[-1.98448,43.31995],[-1.98448,43.31996],[-1.98447,43.31997],[-1.98446,43.31997],[-1.98447,43.31999],[-1.98449,43.31998],[-1.9845,43.31999],[-1.98452,43.31998]]]}},{"type":"Feature","properties":{"name":"","kind":"park","road":"","osm":1417024380},"geometry":{"type":"Polygon","coordinates":[[[-1.98446,43.32001],[-1.98438,43.32004],[-1.98434,43.31999],[-1.98442,43.31996],[-1.98446,43.32001]]]}},{"type":"Feature","properties":{"name":"","kind":"park","road":"","osm":1417024381},"geometry":{"type":"Polygon","coordinates":[[[-1.98431,43.32007],[-1.98423,43.3201],[-1.98419,43.32005],[-1.98427,43.32002],[-1.98431,43.32007]]]}},{"type":"Feature","properties":{"name":"","kind":"park","road":"","osm":1417024382},"geometry":{"type":"Polygon","coordinates":[[[-1.98441,43.31994],[-1.98418,43.32003],[-1.98417,43.32002],[-1.9844,43.31993],[-1.98441,43.31994]]]}},{"type":"Feature","properties":{"name":"","kind":"park","road":"","osm":1417024383},"geometry":{"type":"Polygon","coordinates":[[[-1.98417,43.3201],[-1.98419,43.32009],[-1.98414,43.32002],[-1.9841,43.32004],[-1.98416,43.32012],[-1.98418,43.32011],[-1.98417,43.3201]]]}},{"type":"Feature","properties":{"name":"","kind":"park","road":"","osm":1418062457},"geometry":{"type":"Polygon","coordinates":[[[-1.97767,43.31666],[-1.97773,43.31671],[-1.97773,43.31675],[-1.97764,43.31677],[-1.97762,43.31713],[-1.97769,43.31717],[-1.97767,43.31726],[-1.97766,43.31725],[-1.97766,43.31723],[-1.97765,43.31721],[-1.97763,43.31718],[-1.97761,43.31716],[-1.97759,43.31714],[-1.97759,43.31712],[-1.9776,43.31689],[-1.9776,43.31674],[-1.97761,43.31672],[-1.97762,43.3167],[-1.97764,43.31667],[-1.97767,43.31666]]]}},{"type":"Feature","properties":{"name":"","kind":"park","road":"","osm":1418062458},"geometry":{"type":"Polygon","coordinates":[[[-1.97767,43.31662],[-1.97766,43.31661],[-1.97767,43.31655],[-1.97768,43.31649],[-1.97745,43.31648],[-1.97739,43.31647],[-1.9774,43.31646],[-1.97772,43.31648],[-1.97774,43.31649],[-1.97775,43.3165],[-1.97773,43.31659],[-1.97767,43.31662]]]}},{"type":"Feature","properties":{"name":"Iztueta kalea","kind":"road","road":"pedestrian","osm":1445299325},"geometry":{"type":"LineString","coordinates":[[-1.97506,43.3212],[-1.97514,43.3212]]}},{"type":"Feature","properties":{"name":"Iztueta kalea","kind":"road","road":"tertiary","osm":1445299329},"geometry":{"type":"LineString","coordinates":[[-1.97452,43.32111],[-1.97467,43.3211],[-1.97537,43.32099]]}},{"type":"Feature","properties":{"name":"Reno plazatxoa","kind":"park","road":"","osm":1446010921},"geometry":{"type":"Polygon","coordinates":[[[-2.00741,43.31443],[-2.00706,43.31482],[-2.00642,43.31462],[-2.00704,43.31432],[-2.00713,43.31429],[-2.00793,43.3139],[-2.00795,43.31384],[-2.00781,43.31371],[-2.00832,43.31346],[-2.00857,43.31372],[-2.00831,43.31386],[-2.00821,43.31381],[-2.008,43.31395],[-2.00733,43.31437],[-2.00741,43.31443]]]}},{"type":"Feature","properties":{"name":"Ijentea","kind":"road","road":"pedestrian","osm":1469700730},"geometry":{"type":"LineString","coordinates":[[-1.98505,43.3217],[-1.98507,43.32174]]}},{"type":"Feature","properties":{"name":"Salamanca pasealekua","kind":"road","road":"tertiary","osm":1469987119},"geometry":{"type":"LineString","coordinates":[[-1.98124,43.3239],[-1.98128,43.32397],[-1.98143,43.32418],[-1.98155,43.32434]]}},{"type":"Feature","properties":{"name":"","kind":"park","road":"","osm":1480434644},"geometry":{"type":"Polygon","coordinates":[[[-1.9792,43.31846],[-1.97918,43.31844],[-1.9791,43.31841],[-1.97902,43.31838],[-1.97898,43.31834],[-1.97897,43.31834],[-1.97899,43.31839],[-1.97901,43.31843],[-1.97904,43.31846],[-1.97907,43.31847],[-1.97911,43.31848],[-1.97916,43.31848],[-1.9792,43.31846]]]}},{"type":"Feature","properties":{"name":"","kind":"park","road":"","osm":1480603178},"geometry":{"type":"Polygon","coordinates":[[[-1.97914,43.31735],[-1.97914,43.31733],[-1.97913,43.31731],[-1.97911,43.3173],[-1.97908,43.31729],[-1.97907,43.31733],[-1.97908,43.31734],[-1.9791,43.31735],[-1.97914,43.31735]]]}},{"type":"Feature","properties":{"name":"Easo kalea","kind":"road","road":"secondary","osm":1486821145},"geometry":{"type":"LineString","coordinates":[[-1.98298,43.31566],[-1.98304,43.31573],[-1.98339,43.31624]]}},{"type":"Feature","properties":{"name":"Valle Lersundi plaza","kind":"road","road":"pedestrian","osm":1491975333},"geometry":{"type":"LineString","coordinates":[[-1.98518,43.32432],[-1.98533,43.32451],[-1.98535,43.32453],[-1.98537,43.32455],[-1.98546,43.32451],[-1.98544,43.32449],[-1.98543,43.32448],[-1.98529,43.32427],[-1.98523,43.32429],[-1.98518,43.32432]]}},{"type":"Feature","properties":{"name":"Santa Korda kalea","kind":"road","road":"pedestrian","osm":1491975334},"geometry":{"type":"LineString","coordinates":[[-1.98577,43.32436],[-1.98544,43.32449]]}},{"type":"Feature","properties":{"name":"","kind":"road","road":"pedestrian","osm":1491975335},"geometry":{"type":"LineString","coordinates":[[-1.98521,43.32427],[-1.98523,43.32429],[-1.9854,43.32451]]}},{"type":"Feature","properties":{"name":"Urbieta kalea","kind":"road","road":"secondary","osm":1497686126},"geometry":{"type":"LineString","coordinates":[[-1.98407,43.31881],[-1.98404,43.31877]]}},{"type":"Feature","properties":{"name":"Antso Jakitunaren hiribidea","kind":"road","road":"secondary","osm":1498089680},"geometry":{"type":"LineString","coordinates":[[-1.98043,43.31216],[-1.98044,43.31207],[-1.98045,43.31195],[-1.98045,43.31182],[-1.98044,43.3117],[-1.98042,43.31158]]}},{"type":"Feature","properties":{"name":"Askatasunaren hiribidea","kind":"road","road":"secondary","osm":1498090253},"geometry":{"type":"LineString","coordinates":[[-1.98254,43.31944],[-1.98264,43.3194],[-1.98309,43.31923],[-1.98313,43.31922],[-1.98328,43.31916]]}},{"type":"Feature","properties":{"name":"Argentinako Errepublika pasealekua","kind":"road","road":"secondary","osm":1498090780},"geometry":{"type":"LineString","coordinates":[[-1.97919,43.32097],[-1.97948,43.32138],[-1.97972,43.32172],[-1.9806,43.32297],[-1.98064,43.32303]]}},{"type":"Feature","properties":{"name":"Argentinako Errepublika pasealekua","kind":"road","road":"secondary","osm":1498091758},"geometry":{"type":"LineString","coordinates":[[-1.98072,43.32315],[-1.98076,43.32321]]}},{"type":"Feature","properties":{"name":"Erregina Erregeordearen kalea","kind":"road","road":"secondary","osm":1498091761},"geometry":{"type":"LineString","coordinates":[[-1.9807,43.32319],[-1.98068,43.32321],[-1.98065,43.32323],[-1.9806,43.32325],[-1.98058,43.32326]]}},{"type":"Feature","properties":{"name":"Erregina Erregeordearen kalea","kind":"road","road":"secondary","osm":1498091762},"geometry":{"type":"LineString","coordinates":[[-1.98088,43.32315],[-1.98101,43.32309]]}},{"type":"Feature","properties":{"name":"Askatasunaren hiribidea","kind":"road","road":"secondary","osm":1499334984},"geometry":{"type":"LineString","coordinates":[[-1.98415,43.31879],[-1.98412,43.31879],[-1.98409,43.31879],[-1.98407,43.31878],[-1.98404,43.31877]]}},{"type":"Feature","properties":{"name":"Federico Garcia Lorca pasealekua","kind":"road","road":"secondary","osm":1499876561},"geometry":{"type":"LineString","coordinates":[[-1.9779,43.31182],[-1.97791,43.31173],[-1.97792,43.31167],[-1.97795,43.31158]]}},{"type":"Feature","properties":{"name":"Frantzia pasealekua","kind":"road","road":"secondary","osm":1503399876},"geometry":{"type":"LineString","coordinates":[[-1.97668,43.32056],[-1.97678,43.31982],[-1.97678,43.31977],[-1.97684,43.31935],[-1.97684,43.31931],[-1.97685,43.31925],[-1.97699,43.3182],[-1.977,43.31814],[-1.97702,43.31809],[-1.97708,43.31781],[-1.97714,43.3176],[-1.97718,43.31751],[-1.97721,43.31745],[-1.97722,43.31743]]}},{"type":"Feature","properties":{"name":"Zurriola hiribidea","kind":"road","road":"secondary","osm":1510964671},"geometry":{"type":"LineString","coordinates":[[-1.97595,43.32497],[-1.97533,43.3252],[-1.97521,43.32525]]}},{"type":"Feature","properties":{"name":"Salamanca pasealekua","kind":"road","road":"tertiary","osm":1510997558},"geometry":{"type":"LineString","coordinates":[[-1.98076,43.32321],[-1.98078,43.32324]]}},{"type":"Feature","properties":{"name":"Erregina Erregeordearen kalea","kind":"road","road":"secondary","osm":1510997560},"geometry":{"type":"LineString","coordinates":[[-1.98076,43.32321],[-1.98088,43.32315]]}},{"type":"Feature","properties":{"name":"Iruñea kalea","kind":"road","road":"tertiary","osm":1512218925},"geometry":{"type":"LineString","coordinates":[[-2.00509,43.31459],[-2.00459,43.31443],[-2.00447,43.31439]]}},{"type":"Feature","properties":{"name":"Iruñea kalea","kind":"road","road":"tertiary","osm":1512218926},"geometry":{"type":"LineString","coordinates":[[-2.0058,43.3148],[-2.00568,43.31477],[-2.00509,43.31459]]}},{"type":"Feature","properties":{"name":"","kind":"road","road":"secondary","osm":1512218927},"geometry":{"type":"LineString","coordinates":[[-1.99962,43.31555],[-2.0,43.31561]]}},{"type":"Feature","properties":{"name":"Erregina Erregeordearen kalea","kind":"road","road":"secondary","osm":1518102222},"geometry":{"type":"LineString","coordinates":[[-1.98056,43.32331],[-1.98061,43.32329]]}},{"type":"Feature","properties":{"name":"Federico Garcia Lorca pasealekua","kind":"road","road":"secondary","osm":1526208855},"geometry":{"type":"LineString","coordinates":[[-1.97783,43.31227],[-1.9779,43.31182]]}},{"type":"Feature","properties":{"name":"Euskadi plaza","kind":"road","road":"secondary","osm":1529725370},"geometry":{"type":"LineString","coordinates":[[-1.97732,43.32173],[-1.97731,43.32168],[-1.9773,43.32163]]}},{"type":"Feature","properties":{"name":"Euskadi plaza","kind":"road","road":"secondary","osm":1529725371},"geometry":{"type":"LineString","coordinates":[[-1.97737,43.32144],[-1.97739,43.32141],[-1.97742,43.32138],[-1.97746,43.32136],[-1.9775,43.32134],[-1.97751,43.32134],[-1.9776,43.3213]]}},{"type":"Feature","properties":{"name":"Mirakruz kalea","kind":"road","road":"secondary","osm":1531016511},"geometry":{"type":"LineString","coordinates":[[-1.97575,43.32177],[-1.9754,43.32184]]}},{"type":"Feature","properties":{"name":"Gernikako Arbola pasealekua","kind":"road","road":"secondary","osm":1532318450},"geometry":{"type":"LineString","coordinates":[[-1.97927,43.31143],[-1.97929,43.31158]]}},{"type":"Feature","properties":{"name":"Antso Jakitunaren hiribidea","kind":"road","road":"secondary","osm":1532318451},"geometry":{"type":"LineString","coordinates":[[-1.98031,43.31199],[-1.98031,43.31206],[-1.98031,43.31209],[-1.98033,43.31212],[-1.98035,43.31214],[-1.98037,43.31217],[-1.98042,43.3122]]}},{"type":"Feature","properties":{"name":"Mundaiz zubia","kind":"road","road":"tertiary","osm":1532318452},"geometry":{"type":"LineString","coordinates":[[-1.97828,43.31153],[-1.9782,43.31153],[-1.97816,43.31153],[-1.97815,43.31153],[-1.97813,43.31153],[-1.97811,43.31152],[-1.97809,43.31152],[-1.97807,43.3115]]}},{"type":"Feature","properties":{"name":"Mundaiz zubia","kind":"road","road":"tertiary","osm":1532318453},"geometry":{"type":"LineString","coordinates":[[-1.97913,43.31145],[-1.97828,43.31153]]}},{"type":"Feature","properties":{"name":"Urumea pasealekua","kind":"road","road":"tertiary","osm":1532318454},"geometry":{"type":"LineString","coordinates":[[-1.97807,43.3115],[-1.97806,43.3115],[-1.97802,43.31147],[-1.97798,43.31143]]}},{"type":"Feature","properties":{"name":"Mundaiz zubia","kind":"road","road":"tertiary","osm":1532318458},"geometry":{"type":"LineString","coordinates":[[-1.97914,43.31151],[-1.97917,43.31151],[-1.9792,43.31152],[-1.97923,43.31153],[-1.97925,43.31154],[-1.97927,43.31156],[-1.97929,43.31158]]}},{"type":"Feature","properties":{"name":"Mundaiz zubia","kind":"road","road":"tertiary","osm":1532318459},"geometry":{"type":"LineString","coordinates":[[-1.97811,43.31162],[-1.97816,43.31161]]}},{"type":"Feature","properties":{"name":"Mundaiz zubia","kind":"road","road":"tertiary","osm":1532318460},"geometry":{"type":"LineString","coordinates":[[-1.97816,43.31161],[-1.97829,43.31159],[-1.97862,43.31156]]}},{"type":"Feature","properties":{"name":"Pio Baroja pasealekua","kind":"road","road":"secondary","osm":1532742198},"geometry":{"type":"LineString","coordinates":[[-1.99996,43.31408],[-1.99994,43.31405],[-1.99992,43.31402],[-1.99988,43.31399],[-1.99984,43.31397],[-1.99979,43.31396],[-1.99974,43.31396]]}},{"type":"Feature","properties":{"name":"Kontxa pasealekua","kind":"road","road":"pedestrian","osm":1544919790},"geometry":{"type":"LineString","coordinates":[[-1.98833,43.31575],[-1.98836,43.31573],[-1.98842,43.31569],[-1.98844,43.31562]]}},{"type":"Feature","properties":{"name":"","kind":"road","road":"pedestrian","osm":1544919791},"geometry":{"type":"LineString","coordinates":[[-1.98513,43.31829],[-1.98495,43.31834]]}},{"type":"Feature","properties":{"name":"Cervantes plaza","kind":"road","road":"pedestrian","osm":1544919795},"geometry":{"type":"LineString","coordinates":[[-1.98494,43.31905],[-1.98467,43.31896],[-1.98446,43.31891],[-1.98439,43.3189],[-1.98435,43.31889],[-1.98432,43.3189],[-1.98428,43.3189],[-1.98424,43.31892]]}},{"type":"Feature","properties":{"name":"","kind":"road","road":"secondary","osm":1553484721},"geometry":{"type":"LineString","coordinates":[[-1.97891,43.31828],[-1.97895,43.31841]]}},{"type":"Feature","properties":{"name":"Gernikako Arbola pasealekua","kind":"road","road":"secondary","osm":1553484722},"geometry":{"type":"LineString","coordinates":[[-1.97916,43.31603],[-1.97903,43.31722],[-1.97902,43.31727],[-1.97902,43.31736],[-1.97901,43.31739]]}}]}