{"bounds":[41.9764,2.81402,41.9955,2.83639],"date":"2026-09-18T16:59:19Z","type":"FeatureCollection","features":[{"type":"Feature","properties":{"name":"la Devesa","kind":"park","road":"","osm":4793317},"geometry":{"type":"Polygon","coordinates":[[[2.82079,41.98665],[2.8211,41.98691],[2.82133,41.98705],[2.82142,41.98725],[2.8218,41.98762],[2.82216,41.98797],[2.82222,41.98809],[2.82224,41.98824],[2.8221,41.98889],[2.82204,41.98896],[2.82183,41.98907],[2.82171,41.98928],[2.82057,41.98982],[2.81935,41.98978],[2.81866,41.98973],[2.81702,41.98925],[2.81622,41.989],[2.81503,41.9886],[2.81499,41.98859],[2.81468,41.98849],[2.81431,41.98837],[2.81365,41.98806],[2.81403,41.98745],[2.81215,41.98687],[2.81169,41.98639],[2.81163,41.98632],[2.81244,41.98467],[2.81286,41.98462],[2.81671,41.98558],[2.81857,41.98606],[2.82002,41.98645],[2.82079,41.98665]]]}},{"type":"Feature","properties":{"name":"Parc de les Ribes del Ter","kind":"park","road":"","osm":33131965},"geometry":{"type":"Polygon","coordinates":[[[2.81466,41.98965],[2.81341,41.99019],[2.81227,41.99068],[2.81086,41.98978],[2.80991,41.99059],[2.80947,41.98992],[2.8096,41.98876],[2.80984,41.98677],[2.8118,41.98823],[2.81284,41.98901],[2.81311,41.98917],[2.81329,41.98924],[2.81466,41.98965]]]}},{"type":"Feature","properties":{"name":"Jardí de Montserrat Hosta i Rebés","kind":"park","road":"","osm":51300511},"geometry":{"type":"Polygon","coordinates":[[[2.82357,41.98943],[2.82362,41.98896],[2.82372,41.98906],[2.82398,41.9893],[2.82397,41.98936],[2.82391,41.98941],[2.82383,41.98945],[2.82374,41.98947],[2.82365,41.98946],[2.82357,41.98943]]]}},{"type":"Feature","properties":{"name":"Plaça de Joaquim Pla i Dalmau","kind":"road","road":"pedestrian","osm":52919212},"geometry":{"type":"LineString","coordinates":[[2.81964,41.97764],[2.81961,41.97757],[2.81957,41.97747],[2.81983,41.9774],[2.81991,41.97759],[2.81964,41.97764]]}},{"type":"Feature","properties":{"name":"Riu Onyar","kind":"river","road":"","osm":52985665},"geometry":{"type":"LineString","coordinates":[[2.82339,41.9823],[2.82339,41.98317],[2.82386,41.98445],[2.82453,41.98568],[2.82443,41.98613],[2.82429,41.98634]]}},{"type":"Feature","properties":{"name":"Riu Onyar","kind":"water","road":"","osm":52985666},"geometry":{"type":"Polygon","coordinates":[[[2.83001,41.97391],[2.83001,41.97372],[2.82921,41.97367],[2.82832,41.97367],[2.82746,41.97385],[2.82638,41.97415],[2.82572,41.97437],[2.82518,41.97459],[2.82464,41.9748],[2.82442,41.97491],[2.82427,41.97503],[2.82415,41.97512],[2.82382,41.97542],[2.82362,41.97569],[2.82341,41.97613],[2.82334,41.97647],[2.82335,41.97679],[2.8234,41.97705],[2.82349,41.97731],[2.82366,41.97778],[2.82393,41.97846],[2.82401,41.97867],[2.82402,41.97892],[2.82395,41.97936],[2.82383,41.98002],[2.82373,41.98022],[2.8235,41.98078],[2.82341,41.98098],[2.82336,41.98112],[2.82371,41.98114],[2.82375,41.98113],[2.82388,41.9808],[2.82412,41.98034],[2.82418,41.98023],[2.82424,41.97999],[2.8243,41.97938],[2.82437,41.97901],[2.82436,41.97868],[2.82422,41.97812],[2.82409,41.97771],[2.82403,41.97751],[2.82393,41.97731],[2.8239,41.97718],[2.82384,41.97699],[2.82381,41.97689],[2.82378,41.97676],[2.82376,41.9765],[2.82381,41.9762],[2.82395,41.97592],[2.82403,41.9758],[2.82415,41.97565],[2.82428,41.9755],[2.82446,41.97532],[2.82449,41.9753],[2.82465,41.97518],[2.82473,41.97511],[2.82475,41.9751],[2.82524,41.97483],[2.82595,41.97455],[2.82655,41.97435],[2.82718,41.97416],[2.82783,41.97399],[2.82833,41.97387],[2.82879,41.97387],[2.8293,41.97388],[2.82979,41.97389],[2.83001,41.97391]]]}},{"type":"Feature","properties":{"name":"Riu Onyar","kind":"river","road":"","osm":52985668},"geometry":{"type":"LineString","coordinates":[[2.82355,41.98109],[2.82343,41.98156],[2.82339,41.9823]]}},{"type":"Feature","properties":{"name":"Plaça de Dolors Condom i Gratacós","kind":"park","road":"","osm":60132569},"geometry":{"type":"Polygon","coordinates":[[[2.81721,41.97681],[2.81714,41.97663],[2.81714,41.97662],[2.81741,41.97656],[2.81761,41.97652],[2.81771,41.97678],[2.81758,41.97673],[2.81721,41.97681]]]}},{"type":"Feature","properties":{"name":"Rambla de Xavier Cugat","kind":"road","road":"secondary","osm":61942990},"geometry":{"type":"LineString","coordinates":[[2.81646,41.99231],[2.81559,41.99233],[2.81481,41.99234],[2.81472,41.99234],[2.8146,41.99234],[2.81385,41.99236],[2.81299,41.99237],[2.81195,41.99239]]}},{"type":"Feature","properties":{"name":"Carrer de Palafrugell","kind":"road","road":"tertiary","osm":61943028},"geometry":{"type":"LineString","coordinates":[[2.82606,41.99365],[2.82609,41.99346],[2.82609,41.99343],[2.82609,41.99335],[2.82608,41.99329],[2.82607,41.99323],[2.82605,41.99315],[2.82603,41.99311],[2.82601,41.99305],[2.82598,41.99298],[2.8259,41.99283],[2.82552,41.99227],[2.82519,41.99177],[2.82472,41.99106],[2.82468,41.99098]]}},{"type":"Feature","properties":{"name":"Carrer de Troia","kind":"road","road":"pedestrian","osm":61943055},"geometry":{"type":"LineString","coordinates":[[2.82424,41.98125],[2.8239,41.98126],[2.82382,41.98124],[2.82378,41.98123],[2.82375,41.98122]]}},{"type":"Feature","properties":{"name":"Carrer de Damià Estela i Molinet","kind":"road","road":"pedestrian","osm":61943066},"geometry":{"type":"LineString","coordinates":[[2.81558,41.99217],[2.81559,41.99212],[2.81558,41.99181],[2.81557,41.99141],[2.81557,41.99133]]}},{"type":"Feature","properties":{"name":"Pujada de Sant Domènec","kind":"road","road":"pedestrian","osm":61943122},"geometry":{"type":"LineString","coordinates":[[2.82653,41.98528],[2.82661,41.9853],[2.82681,41.98542],[2.82687,41.98545],[2.82714,41.98558]]}},{"type":"Feature","properties":{"name":"Carrer de la Claveria","kind":"road","road":"pedestrian","osm":61943143},"geometry":{"type":"LineString","coordinates":[[2.82627,41.98595],[2.82624,41.986]]}},{"type":"Feature","properties":{"name":"Avinguda de França","kind":"road","road":"secondary","osm":61943151},"geometry":{"type":"LineString","coordinates":[[2.81936,41.99631],[2.81906,41.995],[2.81899,41.99469]]}},{"type":"Feature","properties":{"name":"Carrer dels Vern","kind":"road","road":"pedestrian","osm":61943156},"geometry":{"type":"LineString","coordinates":[[2.82373,41.98152],[2.82377,41.98152],[2.82383,41.98151],[2.82389,41.98151],[2.82415,41.98148],[2.82427,41.98146],[2.82437,41.98146],[2.82444,41.98146],[2.82454,41.98147]]}},{"type":"Feature","properties":{"name":"Carrer de les Olles","kind":"road","road":"pedestrian","osm":61943158},"geometry":{"type":"LineString","coordinates":[[2.82467,41.98386],[2.82449,41.98391],[2.82443,41.98393]]}},{"type":"Feature","properties":{"name":"Plaça del Vi","kind":"road","road":"pedestrian","osm":61943211},"geometry":{"type":"LineString","coordinates":[[2.82471,41.9833],[2.82465,41.98332]]}},{"type":"Feature","properties":{"name":"Passeig de la Devesa","kind":"road","road":"secondary","osm":61943289},"geometry":{"type":"LineString","coordinates":[[2.82201,41.98954],[2.82193,41.98957],[2.82185,41.9896],[2.82153,41.98975]]}},{"type":"Feature","properties":{"name":"Passatge de la Farinera Teixidor","kind":"road","road":"pedestrian","osm":61943316},"geometry":{"type":"LineString","coordinates":[[2.81557,41.98146],[2.8156,41.98147],[2.81607,41.98167],[2.81613,41.98169],[2.81667,41.98191],[2.81672,41.98193]]}},{"type":"Feature","properties":{"name":"","kind":"road","road":"pedestrian","osm":61943371},"geometry":{"type":"LineString","coordinates":[[2.81846,41.986],[2.81841,41.98611],[2.81803,41.987],[2.81803,41.98702],[2.81795,41.98719]]}},{"type":"Feature","properties":{"name":"Carrer del Riu Güell","kind":"road","road":"pedestrian","osm":61943394},"geometry":{"type":"LineString","coordinates":[[2.81416,41.98235],[2.81419,41.98236],[2.81468,41.98256]]}},{"type":"Feature","properties":{"name":"Pujada de Sant Domènec","kind":"road","road":"pedestrian","osm":61943447},"geometry":{"type":"LineString","coordinates":[[2.82732,41.98567],[2.82734,41.98567],[2.82736,41.98569]]}},{"type":"Feature","properties":{"name":"Carrer de les Hortes","kind":"road","road":"pedestrian","osm":61943457},"geometry":{"type":"LineString","coordinates":[[2.82345,41.98466],[2.82364,41.98463]]}},{"type":"Feature","properties":{"name":"Carrer de les Creus","kind":"road","road":"pedestrian","osm":61943546},"geometry":{"type":"LineString","coordinates":[[2.83105,41.98579],[2.83109,41.98586],[2.83115,41.98595],[2.83119,41.98602]]}},{"type":"Feature","properties":{"name":"Plaça del Marquès de Camps","kind":"road","road":"secondary","osm":61943550},"geometry":{"type":"LineString","coordinates":[[2.81908,41.98164],[2.81904,41.98174],[2.81897,41.98191],[2.81888,41.98215],[2.81888,41.98217],[2.81884,41.98227]]}},{"type":"Feature","properties":{"name":"Pont de Pedra","kind":"road","road":"pedestrian","osm":61943581},"geometry":{"type":"LineString","coordinates":[[2.82294,41.98273],[2.82373,41.98275]]}},{"type":"Feature","properties":{"name":"","kind":"road","road":"pedestrian","osm":61943624},"geometry":{"type":"LineString","coordinates":[[2.82122,41.98798],[2.8211,41.98846]]}},{"type":"Feature","properties":{"name":"Carrer de Fontanilles","kind":"road","road":"pedestrian","osm":61943646},"geometry":{"type":"LineString","coordinates":[[2.82193,41.98241],[2.82195,41.98245],[2.82196,41.98246],[2.82197,41.98248],[2.82197,41.9825],[2.82196,41.98263],[2.82196,41.98269]]}},{"type":"Feature","properties":{"name":"Carrer de Joaquim Vayreda","kind":"road","road":"tertiary","osm":61943699},"geometry":{"type":"LineString","coordinates":[[2.81467,41.98453],[2.8146,41.98452],[2.81429,41.98446],[2.81418,41.98444],[2.81407,41.98442],[2.81401,41.98442],[2.81397,41.98441],[2.81387,41.98441],[2.81374,41.98441],[2.81366,41.98441],[2.81356,41.98442],[2.81337,41.98444]]}},{"type":"Feature","properties":{"name":"Camí de la Font de l'Abat","kind":"road","road":"secondary","osm":61943841},"geometry":{"type":"LineString","coordinates":[[2.81879,41.99398],[2.81872,41.99372],[2.81871,41.99368],[2.81862,41.99328]]}},{"type":"Feature","properties":{"name":"Carrer de l'Arc","kind":"road","road":"pedestrian","osm":61943873},"geometry":{"type":"LineString","coordinates":[[2.82512,41.98375],[2.82495,41.98381]]}},{"type":"Feature","properties":{"name":"Pujada de Sant Martí","kind":"road","road":"pedestrian","osm":61943938},"geometry":{"type":"LineString","coordinates":[[2.82654,41.9849],[2.82652,41.985],[2.82651,41.98507],[2.82649,41.98515],[2.82647,41.98526]]}},{"type":"Feature","properties":{"name":"Plaça de la Sardana","kind":"road","road":"pedestrian","osm":61944019},"geometry":{"type":"LineString","coordinates":[[2.81722,41.98563],[2.81677,41.98551],[2.81697,41.98517],[2.81699,41.98518],[2.8171,41.98522],[2.81721,41.98533],[2.81722,41.98563]]}},{"type":"Feature","properties":{"name":"Carrer d'Isabel la Catòlica","kind":"road","road":"pedestrian","osm":61944175},"geometry":{"type":"LineString","coordinates":[[2.82665,41.97829],[2.82672,41.9783],[2.8268,41.97833]]}},{"type":"Feature","properties":{"name":"Carrer del Riu Güell","kind":"road","road":"secondary","osm":61944296},"geometry":{"type":"LineString","coordinates":[[2.818,41.98561],[2.81804,41.98563],[2.81811,41.98565],[2.81853,41.98575],[2.81861,41.98578],[2.81874,41.98581],[2.81923,41.98593],[2.81997,41.98612],[2.82012,41.98616],[2.82035,41.98622],[2.82047,41.98625],[2.82078,41.98633],[2.82089,41.98636],[2.821,41.98639],[2.82103,41.98639]]}},{"type":"Feature","properties":{"name":"Carrer de la Croada","kind":"road","road":"pedestrian","osm":61944308},"geometry":{"type":"LineString","coordinates":[[2.82415,41.9824],[2.82398,41.98246],[2.82392,41.98247],[2.82378,41.9825]]}},{"type":"Feature","properties":{"name":"Carrer de l'Àngel","kind":"road","road":"pedestrian","osm":61944457},"geometry":{"type":"LineString","coordinates":[[2.82638,41.9898],[2.8264,41.98974],[2.82645,41.98958],[2.82649,41.9895],[2.8265,41.98943]]}},{"type":"Feature","properties":{"name":"Carrer de Pedret","kind":"road","road":"tertiary","osm":61944548},"geometry":{"type":"LineString","coordinates":[[2.82594,41.99154],[2.82596,41.99159],[2.82612,41.99209],[2.82617,41.99225],[2.8262,41.99235],[2.82622,41.99243],[2.82623,41.9925],[2.82624,41.99259],[2.82625,41.99268],[2.82626,41.99282],[2.82626,41.99288],[2.82626,41.99295],[2.82626,41.99298],[2.82626,41.99307],[2.82624,41.99314],[2.82621,41.99332],[2.82618,41.99342],[2.82617,41.99345],[2.82615,41.99348],[2.82606,41.99365]]}},{"type":"Feature","properties":{"name":"Rotonda del Pont de Pedret","kind":"road","road":"secondary","osm":61944550},"geometry":{"type":"LineString","coordinates":[[2.82201,41.98954],[2.82198,41.98953],[2.82195,41.98951],[2.82193,41.98949],[2.8219,41.98948],[2.82188,41.98946],[2.82186,41.98943],[2.82184,41.98941],[2.82182,41.98939],[2.82181,41.98936],[2.8218,41.98934],[2.8218,41.98932],[2.82179,41.98928]]}},{"type":"Feature","properties":{"name":"Carrer del Pont de la Barca","kind":"road","road":"secondary","osm":61944571},"geometry":{"type":"LineString","coordinates":[[2.8193,41.98995],[2.81932,41.9899],[2.81934,41.98987],[2.81937,41.98984]]}},{"type":"Feature","properties":{"name":"Carrer de Cristòfor Grober","kind":"road","road":"pedestrian","osm":61944902},"geometry":{"type":"LineString","coordinates":[[2.8209,41.98351],[2.82085,41.98365],[2.82079,41.98396],[2.82081,41.98402],[2.82083,41.98408],[2.8208,41.98429],[2.82074,41.98431]]}},{"type":"Feature","properties":{"name":"Passeig de la Devesa","kind":"road","road":"secondary","osm":61944968},"geometry":{"type":"LineString","coordinates":[[2.81937,41.98984],[2.8194,41.98982],[2.81946,41.98982],[2.81951,41.98982],[2.81959,41.98982]]}},{"type":"Feature","properties":{"name":"Rambla de Xavier Cugat","kind":"road","road":"secondary","osm":61944978},"geometry":{"type":"LineString","coordinates":[[2.81815,41.9923],[2.81806,41.99229],[2.81798,41.99228]]}},{"type":"Feature","properties":{"name":"Carrer de Joaquim Vayreda","kind":"road","road":"tertiary","osm":61944993},"geometry":{"type":"LineString","coordinates":[[2.81669,41.98494],[2.81672,41.98494],[2.81689,41.98495]]}},{"type":"Feature","properties":{"name":"Passeig de la Devesa","kind":"road","road":"secondary","osm":61945034},"geometry":{"type":"LineString","coordinates":[[2.82093,41.98663],[2.82078,41.98659],[2.82066,41.98656],[2.82046,41.98651],[2.81986,41.98635],[2.81939,41.98623],[2.81863,41.98604],[2.81846,41.986],[2.81796,41.98587],[2.81785,41.98585],[2.81781,41.98583],[2.81779,41.98583],[2.81774,41.98581]]}},{"type":"Feature","properties":{"name":"Carrer del Sac","kind":"road","road":"pedestrian","osm":61945048},"geometry":{"type":"LineString","coordinates":[[2.82576,41.98468],[2.82581,41.98467],[2.82594,41.98468],[2.82607,41.98471],[2.82615,41.98473],[2.8262,41.98474]]}},{"type":"Feature","properties":{"name":"Carrer de la Rosa","kind":"road","road":"pedestrian","osm":61945071},"geometry":{"type":"LineString","coordinates":[[2.82636,41.98939],[2.82644,41.98941],[2.8265,41.98943],[2.82658,41.98943]]}},{"type":"Feature","properties":{"name":"Avinguda de França","kind":"road","road":"secondary","osm":61945105},"geometry":{"type":"LineString","coordinates":[[2.8208,41.99013],[2.82078,41.99017],[2.82076,41.99023]]}},{"type":"Feature","properties":{"name":"Carrer del Riu Güell","kind":"road","road":"pedestrian","osm":61945108},"geometry":{"type":"LineString","coordinates":[[2.81232,41.98048],[2.81241,41.98055],[2.81244,41.98058],[2.81251,41.98067],[2.81266,41.98086],[2.81269,41.9809],[2.81272,41.98094],[2.81278,41.98101],[2.81335,41.98158],[2.81337,41.98159],[2.8134,41.98162],[2.81343,41.98165],[2.81344,41.98166],[2.81347,41.98168],[2.81402,41.98221],[2.81407,41.98226],[2.81408,41.98226]]}},{"type":"Feature","properties":{"name":"","kind":"road","road":"tertiary","osm":61945110},"geometry":{"type":"LineString","coordinates":[[2.82354,41.9895],[2.82357,41.9895],[2.82361,41.9895]]}},{"type":"Feature","properties":{"name":"Rambla de Xavier Cugat","kind":"road","road":"secondary","osm":61945149},"geometry":{"type":"LineString","coordinates":[[2.81385,41.9922],[2.8146,41.99218],[2.81472,41.99218]]}},{"type":"Feature","properties":{"name":"Carrer del Riu Güell","kind":"road","road":"secondary","osm":61945161},"geometry":{"type":"LineString","coordinates":[[2.81729,41.98529],[2.81729,41.98528],[2.81727,41.98525],[2.81718,41.98514]]}},{"type":"Feature","properties":{"name":"Ronda Ferran Puig","kind":"road","road":"pedestrian","osm":61945321},"geometry":{"type":"LineString","coordinates":[[2.81703,41.98511],[2.81699,41.98517],[2.81699,41.98518],[2.81677,41.98551],[2.81676,41.98553],[2.81674,41.98556]]}},{"type":"Feature","properties":{"name":"Plaça del Pallol","kind":"road","road":"pedestrian","osm":61945581},"geometry":{"type":"LineString","coordinates":[[2.82578,41.98255],[2.82561,41.98252],[2.82562,41.98275],[2.82563,41.98279],[2.82564,41.98293],[2.82559,41.98295],[2.82556,41.98305],[2.82534,41.98303],[2.82552,41.98326],[2.82579,41.98315],[2.82582,41.9831],[2.82589,41.98292],[2.82584,41.98291],[2.82586,41.98285],[2.82576,41.98283],[2.82578,41.98255]]}},{"type":"Feature","properties":{"name":"Carrer de Bellmirall","kind":"road","road":"pedestrian","osm":61945708},"geometry":{"type":"LineString","coordinates":[[2.82627,41.98595],[2.82634,41.98597],[2.82648,41.98599],[2.82646,41.98614],[2.82646,41.98619]]}},{"type":"Feature","properties":{"name":"Plaça de les Castanyes","kind":"road","road":"pedestrian","osm":61945750},"geometry":{"type":"LineString","coordinates":[[2.82474,41.98432],[2.82482,41.98431],[2.8249,41.98429]]}},{"type":"Feature","properties":{"name":"Passatge dels Picapedrers","kind":"road","road":"pedestrian","osm":61945782},"geometry":{"type":"LineString","coordinates":[[2.8267,41.97767],[2.8267,41.97772],[2.82669,41.97788]]}},{"type":"Feature","properties":{"name":"Carrer de Damià Estela i Molinet","kind":"road","road":"pedestrian","osm":61945830},"geometry":{"type":"LineString","coordinates":[[2.81559,41.99233],[2.81559,41.99237],[2.81559,41.99244],[2.8156,41.9927],[2.8156,41.99272],[2.81561,41.99279],[2.81561,41.99288],[2.81561,41.9929],[2.81561,41.993],[2.81561,41.99308],[2.81562,41.99331],[2.81562,41.99334],[2.81562,41.99338],[2.81564,41.99394]]}},{"type":"Feature","properties":{"name":"Passeig de la Sardana","kind":"road","road":"pedestrian","osm":61945842},"geometry":{"type":"LineString","coordinates":[[2.81546,41.98758],[2.81538,41.9877],[2.81481,41.98862]]}},{"type":"Feature","properties":{"name":"Carrer de l'Àngel","kind":"road","road":"pedestrian","osm":61946006},"geometry":{"type":"LineString","coordinates":[[2.82638,41.9898],[2.82639,41.98982],[2.82639,41.98993]]}},{"type":"Feature","properties":{"name":"Carrer del Riu Güell","kind":"road","road":"secondary","osm":61946009},"geometry":{"type":"LineString","coordinates":[[2.818,41.98561],[2.81802,41.98567],[2.81802,41.98568],[2.81802,41.98572],[2.81802,41.98575],[2.818,41.98579],[2.81796,41.98581],[2.81791,41.98583],[2.81785,41.98585]]}},{"type":"Feature","properties":{"name":"Carrer de Laureà Dalmau i Pla","kind":"road","road":"pedestrian","osm":61946012},"geometry":{"type":"LineString","coordinates":[[2.83576,41.99541],[2.83577,41.99546],[2.83586,41.99606],[2.83585,41.99612]]}},{"type":"Feature","properties":{"name":"Passeig Central","kind":"road","road":"pedestrian","osm":61946014},"geometry":{"type":"LineString","coordinates":[[2.81795,41.98719],[2.81771,41.98713],[2.816,41.98672]]}},{"type":"Feature","properties":{"name":"Ronda de Pedret","kind":"road","road":"tertiary","osm":61946108},"geometry":{"type":"LineString","coordinates":[[2.82399,41.98999],[2.82397,41.98996],[2.82368,41.98957],[2.82361,41.9895]]}},{"type":"Feature","properties":{"name":"Carrer de Trasfigueres","kind":"road","road":"pedestrian","osm":61946126},"geometry":{"type":"LineString","coordinates":[[2.82463,41.98816],[2.82472,41.98821],[2.82475,41.98823],[2.8248,41.98827],[2.82481,41.98828]]}},{"type":"Feature","properties":{"name":"Carrer de l'Àngel","kind":"road","road":"pedestrian","osm":61946140},"geometry":{"type":"LineString","coordinates":[[2.82638,41.9898],[2.82635,41.98981],[2.8262,41.98983],[2.82608,41.98986],[2.82594,41.98989],[2.82591,41.9899]]}},{"type":"Feature","properties":{"name":"Carrer de Julià de Bolíbar","kind":"road","road":"pedestrian","osm":61946170},"geometry":{"type":"LineString","coordinates":[[2.82642,41.98033],[2.82596,41.98026],[2.82589,41.98025],[2.82585,41.98024],[2.82539,41.9802],[2.82533,41.9802]]}},{"type":"Feature","properties":{"name":"Carrer dels Mercaders","kind":"road","road":"pedestrian","osm":61946287},"geometry":{"type":"LineString","coordinates":[[2.8244,41.9834],[2.82443,41.98345],[2.82449,41.98356],[2.82465,41.98383],[2.82467,41.98386],[2.82471,41.98394],[2.82473,41.98397],[2.82475,41.984],[2.82476,41.98402],[2.82482,41.98413],[2.82485,41.98418]]}},{"type":"Feature","properties":{"name":"Carrer de la Premsa","kind":"road","road":"pedestrian","osm":61946294},"geometry":{"type":"LineString","coordinates":[[2.82165,41.98395],[2.82154,41.98396],[2.82134,41.98397],[2.82091,41.98401],[2.82081,41.98402]]}},{"type":"Feature","properties":{"name":"Passeig del Ter","kind":"road","road":"pedestrian","osm":61946339},"geometry":{"type":"LineString","coordinates":[[2.81753,41.98816],[2.81917,41.98857]]}},{"type":"Feature","properties":{"name":"Travessia dels Canaders","kind":"road","road":"pedestrian","osm":61946360},"geometry":{"type":"LineString","coordinates":[[2.82291,41.98071],[2.8229,41.98075],[2.82286,41.98107],[2.82286,41.98114]]}},{"type":"Feature","properties":{"name":"Passeig del Ter","kind":"road","road":"pedestrian","osm":61946384},"geometry":{"type":"LineString","coordinates":[[2.81526,41.98754],[2.81546,41.98758]]}},{"type":"Feature","properties":{"name":"Rotonda del Rellotge","kind":"road","road":"secondary","osm":61946386},"geometry":{"type":"LineString","coordinates":[[2.82162,41.98698],[2.82157,41.987],[2.82152,41.98702],[2.82149,41.98702],[2.82145,41.98702],[2.82138,41.98701],[2.82136,41.987]]}},{"type":"Feature","properties":{"name":"Rotonda de la Devesa","kind":"road","road":"secondary","osm":61946449},"geometry":{"type":"LineString","coordinates":[[2.8171,41.9847],[2.81715,41.9847],[2.8172,41.9847],[2.81723,41.9847],[2.81725,41.9847]]}},{"type":"Feature","properties":{"name":"Carrer del Riu Güell","kind":"road","road":"pedestrian","osm":61946462},"geometry":{"type":"LineString","coordinates":[[2.81468,41.98256],[2.8147,41.98257],[2.81473,41.98259]]}},{"type":"Feature","properties":{"name":"Carrer del Camp de Mart","kind":"road","road":"pedestrian","osm":61946473},"geometry":{"type":"LineString","coordinates":[[2.81541,41.98468],[2.81538,41.98474],[2.81536,41.98479],[2.81522,41.9851],[2.8152,41.98514],[2.81519,41.98517]]}},{"type":"Feature","properties":{"name":"Passeig de la Devesa","kind":"road","road":"secondary","osm":61946516},"geometry":{"type":"LineString","coordinates":[[2.82055,41.98985],[2.82059,41.98984],[2.82067,41.98981],[2.82072,41.98979],[2.82084,41.98973],[2.82127,41.98953]]}},{"type":"Feature","properties":{"name":"Carrer del Riu Güell","kind":"road","road":"secondary","osm":61946519},"geometry":{"type":"LineString","coordinates":[[2.81774,41.98581],[2.81767,41.98572],[2.81729,41.98529]]}},{"type":"Feature","properties":{"name":"Plaça de Josep Pallach i Carolà","kind":"road","road":"pedestrian","osm":61946685},"geometry":{"type":"LineString","coordinates":[[2.81996,41.97672],[2.8198,41.97637],[2.82002,41.97631],[2.82015,41.97628],[2.82033,41.97662]]}},{"type":"Feature","properties":{"name":"Passeig de la Sardana","kind":"road","road":"pedestrian","osm":61946710},"geometry":{"type":"LineString","coordinates":[[2.81674,41.98556],[2.81667,41.98567],[2.816,41.98672]]}},{"type":"Feature","properties":{"name":"Carrer dels Germans Busquets","kind":"road","road":"pedestrian","osm":61946736},"geometry":{"type":"LineString","coordinates":[[2.82427,41.98319],[2.82406,41.98324],[2.82394,41.98327]]}},{"type":"Feature","properties":{"name":"Carrer de Besadó","kind":"road","road":"pedestrian","osm":61946781},"geometry":{"type":"LineString","coordinates":[[2.82482,41.98446],[2.82475,41.98448],[2.82451,41.98453],[2.82441,41.98456]]}},{"type":"Feature","properties":{"name":"Passeig del Ter","kind":"road","road":"pedestrian","osm":61946788},"geometry":{"type":"LineString","coordinates":[[2.81546,41.98758],[2.81753,41.98816]]}},{"type":"Feature","properties":{"name":"Plaça de Josep Pla","kind":"road","road":"pedestrian","osm":61946871},"geometry":{"type":"LineString","coordinates":[[2.82171,41.98337],[2.8217,41.98354],[2.8217,41.98359],[2.8217,41.98362]]}},{"type":"Feature","properties":{"name":"","kind":"road","road":"tertiary","osm":61946897},"geometry":{"type":"LineString","coordinates":[[2.82257,41.98934],[2.8227,41.98945]]}},{"type":"Feature","properties":{"name":"Carrer de Guillem Minali","kind":"road","road":"pedestrian","osm":61946974},"geometry":{"type":"LineString","coordinates":[[2.82428,41.98444],[2.82432,41.98443],[2.82433,41.98443],[2.82436,41.98442]]}},{"type":"Feature","properties":{"name":"Pujada de Sant Domènec","kind":"road","road":"pedestrian","osm":61947075},"geometry":{"type":"LineString","coordinates":[[2.82647,41.98526],[2.82653,41.98528]]}},{"type":"Feature","properties":{"name":"Rambla de Xavier Cugat","kind":"road","road":"secondary","osm":61947096},"geometry":{"type":"LineString","coordinates":[[2.81796,41.99213],[2.818,41.99213],[2.81807,41.99212],[2.81818,41.9921]]}},{"type":"Feature","properties":{"name":"Carrer dels Ginesta","kind":"road","road":"pedestrian","osm":61947140},"geometry":{"type":"LineString","coordinates":[[2.82295,41.98167],[2.82288,41.98167],[2.82284,41.98167],[2.82258,41.9817],[2.82249,41.98171],[2.8224,41.98173],[2.82224,41.98176],[2.82206,41.98179],[2.8219,41.98183],[2.82176,41.98186],[2.82168,41.98189]]}},{"type":"Feature","properties":{"name":"Plaça de Josep Pla","kind":"road","road":"pedestrian","osm":61947184},"geometry":{"type":"LineString","coordinates":[[2.82222,41.98329],[2.82223,41.9832],[2.82223,41.98307],[2.82169,41.98306],[2.82169,41.98316],[2.82166,41.98337],[2.82171,41.98337],[2.82222,41.98339],[2.82222,41.98329]]}},{"type":"Feature","properties":{"name":"Plaça de la Diputació","kind":"road","road":"pedestrian","osm":61947270},"geometry":{"type":"LineString","coordinates":[[2.82086,41.98204],[2.82086,41.98205],[2.82086,41.98208],[2.82082,41.98233],[2.82082,41.98235]]}},{"type":"Feature","properties":{"name":"Carrer del Riu Güell","kind":"road","road":"secondary","osm":61947289},"geometry":{"type":"LineString","coordinates":[[2.81757,41.98513],[2.81795,41.98557],[2.81797,41.98559],[2.81799,41.9856],[2.818,41.98561]]}},{"type":"Feature","properties":{"name":"Pujada de Sant Domènec","kind":"road","road":"pedestrian","osm":61947329},"geometry":{"type":"LineString","coordinates":[[2.82602,41.98487],[2.8258,41.98479],[2.82577,41.98478],[2.82572,41.98478]]}},{"type":"Feature","properties":{"name":"Travessia dels Canaders","kind":"road","road":"pedestrian","osm":61947335},"geometry":{"type":"LineString","coordinates":[[2.82271,41.97992],[2.82268,41.98002],[2.82268,41.98003],[2.82267,41.98005],[2.82268,41.98021],[2.82269,41.98035],[2.8227,41.98051],[2.8227,41.98055],[2.8227,41.9807],[2.82291,41.98071]]}},{"type":"Feature","properties":{"name":"Carrer de Guillem Minali","kind":"road","road":"pedestrian","osm":61947448},"geometry":{"type":"LineString","coordinates":[[2.82474,41.98432],[2.82472,41.98433],[2.82446,41.98439],[2.82436,41.98442]]}},{"type":"Feature","properties":{"name":"Passeig de la Sardana","kind":"road","road":"pedestrian","osm":61947467},"geometry":{"type":"LineString","coordinates":[[2.816,41.98672],[2.81576,41.9871],[2.81546,41.98758]]}},{"type":"Feature","properties":{"name":"Passeig Central","kind":"road","road":"pedestrian","osm":61947499},"geometry":{"type":"LineString","coordinates":[[2.82122,41.98798],[2.81981,41.98764],[2.81956,41.98758]]}},{"type":"Feature","properties":{"name":"Travessia dels Canaders","kind":"road","road":"pedestrian","osm":61947579},"geometry":{"type":"LineString","coordinates":[[2.823,41.98055],[2.82295,41.98063],[2.82291,41.98071]]}},{"type":"Feature","properties":{"name":"Passeig Central","kind":"road","road":"pedestrian","osm":61947617},"geometry":{"type":"LineString","coordinates":[[2.81956,41.98758],[2.81929,41.98752],[2.81819,41.98725],[2.81795,41.98719]]}},{"type":"Feature","properties":{"name":"Carrer del Portal de la Barca","kind":"road","road":"pedestrian","osm":61947625},"geometry":{"type":"LineString","coordinates":[[2.82446,41.98873],[2.82444,41.98874],[2.82438,41.98878]]}},{"type":"Feature","properties":{"name":"Avinguda de França","kind":"road","road":"secondary","osm":61947630},"geometry":{"type":"LineString","coordinates":[[2.81941,41.99486],[2.81941,41.99492],[2.81938,41.99568],[2.81936,41.99631]]}},{"type":"Feature","properties":{"name":"Carrer de l'Univers","kind":"road","road":"pedestrian","osm":61947635},"geometry":{"type":"LineString","coordinates":[[2.82653,41.97953],[2.8267,41.97954]]}},{"type":"Feature","properties":{"name":"Carrer del Pont de la Barca","kind":"road","road":"secondary","osm":61947644},"geometry":{"type":"LineString","coordinates":[[2.8185,41.99279],[2.81842,41.99251],[2.81841,41.99246],[2.81839,41.99243],[2.81837,41.9924],[2.81831,41.99236],[2.81826,41.99233]]}},{"type":"Feature","properties":{"name":"Carrer de la Neu","kind":"road","road":"pedestrian","osm":61947692},"geometry":{"type":"LineString","coordinates":[[2.82498,41.98393],[2.82495,41.98394],[2.82475,41.984]]}},{"type":"Feature","properties":{"name":"Camí de la Font de l'Abat","kind":"road","road":"pedestrian","osm":61947700},"geometry":{"type":"LineString","coordinates":[[2.81734,41.9936],[2.81731,41.99363],[2.81729,41.99367],[2.81724,41.99394],[2.81724,41.99398],[2.81724,41.99403],[2.81725,41.99409],[2.81728,41.99433],[2.81729,41.99437],[2.81728,41.99442],[2.81728,41.99447],[2.8172,41.99456]]}},{"type":"Feature","properties":{"name":"Ronda de Pedret","kind":"road","road":"tertiary","osm":61947770},"geometry":{"type":"LineString","coordinates":[[2.82468,41.99098],[2.82433,41.99047],[2.82427,41.99037],[2.82399,41.98999]]}},{"type":"Feature","properties":{"name":"Carrer de Pedret","kind":"road","road":"tertiary","osm":61947824},"geometry":{"type":"LineString","coordinates":[[2.82606,41.99365],[2.82602,41.9938],[2.82591,41.99413],[2.82547,41.99529],[2.82543,41.99538],[2.82539,41.99547],[2.82517,41.99592],[2.82507,41.99611],[2.82496,41.99631],[2.82485,41.99652],[2.8248,41.99663],[2.82473,41.99679],[2.82468,41.99692],[2.82461,41.99714],[2.82456,41.99725],[2.82454,41.99733],[2.82452,41.99741]]}},{"type":"Feature","properties":{"name":"Carrer Medieval","kind":"road","road":"pedestrian","osm":61947827},"geometry":{"type":"LineString","coordinates":[[2.83162,41.98543],[2.83163,41.98547],[2.83176,41.98581],[2.83178,41.98588]]}},{"type":"Feature","properties":{"name":"Carrer de les Ferreries Velles","kind":"road","road":"pedestrian","osm":61947864},"geometry":{"type":"LineString","coordinates":[[2.82465,41.98332],[2.82465,41.98334],[2.82478,41.9836],[2.82491,41.98382],[2.82498,41.98393],[2.8251,41.98412],[2.82517,41.98423],[2.82515,41.98425],[2.82516,41.98428],[2.82516,41.9843],[2.82516,41.98433],[2.82522,41.98444],[2.82524,41.98453],[2.82529,41.98471],[2.8253,41.98474],[2.82531,41.98477]]}},{"type":"Feature","properties":{"name":"Jardins dels Germans Maristes","kind":"park","road":"","osm":61947869},"geometry":{"type":"Polygon","coordinates":[[[2.8257,41.98569],[2.82571,41.98569],[2.8257,41.98565],[2.82563,41.98566],[2.82564,41.98555],[2.82581,41.98551],[2.82578,41.98543],[2.82591,41.9854],[2.82597,41.98557],[2.82584,41.98557],[2.82588,41.98571],[2.82597,41.98581],[2.82593,41.98583],[2.82598,41.98588],[2.82597,41.98591],[2.82576,41.9859],[2.8257,41.98569]]]}},{"type":"Feature","properties":{"name":"Carrer del Pou Rodó","kind":"road","road":"pedestrian","osm":61947951},"geometry":{"type":"LineString","coordinates":[[2.82531,41.98889],[2.82535,41.98893],[2.82539,41.98896]]}},{"type":"Feature","properties":{"name":"","kind":"road","road":"pedestrian","osm":61947957},"geometry":{"type":"LineString","coordinates":[[2.81795,41.98719],[2.81788,41.98736],[2.81787,41.98737],[2.81753,41.98816]]}},{"type":"Feature","properties":{"name":"Rotonda del Pont de la Barca","kind":"road","road":"secondary","osm":61947977},"geometry":{"type":"LineString","coordinates":[[2.81815,41.9923],[2.81812,41.99227],[2.8181,41.99224],[2.8181,41.99221],[2.8181,41.99218],[2.81812,41.99215],[2.81815,41.99212],[2.81818,41.9921]]}},{"type":"Feature","properties":{"name":"Passeig del Ter","kind":"road","road":"pedestrian","osm":61947998},"geometry":{"type":"LineString","coordinates":[[2.81917,41.98857],[2.82074,41.98895],[2.8209,41.98898],[2.82095,41.989]]}},{"type":"Feature","properties":{"name":"Carrer dels Abeuradors","kind":"road","road":"pedestrian","osm":61948012},"geometry":{"type":"LineString","coordinates":[[2.82465,41.98332],[2.8244,41.9834],[2.824,41.98353]]}},{"type":"Feature","properties":{"name":"Carrer del Riu Güell","kind":"road","road":"secondary","osm":61948068},"geometry":{"type":"LineString","coordinates":[[2.81746,41.98499],[2.81757,41.98513]]}},{"type":"Feature","properties":{"name":"Plaça de l'U d'Octubre de 2017","kind":"park","road":"","osm":61948133},"geometry":{"type":"Polygon","coordinates":[[[2.82073,41.984],[2.82074,41.984],[2.82164,41.98394],[2.82167,41.98366],[2.82081,41.98351],[2.82028,41.98339],[2.81991,41.98326],[2.81987,41.98325],[2.81983,41.9833],[2.81982,41.98352],[2.82029,41.98404],[2.82073,41.98402],[2.82073,41.984]]]}},{"type":"Feature","properties":{"name":"Plaça de Federico Fellini","kind":"road","road":"pedestrian","osm":61948195},"geometry":{"type":"LineString","coordinates":[[2.82669,41.98369],[2.82665,41.9841],[2.82657,41.98411],[2.82643,41.98374],[2.82654,41.98372],[2.82662,41.9837],[2.82669,41.98369]]}},{"type":"Feature","properties":{"name":"Placeta de Pere Sacoma","kind":"road","road":"pedestrian","osm":61948274},"geometry":{"type":"LineString","coordinates":[[2.82607,41.98196],[2.82599,41.98199],[2.82601,41.982],[2.82584,41.98213],[2.82587,41.98215],[2.82588,41.98214],[2.82593,41.98216],[2.82596,41.98213],[2.82598,41.98213],[2.826,41.98214],[2.82605,41.98221],[2.82619,41.98214],[2.82607,41.98196]]}},{"type":"Feature","properties":{"name":"Plaça dels Apòstols","kind":"road","road":"pedestrian","osm":61948285},"geometry":{"type":"LineString","coordinates":[[2.82621,41.98717],[2.82621,41.98712],[2.82623,41.98712],[2.82622,41.9871],[2.82622,41.98707],[2.8262,41.98707],[2.8262,41.98694],[2.82617,41.98694],[2.82604,41.98694],[2.82599,41.98694],[2.82599,41.98689],[2.82585,41.98688],[2.82583,41.98689],[2.82582,41.98689],[2.82579,41.98702],[2.82578,41.98715],[2.82582,41.98715],[2.82588,41.98711],[2.82592,41.98711],[2.82597,41.98711],[2.82601,41.98714],[2.82602,41.98714],[2.82603,41.98714],[2.82603,41.98715],[2.82607,41.98718],[2.8261,41.98719],[2.82612,41.98718],[2.82616,41.98716],[2.82616,41.98715],[2.82616,41.98714],[2.82618,41.98714],[2.82618,41.98713],[2.82618,41.98714],[2.8262,41.98714],[2.8262,41.98715],[2.82619,41.98715],[2.82619,41.98716],[2.82619,41.98717],[2.82621,41.98717]]}},{"type":"Feature","properties":{"name":"Ronda de Ferran Puig","kind":"road","road":"secondary","osm":61948430},"geometry":{"type":"LineString","coordinates":[[2.81884,41.98227],[2.81881,41.98234],[2.8187,41.9827],[2.81864,41.98287],[2.81859,41.98294]]}},{"type":"Feature","properties":{"name":"Carrer de Guillem Minali","kind":"road","road":"pedestrian","osm":61948545},"geometry":{"type":"LineString","coordinates":[[2.82541,41.98414],[2.82534,41.98417],[2.82517,41.98423],[2.82513,41.98424],[2.82514,41.98428],[2.82511,41.98428],[2.82495,41.98431],[2.82492,41.98433]]}},{"type":"Feature","properties":{"name":"Carrer de Palamós","kind":"road","road":"tertiary","osm":61948593},"geometry":{"type":"LineString","coordinates":[[2.82433,41.98979],[2.82445,41.98991],[2.82491,41.99037],[2.82548,41.99096],[2.82559,41.99107]]}},{"type":"Feature","properties":{"name":"Avinguda de França","kind":"road","road":"secondary","osm":62045049},"geometry":{"type":"LineString","coordinates":[[2.82035,41.99135],[2.81974,41.99299],[2.81963,41.99328],[2.81956,41.99352],[2.81955,41.99354],[2.81953,41.99366]]}},{"type":"Feature","properties":{"name":"Passeig de la Devesa","kind":"road","road":"secondary","osm":62045057},"geometry":{"type":"LineString","coordinates":[[2.82055,41.98985],[2.82062,41.98989],[2.82068,41.98993],[2.82076,41.99001],[2.82079,41.99006],[2.8208,41.99013]]}},{"type":"Feature","properties":{"name":"Carrer del Pont de la Barca","kind":"road","road":"secondary","osm":62045065},"geometry":{"type":"LineString","coordinates":[[2.81824,41.99209],[2.81831,41.99205],[2.81836,41.992],[2.8184,41.99194],[2.81844,41.99187],[2.81852,41.99171],[2.8186,41.99154],[2.81868,41.99136],[2.81869,41.99133],[2.81875,41.99119],[2.81883,41.991],[2.81884,41.99098],[2.81887,41.99091],[2.81888,41.9909]]}},{"type":"Feature","properties":{"name":"Passeig de la Devesa","kind":"road","road":"secondary","osm":62045074},"geometry":{"type":"LineString","coordinates":[[2.8212,41.9899],[2.82103,41.98997],[2.8209,41.99002],[2.82084,41.99007],[2.8208,41.99013]]}},{"type":"Feature","properties":{"name":"Pont nou de la Barca","kind":"road","road":"secondary","osm":62045077},"geometry":{"type":"LineString","coordinates":[[2.82076,41.99023],[2.82053,41.99087]]}},{"type":"Feature","properties":{"name":"Pont de la Barca","kind":"road","road":"secondary","osm":62045079},"geometry":{"type":"LineString","coordinates":[[2.81888,41.9909],[2.81927,41.99001]]}},{"type":"Feature","properties":{"name":"","kind":"road","road":"pedestrian","osm":62046603},"geometry":{"type":"LineString","coordinates":[[2.82091,41.98912],[2.82064,41.98914],[2.82006,41.9894],[2.81951,41.98969],[2.81937,41.98976]]}},{"type":"Feature","properties":{"name":"Passeig de la Devesa","kind":"road","road":"secondary","osm":62046605},"geometry":{"type":"LineString","coordinates":[[2.82162,41.98698],[2.82157,41.98706],[2.82155,41.98712],[2.82156,41.98718],[2.82159,41.98722],[2.82164,41.98727],[2.82166,41.98729],[2.82216,41.98777],[2.82222,41.98784],[2.82227,41.98789],[2.82231,41.98795],[2.82234,41.98803],[2.82236,41.98806],[2.82236,41.98808],[2.82238,41.98816],[2.82238,41.98821],[2.82238,41.98829],[2.82229,41.98867]]}},{"type":"Feature","properties":{"name":"Passeig de la Devesa","kind":"road","road":"secondary","osm":62046617},"geometry":{"type":"LineString","coordinates":[[2.82222,41.98799],[2.8222,41.98795],[2.82212,41.98786],[2.8218,41.98756],[2.8216,41.98736],[2.82156,41.98732],[2.8215,41.98727],[2.82145,41.9872],[2.82141,41.98711],[2.82136,41.987]]}},{"type":"Feature","properties":{"name":"Plaça de Federico Fellini","kind":"road","road":"pedestrian","osm":62110916},"geometry":{"type":"LineString","coordinates":[[2.82665,41.9841],[2.82681,41.98408],[2.82688,41.98408]]}},{"type":"Feature","properties":{"name":"Carrer de Pere III el Cerimoniós","kind":"road","road":"pedestrian","osm":62110923},"geometry":{"type":"LineString","coordinates":[[2.82702,41.98198],[2.82699,41.982],[2.82687,41.982],[2.82685,41.98199]]}},{"type":"Feature","properties":{"name":"Carrer de la Llebre","kind":"road","road":"pedestrian","osm":62110942},"geometry":{"type":"LineString","coordinates":[[2.826,41.98389],[2.82596,41.9839],[2.82595,41.9839],[2.82589,41.98394],[2.82586,41.98395],[2.82584,41.98397],[2.82583,41.98397],[2.82559,41.98407],[2.82549,41.98411],[2.82541,41.98414]]}},{"type":"Feature","properties":{"name":"Carreró de la Torre dels Socors","kind":"road","road":"pedestrian","osm":63968881},"geometry":{"type":"LineString","coordinates":[[2.82701,41.98305],[2.827,41.98301],[2.82695,41.98301]]}},{"type":"Feature","properties":{"name":"Carrer del Riu Güell","kind":"road","road":"pedestrian","osm":64361415},"geometry":{"type":"LineString","coordinates":[[2.82012,41.98616],[2.82015,41.98611],[2.82017,41.98607],[2.82031,41.98577],[2.82034,41.9857]]}},{"type":"Feature","properties":{"name":"Parc de Vista Alegre","kind":"park","road":"","osm":65049526},"geometry":{"type":"Polygon","coordinates":[[[2.82575,41.9776],[2.82636,41.97764],[2.82666,41.97755],[2.8267,41.97752],[2.82681,41.97744],[2.82689,41.97731],[2.827,41.97702],[2.82712,41.97668],[2.8272,41.97658],[2.82725,41.97628],[2.82616,41.97604],[2.82601,41.9764],[2.82612,41.97642],[2.82588,41.97705],[2.82575,41.9776]]]}},{"type":"Feature","properties":{"name":"Avinguda de Ramon Folch","kind":"road","road":"pedestrian","osm":65157129},"geometry":{"type":"LineString","coordinates":[[2.82228,41.98616],[2.82231,41.9862],[2.82235,41.98624]]}},{"type":"Feature","properties":{"name":"","kind":"park","road":"","osm":65265769},"geometry":{"type":"Polygon","coordinates":[[[2.82805,41.98542],[2.82787,41.98533],[2.82796,41.98523],[2.828,41.98525],[2.82803,41.98522],[2.82817,41.98529],[2.82805,41.98542]]]}},{"type":"Feature","properties":{"name":"","kind":"road","road":"pedestrian","osm":65666106},"geometry":{"type":"LineString","coordinates":[[2.82578,41.98715],[2.82578,41.98723],[2.82578,41.98733],[2.82577,41.98746],[2.82579,41.98746],[2.82583,41.98746],[2.82583,41.98745],[2.82583,41.98744],[2.82582,41.98744],[2.82582,41.98741],[2.82583,41.98741],[2.82583,41.9874],[2.82582,41.9874],[2.82582,41.98739],[2.82581,41.98739],[2.82581,41.98736],[2.82582,41.98736],[2.82582,41.98735],[2.82583,41.98735],[2.82583,41.98733],[2.82583,41.98731],[2.82581,41.98731],[2.82581,41.98727],[2.82582,41.98727],[2.82583,41.98727],[2.82583,41.98725],[2.82582,41.98725],[2.82582,41.98723],[2.82583,41.98723],[2.82583,41.98715],[2.82582,41.98715],[2.8258,41.98715],[2.82578,41.98715]]}},{"type":"Feature","properties":{"name":"","kind":"park","road":"","osm":65666113},"geometry":{"type":"Polygon","coordinates":[[[2.82629,41.98776],[2.82625,41.98765],[2.82622,41.98757],[2.82634,41.98755],[2.82644,41.98754],[2.82647,41.98753],[2.82648,41.98755],[2.8265,41.98759],[2.82653,41.98766],[2.8264,41.98771],[2.82629,41.98776]]]}},{"type":"Feature","properties":{"name":"Jardins de la Francesa","kind":"park","road":"","osm":65675060},"geometry":{"type":"Polygon","coordinates":[[[2.82694,41.98757],[2.82684,41.98749],[2.82695,41.98736],[2.82697,41.98735],[2.82699,41.98734],[2.82716,41.98729],[2.82719,41.98727],[2.82728,41.9874],[2.82732,41.98746],[2.82698,41.98757],[2.82696,41.98757],[2.82694,41.98757]]]}},{"type":"Feature","properties":{"name":"Rotonda de la Devesa","kind":"road","road":"secondary","osm":66313181},"geometry":{"type":"LineString","coordinates":[[2.81689,41.98495],[2.81688,41.98493],[2.81689,41.98488],[2.8169,41.98485],[2.81691,41.98482],[2.81693,41.9848],[2.81696,41.98477],[2.81699,41.98475],[2.81703,41.98473],[2.81706,41.98472],[2.8171,41.9847]]}},{"type":"Feature","properties":{"name":"Rotonda de la Devesa","kind":"road","road":"secondary","osm":66313184},"geometry":{"type":"LineString","coordinates":[[2.81746,41.98499],[2.81745,41.98502],[2.81744,41.98503],[2.81741,41.98506],[2.81737,41.98509],[2.81732,41.98512],[2.81727,41.98513],[2.81723,41.98514],[2.81718,41.98514]]}},{"type":"Feature","properties":{"name":"Rotonda de la Devesa","kind":"road","road":"secondary","osm":66313187},"geometry":{"type":"LineString","coordinates":[[2.81718,41.98514],[2.81714,41.98514],[2.81712,41.98514],[2.81709,41.98513],[2.81705,41.98512],[2.81703,41.98511],[2.817,41.9851],[2.81697,41.98507],[2.81693,41.98504],[2.81691,41.98501]]}},{"type":"Feature","properties":{"name":"Carrer del Portal de la Barca","kind":"road","road":"pedestrian","osm":67203396},"geometry":{"type":"LineString","coordinates":[[2.82423,41.98882],[2.82421,41.98883]]}},{"type":"Feature","properties":{"name":"Carrer del Portal de la Barca","kind":"road","road":"pedestrian","osm":67203399},"geometry":{"type":"LineString","coordinates":[[2.82438,41.98878],[2.82436,41.98878]]}},{"type":"Feature","properties":{"name":"Carrer del Portal de la Barca","kind":"road","road":"pedestrian","osm":67203404},"geometry":{"type":"LineString","coordinates":[[2.82421,41.98883],[2.82416,41.98884],[2.82407,41.98886],[2.82403,41.98887],[2.82399,41.98888]]}},{"type":"Feature","properties":{"name":"Carrer del Portal de la Barca","kind":"road","road":"pedestrian","osm":67203406},"geometry":{"type":"LineString","coordinates":[[2.82436,41.98878],[2.82423,41.98882]]}},{"type":"Feature","properties":{"name":"","kind":"park","road":"","osm":67815291},"geometry":{"type":"Polygon","coordinates":[[[2.82494,41.98133],[2.82491,41.98161],[2.82504,41.98161],[2.82505,41.98146],[2.82511,41.98146],[2.82512,41.98146],[2.82515,41.98146],[2.82515,41.98144],[2.82514,41.98142],[2.82513,41.98136],[2.82512,41.98133],[2.82497,41.98133],[2.82494,41.98133]]]}},{"type":"Feature","properties":{"name":"","kind":"river","road":"","osm":68140189},"geometry":{"type":"LineString","coordinates":[[2.81889,41.99028],[2.81977,41.99034],[2.82118,41.99058],[2.8229,41.99101],[2.8237,41.99121]]}},{"type":"Feature","properties":{"name":"Carrer de Barcelona","kind":"road","road":"secondary","osm":69748042},"geometry":{"type":"LineString","coordinates":[[2.81703,41.97659],[2.81704,41.97662],[2.81708,41.9767],[2.81714,41.97685],[2.8173,41.97726],[2.81736,41.9774]]}},{"type":"Feature","properties":{"name":"Plaça de Sant Josep","kind":"road","road":"pedestrian","osm":71320573},"geometry":{"type":"LineString","coordinates":[[2.82584,41.98397],[2.82583,41.98395],[2.82577,41.98379],[2.82574,41.98371],[2.82574,41.98369],[2.82572,41.98364],[2.82574,41.98364],[2.82578,41.98363],[2.8258,41.98363],[2.82581,41.98364],[2.82587,41.98364],[2.82593,41.98364],[2.82593,41.98368],[2.82596,41.98387],[2.82596,41.9839],[2.82596,41.98392],[2.82586,41.98396],[2.82584,41.98397]]}},{"type":"Feature","properties":{"name":"","kind":"park","road":"","osm":71400554},"geometry":{"type":"Polygon","coordinates":[[[2.82451,41.98695],[2.8247,41.98694],[2.8247,41.98697],[2.8247,41.98698],[2.8247,41.98704],[2.82464,41.98704],[2.82453,41.98704],[2.82451,41.98695]]]}},{"type":"Feature","properties":{"name":"Travessia de l'Auriga","kind":"road","road":"pedestrian","osm":71499187},"geometry":{"type":"LineString","coordinates":[[2.82519,41.98213],[2.8252,41.98216],[2.8251,41.98219],[2.82505,41.98221]]}},{"type":"Feature","properties":{"name":"Rotonda del Rellotge","kind":"road","road":"secondary","osm":72876066},"geometry":{"type":"LineString","coordinates":[[2.82165,41.98667],[2.82166,41.9867],[2.82169,41.98676],[2.8217,41.98679],[2.8217,41.98682],[2.8217,41.98687],[2.8217,41.98689]]}},{"type":"Feature","properties":{"name":"Carrer de Barcelona","kind":"road","road":"secondary","osm":72876088},"geometry":{"type":"LineString","coordinates":[[2.81869,41.98069],[2.81874,41.98082],[2.81879,41.98094]]}},{"type":"Feature","properties":{"name":"Carrer de Barcelona","kind":"road","road":"secondary","osm":72876101},"geometry":{"type":"LineString","coordinates":[[2.81859,41.98044],[2.81864,41.98058],[2.81869,41.98069]]}},{"type":"Feature","properties":{"name":"Rotonda del Pont de Pedret","kind":"road","road":"secondary","osm":72876170},"geometry":{"type":"LineString","coordinates":[[2.82246,41.98948],[2.82244,41.9895],[2.82241,41.98951],[2.82238,41.98953],[2.82235,41.98954],[2.82231,41.98955],[2.82228,41.98956],[2.82224,41.98956],[2.82219,41.98957],[2.82215,41.98957],[2.82212,41.98956],[2.82208,41.98956],[2.82205,41.98955],[2.82201,41.98954]]}},{"type":"Feature","properties":{"name":"Rambla de Xavier Cugat","kind":"road","road":"secondary","osm":73552650},"geometry":{"type":"LineString","coordinates":[[2.81558,41.99217],[2.81632,41.99216],[2.81645,41.99215]]}},{"type":"Feature","properties":{"name":"Avinguda de Josep Tarradellas i Joan","kind":"road","road":"secondary","osm":73552653},"geometry":{"type":"LineString","coordinates":[[2.81461,41.99498],[2.81469,41.99506],[2.81484,41.99519],[2.81529,41.99561],[2.81549,41.99581],[2.81559,41.99591],[2.8157,41.99603],[2.81577,41.99611],[2.81582,41.99618],[2.81586,41.99626],[2.81594,41.9964],[2.816,41.99651],[2.81605,41.99661],[2.81613,41.99677],[2.81614,41.9968],[2.81617,41.99685],[2.81622,41.99698],[2.81626,41.99708],[2.81626,41.99709],[2.81628,41.99712],[2.81634,41.99726],[2.81642,41.99745],[2.81667,41.998],[2.81674,41.99816],[2.8169,41.9985],[2.81699,41.99871],[2.81708,41.99891],[2.8172,41.99914],[2.81729,41.99933]]}},{"type":"Feature","properties":{"name":"Rotonda del Rellotge","kind":"road","road":"secondary","osm":73553967},"geometry":{"type":"LineString","coordinates":[[2.82093,41.98663],[2.82092,41.98655],[2.82093,41.9865],[2.82093,41.98647],[2.82098,41.98642],[2.82103,41.98639]]}},{"type":"Feature","properties":{"name":"Rotonda del Pont de Pedret","kind":"road","road":"secondary","osm":73553968},"geometry":{"type":"LineString","coordinates":[[2.82179,41.98928],[2.82179,41.98926],[2.8218,41.98923],[2.82181,41.9892],[2.82182,41.98918],[2.82183,41.98915],[2.82185,41.98913],[2.82187,41.98911],[2.82189,41.98909],[2.82191,41.98907],[2.82194,41.98905],[2.82197,41.98903],[2.822,41.98902],[2.82203,41.98901]]}},{"type":"Feature","properties":{"name":"Rotonda del Rellotge","kind":"road","road":"secondary","osm":73553969},"geometry":{"type":"LineString","coordinates":[[2.82103,41.98639],[2.82108,41.98637],[2.82112,41.98636],[2.82115,41.98636],[2.8212,41.98636],[2.82129,41.98639],[2.82134,41.9864],[2.82137,41.98642],[2.82148,41.98647]]}},{"type":"Feature","properties":{"name":"Rotonda del Pont de Pedret","kind":"road","road":"secondary","osm":73553970},"geometry":{"type":"LineString","coordinates":[[2.82203,41.98901],[2.82206,41.989],[2.8221,41.98899],[2.82213,41.98899],[2.82217,41.98898],[2.82221,41.98898],[2.82224,41.98899],[2.82228,41.98899],[2.82231,41.989],[2.82234,41.98901],[2.82238,41.98902]]}},{"type":"Feature","properties":{"name":"Rotonda del Rellotge","kind":"road","road":"secondary","osm":73553971},"geometry":{"type":"LineString","coordinates":[[2.82148,41.98647],[2.82153,41.98652],[2.82156,41.98655],[2.82161,41.9866],[2.82165,41.98667]]}},{"type":"Feature","properties":{"name":"Avinguda de França","kind":"road","road":"secondary","osm":73553973},"geometry":{"type":"LineString","coordinates":[[2.81891,41.99443],[2.81879,41.99398]]}},{"type":"Feature","properties":{"name":"Rotonda del Rellotge","kind":"road","road":"secondary","osm":73553974},"geometry":{"type":"LineString","coordinates":[[2.82136,41.987],[2.82132,41.98699],[2.82124,41.98696],[2.82117,41.98691],[2.82109,41.98685],[2.82107,41.98683],[2.82104,41.9868],[2.821,41.98675],[2.82095,41.98668],[2.82093,41.98663]]}},{"type":"Feature","properties":{"name":"Carrer de Barcelona","kind":"road","road":"secondary","osm":188798421},"geometry":{"type":"LineString","coordinates":[[2.81666,41.97566],[2.81669,41.97573],[2.81696,41.97642],[2.81699,41.97649],[2.81703,41.97659]]}},{"type":"Feature","properties":{"name":"Jardins de Joan Fuster i Ortells","kind":"road","road":"pedestrian","osm":218265034},"geometry":{"type":"LineString","coordinates":[[2.82816,41.98607],[2.82798,41.98599],[2.82759,41.9858],[2.82754,41.98578],[2.8274,41.98571],[2.82736,41.98569]]}},{"type":"Feature","properties":{"name":"","kind":"road","road":"pedestrian","osm":218265045},"geometry":{"type":"LineString","coordinates":[[2.82788,41.9861],[2.82798,41.98599],[2.82801,41.98595],[2.82811,41.98599],[2.82815,41.98594],[2.82824,41.98599],[2.82825,41.986],[2.82829,41.98595],[2.82839,41.98597],[2.82837,41.98603],[2.82836,41.98604],[2.82835,41.98604],[2.82833,41.98604],[2.82832,41.98605],[2.82832,41.98606],[2.82832,41.98607],[2.82833,41.98608],[2.82833,41.98609],[2.82834,41.98609],[2.82836,41.9861],[2.82832,41.98621],[2.82814,41.98618],[2.82808,41.98617],[2.82805,41.98616],[2.82788,41.9861]]}},{"type":"Feature","properties":{"name":"","kind":"park","road":"","osm":244592327},"geometry":{"type":"Polygon","coordinates":[[[2.8162,41.98107],[2.8163,41.98107],[2.81642,41.98089],[2.81653,41.98074],[2.81643,41.98071],[2.81634,41.98071],[2.81626,41.98072],[2.81618,41.98076],[2.81614,41.98079],[2.81612,41.9808],[2.81611,41.98081],[2.81604,41.98087],[2.81609,41.98105],[2.8162,41.98107]]]}},{"type":"Feature","properties":{"name":"Plaça de la Font de la Lluna","kind":"park","road":"","osm":261707867},"geometry":{"type":"Polygon","coordinates":[[[2.82059,41.99649],[2.82113,41.99651],[2.8212,41.99503],[2.82113,41.99503],[2.82113,41.99494],[2.82063,41.99495],[2.82059,41.99649]]]}},{"type":"Feature","properties":{"name":"Avinguda de França","kind":"road","road":"secondary","osm":295965724},"geometry":{"type":"LineString","coordinates":[[2.81947,41.99388],[2.81943,41.99433]]}},{"type":"Feature","properties":{"name":"Ronda de Ferran Puig","kind":"road","road":"secondary","osm":307747403},"geometry":{"type":"LineString","coordinates":[[2.81818,41.98356],[2.81813,41.98363],[2.8178,41.98411],[2.81757,41.98445],[2.81747,41.98459]]}},{"type":"Feature","properties":{"name":"Jardins de John Lennon","kind":"park","road":"","osm":308762253},"geometry":{"type":"Polygon","coordinates":[[[2.82692,41.98881],[2.82697,41.98875],[2.82704,41.9887],[2.82742,41.98906],[2.82762,41.98921],[2.82781,41.98939],[2.82775,41.98944],[2.82768,41.9895],[2.82762,41.9896],[2.82746,41.9896],[2.82692,41.98881]]]}},{"type":"Feature","properties":{"name":"","kind":"park","road":"","osm":323986000},"geometry":{"type":"Polygon","coordinates":[[[2.82334,41.98201],[2.82347,41.98201],[2.82347,41.98183],[2.82345,41.9818],[2.82341,41.98182],[2.82338,41.98183],[2.82337,41.98186],[2.82339,41.98187],[2.82339,41.98191],[2.82337,41.98197],[2.82335,41.98197],[2.82334,41.98201]]]}},{"type":"Feature","properties":{"name":"","kind":"park","road":"","osm":323986001},"geometry":{"type":"Polygon","coordinates":[[[2.82328,41.98201],[2.8232,41.982],[2.82324,41.98178],[2.82326,41.98179],[2.82329,41.98181],[2.82331,41.98182],[2.82331,41.98186],[2.82328,41.98186],[2.82326,41.98196],[2.82329,41.98197],[2.82328,41.98201]]]}},{"type":"Feature","properties":{"name":"","kind":"park","road":"","osm":323986003},"geometry":{"type":"Polygon","coordinates":[[[2.8233,41.98149],[2.82331,41.98142],[2.82334,41.98142],[2.82333,41.98149],[2.8233,41.98149]]]}},{"type":"Feature","properties":{"name":"","kind":"park","road":"","osm":323986004},"geometry":{"type":"Polygon","coordinates":[[[2.82351,41.98151],[2.82352,41.98145],[2.82349,41.98145],[2.82349,41.98151],[2.82351,41.98151]]]}},{"type":"Feature","properties":{"name":"","kind":"park","road":"","osm":323986005},"geometry":{"type":"Polygon","coordinates":[[[2.82338,41.98143],[2.82339,41.98142],[2.82345,41.98143],[2.82346,41.98143],[2.82346,41.9814],[2.82338,41.98139],[2.82338,41.98143]]]}},{"type":"Feature","properties":{"name":"","kind":"park","road":"","osm":323986006},"geometry":{"type":"Polygon","coordinates":[[[2.82327,41.98163],[2.82332,41.98161],[2.82335,41.98161],[2.82335,41.98158],[2.82331,41.98157],[2.82332,41.98152],[2.82329,41.98152],[2.82327,41.98163]]]}},{"type":"Feature","properties":{"name":"","kind":"park","road":"","osm":323986007},"geometry":{"type":"Polygon","coordinates":[[[2.82351,41.98154],[2.8235,41.98165],[2.82347,41.98164],[2.82345,41.98162],[2.82342,41.98161],[2.82342,41.98159],[2.82347,41.98159],[2.82347,41.98154],[2.82351,41.98154]]]}},{"type":"Feature","properties":{"name":"","kind":"park","road":"","osm":324034442},"geometry":{"type":"Polygon","coordinates":[[[2.81761,41.97962],[2.81757,41.97951],[2.81774,41.97946],[2.81798,41.97943],[2.81802,41.97945],[2.81805,41.97951],[2.81803,41.97955],[2.81765,41.97963],[2.81761,41.97962]]]}},{"type":"Feature","properties":{"name":"","kind":"park","road":"","osm":324034444},"geometry":{"type":"Polygon","coordinates":[[[2.81781,41.97911],[2.81786,41.97911],[2.81791,41.97918],[2.81793,41.97924],[2.81792,41.97925],[2.81787,41.97926],[2.81781,41.97924],[2.81777,41.97913],[2.81781,41.97911]]]}},{"type":"Feature","properties":{"name":"","kind":"park","road":"","osm":325045044},"geometry":{"type":"Polygon","coordinates":[[[2.81453,41.98275],[2.81435,41.98268],[2.8144,41.98261],[2.81459,41.98268],[2.81453,41.98275]]]}},{"type":"Feature","properties":{"name":"","kind":"park","road":"","osm":325045045},"geometry":{"type":"Polygon","coordinates":[[[2.81475,41.98183],[2.81489,41.98164],[2.81482,41.98161],[2.81468,41.98181],[2.81475,41.98183]]]}},{"type":"Feature","properties":{"name":"","kind":"park","road":"","osm":325045046},"geometry":{"type":"Polygon","coordinates":[[[2.81485,41.98188],[2.81499,41.98168],[2.81494,41.98166],[2.8148,41.98186],[2.81485,41.98188]]]}},{"type":"Feature","properties":{"name":"","kind":"park","road":"","osm":325045047},"geometry":{"type":"Polygon","coordinates":[[[2.81407,41.98323],[2.8142,41.98307],[2.81428,41.9831],[2.81416,41.98327],[2.81407,41.98323]]]}},{"type":"Feature","properties":{"name":"","kind":"park","road":"","osm":325045048},"geometry":{"type":"Polygon","coordinates":[[[2.81393,41.98318],[2.81399,41.9832],[2.81412,41.98304],[2.81406,41.98301],[2.81393,41.98318]]]}},{"type":"Feature","properties":{"name":"","kind":"park","road":"","osm":325045049},"geometry":{"type":"Polygon","coordinates":[[[2.81453,41.9823],[2.8148,41.98194],[2.81462,41.98187],[2.81458,41.98193],[2.81465,41.98196],[2.81446,41.9822],[2.81438,41.98217],[2.81435,41.98222],[2.81453,41.9823]]]}},{"type":"Feature","properties":{"name":"Parc Central","kind":"park","road":"","osm":327078398},"geometry":{"type":"Polygon","coordinates":[[[2.81454,41.9783],[2.81486,41.97917],[2.81528,41.97924],[2.81506,41.97841],[2.81488,41.97778],[2.81472,41.97719],[2.81453,41.9764],[2.81419,41.97655],[2.81406,41.97664],[2.81394,41.97666],[2.81394,41.97671],[2.81406,41.97698],[2.81408,41.97696],[2.81417,41.97705],[2.81448,41.97735],[2.81459,41.97759],[2.8145,41.9781],[2.81447,41.97811],[2.81454,41.9783]]]}},{"type":"Feature","properties":{"name":"","kind":"road","road":"pedestrian","osm":331711370},"geometry":{"type":"LineString","coordinates":[[2.82009,41.98281],[2.81998,41.9828]]}},{"type":"Feature","properties":{"name":"","kind":"road","road":"pedestrian","osm":331711372},"geometry":{"type":"LineString","coordinates":[[2.82006,41.98297],[2.81995,41.98296]]}},{"type":"Feature","properties":{"name":"","kind":"road","road":"pedestrian","osm":336659039},"geometry":{"type":"LineString","coordinates":[[2.81936,41.98206],[2.8196,41.98199],[2.81987,41.98198]]}},{"type":"Feature","properties":{"name":"","kind":"road","road":"pedestrian","osm":336864611},"geometry":{"type":"LineString","coordinates":[[2.82047,41.98199],[2.82017,41.98194]]}},{"type":"Feature","properties":{"name":"","kind":"road","road":"pedestrian","osm":341907728},"geometry":{"type":"LineString","coordinates":[[2.8211,41.98846],[2.82104,41.98867],[2.82097,41.98893],[2.82095,41.989]]}},{"type":"Feature","properties":{"name":"Carrer de la Font del Rei","kind":"road","road":"pedestrian","osm":341910278},"geometry":{"type":"LineString","coordinates":[[2.8236,41.9779],[2.82359,41.97788],[2.82358,41.97785],[2.82347,41.97753],[2.82337,41.97723],[2.82332,41.97709],[2.82331,41.97706],[2.82326,41.97689],[2.82326,41.97688],[2.82325,41.97684],[2.82325,41.97681],[2.82324,41.97677],[2.82322,41.97651],[2.82318,41.97647],[2.82319,41.97629],[2.8232,41.97626],[2.8232,41.97624]]}},{"type":"Feature","properties":{"name":"Pont de Tomàs de Lorenzana","kind":"road","road":"pedestrian","osm":341910284},"geometry":{"type":"LineString","coordinates":[[2.82331,41.97795],[2.82334,41.97794],[2.8236,41.9779]]}},{"type":"Feature","properties":{"name":"","kind":"park","road":"","osm":344103761},"geometry":{"type":"Polygon","coordinates":[[[2.8198,41.98089],[2.81999,41.98089],[2.81989,41.98111],[2.81986,41.98111],[2.8198,41.98089]]]}},{"type":"Feature","properties":{"name":"Carrer de Palamós","kind":"road","road":"tertiary","osm":345382712},"geometry":{"type":"LineString","coordinates":[[2.82361,41.9895],[2.82363,41.9895]]}},{"type":"Feature","properties":{"name":"Carrer de Palamós","kind":"road","road":"tertiary","osm":345382714},"geometry":{"type":"LineString","coordinates":[[2.8239,41.98955],[2.82407,41.98961],[2.82417,41.98965]]}},{"type":"Feature","properties":{"name":"Carrer de Palamós","kind":"road","road":"tertiary","osm":345382715},"geometry":{"type":"LineString","coordinates":[[2.82363,41.9895],[2.8239,41.98955]]}},{"type":"Feature","properties":{"name":"Carrer de Barcelona","kind":"road","road":"secondary","osm":348295706},"geometry":{"type":"LineString","coordinates":[[2.81813,41.97929],[2.81822,41.97952],[2.81825,41.97959],[2.81838,41.97994],[2.81844,41.98007]]}},{"type":"Feature","properties":{"name":"","kind":"water","road":"","osm":349561349},"geometry":{"type":"Polygon","coordinates":[[[2.82821,41.99085],[2.82817,41.99082],[2.82812,41.99088],[2.82816,41.9909],[2.82821,41.99085]]]}},{"type":"Feature","properties":{"name":"","kind":"water","road":"","osm":349561352},"geometry":{"type":"Polygon","coordinates":[[[2.82829,41.99063],[2.82834,41.99058],[2.82831,41.99056],[2.82825,41.99061],[2.82829,41.99063]]]}},{"type":"Feature","properties":{"name":"","kind":"water","road":"","osm":349561354},"geometry":{"type":"Polygon","coordinates":[[[2.82874,41.99067],[2.82878,41.9906],[2.82882,41.99062],[2.82878,41.99069],[2.82874,41.99067]]]}},{"type":"Feature","properties":{"name":"Jardins de Rosa Bonillo González","kind":"park","road":"","osm":351075137},"geometry":{"type":"Polygon","coordinates":[[[2.81884,41.99387],[2.81887,41.99383],[2.81893,41.9938],[2.81915,41.99378],[2.81921,41.99377],[2.81921,41.99382],[2.81931,41.99381],[2.81933,41.99383],[2.81928,41.99415],[2.81926,41.99453],[2.81924,41.9948],[2.81919,41.99481],[2.81912,41.9948],[2.81906,41.99476],[2.81884,41.99387]]]}},{"type":"Feature","properties":{"name":"","kind":"park","road":"","osm":351075140},"geometry":{"type":"Polygon","coordinates":[[[2.81911,41.9949],[2.81917,41.99488],[2.81928,41.99489],[2.81933,41.99492],[2.81934,41.99496],[2.8193,41.99576],[2.81928,41.99576],[2.81913,41.9952],[2.81909,41.99493],[2.81911,41.9949]]]}},{"type":"Feature","properties":{"name":"Plaça de Louis Braille","kind":"road","road":"pedestrian","osm":351466370},"geometry":{"type":"LineString","coordinates":[[2.8173,41.99329],[2.81769,41.99339],[2.81766,41.99341],[2.81728,41.99354],[2.81719,41.99355],[2.81727,41.99342],[2.8173,41.99333],[2.8173,41.99329]]}},{"type":"Feature","properties":{"name":"Avinguda de Josep Tarradellas i Joan","kind":"road","road":"secondary","osm":360601372},"geometry":{"type":"LineString","coordinates":[[2.81331,41.9938],[2.81373,41.99419],[2.81443,41.99482],[2.81452,41.99489],[2.81461,41.99498]]}},{"type":"Feature","properties":{"name":"Riu Ter","kind":"river","road":"","osm":360601375},"geometry":{"type":"LineString","coordinates":[[2.8097,41.98575],[2.80975,41.98577],[2.81124,41.98666],[2.81286,41.98829],[2.81483,41.98944],[2.81857,41.99022],[2.81889,41.99028],[2.82052,41.99086]]}},{"type":"Feature","properties":{"name":"Riu Ter","kind":"river","road":"","osm":360666565},"geometry":{"type":"LineString","coordinates":[[2.82052,41.99086],[2.82087,41.99097],[2.8216,41.99113],[2.82193,41.99134],[2.82256,41.99177],[2.82279,41.99235],[2.8228,41.99286],[2.82276,41.99356],[2.82296,41.99427],[2.82332,41.99544]]}},{"type":"Feature","properties":{"name":"Riu Onyar","kind":"river","road":"","osm":360814196},"geometry":{"type":"LineString","coordinates":[[2.82495,41.97487],[2.82465,41.97501],[2.82438,41.9752],[2.82412,41.97543],[2.8239,41.97566],[2.82367,41.97603],[2.82358,41.97631],[2.82355,41.97664],[2.82361,41.97704],[2.82389,41.97779],[2.82405,41.97825],[2.82416,41.97872],[2.82416,41.97888]]}},{"type":"Feature","properties":{"name":"Riu Onyar","kind":"river","road":"","osm":361235073},"geometry":{"type":"LineString","coordinates":[[2.82429,41.98634],[2.82404,41.98674],[2.82383,41.98724],[2.82367,41.98775],[2.82338,41.98881],[2.82325,41.98949]]}},{"type":"Feature","properties":{"name":"Riu Onyar","kind":"river","road":"","osm":361235078},"geometry":{"type":"LineString","coordinates":[[2.82376,41.9806],[2.82374,41.98065],[2.82355,41.98109]]}},{"type":"Feature","properties":{"name":"Riu Onyar","kind":"river","road":"","osm":361235081},"geometry":{"type":"LineString","coordinates":[[2.82416,41.97888],[2.82416,41.9789],[2.82406,41.97951],[2.82397,41.98012],[2.82376,41.9806]]}},{"type":"Feature","properties":{"name":"Pont de Pedret","kind":"road","road":"tertiary","osm":361238469},"geometry":{"type":"LineString","coordinates":[[2.82283,41.98947],[2.82354,41.9895]]}},{"type":"Feature","properties":{"name":"Riu Onyar","kind":"river","road":"","osm":361238471},"geometry":{"type":"LineString","coordinates":[[2.82325,41.98949],[2.82319,41.98977],[2.82328,41.99025],[2.82342,41.99093]]}},{"type":"Feature","properties":{"name":"Riu Onyar","kind":"river","road":"","osm":361506211},"geometry":{"type":"LineString","coordinates":[[2.82342,41.99093],[2.8237,41.99121],[2.82489,41.99222],[2.82534,41.99298],[2.82543,41.99339],[2.82546,41.99397],[2.82536,41.9945],[2.82486,41.99586],[2.82432,41.99678],[2.82426,41.99755],[2.82411,41.99758],[2.82391,41.99769],[2.82377,41.9978],[2.82372,41.99789],[2.82346,41.99807],[2.82312,41.99835],[2.82252,41.99909],[2.82223,41.99943],[2.82201,41.99982],[2.82162,42.00057],[2.82131,42.00118],[2.82085,42.00184]]}},{"type":"Feature","properties":{"name":"Riu Ter","kind":"river","road":"","osm":361506212},"geometry":{"type":"LineString","coordinates":[[2.82332,41.99544],[2.82323,41.9961],[2.82276,41.99729]]}},{"type":"Feature","properties":{"name":"Carrer de Bonaventura Carreras i Peralta","kind":"road","road":"pedestrian","osm":406574081},"geometry":{"type":"LineString","coordinates":[[2.82526,41.98539],[2.82518,41.98537],[2.82505,41.98535],[2.82502,41.98534],[2.82497,41.98533]]}},{"type":"Feature","properties":{"name":"Carrer dels Banyoles","kind":"road","road":"pedestrian","osm":407991670},"geometry":{"type":"LineString","coordinates":[[2.82424,41.98135],[2.82417,41.98135],[2.82385,41.98137],[2.82377,41.98138]]}},{"type":"Feature","properties":{"name":"Plaça de Natàlia Molero i Lloret","kind":"road","road":"pedestrian","osm":409501793},"geometry":{"type":"LineString","coordinates":[[2.81603,41.98407],[2.81607,41.98401],[2.81608,41.98399],[2.81556,41.98348],[2.81555,41.98347],[2.81548,41.98355],[2.81531,41.98377],[2.8153,41.98378],[2.81539,41.98382],[2.81603,41.98407]]}},{"type":"Feature","properties":{"name":"Ronda de Ferran Puig","kind":"road","road":"secondary","osm":412970456},"geometry":{"type":"LineString","coordinates":[[2.81836,41.98329],[2.81834,41.98331],[2.81829,41.98339],[2.81826,41.98344]]}},{"type":"Feature","properties":{"name":"Ronda de Ferran Puig","kind":"road","road":"secondary","osm":412970463},"geometry":{"type":"LineString","coordinates":[[2.81859,41.98294],[2.81857,41.98297],[2.8184,41.98323],[2.81836,41.98329]]}},{"type":"Feature","properties":{"name":"Carrer de Barcelona","kind":"road","road":"secondary","osm":412970467},"geometry":{"type":"LineString","coordinates":[[2.81903,41.98152],[2.81908,41.98164]]}},{"type":"Feature","properties":{"name":"Carrer de Barcelona","kind":"road","road":"secondary","osm":412970470},"geometry":{"type":"LineString","coordinates":[[2.81879,41.98094],[2.81883,41.98102],[2.81903,41.98152]]}},{"type":"Feature","properties":{"name":"Carrer de Barcelona","kind":"road","road":"secondary","osm":412970477},"geometry":{"type":"LineString","coordinates":[[2.81844,41.98007],[2.81847,41.98015],[2.81857,41.98039],[2.81859,41.98044]]}},{"type":"Feature","properties":{"name":"Carrer de Barcelona","kind":"road","road":"secondary","osm":412970479},"geometry":{"type":"LineString","coordinates":[[2.81764,41.97809],[2.8177,41.97825],[2.81793,41.97882],[2.81801,41.97901]]}},{"type":"Feature","properties":{"name":"Rotonda de la Devesa","kind":"road","road":"secondary","osm":412972476},"geometry":{"type":"LineString","coordinates":[[2.81743,41.98479],[2.81744,41.98481],[2.81746,41.98483],[2.81747,41.98485],[2.81748,41.98489],[2.81748,41.98492],[2.81748,41.98495],[2.81746,41.98499]]}},{"type":"Feature","properties":{"name":"Ronda de Ferran Puig","kind":"road","road":"secondary","osm":412972478},"geometry":{"type":"LineString","coordinates":[[2.81826,41.98344],[2.81823,41.98347],[2.81818,41.98356]]}},{"type":"Feature","properties":{"name":"Carrer de Barcelona","kind":"road","road":"secondary","osm":412972483},"geometry":{"type":"LineString","coordinates":[[2.81801,41.97901],[2.81813,41.97929]]}},{"type":"Feature","properties":{"name":"Carrer de Barcelona","kind":"road","road":"secondary","osm":412972485},"geometry":{"type":"LineString","coordinates":[[2.81736,41.9774],[2.81737,41.97743],[2.81761,41.97802],[2.81764,41.97809]]}},{"type":"Feature","properties":{"name":"","kind":"road","road":"pedestrian","osm":441671698},"geometry":{"type":"LineString","coordinates":[[2.82138,41.98744],[2.82122,41.98798]]}},{"type":"Feature","properties":{"name":"","kind":"road","road":"pedestrian","osm":441671701},"geometry":{"type":"LineString","coordinates":[[2.81917,41.98857],[2.81948,41.98777],[2.81956,41.98758],[2.81963,41.98738]]}},{"type":"Feature","properties":{"name":"Passeig de la Devesa","kind":"road","road":"pedestrian","osm":458764777},"geometry":{"type":"LineString","coordinates":[[2.81616,41.98905],[2.81677,41.98925],[2.81697,41.9893],[2.81725,41.98939],[2.81771,41.98952],[2.81812,41.98963],[2.81853,41.98973]]}},{"type":"Feature","properties":{"name":"parc la devesa","kind":"park","road":"","osm":469216156},"geometry":{"type":"Polygon","coordinates":[[[2.81347,41.98605],[2.8148,41.9864],[2.81531,41.98545],[2.81385,41.98527],[2.81347,41.98605]]]}},{"type":"Feature","properties":{"name":"Camp de Mart - antic estadi del GEiEG","kind":"park","road":"","osm":469220208},"geometry":{"type":"Polygon","coordinates":[[[2.81478,41.98666],[2.81576,41.9871],[2.81651,41.98573],[2.81531,41.98545],[2.8148,41.9864],[2.81474,41.98651],[2.81483,41.98655],[2.81478,41.98666]]]}},{"type":"Feature","properties":{"name":"Rotonda del Pont de Pedret","kind":"road","road":"secondary","osm":484020874},"geometry":{"type":"LineString","coordinates":[[2.8225,41.9891],[2.82253,41.98913],[2.82254,41.98916],[2.82256,41.98918],[2.82257,41.98921],[2.82257,41.98923],[2.82258,41.98926],[2.82258,41.98929],[2.82257,41.98931],[2.82257,41.98934]]}},{"type":"Feature","properties":{"name":"Jardí de l'Àngel","kind":"park","road":"","osm":486752947},"geometry":{"type":"Polygon","coordinates":[[[2.82623,41.99001],[2.82636,41.99],[2.82637,41.98991],[2.82639,41.98993],[2.82641,41.98993],[2.82653,41.98993],[2.8266,41.98996],[2.82661,41.98998],[2.82636,41.9901],[2.82622,41.99011],[2.8262,41.99001],[2.82622,41.99001],[2.82623,41.99001]]]}},{"type":"Feature","properties":{"name":"","kind":"park","road":"","osm":486754481},"geometry":{"type":"Polygon","coordinates":[[[2.8258,41.98328],[2.8261,41.98326],[2.82609,41.98316],[2.82586,41.98317],[2.8258,41.98328]]]}},{"type":"Feature","properties":{"name":"Jardins dels Alemanys","kind":"park","road":"","osm":486971785},"geometry":{"type":"Polygon","coordinates":[[[2.82857,41.98693],[2.82853,41.98684],[2.82854,41.98674],[2.82843,41.98674],[2.82851,41.98661],[2.82845,41.98651],[2.82851,41.98635],[2.82864,41.98642],[2.82863,41.98644],[2.82862,41.98648],[2.82862,41.9865],[2.82863,41.98653],[2.82865,41.98656],[2.82868,41.98657],[2.82872,41.98658],[2.82876,41.98657],[2.82881,41.98654],[2.82885,41.98652],[2.82901,41.98651],[2.82909,41.98643],[2.82925,41.98641],[2.82952,41.98641],[2.82952,41.98647],[2.82961,41.98655],[2.82964,41.9866],[2.82964,41.98662],[2.82964,41.98664],[2.82963,41.98672],[2.8296,41.98678],[2.8296,41.9868],[2.8295,41.98684],[2.82941,41.98688],[2.82923,41.98689],[2.82893,41.98706],[2.82892,41.98692],[2.82859,41.98694],[2.82857,41.98693]]]}},{"type":"Feature","properties":{"name":"Carrer de les Olles","kind":"road","road":"pedestrian","osm":497709203},"geometry":{"type":"LineString","coordinates":[[2.82426,41.98397],[2.82417,41.98399]]}},{"type":"Feature","properties":{"name":"Carrer de les Olles","kind":"road","road":"pedestrian","osm":497709204},"geometry":{"type":"LineString","coordinates":[[2.82443,41.98393],[2.82426,41.98397]]}},{"type":"Feature","properties":{"name":"Placeta de les Homilies d'Organyà","kind":"road","road":"pedestrian","osm":499286441},"geometry":{"type":"LineString","coordinates":[[2.82522,41.98177],[2.8252,41.98187],[2.82519,41.98193]]}},{"type":"Feature","properties":{"name":"Avinguda de França","kind":"road","road":"secondary","osm":503275271},"geometry":{"type":"LineString","coordinates":[[2.81953,41.99366],[2.8195,41.99377],[2.81947,41.99388]]}},{"type":"Feature","properties":{"name":"Passeig d'Olot","kind":"road","road":"secondary","osm":538333401},"geometry":{"type":"LineString","coordinates":[[2.81476,41.97615],[2.81466,41.9762],[2.81453,41.97625],[2.81448,41.97627],[2.81417,41.97641],[2.81399,41.97649],[2.8138,41.97655],[2.81354,41.9766]]}},{"type":"Feature","properties":{"name":"","kind":"water","road":"","osm":538358307},"geometry":{"type":"Polygon","coordinates":[[[2.8269,41.98853],[2.82696,41.98851],[2.8269,41.98841],[2.82679,41.98845],[2.82682,41.9885],[2.8269,41.98853]]]}},{"type":"Feature","properties":{"name":"Camp de Mart","kind":"park","road":"","osm":546099381},"geometry":{"type":"Polygon","coordinates":[[[2.81193,41.98645],[2.81535,41.98735],[2.81623,41.98584],[2.8127,41.98495],[2.81193,41.98645]]]}},{"type":"Feature","properties":{"name":"Plaça de Santa Susanna","kind":"road","road":"pedestrian","osm":560721632},"geometry":{"type":"LineString","coordinates":[[2.8217,41.98394],[2.82174,41.98365],[2.82221,41.98373],[2.82214,41.984],[2.8217,41.98394]]}},{"type":"Feature","properties":{"name":"","kind":"park","road":"","osm":564397387},"geometry":{"type":"Polygon","coordinates":[[[2.82059,41.99338],[2.82086,41.99332],[2.82083,41.993],[2.82081,41.99286],[2.8208,41.99275],[2.82036,41.99265],[2.82049,41.99307],[2.82052,41.99318],[2.82059,41.99338]]]}},{"type":"Feature","properties":{"name":"Rotonda del Pont de Pedret","kind":"road","road":"secondary","osm":564447965},"geometry":{"type":"LineString","coordinates":[[2.82238,41.98902],[2.82241,41.98903],[2.82244,41.98905],[2.82246,41.98907],[2.82248,41.98908],[2.8225,41.9891]]}},{"type":"Feature","properties":{"name":"","kind":"park","road":"","osm":574250168},"geometry":{"type":"Polygon","coordinates":[[[2.82344,41.98174],[2.82343,41.98176],[2.8234,41.98177],[2.82338,41.98178],[2.82335,41.98178],[2.82332,41.98177],[2.82329,41.98175],[2.82328,41.98173],[2.82327,41.98171],[2.82328,41.98169],[2.8233,41.98167],[2.82332,41.98165],[2.82335,41.98165],[2.82338,41.98165],[2.8234,41.98165],[2.82343,41.98166],[2.82344,41.98168],[2.82345,41.9817],[2.82345,41.98172],[2.82344,41.98174]]]}},{"type":"Feature","properties":{"name":"","kind":"water","road":"","osm":574250169},"geometry":{"type":"Polygon","coordinates":[[[2.82335,41.98168],[2.82334,41.98169],[2.82333,41.9817],[2.82332,41.98171],[2.82333,41.98172],[2.82333,41.98173],[2.82334,41.98174],[2.82336,41.98174],[2.82337,41.98174],[2.82338,41.98174],[2.82339,41.98173],[2.8234,41.98172],[2.8234,41.98171],[2.8234,41.9817],[2.82339,41.98169],[2.82338,41.98168],[2.82336,41.98168],[2.82335,41.98168]]]}},{"type":"Feature","properties":{"name":"","kind":"water","road":"","osm":574271667},"geometry":{"type":"Polygon","coordinates":[[[2.8191,41.98217],[2.8191,41.98218],[2.81911,41.98218],[2.81911,41.98219],[2.81911,41.9822],[2.81911,41.98221],[2.8191,41.98221],[2.81909,41.98222],[2.81908,41.98222],[2.81906,41.98221],[2.81905,41.9822],[2.81905,41.98219],[2.81905,41.98218],[2.81906,41.98217],[2.81907,41.98217],[2.81908,41.98217],[2.81909,41.98217],[2.8191,41.98217]]]}},{"type":"Feature","properties":{"name":"","kind":"water","road":"","osm":574272684},"geometry":{"type":"Polygon","coordinates":[[[2.81561,41.98041],[2.81557,41.98033],[2.81568,41.98031],[2.81572,41.98038],[2.81561,41.98041]]]}},{"type":"Feature","properties":{"name":"","kind":"water","road":"","osm":574285323},"geometry":{"type":"Polygon","coordinates":[[[2.81897,41.98693],[2.81899,41.98694],[2.81899,41.98696],[2.81899,41.98697],[2.81898,41.98699],[2.81897,41.987],[2.81895,41.98701],[2.81893,41.98702],[2.81891,41.98702],[2.81889,41.98701],[2.81887,41.987],[2.81885,41.98699],[2.81885,41.98697],[2.81885,41.98695],[2.81886,41.98693],[2.81888,41.98692],[2.8189,41.98691],[2.81893,41.98691],[2.81895,41.98692],[2.81897,41.98693]]]}},{"type":"Feature","properties":{"name":"","kind":"park","road":"","osm":574285324},"geometry":{"type":"Polygon","coordinates":[[[2.81893,41.98695],[2.81894,41.98695],[2.81895,41.98696],[2.81895,41.98697],[2.81894,41.98697],[2.81894,41.98698],[2.81893,41.98698],[2.81892,41.98699],[2.81891,41.98699],[2.8189,41.98699],[2.8189,41.98698],[2.81889,41.98698],[2.81889,41.98697],[2.81889,41.98696],[2.8189,41.98695],[2.81891,41.98695],[2.81892,41.98694],[2.81893,41.98695]]]}},{"type":"Feature","properties":{"name":"Pont nou de la Barca","kind":"road","road":"secondary","osm":574690503},"geometry":{"type":"LineString","coordinates":[[2.82053,41.99087],[2.82041,41.9912],[2.82035,41.99135]]}},{"type":"Feature","properties":{"name":"","kind":"park","road":"","osm":575741170},"geometry":{"type":"Polygon","coordinates":[[[2.8264,41.98859],[2.82644,41.98865],[2.82655,41.98861],[2.8265,41.98855],[2.8264,41.98859]]]}},{"type":"Feature","properties":{"name":"Jardins de Pablo García Cortés","kind":"road","road":"pedestrian","osm":599265468},"geometry":{"type":"LineString","coordinates":[[2.82475,41.97523],[2.82469,41.97527],[2.82462,41.97532],[2.8246,41.97533],[2.82438,41.97552],[2.82415,41.97578],[2.82401,41.97598],[2.82393,41.97614],[2.82386,41.97633],[2.82384,41.97653],[2.82384,41.97663],[2.82385,41.97673],[2.82388,41.97688],[2.82406,41.97748],[2.82407,41.97751]]}},{"type":"Feature","properties":{"name":"Passatge dels Picapedrers","kind":"road","road":"pedestrian","osm":599276286},"geometry":{"type":"LineString","coordinates":[[2.82669,41.97788],[2.82658,41.97804],[2.82657,41.97806],[2.82657,41.97807]]}},{"type":"Feature","properties":{"name":"","kind":"road","road":"pedestrian","osm":599276288},"geometry":{"type":"LineString","coordinates":[[2.82653,41.97824],[2.82657,41.97807]]}},{"type":"Feature","properties":{"name":"Carrer d'Isabel la Catòlica","kind":"road","road":"pedestrian","osm":599276293},"geometry":{"type":"LineString","coordinates":[[2.827,41.97843],[2.82706,41.97845]]}},{"type":"Feature","properties":{"name":"Carrer d'Isabel la Catòlica","kind":"road","road":"pedestrian","osm":599276299},"geometry":{"type":"LineString","coordinates":[[2.82715,41.97849],[2.82723,41.97853],[2.82725,41.97854],[2.82727,41.97857]]}},{"type":"Feature","properties":{"name":"Passeig de la Devesa","kind":"road","road":"pedestrian","osm":616631696},"geometry":{"type":"LineString","coordinates":[[2.81481,41.98862],[2.81501,41.98869],[2.8159,41.98897],[2.81616,41.98905]]}},{"type":"Feature","properties":{"name":"","kind":"park","road":"","osm":691317150},"geometry":{"type":"Polygon","coordinates":[[[2.82318,41.98008],[2.82318,41.98005],[2.82322,41.98005],[2.82322,41.98008],[2.82318,41.98008]]]}},{"type":"Feature","properties":{"name":"","kind":"park","road":"","osm":691317151},"geometry":{"type":"Polygon","coordinates":[[[2.8232,41.98001],[2.8232,41.97998],[2.82325,41.97999],[2.82325,41.98002],[2.8232,41.98001]]]}},{"type":"Feature","properties":{"name":"","kind":"park","road":"","osm":691317152},"geometry":{"type":"Polygon","coordinates":[[[2.8234,41.98007],[2.82341,41.98],[2.82345,41.98001],[2.82344,41.98008],[2.8234,41.98007]]]}},{"type":"Feature","properties":{"name":"","kind":"park","road":"","osm":691317153},"geometry":{"type":"Polygon","coordinates":[[[2.82335,41.98023],[2.82341,41.98023],[2.82343,41.98013],[2.82336,41.98012],[2.82335,41.98023]]]}},{"type":"Feature","properties":{"name":"","kind":"park","road":"","osm":691317154},"geometry":{"type":"Polygon","coordinates":[[[2.82339,41.98046],[2.82333,41.98045],[2.82334,41.98039],[2.82339,41.9804],[2.82339,41.98035],[2.82338,41.98035],[2.82339,41.98027],[2.82342,41.98027],[2.82346,41.98002],[2.82351,41.98002],[2.8235,41.98013],[2.82347,41.98029],[2.82346,41.98034],[2.82344,41.98038],[2.82341,41.98042],[2.8234,41.98045],[2.82339,41.98046]]]}},{"type":"Feature","properties":{"name":"","kind":"park","road":"","osm":691317155},"geometry":{"type":"Polygon","coordinates":[[[2.82347,41.97989],[2.82342,41.97989],[2.82342,41.97984],[2.82349,41.97984],[2.82349,41.97978],[2.82351,41.97978],[2.8235,41.97991],[2.8235,41.97997],[2.82347,41.97997],[2.82348,41.97989],[2.82347,41.97989]]]}},{"type":"Feature","properties":{"name":"","kind":"park","road":"","osm":691317160},"geometry":{"type":"Polygon","coordinates":[[[2.81609,41.98061],[2.81604,41.98049],[2.81602,41.98039],[2.81604,41.98035],[2.8163,41.98028],[2.81633,41.98055],[2.81609,41.98061]]]}},{"type":"Feature","properties":{"name":"","kind":"road","road":"pedestrian","osm":692201763},"geometry":{"type":"LineString","coordinates":[[2.82095,41.989],[2.82091,41.98912]]}},{"type":"Feature","properties":{"name":"","kind":"park","road":"","osm":697039535},"geometry":{"type":"Polygon","coordinates":[[[2.82751,41.97929],[2.82773,41.97912],[2.82777,41.97904],[2.8277,41.97897],[2.82767,41.97897],[2.82761,41.97906],[2.82751,41.97902],[2.8275,41.97904],[2.82745,41.97912],[2.82742,41.97917],[2.82745,41.97918],[2.82742,41.97922],[2.82744,41.97923],[2.82744,41.97924],[2.82748,41.97925],[2.82747,41.97927],[2.82751,41.97929]]]}},{"type":"Feature","properties":{"name":"","kind":"park","road":"","osm":697039547},"geometry":{"type":"Polygon","coordinates":[[[2.82896,41.97855],[2.82886,41.9786],[2.82886,41.97863],[2.82874,41.97869],[2.8287,41.97871],[2.82868,41.97873],[2.82868,41.97876],[2.82869,41.97878],[2.82872,41.9788],[2.8289,41.97885],[2.82895,41.97886],[2.82899,41.97887],[2.82899,41.97886],[2.82878,41.97879],[2.8288,41.97869],[2.82884,41.9787],[2.82885,41.97865],[2.82893,41.97866],[2.82896,41.97855]]]}},{"type":"Feature","properties":{"name":"","kind":"park","road":"","osm":697039558},"geometry":{"type":"Polygon","coordinates":[[[2.82791,41.97731],[2.82794,41.9776],[2.82795,41.97772],[2.82838,41.97792],[2.8284,41.97793],[2.82841,41.97792],[2.82841,41.97791],[2.82837,41.97779],[2.82834,41.97769],[2.82833,41.97767],[2.82834,41.97759],[2.82834,41.97754],[2.82835,41.97747],[2.82838,41.97737],[2.82826,41.97735],[2.82826,41.97738],[2.82828,41.9774],[2.82828,41.97743],[2.82825,41.97744],[2.82823,41.97744],[2.82819,41.97743],[2.82817,41.97743],[2.82818,41.97747],[2.82814,41.97747],[2.82813,41.97748],[2.82809,41.97748],[2.8281,41.97746],[2.82811,41.97743],[2.8281,41.97741],[2.82807,41.9774],[2.82808,41.97738],[2.82809,41.97736],[2.82805,41.97734],[2.82799,41.97733],[2.82797,41.97732],[2.82794,41.97731],[2.82791,41.97731]]]}},{"type":"Feature","properties":{"name":"","kind":"water","road":"","osm":697039559},"geometry":{"type":"Polygon","coordinates":[[[2.82805,41.97771],[2.82804,41.97769],[2.82801,41.97769],[2.828,41.97768],[2.82801,41.97766],[2.82802,41.97766],[2.82805,41.97766],[2.82807,41.97767],[2.82808,41.97769],[2.82808,41.9777],[2.82807,41.97771],[2.82806,41.97771],[2.82805,41.97771]]]}},{"type":"Feature","properties":{"name":"","kind":"park","road":"","osm":697039561},"geometry":{"type":"Polygon","coordinates":[[[2.82788,41.97679],[2.82795,41.9767],[2.82801,41.97671],[2.8281,41.97673],[2.82816,41.97678],[2.82819,41.97682],[2.82823,41.97687],[2.82825,41.97692],[2.82826,41.97699],[2.82821,41.97704],[2.82816,41.97708],[2.82804,41.97713],[2.82799,41.97713],[2.82799,41.977],[2.82794,41.977],[2.8279,41.97695],[2.82795,41.97695],[2.82797,41.97696],[2.828,41.97699],[2.82806,41.97699],[2.82805,41.97703],[2.82814,41.97704],[2.82815,41.97698],[2.82817,41.97698],[2.82819,41.9769],[2.82811,41.97689],[2.82811,41.97687],[2.82799,41.97687],[2.82796,41.97684],[2.82788,41.97679]]]}},{"type":"Feature","properties":{"name":"","kind":"park","road":"","osm":697039572},"geometry":{"type":"Polygon","coordinates":[[[2.82749,41.97694],[2.82762,41.97696],[2.82763,41.97696],[2.82768,41.97697],[2.82767,41.97698],[2.82777,41.97706],[2.82781,41.97713],[2.82782,41.97718],[2.82785,41.97743],[2.8279,41.97777],[2.82791,41.97778],[2.82794,41.97781],[2.82801,41.97784],[2.82792,41.97801],[2.82776,41.97796],[2.82764,41.97826],[2.82747,41.97821],[2.82763,41.97786],[2.82765,41.9778],[2.82761,41.97779],[2.82756,41.97775],[2.82755,41.97771],[2.82762,41.97763],[2.82766,41.97758],[2.82768,41.97755],[2.82776,41.97755],[2.82776,41.97752],[2.82777,41.97745],[2.82766,41.97745],[2.82766,41.97742],[2.82755,41.97742],[2.82755,41.97745],[2.82748,41.97744],[2.82746,41.97744],[2.82741,41.97744],[2.8274,41.97749],[2.8274,41.97755],[2.82741,41.97759],[2.82747,41.97765],[2.8274,41.97769],[2.8275,41.97772],[2.82752,41.97775],[2.82752,41.97778],[2.82751,41.9778],[2.82747,41.97781],[2.8274,41.97779],[2.82734,41.97776],[2.82731,41.97771],[2.82729,41.97768],[2.82731,41.9776],[2.82733,41.97752],[2.82749,41.97694]]]}},{"type":"Feature","properties":{"name":"","kind":"road","road":"pedestrian","osm":697039578},"geometry":{"type":"LineString","coordinates":[[2.82313,41.97633],[2.82312,41.97641],[2.82285,41.97646],[2.82282,41.97647]]}},{"type":"Feature","properties":{"name":"Carreró de la Torre dels Socors","kind":"road","road":"pedestrian","osm":701770539},"geometry":{"type":"LineString","coordinates":[[2.82715,41.983],[2.8271,41.98303],[2.82708,41.98305],[2.82702,41.98306],[2.82701,41.98305]]}},{"type":"Feature","properties":{"name":"Jardí de la Infància","kind":"park","road":"","osm":701872292},"geometry":{"type":"Polygon","coordinates":[[[2.82428,41.98098],[2.82478,41.98099],[2.82494,41.98099],[2.82497,41.98094],[2.82496,41.98076],[2.82496,41.98068],[2.82478,41.98068],[2.82436,41.98068],[2.82431,41.98071],[2.82428,41.98098]]]}},{"type":"Feature","properties":{"name":"Passatge d'Aristides Maillol","kind":"road","road":"pedestrian","osm":736297380},"geometry":{"type":"LineString","coordinates":[[2.82167,41.98089],[2.82164,41.98073]]}},{"type":"Feature","properties":{"name":"Passatge d'Aristides Maillol","kind":"road","road":"pedestrian","osm":736297381},"geometry":{"type":"LineString","coordinates":[[2.82167,41.98053],[2.82168,41.98049],[2.82181,41.98038],[2.82176,41.98029],[2.82166,41.98017]]}},{"type":"Feature","properties":{"name":"Rotonda del Pont de la Barca","kind":"road","road":"secondary","osm":760198967},"geometry":{"type":"LineString","coordinates":[[2.81824,41.99209],[2.81828,41.99208],[2.81833,41.99209],[2.81837,41.99211],[2.8184,41.99213],[2.81842,41.99216],[2.81843,41.99219],[2.81843,41.99224],[2.81841,41.99228],[2.81838,41.9923],[2.81834,41.99232],[2.8183,41.99233],[2.81826,41.99233]]}},{"type":"Feature","properties":{"name":"Rotonda del Pont de la Barca","kind":"road","road":"secondary","osm":764230135},"geometry":{"type":"LineString","coordinates":[[2.81818,41.9921],[2.81821,41.99209],[2.81824,41.99209]]}},{"type":"Feature","properties":{"name":"Rotonda del Pont de la Barca","kind":"road","road":"secondary","osm":764230136},"geometry":{"type":"LineString","coordinates":[[2.81826,41.99233],[2.81822,41.99233],[2.81818,41.99232],[2.81815,41.9923]]}},{"type":"Feature","properties":{"name":"Carrer de Pedret","kind":"road","road":"tertiary","osm":791305236},"geometry":{"type":"LineString","coordinates":[[2.82575,41.99122],[2.82577,41.99125],[2.82594,41.99154]]}},{"type":"Feature","properties":{"name":"","kind":"park","road":"","osm":796302626},"geometry":{"type":"Polygon","coordinates":[[[2.82891,41.99167],[2.82871,41.99177],[2.82869,41.99171],[2.82867,41.99166],[2.82866,41.99162],[2.82866,41.9916],[2.82868,41.99158],[2.82871,41.99156],[2.82878,41.99154],[2.82882,41.99153],[2.82882,41.99154],[2.82891,41.99167]]]}},{"type":"Feature","properties":{"name":"","kind":"park","road":"","osm":796302627},"geometry":{"type":"Polygon","coordinates":[[[2.82795,41.99102],[2.8279,41.991],[2.82776,41.99103],[2.82763,41.99112],[2.8277,41.99115],[2.82757,41.99131],[2.8275,41.9913],[2.82744,41.99137],[2.82741,41.99148],[2.8274,41.99159],[2.82742,41.99165],[2.82744,41.9917],[2.82752,41.99179],[2.82756,41.99178],[2.82757,41.99172],[2.82768,41.99169],[2.82775,41.99165],[2.8283,41.99148],[2.82845,41.99146],[2.82863,41.99149],[2.82875,41.99149],[2.82882,41.99147],[2.82888,41.99144],[2.82892,41.9914],[2.82896,41.99134],[2.82896,41.99125],[2.82895,41.99117],[2.82893,41.99117],[2.82892,41.99114],[2.82891,41.99112],[2.8289,41.99111],[2.82887,41.99108],[2.82885,41.99107],[2.82883,41.99106],[2.8288,41.99106],[2.82878,41.99106],[2.8287,41.99108],[2.82865,41.99109],[2.8286,41.9911],[2.82847,41.99111],[2.8282,41.99111],[2.82807,41.99108],[2.82795,41.99102]]]}},{"type":"Feature","properties":{"name":"","kind":"road","road":"pedestrian","osm":797812024},"geometry":{"type":"LineString","coordinates":[[2.82321,41.97689],[2.823,41.97692],[2.82297,41.97692]]}},{"type":"Feature","properties":{"name":"","kind":"road","road":"pedestrian","osm":797812025},"geometry":{"type":"LineString","coordinates":[[2.82319,41.97681],[2.82297,41.97685],[2.82295,41.97685]]}},{"type":"Feature","properties":{"name":"","kind":"road","road":"pedestrian","osm":797812027},"geometry":{"type":"LineString","coordinates":[[2.82325,41.97681],[2.8232,41.97681]]}},{"type":"Feature","properties":{"name":"","kind":"road","road":"pedestrian","osm":797812028},"geometry":{"type":"LineString","coordinates":[[2.82326,41.97688],[2.82323,41.97688]]}},{"type":"Feature","properties":{"name":"Avinguda de França","kind":"road","road":"secondary","osm":830400183},"geometry":{"type":"LineString","coordinates":[[2.8194,41.99464],[2.81941,41.99471],[2.81941,41.99486]]}},{"type":"Feature","properties":{"name":"","kind":"road","road":"pedestrian","osm":832548704},"geometry":{"type":"LineString","coordinates":[[2.81718,41.97943],[2.81719,41.97944],[2.8172,41.97944],[2.81721,41.97943],[2.81721,41.97942],[2.8172,41.97941],[2.81719,41.97939],[2.81687,41.97853],[2.81686,41.97853],[2.81685,41.97853],[2.81685,41.97854],[2.81685,41.97855],[2.81687,41.97861],[2.81718,41.97941],[2.81718,41.97943]]}},{"type":"Feature","properties":{"name":"","kind":"road","road":"pedestrian","osm":832548710},"geometry":{"type":"LineString","coordinates":[[2.81705,41.97858],[2.81703,41.97858],[2.81701,41.97853],[2.81702,41.97852],[2.81703,41.9785],[2.81706,41.97849],[2.81717,41.97846],[2.8172,41.97846],[2.81722,41.97846],[2.81724,41.97848],[2.81727,41.9785],[2.81727,41.97853],[2.81728,41.97855],[2.81741,41.97861],[2.81757,41.97906],[2.81764,41.97926],[2.81767,41.97928],[2.81769,41.97935],[2.81757,41.97938],[2.81758,41.9794],[2.81754,41.97941],[2.81751,41.97941],[2.8175,41.9794],[2.81732,41.97944],[2.81729,41.97935],[2.8174,41.97933],[2.81714,41.97863],[2.81705,41.97858]]}},{"type":"Feature","properties":{"name":"","kind":"road","road":"pedestrian","osm":839414264},"geometry":{"type":"LineString","coordinates":[[2.82148,41.98737],[2.82138,41.98744]]}},{"type":"Feature","properties":{"name":"","kind":"road","road":"pedestrian","osm":839640982},"geometry":{"type":"LineString","coordinates":[[2.82373,41.98178],[2.82391,41.98175]]}},{"type":"Feature","properties":{"name":"Plaça Catalunya","kind":"road","road":"pedestrian","osm":839640983},"geometry":{"type":"LineString","coordinates":[[2.82382,41.98124],[2.82377,41.98138],[2.82373,41.98152],[2.82371,41.98167],[2.8237,41.98179],[2.82369,41.98184],[2.82371,41.98204],[2.82378,41.98233],[2.82375,41.98237]]}},{"type":"Feature","properties":{"name":"Placeta de Mercè Huerta i Busquets","kind":"park","road":"","osm":860643689},"geometry":{"type":"Polygon","coordinates":[[[2.82375,41.98174],[2.82385,41.98173],[2.82382,41.98155],[2.82376,41.98156],[2.82375,41.98174]]]}},{"type":"Feature","properties":{"name":"Parc de la Guingueta de Fontajau","kind":"park","road":"","osm":897736693},"geometry":{"type":"Polygon","coordinates":[[[2.81637,41.99686],[2.81623,41.9968],[2.81591,41.99609],[2.81569,41.9958],[2.81492,41.99509],[2.81471,41.9949],[2.81477,41.99389],[2.81545,41.994],[2.81558,41.994],[2.81558,41.99408],[2.81579,41.99408],[2.81581,41.99516],[2.8169,41.99512],[2.81695,41.99547],[2.8166,41.99647],[2.81654,41.99677],[2.81652,41.99681],[2.81637,41.99686]]]}},{"type":"Feature","properties":{"name":"Carrer de Pedret","kind":"road","road":"tertiary","osm":946152955},"geometry":{"type":"LineString","coordinates":[[2.82559,41.99107],[2.82575,41.99122]]}},{"type":"Feature","properties":{"name":"Carrer Nou","kind":"road","road":"pedestrian","osm":953101528},"geometry":{"type":"LineString","coordinates":[[2.82282,41.98272],[2.82244,41.9827],[2.82196,41.98269],[2.82105,41.98266],[2.82097,41.98266],[2.82088,41.98266],[2.82066,41.98265],[2.82057,41.98265],[2.82004,41.98263],[2.81999,41.98263],[2.81986,41.98262]]}},{"type":"Feature","properties":{"name":"Plaça de Maria Antònia Canals i Tolosa","kind":"park","road":"","osm":973111456},"geometry":{"type":"Polygon","coordinates":[[[2.82685,41.97863],[2.82695,41.9786],[2.82707,41.97848],[2.82699,41.97843],[2.82683,41.97862],[2.82685,41.97863]]]}},{"type":"Feature","properties":{"name":"","kind":"park","road":"","osm":1001562731},"geometry":{"type":"Polygon","coordinates":[[[2.82516,41.98356],[2.8252,41.98362],[2.82528,41.98359],[2.82524,41.98353],[2.82516,41.98356]]]}},{"type":"Feature","properties":{"name":"Avinguda de Ramon Folch","kind":"road","road":"pedestrian","osm":1001772744},"geometry":{"type":"LineString","coordinates":[[2.82151,41.98657],[2.82139,41.98664],[2.82107,41.98683]]}},{"type":"Feature","properties":{"name":"Avinguda de Ramon Folc","kind":"road","road":"pedestrian","osm":1001772745},"geometry":{"type":"LineString","coordinates":[[2.82231,41.9862],[2.82168,41.98649],[2.82162,41.98652],[2.8216,41.98653]]}},{"type":"Feature","properties":{"name":"Passatge d'Aristides Maillol","kind":"road","road":"pedestrian","osm":1005039297},"geometry":{"type":"LineString","coordinates":[[2.82167,41.98122],[2.82166,41.98116]]}},{"type":"Feature","properties":{"name":"","kind":"park","road":"","osm":1008899103},"geometry":{"type":"Polygon","coordinates":[[[2.81521,41.98088],[2.81535,41.98093],[2.81536,41.98095],[2.81507,41.98102],[2.81509,41.98096],[2.8151,41.98092],[2.81511,41.98087],[2.81512,41.98086],[2.81516,41.98085],[2.81521,41.98088]]]}},{"type":"Feature","properties":{"name":"","kind":"road","road":"pedestrian","osm":1009537678},"geometry":{"type":"LineString","coordinates":[[2.81766,41.97966],[2.81815,41.97954]]}},{"type":"Feature","properties":{"name":"Plaça de Josep Pallach i Carolà","kind":"road","road":"pedestrian","osm":1016843119},"geometry":{"type":"LineString","coordinates":[[2.82027,41.97664],[2.82024,41.97664],[2.81996,41.97672]]}},{"type":"Feature","properties":{"name":"Carrer de Palamós","kind":"road","road":"tertiary","osm":1019523686},"geometry":{"type":"LineString","coordinates":[[2.82417,41.98965],[2.8243,41.98975],[2.82433,41.98979]]}},{"type":"Feature","properties":{"name":"","kind":"road","road":"tertiary","osm":1019523688},"geometry":{"type":"LineString","coordinates":[[2.8227,41.98945],[2.82281,41.98946],[2.82283,41.98947]]}},{"type":"Feature","properties":{"name":"","kind":"road","road":"tertiary","osm":1019523689},"geometry":{"type":"LineString","coordinates":[[2.8227,41.98945],[2.82246,41.98948]]}},{"type":"Feature","properties":{"name":"Passeig de la Devesa","kind":"road","road":"secondary","osm":1019537296},"geometry":{"type":"LineString","coordinates":[[2.82127,41.98953],[2.82165,41.98936],[2.82172,41.98932],[2.82179,41.98928]]}},{"type":"Feature","properties":{"name":"Passeig de la Devesa","kind":"road","road":"secondary","osm":1019537298},"geometry":{"type":"LineString","coordinates":[[2.82002,41.98984],[2.82048,41.98985],[2.82055,41.98985]]}},{"type":"Feature","properties":{"name":"Rambla de Xavier Cugat","kind":"road","road":"secondary","osm":1019537303},"geometry":{"type":"LineString","coordinates":[[2.81701,41.99214],[2.81713,41.99214],[2.81762,41.99213],[2.81796,41.99213]]}},{"type":"Feature","properties":{"name":"Rambla de Xavier Cugat","kind":"road","road":"secondary","osm":1019537305},"geometry":{"type":"LineString","coordinates":[[2.81798,41.99228],[2.81764,41.99229],[2.81751,41.99229],[2.81702,41.9923],[2.81646,41.99231]]}},{"type":"Feature","properties":{"name":"Rambla de Xavier Cugat","kind":"road","road":"secondary","osm":1019537306},"geometry":{"type":"LineString","coordinates":[[2.81645,41.99215],[2.81656,41.99215],[2.81689,41.99215],[2.81701,41.99214]]}},{"type":"Feature","properties":{"name":"Carrer de Damià Estela i Molinet","kind":"road","road":"pedestrian","osm":1019537308},"geometry":{"type":"LineString","coordinates":[[2.81559,41.99233],[2.81559,41.99224],[2.81558,41.99217]]}},{"type":"Feature","properties":{"name":"Rambla de Xavier Cugat","kind":"road","road":"secondary","osm":1019537309},"geometry":{"type":"LineString","coordinates":[[2.81472,41.99218],[2.81482,41.99218],[2.81558,41.99217]]}},{"type":"Feature","properties":{"name":"Rotonda del Pont de Pedret","kind":"road","road":"secondary","osm":1021351236},"geometry":{"type":"LineString","coordinates":[[2.82257,41.98934],[2.82256,41.98937],[2.82254,41.98939]]}},{"type":"Feature","properties":{"name":"Rotonda del Pont de Pedret","kind":"road","road":"secondary","osm":1021351237},"geometry":{"type":"LineString","coordinates":[[2.82254,41.98939],[2.82253,41.98942],[2.82251,41.98944],[2.82249,41.98946],[2.82246,41.98948]]}},{"type":"Feature","properties":{"name":"","kind":"park","road":"","osm":1034796151},"geometry":{"type":"Polygon","coordinates":[[[2.83323,41.99511],[2.83321,41.9951],[2.83328,41.99497],[2.83337,41.99503],[2.8333,41.99509],[2.83327,41.99507],[2.83323,41.99511]]]}},{"type":"Feature","properties":{"name":"","kind":"park","road":"","osm":1034796152},"geometry":{"type":"Polygon","coordinates":[[[2.83335,41.99486],[2.83334,41.99485],[2.8333,41.99493],[2.83349,41.99503],[2.83355,41.99497],[2.83335,41.99486]]]}},{"type":"Feature","properties":{"name":"Carrer de Jaume Roca i Delpech","kind":"road","road":"pedestrian","osm":1049143036},"geometry":{"type":"LineString","coordinates":[[2.82488,41.9789],[2.82451,41.97891]]}},{"type":"Feature","properties":{"name":"Passatge d'Aristides Maillol","kind":"road","road":"pedestrian","osm":1049580610},"geometry":{"type":"LineString","coordinates":[[2.82166,41.98116],[2.82165,41.98104],[2.82164,41.98096]]}},{"type":"Feature","properties":{"name":"Passatge d'Aristides Maillol","kind":"road","road":"pedestrian","osm":1049580611},"geometry":{"type":"LineString","coordinates":[[2.82168,41.98071],[2.82167,41.98053]]}},{"type":"Feature","properties":{"name":"Passatge d'Aristides Maillol","kind":"road","road":"pedestrian","osm":1049580616},"geometry":{"type":"LineString","coordinates":[[2.82164,41.98096],[2.82167,41.98089]]}},{"type":"Feature","properties":{"name":"Passatge d'Aristides Maillol","kind":"road","road":"pedestrian","osm":1049580617},"geometry":{"type":"LineString","coordinates":[[2.82164,41.98073],[2.82168,41.98071]]}},{"type":"Feature","properties":{"name":"Carrer de l'Arc","kind":"road","road":"pedestrian","osm":1054075355},"geometry":{"type":"LineString","coordinates":[[2.82495,41.98381],[2.82491,41.98382]]}},{"type":"Feature","properties":{"name":"Carrer de l'Arc","kind":"road","road":"pedestrian","osm":1054075356},"geometry":{"type":"LineString","coordinates":[[2.82515,41.98374],[2.82512,41.98375]]}},{"type":"Feature","properties":{"name":"Plaça de Narcís Figueras","kind":"park","road":"","osm":1054472004},"geometry":{"type":"Polygon","coordinates":[[[2.8274,41.98853],[2.82732,41.98825],[2.82664,41.98844],[2.82663,41.98845],[2.82672,41.98855],[2.82678,41.9886],[2.82685,41.98862],[2.82686,41.98866],[2.82685,41.98869],[2.82688,41.98872],[2.82694,41.98868],[2.827,41.98858],[2.8274,41.98853]]]}},{"type":"Feature","properties":{"name":"Carrer de Cristòfor Grober","kind":"road","road":"pedestrian","osm":1077715082},"geometry":{"type":"LineString","coordinates":[[2.82097,41.98266],[2.82097,41.98268],[2.82096,41.98273],[2.82095,41.98288]]}},{"type":"Feature","properties":{"name":"Passeig de la Devesa","kind":"road","road":"secondary","osm":1078188430},"geometry":{"type":"LineString","coordinates":[[2.82229,41.98867],[2.82227,41.98879],[2.82226,41.98882],[2.82227,41.98885],[2.82227,41.98888],[2.82229,41.98893],[2.82232,41.98896],[2.82238,41.98902]]}},{"type":"Feature","properties":{"name":"Passeig de la Devesa","kind":"road","road":"secondary","osm":1078269896},"geometry":{"type":"LineString","coordinates":[[2.82153,41.98975],[2.8212,41.9899]]}},{"type":"Feature","properties":{"name":"Avinguda de França","kind":"road","road":"secondary","osm":1078269898},"geometry":{"type":"LineString","coordinates":[[2.81943,41.99433],[2.8194,41.99464]]}},{"type":"Feature","properties":{"name":"Avinguda de França","kind":"road","road":"secondary","osm":1078317123},"geometry":{"type":"LineString","coordinates":[[2.81899,41.99469],[2.81894,41.99454],[2.81891,41.99443]]}},{"type":"Feature","properties":{"name":"Carrer del Pont de la Barca","kind":"road","road":"secondary","osm":1078317124},"geometry":{"type":"LineString","coordinates":[[2.81862,41.99328],[2.8185,41.99279]]}},{"type":"Feature","properties":{"name":"","kind":"park","road":"","osm":1087677773},"geometry":{"type":"Polygon","coordinates":[[[2.82543,41.98674],[2.82543,41.9867],[2.82543,41.98665],[2.82551,41.98665],[2.82552,41.98664],[2.82558,41.98669],[2.82555,41.98675],[2.82543,41.98674]]]}},{"type":"Feature","properties":{"name":"","kind":"water","road":"","osm":1124266887},"geometry":{"type":"Polygon","coordinates":[[[2.82621,41.98808],[2.82624,41.98808],[2.82624,41.98806],[2.82621,41.98806],[2.82621,41.98808]]]}},{"type":"Feature","properties":{"name":"Passeig de la Devesa","kind":"road","road":"secondary","osm":1124980389},"geometry":{"type":"LineString","coordinates":[[2.82203,41.98901],[2.8221,41.98895],[2.82213,41.98891],[2.82215,41.98884],[2.82222,41.98854],[2.82227,41.98833],[2.82228,41.98824],[2.82228,41.98819],[2.82227,41.98811],[2.82227,41.9881],[2.82226,41.98808],[2.82224,41.98801],[2.82222,41.98799]]}},{"type":"Feature","properties":{"name":"Carrer dels Mercaders","kind":"road","road":"pedestrian","osm":1207767361},"geometry":{"type":"LineString","coordinates":[[2.82492,41.98448],[2.8249,41.98449]]}},{"type":"Feature","properties":{"name":"Carrer dels Mercaders","kind":"road","road":"pedestrian","osm":1207767362},"geometry":{"type":"LineString","coordinates":[[2.82495,41.98443],[2.82495,41.98446],[2.82493,41.98447],[2.82492,41.98448]]}},{"type":"Feature","properties":{"name":"Carrer dels Mercaders","kind":"road","road":"pedestrian","osm":1207767363},"geometry":{"type":"LineString","coordinates":[[2.82487,41.98423],[2.82489,41.98427],[2.8249,41.98429],[2.82492,41.98433],[2.82495,41.98442],[2.82495,41.98443]]}},{"type":"Feature","properties":{"name":"Carrer dels Mercaders","kind":"road","road":"pedestrian","osm":1207767364},"geometry":{"type":"LineString","coordinates":[[2.82485,41.98418],[2.82487,41.98423]]}},{"type":"Feature","properties":{"name":"Jardins de les Obreres de la Fàbrica Grober","kind":"park","road":"","osm":1230813245},"geometry":{"type":"Polygon","coordinates":[[[2.82069,41.98439],[2.82029,41.98404],[2.82073,41.98402],[2.82069,41.98439]]]}},{"type":"Feature","properties":{"name":"Carrer de Joaquim Vayreda","kind":"road","road":"tertiary","osm":1241766805},"geometry":{"type":"LineString","coordinates":[[2.81691,41.98501],[2.81673,41.98498],[2.81669,41.98494]]}},{"type":"Feature","properties":{"name":"Carrer de Joaquim Vayreda","kind":"road","road":"tertiary","osm":1241766806},"geometry":{"type":"LineString","coordinates":[[2.81665,41.98494],[2.81669,41.98494]]}},{"type":"Feature","properties":{"name":"Rotonda de la Devesa","kind":"road","road":"secondary","osm":1245768763},"geometry":{"type":"LineString","coordinates":[[2.81691,41.98501],[2.8169,41.98499],[2.81689,41.98495]]}},{"type":"Feature","properties":{"name":"","kind":"road","road":"pedestrian","osm":1275304041},"geometry":{"type":"LineString","coordinates":[[2.8193,41.99097],[2.81932,41.991]]}},{"type":"Feature","properties":{"name":"","kind":"road","road":"pedestrian","osm":1275304044},"geometry":{"type":"LineString","coordinates":[[2.81903,41.99095],[2.81923,41.99099],[2.8193,41.99097],[2.81934,41.99097],[2.81969,41.99105],[2.8198,41.9911],[2.81993,41.99116],[2.82002,41.99126],[2.82007,41.99132],[2.82009,41.99134],[2.82009,41.99135],[2.82008,41.99136]]}},{"type":"Feature","properties":{"name":"Passeig de la Devesa","kind":"road","road":"secondary","osm":1275645123},"geometry":{"type":"LineString","coordinates":[[2.81959,41.98982],[2.82002,41.98984]]}},{"type":"Feature","properties":{"name":"Pont de la Barca","kind":"road","road":"secondary","osm":1275645124},"geometry":{"type":"LineString","coordinates":[[2.81927,41.99001],[2.8193,41.98995]]}},{"type":"Feature","properties":{"name":"Jardins d'Isidre Vicens Cubarsí","kind":"park","road":"","osm":1316146236},"geometry":{"type":"Polygon","coordinates":[[[2.82775,41.98684],[2.82796,41.98672],[2.82789,41.98661],[2.82775,41.98684]]]}},{"type":"Feature","properties":{"name":"Jardins de Josep Tarrés i Fontan","kind":"park","road":"","osm":1316146237},"geometry":{"type":"Polygon","coordinates":[[[2.82865,41.98691],[2.82855,41.98686],[2.82854,41.98677],[2.82866,41.98672],[2.82871,41.98676],[2.82873,41.98683],[2.82865,41.98691]]]}},{"type":"Feature","properties":{"name":"Carrer de Joaquim Vayreda","kind":"road","road":"tertiary","osm":1349148114},"geometry":{"type":"LineString","coordinates":[[2.81665,41.98494],[2.81643,41.98489],[2.81636,41.98487],[2.81633,41.98487],[2.81548,41.98469],[2.81541,41.98468],[2.81534,41.98466]]}},{"type":"Feature","properties":{"name":"Carrer de Joaquim Vayreda","kind":"road","road":"tertiary","osm":1349286500},"geometry":{"type":"LineString","coordinates":[[2.81534,41.98466],[2.81476,41.98455],[2.81467,41.98453]]}},{"type":"Feature","properties":{"name":"","kind":"water","road":"","osm":1352366312},"geometry":{"type":"LineString","coordinates":[[2.82357,41.98916],[2.82366,41.98917]]}},{"type":"Feature","properties":{"name":"","kind":"water","road":"","osm":1352366313},"geometry":{"type":"LineString","coordinates":[[2.82356,41.98918],[2.82366,41.98918]]}},{"type":"Feature","properties":{"name":"","kind":"road","road":"pedestrian","osm":1383583212},"geometry":{"type":"LineString","coordinates":[[2.81722,41.98154],[2.81718,41.98153],[2.81717,41.9815],[2.81729,41.98119],[2.81728,41.98109],[2.8172,41.98094],[2.81727,41.98094],[2.81728,41.98094],[2.81751,41.98095],[2.81779,41.98176],[2.81776,41.98177],[2.81722,41.98154]]}},{"type":"Feature","properties":{"name":"Carrer dels Vern","kind":"road","road":"pedestrian","osm":1431238810},"geometry":{"type":"LineString","coordinates":[[2.82454,41.98147],[2.82452,41.98168]]}},{"type":"Feature","properties":{"name":"Ronda de Ferran Puig","kind":"road","road":"secondary","osm":1444046250},"geometry":{"type":"LineString","coordinates":[[2.81747,41.98459],[2.81744,41.98473],[2.81743,41.98479]]}},{"type":"Feature","properties":{"name":"Ronda de Ferran Puig","kind":"road","road":"secondary","osm":1444046252},"geometry":{"type":"LineString","coordinates":[[2.81725,41.9847],[2.81733,41.98467],[2.81738,41.98465],[2.81747,41.98459]]}},{"type":"Feature","properties":{"name":"Rotonda de la Devesa","kind":"road","road":"secondary","osm":1444125729},"geometry":{"type":"LineString","coordinates":[[2.81725,41.9847],[2.81727,41.9847],[2.81732,41.98472],[2.81735,41.98473],[2.81738,41.98475],[2.8174,41.98477],[2.81743,41.98479]]}},{"type":"Feature","properties":{"name":"","kind":"park","road":"","osm":1497921180},"geometry":{"type":"Polygon","coordinates":[[[2.82748,41.98684],[2.82753,41.98662],[2.82767,41.98667],[2.82771,41.98669],[2.82767,41.98676],[2.82763,41.9868],[2.82759,41.98682],[2.82754,41.98684],[2.82749,41.98686],[2.82747,41.98687],[2.82748,41.98684]]]}},{"type":"Feature","properties":{"name":"Rotonda del Rellotge","kind":"road","road":"secondary","osm":1505007009},"geometry":{"type":"LineString","coordinates":[[2.8217,41.98689],[2.82169,41.98693],[2.82166,41.98696],[2.82164,41.98697],[2.82162,41.98698]]}}]}