{"bounds":[37.36894,-6.01013,37.40272,-5.97694],"date":"2026-09-18T16:47:18Z","type":"FeatureCollection","features":[{"type":"Feature","properties":{"name":"Calle San Juan","kind":"road","road":"pedestrian","osm":18545937},"geometry":{"type":"LineString","coordinates":[[-5.99062,37.39078],[-5.99078,37.3905],[-5.99085,37.3904]]}},{"type":"Feature","properties":{"name":"Calle Guardamino","kind":"road","road":"pedestrian","osm":18613259},"geometry":{"type":"LineString","coordinates":[[-5.99111,37.39075],[-5.9911,37.39075],[-5.9909,37.3907],[-5.99096,37.39056],[-5.99102,37.39044]]}},{"type":"Feature","properties":{"name":"Calle Sierpes","kind":"road","road":"pedestrian","osm":18615552},"geometry":{"type":"LineString","coordinates":[[-5.99417,37.38911],[-5.99417,37.38914],[-5.9942,37.3894],[-5.9942,37.38944],[-5.99432,37.39007],[-5.99434,37.39009],[-5.99438,37.39031],[-5.99443,37.39061],[-5.99445,37.39069],[-5.99452,37.39094],[-5.99454,37.39103],[-5.99466,37.39131],[-5.99476,37.3917],[-5.9948,37.39188],[-5.99482,37.39201],[-5.99485,37.39221],[-5.99486,37.39232],[-5.99486,37.39234],[-5.99491,37.39257],[-5.99497,37.39261],[-5.99502,37.39263],[-5.99508,37.39264],[-5.9954,37.39262]]}},{"type":"Feature","properties":{"name":"Calle Cuna","kind":"road","road":"pedestrian","osm":18616007},"geometry":{"type":"LineString","coordinates":[[-5.99328,37.39038],[-5.99328,37.3904],[-5.99331,37.39051],[-5.9934,37.39089],[-5.99345,37.39117],[-5.99349,37.39139],[-5.99351,37.39152],[-5.99359,37.39219],[-5.99361,37.39242],[-5.99364,37.39275],[-5.99365,37.39282]]}},{"type":"Feature","properties":{"name":"Calle Alcaicería de la Loza","kind":"road","road":"pedestrian","osm":18616882},"geometry":{"type":"LineString","coordinates":[[-5.99102,37.39044],[-5.99115,37.39042],[-5.99117,37.39041],[-5.99118,37.39041],[-5.99125,37.3904],[-5.99145,37.39039],[-5.9915,37.39038],[-5.99167,37.39036],[-5.99193,37.39036],[-5.99216,37.39037],[-5.99219,37.39037],[-5.99239,37.39036]]}},{"type":"Feature","properties":{"name":"Calle Herbolarios","kind":"road","road":"pedestrian","osm":18616918},"geometry":{"type":"LineString","coordinates":[[-5.99118,37.39025],[-5.9912,37.39025],[-5.9914,37.39025],[-5.99159,37.39025],[-5.99203,37.39024],[-5.99221,37.39025],[-5.99237,37.39026]]}},{"type":"Feature","properties":{"name":"Calle Felipe Pérez","kind":"road","road":"pedestrian","osm":18939338},"geometry":{"type":"LineString","coordinates":[[-5.99379,37.38754],[-5.99411,37.38752],[-5.99427,37.3875]]}},{"type":"Feature","properties":{"name":"Calle Álvarez Quintero","kind":"road","road":"pedestrian","osm":18939655},"geometry":{"type":"LineString","coordinates":[[-5.99337,37.38937],[-5.99336,37.38932],[-5.99335,37.38929],[-5.9933,37.38904],[-5.99328,37.38881],[-5.99326,37.38863],[-5.99328,37.38828],[-5.99321,37.38803],[-5.99322,37.38779],[-5.99313,37.3875],[-5.99313,37.38738],[-5.99313,37.38721],[-5.99309,37.38708],[-5.99306,37.38696]]}},{"type":"Feature","properties":{"name":"Calle Rodríguez Zapata","kind":"road","road":"pedestrian","osm":18939724},"geometry":{"type":"LineString","coordinates":[[-5.99342,37.38737],[-5.99341,37.38737],[-5.99337,37.38737],[-5.99313,37.38738]]}},{"type":"Feature","properties":{"name":"Calle Chicarreros","kind":"road","road":"pedestrian","osm":18939795},"geometry":{"type":"LineString","coordinates":[[-5.99398,37.38873],[-5.99396,37.38874],[-5.99391,37.38874],[-5.99374,37.38877],[-5.9935,37.38879],[-5.99328,37.38881]]}},{"type":"Feature","properties":{"name":"Calle Conteros","kind":"road","road":"pedestrian","osm":18939952},"geometry":{"type":"LineString","coordinates":[[-5.99297,37.38708],[-5.99287,37.38729],[-5.9928,37.38752],[-5.99278,37.38763],[-5.99277,37.38777],[-5.99274,37.38789]]}},{"type":"Feature","properties":{"name":"Calle Placentines","kind":"road","road":"pedestrian","osm":18940032},"geometry":{"type":"LineString","coordinates":[[-5.99252,37.38668],[-5.9925,37.38673],[-5.99246,37.38684],[-5.99245,37.38714],[-5.99246,37.38745]]}},{"type":"Feature","properties":{"name":"Calle Chapineros","kind":"road","road":"pedestrian","osm":18940066},"geometry":{"type":"LineString","coordinates":[[-5.99326,37.38863],[-5.99274,37.3886]]}},{"type":"Feature","properties":{"name":"Calle Pajaritos","kind":"road","road":"pedestrian","osm":18940306},"geometry":{"type":"LineString","coordinates":[[-5.99264,37.38877],[-5.9925,37.38869],[-5.99232,37.38853]]}},{"type":"Feature","properties":{"name":"Calle San Isidoro","kind":"road","road":"pedestrian","osm":18940377},"geometry":{"type":"LineString","coordinates":[[-5.99257,37.38918],[-5.99209,37.38915],[-5.99143,37.38919]]}},{"type":"Feature","properties":{"name":"Calle Córdoba","kind":"road","road":"pedestrian","osm":18945548},"geometry":{"type":"LineString","coordinates":[[-5.99326,37.3903],[-5.99312,37.39032],[-5.99306,37.39033],[-5.99304,37.39035],[-5.99304,37.39038],[-5.99302,37.39039],[-5.993,37.3904],[-5.99275,37.39042],[-5.99271,37.39042],[-5.99239,37.39045]]}},{"type":"Feature","properties":{"name":"Calle Puente y Pellón","kind":"road","road":"pedestrian","osm":18945609},"geometry":{"type":"LineString","coordinates":[[-5.99237,37.39103],[-5.99225,37.39109],[-5.99216,37.39126],[-5.9921,37.39155],[-5.99207,37.39172],[-5.99198,37.39222]]}},{"type":"Feature","properties":{"name":"Calle Golfo","kind":"road","road":"pedestrian","osm":18946006},"geometry":{"type":"LineString","coordinates":[[-5.99113,37.3907],[-5.99128,37.39076],[-5.99141,37.39082],[-5.99152,37.39084]]}},{"type":"Feature","properties":{"name":"Calle Siete Revueltas","kind":"road","road":"pedestrian","osm":18946123},"geometry":{"type":"LineString","coordinates":[[-5.99216,37.39037],[-5.99213,37.39068],[-5.99203,37.39072],[-5.992,37.39085],[-5.99188,37.39085],[-5.9919,37.39103],[-5.99168,37.39109],[-5.99164,37.3912]]}},{"type":"Feature","properties":{"name":"Calle Siete Revueltas","kind":"road","road":"pedestrian","osm":18946143},"geometry":{"type":"LineString","coordinates":[[-5.99184,37.39055],[-5.99186,37.39077],[-5.99188,37.39085]]}},{"type":"Feature","properties":{"name":"Calle Morería","kind":"road","road":"pedestrian","osm":18946341},"geometry":{"type":"LineString","coordinates":[[-5.98995,37.39136],[-5.99028,37.39137],[-5.99036,37.39137],[-5.99042,37.39138],[-5.99044,37.39141],[-5.99046,37.39145],[-5.99046,37.39162]]}},{"type":"Feature","properties":{"name":"Calle Reyes Católicos","kind":"road","road":"primary","osm":18978590},"geometry":{"type":"LineString","coordinates":[[-6.00129,37.38754],[-6.00124,37.38759],[-6.00106,37.38778],[-6.00102,37.38782],[-6.00078,37.38807],[-6.00066,37.38818],[-6.00054,37.38829]]}},{"type":"Feature","properties":{"name":"Calle Muñoz Olivé","kind":"road","road":"pedestrian","osm":18979063},"geometry":{"type":"LineString","coordinates":[[-5.99677,37.39033],[-5.99596,37.3905],[-5.99529,37.39067]]}},{"type":"Feature","properties":{"name":"Calle O'Donnell","kind":"road","road":"pedestrian","osm":18979517},"geometry":{"type":"LineString","coordinates":[[-5.99706,37.39123],[-5.99694,37.39131],[-5.99672,37.39144],[-5.99645,37.39159],[-5.99602,37.3918],[-5.99573,37.39195],[-5.99564,37.39198],[-5.99555,37.39204],[-5.99549,37.39208],[-5.99546,37.39214],[-5.99542,37.39231],[-5.9954,37.39246],[-5.9954,37.39253],[-5.9954,37.39262],[-5.99541,37.39267]]}},{"type":"Feature","properties":{"name":"Calle José de Velilla","kind":"road","road":"pedestrian","osm":18979958},"geometry":{"type":"LineString","coordinates":[[-5.99681,37.39097],[-5.99647,37.39114],[-5.99592,37.3913],[-5.9954,37.3914]]}},{"type":"Feature","properties":{"name":"Calle Pedro Caravaca","kind":"road","road":"pedestrian","osm":18980081},"geometry":{"type":"LineString","coordinates":[[-5.99546,37.39192],[-5.99542,37.39192],[-5.9949,37.39188],[-5.9948,37.39188]]}},{"type":"Feature","properties":{"name":"Calle Fernández y González","kind":"road","road":"pedestrian","osm":18980244},"geometry":{"type":"LineString","coordinates":[[-5.99477,37.38666],[-5.99473,37.38674],[-5.9946,37.38723],[-5.99452,37.38759],[-5.99448,37.38775],[-5.99437,37.38793]]}},{"type":"Feature","properties":{"name":"Calle Blanca de los Ríos","kind":"road","road":"pedestrian","osm":19095773},"geometry":{"type":"LineString","coordinates":[[-5.99256,37.38941],[-5.99291,37.38954],[-5.9932,37.38965],[-5.99322,37.38966]]}},{"type":"Feature","properties":{"name":"Calle Cardenal Sanz y Fores","kind":"road","road":"pedestrian","osm":19095774},"geometry":{"type":"LineString","coordinates":[[-5.99147,37.38694],[-5.9914,37.3869],[-5.99112,37.3867]]}},{"type":"Feature","properties":{"name":"Calle Cerrajería","kind":"road","road":"pedestrian","osm":19095778},"geometry":{"type":"LineString","coordinates":[[-5.99454,37.39103],[-5.99417,37.39108],[-5.99345,37.39117]]}},{"type":"Feature","properties":{"name":"Calle Sagasta","kind":"road","road":"pedestrian","osm":19095780},"geometry":{"type":"LineString","coordinates":[[-5.99432,37.39007],[-5.99381,37.39012],[-5.99367,37.39014],[-5.99326,37.39021],[-5.99324,37.39021]]}},{"type":"Feature","properties":{"name":"Calle José Gestoso","kind":"road","road":"pedestrian","osm":19095782},"geometry":{"type":"LineString","coordinates":[[-5.99378,37.39361],[-5.99365,37.39362],[-5.99338,37.39363],[-5.99299,37.39363],[-5.99284,37.39363],[-5.99278,37.39362],[-5.99273,37.3936],[-5.99269,37.3936],[-5.99266,37.3936],[-5.99263,37.3936],[-5.9926,37.39361],[-5.99257,37.39362],[-5.99246,37.39366]]}},{"type":"Feature","properties":{"name":"Calle Goyeneta","kind":"road","road":"pedestrian","osm":19095784},"geometry":{"type":"LineString","coordinates":[[-5.99207,37.39172],[-5.99227,37.39171],[-5.99248,37.39174],[-5.99256,37.39184],[-5.9926,37.39186]]}},{"type":"Feature","properties":{"name":"Calle Lagar","kind":"road","road":"pedestrian","osm":19095786},"geometry":{"type":"LineString","coordinates":[[-5.9934,37.39089],[-5.99324,37.39091],[-5.99309,37.39093],[-5.9931,37.39109],[-5.99275,37.39109],[-5.99237,37.39103]]}},{"type":"Feature","properties":{"name":"Calle Acetres","kind":"road","road":"pedestrian","osm":19095787},"geometry":{"type":"LineString","coordinates":[[-5.99349,37.39139],[-5.99318,37.39137],[-5.99274,37.39131]]}},{"type":"Feature","properties":{"name":"Calle Rivero","kind":"road","road":"pedestrian","osm":19095788},"geometry":{"type":"LineString","coordinates":[[-5.99466,37.39131],[-5.99428,37.39141],[-5.99406,37.39145],[-5.99351,37.39152]]}},{"type":"Feature","properties":{"name":"Calle Sauceda","kind":"road","road":"pedestrian","osm":19095807},"geometry":{"type":"LineString","coordinates":[[-5.99734,37.39166],[-5.99741,37.39184]]}},{"type":"Feature","properties":{"name":"Calle Fernán Caballero","kind":"road","road":"pedestrian","osm":19095808},"geometry":{"type":"LineString","coordinates":[[-5.99795,37.39131],[-5.9981,37.39153]]}},{"type":"Feature","properties":{"name":"Calle Marqués de Paradas","kind":"road","road":"primary","osm":19124158},"geometry":{"type":"LineString","coordinates":[[-6.00054,37.38829],[-6.00062,37.38849],[-6.0007,37.38872]]}},{"type":"Feature","properties":{"name":"Calle San Roque","kind":"road","road":"pedestrian","osm":19124182},"geometry":{"type":"LineString","coordinates":[[-5.9994,37.39164],[-5.99967,37.39163],[-5.9997,37.39163]]}},{"type":"Feature","properties":{"name":"Calle Otumba","kind":"road","road":"pedestrian","osm":19124188},"geometry":{"type":"LineString","coordinates":[[-5.99656,37.38981],[-5.99658,37.38981],[-5.99684,37.38985],[-5.99692,37.38983],[-5.9974,37.38956]]}},{"type":"Feature","properties":{"name":"Calle Mateo Alemán","kind":"road","road":"pedestrian","osm":19124189},"geometry":{"type":"LineString","coordinates":[[-5.99801,37.3902],[-5.99776,37.38986],[-5.99772,37.38981],[-5.99771,37.38979]]}},{"type":"Feature","properties":{"name":"Calle Olavide","kind":"road","road":"pedestrian","osm":19210164},"geometry":{"type":"LineString","coordinates":[[-5.99645,37.39159],[-5.9966,37.39184],[-5.99671,37.39201]]}},{"type":"Feature","properties":{"name":"Calle Itálica","kind":"road","road":"pedestrian","osm":19210165},"geometry":{"type":"LineString","coordinates":[[-5.99672,37.39144],[-5.99647,37.39114]]}},{"type":"Feature","properties":{"name":"Avenida Pizarro","kind":"road","road":"pedestrian","osm":19393636},"geometry":{"type":"LineString","coordinates":[[-5.99009,37.37585],[-5.99003,37.37576],[-5.98973,37.37526],[-5.98929,37.37451],[-5.9891,37.3742],[-5.98887,37.37382],[-5.98836,37.37299],[-5.98806,37.37247],[-5.98803,37.37243]]}},{"type":"Feature","properties":{"name":"Parque de María Luisa","kind":"park","road":"","osm":19394336},"geometry":{"type":"Polygon","coordinates":[[[-5.98563,37.37224],[-5.9855,37.37381],[-5.98587,37.37391],[-5.98592,37.37392],[-5.98596,37.3739],[-5.98609,37.37389],[-5.98622,37.37387],[-5.98635,37.37391],[-5.98645,37.37397],[-5.98651,37.37404],[-5.98655,37.37413],[-5.98655,37.37423],[-5.98652,37.37432],[-5.98645,37.37441],[-5.9869,37.37515],[-5.98696,37.37515],[-5.98702,37.37517],[-5.98705,37.3752],[-5.98713,37.37533],[-5.98703,37.37536],[-5.98685,37.37543],[-5.98681,37.37545],[-5.98846,37.37816],[-5.9885,37.37814],[-5.98869,37.37807],[-5.98877,37.37803],[-5.98883,37.37813],[-5.98885,37.37817],[-5.98907,37.37852],[-5.98909,37.37851],[-5.98922,37.37882],[-5.98935,37.3788],[-5.98939,37.3788],[-5.98944,37.3788],[-5.98949,37.3788],[-5.98952,37.3788],[-5.98966,37.37881],[-5.98987,37.37848],[-5.99028,37.37767],[-5.99029,37.37764],[-5.99031,37.37761],[-5.99123,37.37593],[-5.9911,37.37587],[-5.991,37.37578],[-5.99093,37.37568],[-5.9909,37.37561],[-5.9909,37.3756],[-5.99089,37.37558],[-5.99089,37.37555],[-5.99088,37.37551],[-5.99089,37.37548],[-5.99091,37.37538],[-5.99096,37.37529],[-5.99104,37.3752],[-5.99114,37.37513],[-5.99007,37.37337],[-5.98991,37.37334],[-5.98979,37.37329],[-5.9897,37.37321],[-5.98966,37.37322],[-5.98965,37.3732],[-5.98963,37.37318],[-5.98962,37.37315],[-5.9896,37.37313],[-5.98964,37.37311],[-5.98962,37.373],[-5.98966,37.37287],[-5.98971,37.37279],[-5.98876,37.37121],[-5.98877,37.37117],[-5.98875,37.37112],[-5.9887,37.37105],[-5.98862,37.37092],[-5.98857,37.37091],[-5.98823,37.37033],[-5.98794,37.37045],[-5.98784,37.37036],[-5.98766,37.37033],[-5.98743,37.37039],[-5.98729,37.37015],[-5.98693,37.3703],[-5.98687,37.3702],[-5.9868,37.37018],[-5.98651,37.37031],[-5.98652,37.37039],[-5.98633,37.37048],[-5.98635,37.37082],[-5.98561,37.37088],[-5.98568,37.37196],[-5.98568,37.37201],[-5.98568,37.37208],[-5.98563,37.37224]]]}},{"type":"Feature","properties":{"name":"Prado de San Sebastián","kind":"park","road":"","osm":19394589},"geometry":{"type":"Polygon","coordinates":[[[-5.98565,37.37847],[-5.98562,37.37848],[-5.98559,37.37854],[-5.98499,37.37997],[-5.98501,37.37999],[-5.98753,37.38066],[-5.98805,37.3808],[-5.9881,37.3808],[-5.98816,37.38078],[-5.9882,37.38069],[-5.98827,37.38052],[-5.98844,37.3801],[-5.98856,37.37983],[-5.98808,37.3797],[-5.98829,37.37917],[-5.98816,37.37913],[-5.986,37.37856],[-5.98565,37.37847]]]}},{"type":"Feature","properties":{"name":"Avenida de Miraflores","kind":"road","road":"tertiary","osm":19745621},"geometry":{"type":"LineString","coordinates":[[-5.98156,37.39856],[-5.98147,37.39861],[-5.98128,37.39881],[-5.98121,37.39888],[-5.98111,37.39899],[-5.98083,37.39929],[-5.9806,37.39954]]}},{"type":"Feature","properties":{"name":"Avenida Rodríguez de Casso","kind":"road","road":"pedestrian","osm":19746379},"geometry":{"type":"LineString","coordinates":[[-5.9907,37.37561],[-5.99016,37.37582],[-5.99009,37.37585],[-5.98933,37.37615],[-5.98898,37.37629],[-5.98857,37.37645],[-5.98786,37.37672]]}},{"type":"Feature","properties":{"name":"Calle Torneo","kind":"road","road":"primary","osm":19747214},"geometry":{"type":"LineString","coordinates":[[-6.00273,37.39083],[-6.00277,37.39092],[-6.00278,37.39094],[-6.00286,37.39119],[-6.003,37.39161],[-6.00325,37.39235],[-6.00349,37.3929]]}},{"type":"Feature","properties":{"name":"Calle Arjona","kind":"road","road":"primary","osm":19747258},"geometry":{"type":"LineString","coordinates":[[-6.00292,37.391],[-6.00273,37.39048]]}},{"type":"Feature","properties":{"name":"Puente del Cristo de la Expiración","kind":"road","road":"primary","osm":19747779},"geometry":{"type":"LineString","coordinates":[[-6.00769,37.39023],[-6.00757,37.39024]]}},{"type":"Feature","properties":{"name":"Avenida del Cristo de la Expiración","kind":"road","road":"primary","osm":19747830},"geometry":{"type":"LineString","coordinates":[[-6.00416,37.39061],[-6.0039,37.39059]]}},{"type":"Feature","properties":{"name":"Avenida del Cristo de la Expiración","kind":"road","road":"primary","osm":19747856},"geometry":{"type":"LineString","coordinates":[[-6.00704,37.3903],[-6.00499,37.39052]]}},{"type":"Feature","properties":{"name":"Avenida del Cristo de la Expiración","kind":"road","road":"primary","osm":19747865},"geometry":{"type":"LineString","coordinates":[[-6.00499,37.39052],[-6.00432,37.39059],[-6.00416,37.39061]]}},{"type":"Feature","properties":{"name":"","kind":"road","road":"primary","osm":19748167},"geometry":{"type":"LineString","coordinates":[[-6.00311,37.39058],[-6.00307,37.3906],[-6.00295,37.39067],[-6.00278,37.39079],[-6.00273,37.39083]]}},{"type":"Feature","properties":{"name":"Plaza La Legión","kind":"road","road":"primary","osm":19748204},"geometry":{"type":"LineString","coordinates":[[-6.00149,37.39091],[-6.00154,37.39095],[-6.00159,37.39097],[-6.00167,37.39097],[-6.00178,37.39096],[-6.00182,37.39095],[-6.0019,37.39094],[-6.00248,37.39083],[-6.00251,37.39082],[-6.00259,37.39081]]}},{"type":"Feature","properties":{"name":"Plaza La Legion","kind":"road","road":"primary","osm":19748248},"geometry":{"type":"LineString","coordinates":[[-6.00259,37.39081],[-6.00266,37.39078],[-6.00271,37.39074]]}},{"type":"Feature","properties":{"name":"","kind":"road","road":"primary","osm":19748287},"geometry":{"type":"LineString","coordinates":[[-6.00259,37.39081],[-6.00266,37.39081],[-6.00273,37.39083]]}},{"type":"Feature","properties":{"name":"Paseo de Cristóbal Colón","kind":"road","road":"primary","osm":19748798},"geometry":{"type":"LineString","coordinates":[[-6.00145,37.38738],[-6.00134,37.3873],[-6.0013,37.38727],[-6.00127,37.38725],[-6.00115,37.38716]]}},{"type":"Feature","properties":{"name":"","kind":"road","road":"primary","osm":19753374},"geometry":{"type":"LineString","coordinates":[[-5.99136,37.37599],[-5.99154,37.37582]]}},{"type":"Feature","properties":{"name":"Avenida de El Cid","kind":"road","road":"primary","osm":19753405},"geometry":{"type":"LineString","coordinates":[[-5.98871,37.38106],[-5.9888,37.38085],[-5.98881,37.38082],[-5.98882,37.38079],[-5.98891,37.38047],[-5.98902,37.38023],[-5.9891,37.38004]]}},{"type":"Feature","properties":{"name":"Calle Abades","kind":"road","road":"pedestrian","osm":19790057},"geometry":{"type":"LineString","coordinates":[[-5.99112,37.3867],[-5.99112,37.38665],[-5.99113,37.38633],[-5.99104,37.38633],[-5.99098,37.38625],[-5.99091,37.38609]]}},{"type":"Feature","properties":{"name":"Calle Ángeles","kind":"road","road":"pedestrian","osm":19790058},"geometry":{"type":"LineString","coordinates":[[-5.99112,37.38665],[-5.99097,37.38659],[-5.99079,37.38647],[-5.99044,37.38618]]}},{"type":"Feature","properties":{"name":"Calle Mármoles","kind":"road","road":"pedestrian","osm":19790059},"geometry":{"type":"LineString","coordinates":[[-5.99057,37.38813],[-5.99041,37.3882]]}},{"type":"Feature","properties":{"name":"Plaza de la Alianza","kind":"road","road":"pedestrian","osm":19790061},"geometry":{"type":"LineString","coordinates":[[-5.99123,37.38544],[-5.99122,37.38542],[-5.99119,37.38539],[-5.99122,37.38537],[-5.99115,37.38528],[-5.99114,37.38528],[-5.9911,37.38524],[-5.99107,37.38525],[-5.99104,37.38527],[-5.9909,37.38533],[-5.99092,37.38538],[-5.99093,37.3854],[-5.99095,37.38543],[-5.99099,37.3855],[-5.991,37.3855],[-5.99102,37.38553],[-5.99105,37.38552],[-5.9911,37.38551],[-5.99114,37.38549],[-5.99125,37.38546],[-5.99123,37.38544]]}},{"type":"Feature","properties":{"name":"Calle Ximénez de Enciso","kind":"road","road":"pedestrian","osm":19790064},"geometry":{"type":"LineString","coordinates":[[-5.9901,37.38578],[-5.98979,37.38583],[-5.98961,37.3859],[-5.98957,37.38592],[-5.98953,37.38595],[-5.98947,37.38598],[-5.98946,37.38601],[-5.98934,37.38606],[-5.98931,37.38607]]}},{"type":"Feature","properties":{"name":"Calle Mesón del Moro","kind":"road","road":"pedestrian","osm":19790066},"geometry":{"type":"LineString","coordinates":[[-5.98994,37.38616],[-5.98974,37.38612],[-5.98956,37.38607],[-5.98951,37.38602],[-5.98946,37.38601]]}},{"type":"Feature","properties":{"name":"Calle Jamerdana","kind":"road","road":"pedestrian","osm":19790067},"geometry":{"type":"LineString","coordinates":[[-5.9901,37.38578],[-5.99008,37.38574],[-5.98999,37.38552],[-5.98979,37.38522],[-5.98973,37.38513]]}},{"type":"Feature","properties":{"name":"Calle Reinoso","kind":"road","road":"pedestrian","osm":19790069},"geometry":{"type":"LineString","coordinates":[[-5.98979,37.38522],[-5.98926,37.38545]]}},{"type":"Feature","properties":{"name":"Calle Santa Teresa","kind":"road","road":"pedestrian","osm":19790071},"geometry":{"type":"LineString","coordinates":[[-5.98934,37.38606],[-5.98924,37.38595],[-5.98913,37.38583],[-5.98905,37.38579],[-5.98901,37.38571],[-5.98892,37.38574],[-5.98876,37.38553],[-5.98878,37.38552],[-5.9886,37.38524]]}},{"type":"Feature","properties":{"name":"Calle de la Perla","kind":"road","road":"pedestrian","osm":19802242},"geometry":{"type":"LineString","coordinates":[[-5.99032,37.38915],[-5.99013,37.38907],[-5.99004,37.38902],[-5.98994,37.38901]]}},{"type":"Feature","properties":{"name":"Calle Lirio","kind":"road","road":"pedestrian","osm":19802244},"geometry":{"type":"LineString","coordinates":[[-5.98827,37.38992],[-5.9882,37.38944],[-5.98801,37.38918]]}},{"type":"Feature","properties":{"name":"Calle Cristo del Buen Viaje","kind":"road","road":"pedestrian","osm":19802248},"geometry":{"type":"LineString","coordinates":[[-5.98605,37.38974],[-5.98605,37.38953],[-5.98605,37.3894],[-5.9861,37.38927],[-5.98617,37.38919]]}},{"type":"Feature","properties":{"name":"Calle Verde","kind":"road","road":"pedestrian","osm":19802250},"geometry":{"type":"LineString","coordinates":[[-5.98733,37.38755],[-5.98717,37.38745],[-5.98704,37.38735],[-5.98688,37.38724],[-5.98655,37.38702],[-5.98638,37.38694],[-5.98622,37.38687],[-5.9862,37.38685]]}},{"type":"Feature","properties":{"name":"Calle San Clemente","kind":"road","road":"pedestrian","osm":19802251},"geometry":{"type":"LineString","coordinates":[[-5.98638,37.38694],[-5.98623,37.38719],[-5.98602,37.38745],[-5.98593,37.38755],[-5.9859,37.38764]]}},{"type":"Feature","properties":{"name":"Calle Farnesio","kind":"road","road":"pedestrian","osm":19802264},"geometry":{"type":"LineString","coordinates":[[-5.989,37.38697],[-5.98868,37.38718],[-5.98842,37.38734]]}},{"type":"Feature","properties":{"name":"Plaza de la Contratación","kind":"road","road":"pedestrian","osm":19804744},"geometry":{"type":"LineString","coordinates":[[-5.99287,37.38377],[-5.99261,37.38388],[-5.99256,37.38389],[-5.99249,37.3839],[-5.99233,37.38368],[-5.99237,37.38366],[-5.99241,37.38364],[-5.99248,37.38361],[-5.99257,37.38358],[-5.99263,37.38356],[-5.99266,37.38355],[-5.99271,37.38358],[-5.99275,37.3836],[-5.99287,37.38377]]}},{"type":"Feature","properties":{"name":"Calle Roldana","kind":"road","road":"pedestrian","osm":19804747},"geometry":{"type":"LineString","coordinates":[[-5.99285,37.38328],[-5.99218,37.38342]]}},{"type":"Feature","properties":{"name":"Calle Lanza","kind":"road","road":"pedestrian","osm":19804773},"geometry":{"type":"LineString","coordinates":[[-5.98704,37.39073],[-5.98651,37.39116]]}},{"type":"Feature","properties":{"name":"Calle Ensenada","kind":"road","road":"pedestrian","osm":19804774},"geometry":{"type":"LineString","coordinates":[[-5.9876,37.39104],[-5.98732,37.39125],[-5.98709,37.39138]]}},{"type":"Feature","properties":{"name":"Calle San Felipe","kind":"road","road":"pedestrian","osm":19804792},"geometry":{"type":"LineString","coordinates":[[-5.98954,37.3935],[-5.98952,37.3935],[-5.98932,37.39343],[-5.98929,37.39341],[-5.98923,37.39338],[-5.9891,37.39328],[-5.98884,37.39302],[-5.9887,37.39288],[-5.98868,37.39285]]}},{"type":"Feature","properties":{"name":"Calle Feijoo","kind":"road","road":"pedestrian","osm":19804793},"geometry":{"type":"LineString","coordinates":[[-5.9891,37.39328],[-5.98885,37.39349],[-5.98855,37.39363]]}},{"type":"Feature","properties":{"name":"Calle Lepanto","kind":"road","road":"pedestrian","osm":19804808},"geometry":{"type":"LineString","coordinates":[[-5.99257,37.3946],[-5.99259,37.39469],[-5.99264,37.39489],[-5.99273,37.39511],[-5.99274,37.39513]]}},{"type":"Feature","properties":{"name":"Calle Morgado","kind":"road","road":"pedestrian","osm":19804809},"geometry":{"type":"LineString","coordinates":[[-5.99423,37.39611],[-5.99402,37.39605],[-5.99395,37.39619],[-5.99377,37.39616],[-5.9931,37.39617]]}},{"type":"Feature","properties":{"name":"","kind":"road","road":"tertiary","osm":19829156},"geometry":{"type":"LineString","coordinates":[[-5.98835,37.381],[-5.98775,37.38088]]}},{"type":"Feature","properties":{"name":"Calle Torneo","kind":"road","road":"secondary","osm":19854002},"geometry":{"type":"LineString","coordinates":[[-6.00276,37.39324],[-6.00276,37.39335],[-6.00277,37.3934],[-6.00278,37.39351],[-6.0029,37.39456],[-6.0029,37.3946],[-6.00291,37.39475]]}},{"type":"Feature","properties":{"name":"Calle Leonor Dávalos","kind":"road","road":"pedestrian","osm":19909757},"geometry":{"type":"LineString","coordinates":[[-5.99439,37.39892],[-5.99441,37.39856],[-5.99443,37.39807]]}},{"type":"Feature","properties":{"name":"Calle Urraca Osorio","kind":"road","road":"pedestrian","osm":19909758},"geometry":{"type":"LineString","coordinates":[[-5.99441,37.39856],[-5.99426,37.39854],[-5.9941,37.39852],[-5.99406,37.39852]]}},{"type":"Feature","properties":{"name":"Calle de Juan de Oviedo","kind":"road","road":"pedestrian","osm":19909767},"geometry":{"type":"LineString","coordinates":[[-5.99484,37.40005],[-5.9944,37.39995],[-5.99437,37.39995],[-5.99435,37.39995],[-5.99406,37.3999],[-5.99388,37.39987],[-5.99383,37.39986]]}},{"type":"Feature","properties":{"name":"Calle Niño Perdido","kind":"road","road":"pedestrian","osm":19909780},"geometry":{"type":"LineString","coordinates":[[-5.99359,37.39795],[-5.99349,37.39794],[-5.99304,37.39795],[-5.99303,37.39795]]}},{"type":"Feature","properties":{"name":"Pasaje de González de Quijano","kind":"road","road":"pedestrian","osm":19909799},"geometry":{"type":"LineString","coordinates":[[-5.99264,37.3996],[-5.99263,37.39963],[-5.99243,37.40025],[-5.99242,37.40028]]}},{"type":"Feature","properties":{"name":"Plaza Calderón de la Barca","kind":"road","road":"pedestrian","osm":19909801},"geometry":{"type":"LineString","coordinates":[[-5.99171,37.39962],[-5.9914,37.39963],[-5.99097,37.39965],[-5.99089,37.39965]]}},{"type":"Feature","properties":{"name":"Plaza Calderón de la Barca","kind":"road","road":"pedestrian","osm":19909804},"geometry":{"type":"LineString","coordinates":[[-5.9914,37.39963],[-5.99137,37.39934]]}},{"type":"Feature","properties":{"name":"Calle Clavellinas","kind":"road","road":"pedestrian","osm":20103161},"geometry":{"type":"LineString","coordinates":[[-5.98906,37.3973],[-5.98935,37.39726],[-5.9894,37.39727],[-5.9897,37.39725],[-5.99012,37.39726],[-5.99014,37.39726]]}},{"type":"Feature","properties":{"name":"Calle Duque Cornejo","kind":"road","road":"pedestrian","osm":21766556},"geometry":{"type":"LineString","coordinates":[[-5.98801,37.39834],[-5.98764,37.39839],[-5.98731,37.39831]]}},{"type":"Feature","properties":{"name":"Calle Arrayán","kind":"road","road":"pedestrian","osm":21766612},"geometry":{"type":"LineString","coordinates":[[-5.99096,37.39925],[-5.99054,37.39928],[-5.98995,37.39929]]}},{"type":"Feature","properties":{"name":"Pasaje de Valvanera","kind":"road","road":"pedestrian","osm":21766629},"geometry":{"type":"LineString","coordinates":[[-5.98921,37.40051],[-5.98921,37.40049],[-5.98921,37.40048],[-5.98917,37.39993],[-5.98907,37.39994]]}},{"type":"Feature","properties":{"name":"Calle Virgen del Carmen Dolorosa","kind":"road","road":"pedestrian","osm":21766631},"geometry":{"type":"LineString","coordinates":[[-5.98948,37.40051],[-5.98948,37.40049],[-5.98948,37.40048],[-5.98945,37.39992],[-5.98948,37.39991]]}},{"type":"Feature","properties":{"name":"Calle San Luis","kind":"road","road":"pedestrian","osm":21834950},"geometry":{"type":"LineString","coordinates":[[-5.98914,37.40266],[-5.98918,37.40268],[-5.98922,37.40274]]}},{"type":"Feature","properties":{"name":"","kind":"road","road":"pedestrian","osm":21834958},"geometry":{"type":"LineString","coordinates":[[-5.98767,37.40158],[-5.98773,37.40159],[-5.98823,37.4017],[-5.98828,37.40172]]}},{"type":"Feature","properties":{"name":"Callejón Flecha","kind":"road","road":"pedestrian","osm":21834977},"geometry":{"type":"LineString","coordinates":[[-5.98841,37.40199],[-5.98832,37.40223],[-5.98829,37.40231],[-5.98824,37.40242]]}},{"type":"Feature","properties":{"name":"","kind":"road","road":"pedestrian","osm":21834981},"geometry":{"type":"LineString","coordinates":[[-5.98914,37.4023],[-5.9891,37.4023],[-5.98892,37.4023],[-5.98829,37.40231]]}},{"type":"Feature","properties":{"name":"Calle Reposo","kind":"road","road":"pedestrian","osm":21835008},"geometry":{"type":"LineString","coordinates":[[-5.99474,37.40262],[-5.99475,37.40261],[-5.99478,37.40257],[-5.99525,37.40197],[-5.99528,37.40192]]}},{"type":"Feature","properties":{"name":"Plaza Alcaldesa Soledad Becerril","kind":"road","road":"tertiary","osm":22295867},"geometry":{"type":"LineString","coordinates":[[-5.98766,37.38261],[-5.9876,37.38258],[-5.98757,37.38257],[-5.98747,37.38254],[-5.98711,37.38244],[-5.9869,37.38252]]}},{"type":"Feature","properties":{"name":"Plaza Alcaldesa Soledad Becerril","kind":"road","road":"tertiary","osm":22295868},"geometry":{"type":"LineString","coordinates":[[-5.9869,37.38252],[-5.98688,37.38259],[-5.98688,37.38263]]}},{"type":"Feature","properties":{"name":"Avenida de Cádiz","kind":"road","road":"tertiary","osm":22295874},"geometry":{"type":"LineString","coordinates":[[-5.98492,37.3829],[-5.98517,37.38287],[-5.98673,37.38268],[-5.98688,37.38263]]}},{"type":"Feature","properties":{"name":"Plaza Bomberos del Toro y Rivero","kind":"road","road":"tertiary","osm":22295875},"geometry":{"type":"LineString","coordinates":[[-5.98395,37.38353],[-5.98426,37.38349],[-5.98454,37.38345],[-5.9846,37.38341],[-5.98465,37.38337],[-5.98474,37.38327],[-5.98485,37.38309],[-5.98487,37.38304],[-5.98492,37.3829],[-5.98485,37.38278],[-5.9848,37.38271],[-5.98461,37.38253],[-5.98448,37.38248],[-5.98444,37.38247],[-5.98437,37.38246],[-5.98434,37.38246],[-5.98376,37.38251]]}},{"type":"Feature","properties":{"name":"Calle Demetrio de los Ríos","kind":"road","road":"primary","osm":22742149},"geometry":{"type":"LineString","coordinates":[[-5.98575,37.38551],[-5.98591,37.38557],[-5.98608,37.38564]]}},{"type":"Feature","properties":{"name":"Calle Arjona","kind":"road","road":"primary","osm":22742198},"geometry":{"type":"LineString","coordinates":[[-6.00302,37.39083],[-6.00295,37.39067]]}},{"type":"Feature","properties":{"name":"Calle Joaquín Romero Murube","kind":"road","road":"pedestrian","osm":22743742},"geometry":{"type":"LineString","coordinates":[[-5.99175,37.38514],[-5.99146,37.3853],[-5.99142,37.38533],[-5.99128,37.38541]]}},{"type":"Feature","properties":{"name":"Calle Mateos Gago","kind":"road","road":"pedestrian","osm":22743745},"geometry":{"type":"LineString","coordinates":[[-5.99174,37.38609],[-5.99132,37.38609],[-5.99091,37.38609],[-5.99086,37.3861],[-5.99044,37.38618],[-5.99019,37.38625],[-5.98966,37.38683]]}},{"type":"Feature","properties":{"name":"Calle Tetuán","kind":"road","road":"pedestrian","osm":22743764},"geometry":{"type":"LineString","coordinates":[[-5.99496,37.38904],[-5.99496,37.38908],[-5.99501,37.38947],[-5.99508,37.38991],[-5.99512,37.39008],[-5.99517,37.39024],[-5.99527,37.39062],[-5.99529,37.39067],[-5.9954,37.39105]]}},{"type":"Feature","properties":{"name":"Calle La Rábida","kind":"road","road":"primary","osm":22744074},"geometry":{"type":"LineString","coordinates":[[-5.99275,37.37781],[-5.99273,37.37786],[-5.99247,37.37853],[-5.99194,37.3798],[-5.99189,37.37992]]}},{"type":"Feature","properties":{"name":"","kind":"road","road":"primary","osm":22744081},"geometry":{"type":"LineString","coordinates":[[-5.99274,37.37755],[-5.99277,37.37771],[-5.99275,37.37781]]}},{"type":"Feature","properties":{"name":"Glorieta Doña María de las Mercedes de Borbón y Orleans","kind":"road","road":"primary","osm":22744108},"geometry":{"type":"LineString","coordinates":[[-5.98308,37.37951],[-5.98301,37.3795],[-5.98294,37.37951],[-5.98287,37.37953]]}},{"type":"Feature","properties":{"name":"Avenida Ramón y Cajal","kind":"road","road":"primary","osm":22744123},"geometry":{"type":"LineString","coordinates":[[-5.97614,37.37753],[-5.97698,37.37788],[-5.9771,37.37793],[-5.97715,37.37795],[-5.97717,37.37796],[-5.97721,37.37798],[-5.97744,37.3781]]}},{"type":"Feature","properties":{"name":"Calle Rubén Darío","kind":"road","road":"primary","osm":22744726},"geometry":{"type":"LineString","coordinates":[[-6.00922,37.37433],[-6.00933,37.37442],[-6.00941,37.37452],[-6.00943,37.37454],[-6.00966,37.37486],[-6.00998,37.37522],[-6.01017,37.37539],[-6.01034,37.37551],[-6.01076,37.37574],[-6.01138,37.37598],[-6.01163,37.37608]]}},{"type":"Feature","properties":{"name":"Jardines de Murillo","kind":"park","road":"","osm":22747191},"geometry":{"type":"Polygon","coordinates":[[[-5.98916,37.3819],[-5.98796,37.38399],[-5.98794,37.38402],[-5.98801,37.38408],[-5.98874,37.38475],[-5.98875,37.38475],[-5.98868,37.38478],[-5.98862,37.3848],[-5.98863,37.38482],[-5.98849,37.38486],[-5.98832,37.38489],[-5.98829,37.3849],[-5.98828,37.38487],[-5.98823,37.38489],[-5.98825,37.38492],[-5.98814,37.38497],[-5.98808,37.385],[-5.98782,37.38515],[-5.98779,37.38512],[-5.98775,37.38514],[-5.98778,37.38517],[-5.98773,37.3852],[-5.98762,37.38527],[-5.98758,37.38529],[-5.98747,37.38537],[-5.98739,37.38542],[-5.98714,37.38533],[-5.9869,37.38525],[-5.98667,37.38517],[-5.98667,37.38515],[-5.98705,37.38449],[-5.98712,37.38437],[-5.98713,37.38436],[-5.98714,37.38434],[-5.98715,37.38432],[-5.98716,37.38431],[-5.98769,37.38338],[-5.9882,37.38249],[-5.98865,37.38171],[-5.98887,37.38179],[-5.98916,37.3819]]]}},{"type":"Feature","properties":{"name":"Patio de Banderas","kind":"road","road":"pedestrian","osm":22747262},"geometry":{"type":"LineString","coordinates":[[-5.99178,37.385],[-5.99173,37.38503],[-5.99137,37.38523],[-5.99125,37.38511],[-5.99118,37.38503],[-5.9911,37.38495],[-5.99103,37.38487],[-5.99095,37.38479],[-5.99087,37.38467],[-5.99088,37.38466],[-5.99117,37.38453],[-5.99121,37.38451],[-5.99122,37.38451],[-5.99125,37.3845],[-5.99127,37.38449],[-5.99127,37.38448],[-5.99131,37.38446],[-5.99139,37.3844],[-5.99142,37.38444],[-5.99144,37.38446],[-5.99132,37.38453],[-5.99142,37.38463],[-5.99153,37.38474],[-5.99169,37.38491],[-5.99178,37.385]]}},{"type":"Feature","properties":{"name":"Jardines del Guadalquivir","kind":"park","road":"","osm":22747531},"geometry":{"type":"Polygon","coordinates":[[[-6.00399,37.39836],[-6.00409,37.39838],[-6.00433,37.39852],[-6.00437,37.39855],[-6.00422,37.3987],[-6.00391,37.3989],[-6.00378,37.39896],[-6.00367,37.3991],[-6.00404,37.39931],[-6.00405,37.39937],[-6.00374,37.39932],[-6.00349,37.39932],[-6.00339,37.39937],[-6.00315,37.39991],[-6.00278,37.40048],[-6.00262,37.40065],[-6.00251,37.40102],[-6.00289,37.40109],[-6.00193,37.40494],[-6.00104,37.4048],[-5.99893,37.40445],[-5.99868,37.40448],[-5.99861,37.40444],[-5.9985,37.40436],[-5.99951,37.40334],[-6.00036,37.40252],[-6.00075,37.4021],[-6.00108,37.40178],[-6.00162,37.40118],[-6.002,37.40075],[-6.00279,37.39962],[-6.00326,37.39908],[-6.00345,37.39881],[-6.00366,37.39854],[-6.00381,37.39845],[-6.00399,37.39836]]]}},{"type":"Feature","properties":{"name":"Paseo de las Delicias","kind":"road","road":"primary","osm":23074686},"geometry":{"type":"LineString","coordinates":[[-5.99205,37.37628],[-5.99192,37.37599],[-5.99191,37.37596],[-5.99189,37.37592],[-5.99177,37.3757]]}},{"type":"Feature","properties":{"name":"Avenida Juan Pablo II","kind":"road","road":"primary","osm":23126527},"geometry":{"type":"LineString","coordinates":[[-6.01278,37.37],[-6.01261,37.36999],[-6.01198,37.36991],[-6.01065,37.36972],[-6.01058,37.36971],[-6.00474,37.36884],[-6.00466,37.36883],[-6.00465,37.36883],[-6.0046,37.36882],[-6.00435,37.36878]]}},{"type":"Feature","properties":{"name":"Avenida Blas Infante","kind":"road","road":"primary","osm":23126688},"geometry":{"type":"LineString","coordinates":[[-6.00946,37.37414],[-6.00948,37.37412],[-6.00964,37.37399],[-6.00976,37.37392],[-6.00979,37.37391],[-6.00993,37.37384],[-6.01163,37.37296],[-6.01226,37.37269],[-6.01277,37.37253],[-6.01314,37.37245]]}},{"type":"Feature","properties":{"name":"Avenida Blas Infante","kind":"road","road":"primary","osm":23126743},"geometry":{"type":"LineString","coordinates":[[-6.01309,37.37237],[-6.01274,37.37244],[-6.01218,37.37262],[-6.01157,37.37287],[-6.00978,37.3738],[-6.00973,37.37383],[-6.0096,37.37389],[-6.00931,37.37396]]}},{"type":"Feature","properties":{"name":"Calle La Florida","kind":"road","road":"primary","osm":23646760},"geometry":{"type":"LineString","coordinates":[[-5.98463,37.38799],[-5.98413,37.38829],[-5.98387,37.38846],[-5.98376,37.38853],[-5.98372,37.38855],[-5.98367,37.38858]]}},{"type":"Feature","properties":{"name":"Calle Luis Montoto","kind":"road","road":"secondary","osm":23646765},"geometry":{"type":"LineString","coordinates":[[-5.98204,37.38797],[-5.98227,37.38817],[-5.98238,37.38823]]}},{"type":"Feature","properties":{"name":"Calle Santa Juana Jugan","kind":"road","road":"secondary","osm":23646768},"geometry":{"type":"LineString","coordinates":[[-5.97828,37.39156],[-5.97822,37.3913],[-5.97803,37.39053],[-5.97799,37.39041],[-5.97796,37.39031],[-5.9778,37.38966],[-5.97779,37.38962],[-5.97758,37.38876],[-5.97751,37.38848]]}},{"type":"Feature","properties":{"name":"Plaza de Cuba","kind":"road","road":"primary","osm":24297096},"geometry":{"type":"LineString","coordinates":[[-5.99747,37.38012],[-5.9975,37.38017],[-5.99754,37.38021],[-5.99759,37.38024],[-5.99764,37.38026],[-5.9977,37.38027],[-5.99777,37.38028],[-5.99783,37.38027],[-5.99789,37.38025],[-5.99795,37.38023],[-5.99799,37.38019],[-5.99803,37.38015],[-5.99805,37.38009],[-5.99807,37.38004],[-5.99806,37.37998],[-5.99803,37.37992],[-5.99798,37.37986],[-5.99791,37.37982],[-5.99783,37.37979],[-5.99775,37.37979],[-5.99767,37.3798],[-5.99761,37.37982],[-5.99755,37.37985],[-5.9975,37.3799],[-5.99746,37.37995],[-5.99745,37.38001],[-5.99745,37.38007],[-5.99747,37.38012]]}},{"type":"Feature","properties":{"name":"Avenida República Argentina","kind":"road","road":"primary","osm":24297098},"geometry":{"type":"LineString","coordinates":[[-5.9982,37.37982],[-5.99822,37.37981],[-5.99828,37.37978],[-5.9985,37.37967],[-5.99884,37.3795]]}},{"type":"Feature","properties":{"name":"Calle Asunción","kind":"road","road":"pedestrian","osm":24297105},"geometry":{"type":"LineString","coordinates":[[-5.99775,37.37979],[-5.99774,37.37959],[-5.99774,37.37957],[-5.99774,37.37953],[-5.99773,37.37931],[-5.9977,37.37882],[-5.99763,37.37761],[-5.99759,37.37677],[-5.99755,37.37571],[-5.99753,37.37485]]}},{"type":"Feature","properties":{"name":"","kind":"road","road":"primary","osm":24297107},"geometry":{"type":"LineString","coordinates":[[-6.0036,37.37129],[-6.00356,37.37132],[-6.00353,37.37135],[-6.0035,37.37139],[-6.00349,37.37143],[-6.00348,37.37147],[-6.00347,37.3715],[-6.00348,37.37155],[-6.00349,37.37159],[-6.00352,37.37163],[-6.00355,37.37167],[-6.00357,37.37169],[-6.00361,37.37171],[-6.00366,37.37174],[-6.00372,37.37176],[-6.00379,37.37177],[-6.00385,37.37177],[-6.00391,37.37176],[-6.00396,37.37174],[-6.004,37.37172],[-6.00404,37.3717],[-6.00408,37.37167],[-6.0041,37.37164],[-6.00413,37.3716]]}},{"type":"Feature","properties":{"name":"Plaza de Doña Teresa Enríquez","kind":"road","road":"pedestrian","osm":26707205},"geometry":{"type":"LineString","coordinates":[[-5.99946,37.39464],[-5.99947,37.39455],[-5.99934,37.39454],[-5.99934,37.3945],[-5.99898,37.39449],[-5.99892,37.39449],[-5.9989,37.39462],[-5.99901,37.39463],[-5.99907,37.39463],[-5.99919,37.39462],[-5.99936,37.39463],[-5.99946,37.39464]]}},{"type":"Feature","properties":{"name":"Plaza del Museo","kind":"road","road":"pedestrian","osm":26707232},"geometry":{"type":"LineString","coordinates":[[-5.99952,37.39217],[-5.99952,37.39218],[-5.99963,37.39263],[-5.99974,37.39305],[-5.99973,37.39309],[-5.99973,37.3931]]}},{"type":"Feature","properties":{"name":"Puente de los Remedios","kind":"road","road":"primary","osm":26832317},"geometry":{"type":"LineString","coordinates":[[-5.99374,37.37489],[-5.99195,37.3753],[-5.99193,37.3753]]}},{"type":"Feature","properties":{"name":"Puente de los Remedios","kind":"road","road":"primary","osm":26832342},"geometry":{"type":"LineString","coordinates":[[-5.99198,37.3754],[-5.99209,37.37537],[-5.99235,37.37531]]}},{"type":"Feature","properties":{"name":"Puente de los Remedios","kind":"road","road":"primary","osm":26832343},"geometry":{"type":"LineString","coordinates":[[-5.99193,37.3753],[-5.9919,37.37531],[-5.99176,37.37533]]}},{"type":"Feature","properties":{"name":"Puente de los Remedeos","kind":"road","road":"primary","osm":26832353},"geometry":{"type":"LineString","coordinates":[[-5.99184,37.37548],[-5.99189,37.37544],[-5.99194,37.37542],[-5.99197,37.3754],[-5.99198,37.3754]]}},{"type":"Feature","properties":{"name":"Avenida de la Buhaira","kind":"road","road":"secondary","osm":27150556},"geometry":{"type":"LineString","coordinates":[[-5.97751,37.38848],[-5.97765,37.38831],[-5.97804,37.38744],[-5.97807,37.38737],[-5.97815,37.38718]]}},{"type":"Feature","properties":{"name":"Calle Arjona","kind":"road","road":"primary","osm":27551753},"geometry":{"type":"LineString","coordinates":[[-6.0024,37.38933],[-6.00273,37.39048]]}},{"type":"Feature","properties":{"name":"Calle General Polavieja","kind":"road","road":"pedestrian","osm":27663059},"geometry":{"type":"LineString","coordinates":[[-5.99441,37.38909],[-5.99442,37.38913],[-5.99456,37.38946],[-5.99458,37.3895],[-5.99461,37.38964],[-5.99466,37.38977],[-5.99472,37.38998]]}},{"type":"Feature","properties":{"name":"Puente de San Telmo","kind":"road","road":"primary","osm":27757019},"geometry":{"type":"LineString","coordinates":[[-5.9952,37.38135],[-5.99538,37.38126],[-5.99541,37.38124],[-5.99544,37.38123],[-5.99545,37.38122],[-5.99552,37.38119]]}},{"type":"Feature","properties":{"name":"Puente de San Telmo","kind":"road","road":"primary","osm":27757020},"geometry":{"type":"LineString","coordinates":[[-5.99747,37.38012],[-5.99733,37.38025],[-5.99731,37.38026]]}},{"type":"Feature","properties":{"name":"Calle Jesús del Gran Poder","kind":"road","road":"pedestrian","osm":27757958},"geometry":{"type":"LineString","coordinates":[[-5.99414,37.40132],[-5.99425,37.40068]]}},{"type":"Feature","properties":{"name":"Calle Atienza","kind":"road","road":"pedestrian","osm":27758837},"geometry":{"type":"LineString","coordinates":[[-5.99375,37.3944],[-5.99338,37.39441],[-5.99323,37.39447],[-5.99314,37.39448],[-5.99298,37.3945],[-5.99286,37.39454],[-5.9926,37.39458],[-5.99255,37.39458]]}},{"type":"Feature","properties":{"name":"Calle San Juan Bosco","kind":"road","road":"tertiary","osm":27879699},"geometry":{"type":"LineString","coordinates":[[-5.97606,37.39353],[-5.97614,37.39361],[-5.97673,37.39448],[-5.9768,37.39459],[-5.97687,37.39468],[-5.97729,37.39528],[-5.97731,37.39531],[-5.97747,37.39554]]}},{"type":"Feature","properties":{"name":"Calle Almadén de la Plata","kind":"road","road":"secondary","osm":27879702},"geometry":{"type":"LineString","coordinates":[[-5.97928,37.40092],[-5.97846,37.40044],[-5.97763,37.39993],[-5.97759,37.39991],[-5.97747,37.39983]]}},{"type":"Feature","properties":{"name":"Calle Francisco de Ariño","kind":"road","road":"secondary","osm":27879720},"geometry":{"type":"LineString","coordinates":[[-5.97747,37.39983],[-5.97737,37.39971],[-5.97728,37.39959],[-5.97704,37.39926],[-5.97696,37.39915],[-5.97676,37.39887],[-5.97655,37.39858],[-5.9765,37.39852],[-5.97647,37.39848],[-5.97618,37.39809],[-5.97598,37.39781],[-5.97591,37.39771]]}},{"type":"Feature","properties":{"name":"Calle Santa María del Robledo","kind":"road","road":"pedestrian","osm":27879801},"geometry":{"type":"LineString","coordinates":[[-5.977,37.402],[-5.97694,37.40206],[-5.9769,37.40211],[-5.97659,37.40245],[-5.97653,37.40251],[-5.97651,37.40253],[-5.97647,37.40258],[-5.97635,37.40271],[-5.97627,37.4028],[-5.9762,37.40287]]}},{"type":"Feature","properties":{"name":"Calle Manuel Carretero","kind":"road","road":"pedestrian","osm":28050374},"geometry":{"type":"LineString","coordinates":[[-5.97817,37.40208],[-5.97809,37.40202],[-5.97746,37.40164]]}},{"type":"Feature","properties":{"name":"Plaza Párroco Don Manuel Camacho","kind":"park","road":"","osm":28050574},"geometry":{"type":"Polygon","coordinates":[[[-5.97869,37.40145],[-5.9784,37.40176],[-5.97802,37.40152],[-5.97832,37.40123],[-5.97869,37.40145]]]}},{"type":"Feature","properties":{"name":"Glorieta Rafael Torres","kind":"road","road":"secondary","osm":28089431},"geometry":{"type":"LineString","coordinates":[[-5.9818,37.39338],[-5.98177,37.39348],[-5.98177,37.39351],[-5.98177,37.39352],[-5.98181,37.39374],[-5.98184,37.39399]]}},{"type":"Feature","properties":{"name":"Parque Agumore","kind":"park","road":"","osm":28089481},"geometry":{"type":"Polygon","coordinates":[[[-5.9778,37.3936],[-5.97681,37.39442],[-5.9762,37.39356],[-5.97649,37.39334],[-5.97676,37.39312],[-5.9778,37.3936]]]}},{"type":"Feature","properties":{"name":"Calle Dónoso Cortés","kind":"road","road":"pedestrian","osm":28111438},"geometry":{"type":"LineString","coordinates":[[-5.99742,37.38569],[-5.9974,37.38566],[-5.99718,37.38545]]}},{"type":"Feature","properties":{"name":"Calle General Castaño","kind":"road","road":"pedestrian","osm":28111455},"geometry":{"type":"LineString","coordinates":[[-5.99736,37.38501],[-5.99707,37.3847]]}},{"type":"Feature","properties":{"name":"Calle Don Pelayo","kind":"road","road":"pedestrian","osm":28111865},"geometry":{"type":"LineString","coordinates":[[-5.99607,37.3853],[-5.9958,37.38498]]}},{"type":"Feature","properties":{"name":"Calle Francisco López Borda","kind":"road","road":"pedestrian","osm":28111941},"geometry":{"type":"LineString","coordinates":[[-5.99587,37.38563],[-5.9957,37.38577],[-5.99561,37.38584]]}},{"type":"Feature","properties":{"name":"","kind":"road","road":"pedestrian","osm":28111968},"geometry":{"type":"LineString","coordinates":[[-5.99604,37.38546],[-5.99595,37.38539]]}},{"type":"Feature","properties":{"name":"Pasaje de la Habana","kind":"road","road":"pedestrian","osm":28112085},"geometry":{"type":"LineString","coordinates":[[-5.9943,37.38364],[-5.99428,37.38354]]}},{"type":"Feature","properties":{"name":"Calle Miguel de Mañara","kind":"road","road":"pedestrian","osm":28112183},"geometry":{"type":"LineString","coordinates":[[-5.99268,37.38409],[-5.99326,37.38385]]}},{"type":"Feature","properties":{"name":"Plaza de la Alianza","kind":"road","road":"pedestrian","osm":28112420},"geometry":{"type":"LineString","coordinates":[[-5.99125,37.38574],[-5.9911,37.38551]]}},{"type":"Feature","properties":{"name":"Calle Rodrigo Caro","kind":"road","road":"pedestrian","osm":28112578},"geometry":{"type":"LineString","coordinates":[[-5.99107,37.38525],[-5.99098,37.3851],[-5.99093,37.38508],[-5.99084,37.38511],[-5.99079,37.38511],[-5.99071,37.38497],[-5.99068,37.38495]]}},{"type":"Feature","properties":{"name":"Calle de la Vida","kind":"road","road":"pedestrian","osm":28112592},"geometry":{"type":"LineString","coordinates":[[-5.99057,37.38468],[-5.99058,37.38465],[-5.99049,37.38446],[-5.99042,37.38433],[-5.99039,37.3843],[-5.99028,37.3842],[-5.9902,37.38425],[-5.99015,37.38418]]}},{"type":"Feature","properties":{"name":"Calle Susona","kind":"road","road":"pedestrian","osm":28112625},"geometry":{"type":"LineString","coordinates":[[-5.99047,37.38473],[-5.99046,37.3847],[-5.99034,37.38452],[-5.99026,37.38442],[-5.99022,37.38443],[-5.99015,37.38439]]}},{"type":"Feature","properties":{"name":"Calle Gloria","kind":"road","road":"pedestrian","osm":28112665},"geometry":{"type":"LineString","coordinates":[[-5.98995,37.38498],[-5.99017,37.38488],[-5.9902,37.38485],[-5.99032,37.38479],[-5.99035,37.38479]]}},{"type":"Feature","properties":{"name":"Calle Lope de Rueda","kind":"road","road":"pedestrian","osm":28112713},"geometry":{"type":"LineString","coordinates":[[-5.98924,37.38595],[-5.98951,37.38575],[-5.98939,37.38559],[-5.98926,37.38545],[-5.98916,37.38528],[-5.9891,37.38516],[-5.98905,37.38516],[-5.98888,37.38492]]}},{"type":"Feature","properties":{"name":"Calle Antonio el Bailarín","kind":"road","road":"pedestrian","osm":28112752},"geometry":{"type":"LineString","coordinates":[[-5.98866,37.38476],[-5.9879,37.38403]]}},{"type":"Feature","properties":{"name":"Paseo de Catalina de Ribera","kind":"road","road":"pedestrian","osm":28113943},"geometry":{"type":"LineString","coordinates":[[-5.98935,37.38148],[-5.98921,37.38173],[-5.98912,37.38189],[-5.98792,37.38398],[-5.9879,37.38403],[-5.98765,37.38445],[-5.98763,37.38449],[-5.98761,37.38452],[-5.98747,37.3848],[-5.98732,37.38503],[-5.98719,37.38524],[-5.98714,37.38533],[-5.9871,37.3854]]}},{"type":"Feature","properties":{"name":"Plaza Alfaro","kind":"road","road":"pedestrian","osm":28113987},"geometry":{"type":"LineString","coordinates":[[-5.98863,37.38482],[-5.98862,37.3848],[-5.98868,37.38478],[-5.98875,37.38475],[-5.98878,37.3848],[-5.9888,37.38481],[-5.98881,37.38482],[-5.98889,37.38491],[-5.98888,37.38492],[-5.98887,37.38492],[-5.98877,37.38497],[-5.98873,37.38498],[-5.98872,37.38497],[-5.98871,37.38496],[-5.98863,37.38482]]}},{"type":"Feature","properties":{"name":"","kind":"road","road":"pedestrian","osm":28114029},"geometry":{"type":"LineString","coordinates":[[-5.98887,37.38491],[-5.98872,37.38497],[-5.98849,37.38507]]}},{"type":"Feature","properties":{"name":"Calle Dean Miranda","kind":"road","road":"pedestrian","osm":28115188},"geometry":{"type":"LineString","coordinates":[[-5.99237,37.38366],[-5.99218,37.38342],[-5.99201,37.38322],[-5.992,37.38314]]}},{"type":"Feature","properties":{"name":"Plaza de Rull","kind":"road","road":"pedestrian","osm":28115200},"geometry":{"type":"LineString","coordinates":[[-5.99945,37.39506],[-5.99946,37.39502],[-5.99946,37.39497],[-5.99976,37.39498],[-5.99978,37.39498],[-5.99977,37.39505],[-5.99976,37.39506],[-5.99972,37.39505],[-5.99971,37.39508],[-5.9996,37.39507],[-5.99947,37.39506],[-5.99945,37.39506]]}},{"type":"Feature","properties":{"name":"Calle Mezquita","kind":"road","road":"pedestrian","osm":28115259},"geometry":{"type":"LineString","coordinates":[[-5.9883,37.38525],[-5.98823,37.38529],[-5.98816,37.38535],[-5.98804,37.38544],[-5.98789,37.38552],[-5.98783,37.38547],[-5.98779,37.38546]]}},{"type":"Feature","properties":{"name":"Calle Mariscal","kind":"road","road":"pedestrian","osm":28115303},"geometry":{"type":"LineString","coordinates":[[-5.98779,37.38591],[-5.98763,37.38578],[-5.98751,37.38566]]}},{"type":"Feature","properties":{"name":"Calle Cruces","kind":"road","road":"pedestrian","osm":28115304},"geometry":{"type":"LineString","coordinates":[[-5.98846,37.38643],[-5.9883,37.38626],[-5.98829,37.38627],[-5.98814,37.38611]]}},{"type":"Feature","properties":{"name":"Calle Rodrigo Caro","kind":"road","road":"pedestrian","osm":28115504},"geometry":{"type":"LineString","coordinates":[[-5.99093,37.3854],[-5.99079,37.38553],[-5.9907,37.38568]]}},{"type":"Feature","properties":{"name":"Calle Consuelo","kind":"road","road":"pedestrian","osm":28115543},"geometry":{"type":"LineString","coordinates":[[-5.9906,37.38563],[-5.99054,37.38551],[-5.99046,37.38551],[-5.99044,37.38543]]}},{"type":"Feature","properties":{"name":"","kind":"road","road":"pedestrian","osm":28115578},"geometry":{"type":"LineString","coordinates":[[-5.98825,37.38658],[-5.9882,37.38661],[-5.98821,37.38661],[-5.98798,37.38674],[-5.98792,37.38678],[-5.98788,37.3868],[-5.98784,37.38682],[-5.98768,37.38666],[-5.98767,37.38666],[-5.98767,37.38665],[-5.98745,37.38649],[-5.9874,37.38645],[-5.98737,37.38643],[-5.9874,37.3864],[-5.98743,37.38638],[-5.98747,37.38635],[-5.98754,37.38629],[-5.98759,37.38633],[-5.98769,37.38629],[-5.9877,37.3863],[-5.98779,37.38637],[-5.98774,37.38642],[-5.98772,37.38646],[-5.98768,37.3865],[-5.98779,37.38652],[-5.9878,37.38652],[-5.98788,37.38653],[-5.98798,37.38654],[-5.98801,37.38654],[-5.98821,37.38655],[-5.98823,37.38657],[-5.98825,37.38658]]}},{"type":"Feature","properties":{"name":"Calle Archeros","kind":"road","road":"pedestrian","osm":28115592},"geometry":{"type":"LineString","coordinates":[[-5.9873,37.38631],[-5.9869,37.38662],[-5.98668,37.38684],[-5.98655,37.38702]]}},{"type":"Feature","properties":{"name":"Calle Capataz Rafael Franco","kind":"road","road":"pedestrian","osm":28115630},"geometry":{"type":"LineString","coordinates":[[-5.99509,37.39274],[-5.99525,37.39301]]}},{"type":"Feature","properties":{"name":"Calle Francos","kind":"road","road":"pedestrian","osm":28116157},"geometry":{"type":"LineString","coordinates":[[-5.99274,37.38789],[-5.99278,37.38809],[-5.99278,37.38837],[-5.99276,37.38853],[-5.99274,37.3886],[-5.99264,37.38877]]}},{"type":"Feature","properties":{"name":"Calle Florentín","kind":"road","road":"pedestrian","osm":28116203},"geometry":{"type":"LineString","coordinates":[[-5.99365,37.38738],[-5.99345,37.3874],[-5.99344,37.3874]]}},{"type":"Feature","properties":{"name":"Calle Fernández Espino","kind":"road","road":"pedestrian","osm":28116714},"geometry":{"type":"LineString","coordinates":[[-5.99712,37.39005],[-5.99708,37.38995],[-5.99692,37.38983]]}},{"type":"Feature","properties":{"name":"Calle Ciriaco Esteban","kind":"road","road":"pedestrian","osm":28116741},"geometry":{"type":"LineString","coordinates":[[-5.99789,37.39046],[-5.99787,37.39042],[-5.99779,37.39033],[-5.99751,37.38993],[-5.99751,37.38992]]}},{"type":"Feature","properties":{"name":"Calle Jovellanos","kind":"road","road":"pedestrian","osm":28116755},"geometry":{"type":"LineString","coordinates":[[-5.99508,37.38991],[-5.99472,37.38998],[-5.99465,37.38998],[-5.99459,37.39001],[-5.99458,37.39004],[-5.99452,37.39006],[-5.99434,37.39009]]}},{"type":"Feature","properties":{"name":"Calle Monardes","kind":"road","road":"pedestrian","osm":28116797},"geometry":{"type":"LineString","coordinates":[[-5.99381,37.39012],[-5.99395,37.39037]]}},{"type":"Feature","properties":{"name":"Plaza de Jesus de la Pasión","kind":"road","road":"pedestrian","osm":28116818},"geometry":{"type":"LineString","coordinates":[[-5.99239,37.39038],[-5.99239,37.39036],[-5.99237,37.39026],[-5.99235,37.39013],[-5.99234,37.39009],[-5.99231,37.38978],[-5.99232,37.38977],[-5.99234,37.38974]]}},{"type":"Feature","properties":{"name":"Calle Faisanes","kind":"road","road":"pedestrian","osm":28116866},"geometry":{"type":"LineString","coordinates":[[-5.99348,37.38935],[-5.9935,37.38969]]}},{"type":"Feature","properties":{"name":"Calle Duende","kind":"road","road":"pedestrian","osm":28117402},"geometry":{"type":"LineString","coordinates":[[-5.99497,37.38767],[-5.99542,37.38737]]}},{"type":"Feature","properties":{"name":"Puente de Isabel II","kind":"road","road":"tertiary","osm":28117654},"geometry":{"type":"LineString","coordinates":[[-6.00293,37.38573],[-6.00185,37.38693]]}},{"type":"Feature","properties":{"name":"","kind":"road","road":"tertiary","osm":28117656},"geometry":{"type":"LineString","coordinates":[[-6.00185,37.38693],[-6.00163,37.38718],[-6.00161,37.3872],[-6.00159,37.38722],[-6.00156,37.38725],[-6.00145,37.38738]]}},{"type":"Feature","properties":{"name":"Calle Amargura","kind":"road","road":"pedestrian","osm":28117784},"geometry":{"type":"LineString","coordinates":[[-5.99089,37.39965],[-5.99083,37.39987],[-5.99077,37.40002],[-5.99073,37.40009],[-5.99055,37.40032],[-5.99053,37.40034]]}},{"type":"Feature","properties":{"name":"Calle Pedro Miguel","kind":"road","road":"pedestrian","osm":28126959},"geometry":{"type":"LineString","coordinates":[[-5.99043,37.39852],[-5.99025,37.3978],[-5.9902,37.39762],[-5.99014,37.39726],[-5.99019,37.39725],[-5.9902,37.39675]]}},{"type":"Feature","properties":{"name":"Calle Amapola","kind":"road","road":"pedestrian","osm":28126976},"geometry":{"type":"LineString","coordinates":[[-5.9897,37.39669],[-5.98972,37.39697]]}},{"type":"Feature","properties":{"name":"Calle Heliotropo","kind":"road","road":"pedestrian","osm":28127122},"geometry":{"type":"LineString","coordinates":[[-5.98848,37.39634],[-5.98853,37.39668],[-5.98869,37.39668]]}},{"type":"Feature","properties":{"name":"Calle Lucero","kind":"road","road":"pedestrian","osm":28127307},"geometry":{"type":"LineString","coordinates":[[-5.98943,37.39844],[-5.98945,37.39844],[-5.98976,37.39843]]}},{"type":"Feature","properties":{"name":"Pasaje Amores","kind":"road","road":"pedestrian","osm":28127643},"geometry":{"type":"LineString","coordinates":[[-5.9899,37.39989],[-5.99042,37.39987],[-5.99044,37.40005],[-5.99062,37.40006]]}},{"type":"Feature","properties":{"name":"Calle Teide","kind":"road","road":"pedestrian","osm":28127780},"geometry":{"type":"LineString","coordinates":[[-5.99136,37.40088],[-5.9914,37.40124]]}},{"type":"Feature","properties":{"name":"Plaza de San Lorenzo","kind":"road","road":"pedestrian","osm":28131109},"geometry":{"type":"LineString","coordinates":[[-5.99638,37.39691],[-5.99672,37.39696],[-5.99691,37.397],[-5.99696,37.39702],[-5.99697,37.39705],[-5.99693,37.39717],[-5.99689,37.39729],[-5.99687,37.3972],[-5.99637,37.39725],[-5.99634,37.39726],[-5.99635,37.3972],[-5.99635,37.39717],[-5.99636,37.39705],[-5.99638,37.39691]]}},{"type":"Feature","properties":{"name":"Calle Arias Montano","kind":"road","road":"pedestrian","osm":28188503},"geometry":{"type":"LineString","coordinates":[[-5.99439,37.39892],[-5.99416,37.39887],[-5.99405,37.39885],[-5.99401,37.39884]]}},{"type":"Feature","properties":{"name":"Calle María Auxiliadora","kind":"road","road":"primary","osm":28327507},"geometry":{"type":"LineString","coordinates":[[-5.98143,37.3974],[-5.98145,37.39731],[-5.98149,37.39723],[-5.98153,37.39716],[-5.98161,37.39704],[-5.98168,37.39694],[-5.9817,37.39691],[-5.98172,37.39689],[-5.9818,37.39678]]}},{"type":"Feature","properties":{"name":"Avenida Nuestra Señora de las Mercedes","kind":"road","road":"tertiary","osm":28327851},"geometry":{"type":"LineString","coordinates":[[-5.97847,37.37216],[-5.97827,37.37218],[-5.97817,37.37219],[-5.97794,37.37222],[-5.97772,37.37224],[-5.9774,37.37228],[-5.97709,37.37232],[-5.97691,37.37234]]}},{"type":"Feature","properties":{"name":"","kind":"road","road":"secondary","osm":28354664},"geometry":{"type":"LineString","coordinates":[[-5.98311,37.38048],[-5.98301,37.38028],[-5.98296,37.38014],[-5.98294,37.38]]}},{"type":"Feature","properties":{"name":"Paseo de las Delicias","kind":"road","road":"primary","osm":28354837},"geometry":{"type":"LineString","coordinates":[[-5.99082,37.37424],[-5.99077,37.37416],[-5.99039,37.37352],[-5.99031,37.3734]]}},{"type":"Feature","properties":{"name":"Paseo de las Delicias","kind":"road","road":"primary","osm":28354839},"geometry":{"type":"LineString","coordinates":[[-5.99082,37.37424],[-5.99113,37.37488],[-5.99114,37.3749],[-5.99115,37.37492],[-5.99133,37.37521]]}},{"type":"Feature","properties":{"name":"","kind":"park","road":"","osm":28370430},"geometry":{"type":"Polygon","coordinates":[[[-5.98769,37.40291],[-5.98805,37.40299],[-5.98842,37.40298],[-5.9888,37.40295],[-5.98909,37.40294],[-5.98917,37.40288],[-5.98918,37.40287],[-5.989,37.40287],[-5.989,37.40285],[-5.98873,37.40285],[-5.98852,37.40285],[-5.98847,37.4029],[-5.98839,37.4029],[-5.98834,37.40286],[-5.98808,37.40285],[-5.98781,37.4028],[-5.98778,37.4028],[-5.98771,37.40276],[-5.9877,37.40274],[-5.9877,37.4027],[-5.98757,37.40264],[-5.98751,37.40261],[-5.98742,37.40258],[-5.98736,37.4026],[-5.98728,37.40258],[-5.98725,37.40252],[-5.98705,37.40247],[-5.98694,37.40241],[-5.98688,37.4024],[-5.98682,37.40234],[-5.98684,37.40229],[-5.98671,37.40214],[-5.98661,37.40204],[-5.98655,37.40205],[-5.98647,37.40201],[-5.98646,37.40197],[-5.98629,37.4019],[-5.98625,37.40189],[-5.98622,37.40188],[-5.98605,37.40178],[-5.98599,37.40178],[-5.98594,37.40171],[-5.98597,37.40167],[-5.98591,37.40124],[-5.98586,37.40122],[-5.98584,37.40114],[-5.98588,37.4011],[-5.98582,37.40086],[-5.98543,37.401],[-5.98568,37.40143],[-5.98586,37.40175],[-5.98592,37.40184],[-5.986,37.40193],[-5.98737,37.40275],[-5.98752,37.40284],[-5.98769,37.40291]]]}},{"type":"Feature","properties":{"name":"Ronda de Capuchinos","kind":"road","road":"primary","osm":28370480},"geometry":{"type":"LineString","coordinates":[[-5.98467,37.40028],[-5.98459,37.4002],[-5.98455,37.40015],[-5.98444,37.40004],[-5.98426,37.39995],[-5.98412,37.39988]]}},{"type":"Feature","properties":{"name":"Calle María Auxiliadora","kind":"road","road":"primary","osm":28370590},"geometry":{"type":"LineString","coordinates":[[-5.98365,37.39422],[-5.98369,37.39415],[-5.98373,37.39406],[-5.98378,37.39391]]}},{"type":"Feature","properties":{"name":"Avenida de Menéndez Pelayo","kind":"road","road":"primary","osm":28370897},"geometry":{"type":"LineString","coordinates":[[-5.986,37.38578],[-5.98608,37.38564]]}},{"type":"Feature","properties":{"name":"Avenida de Las Razas","kind":"road","road":"secondary","osm":28372345},"geometry":{"type":"LineString","coordinates":[[-5.98936,37.36921],[-5.98937,37.36916],[-5.98937,37.36912],[-5.98937,37.36909],[-5.98939,37.36838]]}},{"type":"Feature","properties":{"name":"Calle Pascual Márquez","kind":"road","road":"pedestrian","osm":28372708},"geometry":{"type":"LineString","coordinates":[[-6.00404,37.3695],[-6.00393,37.36948],[-6.00384,37.36946],[-6.00261,37.36923],[-6.00175,37.36907],[-6.00117,37.36899],[-5.99973,37.36878],[-5.99815,37.36856],[-5.99743,37.36846],[-5.99734,37.36844]]}},{"type":"Feature","properties":{"name":"Calle Gitanito de Triana","kind":"road","road":"pedestrian","osm":28372717},"geometry":{"type":"LineString","coordinates":[[-5.99727,37.37052],[-5.9974,37.37054],[-5.99749,37.37055],[-5.99769,37.37058],[-5.99929,37.37081],[-6.00073,37.37101],[-6.00145,37.37112],[-6.00217,37.37122]]}},{"type":"Feature","properties":{"name":"Calle Joselito el Gallo","kind":"road","road":"pedestrian","osm":28372752},"geometry":{"type":"LineString","coordinates":[[-6.00385,37.37072],[-6.00375,37.37071],[-6.00365,37.37069],[-6.00233,37.3705],[-6.00088,37.3703],[-5.99944,37.37009],[-5.99785,37.36987],[-5.99744,37.36981],[-5.99737,37.3698]]}},{"type":"Feature","properties":{"name":"Calle Antonio Bienvenida","kind":"road","road":"secondary","osm":28372760},"geometry":{"type":"LineString","coordinates":[[-5.99744,37.37144],[-5.99744,37.37119]]}},{"type":"Feature","properties":{"name":"Calle Pepe Hillo","kind":"road","road":"pedestrian","osm":28372769},"geometry":{"type":"LineString","coordinates":[[-5.99815,37.36856],[-5.99805,37.36901],[-5.99801,37.36918],[-5.99785,37.36987],[-5.99769,37.37058]]}},{"type":"Feature","properties":{"name":"Calle Juan Belmonte","kind":"road","road":"pedestrian","osm":28372782},"geometry":{"type":"LineString","coordinates":[[-5.99734,37.36908],[-5.99741,37.36909],[-5.99801,37.36918],[-5.99959,37.3694],[-6.00104,37.36961],[-6.00248,37.36981],[-6.00376,37.36999],[-6.00385,37.37001],[-6.00396,37.37002]]}},{"type":"Feature","properties":{"name":"Calle Alfonso de Orleans y Borbón","kind":"road","road":"primary","osm":28372796},"geometry":{"type":"LineString","coordinates":[[-6.00388,37.36893],[-6.00394,37.36904],[-6.00395,37.36909],[-6.00397,37.36924],[-6.00393,37.36948],[-6.00385,37.37001],[-6.00375,37.37071],[-6.00369,37.37109],[-6.00368,37.37113],[-6.00366,37.37118],[-6.0036,37.37129]]}},{"type":"Feature","properties":{"name":"Calle Pepe Luis Vázquez","kind":"road","road":"pedestrian","osm":28372817},"geometry":{"type":"LineString","coordinates":[[-5.99987,37.36816],[-5.99973,37.36878],[-5.99963,37.36925],[-5.99959,37.3694],[-5.99944,37.37009],[-5.99929,37.37081],[-5.99918,37.3713],[-5.99916,37.37139]]}},{"type":"Feature","properties":{"name":"Calle Manuel Jiménez \"Chicuelo\"","kind":"road","road":"pedestrian","osm":28372820},"geometry":{"type":"LineString","coordinates":[[-6.00065,37.37135],[-6.00067,37.37128],[-6.00073,37.37101],[-6.00088,37.3703],[-6.00104,37.36961],[-6.00117,37.36899]]}},{"type":"Feature","properties":{"name":"Avenida Moliní","kind":"road","road":"secondary","osm":28382654},"geometry":{"type":"LineString","coordinates":[[-5.98922,37.36928],[-5.98906,37.3693],[-5.98874,37.36931],[-5.9886,37.36932]]}},{"type":"Feature","properties":{"name":"Avenida de la Guardia Civil","kind":"road","road":"secondary","osm":28382658},"geometry":{"type":"LineString","coordinates":[[-5.98736,37.36926],[-5.98712,37.36926],[-5.98699,37.36928],[-5.98588,37.36949],[-5.98584,37.3695],[-5.98581,37.36951],[-5.9858,37.36951],[-5.98554,37.36955]]}},{"type":"Feature","properties":{"name":"Calle Avión Cuatro Vientos","kind":"road","road":"primary","osm":28382898},"geometry":{"type":"LineString","coordinates":[[-5.97751,37.37797],[-5.97749,37.37794],[-5.97747,37.37791],[-5.97744,37.37784],[-5.97743,37.37781],[-5.97734,37.37756],[-5.97732,37.37751],[-5.9773,37.37748],[-5.97728,37.37745],[-5.97722,37.3774],[-5.97708,37.37728],[-5.97697,37.37719],[-5.97693,37.37715],[-5.97692,37.37713],[-5.97692,37.37711],[-5.97691,37.37708]]}},{"type":"Feature","properties":{"name":"Avenida Ramón Carande","kind":"road","road":"primary","osm":28383004},"geometry":{"type":"LineString","coordinates":[[-5.97847,37.37216],[-5.97845,37.372],[-5.97834,37.3714],[-5.97831,37.37125],[-5.97826,37.37094],[-5.97821,37.37067],[-5.97814,37.37031],[-5.97807,37.36991]]}},{"type":"Feature","properties":{"name":"Avenida Ramón Carande","kind":"road","road":"primary","osm":28383005},"geometry":{"type":"LineString","coordinates":[[-5.97794,37.36965],[-5.97798,37.36969],[-5.97807,37.36991]]}},{"type":"Feature","properties":{"name":"Avenida Ramón Carande","kind":"road","road":"primary","osm":28383006},"geometry":{"type":"LineString","coordinates":[[-5.97807,37.36991],[-5.97808,37.36973],[-5.97809,37.36963],[-5.97812,37.36954],[-5.97819,37.36942]]}},{"type":"Feature","properties":{"name":"Plaza Fernando de Herrera","kind":"road","road":"pedestrian","osm":28471976},"geometry":{"type":"LineString","coordinates":[[-5.99385,37.39371],[-5.99385,37.39372],[-5.99386,37.39374],[-5.9939,37.3938],[-5.99414,37.39417]]}},{"type":"Feature","properties":{"name":"","kind":"road","road":"primary","osm":28603449},"geometry":{"type":"LineString","coordinates":[[-6.00388,37.36893],[-6.00396,37.36898],[-6.00406,37.369],[-6.00415,37.36899],[-6.00424,37.36895]]}},{"type":"Feature","properties":{"name":"Avenida Alfredo Kraus","kind":"road","road":"primary","osm":28603608},"geometry":{"type":"LineString","coordinates":[[-6.00922,37.37394],[-6.00906,37.37379],[-6.00904,37.37377],[-6.00902,37.37374],[-6.00897,37.37369],[-6.00893,37.37365],[-6.00881,37.37352],[-6.00861,37.37329],[-6.00836,37.37299],[-6.00834,37.37296],[-6.00818,37.37277],[-6.0081,37.37269],[-6.0078,37.37228],[-6.00766,37.37215],[-6.0074,37.37201],[-6.00707,37.37191],[-6.0065,37.37182],[-6.00547,37.37168],[-6.00456,37.37154],[-6.0045,37.37154],[-6.00447,37.37153],[-6.00444,37.37153],[-6.00415,37.37149]]}},{"type":"Feature","properties":{"name":"Calle Ricardo Torres Bombita","kind":"road","road":"pedestrian","osm":28603617},"geometry":{"type":"LineString","coordinates":[[-6.00215,37.3713],[-6.00217,37.37122],[-6.00233,37.3705],[-6.00244,37.37001],[-6.00248,37.36981],[-6.00261,37.36923]]}},{"type":"Feature","properties":{"name":"Avenida Presidente Adolfo Suárez","kind":"road","road":"primary","osm":28603644},"geometry":{"type":"LineString","coordinates":[[-5.99744,37.37144],[-5.99731,37.37144]]}},{"type":"Feature","properties":{"name":"Calle Virgen de la Oliva","kind":"road","road":"primary","osm":28603713},"geometry":{"type":"LineString","coordinates":[[-6.00361,37.37171],[-6.00365,37.37186],[-6.00366,37.37205]]}},{"type":"Feature","properties":{"name":"Avenida Blas Infante","kind":"road","road":"primary","osm":28603869},"geometry":{"type":"LineString","coordinates":[[-6.00581,37.37599],[-6.00603,37.37581],[-6.00605,37.37579]]}},{"type":"Feature","properties":{"name":"","kind":"road","road":"primary","osm":28603886},"geometry":{"type":"LineString","coordinates":[[-6.00534,37.37604],[-6.00536,37.37609],[-6.0054,37.37614],[-6.00546,37.37617]]}},{"type":"Feature","properties":{"name":"Calle López de Gomara","kind":"road","road":"primary","osm":28603900},"geometry":{"type":"LineString","coordinates":[[-6.00907,37.38036],[-6.00905,37.38034],[-6.00903,37.38032],[-6.00892,37.38018],[-6.00872,37.37994],[-6.00843,37.37958],[-6.00838,37.37951],[-6.00809,37.37915],[-6.00796,37.37899],[-6.00793,37.37896],[-6.00785,37.37886]]}},{"type":"Feature","properties":{"name":"Glorieta Carlos Cano","kind":"road","road":"primary","osm":28604053},"geometry":{"type":"LineString","coordinates":[[-6.00915,37.37432],[-6.00922,37.37433],[-6.0093,37.37432],[-6.00937,37.37429],[-6.00942,37.37425],[-6.00946,37.37419],[-6.00946,37.37414]]}},{"type":"Feature","properties":{"name":"","kind":"road","road":"primary","osm":28604138},"geometry":{"type":"LineString","coordinates":[[-6.00878,37.37437],[-6.00915,37.37432]]}},{"type":"Feature","properties":{"name":"Avenida Presidente Adolfo Suárez","kind":"road","road":"primary","osm":28604148},"geometry":{"type":"LineString","coordinates":[[-5.99455,37.37452],[-5.99451,37.37449],[-5.99448,37.37447],[-5.99445,37.37443],[-5.99443,37.37438],[-5.99441,37.37433],[-5.9944,37.37426],[-5.9944,37.37423],[-5.99438,37.37414],[-5.99436,37.37371],[-5.99436,37.37337],[-5.99438,37.37316],[-5.99447,37.37285],[-5.99464,37.37256],[-5.99484,37.37233],[-5.99492,37.37225],[-5.99499,37.37219],[-5.99511,37.37208],[-5.99543,37.37188],[-5.99584,37.37172],[-5.9962,37.37161],[-5.99665,37.37158],[-5.99691,37.37157],[-5.99695,37.37157],[-5.99743,37.37155]]}},{"type":"Feature","properties":{"name":"Ronda de Triana","kind":"road","road":"primary","osm":28604213},"geometry":{"type":"LineString","coordinates":[[-6.00918,37.38114],[-6.00927,37.38126],[-6.00928,37.38128],[-6.0093,37.3813],[-6.00949,37.38155],[-6.0097,37.38177]]}},{"type":"Feature","properties":{"name":"Ronda de Triana","kind":"road","road":"primary","osm":28604269},"geometry":{"type":"LineString","coordinates":[[-6.01085,37.38328],[-6.0108,37.3832],[-6.01078,37.38317],[-6.01077,37.38315],[-6.01073,37.38309],[-6.01065,37.38299],[-6.0106,37.38293],[-6.01024,37.38246],[-6.0097,37.38177]]}},{"type":"Feature","properties":{"name":"Calle Inca Garcilaso","kind":"road","road":"tertiary","osm":28604334},"geometry":{"type":"LineString","coordinates":[[-6.00994,37.39561],[-6.01,37.3954],[-6.01,37.39538],[-6.01001,37.39535],[-6.01009,37.39507],[-6.01023,37.39454],[-6.01026,37.39441]]}},{"type":"Feature","properties":{"name":"Calle Génova","kind":"road","road":"secondary","osm":28604416},"geometry":{"type":"LineString","coordinates":[[-5.99803,37.38015],[-5.99812,37.38018],[-5.99825,37.38023],[-5.99827,37.38024],[-5.9983,37.38025],[-5.99849,37.38032],[-5.99859,37.38036]]}},{"type":"Feature","properties":{"name":"Calle Pagés del Corro","kind":"road","road":"secondary","osm":28604425},"geometry":{"type":"LineString","coordinates":[[-5.99983,37.3805],[-5.9999,37.38058],[-5.99994,37.38063],[-6.00027,37.38096],[-6.00054,37.38121],[-6.00073,37.38138],[-6.0012,37.38184],[-6.00145,37.38206],[-6.0015,37.38209],[-6.00184,37.38229],[-6.00213,37.38246],[-6.0027,37.38272],[-6.00319,37.38287],[-6.0034,37.38294],[-6.0042,37.38314],[-6.0045,37.38326],[-6.00461,37.38332],[-6.00465,37.38334],[-6.00505,37.38364],[-6.00508,37.38367],[-6.00511,37.38369]]}},{"type":"Feature","properties":{"name":"Parque de los Príncipes","kind":"park","road":"","osm":28604482},"geometry":{"type":"Polygon","coordinates":[[[-6.00849,37.37435],[-6.00816,37.37395],[-6.00813,37.37392],[-6.00813,37.37391],[-6.00811,37.37389],[-6.00809,37.37386],[-6.00805,37.37382],[-6.00803,37.37379],[-6.00762,37.3733],[-6.00759,37.37326],[-6.00756,37.37323],[-6.00714,37.37272],[-6.007,37.37263],[-6.00685,37.37258],[-6.00643,37.37252],[-6.00526,37.37234],[-6.00516,37.37233],[-6.00507,37.37232],[-6.00382,37.37213],[-6.00371,37.37252],[-6.00368,37.37295],[-6.00367,37.37296],[-6.00367,37.37299],[-6.00367,37.373],[-6.00372,37.373],[-6.00384,37.37304],[-6.00387,37.37313],[-6.00389,37.37313],[-6.00391,37.37313],[-6.00394,37.37314],[-6.00395,37.37315],[-6.00396,37.37316],[-6.00397,37.37317],[-6.00397,37.37319],[-6.00397,37.3732],[-6.00397,37.37322],[-6.00402,37.37338],[-6.00397,37.37339],[-6.00398,37.37342],[-6.00379,37.37348],[-6.00387,37.37361],[-6.0039,37.37363],[-6.00408,37.37371],[-6.00416,37.37378],[-6.00421,37.37383],[-6.00426,37.3739],[-6.0043,37.37393],[-6.00429,37.37416],[-6.00521,37.37531],[-6.00523,37.37534],[-6.00551,37.37567],[-6.00577,37.37572],[-6.00586,37.37571],[-6.00621,37.37553],[-6.00625,37.37551],[-6.00677,37.37524],[-6.0084,37.37439],[-6.00849,37.37435]]]}},{"type":"Feature","properties":{"name":"Glorieta de las Cigarreras","kind":"road","road":"primary","osm":28604983},"geometry":{"type":"LineString","coordinates":[[-5.99403,37.37482],[-5.99404,37.37487],[-5.99407,37.37492]]}},{"type":"Feature","properties":{"name":"","kind":"road","road":"primary","osm":28605010},"geometry":{"type":"LineString","coordinates":[[-5.99377,37.37499],[-5.99379,37.37498],[-5.99382,37.37497],[-5.99389,37.37496]]}},{"type":"Feature","properties":{"name":"","kind":"road","road":"primary","osm":28605012},"geometry":{"type":"LineString","coordinates":[[-5.99403,37.37482],[-5.99386,37.37486],[-5.99381,37.37487],[-5.99379,37.37487],[-5.99376,37.37488],[-5.99374,37.37489]]}},{"type":"Feature","properties":{"name":"Glorieta de las Cigarreras","kind":"road","road":"secondary","osm":28605023},"geometry":{"type":"LineString","coordinates":[[-5.99475,37.37471],[-5.99457,37.37474],[-5.99403,37.37482]]}},{"type":"Feature","properties":{"name":"Calle Juan Sebastián Elcano","kind":"road","road":"secondary","osm":28605074},"geometry":{"type":"LineString","coordinates":[[-5.99746,37.37995],[-5.9973,37.37992],[-5.99726,37.37991],[-5.99723,37.37991],[-5.9972,37.3799],[-5.99696,37.37983],[-5.99685,37.37976],[-5.99648,37.37911],[-5.99629,37.37866],[-5.99616,37.37838],[-5.99614,37.37829],[-5.99597,37.37765],[-5.99583,37.37712],[-5.99581,37.37704],[-5.9958,37.37697],[-5.9958,37.37693],[-5.99582,37.3768],[-5.99588,37.37634]]}},{"type":"Feature","properties":{"name":"Calle Antonio Bienvenida","kind":"road","road":"secondary","osm":28605183},"geometry":{"type":"LineString","coordinates":[[-5.99712,37.36803],[-5.99721,37.3683],[-5.99721,37.36832],[-5.99723,37.369],[-5.99723,37.36919],[-5.99724,37.36966],[-5.99724,37.36977],[-5.99724,37.36982],[-5.99725,37.36992],[-5.99727,37.37047],[-5.99727,37.37052],[-5.9973,37.37093]]}},{"type":"Feature","properties":{"name":"Avenida Expo´92","kind":"road","road":"primary","osm":29110031},"geometry":{"type":"LineString","coordinates":[[-6.00769,37.39023],[-6.0078,37.39025]]}},{"type":"Feature","properties":{"name":"Calle Rocío","kind":"road","road":"pedestrian","osm":29471973},"geometry":{"type":"LineString","coordinates":[[-6.00277,37.38425],[-6.00242,37.3841]]}},{"type":"Feature","properties":{"name":"Calle Virgen de Fuensanta","kind":"road","road":"pedestrian","osm":29472045},"geometry":{"type":"LineString","coordinates":[[-5.99746,37.37535],[-5.99678,37.37537],[-5.99606,37.37538]]}},{"type":"Feature","properties":{"name":"Calle Virgen Araceli","kind":"road","road":"pedestrian","osm":29472217},"geometry":{"type":"LineString","coordinates":[[-5.99749,37.37413],[-5.99698,37.37414],[-5.99676,37.37415],[-5.99614,37.37416]]}},{"type":"Feature","properties":{"name":"Calle Trabajo","kind":"road","road":"pedestrian","osm":29487452},"geometry":{"type":"LineString","coordinates":[[-6.00705,37.37785],[-6.00659,37.37809]]}},{"type":"Feature","properties":{"name":"Calle Castilla","kind":"road","road":"tertiary","osm":29550032},"geometry":{"type":"LineString","coordinates":[[-6.00812,37.38867],[-6.00947,37.38907],[-6.01005,37.38923],[-6.01027,37.38927]]}},{"type":"Feature","properties":{"name":"Calle Torneo","kind":"road","road":"primary","osm":30326489},"geometry":{"type":"LineString","coordinates":[[-6.00358,37.39249],[-6.00345,37.39211],[-6.0033,37.39165],[-6.00322,37.39144],[-6.00321,37.39138],[-6.00307,37.39096],[-6.00305,37.39092],[-6.00302,37.39083]]}},{"type":"Feature","properties":{"name":"Calle Américo Vespucio","kind":"road","road":"tertiary","osm":31192925},"geometry":{"type":"LineString","coordinates":[[-6.01005,37.39825],[-6.01005,37.39822],[-6.01022,37.39761],[-6.01027,37.39741],[-6.01029,37.39735],[-6.01034,37.39715],[-6.01066,37.39596],[-6.01067,37.39592],[-6.01068,37.39588],[-6.01072,37.39574]]}},{"type":"Feature","properties":{"name":"Calle Gonzalo Jiménez de Quesada","kind":"road","road":"primary","osm":31236760},"geometry":{"type":"LineString","coordinates":[[-6.0078,37.39025],[-6.00796,37.39032],[-6.00813,37.39039],[-6.00829,37.39043],[-6.00853,37.39048],[-6.00855,37.39049]]}},{"type":"Feature","properties":{"name":"Calle Medinaceli","kind":"road","road":"pedestrian","osm":31284373},"geometry":{"type":"LineString","coordinates":[[-5.98637,37.38973],[-5.98634,37.38995],[-5.98631,37.39003],[-5.98625,37.3901]]}},{"type":"Feature","properties":{"name":"Calle Cristo del Buen Viaje","kind":"road","road":"pedestrian","osm":31284383},"geometry":{"type":"LineString","coordinates":[[-5.98617,37.38919],[-5.98596,37.38902]]}},{"type":"Feature","properties":{"name":"Calle Vidrio","kind":"road","road":"pedestrian","osm":31284440},"geometry":{"type":"LineString","coordinates":[[-5.98622,37.38883],[-5.98645,37.38901]]}},{"type":"Feature","properties":{"name":"Calle Virgen de la Luz","kind":"road","road":"pedestrian","osm":31284462},"geometry":{"type":"LineString","coordinates":[[-5.98565,37.39022],[-5.98574,37.39014],[-5.9854,37.38993],[-5.98559,37.38967]]}},{"type":"Feature","properties":{"name":"Calle Mosqueta","kind":"road","road":"pedestrian","osm":31284618},"geometry":{"type":"LineString","coordinates":[[-5.98503,37.3894],[-5.98499,37.38943],[-5.98485,37.38958]]}},{"type":"Feature","properties":{"name":"Calle Tintes","kind":"road","road":"pedestrian","osm":31284953},"geometry":{"type":"LineString","coordinates":[[-5.98503,37.3894],[-5.98508,37.38934],[-5.9852,37.38918],[-5.9854,37.38896],[-5.98555,37.38869],[-5.98565,37.38849]]}},{"type":"Feature","properties":{"name":"Calle Alcalde Isacio Contreras","kind":"road","road":"pedestrian","osm":31285023},"geometry":{"type":"LineString","coordinates":[[-5.9853,37.38705],[-5.98513,37.38699],[-5.9842,37.38667],[-5.98412,37.38664],[-5.98404,37.38662],[-5.98372,37.3865],[-5.9833,37.38636]]}},{"type":"Feature","properties":{"name":"Plaza las Mercedarias","kind":"road","road":"pedestrian","osm":31285707},"geometry":{"type":"LineString","coordinates":[[-5.98702,37.38837],[-5.98719,37.38846],[-5.98716,37.38862],[-5.98686,37.38843],[-5.98707,37.3882],[-5.98716,37.38825],[-5.98702,37.38837]]}},{"type":"Feature","properties":{"name":"Calle San Jorge","kind":"road","road":"tertiary","osm":31286569},"geometry":{"type":"LineString","coordinates":[[-6.00442,37.38564],[-6.00439,37.38561],[-6.00435,37.38559],[-6.00411,37.38545],[-6.00383,37.3853],[-6.00353,37.38515],[-6.00351,37.38513],[-6.00342,37.38512]]}},{"type":"Feature","properties":{"name":"Calle Callao","kind":"road","road":"tertiary","osm":31286577},"geometry":{"type":"LineString","coordinates":[[-6.00429,37.38605],[-6.00427,37.38601],[-6.00425,37.38596],[-6.00426,37.38592],[-6.00433,37.3858],[-6.0044,37.3857],[-6.00442,37.38564]]}},{"type":"Feature","properties":{"name":"Calle Párroco Pedro Ramos","kind":"road","road":"pedestrian","osm":31286611},"geometry":{"type":"LineString","coordinates":[[-6.00505,37.38688],[-6.00478,37.38703],[-6.00463,37.38713]]}},{"type":"Feature","properties":{"name":"Calle Clara de Jesús Montero","kind":"road","road":"secondary","osm":31286612},"geometry":{"type":"LineString","coordinates":[[-6.00783,37.386],[-6.00781,37.38608],[-6.00781,37.38675],[-6.00781,37.38684],[-6.0078,37.38691],[-6.0078,37.38719],[-6.00778,37.38738],[-6.00779,37.38741],[-6.00781,37.38777],[-6.00782,37.38781],[-6.00784,37.38798]]}},{"type":"Feature","properties":{"name":"Calle Magallanes","kind":"road","road":"pedestrian","osm":31286662},"geometry":{"type":"LineString","coordinates":[[-6.00757,37.38784],[-6.00727,37.38838]]}},{"type":"Feature","properties":{"name":"Avenida Santa Cecilia","kind":"road","road":"tertiary","osm":31286732},"geometry":{"type":"LineString","coordinates":[[-6.00854,37.38144],[-6.00859,37.3815],[-6.0086,37.38152],[-6.00861,37.38153],[-6.00876,37.38171],[-6.00891,37.38192],[-6.00927,37.38234],[-6.00931,37.38237],[-6.00935,37.38247],[-6.00952,37.38268],[-6.00968,37.38288],[-6.00977,37.383],[-6.00994,37.38322],[-6.01009,37.38343],[-6.01021,37.38356],[-6.01025,37.3836],[-6.01031,37.38368]]}},{"type":"Feature","properties":{"name":"Calle Don Cecilio de Triana","kind":"road","road":"pedestrian","osm":31286977},"geometry":{"type":"LineString","coordinates":[[-6.00947,37.38907],[-6.00928,37.38951],[-6.00914,37.38981]]}},{"type":"Feature","properties":{"name":"Plaza del Altozano","kind":"road","road":"pedestrian","osm":31290846},"geometry":{"type":"LineString","coordinates":[[-6.0033,37.38523],[-6.0033,37.3852],[-6.0033,37.38517],[-6.00329,37.38514],[-6.00327,37.38512],[-6.00326,37.38511],[-6.00322,37.38509],[-6.00318,37.38508],[-6.00313,37.38508],[-6.0031,37.38509],[-6.00307,37.38511],[-6.00306,37.38512],[-6.00304,37.38514],[-6.00285,37.38538],[-6.00284,37.38541],[-6.00285,37.38544],[-6.00292,37.38548],[-6.00294,37.38544],[-6.00297,37.38545],[-6.00299,37.38541],[-6.00297,37.38542],[-6.00295,37.38542],[-6.00293,37.38541],[-6.00293,37.38539],[-6.00294,37.38537],[-6.00296,37.38536],[-6.0031,37.38519],[-6.00312,37.38519],[-6.00311,37.38524],[-6.00308,37.3853],[-6.00298,37.38545],[-6.0029,37.38558],[-6.00291,37.38559],[-6.00289,37.38562],[-6.00283,37.3857],[-6.00285,37.38571],[-6.0029,37.38565],[-6.00326,37.38525],[-6.00328,37.38525],[-6.00329,37.38524],[-6.0033,37.38523]]}},{"type":"Feature","properties":{"name":"Calle Párroco Don Eugenio","kind":"road","road":"pedestrian","osm":31290994},"geometry":{"type":"LineString","coordinates":[[-6.00091,37.3828],[-6.00033,37.38316]]}},{"type":"Feature","properties":{"name":"Calle Orfebre Juan Antonio Borrero","kind":"road","road":"pedestrian","osm":31291045},"geometry":{"type":"LineString","coordinates":[[-6.0012,37.38184],[-6.00094,37.38205],[-6.00078,37.38217]]}},{"type":"Feature","properties":{"name":"Calle Valladares","kind":"road","road":"pedestrian","osm":31291220},"geometry":{"type":"LineString","coordinates":[[-6.00285,37.38419],[-6.0032,37.38434],[-6.00323,37.38436],[-6.00335,37.38443],[-6.00329,37.38451],[-6.00342,37.38459],[-6.00354,37.38466],[-6.00352,37.38469],[-6.00364,37.38476],[-6.00362,37.38479],[-6.00337,37.38462],[-6.00325,37.38454],[-6.0031,37.38445],[-6.00315,37.3844],[-6.00295,37.38431],[-6.00282,37.38425],[-6.00284,37.38423],[-6.00285,37.38419]]}},{"type":"Feature","properties":{"name":"Valladares","kind":"road","road":"pedestrian","osm":31291224},"geometry":{"type":"LineString","coordinates":[[-6.00284,37.38423],[-6.0028,37.38421]]}},{"type":"Feature","properties":{"name":"Calle Pagés del Corro","kind":"road","road":"secondary","osm":31291816},"geometry":{"type":"LineString","coordinates":[[-5.99896,37.37944],[-5.99902,37.3795],[-5.99918,37.37971],[-5.99931,37.37989],[-5.99954,37.38017],[-5.9998,37.38046],[-5.99983,37.3805]]}},{"type":"Feature","properties":{"name":"Calle Virgen del Refugio","kind":"road","road":"pedestrian","osm":31292109},"geometry":{"type":"LineString","coordinates":[[-6.00358,37.37476],[-6.00298,37.37507],[-6.00239,37.37538]]}},{"type":"Feature","properties":{"name":"Calle Santo Ángel","kind":"road","road":"pedestrian","osm":31292132},"geometry":{"type":"LineString","coordinates":[[-6.00374,37.37496],[-6.00314,37.37527]]}},{"type":"Feature","properties":{"name":"Calle José Velázquez Sánchez","kind":"road","road":"pedestrian","osm":31292133},"geometry":{"type":"LineString","coordinates":[[-6.0039,37.37516],[-6.00331,37.37547],[-6.00271,37.37578]]}},{"type":"Feature","properties":{"name":"Calle Virgen de Todos Los Santos","kind":"road","road":"pedestrian","osm":31292134},"geometry":{"type":"LineString","coordinates":[[-6.00406,37.37536],[-6.00346,37.37566],[-6.00286,37.37597]]}},{"type":"Feature","properties":{"name":"Calle Rockero Silvio","kind":"road","road":"pedestrian","osm":31292148},"geometry":{"type":"LineString","coordinates":[[-6.00421,37.37556],[-6.00362,37.37586],[-6.00302,37.37617]]}},{"type":"Feature","properties":{"name":"Calle Ánimas","kind":"road","road":"pedestrian","osm":31292386},"geometry":{"type":"LineString","coordinates":[[-6.00152,37.37659],[-6.00103,37.37685],[-6.00053,37.3771],[-6.00003,37.37736]]}},{"type":"Feature","properties":{"name":"Calle Arqueros","kind":"road","road":"pedestrian","osm":31292388},"geometry":{"type":"LineString","coordinates":[[-6.00116,37.37615],[-6.00067,37.3764],[-6.00017,37.37665],[-5.99967,37.37691]]}},{"type":"Feature","properties":{"name":"Calle Santa Fe","kind":"road","road":"primary","osm":31292649},"geometry":{"type":"LineString","coordinates":[[-6.00392,37.37399],[-6.00421,37.37434]]}},{"type":"Feature","properties":{"name":"Calle Justino de Neve","kind":"road","road":"pedestrian","osm":31320726},"geometry":{"type":"LineString","coordinates":[[-5.98985,37.385],[-5.98983,37.38495],[-5.98953,37.38448]]}},{"type":"Feature","properties":{"name":"Plaza de los Venerables","kind":"road","road":"pedestrian","osm":31320752},"geometry":{"type":"LineString","coordinates":[[-5.98966,37.38504],[-5.98978,37.38499],[-5.98977,37.38497],[-5.98982,37.38495],[-5.98983,37.38495],[-5.98985,37.38494],[-5.98989,37.385],[-5.98992,37.38498],[-5.98994,37.38497],[-5.98995,37.38498],[-5.98995,37.385],[-5.98998,37.38503],[-5.98976,37.38512],[-5.98973,37.38513],[-5.9897,37.38514],[-5.98968,37.38511],[-5.98967,37.38511],[-5.98967,37.3851],[-5.9897,37.38509],[-5.98966,37.38504]]}},{"type":"Feature","properties":{"name":"Calle José María Moreno Galván","kind":"road","road":"secondary","osm":31321090},"geometry":{"type":"LineString","coordinates":[[-5.98391,37.38473],[-5.98388,37.3848],[-5.98387,37.38483]]}},{"type":"Feature","properties":{"name":"Calle José María Moreno Galván","kind":"road","road":"secondary","osm":31321098},"geometry":{"type":"LineString","coordinates":[[-5.98246,37.38812],[-5.9825,37.38806],[-5.98254,37.38801],[-5.98286,37.38755],[-5.98309,37.38685]]}},{"type":"Feature","properties":{"name":"Avenida de Eduardo Dato","kind":"road","road":"primary","osm":31321183},"geometry":{"type":"LineString","coordinates":[[-5.98157,37.38434],[-5.98206,37.38438],[-5.98213,37.38439],[-5.98231,37.38442],[-5.98254,37.38446],[-5.98268,37.38449]]}},{"type":"Feature","properties":{"name":"Calle Demetrio de los Ríos","kind":"road","road":"primary","osm":31321238},"geometry":{"type":"LineString","coordinates":[[-5.98387,37.38471],[-5.98407,37.38478],[-5.98426,37.38485],[-5.98459,37.385]]}},{"type":"Feature","properties":{"name":"Calle Compañía","kind":"road","road":"pedestrian","osm":31324909},"geometry":{"type":"LineString","coordinates":[[-5.99231,37.39224],[-5.99246,37.39224],[-5.99251,37.39196],[-5.99252,37.39193],[-5.99253,37.39192],[-5.9926,37.39186]]}},{"type":"Feature","properties":{"name":"Calle Buiza y Mensaque","kind":"road","road":"pedestrian","osm":31325054},"geometry":{"type":"LineString","coordinates":[[-5.99256,37.39184],[-5.99262,37.39176],[-5.99265,37.39171],[-5.99266,37.3917],[-5.99273,37.39168],[-5.99274,37.39165],[-5.99274,37.39161],[-5.99273,37.39151],[-5.99274,37.39131],[-5.99275,37.39109]]}},{"type":"Feature","properties":{"name":"Calle Carretera de Carmona","kind":"road","road":"secondary","osm":31564907},"geometry":{"type":"LineString","coordinates":[[-5.97963,37.39849],[-5.9801,37.39821],[-5.9812,37.39755],[-5.98124,37.39752],[-5.98136,37.39744]]}},{"type":"Feature","properties":{"name":"Calle Carretera de Carmona","kind":"road","road":"secondary","osm":31564909},"geometry":{"type":"LineString","coordinates":[[-5.97685,37.40016],[-5.97699,37.40009],[-5.9773,37.39992],[-5.97747,37.39983],[-5.97759,37.39977],[-5.97762,37.39975],[-5.97815,37.39944],[-5.97828,37.39936],[-5.97869,37.39911],[-5.97909,37.39886],[-5.97936,37.39869],[-5.97954,37.39858],[-5.97963,37.39849]]}},{"type":"Feature","properties":{"name":"Calle José de la Cámara","kind":"road","road":"pedestrian","osm":34760161},"geometry":{"type":"LineString","coordinates":[[-5.97899,37.38741],[-5.97903,37.38731],[-5.97905,37.38728],[-5.97934,37.38665]]}},{"type":"Feature","properties":{"name":"Jardines del Valle","kind":"park","road":"","osm":35138633},"geometry":{"type":"Polygon","coordinates":[[[-5.98279,37.39638],[-5.98312,37.39617],[-5.98316,37.39615],[-5.98318,37.39617],[-5.98346,37.39606],[-5.98363,37.396],[-5.98361,37.39598],[-5.98365,37.39595],[-5.98368,37.39597],[-5.98383,37.39583],[-5.98395,37.39575],[-5.98376,37.39544],[-5.98359,37.39517],[-5.98347,37.39498],[-5.98337,37.39492],[-5.98333,37.39491],[-5.98313,37.39519],[-5.98252,37.39603],[-5.98245,37.39613],[-5.98257,37.3962],[-5.98267,37.39627],[-5.98271,37.3963],[-5.98274,37.39633],[-5.98279,37.39638]]]}},{"type":"Feature","properties":{"name":"Jardin de las Delicias","kind":"park","road":"","osm":35781518},"geometry":{"type":"Polygon","coordinates":[[[-5.99073,37.3708],[-5.99066,37.3708],[-5.9906,37.37036],[-5.99053,37.37014],[-5.9905,37.37011],[-5.99042,37.3701],[-5.99035,37.37008],[-5.99024,37.37003],[-5.99017,37.36997],[-5.99005,37.3699],[-5.98993,37.36986],[-5.98971,37.36979],[-5.98956,37.36971],[-5.9895,37.36967],[-5.98944,37.36961],[-5.98938,37.36955],[-5.98937,37.36954],[-5.9893,37.3695],[-5.98923,37.36948],[-5.98891,37.36949],[-5.98854,37.3695],[-5.98842,37.36952],[-5.98831,37.36958],[-5.98828,37.36961],[-5.98827,37.36964],[-5.98827,37.36968],[-5.98849,37.37004],[-5.98854,37.37013],[-5.9886,37.37026],[-5.98905,37.371],[-5.98916,37.37116],[-5.99002,37.37258],[-5.99006,37.37257],[-5.99012,37.37257],[-5.99029,37.37268],[-5.99044,37.37289],[-5.99046,37.37298],[-5.99046,37.37312],[-5.99047,37.37317],[-5.9905,37.37321],[-5.99055,37.37326],[-5.99054,37.37328],[-5.99051,37.37334],[-5.99077,37.37377],[-5.99089,37.37396],[-5.99109,37.37426],[-5.9912,37.37434],[-5.99123,37.37435],[-5.99127,37.37438],[-5.99137,37.37445],[-5.99149,37.37441],[-5.99151,37.37439],[-5.99151,37.37436],[-5.99147,37.37414],[-5.99142,37.37399],[-5.99151,37.37398],[-5.99147,37.37379],[-5.99144,37.37376],[-5.99119,37.37263],[-5.99107,37.37212],[-5.99094,37.37158],[-5.99087,37.37123],[-5.99081,37.37124],[-5.99073,37.3708]]]}},{"type":"Feature","properties":{"name":"Glorieta de Méjico","kind":"road","road":"secondary","osm":35781519},"geometry":{"type":"LineString","coordinates":[[-5.98933,37.36944],[-5.98937,37.36944],[-5.9894,37.36944],[-5.98943,37.36943],[-5.98945,37.36941],[-5.98947,37.3694],[-5.98949,37.36938],[-5.9895,37.36935],[-5.9895,37.36933],[-5.9895,37.36931],[-5.98949,37.36929],[-5.98948,37.36927],[-5.98946,37.36925],[-5.98944,37.36923],[-5.98942,37.36922],[-5.98939,37.36922],[-5.98936,37.36921],[-5.98933,37.36921],[-5.98931,37.36922],[-5.98928,37.36923],[-5.98926,37.36924],[-5.98924,37.36926],[-5.98922,37.36928],[-5.98921,37.3693],[-5.98921,37.36932],[-5.98921,37.36934],[-5.98921,37.36936],[-5.98922,37.36938],[-5.98924,37.3694],[-5.98926,37.36942],[-5.98929,37.36943],[-5.98933,37.36944]]}},{"type":"Feature","properties":{"name":"Calle Doctor Ordoñez de la Barrera","kind":"road","road":"primary","osm":35783367},"geometry":{"type":"LineString","coordinates":[[-5.97979,37.37863],[-5.97976,37.37858],[-5.97975,37.37856],[-5.97971,37.37848],[-5.9797,37.37846],[-5.97969,37.37843]]}},{"type":"Feature","properties":{"name":"Parque Jardines de la Buhaira","kind":"park","road":"","osm":35783392},"geometry":{"type":"Polygon","coordinates":[[[-5.9789,37.38381],[-5.97866,37.38376],[-5.97796,37.38362],[-5.97806,37.38284],[-5.97857,37.38288],[-5.97864,37.38215],[-5.97859,37.38209],[-5.97851,37.38201],[-5.97896,37.38177],[-5.97902,37.38184],[-5.97906,37.38184],[-5.97912,37.38186],[-5.97919,37.38189],[-5.97924,37.38194],[-5.97927,37.38199],[-5.97928,37.38204],[-5.97928,37.38211],[-5.97952,37.38213],[-5.97945,37.38296],[-5.9794,37.38363],[-5.97935,37.38384],[-5.9793,37.38387],[-5.97925,37.38387],[-5.9789,37.38381]]]}},{"type":"Feature","properties":{"name":"Calle Trovador","kind":"road","road":"pedestrian","osm":35784924},"geometry":{"type":"LineString","coordinates":[[-5.97998,37.38599],[-5.98009,37.38514],[-5.9801,37.38509]]}},{"type":"Feature","properties":{"name":"Calle San Ignacio","kind":"road","road":"pedestrian","osm":35784940},"geometry":{"type":"LineString","coordinates":[[-5.97757,37.38666],[-5.97692,37.38661]]}},{"type":"Feature","properties":{"name":"Calle Miguel Rodríguez Piñero","kind":"road","road":"tertiary","osm":36731254},"geometry":{"type":"LineString","coordinates":[[-5.97925,37.37656],[-5.9791,37.3766],[-5.9789,37.37665],[-5.97885,37.37666],[-5.97855,37.37672],[-5.97842,37.37675],[-5.97731,37.37701],[-5.97729,37.37701],[-5.9772,37.37704],[-5.97699,37.37708],[-5.97695,37.37708],[-5.97691,37.37708]]}},{"type":"Feature","properties":{"name":"Avenida Ramón Carande","kind":"road","road":"primary","osm":36731255},"geometry":{"type":"LineString","coordinates":[[-5.97847,37.37216],[-5.97848,37.37235],[-5.97849,37.37237],[-5.97853,37.37262]]}},{"type":"Feature","properties":{"name":"","kind":"road","road":"primary","osm":36731277},"geometry":{"type":"LineString","coordinates":[[-5.97959,37.37671],[-5.97952,37.37674],[-5.97948,37.37677]]}},{"type":"Feature","properties":{"name":"Calle Pedro Melgarejo","kind":"road","road":"pedestrian","osm":36738328},"geometry":{"type":"LineString","coordinates":[[-5.97767,37.36909],[-5.97732,37.36913],[-5.97706,37.36916]]}},{"type":"Feature","properties":{"name":"Calle López de Ayala","kind":"road","road":"pedestrian","osm":36738367},"geometry":{"type":"LineString","coordinates":[[-5.97707,37.37056],[-5.97645,37.37064]]}},{"type":"Feature","properties":{"name":"Calle General Tassara","kind":"road","road":"pedestrian","osm":36738368},"geometry":{"type":"LineString","coordinates":[[-5.97703,37.37033],[-5.9764,37.37041]]}},{"type":"Feature","properties":{"name":"Calle Alfredo Blanco","kind":"road","road":"pedestrian","osm":36738369},"geometry":{"type":"LineString","coordinates":[[-5.97698,37.37009],[-5.97635,37.37018]]}},{"type":"Feature","properties":{"name":"Calle Rioja","kind":"road","road":"pedestrian","osm":37246857},"geometry":{"type":"LineString","coordinates":[[-5.99671,37.39078],[-5.99614,37.39095],[-5.99548,37.39107],[-5.9954,37.39105],[-5.99509,37.39097],[-5.99499,37.39096],[-5.99479,37.39092],[-5.99476,37.39092],[-5.99452,37.39094]]}},{"type":"Feature","properties":{"name":"Plaza de la Magdalena","kind":"road","road":"pedestrian","osm":37246858},"geometry":{"type":"LineString","coordinates":[[-5.99696,37.39072],[-5.99699,37.39074],[-5.99705,37.39085],[-5.99717,37.39105],[-5.99722,37.39111]]}},{"type":"Feature","properties":{"name":"Calle Santa Justa","kind":"road","road":"pedestrian","osm":37246860},"geometry":{"type":"LineString","coordinates":[[-5.99752,37.3909],[-5.99751,37.39088],[-5.99743,37.39079],[-5.99735,37.39062]]}},{"type":"Feature","properties":{"name":"Calle Pedro Campana","kind":"road","road":"pedestrian","osm":37246861},"geometry":{"type":"LineString","coordinates":[[-5.99743,37.39079],[-5.99705,37.39085]]}},{"type":"Feature","properties":{"name":"Calle Bobby Deglané","kind":"road","road":"pedestrian","osm":37246862},"geometry":{"type":"LineString","coordinates":[[-5.99939,37.39004],[-5.9991,37.38976],[-5.99907,37.38973],[-5.99905,37.38972]]}},{"type":"Feature","properties":{"name":"Calle de \"El Silencio\"","kind":"road","road":"pedestrian","osm":37375822},"geometry":{"type":"LineString","coordinates":[[-5.99693,37.39224],[-5.99689,37.39221],[-5.99689,37.39215],[-5.99681,37.39195]]}},{"type":"Feature","properties":{"name":"Calle Gallos","kind":"road","road":"pedestrian","osm":37525502},"geometry":{"type":"LineString","coordinates":[[-5.98553,37.39478],[-5.98574,37.39506],[-5.98575,37.39507]]}},{"type":"Feature","properties":{"name":"Calle Recaredo","kind":"road","road":"primary","osm":37526924},"geometry":{"type":"LineString","coordinates":[[-5.98406,37.39252],[-5.98407,37.39215],[-5.98407,37.39184],[-5.98407,37.39169],[-5.98407,37.39151],[-5.98408,37.39135],[-5.98408,37.39123],[-5.98408,37.39104],[-5.98408,37.3909]]}},{"type":"Feature","properties":{"name":"Pasaje Virgen de los Gitanos","kind":"road","road":"pedestrian","osm":37530630},"geometry":{"type":"LineString","coordinates":[[-5.98607,37.39421],[-5.98585,37.39388],[-5.98563,37.39354],[-5.98561,37.39351]]}},{"type":"Feature","properties":{"name":"Calle Alhóndiga","kind":"road","road":"pedestrian","osm":37532040},"geometry":{"type":"LineString","coordinates":[[-5.98851,37.39288],[-5.98844,37.39303],[-5.98839,37.39313],[-5.98831,37.39323],[-5.98824,37.39326],[-5.98822,37.39328]]}},{"type":"Feature","properties":{"name":"Calle Marteles","kind":"road","road":"pedestrian","osm":37559324},"geometry":{"type":"LineString","coordinates":[[-5.98437,37.39694],[-5.98413,37.39682],[-5.98387,37.39662],[-5.98353,37.39686],[-5.98331,37.39668],[-5.98315,37.39651]]}},{"type":"Feature","properties":{"name":"Calle Niño Ricardo","kind":"road","road":"pedestrian","osm":37567026},"geometry":{"type":"LineString","coordinates":[[-5.98793,37.39224],[-5.98817,37.39226],[-5.9882,37.39227],[-5.98862,37.39233]]}},{"type":"Feature","properties":{"name":"Plaza de San Leandro","kind":"park","road":"","osm":37567712},"geometry":{"type":"Polygon","coordinates":[[[-5.98836,37.39105],[-5.98826,37.39118],[-5.98825,37.3912],[-5.98826,37.39121],[-5.98828,37.39123],[-5.98829,37.39123],[-5.9883,37.39123],[-5.98865,37.39121],[-5.98866,37.39121],[-5.98867,37.3912],[-5.98867,37.39119],[-5.98867,37.39117],[-5.98866,37.39116],[-5.98841,37.39104],[-5.98839,37.39103],[-5.98837,37.39104],[-5.98836,37.39105]]]}},{"type":"Feature","properties":{"name":"Calle Escarpín","kind":"road","road":"pedestrian","osm":37568316},"geometry":{"type":"LineString","coordinates":[[-5.99066,37.39228],[-5.99066,37.39216],[-5.99063,37.39202],[-5.99056,37.39188],[-5.99049,37.39172]]}},{"type":"Feature","properties":{"name":"Calle José Luis Luque","kind":"road","road":"pedestrian","osm":37568317},"geometry":{"type":"LineString","coordinates":[[-5.99079,37.39225],[-5.99066,37.39228]]}},{"type":"Feature","properties":{"name":"Calle Mercedes de Velilla","kind":"road","road":"pedestrian","osm":37568318},"geometry":{"type":"LineString","coordinates":[[-5.99049,37.39172],[-5.9904,37.39187],[-5.99022,37.39215],[-5.99014,37.3923],[-5.99008,37.39242]]}},{"type":"Feature","properties":{"name":"Calle Padre Luis María Llop","kind":"road","road":"pedestrian","osm":37568729},"geometry":{"type":"LineString","coordinates":[[-5.99028,37.39137],[-5.99028,37.39123],[-5.99009,37.39108]]}},{"type":"Feature","properties":{"name":"Calle Celinda","kind":"road","road":"pedestrian","osm":37568730},"geometry":{"type":"LineString","coordinates":[[-5.99091,37.39117],[-5.99098,37.39103],[-5.99099,37.39099],[-5.991,37.39098]]}},{"type":"Feature","properties":{"name":"Calle Rafael Gonzalez Serna","kind":"road","road":"pedestrian","osm":37569023},"geometry":{"type":"LineString","coordinates":[[-5.99058,37.39007],[-5.99088,37.39011],[-5.99115,37.39012]]}},{"type":"Feature","properties":{"name":"Calle Cabeza del Rey Don Pedro","kind":"road","road":"pedestrian","osm":37569560},"geometry":{"type":"LineString","coordinates":[[-5.98999,37.3896],[-5.98994,37.38964],[-5.98988,37.3897],[-5.98976,37.38987],[-5.9897,37.38997]]}},{"type":"Feature","properties":{"name":"Calle Augusto Plasencia","kind":"road","road":"pedestrian","osm":37569802},"geometry":{"type":"LineString","coordinates":[[-5.99087,37.38977],[-5.99084,37.38977],[-5.99051,37.38963]]}},{"type":"Feature","properties":{"name":"Calle Augusto Plasencia","kind":"road","road":"pedestrian","osm":37569803},"geometry":{"type":"LineString","coordinates":[[-5.99051,37.38963],[-5.9905,37.38962],[-5.99041,37.38956],[-5.99037,37.38953],[-5.99031,37.38951],[-5.99018,37.38946],[-5.99007,37.38942]]}},{"type":"Feature","properties":{"name":"Calle Estrella","kind":"road","road":"pedestrian","osm":37573096},"geometry":{"type":"LineString","coordinates":[[-5.99151,37.38843],[-5.9915,37.38838]]}},{"type":"Feature","properties":{"name":"Calle Orden de Malta","kind":"road","road":"pedestrian","osm":38061103},"geometry":{"type":"LineString","coordinates":[[-5.98902,37.40194],[-5.98852,37.40198],[-5.98841,37.40199],[-5.9882,37.402]]}},{"type":"Feature","properties":{"name":"Pasaje Manuel Font de Anta","kind":"road","road":"pedestrian","osm":38263402},"geometry":{"type":"LineString","coordinates":[[-5.99582,37.39752],[-5.99519,37.39738],[-5.99518,37.39738]]}},{"type":"Feature","properties":{"name":"Calle Ceres","kind":"road","road":"pedestrian","osm":38312316},"geometry":{"type":"LineString","coordinates":[[-5.9977,37.39465],[-5.99732,37.39461]]}},{"type":"Feature","properties":{"name":"Calle Pachecos","kind":"road","road":"pedestrian","osm":38312317},"geometry":{"type":"LineString","coordinates":[[-5.99725,37.39489],[-5.99747,37.39492],[-5.99766,37.39494]]}},{"type":"Feature","properties":{"name":"Calle Doctor Germán y Ribón","kind":"road","road":"pedestrian","osm":38312318},"geometry":{"type":"LineString","coordinates":[[-5.99747,37.39492],[-5.9975,37.39477],[-5.99728,37.39475]]}},{"type":"Feature","properties":{"name":"Calle Arroyo","kind":"road","road":"tertiary","osm":38622296},"geometry":{"type":"LineString","coordinates":[[-5.98235,37.39362],[-5.9825,37.39352],[-5.98307,37.39297],[-5.98314,37.3929]]}},{"type":"Feature","properties":{"name":"Plaza del Pozo Santo","kind":"road","road":"pedestrian","osm":40492759},"geometry":{"type":"LineString","coordinates":[[-5.99246,37.39457],[-5.99246,37.39458],[-5.99254,37.39458],[-5.99255,37.39459],[-5.99257,37.3946],[-5.99258,37.39459],[-5.9926,37.39458],[-5.99261,37.39456],[-5.99258,37.39437],[-5.99254,37.39437],[-5.99251,37.39436],[-5.99238,37.39439],[-5.99239,37.39441],[-5.99244,37.39453],[-5.99245,37.39455],[-5.99246,37.39457]]}},{"type":"Feature","properties":{"name":"Pasaje de los Azahares","kind":"road","road":"pedestrian","osm":40492761},"geometry":{"type":"LineString","coordinates":[[-5.99382,37.39375],[-5.9938,37.39376],[-5.99358,37.3938],[-5.99346,37.3938],[-5.99338,37.39382],[-5.99333,37.39382],[-5.99328,37.39383],[-5.99313,37.39385],[-5.99308,37.39386],[-5.99304,37.39387],[-5.99291,37.39388]]}},{"type":"Feature","properties":{"name":"Plaza de Zurbarán","kind":"road","road":"pedestrian","osm":40492764},"geometry":{"type":"LineString","coordinates":[[-5.99269,37.3938],[-5.9927,37.39378],[-5.99283,37.39373],[-5.99288,37.3938],[-5.99287,37.3938],[-5.99291,37.39388],[-5.99292,37.3939],[-5.99281,37.39394],[-5.99273,37.39396],[-5.9927,37.39396],[-5.99267,37.39396],[-5.99266,37.39396],[-5.99265,37.39396],[-5.99263,37.39395],[-5.99267,37.39385],[-5.99268,37.39382],[-5.99269,37.3938]]}},{"type":"Feature","properties":{"name":"Plaza de San Martín","kind":"road","road":"pedestrian","osm":40493496},"geometry":{"type":"LineString","coordinates":[[-5.99317,37.39601],[-5.99316,37.396],[-5.9931,37.39601],[-5.99307,37.39599],[-5.99273,37.39606],[-5.99272,37.39607],[-5.99272,37.39615],[-5.99272,37.39617],[-5.99273,37.39619],[-5.9928,37.39618],[-5.99305,37.39615],[-5.9931,37.39615],[-5.99314,37.39614],[-5.9932,37.39601],[-5.99317,37.39601]]}},{"type":"Feature","properties":{"name":"Calle Tarifa","kind":"road","road":"pedestrian","osm":40501308},"geometry":{"type":"LineString","coordinates":[[-5.9949,37.39325],[-5.99494,37.39323],[-5.99525,37.39301],[-5.99564,37.39298]]}},{"type":"Feature","properties":{"name":"Calle Esperanza Elena Caro","kind":"road","road":"pedestrian","osm":40501309},"geometry":{"type":"LineString","coordinates":[[-5.99448,37.39529],[-5.9949,37.39533]]}},{"type":"Feature","properties":{"name":"Esperanza Elena Caro","kind":"road","road":"pedestrian","osm":40501310},"geometry":{"type":"LineString","coordinates":[[-5.9949,37.39533],[-5.99501,37.39534],[-5.99502,37.39534]]}},{"type":"Feature","properties":{"name":"Plaza Fernando de Herrera","kind":"road","road":"pedestrian","osm":40509110},"geometry":{"type":"LineString","coordinates":[[-5.99385,37.39371],[-5.99384,37.39371],[-5.99383,37.39373],[-5.99382,37.39375],[-5.99382,37.39382],[-5.99379,37.39411]]}},{"type":"Feature","properties":{"name":"Plaza de Europa","kind":"road","road":"pedestrian","osm":40509261},"geometry":{"type":"LineString","coordinates":[[-5.99316,37.39667],[-5.99316,37.39666],[-5.99316,37.39665],[-5.99317,37.39662],[-5.99334,37.39665],[-5.99334,37.39666],[-5.99331,37.39674],[-5.99329,37.39678],[-5.99328,37.39683],[-5.99328,37.39686],[-5.99327,37.39689],[-5.99318,37.39689],[-5.99318,37.39686],[-5.99317,37.39674],[-5.99316,37.39667]]}},{"type":"Feature","properties":{"name":"Calle Divina Enfermera","kind":"road","road":"pedestrian","osm":40509344},"geometry":{"type":"LineString","coordinates":[[-5.99311,37.39664],[-5.99276,37.39665]]}},{"type":"Feature","properties":{"name":"Calle Divina Enfermera","kind":"road","road":"pedestrian","osm":40509345},"geometry":{"type":"LineString","coordinates":[[-5.99304,37.39637],[-5.99284,37.39639]]}},{"type":"Feature","properties":{"name":"","kind":"water","road":"","osm":40670356},"geometry":{"type":"Polygon","coordinates":[[[-5.98744,37.37672],[-5.98737,37.3766],[-5.9873,37.37648],[-5.98723,37.37637],[-5.98715,37.37625],[-5.98708,37.37612],[-5.98713,37.3761],[-5.98701,37.37591],[-5.98677,37.37601],[-5.9868,37.37605],[-5.98663,37.37611],[-5.98648,37.37619],[-5.98635,37.3763],[-5.98626,37.37642],[-5.98621,37.37649],[-5.98616,37.37662],[-5.98613,37.37676],[-5.98613,37.37691],[-5.98616,37.37704],[-5.98618,37.37711],[-5.9862,37.37719],[-5.98625,37.37725],[-5.98633,37.37739],[-5.98636,37.37746],[-5.98647,37.37757],[-5.98659,37.37767],[-5.98673,37.37776],[-5.98689,37.37784],[-5.98706,37.37789],[-5.98715,37.37791],[-5.98724,37.37792],[-5.98733,37.37792],[-5.98741,37.37791],[-5.98751,37.3779],[-5.9876,37.37788],[-5.98768,37.37785],[-5.98785,37.37779],[-5.98788,37.37783],[-5.98812,37.37774],[-5.988,37.37755],[-5.98795,37.37757],[-5.98788,37.37745],[-5.98781,37.37733],[-5.98774,37.37721],[-5.98767,37.37709],[-5.98759,37.37697],[-5.98755,37.37699],[-5.98755,37.377],[-5.98754,37.37702],[-5.98752,37.37702],[-5.9875,37.37702],[-5.98749,37.37701],[-5.98745,37.37702],[-5.98781,37.37762],[-5.98776,37.37764],[-5.98778,37.37768],[-5.98762,37.37775],[-5.98749,37.37778],[-5.98738,37.37779],[-5.98726,37.3778],[-5.98718,37.37779],[-5.98709,37.37777],[-5.98692,37.37772],[-5.98676,37.37763],[-5.9866,37.37751],[-5.98651,37.3774],[-5.98649,37.37733],[-5.98648,37.37729],[-5.98648,37.37727],[-5.98647,37.37724],[-5.98645,37.37722],[-5.98643,37.37721],[-5.98641,37.37719],[-5.98634,37.37713],[-5.9863,37.37698],[-5.98628,37.37679],[-5.9863,37.37666],[-5.98635,37.37654],[-5.9864,37.37647],[-5.98648,37.37638],[-5.98659,37.37629],[-5.98671,37.37622],[-5.98686,37.37616],[-5.98689,37.3762],[-5.98694,37.37618],[-5.98729,37.37677],[-5.98734,37.37676],[-5.98734,37.37674],[-5.98735,37.37673],[-5.98738,37.37673],[-5.98739,37.37674],[-5.98744,37.37672]]]}},{"type":"Feature","properties":{"name":"Plaza de España","kind":"road","road":"pedestrian","osm":40670357},"geometry":{"type":"LineString","coordinates":[[-5.98612,37.3773],[-5.98607,37.37732],[-5.98602,37.37725],[-5.98596,37.37727],[-5.9859,37.37718],[-5.98592,37.37717],[-5.98587,37.37709],[-5.98583,37.3771],[-5.98581,37.37702],[-5.9858,37.37694],[-5.98579,37.37684],[-5.9858,37.37674],[-5.98581,37.37665],[-5.98584,37.37655],[-5.98586,37.37648],[-5.98589,37.37641],[-5.9859,37.37641],[-5.98593,37.37642],[-5.98596,37.37643],[-5.98602,37.37641],[-5.98604,37.37637],[-5.98606,37.37634],[-5.98606,37.37628],[-5.98603,37.37627],[-5.98599,37.37625],[-5.98605,37.37618],[-5.98613,37.37611],[-5.98621,37.37604],[-5.9863,37.37598],[-5.9864,37.37592],[-5.9865,37.37587],[-5.98665,37.37581],[-5.98667,37.37585],[-5.98669,37.37584],[-5.98674,37.37592],[-5.98678,37.376],[-5.98677,37.376],[-5.98677,37.37601],[-5.9868,37.37605],[-5.98663,37.37611],[-5.98648,37.37619],[-5.98635,37.3763],[-5.98626,37.37642],[-5.98625,37.37641],[-5.98624,37.37641],[-5.98622,37.37644],[-5.9862,37.37648],[-5.98621,37.37648],[-5.98621,37.37649],[-5.98616,37.37662],[-5.98613,37.37676],[-5.98613,37.37691],[-5.98616,37.37704],[-5.98618,37.37711],[-5.9862,37.37719],[-5.98619,37.37719],[-5.98621,37.37723],[-5.98622,37.37726],[-5.98612,37.3773]]}},{"type":"Feature","properties":{"name":"Plaza de América","kind":"road","road":"pedestrian","osm":40671553},"geometry":{"type":"LineString","coordinates":[[-5.98809,37.37098],[-5.98811,37.37097],[-5.98817,37.37095],[-5.98825,37.37093],[-5.98833,37.37092],[-5.98842,37.37094],[-5.98849,37.37097],[-5.98856,37.37101],[-5.98861,37.37108],[-5.98864,37.37115],[-5.98864,37.37121],[-5.98863,37.37127],[-5.98859,37.37133],[-5.98855,37.37138],[-5.98848,37.37142],[-5.98841,37.37145],[-5.98839,37.37146]]}},{"type":"Feature","properties":{"name":"Plaza de América","kind":"water","road":"","osm":40671555},"geometry":{"type":"Polygon","coordinates":[[[-5.98759,37.37151],[-5.98757,37.37147],[-5.98754,37.37147],[-5.98752,37.37147],[-5.9875,37.37143],[-5.98746,37.37141],[-5.98742,37.37139],[-5.98736,37.37141],[-5.98735,37.37145],[-5.98735,37.37149],[-5.98737,37.37154],[-5.98734,37.37155],[-5.98735,37.37157],[-5.98737,37.37159],[-5.9874,37.37159],[-5.98743,37.37163],[-5.98751,37.37166],[-5.98754,37.37165],[-5.98757,37.37164],[-5.98758,37.3716],[-5.98758,37.37156],[-5.98756,37.37153],[-5.98759,37.37151]]]}},{"type":"Feature","properties":{"name":"","kind":"road","road":"pedestrian","osm":40671557},"geometry":{"type":"LineString","coordinates":[[-5.98682,37.37207],[-5.98707,37.37245],[-5.9871,37.3725],[-5.9872,37.37266],[-5.98726,37.37274],[-5.98736,37.3729],[-5.9874,37.37295]]}},{"type":"Feature","properties":{"name":"Plaza de España","kind":"road","road":"pedestrian","osm":40671558},"geometry":{"type":"LineString","coordinates":[[-5.98795,37.37792],[-5.98799,37.37798],[-5.98796,37.37799],[-5.98798,37.37802],[-5.98788,37.37806],[-5.98778,37.3781],[-5.98768,37.37813],[-5.98758,37.37815],[-5.98747,37.37816],[-5.98737,37.37817],[-5.98726,37.37817],[-5.98715,37.37817],[-5.98716,37.37814],[-5.98716,37.37812],[-5.98711,37.37807],[-5.98702,37.37806],[-5.98695,37.37807],[-5.98694,37.37811],[-5.98693,37.37813],[-5.98687,37.37812],[-5.98676,37.37808],[-5.98665,37.37803],[-5.98656,37.37798],[-5.98646,37.37792],[-5.98638,37.37787],[-5.9863,37.37781],[-5.98623,37.37773],[-5.98625,37.37772],[-5.98621,37.37764],[-5.98619,37.37765],[-5.98613,37.37755],[-5.98619,37.37753],[-5.98615,37.37746],[-5.98621,37.37743],[-5.98631,37.37739],[-5.98633,37.37743],[-5.98635,37.37746],[-5.98636,37.37746],[-5.98647,37.37757],[-5.98659,37.37767],[-5.98673,37.37776],[-5.98689,37.37784],[-5.98706,37.37789],[-5.98706,37.3779],[-5.98711,37.37791],[-5.98715,37.37792],[-5.98715,37.37791],[-5.98724,37.37792],[-5.98733,37.37792],[-5.98741,37.37791],[-5.98751,37.3779],[-5.9876,37.37788],[-5.98768,37.37785],[-5.98785,37.37779],[-5.98788,37.37783],[-5.9879,37.37783],[-5.98795,37.37792]]}},{"type":"Feature","properties":{"name":"","kind":"road","road":"pedestrian","osm":40673701},"geometry":{"type":"LineString","coordinates":[[-5.9872,37.37266],[-5.98737,37.37268],[-5.98753,37.37267],[-5.98769,37.37262],[-5.98798,37.3725],[-5.98806,37.37247],[-5.98812,37.37245],[-5.98859,37.37227],[-5.98869,37.37221]]}},{"type":"Feature","properties":{"name":"","kind":"road","road":"pedestrian","osm":40673712},"geometry":{"type":"LineString","coordinates":[[-5.98836,37.37299],[-5.98828,37.37302],[-5.98807,37.3731],[-5.98801,37.3731],[-5.98794,37.37307],[-5.98789,37.37302],[-5.98773,37.37295],[-5.98762,37.37293],[-5.98749,37.37293],[-5.9874,37.37295],[-5.98731,37.373],[-5.98729,37.37303],[-5.98726,37.37305],[-5.98721,37.37311],[-5.98718,37.37318],[-5.98717,37.37324],[-5.98716,37.37337],[-5.98717,37.37339],[-5.98708,37.37348],[-5.98694,37.37356],[-5.98689,37.37359],[-5.98688,37.37363],[-5.98688,37.37365],[-5.98689,37.37367],[-5.98696,37.37378]]}},{"type":"Feature","properties":{"name":"Avenida Hernán Cortés","kind":"road","road":"pedestrian","osm":40673716},"geometry":{"type":"LineString","coordinates":[[-5.98696,37.37378],[-5.98705,37.37393],[-5.98735,37.37443],[-5.98777,37.37512],[-5.98814,37.37574],[-5.98821,37.37585],[-5.98839,37.37616],[-5.98851,37.37635],[-5.98857,37.37645]]}},{"type":"Feature","properties":{"name":"","kind":"road","road":"pedestrian","osm":40673717},"geometry":{"type":"LineString","coordinates":[[-5.98869,37.37221],[-5.98874,37.37214],[-5.98876,37.37211],[-5.98874,37.37201],[-5.98867,37.37186],[-5.98841,37.37145]]}},{"type":"Feature","properties":{"name":"Calle Ciudad de Ronda","kind":"road","road":"pedestrian","osm":40674175},"geometry":{"type":"LineString","coordinates":[[-5.9837,37.37981],[-5.98373,37.37974]]}},{"type":"Feature","properties":{"name":"Avenida Isabel la Católica","kind":"road","road":"pedestrian","osm":40674176},"geometry":{"type":"LineString","coordinates":[[-5.98685,37.37536],[-5.98685,37.37543],[-5.98687,37.37547],[-5.98707,37.37579],[-5.98761,37.37668]]}},{"type":"Feature","properties":{"name":"","kind":"road","road":"pedestrian","osm":40674327},"geometry":{"type":"LineString","coordinates":[[-5.9907,37.37561],[-5.99065,37.37574],[-5.99044,37.37625],[-5.99042,37.37632],[-5.99033,37.37656]]}},{"type":"Feature","properties":{"name":"Plaza Carmen Benítez","kind":"road","road":"pedestrian","osm":42959259},"geometry":{"type":"LineString","coordinates":[[-5.98362,37.39087],[-5.98338,37.39086],[-5.98336,37.39086],[-5.98321,37.39085],[-5.98322,37.39072],[-5.98323,37.39059],[-5.98359,37.39073],[-5.98366,37.39075],[-5.98362,37.39087]]}},{"type":"Feature","properties":{"name":"","kind":"water","road":"","osm":45172174},"geometry":{"type":"Polygon","coordinates":[[[-5.97893,37.38283],[-5.97898,37.38246],[-5.97943,37.3825],[-5.97939,37.38287],[-5.97893,37.38283]]]}},{"type":"Feature","properties":{"name":"","kind":"road","road":"primary","osm":45172175},"geometry":{"type":"LineString","coordinates":[[-5.97977,37.37823],[-5.97977,37.37818],[-5.97976,37.37815],[-5.97975,37.37813],[-5.97973,37.37811],[-5.97969,37.3781],[-5.97965,37.37808],[-5.97924,37.37796],[-5.97914,37.37793],[-5.97911,37.37792],[-5.97908,37.37791],[-5.97905,37.37791],[-5.97902,37.37791],[-5.979,37.37791],[-5.97898,37.37792]]}},{"type":"Feature","properties":{"name":"Parque Rectora Rosario Valpuesta","kind":"park","road":"","osm":45172177},"geometry":{"type":"Polygon","coordinates":[[[-5.97797,37.37568],[-5.97716,37.37588],[-5.97694,37.37593],[-5.97684,37.37566],[-5.97683,37.37561],[-5.97682,37.37557],[-5.97728,37.37423],[-5.97738,37.37426],[-5.97747,37.37423],[-5.97789,37.37536],[-5.97792,37.37543],[-5.97788,37.37544],[-5.97797,37.37568]]]}},{"type":"Feature","properties":{"name":"Avenida José Laguillo","kind":"road","road":"primary","osm":49664466},"geometry":{"type":"LineString","coordinates":[[-5.98308,37.39394],[-5.98288,37.39386],[-5.98279,37.39381],[-5.98246,37.39367],[-5.98235,37.39362]]}},{"type":"Feature","properties":{"name":"Avenida José Laguillo","kind":"road","road":"primary","osm":49664467},"geometry":{"type":"LineString","coordinates":[[-5.97556,37.39027],[-5.97596,37.3905],[-5.97658,37.39084],[-5.97668,37.3909],[-5.97675,37.39094],[-5.97681,37.39097],[-5.97688,37.39101],[-5.97698,37.39107],[-5.97746,37.39134]]}},{"type":"Feature","properties":{"name":"Calle Juan Antonio Cavestany","kind":"road","road":"secondary","osm":50001920},"geometry":{"type":"LineString","coordinates":[[-5.98236,37.38808],[-5.98227,37.38817],[-5.98218,37.38827],[-5.98215,37.38829],[-5.98145,37.38905],[-5.98103,37.3894],[-5.98091,37.3895],[-5.98016,37.39013],[-5.97984,37.3904],[-5.97864,37.39139],[-5.9786,37.39143],[-5.9784,37.39159]]}},{"type":"Feature","properties":{"name":"Calle Juan Antonio Cavestany","kind":"road","road":"secondary","osm":50001921},"geometry":{"type":"LineString","coordinates":[[-5.97814,37.39193],[-5.97821,37.39187],[-5.97838,37.39173],[-5.97847,37.39165]]}},{"type":"Feature","properties":{"name":"Calle Virgen de la Encarnación","kind":"road","road":"pedestrian","osm":50001922},"geometry":{"type":"LineString","coordinates":[[-5.98091,37.3895],[-5.98057,37.38911],[-5.98024,37.38869],[-5.98017,37.38847],[-5.98031,37.3878],[-5.98033,37.3877]]}},{"type":"Feature","properties":{"name":"","kind":"park","road":"","osm":50001924},"geometry":{"type":"Polygon","coordinates":[[[-5.9781,37.3913],[-5.97796,37.3914],[-5.97708,37.39084],[-5.97709,37.39073],[-5.9771,37.39066],[-5.97695,37.3907],[-5.97695,37.39068],[-5.97706,37.39016],[-5.97715,37.38983],[-5.97721,37.38963],[-5.97744,37.38912],[-5.97755,37.38918],[-5.97772,37.38972],[-5.9781,37.3913]]]}},{"type":"Feature","properties":{"name":"Calle José María Moreno Galván","kind":"road","road":"secondary","osm":50001925},"geometry":{"type":"LineString","coordinates":[[-5.98309,37.38685],[-5.9829,37.38719],[-5.98247,37.38791],[-5.98245,37.38795],[-5.98241,37.38802],[-5.98236,37.38808]]}},{"type":"Feature","properties":{"name":"Jardines de la Calzada","kind":"park","road":"","osm":50001930},"geometry":{"type":"Polygon","coordinates":[[[-5.97818,37.39076],[-5.97937,37.39015],[-5.97938,37.39014],[-5.97971,37.39039],[-5.97896,37.39101],[-5.97887,37.39092],[-5.97829,37.39122],[-5.97818,37.39076]]]}},{"type":"Feature","properties":{"name":"Calle Castilla","kind":"road","road":"tertiary","osm":53826242},"geometry":{"type":"LineString","coordinates":[[-6.00772,37.38858],[-6.00761,37.38855],[-6.00758,37.38854],[-6.00727,37.38838],[-6.00643,37.38786],[-6.00626,37.38775],[-6.00588,37.38751],[-6.00581,37.38747],[-6.00568,37.38738],[-6.00544,37.38714],[-6.00511,37.38685],[-6.00507,37.38681],[-6.00463,37.38638],[-6.00429,37.38605]]}},{"type":"Feature","properties":{"name":"Plaza de Chapina","kind":"road","road":"secondary","osm":53826243},"geometry":{"type":"LineString","coordinates":[[-6.00772,37.38858],[-6.00776,37.38878],[-6.00779,37.38896],[-6.00782,37.38913],[-6.00785,37.38933],[-6.00791,37.38967],[-6.00794,37.38985],[-6.00795,37.38987]]}},{"type":"Feature","properties":{"name":"Calle San Jacinto","kind":"road","road":"pedestrian","osm":53826244},"geometry":{"type":"LineString","coordinates":[[-6.00511,37.38369],[-6.00505,37.38375]]}},{"type":"Feature","properties":{"name":"Calle San Jacinto","kind":"road","road":"tertiary","osm":53826245},"geometry":{"type":"LineString","coordinates":[[-6.00342,37.38512],[-6.00333,37.38525],[-6.00331,37.38527],[-6.00293,37.38573]]}},{"type":"Feature","properties":{"name":"Calle José Laguillo","kind":"road","road":"primary","osm":53827956},"geometry":{"type":"LineString","coordinates":[[-5.97814,37.39158],[-5.97793,37.39149],[-5.97789,37.39147],[-5.97754,37.39128]]}},{"type":"Feature","properties":{"name":"Avenida de la Guardia Civil","kind":"road","road":"secondary","osm":54617128},"geometry":{"type":"LineString","coordinates":[[-5.98542,37.36963],[-5.98552,37.36963],[-5.98579,37.36958],[-5.98583,37.36957],[-5.98586,37.36956],[-5.98698,37.36935],[-5.98715,37.36933],[-5.98736,37.36935],[-5.98741,37.36936]]}},{"type":"Feature","properties":{"name":"Avenida Moliní","kind":"road","road":"secondary","osm":54617132},"geometry":{"type":"LineString","coordinates":[[-5.98812,37.36942],[-5.9885,37.3694],[-5.98862,37.3694]]}},{"type":"Feature","properties":{"name":"","kind":"road","road":"secondary","osm":54617145},"geometry":{"type":"LineString","coordinates":[[-5.9858,37.36951],[-5.98569,37.36946],[-5.98566,37.36943],[-5.98564,37.36939],[-5.98562,37.36931],[-5.98559,37.36923]]}},{"type":"Feature","properties":{"name":"Calle Rafael María de Labra","kind":"road","road":"pedestrian","osm":54617154},"geometry":{"type":"LineString","coordinates":[[-5.97717,37.36981],[-5.97711,37.36951]]}},{"type":"Feature","properties":{"name":"Calle Inca Garcilaso","kind":"road","road":"tertiary","osm":54676627},"geometry":{"type":"LineString","coordinates":[[-6.01041,37.39081],[-6.01071,37.39091],[-6.01073,37.39092],[-6.01083,37.39098],[-6.01093,37.39107],[-6.01096,37.39114],[-6.01097,37.39122],[-6.01095,37.39131],[-6.01094,37.39133],[-6.01093,37.39136],[-6.01075,37.39203],[-6.01073,37.39212],[-6.01069,37.39226],[-6.01066,37.39237],[-6.01063,37.39249],[-6.01054,37.39282],[-6.01054,37.39284],[-6.01048,37.39303],[-6.01038,37.39342],[-6.01021,37.39406],[-6.01018,37.39415],[-6.01017,37.39419],[-6.01012,37.39438]]}},{"type":"Feature","properties":{"name":"Calle Leonardo da Vinci","kind":"road","road":"tertiary","osm":54725699},"geometry":{"type":"LineString","coordinates":[[-6.00934,37.40084],[-6.00907,37.40101],[-6.00825,37.40153],[-6.00806,37.40164],[-6.00805,37.40171],[-6.00803,37.40176],[-6.0079,37.40226],[-6.0078,37.40262],[-6.00762,37.40328],[-6.0075,37.40374],[-6.00745,37.40393],[-6.00729,37.40452],[-6.0071,37.40522]]}},{"type":"Feature","properties":{"name":"Jardines del Cristina","kind":"park","road":"","osm":54905948},"geometry":{"type":"Polygon","coordinates":[[[-5.99374,37.38193],[-5.99371,37.38193],[-5.99368,37.38191],[-5.99367,37.38189],[-5.99366,37.38186],[-5.99367,37.38184],[-5.99367,37.38182],[-5.99373,37.38166],[-5.99384,37.38139],[-5.99396,37.38109],[-5.99407,37.3808],[-5.99418,37.38052],[-5.99419,37.3805],[-5.99422,37.38047],[-5.99425,37.38046],[-5.99428,37.38045],[-5.99432,37.38046],[-5.99436,37.38049],[-5.99437,37.3805],[-5.99448,37.38065],[-5.99478,37.38107],[-5.99488,37.38121],[-5.9949,37.38123],[-5.9949,37.38127],[-5.9949,37.3813],[-5.9949,37.38131],[-5.99488,37.38134],[-5.99484,37.38137],[-5.99467,37.38145],[-5.99465,37.38147],[-5.99404,37.38177],[-5.99384,37.38188],[-5.99374,37.38193]]]}},{"type":"Feature","properties":{"name":"Plaza Ministro Indalecio Prieto","kind":"road","road":"pedestrian","osm":54905949},"geometry":{"type":"LineString","coordinates":[[-5.99443,37.38361],[-5.99451,37.38393],[-5.99435,37.38395]]}},{"type":"Feature","properties":{"name":"Calle Maese Rodrigo","kind":"road","road":"pedestrian","osm":54905951},"geometry":{"type":"LineString","coordinates":[[-5.99366,37.38297],[-5.99396,37.38303],[-5.99429,37.38305]]}},{"type":"Feature","properties":{"name":"Calle Joaquín Hazañas","kind":"road","road":"pedestrian","osm":54905952},"geometry":{"type":"LineString","coordinates":[[-5.99396,37.38303],[-5.9942,37.38367]]}},{"type":"Feature","properties":{"name":"Jardín Americano de la Expo 92","kind":"park","road":"","osm":55142903},"geometry":{"type":"Polygon","coordinates":[[[-6.00474,37.39845],[-6.00475,37.39841],[-6.00486,37.398],[-6.00488,37.39792],[-6.00491,37.39762],[-6.00491,37.39745],[-6.00576,37.39645],[-6.00653,37.39552],[-6.00678,37.39564],[-6.0072,37.3951],[-6.00722,37.39509],[-6.00727,37.39505],[-6.00751,37.39518],[-6.00758,37.39518],[-6.00787,37.39501],[-6.00791,37.39504],[-6.00793,37.39503],[-6.00793,37.39508],[-6.00764,37.39536],[-6.00737,37.39542],[-6.00725,37.3955],[-6.00723,37.39552],[-6.00725,37.39559],[-6.00716,37.39562],[-6.00623,37.39671],[-6.00598,37.39701],[-6.00597,37.39711],[-6.00592,37.39707],[-6.00585,37.39715],[-6.0055,37.3975],[-6.00518,37.3979],[-6.0055,37.39804],[-6.00495,37.39877],[-6.00487,37.39875],[-6.00488,37.39842],[-6.00474,37.39845]]]}},{"type":"Feature","properties":{"name":"Avenida Flota de Indias","kind":"road","road":"primary","osm":55461510},"geometry":{"type":"LineString","coordinates":[[-5.99743,37.37155],[-5.99791,37.37154],[-5.99869,37.37151],[-5.99914,37.3715],[-5.99982,37.37148],[-5.99995,37.37147],[-6.00052,37.37145]]}},{"type":"Feature","properties":{"name":"Calle Alfonso de Orleans y Borbón","kind":"road","road":"primary","osm":55461511},"geometry":{"type":"LineString","coordinates":[[-6.00402,37.37129],[-6.00395,37.37118],[-6.00393,37.37113],[-6.00386,37.37097],[-6.00385,37.37082],[-6.00385,37.37072],[-6.00392,37.3703],[-6.00396,37.37002],[-6.00404,37.3695],[-6.00409,37.36916],[-6.00412,37.3691],[-6.00424,37.36895]]}},{"type":"Feature","properties":{"name":"","kind":"road","road":"primary","osm":55461512},"geometry":{"type":"LineString","coordinates":[[-6.00898,37.3741],[-6.0088,37.37434],[-6.00878,37.37437]]}},{"type":"Feature","properties":{"name":"Calle Ignacio Sánchez Mejías","kind":"road","road":"pedestrian","osm":55461513},"geometry":{"type":"LineString","coordinates":[[-5.99523,37.37058],[-5.99581,37.37056],[-5.9959,37.37047],[-5.99588,37.3698],[-5.9958,37.36847],[-5.99614,37.36817]]}},{"type":"Feature","properties":{"name":"Calle Rafael Gómez Ortega","kind":"road","road":"pedestrian","osm":55461515},"geometry":{"type":"LineString","coordinates":[[-5.99737,37.3698],[-5.99724,37.36977],[-5.99713,37.36975],[-5.99709,37.36975],[-5.99588,37.3698]]}},{"type":"Feature","properties":{"name":"Calle Curro Romero","kind":"road","road":"pedestrian","osm":55461516},"geometry":{"type":"LineString","coordinates":[[-5.99734,37.36908],[-5.99723,37.369],[-5.99711,37.36891],[-5.99708,37.36889],[-5.99614,37.36817],[-5.99582,37.36792],[-5.99526,37.36791]]}},{"type":"Feature","properties":{"name":"Calle Asunción","kind":"road","road":"tertiary","osm":55461517},"geometry":{"type":"LineString","coordinates":[[-5.99752,37.3747],[-5.99749,37.37413],[-5.99748,37.37362],[-5.99746,37.37327],[-5.99745,37.37307],[-5.99743,37.37258],[-5.99742,37.3725],[-5.99739,37.37175],[-5.99739,37.37166],[-5.99739,37.37162],[-5.99743,37.37155]]}},{"type":"Feature","properties":{"name":"Avenida de la Constitución","kind":"road","road":"pedestrian","osm":56767102},"geometry":{"type":"LineString","coordinates":[[-5.99402,37.38507],[-5.99394,37.38456],[-5.99392,37.38438],[-5.99387,37.38411],[-5.99384,37.38394],[-5.99381,37.38373],[-5.99379,37.38362],[-5.99372,37.38325],[-5.99368,37.38307],[-5.99366,37.38297],[-5.99356,37.38294],[-5.99352,37.38293],[-5.99347,37.38291],[-5.99338,37.38288],[-5.9934,37.38296],[-5.99346,37.38326],[-5.99352,37.38357],[-5.99355,37.38367],[-5.99354,37.38369],[-5.99352,37.38376],[-5.9935,37.38383],[-5.9936,37.38399],[-5.99358,37.38401],[-5.99358,37.38403],[-5.99361,37.38407],[-5.99357,37.38408],[-5.99356,37.38411],[-5.99355,37.38415],[-5.99355,37.38432],[-5.99357,37.38446],[-5.99358,37.38449],[-5.9936,37.38467],[-5.99363,37.38484],[-5.99374,37.38508],[-5.99383,37.38529],[-5.99389,37.3854],[-5.9939,37.38547],[-5.99391,37.38554],[-5.99392,37.38562],[-5.99395,37.38584],[-5.99396,37.38591],[-5.99396,37.38598],[-5.99399,37.38614],[-5.99399,37.38621],[-5.99404,37.3866],[-5.99404,37.38668],[-5.99404,37.38676],[-5.99406,37.38687],[-5.99406,37.38689],[-5.99406,37.38692],[-5.99403,37.38692],[-5.99406,37.38714],[-5.99407,37.3872],[-5.99411,37.38748],[-5.99411,37.38752],[-5.99412,37.38755],[-5.99418,37.38801],[-5.9942,37.38802],[-5.99442,37.38822],[-5.99447,37.38822],[-5.99447,37.38825],[-5.99448,37.38834],[-5.99463,37.38832],[-5.99482,37.38826],[-5.99491,37.38823],[-5.99489,37.38809],[-5.99484,37.38808],[-5.99479,37.38807],[-5.99476,37.38808],[-5.99472,37.38808],[-5.99464,37.38806],[-5.99455,37.38801],[-5.99453,37.38798],[-5.99453,37.38775],[-5.99448,37.38775],[-5.99444,37.38775],[-5.99442,37.38775],[-5.99441,37.38775],[-5.99441,37.38774],[-5.9944,37.38773],[-5.9944,37.38772],[-5.99439,37.38765],[-5.99438,37.38765],[-5.99438,37.38759],[-5.99425,37.38666],[-5.99424,37.38662],[-5.99424,37.38658],[-5.99419,37.38627],[-5.99418,37.38622],[-5.99418,37.38616],[-5.99415,37.38598],[-5.99415,37.38592],[-5.99413,37.38583],[-5.99412,37.38576],[-5.99411,37.38569],[-5.99411,37.38568],[-5.9941,37.3856],[-5.99409,37.38552],[-5.99408,37.38545],[-5.99407,37.38539],[-5.99407,37.38536],[-5.99406,37.38529],[-5.99406,37.38527],[-5.99406,37.38524],[-5.99402,37.38507]]}},{"type":"Feature","properties":{"name":"Calle San Fernando","kind":"road","road":"pedestrian","osm":56767111},"geometry":{"type":"LineString","coordinates":[[-5.9889,37.38117],[-5.98896,37.38119],[-5.98901,37.3812],[-5.98902,37.38117],[-5.98904,37.38118],[-5.98907,37.38119],[-5.98913,37.3812],[-5.98943,37.38128],[-5.99182,37.38191],[-5.99189,37.38193],[-5.99191,37.38194],[-5.99209,37.38198],[-5.99289,37.3822],[-5.99298,37.38216],[-5.99308,37.38212],[-5.99308,37.38216],[-5.99307,37.38218],[-5.99307,37.3822],[-5.99307,37.38222],[-5.99305,37.38221],[-5.99302,37.38224],[-5.99306,37.38226],[-5.99306,37.38229],[-5.99305,37.38233],[-5.99305,37.38239],[-5.99304,37.38246],[-5.99283,37.3824],[-5.99259,37.38234],[-5.99242,37.3823],[-5.99224,37.38225],[-5.99208,37.3822],[-5.9919,37.38216],[-5.99173,37.38211],[-5.99156,37.38207],[-5.99139,37.38202],[-5.99104,37.38193],[-5.99086,37.38188],[-5.99069,37.38184],[-5.99052,37.38179],[-5.99031,37.38174],[-5.99014,37.38169],[-5.98996,37.38164],[-5.98979,37.3816],[-5.98961,37.38155],[-5.98939,37.38149],[-5.98935,37.38148],[-5.98928,37.38146],[-5.98924,37.38145],[-5.98916,37.38143],[-5.98917,37.3814],[-5.98913,37.38139],[-5.98908,37.38136],[-5.98905,37.38134],[-5.9888,37.38127],[-5.98882,37.38123],[-5.98885,37.38116],[-5.9889,37.38117]]}},{"type":"Feature","properties":{"name":"","kind":"road","road":"pedestrian","osm":56767119},"geometry":{"type":"LineString","coordinates":[[-5.99232,37.38567],[-5.99227,37.38532],[-5.99229,37.38528],[-5.99232,37.38524],[-5.99216,37.38532],[-5.99197,37.38542],[-5.99204,37.38551],[-5.99217,37.38569],[-5.99223,37.38568],[-5.99232,37.38567]]}},{"type":"Feature","properties":{"name":"Calle Barcelona","kind":"road","road":"pedestrian","osm":56767123},"geometry":{"type":"LineString","coordinates":[[-5.99553,37.38819],[-5.99547,37.38774]]}},{"type":"Feature","properties":{"name":"Calle Joaquín Guichot","kind":"road","road":"pedestrian","osm":56767125},"geometry":{"type":"LineString","coordinates":[[-5.99472,37.3882],[-5.99479,37.38815],[-5.99484,37.38808],[-5.99507,37.38791],[-5.9953,37.38777],[-5.99547,37.38774],[-5.99559,37.38772],[-5.99563,37.38769]]}},{"type":"Feature","properties":{"name":"Calle Albareda","kind":"road","road":"pedestrian","osm":56767128},"geometry":{"type":"LineString","coordinates":[[-5.99568,37.38945],[-5.99545,37.38945],[-5.99501,37.38947],[-5.99458,37.3895]]}},{"type":"Feature","properties":{"name":"Calle Almirante Bonifaz","kind":"road","road":"pedestrian","osm":56767129},"geometry":{"type":"LineString","coordinates":[[-5.99456,37.38946],[-5.99451,37.38947],[-5.99437,37.38945],[-5.9942,37.38944]]}},{"type":"Feature","properties":{"name":"Plaza de Montepirolo","kind":"road","road":"pedestrian","osm":57775976},"geometry":{"type":"LineString","coordinates":[[-6.00815,37.38351],[-6.008,37.3836],[-6.00792,37.38364],[-6.00747,37.38391],[-6.00715,37.3841],[-6.007,37.38418]]}},{"type":"Feature","properties":{"name":"Avenida Ramón Carande","kind":"road","road":"primary","osm":57935988},"geometry":{"type":"LineString","coordinates":[[-5.97931,37.37637],[-5.97921,37.37583],[-5.979,37.37476],[-5.97891,37.37429],[-5.97863,37.37286],[-5.97861,37.37277],[-5.97853,37.37262]]}},{"type":"Feature","properties":{"name":"Calle Presidente Cárdenas","kind":"road","road":"pedestrian","osm":57935990},"geometry":{"type":"LineString","coordinates":[[-5.9771,37.37242],[-5.9771,37.37244],[-5.97724,37.37309],[-5.97737,37.37351]]}},{"type":"Feature","properties":{"name":"Calle Doctor Pedro de Castro","kind":"road","road":"primary","osm":57935994},"geometry":{"type":"LineString","coordinates":[[-5.97948,37.37677],[-5.97961,37.37681],[-5.98012,37.37695],[-5.98014,37.37696],[-5.98027,37.37699],[-5.98043,37.37704],[-5.98116,37.37724],[-5.9812,37.37725],[-5.98151,37.37733],[-5.9816,37.37736],[-5.9817,37.37738],[-5.98175,37.37739],[-5.9821,37.37748],[-5.9827,37.37763],[-5.98277,37.37765],[-5.98358,37.37787],[-5.98387,37.37793]]}},{"type":"Feature","properties":{"name":"","kind":"road","road":"primary","osm":57935996},"geometry":{"type":"LineString","coordinates":[[-5.97951,37.37667],[-5.97943,37.37658],[-5.97935,37.37648],[-5.97931,37.37637]]}},{"type":"Feature","properties":{"name":"","kind":"road","road":"primary","osm":57935997},"geometry":{"type":"LineString","coordinates":[[-5.97925,37.37656],[-5.97933,37.3767],[-5.97939,37.37675],[-5.97948,37.37677]]}},{"type":"Feature","properties":{"name":"Avenida Ramón Carande","kind":"road","road":"primary","osm":57935998},"geometry":{"type":"LineString","coordinates":[[-5.97925,37.37656],[-5.97931,37.37688],[-5.9793,37.37698],[-5.97929,37.37712]]}},{"type":"Feature","properties":{"name":"Calle Felipe II","kind":"road","road":"tertiary","osm":57938822},"geometry":{"type":"LineString","coordinates":[[-5.97847,37.37216],[-5.97866,37.37213],[-5.97994,37.37196],[-5.98004,37.37195],[-5.98082,37.37187],[-5.98112,37.37184],[-5.98161,37.37178]]}},{"type":"Feature","properties":{"name":"Plazuela de Santa Ana","kind":"road","road":"pedestrian","osm":58963753},"geometry":{"type":"LineString","coordinates":[[-6.00098,37.38242],[-6.0009,37.38248],[-6.00082,37.38254],[-6.00076,37.38258],[-6.00088,37.38272],[-6.0009,37.38271],[-6.00095,37.38265],[-6.00102,37.3826],[-6.00108,37.38254],[-6.00098,37.38242]]}},{"type":"Feature","properties":{"name":"","kind":"road","road":"secondary","osm":58993468},"geometry":{"type":"LineString","coordinates":[[-5.98367,37.38858],[-5.98355,37.38871],[-5.98354,37.38873],[-5.98354,37.38876],[-5.98355,37.38878],[-5.98356,37.3888],[-5.98364,37.38886]]}},{"type":"Feature","properties":{"name":"Calle Luis Montoto","kind":"road","road":"primary","osm":58993469},"geometry":{"type":"LineString","coordinates":[[-5.98367,37.38858],[-5.98362,37.38861],[-5.98357,37.38862],[-5.98353,37.38863],[-5.98349,37.38862],[-5.98344,37.38862],[-5.98339,37.3886],[-5.9833,37.38855],[-5.98326,37.38853],[-5.9832,37.3885]]}},{"type":"Feature","properties":{"name":"Avenida Menéndez Pelayo","kind":"road","road":"primary","osm":58993470},"geometry":{"type":"LineString","coordinates":[[-5.98501,37.38774],[-5.98502,37.38771],[-5.98504,37.38767],[-5.98507,37.3876]]}},{"type":"Feature","properties":{"name":"Calle Amador de Los Ríos","kind":"road","road":"primary","osm":58993471},"geometry":{"type":"LineString","coordinates":[[-5.98276,37.38844],[-5.98274,37.38847],[-5.98272,37.3885],[-5.9827,37.38855],[-5.98267,37.38864],[-5.98264,37.38874],[-5.98253,37.38925],[-5.98253,37.38941],[-5.98263,37.39014],[-5.98265,37.39031]]}},{"type":"Feature","properties":{"name":"Calle Padre Luque","kind":"road","road":"pedestrian","osm":59529508},"geometry":{"type":"LineString","coordinates":[[-5.97957,37.38626],[-5.97958,37.38623],[-5.9796,37.38621],[-5.97965,37.38608],[-5.97971,37.38596],[-5.97998,37.38599],[-5.98039,37.38603],[-5.98057,37.38604],[-5.98129,37.38611],[-5.98132,37.38611]]}},{"type":"Feature","properties":{"name":"Parque Blanco White","kind":"park","road":"","osm":59529523},"geometry":{"type":"Polygon","coordinates":[[[-5.98049,37.38612],[-5.98038,37.38611],[-5.97975,37.38605],[-5.97973,37.3861],[-5.97948,37.38662],[-5.97982,37.38673],[-5.97987,37.38674],[-5.98025,37.38678],[-5.98042,37.38679],[-5.9805,37.38617],[-5.98051,37.38614],[-5.98049,37.38612]]]}},{"type":"Feature","properties":{"name":"Avenida de la Buhaira","kind":"road","road":"secondary","osm":59529524},"geometry":{"type":"LineString","coordinates":[[-5.97916,37.38444],[-5.97896,37.38492],[-5.97861,37.38579],[-5.97838,37.38636],[-5.97814,37.38696],[-5.97812,37.38699],[-5.9781,37.38705],[-5.97804,37.38717]]}},{"type":"Feature","properties":{"name":"Calle Recreo","kind":"road","road":"pedestrian","osm":60236841},"geometry":{"type":"LineString","coordinates":[[-5.99393,37.39931],[-5.99397,37.39932],[-5.99408,37.39933],[-5.9946,37.39941]]}},{"type":"Feature","properties":{"name":"","kind":"park","road":"","osm":60335251},"geometry":{"type":"Polygon","coordinates":[[[-5.97949,37.38789],[-5.97938,37.38863],[-5.97946,37.38878],[-5.97925,37.38889],[-5.97923,37.38902],[-5.97871,37.38929],[-5.97786,37.38949],[-5.97768,37.38862],[-5.97827,37.38732],[-5.97914,37.38757],[-5.97912,37.38773],[-5.97918,37.38774],[-5.97916,37.38781],[-5.97929,37.38782],[-5.97927,37.38787],[-5.97949,37.38789]]]}},{"type":"Feature","properties":{"name":"Jardines de San Telmo","kind":"park","road":"","osm":60739091},"geometry":{"type":"Polygon","coordinates":[[[-5.9933,37.37952],[-5.99328,37.37956],[-5.99326,37.37956],[-5.9931,37.37998],[-5.99309,37.37998],[-5.99308,37.37999],[-5.99309,37.38],[-5.99307,37.38006],[-5.99303,37.38005],[-5.99299,37.38014],[-5.99303,37.38015],[-5.99301,37.38021],[-5.993,37.38022],[-5.99293,37.38041],[-5.99296,37.38041],[-5.99289,37.38058],[-5.99288,37.38058],[-5.99284,37.38042],[-5.99279,37.38042],[-5.99273,37.38015],[-5.9927,37.38009],[-5.99265,37.38003],[-5.9926,37.37998],[-5.99253,37.37994],[-5.99244,37.3799],[-5.99215,37.37983],[-5.99211,37.37981],[-5.99209,37.37977],[-5.99209,37.37973],[-5.99279,37.37796],[-5.99284,37.37794],[-5.9935,37.37904],[-5.99349,37.37904],[-5.9935,37.37906],[-5.99351,37.37906],[-5.99352,37.37908],[-5.99352,37.37909],[-5.99353,37.3791],[-5.99354,37.3791],[-5.99355,37.37909],[-5.99358,37.37908],[-5.99359,37.37908],[-5.9936,37.37908],[-5.99364,37.37915],[-5.99394,37.37965],[-5.99396,37.37965],[-5.99399,37.37969],[-5.99388,37.37966],[-5.99388,37.37967],[-5.99367,37.37962],[-5.99367,37.37961],[-5.99366,37.37961],[-5.99366,37.3796],[-5.99365,37.3796],[-5.99364,37.3796],[-5.99362,37.3796],[-5.99362,37.37961],[-5.99341,37.37955],[-5.9933,37.37952]]]}},{"type":"Feature","properties":{"name":"","kind":"water","road":"","osm":60741751},"geometry":{"type":"Polygon","coordinates":[[[-6.00399,37.39836],[-6.00381,37.39845],[-6.00366,37.39854],[-6.00345,37.39881],[-6.00326,37.39908],[-6.00279,37.39962],[-6.002,37.40075],[-6.00162,37.40118],[-6.00108,37.40178],[-6.00075,37.4021],[-6.00036,37.40252],[-5.99951,37.40334],[-5.9985,37.40436],[-5.99817,37.40468],[-5.99792,37.40497],[-5.99765,37.40531],[-5.99677,37.40648],[-5.99328,37.41025],[-5.99305,37.41057],[-5.99269,37.41109],[-5.99249,37.41131],[-5.99225,37.41174],[-5.99216,37.41187],[-5.9921,37.412],[-5.99164,37.41267],[-5.99153,37.41303],[-5.99132,37.41365],[-5.99118,37.41389],[-5.99116,37.41392],[-5.99107,37.41385],[-5.99102,37.4139],[-5.99114,37.41396],[-5.99102,37.41406],[-5.99091,37.41401],[-5.99088,37.41405],[-5.991,37.41411],[-5.99099,37.41413],[-5.99071,37.41475],[-5.9903,37.41546],[-5.99014,37.41593],[-5.98954,37.41761],[-5.98954,37.41793],[-5.98945,37.41816],[-5.98932,37.41863],[-5.98936,37.41914],[-5.98938,37.41966],[-5.98937,37.41983],[-5.98926,37.41991],[-5.98928,37.42022],[-5.98944,37.42059],[-5.98963,37.42172],[-5.99003,37.42214],[-5.99017,37.42234],[-5.99032,37.42256],[-5.99033,37.42256],[-5.99033,37.42257],[-5.99079,37.42332],[-5.99122,37.42346],[-5.99152,37.42386],[-5.99176,37.42403],[-5.99291,37.42456],[-5.99413,37.42518],[-5.99496,37.42558],[-5.99539,37.4258],[-5.99522,37.42618],[-5.99475,37.42633],[-5.99445,37.42641],[-5.99418,37.42681],[-5.99404,37.42687],[-5.99393,37.42688],[-5.99334,37.42663],[-5.99085,37.42537],[-5.99037,37.4249],[-5.99031,37.42484],[-5.99022,37.42481],[-5.99011,37.42479],[-5.98998,37.4248],[-5.98988,37.42482],[-5.98979,37.42474],[-5.98943,37.42419],[-5.98817,37.42195],[-5.98805,37.42114],[-5.9878,37.41998],[-5.98784,37.41874],[-5.98791,37.4178],[-5.98821,37.41686],[-5.98903,37.41437],[-5.98909,37.4142],[-5.98923,37.41411],[-5.98948,37.41386],[-5.98961,37.41364],[-5.98965,37.41351],[-5.98969,37.41259],[-5.9897,37.41253],[-5.99372,37.40721],[-5.99428,37.40644],[-5.9948,37.40583],[-5.99582,37.40474],[-5.99673,37.40377],[-5.9992,37.40111],[-5.9999,37.4004],[-6.00171,37.39846],[-6.00174,37.39848],[-6.00215,37.39805],[-6.00211,37.39803],[-6.00341,37.39667],[-6.0044,37.39568],[-6.00451,37.39549],[-6.00451,37.39535],[-6.00521,37.39422],[-6.00538,37.3938],[-6.00538,37.39379],[-6.00538,37.39378],[-6.00542,37.39369],[-6.00574,37.39235],[-6.00579,37.39147],[-6.00568,37.39038],[-6.00558,37.39],[-6.00517,37.38935],[-6.00492,37.38912],[-6.00374,37.38803],[-6.00235,37.38689],[-6.00209,37.3868],[-6.00191,37.38674],[-6.00165,37.38654],[-6.00097,37.38603],[-6.00091,37.38607],[-6.00023,37.38552],[-6.00022,37.38553],[-5.99994,37.38528],[-5.99994,37.38526],[-5.99949,37.38491],[-5.99907,37.38455],[-5.99869,37.38423],[-5.99867,37.38424],[-5.99863,37.3842],[-5.99862,37.3842],[-5.99861,37.38419],[-5.99828,37.38391],[-5.99886,37.38363],[-5.99939,37.38336],[-5.99964,37.38357],[-5.9999,37.38379],[-6.00096,37.38453],[-6.00256,37.38555],[-6.00255,37.38557],[-6.00273,37.38578],[-6.00302,37.38596],[-6.00349,37.38619],[-6.00355,37.38622],[-6.00392,37.38668],[-6.00434,37.3871],[-6.00482,37.3874],[-6.0058,37.38833],[-6.00658,37.38895],[-6.00695,37.38989],[-6.00728,37.39166],[-6.00744,37.39191],[-6.00792,37.39218],[-6.00758,37.39335],[-6.00707,37.39327],[-6.00706,37.3933],[-6.00703,37.39333],[-6.00705,37.39334],[-6.00703,37.39339],[-6.00702,37.3934],[-6.00699,37.39338],[-6.00694,37.39342],[-6.00693,37.39343],[-6.00692,37.39344],[-6.00691,37.39346],[-6.0069,37.39347],[-6.0069,37.39348],[-6.0069,37.3935],[-6.0069,37.39351],[-6.00691,37.39352],[-6.00691,37.39353],[-6.00692,37.39353],[-6.00694,37.39354],[-6.00697,37.39354],[-6.00702,37.39352],[-6.00704,37.39351],[-6.00707,37.3935],[-6.00709,37.39349],[-6.0071,37.39347],[-6.0071,37.39346],[-6.0071,37.39345],[-6.00709,37.39344],[-6.00709,37.39343],[-6.00708,37.39343],[-6.00707,37.39343],[-6.00709,37.39341],[-6.00738,37.39346],[-6.00694,37.395],[-6.00653,37.39552],[-6.00576,37.39645],[-6.00491,37.39745],[-6.00462,37.39774],[-6.00456,37.39775],[-6.00452,37.3978],[-6.00438,37.39794],[-6.00421,37.39814],[-6.00408,37.39826],[-6.00414,37.39832],[-6.00413,37.39836],[-6.00409,37.39838],[-6.00399,37.39836]]]}},{"type":"Feature","properties":{"name":"Calle Enramadilla","kind":"road","road":"primary","osm":60769715},"geometry":{"type":"LineString","coordinates":[[-5.98281,37.37956],[-5.9826,37.37955],[-5.98242,37.3795],[-5.98208,37.37936],[-5.98081,37.37903],[-5.98025,37.37889],[-5.98021,37.37888],[-5.98005,37.37884],[-5.97999,37.37882],[-5.97994,37.37879],[-5.9799,37.37876],[-5.97984,37.37872]]}},{"type":"Feature","properties":{"name":"Plaza Fernando de Herrera","kind":"road","road":"pedestrian","osm":62021027},"geometry":{"type":"LineString","coordinates":[[-5.99412,37.39417],[-5.9939,37.39383],[-5.99389,37.39383],[-5.99385,37.39383],[-5.99384,37.39384],[-5.99379,37.39419],[-5.99412,37.39417]]}},{"type":"Feature","properties":{"name":"Calle Arguijo","kind":"road","road":"pedestrian","osm":62043694},"geometry":{"type":"LineString","coordinates":[[-5.99299,37.39363],[-5.99298,37.39344],[-5.99297,37.39315],[-5.99297,37.39306],[-5.993,37.39287],[-5.99301,37.39279]]}},{"type":"Feature","properties":{"name":"Calle Caballero de Illescas","kind":"road","road":"pedestrian","osm":64491329},"geometry":{"type":"LineString","coordinates":[[-6.00985,37.37959],[-6.00986,37.3796]]}},{"type":"Feature","properties":{"name":"Calle Maldonado Dávila","kind":"road","road":"pedestrian","osm":64491332},"geometry":{"type":"LineString","coordinates":[[-6.00923,37.37842],[-6.00948,37.37859]]}},{"type":"Feature","properties":{"name":"Calle Caballero de Illescas","kind":"road","road":"pedestrian","osm":64517272},"geometry":{"type":"LineString","coordinates":[[-6.00905,37.37902],[-6.0087,37.37878],[-6.00862,37.37869]]}},{"type":"Feature","properties":{"name":"Calle Maldonado Dávila","kind":"road","road":"pedestrian","osm":64522923},"geometry":{"type":"LineString","coordinates":[[-6.00956,37.37864],[-6.00964,37.3787],[-6.00981,37.37881]]}},{"type":"Feature","properties":{"name":"Calle Manuel de Lando","kind":"road","road":"pedestrian","osm":64523691},"geometry":{"type":"LineString","coordinates":[[-6.00938,37.37883],[-6.00932,37.37879]]}},{"type":"Feature","properties":{"name":"Calle Joaquin Román Sánchez","kind":"road","road":"pedestrian","osm":64894836},"geometry":{"type":"LineString","coordinates":[[-6.01042,37.3768],[-6.01018,37.37703],[-6.0101,37.37711]]}},{"type":"Feature","properties":{"name":"Calle Juan Muñoz Rodríguez","kind":"road","road":"pedestrian","osm":64894837},"geometry":{"type":"LineString","coordinates":[[-6.01017,37.37662],[-6.00985,37.37694]]}},{"type":"Feature","properties":{"name":"Calle Letrados de Sevilla","kind":"road","road":"pedestrian","osm":65231339},"geometry":{"type":"LineString","coordinates":[[-5.98685,37.38133],[-5.98795,37.38164]]}},{"type":"Feature","properties":{"name":"Calle Gutiérrez Bravo","kind":"road","road":"pedestrian","osm":65410691},"geometry":{"type":"LineString","coordinates":[[-6.00839,37.37884],[-6.00848,37.37895],[-6.00865,37.37906],[-6.00866,37.37907],[-6.00886,37.37919]]}},{"type":"Feature","properties":{"name":"","kind":"road","road":"pedestrian","osm":65410692},"geometry":{"type":"LineString","coordinates":[[-6.00825,37.37886],[-6.0082,37.3788],[-6.00813,37.37873]]}},{"type":"Feature","properties":{"name":"","kind":"park","road":"","osm":66150654},"geometry":{"type":"Polygon","coordinates":[[[-5.98634,37.39307],[-5.98635,37.39306],[-5.98634,37.39304],[-5.98631,37.39303],[-5.98627,37.39302],[-5.98622,37.39302],[-5.98618,37.39302],[-5.98614,37.39302],[-5.98612,37.39303],[-5.98612,37.39304],[-5.98615,37.39309],[-5.98616,37.3931],[-5.98619,37.3931],[-5.98634,37.39307]]]}},{"type":"Feature","properties":{"name":"Patio de la Diputación","kind":"road","road":"pedestrian","osm":66195910},"geometry":{"type":"LineString","coordinates":[[-5.98581,37.38522],[-5.98615,37.38472],[-5.98575,37.38455],[-5.98541,37.38505],[-5.98581,37.38522]]}},{"type":"Feature","properties":{"name":"Calle Espada","kind":"road","road":"pedestrian","osm":66389053},"geometry":{"type":"LineString","coordinates":[[-5.98527,37.39577],[-5.98518,37.39569],[-5.98503,37.39554],[-5.98502,37.39553]]}},{"type":"Feature","properties":{"name":"Plaza del Santísimo Crucifijo de San Agustín","kind":"park","road":"","osm":66427558},"geometry":{"type":"Polygon","coordinates":[[[-5.98266,37.39066],[-5.98263,37.39033],[-5.98247,37.39025],[-5.98243,37.39025],[-5.98224,37.39055],[-5.98258,37.39071],[-5.98266,37.39066]]]}},{"type":"Feature","properties":{"name":"Avenida Honduras","kind":"road","road":"pedestrian","osm":66817944},"geometry":{"type":"LineString","coordinates":[[-5.99016,37.37872],[-5.9902,37.37885],[-5.99031,37.37897],[-5.99048,37.3791],[-5.99059,37.37915],[-5.99069,37.37916],[-5.99076,37.37916],[-5.99094,37.37911],[-5.991,37.37907],[-5.99106,37.37901],[-5.99136,37.37869],[-5.99137,37.37867],[-5.99145,37.37846],[-5.99153,37.37822]]}},{"type":"Feature","properties":{"name":"Jardín de Capuchinos","kind":"park","road":"","osm":67072543},"geometry":{"type":"Polygon","coordinates":[[[-5.98369,37.40059],[-5.98335,37.4005],[-5.983,37.40123],[-5.9836,37.40139],[-5.98369,37.40059]]]}},{"type":"Feature","properties":{"name":"Calle Arroyo","kind":"road","road":"secondary","osm":67162261},"geometry":{"type":"LineString","coordinates":[[-5.982,37.39405],[-5.98209,37.39393],[-5.98224,37.39372],[-5.98227,37.39368],[-5.98235,37.39362]]}},{"type":"Feature","properties":{"name":"Calle Torneo","kind":"road","road":"primary","osm":67332791},"geometry":{"type":"LineString","coordinates":[[-6.00365,37.39316],[-6.00358,37.39333],[-6.00358,37.39336],[-6.00358,37.39346],[-6.00358,37.39367],[-6.00357,37.39373],[-6.00355,37.39389],[-6.00341,37.3943],[-6.00327,37.39457],[-6.00323,37.39464],[-6.00321,37.39467]]}},{"type":"Feature","properties":{"name":"Calle General Castaño","kind":"road","road":"pedestrian","osm":67332799},"geometry":{"type":"LineString","coordinates":[[-5.99631,37.38517],[-5.99617,37.38523],[-5.99607,37.3853],[-5.99595,37.38539],[-5.99589,37.38543],[-5.9958,37.38549],[-5.99578,37.3855]]}},{"type":"Feature","properties":{"name":"Plaza de Godínez","kind":"road","road":"pedestrian","osm":67332806},"geometry":{"type":"LineString","coordinates":[[-5.99797,37.3895],[-5.99798,37.38949],[-5.998,37.38948],[-5.99807,37.38955],[-5.99808,37.38956],[-5.99791,37.38966],[-5.99786,37.3896],[-5.99783,37.38957],[-5.99787,37.38954],[-5.99788,37.38956],[-5.99797,37.3895]]}},{"type":"Feature","properties":{"name":"Calle Arfe","kind":"road","road":"pedestrian","osm":67332811},"geometry":{"type":"LineString","coordinates":[[-5.99537,37.38559],[-5.99534,37.38557],[-5.99523,37.38549],[-5.9951,37.38531],[-5.99504,37.38522]]}},{"type":"Feature","properties":{"name":"Calle Mesón de los Caballeros","kind":"road","road":"pedestrian","osm":67332818},"geometry":{"type":"LineString","coordinates":[[-5.99798,37.38949],[-5.99766,37.3892],[-5.99758,37.38924],[-5.99752,37.38917],[-5.9975,37.38914]]}},{"type":"Feature","properties":{"name":"Avenida del Cristo de la Expiración","kind":"road","road":"primary","osm":67332829},"geometry":{"type":"LineString","coordinates":[[-6.00311,37.39058],[-6.00307,37.39056],[-6.00296,37.39052],[-6.00288,37.39048]]}},{"type":"Feature","properties":{"name":"Calle Doncellas","kind":"road","road":"pedestrian","osm":67377797},"geometry":{"type":"LineString","coordinates":[[-5.98809,37.38587],[-5.98803,37.38569]]}},{"type":"Feature","properties":{"name":"Calle Judería","kind":"road","road":"pedestrian","osm":67377799},"geometry":{"type":"LineString","coordinates":[[-5.99071,37.38442],[-5.99068,37.38438],[-5.99059,37.38428],[-5.99054,37.38422],[-5.99041,37.38405],[-5.99037,37.384]]}},{"type":"Feature","properties":{"name":"Calle Moreno López","kind":"road","road":"pedestrian","osm":67377804},"geometry":{"type":"LineString","coordinates":[[-5.99443,37.39061],[-5.99407,37.39062],[-5.99406,37.39065]]}},{"type":"Feature","properties":{"name":"Calle Judería","kind":"road","road":"pedestrian","osm":67377810},"geometry":{"type":"LineString","coordinates":[[-5.99054,37.38422],[-5.9904,37.38429],[-5.99039,37.3843]]}},{"type":"Feature","properties":{"name":"Calle Córdoba","kind":"road","road":"pedestrian","osm":67377815},"geometry":{"type":"LineString","coordinates":[[-5.99277,37.39058],[-5.99275,37.39042]]}},{"type":"Feature","properties":{"name":"Calle Oropesa","kind":"road","road":"pedestrian","osm":67377816},"geometry":{"type":"LineString","coordinates":[[-5.99351,37.39037],[-5.99328,37.3904]]}},{"type":"Feature","properties":{"name":"Calle Susona","kind":"road","road":"pedestrian","osm":67377823},"geometry":{"type":"LineString","coordinates":[[-5.9899,37.38454],[-5.99012,37.38441],[-5.99015,37.38439]]}},{"type":"Feature","properties":{"name":"Calle Abades","kind":"road","road":"pedestrian","osm":67377825},"geometry":{"type":"LineString","coordinates":[[-5.99091,37.38828],[-5.99084,37.38861]]}},{"type":"Feature","properties":{"name":"Pasaje Manuel Alonso Vicedo","kind":"road","road":"pedestrian","osm":67377827},"geometry":{"type":"LineString","coordinates":[[-5.99617,37.39199],[-5.99626,37.39195],[-5.99629,37.39201],[-5.99625,37.39203],[-5.99625,37.39205],[-5.99632,37.39215],[-5.99629,37.39216],[-5.99626,37.39218],[-5.99619,37.39208],[-5.99616,37.39208],[-5.99613,37.3921],[-5.99612,37.39208],[-5.99609,37.39203],[-5.99617,37.39199]]}},{"type":"Feature","properties":{"name":"Calle Pimienta","kind":"road","road":"pedestrian","osm":67377830},"geometry":{"type":"LineString","coordinates":[[-5.98979,37.38437],[-5.9899,37.38454],[-5.98997,37.38464],[-5.99017,37.38488]]}},{"type":"Feature","properties":{"name":"Calle Aire","kind":"road","road":"pedestrian","osm":67377831},"geometry":{"type":"LineString","coordinates":[[-5.99037,37.38802],[-5.99015,37.38787],[-5.9901,37.38784],[-5.98996,37.38775],[-5.98979,37.38765],[-5.98961,37.38754],[-5.98956,37.3875]]}},{"type":"Feature","properties":{"name":"Calle Fabiola","kind":"road","road":"pedestrian","osm":67377840},"geometry":{"type":"LineString","coordinates":[[-5.98874,37.38677],[-5.98894,37.38659]]}},{"type":"Feature","properties":{"name":"Calle Lineros","kind":"road","road":"pedestrian","osm":67377841},"geometry":{"type":"LineString","coordinates":[[-5.99237,37.39103],[-5.9924,37.39071],[-5.99239,37.39045],[-5.99239,37.39038]]}},{"type":"Feature","properties":{"name":"Calle Gandesa","kind":"road","road":"pedestrian","osm":67377843},"geometry":{"type":"LineString","coordinates":[[-5.99067,37.38866],[-5.9906,37.38862],[-5.99045,37.38858],[-5.99038,37.38856],[-5.99021,37.38855]]}},{"type":"Feature","properties":{"name":"Calle Empecinado","kind":"road","road":"pedestrian","osm":67377849},"geometry":{"type":"LineString","coordinates":[[-5.9915,37.39038],[-5.9915,37.39054]]}},{"type":"Feature","properties":{"name":"Calle Levíes","kind":"road","road":"pedestrian","osm":67377851},"geometry":{"type":"LineString","coordinates":[[-5.98689,37.38802],[-5.98659,37.3878]]}},{"type":"Feature","properties":{"name":"Callejón del Agua","kind":"road","road":"pedestrian","osm":67377853},"geometry":{"type":"LineString","coordinates":[[-5.99015,37.38418],[-5.99,37.38426],[-5.98979,37.38437],[-5.98953,37.38448],[-5.98924,37.38458],[-5.9888,37.38481],[-5.98879,37.38482]]}},{"type":"Feature","properties":{"name":"Placentines","kind":"road","road":"pedestrian","osm":67377858},"geometry":{"type":"LineString","coordinates":[[-5.99246,37.38745],[-5.99255,37.38762],[-5.99264,37.38779],[-5.99274,37.38789]]}},{"type":"Feature","properties":{"name":"Calle Cristo del Buen Viaje","kind":"road","road":"pedestrian","osm":67377863},"geometry":{"type":"LineString","coordinates":[[-5.98605,37.38953],[-5.98633,37.38955]]}},{"type":"Feature","properties":{"name":"Calle Mármoles","kind":"road","road":"pedestrian","osm":67377868},"geometry":{"type":"LineString","coordinates":[[-5.99041,37.3882],[-5.99017,37.38832]]}},{"type":"Feature","properties":{"name":"Calle Canarios","kind":"road","road":"pedestrian","osm":67377878},"geometry":{"type":"LineString","coordinates":[[-5.98692,37.38602],[-5.98651,37.38635]]}},{"type":"Feature","properties":{"name":"Diamela","kind":"road","road":"pedestrian","osm":67377881},"geometry":{"type":"LineString","coordinates":[[-5.98943,37.3895],[-5.98949,37.38928],[-5.98948,37.38918],[-5.9895,37.38902]]}},{"type":"Feature","properties":{"name":"Calle Hidalgo Agüero","kind":"road","road":"pedestrian","osm":67462547},"geometry":{"type":"LineString","coordinates":[[-5.9911,37.396],[-5.99103,37.39625]]}},{"type":"Feature","properties":{"name":"Calle Menjíbar","kind":"road","road":"pedestrian","osm":67462549},"geometry":{"type":"LineString","coordinates":[[-5.9907,37.396],[-5.9907,37.39597],[-5.99069,37.39567]]}},{"type":"Feature","properties":{"name":"Calle Menjíbar","kind":"road","road":"pedestrian","osm":67462554},"geometry":{"type":"LineString","coordinates":[[-5.9907,37.39597],[-5.99052,37.39597]]}},{"type":"Feature","properties":{"name":"Plaza de la Mata","kind":"road","road":"pedestrian","osm":67462561},"geometry":{"type":"LineString","coordinates":[[-5.99265,37.39877],[-5.99278,37.39893],[-5.99279,37.39895],[-5.99283,37.39878],[-5.99281,37.39878],[-5.99265,37.39877]]}},{"type":"Feature","properties":{"name":"Calle Guines","kind":"road","road":"pedestrian","osm":67624187},"geometry":{"type":"LineString","coordinates":[[-5.99453,37.38312],[-5.99451,37.38312]]}},{"type":"Feature","properties":{"name":"Calle Miguel de Mañara","kind":"road","road":"pedestrian","osm":67624188},"geometry":{"type":"LineString","coordinates":[[-5.99326,37.38385],[-5.99342,37.3838]]}},{"type":"Feature","properties":{"name":"Calle el Jovo","kind":"road","road":"pedestrian","osm":67624189},"geometry":{"type":"LineString","coordinates":[[-5.99481,37.38267],[-5.99479,37.38313]]}},{"type":"Feature","properties":{"name":"Calle San Nicolás","kind":"road","road":"pedestrian","osm":67624191},"geometry":{"type":"LineString","coordinates":[[-5.99455,37.38265],[-5.99454,37.38291],[-5.99453,37.38312]]}},{"type":"Feature","properties":{"name":"Pasaje de la Habana","kind":"road","road":"pedestrian","osm":67624192},"geometry":{"type":"LineString","coordinates":[[-5.99429,37.38282],[-5.99429,37.38272],[-5.99429,37.38267]]}},{"type":"Feature","properties":{"name":"Calle Miguel de Mañara","kind":"road","road":"pedestrian","osm":67624195},"geometry":{"type":"LineString","coordinates":[[-5.99342,37.3838],[-5.99344,37.38383],[-5.99345,37.38385],[-5.9935,37.38383],[-5.99352,37.38376],[-5.99354,37.38369],[-5.99352,37.3837],[-5.99338,37.38373],[-5.99342,37.3838]]}},{"type":"Feature","properties":{"name":"Pasaje de la Habana","kind":"road","road":"pedestrian","osm":67624196},"geometry":{"type":"LineString","coordinates":[[-5.99433,37.38242],[-5.99435,37.38236]]}},{"type":"Feature","properties":{"name":"Pasaje de la Habana","kind":"road","road":"pedestrian","osm":67624197},"geometry":{"type":"LineString","coordinates":[[-5.99431,37.38264],[-5.99433,37.38242]]}},{"type":"Feature","properties":{"name":"Calle Güines","kind":"road","road":"pedestrian","osm":67624198},"geometry":{"type":"LineString","coordinates":[[-5.99479,37.38313],[-5.99453,37.38312]]}},{"type":"Feature","properties":{"name":"Pasaje de la Habana","kind":"road","road":"pedestrian","osm":67624199},"geometry":{"type":"LineString","coordinates":[[-5.99428,37.38337],[-5.99429,37.38311],[-5.99429,37.38305],[-5.99429,37.38282]]}},{"type":"Feature","properties":{"name":"Calle Matienzo","kind":"road","road":"pedestrian","osm":67624200},"geometry":{"type":"LineString","coordinates":[[-5.99429,37.38264],[-5.99431,37.38264],[-5.99455,37.38265],[-5.99481,37.38267],[-5.995,37.38268]]}},{"type":"Feature","properties":{"name":"Plaza Duque de Veragua","kind":"road","road":"pedestrian","osm":67661815},"geometry":{"type":"LineString","coordinates":[[-6.00007,37.39512],[-6.00009,37.39491],[-6.00032,37.39493],[-6.00028,37.39515],[-6.00007,37.39512]]}},{"type":"Feature","properties":{"name":"Plaza Blasco de Garay","kind":"road","road":"pedestrian","osm":67661816},"geometry":{"type":"LineString","coordinates":[[-6.0019,37.39527],[-6.00226,37.39535],[-6.00219,37.39546],[-6.00186,37.3954],[-6.0019,37.39527]]}},{"type":"Feature","properties":{"name":"","kind":"road","road":"pedestrian","osm":67661823},"geometry":{"type":"LineString","coordinates":[[-6.00207,37.39568],[-6.00219,37.39546]]}},{"type":"Feature","properties":{"name":"Plaza de la Puerta Real","kind":"road","road":"pedestrian","osm":67661828},"geometry":{"type":"LineString","coordinates":[[-6.00143,37.39338],[-6.00127,37.39336],[-6.00125,37.39348],[-6.00126,37.39348],[-6.00132,37.39349],[-6.00142,37.3935],[-6.00143,37.39338]]}},{"type":"Feature","properties":{"name":"Plaza de la Gavidia","kind":"road","road":"pedestrian","osm":67661829},"geometry":{"type":"LineString","coordinates":[[-5.99724,37.39477],[-5.99724,37.39475],[-5.99723,37.39474],[-5.99721,37.39473],[-5.99688,37.39469],[-5.99686,37.39469],[-5.99684,37.3947],[-5.99683,37.39471],[-5.99675,37.395],[-5.99674,37.39502],[-5.99699,37.39506],[-5.99705,37.39507],[-5.99713,37.39508],[-5.99717,37.39509],[-5.99724,37.39477]]}},{"type":"Feature","properties":{"name":"","kind":"road","road":"pedestrian","osm":68692083},"geometry":{"type":"LineString","coordinates":[[-5.98683,37.3988],[-5.98716,37.39884],[-5.98728,37.39886],[-5.98748,37.39887]]}},{"type":"Feature","properties":{"name":"Calle Santa Marina","kind":"road","road":"pedestrian","osm":68692084},"geometry":{"type":"LineString","coordinates":[[-5.98738,37.39919],[-5.98739,37.39917],[-5.98739,37.39913]]}},{"type":"Feature","properties":{"name":"Calle Santa Marina","kind":"road","road":"pedestrian","osm":68730701},"geometry":{"type":"LineString","coordinates":[[-5.98741,37.39906],[-5.98743,37.39894],[-5.98748,37.39887]]}},{"type":"Feature","properties":{"name":"Calle Bartolomé Garelli","kind":"road","road":"pedestrian","osm":69184517},"geometry":{"type":"LineString","coordinates":[[-5.98124,37.39877],[-5.98061,37.39805]]}},{"type":"Feature","properties":{"name":"Calle Ben Salh de Sevilla","kind":"road","road":"pedestrian","osm":69251726},"geometry":{"type":"LineString","coordinates":[[-5.97886,37.39403],[-5.97731,37.39531]]}},{"type":"Feature","properties":{"name":"Plaza Pianista José Romero","kind":"park","road":"","osm":69687877},"geometry":{"type":"Polygon","coordinates":[[[-5.9793,37.39825],[-5.97913,37.39801],[-5.97826,37.39847],[-5.97845,37.3987],[-5.9793,37.39825]]]}},{"type":"Feature","properties":{"name":"Calle Torneo","kind":"road","road":"primary","osm":69975864},"geometry":{"type":"LineString","coordinates":[[-5.99587,37.40342],[-5.99601,37.40327],[-5.99617,37.4031],[-5.99656,37.40268],[-5.99767,37.40158],[-5.99845,37.40078],[-5.99849,37.40074],[-5.99851,37.40072],[-5.99855,37.40069],[-5.99871,37.40053],[-5.9992,37.40001],[-5.9997,37.39948],[-5.99975,37.39943],[-5.99983,37.39935],[-6.0005,37.39857],[-6.00079,37.3982],[-6.00101,37.39792],[-6.00183,37.39681],[-6.00234,37.39611],[-6.00256,37.39583],[-6.00258,37.3958],[-6.0029,37.39536],[-6.0032,37.39494],[-6.00325,37.39487]]}},{"type":"Feature","properties":{"name":"Calle Torneo","kind":"road","road":"primary","osm":69975866},"geometry":{"type":"LineString","coordinates":[[-6.00362,37.39306],[-6.00365,37.39316]]}},{"type":"Feature","properties":{"name":"Avenida de El Cid","kind":"road","road":"primary","osm":69978178},"geometry":{"type":"LineString","coordinates":[[-5.98902,37.3793],[-5.98877,37.3801],[-5.98865,37.38043],[-5.98851,37.38068]]}},{"type":"Feature","properties":{"name":"Plaza Don Juan de Austria","kind":"road","road":"primary","osm":69978179},"geometry":{"type":"LineString","coordinates":[[-5.98828,37.38123],[-5.98834,37.38129],[-5.98842,37.38133],[-5.98846,37.38133],[-5.98851,37.38133],[-5.9886,37.38131]]}},{"type":"Feature","properties":{"name":"Plaza Don Juan de Austria","kind":"road","road":"primary","osm":69978180},"geometry":{"type":"LineString","coordinates":[[-5.98839,37.38098],[-5.98835,37.381]]}},{"type":"Feature","properties":{"name":"Calle Arjona","kind":"road","road":"primary","osm":69978182},"geometry":{"type":"LineString","coordinates":[[-6.00223,37.38867],[-6.00224,37.38874],[-6.00225,37.38876]]}},{"type":"Feature","properties":{"name":"Calle Torneo","kind":"road","road":"primary","osm":69986942},"geometry":{"type":"LineString","coordinates":[[-6.00238,37.39583],[-6.0017,37.39679],[-6.00101,37.39771],[-6.0009,37.39787],[-6.00042,37.39853],[-5.99988,37.39914],[-5.99975,37.3993]]}},{"type":"Feature","properties":{"name":"Paseo de las Delicias","kind":"road","road":"primary","osm":69986967},"geometry":{"type":"LineString","coordinates":[[-5.99597,37.38242],[-5.99581,37.3822]]}},{"type":"Feature","properties":{"name":"Plaza Don Juan de Austria","kind":"road","road":"primary","osm":69986998},"geometry":{"type":"LineString","coordinates":[[-5.9886,37.38131],[-5.98867,37.38127],[-5.98872,37.38121],[-5.98873,37.38113],[-5.98871,37.38106]]}},{"type":"Feature","properties":{"name":"Plaza Don Juan de Austria","kind":"road","road":"primary","osm":69987005},"geometry":{"type":"LineString","coordinates":[[-5.98871,37.38106],[-5.98865,37.381],[-5.98857,37.38097],[-5.98848,37.38096],[-5.98839,37.38098]]}},{"type":"Feature","properties":{"name":"Calle Gregorio Cabeza Rodríguez","kind":"road","road":"pedestrian","osm":70012515},"geometry":{"type":"LineString","coordinates":[[-5.9803,37.38056],[-5.98032,37.3799]]}},{"type":"Feature","properties":{"name":"Calle Arquitecto Delgado Roig","kind":"road","road":"pedestrian","osm":70012518},"geometry":{"type":"LineString","coordinates":[[-5.97972,37.38119],[-5.97959,37.38119],[-5.97957,37.38118],[-5.97898,37.38116],[-5.9787,37.38114]]}},{"type":"Feature","properties":{"name":"Calle Nebli","kind":"road","road":"pedestrian","osm":70012562},"geometry":{"type":"LineString","coordinates":[[-5.98033,37.3877],[-5.98035,37.38758],[-5.98035,37.38753],[-5.98044,37.38691],[-5.98045,37.38685]]}},{"type":"Feature","properties":{"name":"Calle Atanasio Barrón","kind":"road","road":"pedestrian","osm":70012566},"geometry":{"type":"LineString","coordinates":[[-5.98415,37.38748],[-5.98415,37.38746]]}},{"type":"Feature","properties":{"name":"Calle Angel Olavarria Tellez","kind":"road","road":"pedestrian","osm":70057659},"geometry":{"type":"LineString","coordinates":[[-5.98174,37.3795],[-5.98155,37.37982],[-5.98153,37.37985]]}},{"type":"Feature","properties":{"name":"Calle Rogelio Vigil de Quiñones, Héroe de Baler","kind":"road","road":"pedestrian","osm":70057669},"geometry":{"type":"LineString","coordinates":[[-5.98082,37.38125],[-5.98027,37.38122],[-5.97972,37.38119]]}},{"type":"Feature","properties":{"name":"Calle Doctor José María Bedoya","kind":"road","road":"pedestrian","osm":70081020},"geometry":{"type":"LineString","coordinates":[[-5.9821,37.37748],[-5.98174,37.37839]]}},{"type":"Feature","properties":{"name":"Plaza Aviador Ruiz de Alda","kind":"road","road":"pedestrian","osm":70081021},"geometry":{"type":"LineString","coordinates":[[-5.98289,37.37877],[-5.98274,37.37914],[-5.98268,37.37912],[-5.98269,37.3791],[-5.98257,37.37907],[-5.98209,37.37895],[-5.98208,37.37898],[-5.98189,37.37893],[-5.98199,37.37868],[-5.98148,37.37855],[-5.9815,37.3785],[-5.98155,37.37848],[-5.98158,37.37842],[-5.9816,37.37835],[-5.98174,37.37839],[-5.98187,37.37842],[-5.98219,37.3785],[-5.98225,37.37835],[-5.98239,37.37839],[-5.98252,37.37841],[-5.98335,37.37862],[-5.98329,37.37872],[-5.98321,37.37885],[-5.98289,37.37877]]}},{"type":"Feature","properties":{"name":"Calle Caños de Carmona","kind":"road","road":"pedestrian","osm":70083834},"geometry":{"type":"LineString","coordinates":[[-5.98345,37.38697],[-5.9836,37.38702],[-5.98373,37.38762]]}},{"type":"Feature","properties":{"name":"","kind":"road","road":"pedestrian","osm":70083837},"geometry":{"type":"LineString","coordinates":[[-5.97716,37.38471],[-5.97748,37.3838]]}},{"type":"Feature","properties":{"name":"Calle Doctor Escobar Delmas","kind":"road","road":"pedestrian","osm":70610199},"geometry":{"type":"LineString","coordinates":[[-5.9777,37.3782],[-5.97768,37.37825],[-5.97766,37.37828],[-5.97704,37.37956]]}},{"type":"Feature","properties":{"name":"Jardin de Educación medioambiental","kind":"park","road":"","osm":70610208},"geometry":{"type":"Polygon","coordinates":[[[-5.98541,37.37601],[-5.98546,37.37594],[-5.98553,37.37584],[-5.98564,37.37573],[-5.98576,37.37564],[-5.9859,37.37556],[-5.98604,37.37548],[-5.98619,37.37541],[-5.98608,37.37524],[-5.98599,37.37518],[-5.98587,37.37518],[-5.98581,37.37515],[-5.9857,37.37496],[-5.98578,37.37493],[-5.98578,37.37492],[-5.98565,37.37482],[-5.98532,37.37474],[-5.98494,37.37583],[-5.98541,37.37601]]]}},{"type":"Feature","properties":{"name":"Jardines del Padre Otilio Ruiz","kind":"park","road":"","osm":70794361},"geometry":{"type":"Polygon","coordinates":[[[-6.0002,37.37593],[-6.00002,37.3757],[-5.99969,37.37571],[-5.9997,37.37619],[-6.0002,37.37593]]]}},{"type":"Feature","properties":{"name":"","kind":"park","road":"","osm":70813706},"geometry":{"type":"Polygon","coordinates":[[[-5.99681,37.37954],[-5.99688,37.37968],[-5.99709,37.3796],[-5.99699,37.37947],[-5.99681,37.37954]]]}},{"type":"Feature","properties":{"name":"Calle Leonardo da Vinci","kind":"road","road":"tertiary","osm":70971061},"geometry":{"type":"LineString","coordinates":[[-6.00702,37.40587],[-6.00701,37.40581],[-6.00704,37.40572],[-6.00713,37.40537],[-6.00717,37.40523],[-6.00736,37.40453],[-6.00753,37.40395],[-6.00756,37.40384],[-6.00758,37.40376],[-6.00771,37.40329],[-6.00789,37.40264],[-6.00799,37.40227],[-6.00811,37.40177],[-6.00812,37.40172],[-6.00816,37.40166],[-6.00909,37.40108],[-6.00932,37.40095]]}},{"type":"Feature","properties":{"name":"","kind":"park","road":"","osm":71007187},"geometry":{"type":"Polygon","coordinates":[[[-5.97698,37.40172],[-5.97708,37.40161],[-5.97692,37.4017],[-5.97698,37.40172]]]}},{"type":"Feature","properties":{"name":"","kind":"park","road":"","osm":71007188},"geometry":{"type":"Polygon","coordinates":[[[-5.97692,37.40141],[-5.97709,37.40161],[-5.97715,37.40154],[-5.97692,37.40141]]]}},{"type":"Feature","properties":{"name":"Calle San Juan Bosco","kind":"road","road":"tertiary","osm":73231179},"geometry":{"type":"LineString","coordinates":[[-5.97963,37.39849],[-5.97972,37.39856],[-5.97978,37.39858],[-5.98003,37.39866],[-5.98047,37.39879],[-5.98111,37.39899]]}},{"type":"Feature","properties":{"name":"Avenida Expo´92","kind":"road","road":"primary","osm":73232408},"geometry":{"type":"LineString","coordinates":[[-6.01309,37.38959],[-6.01283,37.38962],[-6.01276,37.38963],[-6.01079,37.38984],[-6.01076,37.38984],[-6.01041,37.38985],[-6.0101,37.38984]]}},{"type":"Feature","properties":{"name":"Avenida de Portugal","kind":"road","road":"primary","osm":73241940},"geometry":{"type":"LineString","coordinates":[[-5.98556,37.37836],[-5.98568,37.37839],[-5.98821,37.37903],[-5.98857,37.37912],[-5.98862,37.37914],[-5.98863,37.37914],[-5.98889,37.37921],[-5.98902,37.37927]]}},{"type":"Feature","properties":{"name":"Avenida de Portugal","kind":"road","road":"primary","osm":73241942},"geometry":{"type":"LineString","coordinates":[[-5.9856,37.37828],[-5.98552,37.37826],[-5.98541,37.37823],[-5.98517,37.37817]]}},{"type":"Feature","properties":{"name":"Calle Doctor Pedro de Castro","kind":"road","road":"primary","osm":73241960},"geometry":{"type":"LineString","coordinates":[[-5.98391,37.37784],[-5.98362,37.37778],[-5.9828,37.37758],[-5.98273,37.37756],[-5.98183,37.37732],[-5.98178,37.3773],[-5.98165,37.37727],[-5.98155,37.37724],[-5.98129,37.37717],[-5.98124,37.37716],[-5.98052,37.37696],[-5.98047,37.37695],[-5.9803,37.37691]]}},{"type":"Feature","properties":{"name":"Parque Fernando de Magallanes","kind":"park","road":"","osm":74517261},"geometry":{"type":"Polygon","coordinates":[[[-6.00724,37.39049],[-6.00761,37.39046],[-6.00782,37.39044],[-6.00782,37.39046],[-6.00805,37.39061],[-6.00814,37.39063],[-6.00863,37.39071],[-6.00906,37.39078],[-6.00919,37.39081],[-6.0092,37.39082],[-6.0092,37.39083],[-6.00902,37.3915],[-6.00892,37.39192],[-6.00863,37.39304],[-6.00851,37.39355],[-6.00836,37.39352],[-6.00762,37.39338],[-6.00763,37.39337],[-6.00774,37.39301],[-6.00796,37.39231],[-6.00802,37.39208],[-6.00767,37.39192],[-6.00751,37.3918],[-6.00745,37.39171],[-6.00743,37.39167],[-6.00739,37.3914],[-6.00727,37.39072],[-6.00724,37.39049]]]}},{"type":"Feature","properties":{"name":"","kind":"road","road":"pedestrian","osm":74686091},"geometry":{"type":"LineString","coordinates":[[-6.00945,37.38625],[-6.00914,37.38593]]}},{"type":"Feature","properties":{"name":"Calle Francisco Palacios \"El Pali\"","kind":"road","road":"pedestrian","osm":74686097},"geometry":{"type":"LineString","coordinates":[[-6.00949,37.38615],[-6.01022,37.38586]]}},{"type":"Feature","properties":{"name":"Callejón de la Inquisición","kind":"road","road":"pedestrian","osm":74686099},"geometry":{"type":"LineString","coordinates":[[-6.00426,37.38592],[-6.00416,37.38603]]}},{"type":"Feature","properties":{"name":"Calle Miguel Ángel Olalla","kind":"road","road":"pedestrian","osm":74686100},"geometry":{"type":"LineString","coordinates":[[-6.01009,37.38343],[-6.009,37.38398]]}},{"type":"Feature","properties":{"name":"Jardines de Chapina","kind":"park","road":"","osm":74686103},"geometry":{"type":"Polygon","coordinates":[[[-6.0036,37.38925],[-6.00403,37.38917],[-6.00436,37.38913],[-6.00462,37.38918],[-6.0048,37.38923],[-6.00492,37.38912],[-6.00374,37.38803],[-6.00235,37.38689],[-6.00209,37.3868],[-6.00193,37.38698],[-6.00189,37.38702],[-6.00187,37.38706],[-6.00186,37.38711],[-6.00186,37.38717],[-6.00188,37.38722],[-6.00192,37.38728],[-6.00193,37.38726],[-6.00251,37.38775],[-6.00248,37.38777],[-6.00252,37.3878],[-6.00286,37.38766],[-6.0029,37.38768],[-6.00318,37.38803],[-6.0036,37.38925]]]}},{"type":"Feature","properties":{"name":"Calle Doctores Lasso Simarro","kind":"road","road":"pedestrian","osm":74686105},"geometry":{"type":"LineString","coordinates":[[-6.00782,37.38913],[-6.00792,37.38916],[-6.00928,37.38951]]}},{"type":"Feature","properties":{"name":"Calle Alvarado","kind":"road","road":"secondary","osm":74686648},"geometry":{"type":"LineString","coordinates":[[-6.00784,37.38798],[-6.00786,37.38808],[-6.00773,37.38833],[-6.00772,37.38847]]}},{"type":"Feature","properties":{"name":"Avenida de Carlos V","kind":"road","road":"tertiary","osm":75107816},"geometry":{"type":"LineString","coordinates":[[-5.9847,37.38008],[-5.98377,37.37984]]}},{"type":"Feature","properties":{"name":"Calle Virgen de Consolación","kind":"road","road":"tertiary","osm":77663859},"geometry":{"type":"LineString","coordinates":[[-5.99837,37.3788],[-5.99844,37.37881],[-5.99847,37.37884],[-5.99871,37.37913],[-5.99886,37.37933],[-5.99888,37.37935],[-5.99896,37.37944]]}},{"type":"Feature","properties":{"name":"Avenida Juan Pablo II","kind":"road","road":"primary","osm":81735377},"geometry":{"type":"LineString","coordinates":[[-5.99787,37.36785],[-5.9981,37.36786],[-5.99815,37.36787],[-5.99987,37.36816],[-6.0008,37.36831],[-6.00345,37.36871],[-6.00351,37.36872],[-6.0038,37.36877],[-6.00424,37.36883],[-6.00434,37.36885],[-6.00454,37.36888],[-6.00458,37.36888],[-6.00463,37.36889],[-6.01052,37.36977],[-6.01057,37.36977],[-6.01277,37.37011]]}},{"type":"Feature","properties":{"name":"Calle Estrellita Castro","kind":"road","road":"pedestrian","osm":81970637},"geometry":{"type":"LineString","coordinates":[[-5.99414,37.40132],[-5.99379,37.4011]]}},{"type":"Feature","properties":{"name":"Calle Vulcano","kind":"road","road":"pedestrian","osm":81970643},"geometry":{"type":"LineString","coordinates":[[-5.99342,37.39891],[-5.99331,37.39891],[-5.99283,37.39892],[-5.99282,37.39892]]}},{"type":"Feature","properties":{"name":"Calle Leonor Dávalos","kind":"road","road":"pedestrian","osm":81970647},"geometry":{"type":"LineString","coordinates":[[-5.99443,37.39807],[-5.99428,37.39787],[-5.99419,37.39786]]}},{"type":"Feature","properties":{"name":"Calle Peris Mencheta","kind":"road","road":"pedestrian","osm":81970663},"geometry":{"type":"LineString","coordinates":[[-5.99299,37.39981],[-5.99287,37.39972]]}},{"type":"Feature","properties":{"name":"Calle Virgen del Subterráneo","kind":"road","road":"pedestrian","osm":82031683},"geometry":{"type":"LineString","coordinates":[[-5.98885,37.39957],[-5.98947,37.3995]]}},{"type":"Feature","properties":{"name":"Avenida Isabel la Católica","kind":"road","road":"pedestrian","osm":82802453},"geometry":{"type":"LineString","coordinates":[[-5.9878,37.37661],[-5.9875,37.37613],[-5.98705,37.3754],[-5.98703,37.37536],[-5.98697,37.37532]]}},{"type":"Feature","properties":{"name":"Avenida Manuel Siurot","kind":"road","road":"secondary","osm":83121285},"geometry":{"type":"LineString","coordinates":[[-5.98552,37.36963],[-5.98554,37.36955],[-5.98559,37.36923],[-5.98557,37.36903],[-5.98553,37.36884]]}},{"type":"Feature","properties":{"name":"","kind":"park","road":"","osm":95708274},"geometry":{"type":"Polygon","coordinates":[[[-6.01014,37.39572],[-6.0103,37.39575],[-6.0104,37.39579],[-6.01045,37.39583],[-6.01049,37.39588],[-6.01052,37.39594],[-6.01052,37.39604],[-6.00992,37.39835],[-6.00984,37.39835],[-6.00984,37.39845],[-6.00984,37.39854],[-6.00986,37.39854],[-6.00975,37.39898],[-6.00945,37.40012],[-6.00924,37.4008],[-6.00921,37.40084],[-6.00918,37.40088],[-6.0091,37.40093],[-6.00898,37.401],[-6.00862,37.40122],[-6.00819,37.40147],[-6.0081,37.40152],[-6.00807,37.40154],[-6.00802,37.40155],[-6.00796,37.40156],[-6.00788,37.40155],[-6.00713,37.40141],[-6.00579,37.40118],[-6.00576,37.40116],[-6.00575,37.4011],[-6.00578,37.40079],[-6.00646,37.40109],[-6.00653,37.40109],[-6.00859,37.39952],[-6.00884,37.39933],[-6.00886,37.39904],[-6.00887,37.39884],[-6.00888,37.39869],[-6.009,37.39871],[-6.00901,37.39816],[-6.0089,37.39815],[-6.00892,37.39626],[-6.00888,37.39574],[-6.00882,37.39571],[-6.00885,37.39565],[-6.00907,37.39558],[-6.01004,37.39574],[-6.01005,37.39571],[-6.01014,37.39572]]]}},{"type":"Feature","properties":{"name":"Camino de los Descubrimientos","kind":"road","road":"tertiary","osm":97887765},"geometry":{"type":"LineString","coordinates":[[-6.00791,37.39535],[-6.00783,37.3954],[-6.00778,37.39547],[-6.0077,37.39556],[-6.00663,37.39685],[-6.00633,37.39722],[-6.00631,37.39725],[-6.00625,37.39732],[-6.0057,37.398],[-6.00523,37.39857],[-6.00513,37.39873],[-6.00508,37.39881],[-6.00505,37.39888],[-6.00499,37.39904],[-6.0048,37.39976],[-6.00461,37.4005],[-6.0043,37.40166],[-6.00428,37.40171],[-6.0042,37.40201],[-6.00384,37.40332]]}},{"type":"Feature","properties":{"name":"Calle Virgen de Robledo","kind":"road","road":"pedestrian","osm":109313412},"geometry":{"type":"LineString","coordinates":[[-5.99453,37.37414],[-5.9945,37.37414],[-5.99447,37.37414],[-5.99438,37.37414]]}},{"type":"Feature","properties":{"name":"Avenida de Carlos V","kind":"road","road":"tertiary","osm":109586263},"geometry":{"type":"LineString","coordinates":[[-5.98775,37.38088],[-5.98747,37.38081],[-5.98736,37.38078],[-5.98725,37.38075]]}},{"type":"Feature","properties":{"name":"","kind":"road","road":"tertiary","osm":109586265},"geometry":{"type":"LineString","coordinates":[[-5.98775,37.38088],[-5.98802,37.38107],[-5.98826,37.3812]]}},{"type":"Feature","properties":{"name":"Puente de San Telmo","kind":"road","road":"primary","osm":113628353},"geometry":{"type":"LineString","coordinates":[[-5.99552,37.38119],[-5.997,37.38042],[-5.99723,37.3803],[-5.99724,37.3803]]}},{"type":"Feature","properties":{"name":"Calle José María Moreno Galván","kind":"road","road":"secondary","osm":113880131},"geometry":{"type":"LineString","coordinates":[[-5.98373,37.38534],[-5.98391,37.38504],[-5.98393,37.385],[-5.98395,37.38498],[-5.98397,37.38492],[-5.984,37.38486],[-5.98402,37.38482],[-5.98404,37.38475]]}},{"type":"Feature","properties":{"name":"Calle José María Moreno Galván","kind":"road","road":"secondary","osm":113880132},"geometry":{"type":"LineString","coordinates":[[-5.98373,37.38534],[-5.9833,37.38636],[-5.98309,37.38685]]}},{"type":"Feature","properties":{"name":"Calle Juan de Mata Carrianzo","kind":"road","road":"secondary","osm":113880133},"geometry":{"type":"LineString","coordinates":[[-5.98404,37.38475],[-5.98407,37.38468],[-5.98407,37.38466]]}},{"type":"Feature","properties":{"name":"Calle Juan de Mata Carriazo","kind":"road","road":"secondary","osm":113880678},"geometry":{"type":"LineString","coordinates":[[-5.98407,37.38428],[-5.98397,37.38456],[-5.98395,37.38461],[-5.98394,37.38465],[-5.98391,37.38473]]}},{"type":"Feature","properties":{"name":"Calle Juan de Mata Carriazo","kind":"road","road":"secondary","osm":113880679},"geometry":{"type":"LineString","coordinates":[[-5.98311,37.38048],[-5.98319,37.38066],[-5.98351,37.38133],[-5.98356,37.38145],[-5.98358,37.38153],[-5.98359,37.38159],[-5.98376,37.38251],[-5.98395,37.38353]]}},{"type":"Feature","properties":{"name":"Avenida de El Cid","kind":"road","road":"primary","osm":117621841},"geometry":{"type":"LineString","coordinates":[[-5.9891,37.38004],[-5.98935,37.37959],[-5.98946,37.37946]]}},{"type":"Feature","properties":{"name":"Glorieta de San Diego","kind":"road","road":"primary","osm":117621847},"geometry":{"type":"LineString","coordinates":[[-5.98943,37.37906],[-5.98938,37.37905],[-5.98933,37.37904],[-5.98928,37.37904],[-5.98923,37.37905],[-5.98917,37.37907],[-5.98911,37.3791],[-5.98907,37.37914]]}},{"type":"Feature","properties":{"name":"Avenida de Portugal","kind":"road","road":"primary","osm":117621850},"geometry":{"type":"LineString","coordinates":[[-5.98825,37.37896],[-5.98679,37.37859],[-5.98571,37.37831],[-5.9856,37.37828]]}},{"type":"Feature","properties":{"name":"Avenida de María Luisa","kind":"road","road":"primary","osm":117621852},"geometry":{"type":"LineString","coordinates":[[-5.98978,37.3789],[-5.98965,37.37898],[-5.98954,37.37902],[-5.98943,37.37906]]}},{"type":"Feature","properties":{"name":"Calle Palos de la Frontera","kind":"road","road":"primary","osm":117622846},"geometry":{"type":"LineString","coordinates":[[-5.99189,37.37992],[-5.99161,37.37985],[-5.99008,37.37946]]}},{"type":"Feature","properties":{"name":"","kind":"road","road":"primary","osm":117622847},"geometry":{"type":"LineString","coordinates":[[-5.99295,37.3778],[-5.99275,37.37781]]}},{"type":"Feature","properties":{"name":"Avenida de Málaga","kind":"road","road":"tertiary","osm":117735121},"geometry":{"type":"LineString","coordinates":[[-5.98549,37.38211],[-5.98403,37.38169],[-5.98373,37.38161],[-5.98359,37.38159]]}},{"type":"Feature","properties":{"name":"Calle Enramadilla","kind":"road","road":"primary","osm":118586697},"geometry":{"type":"LineString","coordinates":[[-5.97881,37.37835],[-5.97879,37.37836],[-5.97878,37.37837],[-5.97875,37.37838],[-5.97872,37.37839],[-5.97868,37.37839],[-5.97862,37.37839],[-5.97857,37.37838],[-5.97851,37.37836],[-5.97842,37.37834],[-5.97834,37.37831],[-5.97828,37.37829],[-5.97757,37.378],[-5.97754,37.37798],[-5.97751,37.37797]]}},{"type":"Feature","properties":{"name":"Calle Ciudad de Ronda","kind":"road","road":"pedestrian","osm":118588798},"geometry":{"type":"LineString","coordinates":[[-5.98373,37.37974],[-5.98374,37.37972],[-5.98388,37.37939]]}},{"type":"Feature","properties":{"name":"Callejón Dos Hermanas","kind":"road","road":"pedestrian","osm":119429324},"geometry":{"type":"LineString","coordinates":[[-5.9877,37.38663],[-5.98767,37.38666],[-5.98728,37.38697],[-5.98717,37.38704]]}},{"type":"Feature","properties":{"name":"","kind":"park","road":"","osm":119558044},"geometry":{"type":"Polygon","coordinates":[[[-5.98043,37.39029],[-5.98031,37.39044],[-5.9802,37.39039],[-5.98036,37.39025],[-5.98043,37.39029]]]}},{"type":"Feature","properties":{"name":"","kind":"park","road":"","osm":119569193},"geometry":{"type":"Polygon","coordinates":[[[-5.99193,37.38704],[-5.99203,37.3868],[-5.99182,37.38676],[-5.99173,37.387],[-5.99193,37.38704]]]}},{"type":"Feature","properties":{"name":"Barreduela Santa Marta","kind":"road","road":"pedestrian","osm":119569779},"geometry":{"type":"LineString","coordinates":[[-5.99178,37.38601],[-5.99177,37.38594],[-5.99177,37.38592],[-5.99183,37.38589],[-5.99182,37.38587],[-5.99183,37.38586],[-5.9918,37.38582],[-5.99176,37.3858]]}},{"type":"Feature","properties":{"name":"Plaza de Santa Marta","kind":"road","road":"pedestrian","osm":119569783},"geometry":{"type":"LineString","coordinates":[[-5.99176,37.3858],[-5.99175,37.38581],[-5.99171,37.38583],[-5.99162,37.38584],[-5.99158,37.38574],[-5.99163,37.3857],[-5.99177,37.38579],[-5.99176,37.3858]]}},{"type":"Feature","properties":{"name":"Patio del Crucero","kind":"park","road":"","osm":119570954},"geometry":{"type":"Polygon","coordinates":[[[-5.99136,37.384],[-5.99126,37.3839],[-5.99113,37.38377],[-5.99097,37.38386],[-5.99083,37.38395],[-5.99096,37.38408],[-5.99106,37.38419],[-5.99121,37.3841],[-5.99136,37.384]]]}},{"type":"Feature","properties":{"name":"Patio de Romero Murube","kind":"park","road":"","osm":119570955},"geometry":{"type":"Polygon","coordinates":[[[-5.99209,37.38367],[-5.99202,37.3837],[-5.99195,37.3836],[-5.99185,37.38365],[-5.99182,37.38361],[-5.99192,37.38356],[-5.99199,37.38353],[-5.99209,37.38367]]]}},{"type":"Feature","properties":{"name":"Patio de las Doncellas","kind":"park","road":"","osm":119570959},"geometry":{"type":"Polygon","coordinates":[[[-5.99142,37.38353],[-5.99131,37.38344],[-5.99115,37.38357],[-5.99126,37.38365],[-5.99142,37.38353]]]}},{"type":"Feature","properties":{"name":"Patio de la Montería","kind":"road","road":"pedestrian","osm":119570960},"geometry":{"type":"LineString","coordinates":[[-5.99183,37.38396],[-5.99181,37.38393],[-5.99183,37.38391],[-5.99184,37.38391],[-5.99166,37.38366],[-5.99164,37.38363],[-5.99155,37.38369],[-5.99157,37.38371],[-5.99151,37.38375],[-5.99146,37.38379],[-5.99144,37.38378],[-5.99133,37.38387],[-5.99145,37.384],[-5.99152,37.38407],[-5.99155,37.3841],[-5.99164,37.38406],[-5.99166,37.38407],[-5.99175,37.38403],[-5.99182,37.384],[-5.9918,37.38397],[-5.99183,37.38396]]}},{"type":"Feature","properties":{"name":"","kind":"park","road":"","osm":119570962},"geometry":{"type":"Polygon","coordinates":[[[-5.99237,37.38398],[-5.99218,37.38372],[-5.99196,37.38383],[-5.992,37.38388],[-5.99201,37.38388],[-5.99212,37.38402],[-5.99211,37.38403],[-5.99216,37.38409],[-5.99237,37.38398]]]}},{"type":"Feature","properties":{"name":"Patio de la Alcubilla","kind":"park","road":"","osm":119570968},"geometry":{"type":"Polygon","coordinates":[[[-5.99092,37.38427],[-5.99072,37.38407],[-5.99056,37.38414],[-5.99061,37.38421],[-5.99062,37.3842],[-5.99065,37.38423],[-5.99063,37.38424],[-5.9907,37.38437],[-5.99092,37.38427]]]}},{"type":"Feature","properties":{"name":"Patio del Yeso","kind":"park","road":"","osm":119570970},"geometry":{"type":"Polygon","coordinates":[[[-5.99161,37.38429],[-5.9916,37.38427],[-5.99156,37.38424],[-5.99155,37.38422],[-5.99142,37.38429],[-5.99149,37.38436],[-5.99161,37.38429]]]}},{"type":"Feature","properties":{"name":"Jardines de la Lonja","kind":"park","road":"","osm":119571861},"geometry":{"type":"Polygon","coordinates":[[[-5.99355,37.38432],[-5.99354,37.38431],[-5.99354,37.3843],[-5.99349,37.38426],[-5.99345,37.38425],[-5.99339,37.38426],[-5.99332,37.38428],[-5.99323,37.38432],[-5.99329,37.38441],[-5.99339,37.38456],[-5.99349,37.38471],[-5.99359,37.38485],[-5.99361,37.38489],[-5.99363,37.38487],[-5.99363,37.38484],[-5.9936,37.38467],[-5.99358,37.38449],[-5.99357,37.38446],[-5.99355,37.38432]]]}},{"type":"Feature","properties":{"name":"Jardines de la Santa Caridad","kind":"park","road":"","osm":119581553},"geometry":{"type":"Polygon","coordinates":[[[-5.9966,37.38341],[-5.99573,37.38367],[-5.99591,37.38403],[-5.99596,37.38402],[-5.99635,37.38389],[-5.99632,37.38381],[-5.99637,37.3838],[-5.99646,37.38386],[-5.99682,37.38361],[-5.99674,37.38354],[-5.9966,37.38341]]]}},{"type":"Feature","properties":{"name":"","kind":"park","road":"","osm":119744386},"geometry":{"type":"Polygon","coordinates":[[[-5.98978,37.38034],[-5.98984,37.3802],[-5.98991,37.38004],[-5.99003,37.37975],[-5.99084,37.37996],[-5.99087,37.37987],[-5.99067,37.37983],[-5.99048,37.37978],[-5.98994,37.37965],[-5.98988,37.37966],[-5.98985,37.3797],[-5.98973,37.38],[-5.98966,37.38015],[-5.9896,37.3803],[-5.98978,37.38034]]]}},{"type":"Feature","properties":{"name":"Casa Rosa","kind":"park","road":"","osm":119746423},"geometry":{"type":"Polygon","coordinates":[[[-5.98691,37.36823],[-5.98686,37.36815],[-5.98654,37.3683],[-5.98579,37.36871],[-5.98564,37.3688],[-5.98561,37.36886],[-5.98575,37.3694],[-5.9861,37.36933],[-5.98719,37.36914],[-5.98733,37.3691],[-5.98739,37.36904],[-5.98691,37.36823]]]}},{"type":"Feature","properties":{"name":"","kind":"park","road":"","osm":119894638},"geometry":{"type":"Polygon","coordinates":[[[-5.98254,37.3929],[-5.98237,37.39318],[-5.98214,37.39308],[-5.98229,37.39287],[-5.98254,37.3929]]]}},{"type":"Feature","properties":{"name":"","kind":"park","road":"","osm":120218695},"geometry":{"type":"Polygon","coordinates":[[[-5.99726,37.39287],[-5.9976,37.3929],[-5.99756,37.39317],[-5.99753,37.39317],[-5.99755,37.39305],[-5.99727,37.39303],[-5.99725,37.39314],[-5.99721,37.39314],[-5.99726,37.39287]]]}},{"type":"Feature","properties":{"name":"","kind":"park","road":"","osm":120225583},"geometry":{"type":"Polygon","coordinates":[[[-5.9919,37.38156],[-5.9917,37.38152],[-5.99177,37.38136],[-5.99183,37.38121],[-5.99189,37.38106],[-5.99208,37.38111],[-5.99202,37.38126],[-5.99196,37.38141],[-5.9919,37.38156]]]}},{"type":"Feature","properties":{"name":"","kind":"park","road":"","osm":120225584},"geometry":{"type":"Polygon","coordinates":[[[-5.99036,37.38137],[-5.99031,37.3815],[-5.98957,37.38131],[-5.9896,37.38125],[-5.98967,37.38127],[-5.9897,37.3812],[-5.99036,37.38137]]]}},{"type":"Feature","properties":{"name":"","kind":"park","road":"","osm":120225587},"geometry":{"type":"Polygon","coordinates":[[[-5.99214,37.38096],[-5.99227,37.38065],[-5.99233,37.3805],[-5.99238,37.38037],[-5.99237,37.38031],[-5.99232,37.38025],[-5.99226,37.38023],[-5.99208,37.38019],[-5.99183,37.38012],[-5.99146,37.38002],[-5.99143,37.3801],[-5.9922,37.3803],[-5.99214,37.38045],[-5.99208,37.3806],[-5.99201,37.38075],[-5.99195,37.38091],[-5.99214,37.38096]]]}},{"type":"Feature","properties":{"name":"","kind":"park","road":"","osm":120225588},"geometry":{"type":"Polygon","coordinates":[[[-5.99077,37.38147],[-5.99143,37.38164],[-5.9914,37.38171],[-5.99168,37.38179],[-5.99174,37.38164],[-5.99182,37.38166],[-5.99176,37.3818],[-5.99178,37.38181],[-5.99175,37.38188],[-5.99071,37.38161],[-5.99077,37.38147]]]}},{"type":"Feature","properties":{"name":"","kind":"park","road":"","osm":120225607},"geometry":{"type":"Polygon","coordinates":[[[-5.98953,37.38095],[-5.98959,37.38082],[-5.98966,37.38066],[-5.98972,37.38052],[-5.98954,37.38047],[-5.98947,37.38061],[-5.98941,37.38076],[-5.98935,37.3809],[-5.98953,37.38095]]]}},{"type":"Feature","properties":{"name":"","kind":"water","road":"","osm":120279672},"geometry":{"type":"Polygon","coordinates":[[[-6.00904,37.39838],[-6.00904,37.3982],[-6.00909,37.39819],[-6.00913,37.39816],[-6.00915,37.39812],[-6.00915,37.39807],[-6.00913,37.39801],[-6.0091,37.39795],[-6.00909,37.3979],[-6.00913,37.39786],[-6.00917,37.39783],[-6.00923,37.39783],[-6.00928,37.39785],[-6.0093,37.39787],[-6.00934,37.39792],[-6.00939,37.39796],[-6.00942,37.39799],[-6.00945,37.39802],[-6.00947,37.3981],[-6.00945,37.39815],[-6.00942,37.39821],[-6.00941,37.39828],[-6.00941,37.39835],[-6.00942,37.39839],[-6.00914,37.3984],[-6.00915,37.39839],[-6.00904,37.39838]]]}},{"type":"Feature","properties":{"name":"","kind":"water","road":"","osm":120279673},"geometry":{"type":"Polygon","coordinates":[[[-6.00923,37.3985],[-6.00922,37.39853],[-6.00922,37.39858],[-6.00923,37.3986],[-6.00926,37.39864],[-6.0093,37.39868],[-6.0093,37.39872],[-6.0093,37.39878],[-6.0093,37.39884],[-6.00929,37.3989],[-6.00932,37.39895],[-6.00937,37.39898],[-6.00944,37.39898],[-6.00947,37.39895],[-6.0095,37.39894],[-6.00952,37.39889],[-6.00952,37.39886],[-6.00954,37.39884],[-6.00956,37.3988],[-6.00959,37.39877],[-6.00962,37.39873],[-6.00963,37.39868],[-6.00961,37.39864],[-6.00958,37.39859],[-6.00953,37.39858],[-6.00951,37.39855],[-6.00948,37.39851],[-6.00923,37.3985]]]}},{"type":"Feature","properties":{"name":"","kind":"park","road":"","osm":120297200},"geometry":{"type":"Polygon","coordinates":[[[-6.00825,37.39879],[-6.00825,37.3987],[-6.0081,37.3987],[-6.0081,37.3988],[-6.00825,37.39879]]]}},{"type":"Feature","properties":{"name":"","kind":"park","road":"","osm":120297201},"geometry":{"type":"Polygon","coordinates":[[[-6.00849,37.39895],[-6.00848,37.39885],[-6.00833,37.39885],[-6.00834,37.39895],[-6.00849,37.39895]]]}},{"type":"Feature","properties":{"name":"","kind":"park","road":"","osm":120297202},"geometry":{"type":"Polygon","coordinates":[[[-6.00826,37.39895],[-6.00825,37.39885],[-6.0081,37.39885],[-6.0081,37.39896],[-6.00826,37.39895]]]}},{"type":"Feature","properties":{"name":"","kind":"park","road":"","osm":120297203},"geometry":{"type":"Polygon","coordinates":[[[-6.00849,37.39879],[-6.00849,37.39869],[-6.00833,37.39869],[-6.00834,37.39879],[-6.00849,37.39879]]]}},{"type":"Feature","properties":{"name":"","kind":"park","road":"","osm":120297204},"geometry":{"type":"Polygon","coordinates":[[[-6.00821,37.39718],[-6.0082,37.39814],[-6.00806,37.39814],[-6.00806,37.39834],[-6.00833,37.39834],[-6.00834,37.3983],[-6.00847,37.3983],[-6.00848,37.3982],[-6.00854,37.39819],[-6.00853,37.39806],[-6.00888,37.39805],[-6.00889,37.39756],[-6.00842,37.39758],[-6.00842,37.39658],[-6.00815,37.39671],[-6.00815,37.39689],[-6.00834,37.39688],[-6.00834,37.39707],[-6.00821,37.39708],[-6.00821,37.39718]]]}},{"type":"Feature","properties":{"name":"","kind":"water","road":"","osm":120397657},"geometry":{"type":"Polygon","coordinates":[[[-6.0083,37.39706],[-6.00812,37.39707],[-6.00811,37.39691],[-6.00829,37.39691],[-6.0083,37.39706]]]}},{"type":"Feature","properties":{"name":"","kind":"water","road":"","osm":120397663},"geometry":{"type":"Polygon","coordinates":[[[-6.00665,37.39761],[-6.00659,37.3977],[-6.00646,37.39766],[-6.00651,37.39756],[-6.00665,37.39761]]]}},{"type":"Feature","properties":{"name":"Calle Luis Montoto","kind":"road","road":"secondary","osm":120608119},"geometry":{"type":"LineString","coordinates":[[-5.98321,37.38866],[-5.98346,37.38879],[-5.9835,37.38881],[-5.98364,37.38886]]}},{"type":"Feature","properties":{"name":"Avenida Ramón Carande","kind":"road","road":"primary","osm":120694371},"geometry":{"type":"LineString","coordinates":[[-5.97948,37.37677],[-5.9794,37.37689],[-5.97929,37.37712]]}},{"type":"Feature","properties":{"name":"","kind":"park","road":"","osm":120777906},"geometry":{"type":"Polygon","coordinates":[[[-5.97966,37.39287],[-5.97956,37.39297],[-5.97946,37.3929],[-5.97957,37.39281],[-5.97966,37.39287]]]}},{"type":"Feature","properties":{"name":"","kind":"park","road":"","osm":120777908},"geometry":{"type":"Polygon","coordinates":[[[-5.97891,37.39327],[-5.97857,37.39357],[-5.97877,37.39367],[-5.97909,37.39341],[-5.97891,37.39327]]]}},{"type":"Feature","properties":{"name":"Calle Ben Salh de Sevilla","kind":"road","road":"pedestrian","osm":120778337},"geometry":{"type":"LineString","coordinates":[[-5.98029,37.39281],[-5.97886,37.39403]]}},{"type":"Feature","properties":{"name":"","kind":"road","road":"pedestrian","osm":121557178},"geometry":{"type":"LineString","coordinates":[[-6.00392,37.39986],[-6.00398,37.39962],[-6.00405,37.39938],[-6.00369,37.39933],[-6.00349,37.39932],[-6.00337,37.39976],[-6.00392,37.39986]]}},{"type":"Feature","properties":{"name":"Avenida de Roma","kind":"road","road":"pedestrian","osm":121572665},"geometry":{"type":"LineString","coordinates":[[-5.99419,37.38002],[-5.99383,37.38093],[-5.99381,37.38096],[-5.99376,37.38099],[-5.9937,37.38099],[-5.99356,37.38096],[-5.99354,37.38096],[-5.99357,37.38087],[-5.99402,37.37972],[-5.99403,37.37968],[-5.99416,37.37988],[-5.99419,37.37994],[-5.99419,37.38002]]}},{"type":"Feature","properties":{"name":"","kind":"park","road":"","osm":121760635},"geometry":{"type":"Polygon","coordinates":[[[-6.0042,37.3948],[-6.00422,37.39515],[-6.00379,37.39572],[-6.00375,37.39538],[-6.0042,37.3948]]]}},{"type":"Feature","properties":{"name":"","kind":"park","road":"","osm":121760639},"geometry":{"type":"Polygon","coordinates":[[[-6.00491,37.39317],[-6.00513,37.39318],[-6.00517,37.39321],[-6.00517,37.39338],[-6.00515,37.39355],[-6.00511,37.39371],[-6.00502,37.39397],[-6.00488,37.39428],[-6.00458,37.39486],[-6.0041,37.39557],[-6.00393,37.39575],[-6.00385,37.39579],[-6.0038,37.39577],[-6.00379,37.39572],[-6.00422,37.39515],[-6.00429,37.39514],[-6.00424,37.39443],[-6.00436,37.39425],[-6.00479,37.39369],[-6.00483,37.39365],[-6.00488,37.39332],[-6.00491,37.39317]]]}},{"type":"Feature","properties":{"name":"","kind":"park","road":"","osm":121762080},"geometry":{"type":"Polygon","coordinates":[[[-6.01076,37.39864],[-6.01076,37.39849],[-6.01013,37.39848],[-6.01013,37.39863],[-6.01076,37.39864]]]}},{"type":"Feature","properties":{"name":"Avenida de la Buhaira","kind":"road","road":"secondary","osm":122193817},"geometry":{"type":"LineString","coordinates":[[-5.97939,37.38402],[-5.97946,37.38391],[-5.97947,37.38388],[-5.97951,37.3837],[-5.97968,37.38161],[-5.97972,37.38119],[-5.97977,37.38053]]}},{"type":"Feature","properties":{"name":"","kind":"park","road":"","osm":122293348},"geometry":{"type":"Polygon","coordinates":[[[-5.98568,37.38436],[-5.98518,37.38511],[-5.98508,37.38507],[-5.98533,37.38472],[-5.98508,37.38461],[-5.98536,37.38422],[-5.98568,37.38436]]]}},{"type":"Feature","properties":{"name":"","kind":"park","road":"","osm":122293351},"geometry":{"type":"Polygon","coordinates":[[[-5.98642,37.38468],[-5.98623,37.38505],[-5.98615,37.38502],[-5.98639,37.38467],[-5.98642,37.38468]]]}},{"type":"Feature","properties":{"name":"","kind":"park","road":"","osm":122293356},"geometry":{"type":"Polygon","coordinates":[[[-5.98619,37.38512],[-5.98601,37.38548],[-5.98588,37.38542],[-5.98611,37.38508],[-5.98619,37.38512]]]}},{"type":"Feature","properties":{"name":"","kind":"park","road":"","osm":122295215},"geometry":{"type":"Polygon","coordinates":[[[-5.9875,37.37867],[-5.98752,37.37864],[-5.98761,37.37863],[-5.98775,37.37861],[-5.98792,37.37856],[-5.98812,37.37849],[-5.9885,37.37835],[-5.98856,37.37832],[-5.9888,37.37873],[-5.98883,37.37877],[-5.98887,37.37881],[-5.98892,37.37885],[-5.98895,37.37888],[-5.98898,37.37892],[-5.98892,37.37895],[-5.98887,37.37899],[-5.98884,37.37903],[-5.98873,37.37899],[-5.9875,37.37867]]]}},{"type":"Feature","properties":{"name":"","kind":"park","road":"","osm":122295221},"geometry":{"type":"Polygon","coordinates":[[[-5.99013,37.37929],[-5.99014,37.37925],[-5.99021,37.37918],[-5.99028,37.37913],[-5.9904,37.37912],[-5.9905,37.37915],[-5.99053,37.37923],[-5.99061,37.37929],[-5.9907,37.37931],[-5.9908,37.37928],[-5.99091,37.37924],[-5.99101,37.37917],[-5.99107,37.37921],[-5.99112,37.3792],[-5.9912,37.37917],[-5.99129,37.37911],[-5.99131,37.37903],[-5.9913,37.37897],[-5.99126,37.37893],[-5.9914,37.37873],[-5.99158,37.37829],[-5.99166,37.37819],[-5.99169,37.37821],[-5.99223,37.37847],[-5.99234,37.37852],[-5.99186,37.37969],[-5.99178,37.37973],[-5.99175,37.37973],[-5.99039,37.37938],[-5.99017,37.37937],[-5.99013,37.37929]]]}},{"type":"Feature","properties":{"name":"","kind":"road","road":"primary","osm":127353237},"geometry":{"type":"LineString","coordinates":[[-6.00096,37.38702],[-6.00105,37.38725],[-6.00116,37.38736],[-6.00118,37.38737],[-6.00122,37.38741],[-6.00128,37.38749],[-6.00129,37.38752],[-6.00129,37.38754]]}},{"type":"Feature","properties":{"name":"Calle Atanasio Barrón","kind":"road","road":"pedestrian","osm":128253943},"geometry":{"type":"LineString","coordinates":[[-5.98404,37.38662],[-5.98407,37.38656],[-5.9842,37.38632]]}},{"type":"Feature","properties":{"name":"","kind":"road","road":"primary","osm":130542672},"geometry":{"type":"LineString","coordinates":[[-5.99389,37.37496],[-5.99393,37.37496],[-5.99398,37.37497],[-5.99404,37.37498],[-5.9941,37.375],[-5.9942,37.37503]]}},{"type":"Feature","properties":{"name":"Pierre de Coubertin","kind":"road","road":"secondary","osm":130542673},"geometry":{"type":"LineString","coordinates":[[-5.99588,37.37631],[-5.99585,37.37606],[-5.99578,37.37584],[-5.99571,37.37569],[-5.99567,37.37562],[-5.99562,37.37556],[-5.99492,37.37512],[-5.99469,37.37496]]}},{"type":"Feature","properties":{"name":"Calle Virgen de Luján","kind":"road","road":"secondary","osm":130542675},"geometry":{"type":"LineString","coordinates":[[-5.99538,37.37476],[-5.99475,37.37471]]}},{"type":"Feature","properties":{"name":"Glorieta de las Cigarreras","kind":"road","road":"secondary","osm":130542677},"geometry":{"type":"LineString","coordinates":[[-5.99407,37.37492],[-5.99455,37.37483],[-5.99477,37.3748]]}},{"type":"Feature","properties":{"name":"Calle Cardenal Bueno Monreal","kind":"road","road":"primary","osm":135737406},"geometry":{"type":"LineString","coordinates":[[-5.97765,37.37011],[-5.97782,37.36984],[-5.97794,37.36965]]}},{"type":"Feature","properties":{"name":"Calle Cardenal Bueno Monreal","kind":"road","road":"primary","osm":135737407},"geometry":{"type":"LineString","coordinates":[[-5.97765,37.37011],[-5.97739,37.37078],[-5.97735,37.37087],[-5.977,37.37173],[-5.97696,37.37183],[-5.97693,37.37189]]}},{"type":"Feature","properties":{"name":"","kind":"park","road":"","osm":137870161},"geometry":{"type":"Polygon","coordinates":[[[-5.98362,37.37731],[-5.98378,37.37736],[-5.98388,37.37733],[-5.9839,37.37731],[-5.98377,37.37726],[-5.98381,37.37719],[-5.98358,37.37711],[-5.98353,37.37707],[-5.98353,37.37701],[-5.98362,37.37684],[-5.98336,37.37672],[-5.98334,37.37678],[-5.98354,37.37684],[-5.98346,37.37702],[-5.98351,37.37709],[-5.98356,37.37716],[-5.98354,37.37726],[-5.98362,37.37731]]]}},{"type":"Feature","properties":{"name":"","kind":"water","road":"","osm":138582683},"geometry":{"type":"Polygon","coordinates":[[[-5.98924,37.38391],[-5.98918,37.38393],[-5.98915,37.38389],[-5.98921,37.38386],[-5.98924,37.38391]]]}},{"type":"Feature","properties":{"name":"Fuente de Mercurio","kind":"water","road":"","osm":138582684},"geometry":{"type":"Polygon","coordinates":[[[-5.99053,37.38375],[-5.9904,37.38381],[-5.99029,37.38368],[-5.99044,37.38362],[-5.99053,37.38375]]]}},{"type":"Feature","properties":{"name":"","kind":"park","road":"","osm":138582687},"geometry":{"type":"Polygon","coordinates":[[[-5.99049,37.38405],[-5.99043,37.38397],[-5.99045,37.38395],[-5.99042,37.38392],[-5.99049,37.38388],[-5.99055,37.38388],[-5.99063,37.38399],[-5.99049,37.38405]]]}},{"type":"Feature","properties":{"name":"Glorieta Aníbal González","kind":"road","road":"pedestrian","osm":138590288},"geometry":{"type":"LineString","coordinates":[[-5.98774,37.37689],[-5.98792,37.37682]]}},{"type":"Feature","properties":{"name":"Glorieta Aníbal González","kind":"road","road":"pedestrian","osm":138590290},"geometry":{"type":"LineString","coordinates":[[-5.98761,37.37668],[-5.9878,37.37661]]}},{"type":"Feature","properties":{"name":"","kind":"park","road":"","osm":138590303},"geometry":{"type":"Polygon","coordinates":[[[-5.98893,37.37486],[-5.98885,37.37493],[-5.98878,37.37496],[-5.9887,37.37496],[-5.98865,37.37489],[-5.98863,37.37483],[-5.98863,37.37481],[-5.98862,37.37475],[-5.98857,37.37469],[-5.98857,37.37462],[-5.9886,37.37455],[-5.98868,37.37451],[-5.98875,37.37451],[-5.98881,37.37451],[-5.98887,37.37448],[-5.98888,37.37449],[-5.9889,37.3745],[-5.98893,37.37458],[-5.98895,37.37468],[-5.98896,37.37473],[-5.98896,37.37474],[-5.98897,37.37479],[-5.98893,37.37486]]]}},{"type":"Feature","properties":{"name":"","kind":"water","road":"","osm":138590307},"geometry":{"type":"Polygon","coordinates":[[[-5.98807,37.37404],[-5.98803,37.37406],[-5.98781,37.37369],[-5.98786,37.37368],[-5.98807,37.37404]]]}},{"type":"Feature","properties":{"name":"","kind":"water","road":"","osm":138590308},"geometry":{"type":"Polygon","coordinates":[[[-5.98834,37.37447],[-5.98828,37.37449],[-5.98812,37.37421],[-5.98817,37.37419],[-5.98834,37.37447]]]}},{"type":"Feature","properties":{"name":"","kind":"park","road":"","osm":138590311},"geometry":{"type":"Polygon","coordinates":[[[-5.98978,37.37645],[-5.9893,37.37663],[-5.98924,37.37652],[-5.98972,37.37634],[-5.98978,37.37645]]]}},{"type":"Feature","properties":{"name":"","kind":"road","road":"pedestrian","osm":138596940},"geometry":{"type":"LineString","coordinates":[[-5.98777,37.37512],[-5.9874,37.37526],[-5.98705,37.3754],[-5.98687,37.37547]]}},{"type":"Feature","properties":{"name":"Calle Regina","kind":"road","road":"pedestrian","osm":140890520},"geometry":{"type":"LineString","coordinates":[[-5.99167,37.39432],[-5.99158,37.39438],[-5.99156,37.39448],[-5.99157,37.39457],[-5.99157,37.39459],[-5.99156,37.39461],[-5.99153,37.39474],[-5.99146,37.39484],[-5.99133,37.3951],[-5.99129,37.39531]]}},{"type":"Feature","properties":{"name":"Glorieta Julián Besteiros","kind":"road","road":"primary","osm":141388231},"geometry":{"type":"LineString","coordinates":[[-5.97802,37.39169],[-5.978,37.39173],[-5.978,37.39176],[-5.97801,37.39178],[-5.97802,37.39184],[-5.97806,37.39188],[-5.97814,37.39193],[-5.97821,37.39196],[-5.97829,37.39196],[-5.97837,37.39194]]}},{"type":"Feature","properties":{"name":"Calle Vargas Campos","kind":"road","road":"pedestrian","osm":142281697},"geometry":{"type":"LineString","coordinates":[[-5.99394,37.39281],[-5.99391,37.39255],[-5.99389,37.39239]]}},{"type":"Feature","properties":{"name":"Calle Enramadilla","kind":"road","road":"primary","osm":144724771},"geometry":{"type":"LineString","coordinates":[[-5.98093,37.3792],[-5.98179,37.37942],[-5.98207,37.37949],[-5.98236,37.37962],[-5.98272,37.37985]]}},{"type":"Feature","properties":{"name":"","kind":"road","road":"pedestrian","osm":158090366},"geometry":{"type":"LineString","coordinates":[[-6.01081,37.38591],[-6.01037,37.38534],[-6.0103,37.38525],[-6.01014,37.38508],[-6.00995,37.385],[-6.00993,37.38498],[-6.00988,37.385],[-6.00969,37.38479],[-6.00961,37.38469],[-6.00958,37.38467],[-6.00945,37.38454],[-6.0092,37.38424]]}},{"type":"Feature","properties":{"name":"Avenida Flota de Indias","kind":"road","road":"primary","osm":159005016},"geometry":{"type":"LineString","coordinates":[[-6.0035,37.37139],[-6.00322,37.37135],[-6.00315,37.37134],[-6.00282,37.37131],[-6.00249,37.3713],[-6.00215,37.3713],[-6.00157,37.37133],[-6.00142,37.37133],[-6.00065,37.37135]]}},{"type":"Feature","properties":{"name":"Avenida Alfredo Kraus","kind":"road","road":"primary","osm":159005017},"geometry":{"type":"LineString","coordinates":[[-6.00413,37.3716],[-6.00442,37.37164],[-6.00445,37.37165],[-6.00448,37.37165],[-6.00495,37.37171],[-6.0053,37.37176],[-6.00556,37.3718],[-6.00651,37.37195],[-6.00704,37.37202],[-6.00731,37.37211],[-6.0075,37.37221],[-6.0077,37.37238],[-6.00798,37.37274],[-6.00816,37.37296],[-6.00825,37.37306],[-6.00854,37.37341],[-6.00886,37.37379],[-6.00888,37.37382],[-6.0089,37.37384],[-6.00894,37.37393],[-6.009,37.37406]]}},{"type":"Feature","properties":{"name":"","kind":"road","road":"primary","osm":159005018},"geometry":{"type":"LineString","coordinates":[[-6.00347,37.3715],[-6.00398,37.37158],[-6.00413,37.3716]]}},{"type":"Feature","properties":{"name":"","kind":"road","road":"primary","osm":159005019},"geometry":{"type":"LineString","coordinates":[[-6.00415,37.37149],[-6.00363,37.37141],[-6.0035,37.37139]]}},{"type":"Feature","properties":{"name":"","kind":"water","road":"","osm":160082351},"geometry":{"type":"Polygon","coordinates":[[[-5.98799,37.38351],[-5.98797,37.38352],[-5.98795,37.38353],[-5.98793,37.38354],[-5.98791,37.38354],[-5.98789,37.38354],[-5.98787,37.38353],[-5.98785,37.38352],[-5.98783,37.3835],[-5.98783,37.38349],[-5.98782,37.38347],[-5.98783,37.38345],[-5.98784,37.38343],[-5.98785,37.38342],[-5.98787,37.38341],[-5.98789,37.3834],[-5.98791,37.3834],[-5.98794,37.3834],[-5.98796,37.38341],[-5.98797,37.38342],[-5.98799,37.38344],[-5.988,37.38345],[-5.988,37.38347],[-5.988,37.38349],[-5.98799,37.38351]]]}},{"type":"Feature","properties":{"name":"Glorieta de J. García Ramos","kind":"road","road":"pedestrian","osm":160083376},"geometry":{"type":"LineString","coordinates":[[-5.98761,37.38488],[-5.98762,37.38487],[-5.98762,37.38484],[-5.9876,37.38484],[-5.98757,37.38484],[-5.98756,37.38485],[-5.98757,37.38488],[-5.98758,37.38488],[-5.98761,37.38488]]}},{"type":"Feature","properties":{"name":"Avenida del Cristo de la Expiración","kind":"road","road":"primary","osm":160118790},"geometry":{"type":"LineString","coordinates":[[-6.00302,37.39083],[-6.00317,37.39082],[-6.00321,37.39082],[-6.00324,37.39081],[-6.00331,37.3908],[-6.00416,37.39061]]}},{"type":"Feature","properties":{"name":"Josefa Reina Puerto","kind":"road","road":"pedestrian","osm":160118911},"geometry":{"type":"LineString","coordinates":[[-5.99753,37.39155],[-5.99751,37.39153]]}},{"type":"Feature","properties":{"name":"Plaza Vicente Aleixandre","kind":"road","road":"pedestrian","osm":160744935},"geometry":{"type":"LineString","coordinates":[[-5.98035,37.36964],[-5.98031,37.36947],[-5.98029,37.36941],[-5.97931,37.36954],[-5.9792,37.36956],[-5.9786,37.36964],[-5.97864,37.36985],[-5.98001,37.36968],[-5.98022,37.36965],[-5.98035,37.36964]]}},{"type":"Feature","properties":{"name":"","kind":"road","road":"pedestrian","osm":163393732},"geometry":{"type":"LineString","coordinates":[[-6.0023,37.38791],[-6.00225,37.38783],[-6.00214,37.38788],[-6.00191,37.38759],[-6.00219,37.38783],[-6.00235,37.38771],[-6.00236,37.3877],[-6.00239,37.38768],[-6.00243,37.38771],[-6.00238,37.38774],[-6.00249,37.38783],[-6.0023,37.38791]]}},{"type":"Feature","properties":{"name":"Jardines de Rafael Montesinos","kind":"park","road":"","osm":163393998},"geometry":{"type":"Polygon","coordinates":[[[-6.00141,37.38687],[-6.00081,37.38638],[-6.00063,37.38651],[-6.00066,37.38654],[-6.00076,37.38662],[-6.00079,37.38665],[-6.00092,37.38677],[-6.00095,37.38679],[-6.00109,37.38691],[-6.00111,37.38693],[-6.00113,37.38696],[-6.00123,37.38702],[-6.00128,37.38698],[-6.00132,37.38694],[-6.00138,37.38689],[-6.00141,37.38687]]]}},{"type":"Feature","properties":{"name":"Plaza Alcalde José Hernández Díaz","kind":"road","road":"pedestrian","osm":163394256},"geometry":{"type":"LineString","coordinates":[[-6.00643,37.38324],[-6.0063,37.3831],[-6.00629,37.3831],[-6.0063,37.3831],[-6.00627,37.38312],[-6.00625,37.38313],[-6.00624,37.38313],[-6.00637,37.38328],[-6.00643,37.38324]]}},{"type":"Feature","properties":{"name":"","kind":"road","road":"pedestrian","osm":163397786},"geometry":{"type":"LineString","coordinates":[[-6.00714,37.38437],[-6.00713,37.38436],[-6.00704,37.38426],[-6.00695,37.38417],[-6.00694,37.38416],[-6.00693,37.38415],[-6.00692,37.38415],[-6.0069,37.38416],[-6.00675,37.38425],[-6.0066,37.38435],[-6.00659,37.38435],[-6.00658,37.38436],[-6.00658,37.38437],[-6.00659,37.38439],[-6.00664,37.38443],[-6.00669,37.38448],[-6.00676,37.38455],[-6.00678,37.38457],[-6.00679,37.38458],[-6.0068,37.38458],[-6.00681,37.38458],[-6.00682,37.38458],[-6.00683,37.38458],[-6.00697,37.38449],[-6.00713,37.38439],[-6.00714,37.38438],[-6.00714,37.38437]]}},{"type":"Feature","properties":{"name":"","kind":"road","road":"pedestrian","osm":163400034},"geometry":{"type":"LineString","coordinates":[[-6.00849,37.38444],[-6.00854,37.38441],[-6.00815,37.38405],[-6.00803,37.38414],[-6.00842,37.38449],[-6.00849,37.38444]]}},{"type":"Feature","properties":{"name":"Plaza Matilde Corral","kind":"park","road":"","osm":163400035},"geometry":{"type":"Polygon","coordinates":[[[-6.00808,37.38858],[-6.00781,37.3885],[-6.00781,37.38847],[-6.00781,37.38842],[-6.00782,37.38838],[-6.00782,37.38833],[-6.00783,37.3883],[-6.00816,37.3884],[-6.00808,37.38858]]]}},{"type":"Feature","properties":{"name":"Calle Gracia de Triana","kind":"road","road":"pedestrian","osm":163400039},"geometry":{"type":"LineString","coordinates":[[-6.00754,37.389],[-6.0075,37.38898],[-6.00744,37.38896],[-6.00712,37.38881],[-6.00688,37.38908]]}},{"type":"Feature","properties":{"name":"","kind":"park","road":"","osm":163401403},"geometry":{"type":"Polygon","coordinates":[[[-6.01191,37.38234],[-6.01148,37.38221],[-6.01068,37.38221],[-6.01049,37.38219],[-6.01045,37.38141],[-6.01031,37.38147],[-6.01024,37.38159],[-6.01031,37.38175],[-6.00998,37.38186],[-6.01038,37.38238],[-6.01191,37.38238],[-6.01191,37.38234]]]}},{"type":"Feature","properties":{"name":"","kind":"park","road":"","osm":166328535},"geometry":{"type":"Polygon","coordinates":[[[-6.00713,37.40233],[-6.00709,37.40235],[-6.00708,37.40235],[-6.00706,37.40236],[-6.00705,37.40235],[-6.00703,37.40235],[-6.00702,37.40235],[-6.00701,37.40234],[-6.007,37.40233],[-6.007,37.40232],[-6.00699,37.40232],[-6.00696,37.40242],[-6.0077,37.40255],[-6.00775,37.40233],[-6.00767,37.40232],[-6.00765,37.40242],[-6.00762,37.40244],[-6.00759,37.40245],[-6.00756,37.40245],[-6.00753,37.40245],[-6.0075,37.40245],[-6.00749,37.40244],[-6.00747,37.40243],[-6.00746,37.40241],[-6.00745,37.4024],[-6.00744,37.4024],[-6.00743,37.4024],[-6.00741,37.4024],[-6.00739,37.4024],[-6.00737,37.4024],[-6.00737,37.40243],[-6.00711,37.40238],[-6.00713,37.40233]]]}},{"type":"Feature","properties":{"name":"","kind":"park","road":"","osm":166328536},"geometry":{"type":"Polygon","coordinates":[[[-6.0062,37.40213],[-6.00618,37.40222],[-6.00592,37.40218],[-6.00595,37.40207],[-6.00593,37.40207],[-6.00592,37.40207],[-6.00591,37.40207],[-6.00589,37.40208],[-6.00589,37.40209],[-6.00588,37.40209],[-6.00587,37.4021],[-6.00585,37.40211],[-6.00584,37.40212],[-6.00582,37.40213],[-6.0058,37.40213],[-6.00578,37.40214],[-6.00576,37.40214],[-6.00575,37.40214],[-6.00573,37.40214],[-6.00572,37.40213],[-6.00571,37.40213],[-6.0057,37.40212],[-6.00569,37.40211],[-6.00568,37.4021],[-6.00568,37.40209],[-6.00567,37.40208],[-6.00567,37.40207],[-6.00566,37.40205],[-6.00566,37.40204],[-6.00565,37.40203],[-6.00565,37.40202],[-6.00564,37.40201],[-6.00562,37.402],[-6.0056,37.40199],[-6.00558,37.40199],[-6.00556,37.40199],[-6.00554,37.40199],[-6.00552,37.402],[-6.00551,37.402],[-6.0055,37.40201],[-6.00549,37.40202],[-6.00547,37.40203],[-6.00546,37.40204],[-6.00545,37.40205],[-6.00543,37.40205],[-6.00541,37.40205],[-6.00539,37.40205],[-6.00538,37.40205],[-6.00536,37.40205],[-6.00535,37.40205],[-6.00534,37.40206],[-6.00531,37.40206],[-6.00529,37.40206],[-6.00527,37.40205],[-6.00526,37.40204],[-6.00525,37.40203],[-6.00523,37.40202],[-6.00523,37.40201],[-6.00522,37.402],[-6.00522,37.40198],[-6.00521,37.40197],[-6.00519,37.40206],[-6.00482,37.40199],[-6.00483,37.40195],[-6.00481,37.40196],[-6.0048,37.40196],[-6.00478,37.40195],[-6.00477,37.40194],[-6.00476,37.40194],[-6.00474,37.40192],[-6.00473,37.40191],[-6.00471,37.4019],[-6.00469,37.4019],[-6.00467,37.4019],[-6.00464,37.4019],[-6.00463,37.4019],[-6.0046,37.40189],[-6.00447,37.40187],[-6.00445,37.40198],[-6.0063,37.4023],[-6.00633,37.40216],[-6.00631,37.40218],[-6.0063,37.40219],[-6.0063,37.4022],[-6.00629,37.4022],[-6.00628,37.40221],[-6.00627,37.40221],[-6.00626,37.40221],[-6.00625,37.40221],[-6.00624,37.40221],[-6.00624,37.4022],[-6.00623,37.4022],[-6.00622,37.40219],[-6.00622,37.40218],[-6.00622,37.40217],[-6.00622,37.40216],[-6.00621,37.40215],[-6.0062,37.40213]]]}},{"type":"Feature","properties":{"name":"Avenida José Laguillo","kind":"road","road":"primary","osm":173076714},"geometry":{"type":"LineString","coordinates":[[-5.9818,37.39338],[-5.98124,37.39312],[-5.98111,37.39306],[-5.98084,37.39293],[-5.9806,37.39281],[-5.9805,37.39277],[-5.98042,37.39273],[-5.97952,37.39234]]}},{"type":"Feature","properties":{"name":"Calle Federico Sánchez Bedoya","kind":"road","road":"pedestrian","osm":177486190},"geometry":{"type":"LineString","coordinates":[[-5.99456,37.38618],[-5.99418,37.38622]]}},{"type":"Feature","properties":{"name":"Calle Mercurio","kind":"road","road":"pedestrian","osm":177765061},"geometry":{"type":"LineString","coordinates":[[-5.99025,37.3978],[-5.98997,37.39783],[-5.98998,37.39792],[-5.98983,37.39794],[-5.98943,37.39793]]}},{"type":"Feature","properties":{"name":"Calle Prada","kind":"road","road":"pedestrian","osm":177876087},"geometry":{"type":"LineString","coordinates":[[-5.9902,37.39762],[-5.98968,37.39765]]}},{"type":"Feature","properties":{"name":"Jardines de Manuel Ferrand","kind":"park","road":"","osm":180089249},"geometry":{"type":"Polygon","coordinates":[[[-5.99483,37.37519],[-5.99466,37.37528],[-5.99447,37.37531],[-5.99423,37.37531],[-5.99409,37.37526],[-5.99393,37.37517],[-5.99384,37.37507],[-5.99365,37.37512],[-5.99383,37.37554],[-5.99541,37.37567],[-5.99546,37.37562],[-5.99511,37.37541],[-5.99511,37.37536],[-5.99483,37.37519]]]}},{"type":"Feature","properties":{"name":"Jardines de Manuel Ferrand","kind":"park","road":"","osm":180089250},"geometry":{"type":"Polygon","coordinates":[[[-5.99596,37.37558],[-5.99598,37.37549],[-5.99602,37.37506],[-5.99604,37.37489],[-5.99588,37.37489],[-5.99552,37.3749],[-5.99515,37.37491],[-5.99501,37.37506],[-5.99525,37.37521],[-5.99533,37.37521],[-5.99543,37.37526],[-5.99567,37.37542],[-5.99569,37.37545],[-5.99568,37.37548],[-5.99584,37.3756],[-5.99589,37.37562],[-5.99594,37.3756],[-5.99596,37.37558]]]}},{"type":"Feature","properties":{"name":"Glorieta Rafael Torres","kind":"road","road":"pedestrian","osm":180110801},"geometry":{"type":"LineString","coordinates":[[-5.98222,37.39367],[-5.9822,37.3937],[-5.982,37.39401],[-5.98195,37.39403],[-5.9819,37.39402],[-5.98188,37.394],[-5.98181,37.39354],[-5.98182,37.39354],[-5.98188,37.39353],[-5.98222,37.39367]]}},{"type":"Feature","properties":{"name":"Avenida Ramón Carande","kind":"road","road":"primary","osm":183213746},"geometry":{"type":"LineString","coordinates":[[-5.97898,37.37792],[-5.97897,37.37793],[-5.97896,37.37795],[-5.97894,37.37799]]}},{"type":"Feature","properties":{"name":"Avenida de Carlos V","kind":"road","road":"tertiary","osm":183213747},"geometry":{"type":"LineString","coordinates":[[-5.98377,37.37984],[-5.9837,37.37981],[-5.9833,37.37966]]}},{"type":"Feature","properties":{"name":"Avenida de Carlos V","kind":"road","road":"tertiary","osm":183213748},"geometry":{"type":"LineString","coordinates":[[-5.98328,37.37988],[-5.98333,37.37986],[-5.98337,37.37984],[-5.9834,37.37983],[-5.98352,37.37982],[-5.98364,37.37982],[-5.98377,37.37984]]}},{"type":"Feature","properties":{"name":"Calle Doctor Ordoñez de la Barrera","kind":"road","road":"primary","osm":183213749},"geometry":{"type":"LineString","coordinates":[[-5.97988,37.37796],[-5.98013,37.37732],[-5.98019,37.37718],[-5.9802,37.37714],[-5.98027,37.37699],[-5.9803,37.37691]]}},{"type":"Feature","properties":{"name":"Calle Sorda","kind":"road","road":"pedestrian","osm":183408335},"geometry":{"type":"LineString","coordinates":[[-5.98664,37.40006],[-5.98665,37.40006],[-5.98691,37.40007]]}},{"type":"Feature","properties":{"name":"","kind":"park","road":"","osm":183431745},"geometry":{"type":"Polygon","coordinates":[[[-6.00297,37.37621],[-6.00276,37.37632],[-6.00266,37.3762],[-6.00288,37.37609],[-6.00297,37.37621]]]}},{"type":"Feature","properties":{"name":"","kind":"park","road":"","osm":183431746},"geometry":{"type":"Polygon","coordinates":[[[-6.00258,37.37641],[-6.00228,37.37657],[-6.00218,37.37645],[-6.00249,37.37629],[-6.00258,37.37641]]]}},{"type":"Feature","properties":{"name":"","kind":"park","road":"","osm":183431757},"geometry":{"type":"Polygon","coordinates":[[[-6.00237,37.37617],[-6.00208,37.37632],[-6.00201,37.37623],[-6.00206,37.3762],[-6.00205,37.37619],[-6.00229,37.37606],[-6.00237,37.37617]]]}},{"type":"Feature","properties":{"name":"Calle Virgen de la Oliva","kind":"road","road":"primary","osm":183454727},"geometry":{"type":"LineString","coordinates":[[-6.00366,37.37205],[-6.00365,37.37209],[-6.00364,37.37212],[-6.00363,37.37218],[-6.00361,37.37223],[-6.00358,37.37232],[-6.00351,37.37261],[-6.00349,37.37289],[-6.00351,37.37318],[-6.0036,37.37345]]}},{"type":"Feature","properties":{"name":"Calle Virgen de la Oliva","kind":"road","road":"primary","osm":183454732},"geometry":{"type":"LineString","coordinates":[[-6.00366,37.37205],[-6.00379,37.37188],[-6.00391,37.37176]]}},{"type":"Feature","properties":{"name":"","kind":"park","road":"","osm":185424304},"geometry":{"type":"Polygon","coordinates":[[[-5.9982,37.38024],[-5.99818,37.38028],[-5.99814,37.38032],[-5.99809,37.38036],[-5.998,37.38041],[-5.99799,37.38039],[-5.99807,37.38036],[-5.99806,37.38034],[-5.99798,37.38038],[-5.99797,37.3804],[-5.99797,37.38042],[-5.99788,37.38044],[-5.99777,37.38046],[-5.99772,37.38036],[-5.99774,37.38036],[-5.99779,37.38036],[-5.99787,37.38035],[-5.99796,37.38032],[-5.99804,37.38028],[-5.9981,37.38023],[-5.99813,37.38022],[-5.9982,37.38024]]]}},{"type":"Feature","properties":{"name":"","kind":"park","road":"","osm":185424305},"geometry":{"type":"Polygon","coordinates":[[[-5.99728,37.38021],[-5.99725,37.38016],[-5.99724,37.38012],[-5.99723,37.38006],[-5.99725,37.37994],[-5.99728,37.37995],[-5.99732,37.37997],[-5.99736,37.38001],[-5.99738,37.38005],[-5.99738,37.38009],[-5.99736,37.38013],[-5.99734,37.38017],[-5.99731,37.38019],[-5.99728,37.38021]]]}},{"type":"Feature","properties":{"name":"","kind":"park","road":"","osm":185424307},"geometry":{"type":"Polygon","coordinates":[[[-5.99823,37.38018],[-5.99817,37.38016],[-5.99816,37.38014],[-5.99817,37.38011],[-5.99818,37.38005],[-5.99817,37.37997],[-5.99816,37.37997],[-5.99814,37.37998],[-5.99813,37.37997],[-5.99814,37.37995],[-5.99815,37.37993],[-5.99817,37.3799],[-5.99821,37.37988],[-5.99825,37.37993],[-5.99827,37.38],[-5.99828,37.38006],[-5.99827,37.38012],[-5.99823,37.38018]]]}},{"type":"Feature","properties":{"name":"Plaza de los Mártires","kind":"road","road":"pedestrian","osm":185429131},"geometry":{"type":"LineString","coordinates":[[-6.00172,37.38025],[-6.00162,37.38032],[-6.00131,37.38009],[-6.00143,37.37998],[-6.00172,37.38025]]}},{"type":"Feature","properties":{"name":"Calle Demetrio de los Ríos","kind":"road","road":"primary","osm":190113001},"geometry":{"type":"LineString","coordinates":[[-5.98553,37.38542],[-5.98575,37.38551]]}},{"type":"Feature","properties":{"name":"","kind":"road","road":"secondary","osm":191127167},"geometry":{"type":"LineString","coordinates":[[-6.00421,37.37434],[-6.00417,37.37409],[-6.00414,37.37398],[-6.0041,37.37389]]}},{"type":"Feature","properties":{"name":"Calle Manuel de Lando","kind":"road","road":"pedestrian","osm":191200276},"geometry":{"type":"LineString","coordinates":[[-6.00932,37.37879],[-6.00925,37.37875]]}},{"type":"Feature","properties":{"name":"Calle Manuel de Lando","kind":"road","road":"pedestrian","osm":191200277},"geometry":{"type":"LineString","coordinates":[[-6.00925,37.37875],[-6.00916,37.37872],[-6.00893,37.37857],[-6.00886,37.37855]]}},{"type":"Feature","properties":{"name":"Calle Álvaro Peláez","kind":"road","road":"pedestrian","osm":191200282},"geometry":{"type":"LineString","coordinates":[[-6.00967,37.37907],[-6.00968,37.37908]]}},{"type":"Feature","properties":{"name":"","kind":"road","road":"pedestrian","osm":191200288},"geometry":{"type":"LineString","coordinates":[[-6.00875,37.37939],[-6.00869,37.37934]]}},{"type":"Feature","properties":{"name":"Calle Rubén Darío","kind":"road","road":"primary","osm":191201972},"geometry":{"type":"LineString","coordinates":[[-6.01184,37.37603],[-6.01144,37.37588],[-6.01104,37.37572],[-6.01065,37.37555],[-6.01038,37.37538],[-6.01013,37.37518],[-6.00979,37.3748],[-6.0096,37.37453],[-6.00957,37.37449],[-6.00951,37.37434],[-6.00946,37.37419]]}},{"type":"Feature","properties":{"name":"Paseo de Cristina","kind":"road","road":"pedestrian","osm":195567977},"geometry":{"type":"LineString","coordinates":[[-5.99488,37.38134],[-5.99484,37.38137],[-5.99467,37.38145],[-5.99465,37.38147],[-5.99404,37.38177],[-5.99384,37.38188],[-5.99374,37.38193],[-5.99371,37.38193],[-5.99368,37.38191],[-5.99368,37.38203],[-5.99368,37.38206],[-5.99388,37.38196],[-5.99382,37.3821],[-5.99384,37.3821],[-5.99398,37.38212],[-5.99401,37.38212],[-5.99435,37.38212],[-5.99435,37.38211],[-5.99434,37.3821],[-5.99433,37.3821],[-5.99431,37.38205],[-5.99432,37.38204],[-5.99433,37.38203],[-5.99433,37.38202],[-5.9944,37.38199],[-5.99442,37.38201],[-5.99444,37.38205],[-5.99444,37.38208],[-5.99444,37.38213],[-5.99452,37.38208],[-5.99449,37.382],[-5.99454,37.382],[-5.99455,37.38196],[-5.99455,37.38194],[-5.99513,37.38165],[-5.99508,37.38159],[-5.99504,37.38153],[-5.99502,37.38151],[-5.99498,37.38146],[-5.99492,37.38139],[-5.99491,37.38138],[-5.99488,37.38134]]}},{"type":"Feature","properties":{"name":"Paseo de las Delicias","kind":"road","road":"primary","osm":195567978},"geometry":{"type":"LineString","coordinates":[[-5.99448,37.38029],[-5.99431,37.37985],[-5.99429,37.37982],[-5.99398,37.37946]]}},{"type":"Feature","properties":{"name":"Paseo de las Delicias","kind":"road","road":"primary","osm":195567979},"geometry":{"type":"LineString","coordinates":[[-5.99398,37.37946],[-5.99417,37.37982],[-5.99419,37.37987],[-5.99448,37.38029]]}},{"type":"Feature","properties":{"name":"Paseo de las Delicias","kind":"road","road":"primary","osm":195567980},"geometry":{"type":"LineString","coordinates":[[-5.99398,37.37946],[-5.99295,37.3778]]}},{"type":"Feature","properties":{"name":"Avenida de Carlos V","kind":"road","road":"tertiary","osm":195571116},"geometry":{"type":"LineString","coordinates":[[-5.98515,37.3802],[-5.98511,37.38019],[-5.98496,37.38015],[-5.98492,37.38014],[-5.98491,37.38014],[-5.98488,37.38013],[-5.98483,37.38012]]}},{"type":"Feature","properties":{"name":"Avenida de la Borbolla","kind":"road","road":"secondary","osm":195571137},"geometry":{"type":"LineString","coordinates":[[-5.98317,37.37934],[-5.98318,37.37931],[-5.98332,37.37902],[-5.98345,37.37876],[-5.98376,37.37813],[-5.98377,37.37811],[-5.98387,37.37793]]}},{"type":"Feature","properties":{"name":"Calle Arfián","kind":"road","road":"pedestrian","osm":197717489},"geometry":{"type":"LineString","coordinates":[[-6.00185,37.38459],[-6.00167,37.38482]]}},{"type":"Feature","properties":{"name":"Calle Nuestro Padre Jesús de las Penas","kind":"road","road":"pedestrian","osm":197717490},"geometry":{"type":"LineString","coordinates":[[-6.00471,37.38387],[-6.00462,37.38379],[-6.00422,37.38348]]}},{"type":"Feature","properties":{"name":"Calle San Jacinto","kind":"road","road":"pedestrian","osm":197717493},"geometry":{"type":"LineString","coordinates":[[-6.00346,37.38508],[-6.00342,37.38512]]}},{"type":"Feature","properties":{"name":"Calle San Jacinto","kind":"road","road":"pedestrian","osm":197717494},"geometry":{"type":"LineString","coordinates":[[-6.00436,37.38415],[-6.00443,37.3842],[-6.00445,37.38422],[-6.00447,37.38424],[-6.00452,37.38421],[-6.00457,37.38418],[-6.00461,37.38415],[-6.00463,37.38414],[-6.0047,37.3841],[-6.00472,37.38408],[-6.00473,37.38407],[-6.00474,37.38407],[-6.00473,37.38406],[-6.00477,37.38403],[-6.0048,37.38401],[-6.00483,37.38398],[-6.00485,37.384],[-6.00494,37.38395],[-6.00498,37.38392],[-6.005,37.38391],[-6.00505,37.38388],[-6.00506,37.38387],[-6.00509,37.38385],[-6.00518,37.38387],[-6.00521,37.38386],[-6.00516,37.38381],[-6.00515,37.3838],[-6.00513,37.38378],[-6.00512,37.38377],[-6.00508,37.38378],[-6.00505,37.38375],[-6.005,37.3837],[-6.00499,37.38371],[-6.00492,37.38375],[-6.00484,37.38381],[-6.00483,37.3838],[-6.00483,37.38381],[-6.00479,37.38383],[-6.00479,37.38384],[-6.00473,37.38387],[-6.00471,37.38387],[-6.0047,37.38388],[-6.00466,37.38391],[-6.00465,37.38392],[-6.00464,37.38393],[-6.00456,37.38398],[-6.00459,37.384],[-6.00449,37.38406],[-6.00444,37.3841],[-6.00439,37.38413],[-6.00436,37.38415]]}},{"type":"Feature","properties":{"name":"Calle Virgen de Luján","kind":"road","road":"secondary","osm":197857277},"geometry":{"type":"LineString","coordinates":[[-6.00172,37.37459],[-6.00192,37.37459],[-6.00201,37.37459],[-6.00226,37.37458],[-6.00247,37.37458]]}},{"type":"Feature","properties":{"name":"","kind":"park","road":"","osm":200571617},"geometry":{"type":"Polygon","coordinates":[[[-5.99146,37.37253],[-5.99132,37.37261],[-5.99113,37.37185],[-5.99128,37.37182],[-5.9913,37.37208],[-5.99146,37.37253]]]}},{"type":"Feature","properties":{"name":"","kind":"park","road":"","osm":200571619},"geometry":{"type":"Polygon","coordinates":[[[-5.99114,37.36933],[-5.99061,37.36959],[-5.99056,37.36955],[-5.99054,37.36928],[-5.99107,37.36925],[-5.99114,37.36933]]]}},{"type":"Feature","properties":{"name":"","kind":"park","road":"","osm":200571626},"geometry":{"type":"Polygon","coordinates":[[[-5.99164,37.37452],[-5.99163,37.37477],[-5.99163,37.37479],[-5.99163,37.37481],[-5.99163,37.37491],[-5.99167,37.3751],[-5.99173,37.37512],[-5.99179,37.37515],[-5.99185,37.37519],[-5.99189,37.37523],[-5.99212,37.37518],[-5.99206,37.375],[-5.99194,37.37487],[-5.99182,37.37474],[-5.99167,37.37451],[-5.99164,37.37452]]]}},{"type":"Feature","properties":{"name":"Jardin de las Delicias","kind":"park","road":"","osm":200571630},"geometry":{"type":"Polygon","coordinates":[[[-5.99145,37.36914],[-5.99051,37.36917],[-5.99048,37.36877],[-5.99066,37.36862],[-5.99119,37.36862],[-5.9912,37.3684],[-5.99071,37.36838],[-5.99073,37.36776],[-5.99152,37.36778],[-5.99152,37.36805],[-5.99141,37.36825],[-5.99145,37.36914]]]}},{"type":"Feature","properties":{"name":"","kind":"road","road":"pedestrian","osm":201366336},"geometry":{"type":"LineString","coordinates":[[-5.99491,37.38522],[-5.99487,37.38522],[-5.99485,37.38518],[-5.99483,37.38512],[-5.99468,37.38513],[-5.99465,37.38502],[-5.99465,37.38499],[-5.99461,37.385],[-5.99465,37.38514],[-5.99465,37.38515],[-5.99467,37.38517],[-5.99477,37.38521],[-5.9948,37.38523],[-5.99485,37.38523],[-5.99492,37.38523],[-5.99491,37.38522]]}},{"type":"Feature","properties":{"name":"Calle Caños de Carmona","kind":"road","road":"pedestrian","osm":206079700},"geometry":{"type":"LineString","coordinates":[[-5.98364,37.38674],[-5.98372,37.3865]]}},{"type":"Feature","properties":{"name":"Calle Atanasio Barrón","kind":"road","road":"pedestrian","osm":206080261},"geometry":{"type":"LineString","coordinates":[[-5.98415,37.38746],[-5.98404,37.3868],[-5.98412,37.38664]]}},{"type":"Feature","properties":{"name":"Glorieta Curro Romero","kind":"road","road":"pedestrian","osm":206516692},"geometry":{"type":"LineString","coordinates":[[-5.99863,37.38528],[-5.9986,37.38526],[-5.99862,37.38524],[-5.9986,37.38522],[-5.99858,37.38524],[-5.99854,37.3852],[-5.99847,37.38524],[-5.99843,37.38523],[-5.99823,37.38533],[-5.99824,37.38535],[-5.99824,37.38537],[-5.99838,37.38535],[-5.9984,37.38534],[-5.99852,37.38535],[-5.99863,37.38528]]}},{"type":"Feature","properties":{"name":"Calle Luis Montoto","kind":"road","road":"secondary","osm":207307419},"geometry":{"type":"LineString","coordinates":[[-5.98204,37.38797],[-5.98198,37.38795],[-5.98191,37.38792],[-5.98166,37.38786],[-5.98109,37.38779]]}},{"type":"Feature","properties":{"name":"Calle Oviedo","kind":"road","road":"pedestrian","osm":215300803},"geometry":{"type":"LineString","coordinates":[[-6.0086,37.38004],[-6.00854,37.38007],[-6.00853,37.38006],[-6.00852,37.38005],[-6.00849,37.38006],[-6.00851,37.38009],[-6.00845,37.38012],[-6.00835,37.38017],[-6.00833,37.38014],[-6.00831,37.38012],[-6.00841,37.38006],[-6.00843,37.38005],[-6.00853,37.37999],[-6.00855,37.37998],[-6.00858,37.38001],[-6.0086,37.38004]]}},{"type":"Feature","properties":{"name":"Paseo de las Delicias","kind":"road","road":"primary","osm":217651938},"geometry":{"type":"LineString","coordinates":[[-5.99133,37.37521],[-5.99158,37.37564],[-5.99166,37.37578]]}},{"type":"Feature","properties":{"name":"Paseo de las Delicias","kind":"road","road":"primary","osm":217651946},"geometry":{"type":"LineString","coordinates":[[-5.99166,37.37578],[-5.99178,37.37597],[-5.9918,37.376],[-5.99205,37.37628]]}},{"type":"Feature","properties":{"name":"Paseo de las Delicias","kind":"road","road":"primary","osm":217651947},"geometry":{"type":"LineString","coordinates":[[-5.99177,37.3757],[-5.99157,37.37537],[-5.99145,37.3752]]}},{"type":"Feature","properties":{"name":"Paseo de las Delicias","kind":"road","road":"primary","osm":217651953},"geometry":{"type":"LineString","coordinates":[[-5.99145,37.3752],[-5.99141,37.37511],[-5.99129,37.37491],[-5.99127,37.37487],[-5.99125,37.37485],[-5.99116,37.37472],[-5.99091,37.37437],[-5.99082,37.37424]]}},{"type":"Feature","properties":{"name":"","kind":"road","road":"secondary","osm":217671787},"geometry":{"type":"LineString","coordinates":[[-5.97806,37.39188],[-5.97792,37.39205]]}},{"type":"Feature","properties":{"name":"","kind":"road","road":"secondary","osm":217671788},"geometry":{"type":"LineString","coordinates":[[-5.97792,37.39205],[-5.97814,37.39193]]}},{"type":"Feature","properties":{"name":"Calle Juan Antonio Cavestany","kind":"road","road":"secondary","osm":217671789},"geometry":{"type":"LineString","coordinates":[[-5.97847,37.39165],[-5.97864,37.39151],[-5.97868,37.39148],[-5.97898,37.39123]]}},{"type":"Feature","properties":{"name":"","kind":"road","road":"pedestrian","osm":217773454},"geometry":{"type":"LineString","coordinates":[[-5.99638,37.38462],[-5.99625,37.3847],[-5.99616,37.38451],[-5.99641,37.38442],[-5.99644,37.38446],[-5.99632,37.38453],[-5.99636,37.38458],[-5.99635,37.38459],[-5.99638,37.38462]]}},{"type":"Feature","properties":{"name":"Francisco de Pelsmaeker","kind":"road","road":"pedestrian","osm":219470998},"geometry":{"type":"LineString","coordinates":[[-5.99401,37.39238],[-5.99389,37.39239],[-5.99361,37.39242]]}},{"type":"Feature","properties":{"name":"Calle Sor Milagros","kind":"road","road":"pedestrian","osm":219673832},"geometry":{"type":"LineString","coordinates":[[-6.00919,37.38314],[-6.00899,37.38324]]}},{"type":"Feature","properties":{"name":"","kind":"park","road":"","osm":221871126},"geometry":{"type":"Polygon","coordinates":[[[-5.98903,37.38088],[-5.98901,37.38092],[-5.989,37.38091],[-5.98898,37.38096],[-5.98899,37.38096],[-5.98898,37.381],[-5.98897,37.381],[-5.98895,37.38104],[-5.98896,37.38105],[-5.98894,37.38109],[-5.98893,37.38109],[-5.98891,37.38113],[-5.98892,37.38113],[-5.9889,37.38117],[-5.98885,37.38116],[-5.98882,37.38123],[-5.98879,37.3812],[-5.98882,37.38114],[-5.98889,37.38084],[-5.98903,37.38088]]]}},{"type":"Feature","properties":{"name":"Avenida de la Borbolla","kind":"road","road":"secondary","osm":222105712},"geometry":{"type":"LineString","coordinates":[[-5.98328,37.37963],[-5.98317,37.37934]]}},{"type":"Feature","properties":{"name":"","kind":"road","road":"secondary","osm":222105713},"geometry":{"type":"LineString","coordinates":[[-5.98301,37.38028],[-5.98307,37.38009],[-5.98314,37.37998]]}},{"type":"Feature","properties":{"name":"","kind":"road","road":"secondary","osm":222105714},"geometry":{"type":"LineString","coordinates":[[-5.98294,37.38],[-5.98295,37.37982],[-5.98297,37.37977],[-5.98298,37.37973],[-5.98301,37.37967],[-5.98308,37.37951]]}},{"type":"Feature","properties":{"name":"Fuente de Híspalis","kind":"water","road":"","osm":222105717},"geometry":{"type":"Polygon","coordinates":[[[-5.99336,37.38241],[-5.99339,37.38239],[-5.99343,37.38239],[-5.99346,37.38239],[-5.99349,37.38241],[-5.9935,37.38243],[-5.99351,37.38246],[-5.9935,37.38248],[-5.99349,37.3825],[-5.99346,37.38252],[-5.99343,37.38252],[-5.99339,37.38252],[-5.99337,37.3825],[-5.99335,37.38248],[-5.99334,37.38246],[-5.99335,37.38243],[-5.99336,37.38241]]]}},{"type":"Feature","properties":{"name":"Avenida de María Luisa","kind":"road","road":"primary","osm":222219279},"geometry":{"type":"LineString","coordinates":[[-5.98958,37.3792],[-5.98977,37.37892],[-5.98978,37.3789]]}},{"type":"Feature","properties":{"name":"Calle Mariscal","kind":"road","road":"pedestrian","osm":222814105},"geometry":{"type":"LineString","coordinates":[[-5.98783,37.38597],[-5.98778,37.38592],[-5.98779,37.38591],[-5.9878,37.38591],[-5.98782,37.38589],[-5.98788,37.38595],[-5.98786,37.38595],[-5.98783,37.38597]]}},{"type":"Feature","properties":{"name":"Calle O'Donnell","kind":"road","road":"pedestrian","osm":222815976},"geometry":{"type":"LineString","coordinates":[[-5.99549,37.3925],[-5.99548,37.39249],[-5.99546,37.39242],[-5.99548,37.39231],[-5.99549,37.39224],[-5.99553,37.39214],[-5.99555,37.3921],[-5.99561,37.39205],[-5.99568,37.392],[-5.99574,37.39197],[-5.99573,37.39195],[-5.99571,37.39191],[-5.9956,37.3919],[-5.99555,37.3919],[-5.99549,37.39188],[-5.99546,37.39187],[-5.99542,37.39187],[-5.99542,37.39192],[-5.99543,37.39196],[-5.99536,37.39232],[-5.99536,37.39237],[-5.99534,37.39247],[-5.99533,37.39254],[-5.9954,37.39253],[-5.99549,37.3925]]}},{"type":"Feature","properties":{"name":"Calle San Eloy","kind":"road","road":"pedestrian","osm":222815977},"geometry":{"type":"LineString","coordinates":[[-5.99554,37.39253],[-5.99595,37.39236],[-5.99599,37.39234],[-5.99631,37.39218],[-5.99671,37.39201],[-5.99681,37.39195],[-5.99693,37.39187],[-5.99734,37.39166],[-5.99753,37.39155],[-5.99795,37.39131]]}},{"type":"Feature","properties":{"name":"Glorieta Doña María de las Mercedes de Borbón y Orleans","kind":"road","road":"primary","osm":222873270},"geometry":{"type":"LineString","coordinates":[[-5.98294,37.38],[-5.98304,37.38],[-5.98314,37.37998],[-5.98322,37.37994],[-5.98328,37.37988]]}},{"type":"Feature","properties":{"name":"Avenida de Menéndez Pelayo","kind":"road","road":"primary","osm":223043135},"geometry":{"type":"LineString","coordinates":[[-5.98608,37.38564],[-5.9863,37.38525]]}},{"type":"Feature","properties":{"name":"","kind":"road","road":"pedestrian","osm":223199962},"geometry":{"type":"LineString","coordinates":[[-5.99856,37.38986],[-5.99862,37.38993],[-5.99864,37.38995],[-5.99857,37.39],[-5.99855,37.39001],[-5.99854,37.39001],[-5.99853,37.39001],[-5.99849,37.38997],[-5.99814,37.39019],[-5.99817,37.39021],[-5.99811,37.39025],[-5.99809,37.39022],[-5.99793,37.39032],[-5.99796,37.39035],[-5.99795,37.39037],[-5.99787,37.39042],[-5.99783,37.39044],[-5.99778,37.39046],[-5.99776,37.39043],[-5.99781,37.39039],[-5.99778,37.39034],[-5.99779,37.39033],[-5.99781,37.39032],[-5.998,37.39021],[-5.99801,37.3902],[-5.99802,37.39019],[-5.99807,37.39016],[-5.99822,37.39007],[-5.99823,37.39007],[-5.99835,37.38999],[-5.99856,37.38986]]}},{"type":"Feature","properties":{"name":"Jardín del Príncipe","kind":"park","road":"","osm":225606020},"geometry":{"type":"Polygon","coordinates":[[[-5.99195,37.38333],[-5.99174,37.38316],[-5.99157,37.38328],[-5.99155,37.3833],[-5.99173,37.38345],[-5.99178,37.38345],[-5.99195,37.38333]]]}},{"type":"Feature","properties":{"name":"Patio del Asistente","kind":"park","road":"","osm":225606022},"geometry":{"type":"Polygon","coordinates":[[[-5.99198,37.38347],[-5.99191,37.3835],[-5.99189,37.38347],[-5.99196,37.38344],[-5.99198,37.38347]]]}},{"type":"Feature","properties":{"name":"","kind":"park","road":"","osm":225606028},"geometry":{"type":"Polygon","coordinates":[[[-5.9927,37.38272],[-5.99252,37.38267],[-5.99244,37.38287],[-5.99261,37.3829],[-5.99263,37.38286],[-5.99263,37.38287],[-5.9927,37.38272]]]}},{"type":"Feature","properties":{"name":"","kind":"park","road":"","osm":225711078},"geometry":{"type":"Polygon","coordinates":[[[-5.97736,37.38467],[-5.9771,37.38461],[-5.97735,37.38391],[-5.97761,37.38397],[-5.97736,37.38467]]]}},{"type":"Feature","properties":{"name":"Calle Avilés","kind":"road","road":"pedestrian","osm":229052880},"geometry":{"type":"LineString","coordinates":[[-6.00794,37.37922],[-6.00796,37.37924],[-6.00799,37.37927],[-6.00795,37.37929],[-6.00792,37.37931],[-6.00791,37.3793],[-6.00789,37.37928],[-6.00787,37.3793],[-6.00789,37.37933],[-6.00782,37.37936],[-6.00783,37.37937],[-6.00781,37.37938],[-6.0078,37.37938],[-6.00767,37.37945],[-6.00764,37.37942],[-6.00761,37.37939],[-6.00774,37.37932],[-6.00777,37.3793],[-6.0078,37.37929],[-6.00783,37.37928],[-6.00791,37.37923],[-6.00794,37.37922]]}},{"type":"Feature","properties":{"name":"Calle Gijón","kind":"road","road":"pedestrian","osm":229052883},"geometry":{"type":"LineString","coordinates":[[-6.00829,37.37966],[-6.00825,37.3796],[-6.00823,37.37961],[-6.00813,37.37967],[-6.00812,37.37967],[-6.00797,37.37976],[-6.00799,37.37978],[-6.00806,37.37974],[-6.00808,37.37977],[-6.00813,37.37974],[-6.0082,37.37971],[-6.00818,37.37968],[-6.00821,37.37967],[-6.00822,37.37968],[-6.00823,37.37969],[-6.00829,37.37966]]}},{"type":"Feature","properties":{"name":"Plaza Salesiano D. Ubaldo","kind":"road","road":"pedestrian","osm":229060966},"geometry":{"type":"LineString","coordinates":[[-6.00621,37.37842],[-6.00632,37.37854],[-6.00641,37.37864],[-6.00642,37.37864],[-6.00641,37.37865],[-6.00633,37.3787],[-6.00632,37.3787],[-6.00632,37.37869],[-6.00624,37.37861],[-6.0062,37.37864],[-6.0062,37.37863],[-6.00618,37.37864],[-6.00615,37.37862],[-6.00612,37.37863],[-6.00611,37.37863],[-6.00608,37.37865],[-6.00609,37.37866],[-6.00613,37.3787],[-6.00617,37.37875],[-6.00628,37.37885],[-6.00635,37.37894],[-6.00643,37.37902],[-6.00651,37.3791],[-6.00658,37.37918],[-6.00665,37.37925],[-6.00671,37.37932],[-6.00676,37.37936],[-6.0068,37.37941],[-6.0068,37.37943],[-6.00685,37.37948],[-6.0069,37.37943],[-6.00697,37.37938],[-6.00677,37.37917],[-6.00677,37.37916],[-6.00685,37.37911],[-6.00686,37.37911],[-6.00693,37.37918],[-6.00696,37.37915],[-6.00695,37.37914],[-6.007,37.37912],[-6.00703,37.37915],[-6.00706,37.37913],[-6.00707,37.37914],[-6.00711,37.37912],[-6.00702,37.37904],[-6.00684,37.37886],[-6.00668,37.3787],[-6.0065,37.37852],[-6.00639,37.37841],[-6.00639,37.37839],[-6.00634,37.37834],[-6.00621,37.37842]]}},{"type":"Feature","properties":{"name":"","kind":"road","road":"pedestrian","osm":229061133},"geometry":{"type":"LineString","coordinates":[[-6.0069,37.37943],[-6.00695,37.37949]]}},{"type":"Feature","properties":{"name":"Avenida Bécquer","kind":"road","road":"pedestrian","osm":235440445},"geometry":{"type":"LineString","coordinates":[[-5.98991,37.37757],[-5.98983,37.37763],[-5.9896,37.37774],[-5.98924,37.37793],[-5.98883,37.37813],[-5.98874,37.37817]]}},{"type":"Feature","properties":{"name":"Avenida Hernán Cortés","kind":"road","road":"pedestrian","osm":235440446},"geometry":{"type":"LineString","coordinates":[[-5.99005,37.37753],[-5.99019,37.37759],[-5.99029,37.37764],[-5.99031,37.37765],[-5.99033,37.37766]]}},{"type":"Feature","properties":{"name":"Glorieta Gabriela Ortega Gómez","kind":"road","road":"pedestrian","osm":235440447},"geometry":{"type":"LineString","coordinates":[[-5.98987,37.37755],[-5.98991,37.37757],[-5.98995,37.37757],[-5.98999,37.37757],[-5.99002,37.37755],[-5.99005,37.37753],[-5.99007,37.3775],[-5.99007,37.37747],[-5.99007,37.37744],[-5.99005,37.37741],[-5.99002,37.37739],[-5.98999,37.37738],[-5.98994,37.37737],[-5.98991,37.37738],[-5.98987,37.37739],[-5.98984,37.37741],[-5.98982,37.37745],[-5.98982,37.37749],[-5.98983,37.37752],[-5.98987,37.37755]]}},{"type":"Feature","properties":{"name":"Avenida Perú","kind":"road","road":"pedestrian","osm":235440448},"geometry":{"type":"LineString","coordinates":[[-5.99098,37.37796],[-5.99097,37.37798],[-5.99095,37.37799],[-5.99093,37.378],[-5.9909,37.378],[-5.99088,37.37799],[-5.99086,37.37798],[-5.99085,37.37796],[-5.99084,37.37795],[-5.99084,37.37793],[-5.99085,37.37791],[-5.99087,37.3779],[-5.99088,37.37789],[-5.99091,37.37788],[-5.99093,37.37788],[-5.99095,37.37789],[-5.99096,37.3779],[-5.99098,37.37791],[-5.99098,37.37793],[-5.99099,37.37795],[-5.99098,37.37796]]}},{"type":"Feature","properties":{"name":"Calle Macasta","kind":"road","road":"pedestrian","osm":235487950},"geometry":{"type":"LineString","coordinates":[[-5.9874,37.3998],[-5.98805,37.39992],[-5.98811,37.39965]]}},{"type":"Feature","properties":{"name":"Calle Periodista Nicolás Salas","kind":"road","road":"pedestrian","osm":236406396},"geometry":{"type":"LineString","coordinates":[[-6.00586,37.38823],[-6.00616,37.38804],[-6.00637,37.3879],[-6.00643,37.38786]]}},{"type":"Feature","properties":{"name":"Avenida Menéndez Pelayo","kind":"road","road":"primary","osm":237277454},"geometry":{"type":"LineString","coordinates":[[-5.98632,37.38522],[-5.98636,37.38514]]}},{"type":"Feature","properties":{"name":"Avenida de Menéndez Pelayo","kind":"road","road":"primary","osm":237277455},"geometry":{"type":"LineString","coordinates":[[-5.98756,37.3828],[-5.98766,37.38261]]}},{"type":"Feature","properties":{"name":"Avenida de Menéndez Pelayo","kind":"road","road":"primary","osm":237277456},"geometry":{"type":"LineString","coordinates":[[-5.98636,37.38514],[-5.98655,37.38477],[-5.98659,37.3847]]}},{"type":"Feature","properties":{"name":"Avenida de Menéndez Pelayo","kind":"road","road":"primary","osm":237277457},"geometry":{"type":"LineString","coordinates":[[-5.98766,37.38261],[-5.98786,37.38227],[-5.98788,37.38223],[-5.98797,37.38207],[-5.98798,37.38204],[-5.98807,37.3819],[-5.98814,37.38176]]}},{"type":"Feature","properties":{"name":"Avenida Menéndez Pelayo","kind":"road","road":"primary","osm":237277458},"geometry":{"type":"LineString","coordinates":[[-5.98659,37.3847],[-5.98669,37.38451],[-5.98682,37.38425]]}},{"type":"Feature","properties":{"name":"Avenida de Menéndez Pelayo","kind":"road","road":"primary","osm":237277459},"geometry":{"type":"LineString","coordinates":[[-5.98682,37.38425],[-5.98707,37.38376]]}},{"type":"Feature","properties":{"name":"Avenida José Laguillo","kind":"road","road":"primary","osm":237519742},"geometry":{"type":"LineString","coordinates":[[-5.98235,37.39362],[-5.98228,37.3936],[-5.9818,37.39338]]}},{"type":"Feature","properties":{"name":"Calle María Auxiliadora","kind":"road","road":"primary","osm":237519743},"geometry":{"type":"LineString","coordinates":[[-5.98329,37.39473],[-5.98342,37.39456],[-5.98347,37.39449]]}},{"type":"Feature","properties":{"name":"Avenida de Miraflores","kind":"road","road":"tertiary","osm":238190568},"geometry":{"type":"LineString","coordinates":[[-5.9806,37.39954],[-5.97971,37.40047]]}},{"type":"Feature","properties":{"name":"Avenida de la Cruz Roja","kind":"road","road":"pedestrian","osm":238190569},"geometry":{"type":"LineString","coordinates":[[-5.98233,37.40052],[-5.98284,37.39941]]}},{"type":"Feature","properties":{"name":"Ronda de Capuchinos","kind":"road","road":"primary","osm":238190575},"geometry":{"type":"LineString","coordinates":[[-5.98164,37.39852],[-5.98161,37.39841],[-5.98157,37.39828],[-5.98152,37.39801],[-5.9815,37.39785],[-5.98147,37.39773],[-5.98147,37.39772],[-5.98147,37.39771],[-5.98143,37.3974]]}},{"type":"Feature","properties":{"name":"Ronda de Capuchinos","kind":"road","road":"primary","osm":238190576},"geometry":{"type":"LineString","coordinates":[[-5.98287,37.39935],[-5.98251,37.39919],[-5.98223,37.39906],[-5.98198,37.39891],[-5.98193,37.39887],[-5.98175,37.39868],[-5.98164,37.39852]]}},{"type":"Feature","properties":{"name":"Calle Muñoz León","kind":"road","road":"primary","osm":238191817},"geometry":{"type":"LineString","coordinates":[[-5.98766,37.40301],[-5.98754,37.40295],[-5.98737,37.40285],[-5.98716,37.40273],[-5.98617,37.40215],[-5.98611,37.40211],[-5.98589,37.40198]]}},{"type":"Feature","properties":{"name":"Calle Arjona","kind":"road","road":"primary","osm":238193503},"geometry":{"type":"LineString","coordinates":[[-6.00223,37.38867],[-6.00222,37.38862],[-6.00222,37.38861],[-6.00221,37.38858]]}},{"type":"Feature","properties":{"name":"Calle Marqués de Paradas","kind":"road","road":"primary","osm":238193527},"geometry":{"type":"LineString","coordinates":[[-6.00089,37.38926],[-6.001,37.38957],[-6.00109,37.38981],[-6.00111,37.38986],[-6.00112,37.38991],[-6.00118,37.39006]]}},{"type":"Feature","properties":{"name":"Calle Marqués de Paradas","kind":"road","road":"secondary","osm":238193529},"geometry":{"type":"LineString","coordinates":[[-6.00149,37.39091],[-6.0015,37.39104],[-6.00151,37.39115],[-6.00165,37.39156],[-6.00167,37.39162],[-6.00169,37.39167],[-6.00175,37.39182],[-6.00176,37.39187],[-6.00188,37.39219],[-6.0019,37.39225],[-6.00215,37.3929],[-6.00221,37.39307],[-6.00224,37.39316],[-6.00227,37.39329]]}},{"type":"Feature","properties":{"name":"Plaza La Legion","kind":"road","road":"primary","osm":238193549},"geometry":{"type":"LineString","coordinates":[[-6.00271,37.39074],[-6.00282,37.39064],[-6.00286,37.3906],[-6.00289,37.39055]]}},{"type":"Feature","properties":{"name":"Avenida Expo´92","kind":"road","road":"primary","osm":238327266},"geometry":{"type":"LineString","coordinates":[[-6.0101,37.38984],[-6.00915,37.38993],[-6.00886,37.38996]]}},{"type":"Feature","properties":{"name":"Avenida Expo´92","kind":"road","road":"primary","osm":238758031},"geometry":{"type":"LineString","coordinates":[[-6.0078,37.39025],[-6.0081,37.39029],[-6.00826,37.39031],[-6.00847,37.39031],[-6.00854,37.3903],[-6.00857,37.3903],[-6.00871,37.39029],[-6.00879,37.39028],[-6.00976,37.39017]]}},{"type":"Feature","properties":{"name":"Calle Gonzalo Jiménez de Quesada","kind":"road","road":"primary","osm":238758033},"geometry":{"type":"LineString","coordinates":[[-6.00998,37.39074],[-6.01041,37.39081]]}},{"type":"Feature","properties":{"name":"Calle María Auxiliadora","kind":"road","road":"primary","osm":238758815},"geometry":{"type":"LineString","coordinates":[[-5.98382,37.39373],[-5.98399,37.39308]]}},{"type":"Feature","properties":{"name":"Avenida Menéndez Pelayo","kind":"road","road":"primary","osm":238832251},"geometry":{"type":"LineString","coordinates":[[-5.98447,37.38918],[-5.98472,37.38853],[-5.98479,37.38836],[-5.98486,37.38817]]}},{"type":"Feature","properties":{"name":"Avenida de la Buhaira","kind":"road","road":"secondary","osm":238833202},"geometry":{"type":"LineString","coordinates":[[-5.97988,37.37895],[-5.97988,37.37887],[-5.97987,37.37883],[-5.97987,37.37879],[-5.97986,37.37876],[-5.97984,37.37872]]}},{"type":"Feature","properties":{"name":"Calle Enramadilla","kind":"road","road":"primary","osm":238833204},"geometry":{"type":"LineString","coordinates":[[-5.97988,37.37895],[-5.98016,37.37901],[-5.9802,37.37902],[-5.98093,37.3792]]}},{"type":"Feature","properties":{"name":"Paseo de las Delicias","kind":"road","road":"primary","osm":238866110},"geometry":{"type":"LineString","coordinates":[[-5.99258,37.37714],[-5.99234,37.37676]]}},{"type":"Feature","properties":{"name":"Paseo de las Delicias","kind":"road","road":"primary","osm":238866112},"geometry":{"type":"LineString","coordinates":[[-5.99295,37.3778],[-5.99281,37.37743],[-5.99258,37.37714]]}},{"type":"Feature","properties":{"name":"Paseo de las Delicias","kind":"road","road":"primary","osm":238866118},"geometry":{"type":"LineString","coordinates":[[-5.99258,37.37714],[-5.99261,37.37725],[-5.99269,37.37747],[-5.99274,37.37755]]}},{"type":"Feature","properties":{"name":"Avenida de la Borbolla","kind":"road","road":"secondary","osm":239075751},"geometry":{"type":"LineString","coordinates":[[-5.98548,37.372],[-5.98549,37.37184],[-5.98549,37.3718],[-5.98542,37.37061],[-5.9854,37.37033]]}},{"type":"Feature","properties":{"name":"Calle Juan Antonio Cavestany","kind":"road","road":"secondary","osm":239077924},"geometry":{"type":"LineString","coordinates":[[-5.97898,37.39123],[-5.97993,37.39044],[-5.97997,37.39042],[-5.98101,37.38955],[-5.98113,37.38945],[-5.98122,37.38937],[-5.98167,37.38901],[-5.98226,37.38836],[-5.98229,37.38832],[-5.98238,37.38823]]}},{"type":"Feature","properties":{"name":"Calle Cardenal Bueno Monreal","kind":"road","road":"primary","osm":239205804},"geometry":{"type":"LineString","coordinates":[[-5.97819,37.36942],[-5.97826,37.36937],[-5.97849,37.36927],[-5.97873,37.36921],[-5.97916,37.36915],[-5.98048,37.36894],[-5.98097,37.36886],[-5.98166,37.36875]]}},{"type":"Feature","properties":{"name":"Calle Cardenal Bueno Monreal","kind":"road","road":"primary","osm":239205805},"geometry":{"type":"LineString","coordinates":[[-5.9778,37.36956],[-5.97776,37.36966],[-5.97765,37.37011]]}},{"type":"Feature","properties":{"name":"Avenida República Argentina","kind":"road","road":"primary","osm":239209575},"geometry":{"type":"LineString","coordinates":[[-6.00241,37.37766],[-6.00355,37.37707],[-6.00368,37.377],[-6.00383,37.37693],[-6.00458,37.37655],[-6.00462,37.37653],[-6.00489,37.3764],[-6.00495,37.37637],[-6.00504,37.37632],[-6.00508,37.3763],[-6.00512,37.37628],[-6.00519,37.37625]]}},{"type":"Feature","properties":{"name":"Calle Canalejas","kind":"road","road":"tertiary","osm":239209577},"geometry":{"type":"LineString","coordinates":[[-6.00101,37.3901],[-6.00118,37.39006]]}},{"type":"Feature","properties":{"name":"Paseo de las Delicias","kind":"road","road":"primary","osm":239209581},"geometry":{"type":"LineString","coordinates":[[-5.9952,37.38135],[-5.99514,37.38128]]}},{"type":"Feature","properties":{"name":"Plaza San Martín de Porres","kind":"road","road":"primary","osm":239209582},"geometry":{"type":"LineString","coordinates":[[-6.00928,37.38044],[-6.00907,37.38036]]}},{"type":"Feature","properties":{"name":"Calle Juan Sebastián Elcano","kind":"road","road":"secondary","osm":239209971},"geometry":{"type":"LineString","coordinates":[[-5.99588,37.37634],[-5.99588,37.37631],[-5.99594,37.37617],[-5.99596,37.37603],[-5.99601,37.37576],[-5.99606,37.37538],[-5.99609,37.37518],[-5.99614,37.37473]]}},{"type":"Feature","properties":{"name":"Calle Marqués de Paradas","kind":"road","road":"primary","osm":239210559},"geometry":{"type":"LineString","coordinates":[[-6.00118,37.39006],[-6.00126,37.39028],[-6.00127,37.39031],[-6.00143,37.39078],[-6.00144,37.39082],[-6.00149,37.39091]]}},{"type":"Feature","properties":{"name":"Ronda de Triana","kind":"road","road":"primary","osm":239210564},"geometry":{"type":"LineString","coordinates":[[-6.0097,37.38177],[-6.00961,37.38162],[-6.00951,37.38136],[-6.00948,37.38125],[-6.00948,37.38122],[-6.00945,37.38112]]}},{"type":"Feature","properties":{"name":"Plaza San Martín de Porres","kind":"road","road":"primary","osm":239210565},"geometry":{"type":"LineString","coordinates":[[-6.00945,37.38112],[-6.00942,37.38094],[-6.00936,37.38059],[-6.00935,37.38054],[-6.00932,37.38048],[-6.00928,37.38044]]}},{"type":"Feature","properties":{"name":"Calle Amador de Los Ríos","kind":"road","road":"primary","osm":239663350},"geometry":{"type":"LineString","coordinates":[[-5.98265,37.39031],[-5.98271,37.39079],[-5.98272,37.39087],[-5.98272,37.39094],[-5.98281,37.39168],[-5.98281,37.39175],[-5.9828,37.39179],[-5.98274,37.39189],[-5.98222,37.39273]]}},{"type":"Feature","properties":{"name":"Calle María Auxiliadora","kind":"road","road":"primary","osm":239663352},"geometry":{"type":"LineString","coordinates":[[-5.98378,37.39391],[-5.98382,37.39373]]}},{"type":"Feature","properties":{"name":"Calle Santa Ángela de la Cruz","kind":"road","road":"pedestrian","osm":239930227},"geometry":{"type":"LineString","coordinates":[[-5.99027,37.39298],[-5.99038,37.39327],[-5.99041,37.39337],[-5.99046,37.39357],[-5.99046,37.3936]]}},{"type":"Feature","properties":{"name":"Calle Divina Pastora","kind":"road","road":"pedestrian","osm":239936154},"geometry":{"type":"LineString","coordinates":[[-5.98899,37.39871],[-5.98894,37.39877],[-5.98875,37.39887],[-5.98818,37.39891]]}},{"type":"Feature","properties":{"name":"Calle Maravillas","kind":"road","road":"pedestrian","osm":239936155},"geometry":{"type":"LineString","coordinates":[[-5.98831,37.39708],[-5.9883,37.39704],[-5.98826,37.39637],[-5.98826,37.39635]]}},{"type":"Feature","properties":{"name":"","kind":"park","road":"","osm":240323810},"geometry":{"type":"Polygon","coordinates":[[[-5.98991,37.39551],[-5.98993,37.39574],[-5.98973,37.39577],[-5.98955,37.39581],[-5.98949,37.39581],[-5.9894,37.39584],[-5.98925,37.39589],[-5.98924,37.39589],[-5.98912,37.39577],[-5.9891,37.39574],[-5.98906,37.39574],[-5.98905,37.39568],[-5.98884,37.39563],[-5.98883,37.39552],[-5.9886,37.39552],[-5.98861,37.39549],[-5.98863,37.39543],[-5.98864,37.39533],[-5.98865,37.39518],[-5.9891,37.39517],[-5.98913,37.39484],[-5.9894,37.39488],[-5.98938,37.39498],[-5.98948,37.39498],[-5.98948,37.39504],[-5.98974,37.39506],[-5.98974,37.39513],[-5.98959,37.39513],[-5.9896,37.39526],[-5.98949,37.39527],[-5.98947,37.39518],[-5.98901,37.3952],[-5.98871,37.39522],[-5.98871,37.39533],[-5.98904,37.39531],[-5.98905,37.39535],[-5.98917,37.39534],[-5.98941,37.39532],[-5.98943,37.3955],[-5.98925,37.39551],[-5.98925,37.39548],[-5.98902,37.3955],[-5.98904,37.3956],[-5.98914,37.39559],[-5.98916,37.39569],[-5.98962,37.39567],[-5.9896,37.39555],[-5.98976,37.39554],[-5.98976,37.39545],[-5.98993,37.39546],[-5.98991,37.39551]]]}},{"type":"Feature","properties":{"name":"Calle Contreras","kind":"road","road":"pedestrian","osm":240323811},"geometry":{"type":"LineString","coordinates":[[-5.98954,37.402],[-5.98954,37.40199],[-5.98958,37.40191],[-5.98957,37.40176],[-5.98953,37.4016],[-5.9894,37.40149]]}},{"type":"Feature","properties":{"name":"Escoberos","kind":"road","road":"pedestrian","osm":240323812},"geometry":{"type":"LineString","coordinates":[[-5.99139,37.40235],[-5.99139,37.40233],[-5.99139,37.40208]]}},{"type":"Feature","properties":{"name":"","kind":"park","road":"","osm":246821095},"geometry":{"type":"Polygon","coordinates":[[[-5.98681,37.37842],[-5.98627,37.37828],[-5.98635,37.37818],[-5.98654,37.37827],[-5.98673,37.37834],[-5.98684,37.37836],[-5.98681,37.37842]]]}},{"type":"Feature","properties":{"name":"Avenida de la Buhaira","kind":"road","road":"secondary","osm":249995065},"geometry":{"type":"LineString","coordinates":[[-5.97977,37.38053],[-5.97983,37.3804],[-5.97984,37.3799]]}},{"type":"Feature","properties":{"name":"Avenida de la Buhaira","kind":"road","road":"secondary","osm":249995066},"geometry":{"type":"LineString","coordinates":[[-5.97969,37.37891],[-5.97973,37.37893],[-5.97976,37.37896],[-5.97977,37.37898],[-5.97977,37.379],[-5.97977,37.37914],[-5.97977,37.37918],[-5.97975,37.37976],[-5.97975,37.37983],[-5.97974,37.3799],[-5.97973,37.3804],[-5.97977,37.38053]]}},{"type":"Feature","properties":{"name":"Pasaje de los Azahares","kind":"road","road":"pedestrian","osm":252160894},"geometry":{"type":"LineString","coordinates":[[-5.99319,37.39411],[-5.99314,37.39412],[-5.99308,37.39386]]}},{"type":"Feature","properties":{"name":"Calle Entre Cárceles","kind":"road","road":"pedestrian","osm":252916206},"geometry":{"type":"LineString","coordinates":[[-5.9942,37.3894],[-5.99403,37.3894],[-5.99387,37.38937],[-5.99377,37.38936]]}},{"type":"Feature","properties":{"name":"Calle González Cuadrado","kind":"road","road":"pedestrian","osm":252916208},"geometry":{"type":"LineString","coordinates":[[-5.99099,37.39913],[-5.99098,37.39914],[-5.99098,37.3992],[-5.99096,37.39925]]}},{"type":"Feature","properties":{"name":"","kind":"park","road":"","osm":252916212},"geometry":{"type":"Polygon","coordinates":[[[-5.99401,37.38938],[-5.9939,37.38939],[-5.994,37.3893],[-5.99401,37.38938]]]}},{"type":"Feature","properties":{"name":"Calle Hita del Castillo","kind":"road","road":"pedestrian","osm":256156570},"geometry":{"type":"LineString","coordinates":[[-5.99169,37.39569],[-5.99184,37.39572]]}},{"type":"Feature","properties":{"name":"","kind":"road","road":"pedestrian","osm":256158188},"geometry":{"type":"LineString","coordinates":[[-5.99119,37.3969],[-5.99123,37.39691],[-5.99156,37.39691],[-5.99165,37.39687],[-5.99166,37.39685],[-5.99185,37.39684]]}},{"type":"Feature","properties":{"name":"Calle O'Donnell","kind":"road","road":"pedestrian","osm":256163526},"geometry":{"type":"LineString","coordinates":[[-5.99541,37.39267],[-5.99541,37.39272]]}},{"type":"Feature","properties":{"name":"Calle Velázquez","kind":"road","road":"pedestrian","osm":256163527},"geometry":{"type":"LineString","coordinates":[[-5.9954,37.39105],[-5.99538,37.39112],[-5.9954,37.3914],[-5.99543,37.39168],[-5.99546,37.39187],[-5.99546,37.39192],[-5.99547,37.39194],[-5.99547,37.39204],[-5.99549,37.39208]]}},{"type":"Feature","properties":{"name":"Plaza de la Campana","kind":"road","road":"pedestrian","osm":256163528},"geometry":{"type":"LineString","coordinates":[[-5.99559,37.39268],[-5.99559,37.39266],[-5.99555,37.39255],[-5.99554,37.39253],[-5.99553,37.39249],[-5.9955,37.3925],[-5.99549,37.3925],[-5.9954,37.39253],[-5.99533,37.39254],[-5.99528,37.39258],[-5.99519,37.39257],[-5.99518,37.39258],[-5.9951,37.39257],[-5.995,37.39256],[-5.99493,37.39255],[-5.99491,37.39257],[-5.99489,37.39259],[-5.9948,37.39261],[-5.99479,37.39261],[-5.99481,37.39269],[-5.99482,37.39272],[-5.99485,37.39273],[-5.99487,37.39273],[-5.99487,37.39272],[-5.99492,37.39272],[-5.99492,37.3927],[-5.99541,37.39267],[-5.99559,37.39268]]}},{"type":"Feature","properties":{"name":"","kind":"road","road":"pedestrian","osm":257087404},"geometry":{"type":"LineString","coordinates":[[-5.98205,37.38961],[-5.98172,37.38946],[-5.98186,37.38926],[-5.98219,37.38941],[-5.98205,37.38961]]}},{"type":"Feature","properties":{"name":"Avenida República Argentina","kind":"road","road":"primary","osm":257962623},"geometry":{"type":"LineString","coordinates":[[-6.00534,37.37604],[-6.00519,37.37625]]}},{"type":"Feature","properties":{"name":"Avenida República Argentina","kind":"road","road":"primary","osm":257962624},"geometry":{"type":"LineString","coordinates":[[-6.00519,37.37625],[-6.00546,37.37617]]}},{"type":"Feature","properties":{"name":"","kind":"road","road":"secondary","osm":261349620},"geometry":{"type":"LineString","coordinates":[[-5.99743,37.37155],[-5.99744,37.37144]]}},{"type":"Feature","properties":{"name":"Calle Reyes Católicos","kind":"road","road":"tertiary","osm":261491870},"geometry":{"type":"LineString","coordinates":[[-6.00054,37.38829],[-6.00043,37.3884],[-6.00026,37.38856],[-5.99971,37.38908],[-5.99964,37.38916]]}},{"type":"Feature","properties":{"name":"Calle San Laureano","kind":"road","road":"secondary","osm":261491871},"geometry":{"type":"LineString","coordinates":[[-6.00227,37.39329],[-6.00266,37.39325],[-6.00271,37.39324],[-6.00276,37.39324],[-6.00317,37.3932],[-6.00325,37.39319],[-6.0033,37.39318],[-6.00365,37.39316]]}},{"type":"Feature","properties":{"name":"Avenida del Cristo de la Expiración","kind":"road","road":"primary","osm":261491872},"geometry":{"type":"LineString","coordinates":[[-6.00273,37.39083],[-6.00302,37.39083]]}},{"type":"Feature","properties":{"name":"Calle Torneo","kind":"road","road":"secondary","osm":261492088},"geometry":{"type":"LineString","coordinates":[[-6.00291,37.39475],[-6.00288,37.39478]]}},{"type":"Feature","properties":{"name":"Avenida del Cristo de la Expiración","kind":"road","road":"primary","osm":265723207},"geometry":{"type":"LineString","coordinates":[[-6.0039,37.39059],[-6.00316,37.39058],[-6.00311,37.39058]]}},{"type":"Feature","properties":{"name":"Pasaje de la Habana","kind":"road","road":"pedestrian","osm":270571071},"geometry":{"type":"LineString","coordinates":[[-5.99428,37.38354],[-5.99428,37.38337]]}},{"type":"Feature","properties":{"name":"Calle Güines","kind":"road","road":"pedestrian","osm":271459041},"geometry":{"type":"LineString","coordinates":[[-5.99451,37.38312],[-5.99438,37.38312]]}},{"type":"Feature","properties":{"name":"Calle Güines","kind":"road","road":"pedestrian","osm":271459042},"geometry":{"type":"LineString","coordinates":[[-5.99438,37.38312],[-5.99429,37.38311]]}},{"type":"Feature","properties":{"name":"Pasaje de la Habana","kind":"road","road":"pedestrian","osm":271459046},"geometry":{"type":"LineString","coordinates":[[-5.99429,37.38267],[-5.99429,37.38264]]}},{"type":"Feature","properties":{"name":"Calle Joaquín Romero Murube","kind":"road","road":"pedestrian","osm":274571000},"geometry":{"type":"LineString","coordinates":[[-5.99128,37.38541],[-5.99123,37.38544]]}},{"type":"Feature","properties":{"name":"","kind":"park","road":"","osm":274571017},"geometry":{"type":"Polygon","coordinates":[[[-5.99166,37.38516],[-5.99139,37.38531],[-5.99137,37.38529],[-5.9914,37.38527],[-5.99164,37.38514],[-5.99166,37.38516]]]}},{"type":"Feature","properties":{"name":"","kind":"park","road":"","osm":274571018},"geometry":{"type":"Polygon","coordinates":[[[-5.99056,37.38486],[-5.99055,37.38487],[-5.99053,37.38488],[-5.99052,37.38488],[-5.99054,37.38492],[-5.99057,37.38491],[-5.99056,37.38486]]]}},{"type":"Feature","properties":{"name":"","kind":"park","road":"","osm":274571019},"geometry":{"type":"Polygon","coordinates":[[[-5.9917,37.38514],[-5.99174,37.38512],[-5.99175,37.3851],[-5.99175,37.38509],[-5.99174,37.38509],[-5.99168,37.38512],[-5.9917,37.38514]]]}},{"type":"Feature","properties":{"name":"","kind":"park","road":"","osm":274571020},"geometry":{"type":"Polygon","coordinates":[[[-5.99053,37.38479],[-5.99047,37.38482],[-5.9905,37.38486],[-5.99051,37.38484],[-5.99053,37.38483],[-5.99055,37.38484],[-5.99053,37.38479]]]}},{"type":"Feature","properties":{"name":"Calle Judería","kind":"road","road":"pedestrian","osm":274760327},"geometry":{"type":"LineString","coordinates":[[-5.99084,37.38458],[-5.99076,37.38444],[-5.99072,37.38445],[-5.99071,37.38442]]}},{"type":"Feature","properties":{"name":"","kind":"park","road":"","osm":274763508},"geometry":{"type":"Polygon","coordinates":[[[-5.99327,37.38224],[-5.9932,37.38238],[-5.99311,37.38229],[-5.99306,37.38226],[-5.99302,37.38224],[-5.99305,37.38221],[-5.99307,37.38222],[-5.99327,37.38224]]]}},{"type":"Feature","properties":{"name":"","kind":"park","road":"","osm":274763510},"geometry":{"type":"Polygon","coordinates":[[[-5.98915,37.38109],[-5.98911,37.38118],[-5.98913,37.3812],[-5.98943,37.38128],[-5.98941,37.38125],[-5.98936,37.38124],[-5.98923,37.38117],[-5.98915,37.38109]]]}},{"type":"Feature","properties":{"name":"Pasaje San Bernardo","kind":"road","road":"pedestrian","osm":276999531},"geometry":{"type":"LineString","coordinates":[[-5.98318,37.38259],[-5.98376,37.38251]]}},{"type":"Feature","properties":{"name":"Barreduela D. José Robles","kind":"road","road":"pedestrian","osm":277449545},"geometry":{"type":"LineString","coordinates":[[-5.98597,37.39014],[-5.98611,37.39]]}},{"type":"Feature","properties":{"name":"Avenida Manuel Siurot","kind":"road","road":"secondary","osm":278058873},"geometry":{"type":"LineString","coordinates":[[-5.98553,37.36884],[-5.98549,37.36918],[-5.98548,37.36922],[-5.98542,37.36963]]}},{"type":"Feature","properties":{"name":"Avenida de la Borbolla","kind":"road","road":"secondary","osm":278058875},"geometry":{"type":"LineString","coordinates":[[-5.9854,37.37033],[-5.98542,37.37018],[-5.98543,37.3701],[-5.98544,37.37004],[-5.98552,37.36963]]}},{"type":"Feature","properties":{"name":"Avenida de la Borbolla","kind":"road","road":"secondary","osm":278058876},"geometry":{"type":"LineString","coordinates":[[-5.98542,37.36963],[-5.98536,37.37004],[-5.98537,37.37018],[-5.9854,37.37033]]}},{"type":"Feature","properties":{"name":"Avenida de la Guardia Civil","kind":"road","road":"secondary","osm":278190172},"geometry":{"type":"LineString","coordinates":[[-5.98554,37.36955],[-5.98542,37.36963]]}},{"type":"Feature","properties":{"name":"Alfonso de Cossío","kind":"road","road":"pedestrian","osm":278768354},"geometry":{"type":"LineString","coordinates":[[-5.98136,37.37655],[-5.98146,37.37657],[-5.98147,37.37654],[-5.98181,37.37586],[-5.98184,37.3758]]}},{"type":"Feature","properties":{"name":"Calle Santo Ángel","kind":"road","road":"pedestrian","osm":280851104},"geometry":{"type":"LineString","coordinates":[[-6.00314,37.37527],[-6.00255,37.37558]]}},{"type":"Feature","properties":{"name":"","kind":"water","road":"","osm":282568884},"geometry":{"type":"Polygon","coordinates":[[[-5.99376,37.38209],[-5.99382,37.38209],[-5.99386,37.38198],[-5.99375,37.38203],[-5.99376,37.38209]]]}},{"type":"Feature","properties":{"name":"Calle Francisco de Montesinos","kind":"road","road":"tertiary","osm":285585999},"geometry":{"type":"LineString","coordinates":[[-6.01072,37.39574],[-6.01033,37.39568],[-6.0101,37.39564],[-6.01002,37.39562],[-6.00994,37.39561]]}},{"type":"Feature","properties":{"name":"Glorieta de los Marineros Voluntarios","kind":"road","road":"primary","osm":285587762},"geometry":{"type":"LineString","coordinates":[[-5.99176,37.37533],[-5.9917,37.37527],[-5.99163,37.37523],[-5.99154,37.37521],[-5.99145,37.3752]]}},{"type":"Feature","properties":{"name":"Glorieta de los Marineros Voluntarios","kind":"road","road":"primary","osm":285587763},"geometry":{"type":"LineString","coordinates":[[-5.99154,37.37582],[-5.99161,37.3758],[-5.99166,37.37578]]}},{"type":"Feature","properties":{"name":"","kind":"road","road":"primary","osm":285587766},"geometry":{"type":"LineString","coordinates":[[-6.00572,37.37585],[-6.00565,37.37582],[-6.00558,37.37581],[-6.0055,37.37582],[-6.00543,37.37585]]}},{"type":"Feature","properties":{"name":"Glorieta de San Diego","kind":"road","road":"primary","osm":285587769},"geometry":{"type":"LineString","coordinates":[[-5.98902,37.3793],[-5.98904,37.37935],[-5.98906,37.37939],[-5.98909,37.37942],[-5.98914,37.37945],[-5.98919,37.37948],[-5.98924,37.37949],[-5.9893,37.3795],[-5.98935,37.37949],[-5.98941,37.37948],[-5.98946,37.37946]]}},{"type":"Feature","properties":{"name":"Plaza Don Juan de Austria","kind":"road","road":"primary","osm":285587771},"geometry":{"type":"LineString","coordinates":[[-5.98835,37.381],[-5.98828,37.38106],[-5.98826,37.38111],[-5.98826,37.38114],[-5.98826,37.3812]]}},{"type":"Feature","properties":{"name":"Plaza San Martín de Porres","kind":"road","road":"primary","osm":285587773},"geometry":{"type":"LineString","coordinates":[[-6.0091,37.38057],[-6.00915,37.38084],[-6.00916,37.38095],[-6.00918,37.38114]]}},{"type":"Feature","properties":{"name":"","kind":"road","road":"secondary","osm":285587777},"geometry":{"type":"LineString","coordinates":[[-6.0041,37.37389],[-6.00399,37.3738],[-6.00391,37.37375],[-6.00367,37.3736]]}},{"type":"Feature","properties":{"name":"Calle Santa Fe","kind":"road","road":"primary","osm":285587780},"geometry":{"type":"LineString","coordinates":[[-6.00421,37.37434],[-6.00428,37.37442],[-6.00455,37.37475],[-6.00467,37.37491],[-6.00508,37.37541]]}},{"type":"Feature","properties":{"name":"Calle Don Alonso el Sabio","kind":"road","road":"pedestrian","osm":286771260},"geometry":{"type":"LineString","coordinates":[[-5.99164,37.3912],[-5.99168,37.3912],[-5.99216,37.39126]]}},{"type":"Feature","properties":{"name":"Calle Don Remondo","kind":"road","road":"pedestrian","osm":287691078},"geometry":{"type":"LineString","coordinates":[[-5.99134,37.3875],[-5.99141,37.38733],[-5.99146,37.38721],[-5.99147,37.38712],[-5.99146,37.38704],[-5.99146,37.38699],[-5.99147,37.38694],[-5.99173,37.38633]]}},{"type":"Feature","properties":{"name":"","kind":"park","road":"","osm":287691080},"geometry":{"type":"Polygon","coordinates":[[[-5.99192,37.38594],[-5.99183,37.38599],[-5.99195,37.38597],[-5.99192,37.38594]]]}},{"type":"Feature","properties":{"name":"Pérgola","kind":"park","road":"","osm":287736336},"geometry":{"type":"Polygon","coordinates":[[[-5.99485,37.38148],[-5.99412,37.38185],[-5.99417,37.38192],[-5.9949,37.38154],[-5.99485,37.38148]]]}},{"type":"Feature","properties":{"name":"","kind":"park","road":"","osm":287836526},"geometry":{"type":"Polygon","coordinates":[[[-5.99146,37.38727],[-5.99175,37.38733],[-5.99178,37.38725],[-5.99156,37.38721],[-5.99162,37.38704],[-5.99154,37.38702],[-5.99153,37.38704],[-5.99148,37.38704],[-5.99151,37.38706],[-5.9915,37.38717],[-5.99146,37.38727]]]}},{"type":"Feature","properties":{"name":"","kind":"park","road":"","osm":287926578},"geometry":{"type":"Polygon","coordinates":[[[-5.99368,37.38262],[-5.99373,37.38263],[-5.99366,37.38283],[-5.99361,37.38282],[-5.99368,37.38262]]]}},{"type":"Feature","properties":{"name":"","kind":"park","road":"","osm":287926579},"geometry":{"type":"Polygon","coordinates":[[[-5.99377,37.38234],[-5.99382,37.38235],[-5.99374,37.3826],[-5.99369,37.38259],[-5.99377,37.38234]]]}},{"type":"Feature","properties":{"name":"","kind":"park","road":"","osm":287926580},"geometry":{"type":"Polygon","coordinates":[[[-5.99349,37.3821],[-5.99346,37.38211],[-5.99344,37.3821],[-5.99341,37.38212],[-5.99342,37.38213],[-5.99338,37.38216],[-5.99334,37.38215],[-5.9934,37.38199],[-5.99349,37.3821]]]}},{"type":"Feature","properties":{"name":"","kind":"park","road":"","osm":288295105},"geometry":{"type":"Polygon","coordinates":[[[-5.99715,37.37994],[-5.99689,37.37988],[-5.99687,37.37992],[-5.99699,37.37999],[-5.99707,37.38005],[-5.99713,37.3801],[-5.99715,37.3801],[-5.99714,37.38005],[-5.99714,37.38],[-5.99715,37.37994]]]}},{"type":"Feature","properties":{"name":"","kind":"water","road":"","osm":288295107},"geometry":{"type":"Polygon","coordinates":[[[-5.99739,37.38032],[-5.99746,37.38029],[-5.99746,37.38037],[-5.99739,37.38032]]]}},{"type":"Feature","properties":{"name":"","kind":"water","road":"","osm":288295108},"geometry":{"type":"Polygon","coordinates":[[[-5.99778,37.38],[-5.99775,37.38],[-5.99773,37.38001],[-5.99771,37.38003],[-5.99772,37.38005],[-5.99775,37.38007],[-5.99778,37.38006],[-5.9978,37.38005],[-5.9978,37.38002],[-5.99778,37.38]]]}},{"type":"Feature","properties":{"name":"Calle Asunción","kind":"road","road":"pedestrian","osm":288311468},"geometry":{"type":"LineString","coordinates":[[-5.99753,37.37485],[-5.99752,37.3747]]}},{"type":"Feature","properties":{"name":"Calle Asunción","kind":"road","road":"pedestrian","osm":288311469},"geometry":{"type":"LineString","coordinates":[[-5.99783,37.37953],[-5.99776,37.37953],[-5.99774,37.37953],[-5.99766,37.37954],[-5.99765,37.37933],[-5.99765,37.37931],[-5.99764,37.37928],[-5.99764,37.37915],[-5.99763,37.37901],[-5.99763,37.37888],[-5.99762,37.37882],[-5.99761,37.37877],[-5.9976,37.37855],[-5.9976,37.37842],[-5.99759,37.37828],[-5.99758,37.37815],[-5.99758,37.37801],[-5.99757,37.37785],[-5.99756,37.37767],[-5.99756,37.37761],[-5.99756,37.37756],[-5.99756,37.37743],[-5.99755,37.37731],[-5.99754,37.37718],[-5.99754,37.37707],[-5.99753,37.37695],[-5.99753,37.37682],[-5.99753,37.37677],[-5.99752,37.37672],[-5.99752,37.37658],[-5.99752,37.37645],[-5.99751,37.37633],[-5.9975,37.3762],[-5.9975,37.37607],[-5.99749,37.37593],[-5.99749,37.37577],[-5.99748,37.37572],[-5.99747,37.37566],[-5.99746,37.3754],[-5.99746,37.37535],[-5.99746,37.37531],[-5.99745,37.37522],[-5.99745,37.37513],[-5.99745,37.37501],[-5.99744,37.37488],[-5.99744,37.37485],[-5.99753,37.37485],[-5.99757,37.37485],[-5.99762,37.37484],[-5.99763,37.37503],[-5.99763,37.37517],[-5.99764,37.37532],[-5.99765,37.37548],[-5.99765,37.37566],[-5.99765,37.37571],[-5.99766,37.37576],[-5.99766,37.37595],[-5.99767,37.37608],[-5.99768,37.37622],[-5.99768,37.37634],[-5.99769,37.37647],[-5.9977,37.37671],[-5.9977,37.37677],[-5.9977,37.37682],[-5.99771,37.37695],[-5.99772,37.37711],[-5.99772,37.37726],[-5.99773,37.37742],[-5.99774,37.37755],[-5.99774,37.37761],[-5.99774,37.37768],[-5.99775,37.37784],[-5.99776,37.37802],[-5.99776,37.37813],[-5.99777,37.37824],[-5.99777,37.37837],[-5.99778,37.37849],[-5.99779,37.37862],[-5.99779,37.37877],[-5.99779,37.37882],[-5.9978,37.37887],[-5.9978,37.379],[-5.99781,37.37915],[-5.99781,37.37928],[-5.99782,37.3793],[-5.99783,37.37933],[-5.99783,37.37953]]}},{"type":"Feature","properties":{"name":"Pasaje del Agua","kind":"road","road":"pedestrian","osm":291199192},"geometry":{"type":"LineString","coordinates":[[-5.99012,37.38441],[-5.99006,37.38433]]}},{"type":"Feature","properties":{"name":"Pasaje del Agua","kind":"road","road":"pedestrian","osm":291199193},"geometry":{"type":"LineString","coordinates":[[-5.99001,37.38426],[-5.99,37.38426]]}},{"type":"Feature","properties":{"name":"Pasaje del Agua","kind":"road","road":"pedestrian","osm":291199194},"geometry":{"type":"LineString","coordinates":[[-5.99006,37.38433],[-5.99001,37.38426]]}},{"type":"Feature","properties":{"name":"","kind":"road","road":"pedestrian","osm":292566719},"geometry":{"type":"LineString","coordinates":[[-6.00872,37.37831],[-6.00852,37.37807],[-6.00842,37.37794],[-6.0084,37.37791]]}},{"type":"Feature","properties":{"name":"","kind":"road","road":"pedestrian","osm":292566721},"geometry":{"type":"LineString","coordinates":[[-6.0084,37.37791],[-6.00838,37.37788],[-6.00826,37.37772],[-6.00843,37.37763]]}},{"type":"Feature","properties":{"name":"","kind":"park","road":"","osm":292583899},"geometry":{"type":"Polygon","coordinates":[[[-6.0091,37.37781],[-6.00856,37.37809],[-6.00862,37.37817],[-6.00917,37.37789],[-6.0091,37.37781]]]}},{"type":"Feature","properties":{"name":"","kind":"park","road":"","osm":293800353},"geometry":{"type":"Polygon","coordinates":[[[-6.00806,37.37714],[-6.00814,37.3771],[-6.0083,37.37728],[-6.00822,37.37732],[-6.00806,37.37714]]]}},{"type":"Feature","properties":{"name":"","kind":"park","road":"","osm":293800355},"geometry":{"type":"Polygon","coordinates":[[[-6.0083,37.37731],[-6.00846,37.37748],[-6.00838,37.37753],[-6.00822,37.37735],[-6.0083,37.37731]]]}},{"type":"Feature","properties":{"name":"","kind":"park","road":"","osm":294045146},"geometry":{"type":"Polygon","coordinates":[[[-6.00888,37.37762],[-6.00887,37.37762],[-6.00886,37.37762],[-6.00883,37.37763],[-6.00883,37.37764],[-6.00882,37.37764],[-6.00882,37.37765],[-6.00883,37.37764],[-6.00884,37.37765],[-6.00886,37.37763],[-6.00888,37.37762]]]}},{"type":"Feature","properties":{"name":"","kind":"park","road":"","osm":294045149},"geometry":{"type":"Polygon","coordinates":[[[-6.0087,37.37775],[-6.00868,37.37776],[-6.00868,37.37775],[-6.00865,37.37777],[-6.00866,37.37777],[-6.00864,37.37778],[-6.00865,37.37778],[-6.00866,37.37778],[-6.00869,37.37777],[-6.00869,37.37776],[-6.0087,37.37775]]]}},{"type":"Feature","properties":{"name":"","kind":"park","road":"","osm":294045151},"geometry":{"type":"Polygon","coordinates":[[[-6.0089,37.37766],[-6.0089,37.37765],[-6.00889,37.37766],[-6.00888,37.37766],[-6.00886,37.37767],[-6.00885,37.37768],[-6.00885,37.37769],[-6.00886,37.37768],[-6.00887,37.37769],[-6.00889,37.37767],[-6.0089,37.37766]]]}},{"type":"Feature","properties":{"name":"","kind":"park","road":"","osm":294045152},"geometry":{"type":"Polygon","coordinates":[[[-6.00868,37.37772],[-6.00868,37.37771],[-6.00867,37.37772],[-6.00866,37.37772],[-6.00864,37.37773],[-6.00863,37.37774],[-6.00863,37.37775],[-6.00864,37.37774],[-6.00865,37.37775],[-6.00867,37.37773],[-6.00868,37.37772]]]}},{"type":"Feature","properties":{"name":"","kind":"park","road":"","osm":294045153},"geometry":{"type":"Polygon","coordinates":[[[-6.00877,37.3777],[-6.00877,37.37771],[-6.00876,37.37771],[-6.00875,37.3777],[-6.00876,37.3777],[-6.00876,37.37769],[-6.00877,37.37769],[-6.00877,37.3777]]]}},{"type":"Feature","properties":{"name":"","kind":"park","road":"","osm":294046100},"geometry":{"type":"Polygon","coordinates":[[[-6.00735,37.37848],[-6.0072,37.37856],[-6.00718,37.37853],[-6.00733,37.37845],[-6.00735,37.37848]]]}},{"type":"Feature","properties":{"name":"","kind":"park","road":"","osm":294195897},"geometry":{"type":"Polygon","coordinates":[[[-6.00857,37.37783],[-6.00857,37.37782],[-6.00855,37.37783],[-6.00852,37.37784],[-6.00852,37.37785],[-6.00851,37.37785],[-6.00852,37.37786],[-6.00853,37.37785],[-6.00853,37.37786],[-6.00856,37.37784],[-6.00857,37.37783]]]}},{"type":"Feature","properties":{"name":"","kind":"park","road":"","osm":294195901},"geometry":{"type":"Polygon","coordinates":[[[-6.00845,37.37788],[-6.00846,37.37789],[-6.00845,37.3779],[-6.00845,37.37791],[-6.00844,37.37791],[-6.00843,37.37791],[-6.00842,37.3779],[-6.00843,37.37789],[-6.00842,37.37789],[-6.00843,37.37788],[-6.00844,37.37788],[-6.00845,37.37788]]]}},{"type":"Feature","properties":{"name":"","kind":"road","road":"pedestrian","osm":294471974},"geometry":{"type":"LineString","coordinates":[[-6.00851,37.37705],[-6.00841,37.37693],[-6.00834,37.37697],[-6.00844,37.37709],[-6.00851,37.37705]]}},{"type":"Feature","properties":{"name":"Patio de San Juan Bosco","kind":"road","road":"pedestrian","osm":296276618},"geometry":{"type":"LineString","coordinates":[[-6.00697,37.37979],[-6.00661,37.38001],[-6.0069,37.3803],[-6.00725,37.38007],[-6.00697,37.37979]]}},{"type":"Feature","properties":{"name":"Patio de María Auxiliadora","kind":"road","road":"pedestrian","osm":296300523},"geometry":{"type":"LineString","coordinates":[[-6.00733,37.38033],[-6.00724,37.38039],[-6.00718,37.38046],[-6.00717,37.3805],[-6.00719,37.38055],[-6.00723,37.38059],[-6.00728,37.38061],[-6.00733,37.38061],[-6.00739,37.3806],[-6.00743,37.38059],[-6.00753,37.38053],[-6.00733,37.38033]]}},{"type":"Feature","properties":{"name":"Plaza Marcelino Champagnat","kind":"road","road":"pedestrian","osm":296449273},"geometry":{"type":"LineString","coordinates":[[-6.00147,37.37906],[-6.00141,37.37899],[-6.00138,37.37896],[-6.00134,37.37891],[-6.00134,37.3789],[-6.00134,37.37889],[-6.00135,37.37889],[-6.00136,37.37888],[-6.00138,37.37887],[-6.00149,37.37881],[-6.0015,37.37881],[-6.00151,37.37881],[-6.00152,37.37882],[-6.00153,37.37883],[-6.00156,37.37885],[-6.00163,37.37892],[-6.00147,37.37906]]}},{"type":"Feature","properties":{"name":"Calle Granaderos","kind":"road","road":"pedestrian","osm":296860535},"geometry":{"type":"LineString","coordinates":[[-6.00351,37.37912],[-6.0029,37.37956]]}},{"type":"Feature","properties":{"name":"","kind":"park","road":"","osm":296860543},"geometry":{"type":"Polygon","coordinates":[[[-6.00323,37.37896],[-6.00317,37.379],[-6.00326,37.37909],[-6.00331,37.37906],[-6.00323,37.37896]]]}},{"type":"Feature","properties":{"name":"","kind":"road","road":"pedestrian","osm":296898029},"geometry":{"type":"LineString","coordinates":[[-6.00881,37.37849],[-6.00879,37.37846],[-6.00877,37.37846],[-6.00874,37.37842]]}},{"type":"Feature","properties":{"name":"Calle López de Gomara","kind":"road","road":"primary","osm":297421766},"geometry":{"type":"LineString","coordinates":[[-6.00705,37.37785],[-6.00696,37.37774],[-6.00692,37.37769],[-6.0069,37.37767],[-6.00686,37.37761],[-6.00685,37.3776],[-6.00651,37.37718],[-6.00634,37.37696],[-6.0063,37.37692],[-6.00627,37.37688],[-6.00621,37.37681],[-6.00595,37.37648],[-6.00586,37.37636],[-6.00584,37.37634],[-6.00583,37.37633],[-6.00581,37.3763],[-6.0057,37.37616]]}},{"type":"Feature","properties":{"name":"Calle Santa María de Gracia","kind":"road","road":"pedestrian","osm":300586766},"geometry":{"type":"LineString","coordinates":[[-5.99481,37.39276],[-5.99474,37.39248],[-5.99472,37.39238]]}},{"type":"Feature","properties":{"name":"Calle Azofaifo","kind":"road","road":"pedestrian","osm":300586767},"geometry":{"type":"LineString","coordinates":[[-5.99436,37.39217],[-5.99437,37.39204],[-5.99452,37.39203],[-5.99482,37.39201]]}},{"type":"Feature","properties":{"name":"","kind":"park","road":"","osm":300686511},"geometry":{"type":"Polygon","coordinates":[[[-6.00859,37.37747],[-6.00858,37.37745],[-6.00861,37.37743],[-6.00862,37.37745],[-6.00859,37.37747]]]}},{"type":"Feature","properties":{"name":"","kind":"park","road":"","osm":300690493},"geometry":{"type":"Polygon","coordinates":[[[-6.00882,37.37734],[-6.00881,37.37733],[-6.00886,37.3773],[-6.00887,37.37732],[-6.00882,37.37734]]]}},{"type":"Feature","properties":{"name":"","kind":"park","road":"","osm":300690494},"geometry":{"type":"Polygon","coordinates":[[[-6.00864,37.37744],[-6.00863,37.37743],[-6.00867,37.37741],[-6.00867,37.37742],[-6.00864,37.37744]]]}},{"type":"Feature","properties":{"name":"","kind":"park","road":"","osm":300690495},"geometry":{"type":"Polygon","coordinates":[[[-6.0087,37.37741],[-6.00869,37.37739],[-6.00874,37.37737],[-6.00874,37.37738],[-6.0087,37.37741]]]}},{"type":"Feature","properties":{"name":"","kind":"park","road":"","osm":300690496},"geometry":{"type":"Polygon","coordinates":[[[-6.00876,37.37738],[-6.00875,37.37736],[-6.0088,37.37734],[-6.0088,37.37735],[-6.00876,37.37738]]]}},{"type":"Feature","properties":{"name":"","kind":"road","road":"pedestrian","osm":300849687},"geometry":{"type":"LineString","coordinates":[[-5.98967,37.38511],[-5.98961,37.38514],[-5.9895,37.38519]]}},{"type":"Feature","properties":{"name":"","kind":"water","road":"","osm":301243445},"geometry":{"type":"Polygon","coordinates":[[[-5.99155,37.38426],[-5.99146,37.38432],[-5.99148,37.38434],[-5.99158,37.38428],[-5.99155,37.38426]]]}},{"type":"Feature","properties":{"name":"","kind":"park","road":"","osm":301256078},"geometry":{"type":"Polygon","coordinates":[[[-5.99066,37.38446],[-5.99052,37.3845],[-5.99043,37.38433],[-5.99041,37.3843],[-5.99042,37.3843],[-5.99053,37.38423],[-5.99064,37.3844],[-5.99066,37.38446]]]}},{"type":"Feature","properties":{"name":"","kind":"park","road":"","osm":301670343},"geometry":{"type":"Polygon","coordinates":[[[-6.00756,37.37732],[-6.00719,37.37749],[-6.00712,37.37741],[-6.00749,37.37723],[-6.00756,37.37732]]]}},{"type":"Feature","properties":{"name":"","kind":"park","road":"","osm":301670344},"geometry":{"type":"Polygon","coordinates":[[[-6.00798,37.3771],[-6.00792,37.37701],[-6.00762,37.37716],[-6.00768,37.37724],[-6.00798,37.3771]]]}},{"type":"Feature","properties":{"name":"","kind":"park","road":"","osm":301671220},"geometry":{"type":"Polygon","coordinates":[[[-6.0085,37.37683],[-6.00842,37.37673],[-6.00804,37.37693],[-6.00812,37.37702],[-6.00839,37.37689],[-6.00837,37.37687],[-6.00844,37.37683],[-6.00845,37.37685],[-6.0085,37.37683]]]}},{"type":"Feature","properties":{"name":"Plaza Vendedores de Prensa","kind":"road","road":"pedestrian","osm":303829488},"geometry":{"type":"LineString","coordinates":[[-5.99747,37.40124],[-5.99745,37.40122],[-5.99738,37.40119],[-5.99725,37.40111],[-5.99716,37.40129],[-5.99735,37.40137],[-5.99747,37.40124]]}},{"type":"Feature","properties":{"name":"","kind":"park","road":"","osm":304134322},"geometry":{"type":"Polygon","coordinates":[[[-6.00525,37.38004],[-6.00516,37.38009],[-6.00506,37.38006],[-6.00519,37.37998],[-6.00525,37.38004]]]}},{"type":"Feature","properties":{"name":"Calle Virgen del Subterráneo","kind":"road","road":"pedestrian","osm":306235926},"geometry":{"type":"LineString","coordinates":[[-5.9888,37.39943],[-5.98885,37.39957]]}},{"type":"Feature","properties":{"name":"Calle Mercurio","kind":"road","road":"pedestrian","osm":306235929},"geometry":{"type":"LineString","coordinates":[[-5.98971,37.39783],[-5.98994,37.39781],[-5.98997,37.39783]]}},{"type":"Feature","properties":{"name":"","kind":"park","road":"","osm":306527807},"geometry":{"type":"Polygon","coordinates":[[[-5.98935,37.39833],[-5.98935,37.398],[-5.9893,37.39801],[-5.98928,37.39806],[-5.98929,37.39815],[-5.98933,37.39832],[-5.98935,37.39833]]]}},{"type":"Feature","properties":{"name":"","kind":"park","road":"","osm":306527809},"geometry":{"type":"Polygon","coordinates":[[[-5.98914,37.39836],[-5.98897,37.39839],[-5.9889,37.39808],[-5.98896,37.39807],[-5.98903,37.39815],[-5.98905,37.39825],[-5.98901,37.39826],[-5.98902,37.39829],[-5.98913,37.39828],[-5.98914,37.39836]]]}},{"type":"Feature","properties":{"name":"Calle Descalzos","kind":"road","road":"pedestrian","osm":309712272},"geometry":{"type":"LineString","coordinates":[[-5.98899,37.39096],[-5.989,37.39097],[-5.98919,37.39109],[-5.98939,37.39117],[-5.98959,37.39128],[-5.98964,37.39135],[-5.98964,37.39147]]}},{"type":"Feature","properties":{"name":"Calle Amistad","kind":"road","road":"pedestrian","osm":309785073},"geometry":{"type":"LineString","coordinates":[[-5.98897,37.38983],[-5.98888,37.38966]]}},{"type":"Feature","properties":{"name":"Calle Conde de Ibarra","kind":"road","road":"pedestrian","osm":309795414},"geometry":{"type":"LineString","coordinates":[[-5.98838,37.38889],[-5.98837,37.38883],[-5.98838,37.3887]]}},{"type":"Feature","properties":{"name":"Calle Vidrio","kind":"road","road":"pedestrian","osm":309795417},"geometry":{"type":"LineString","coordinates":[[-5.98596,37.38902],[-5.9857,37.3892],[-5.98547,37.38936],[-5.98531,37.38956]]}},{"type":"Feature","properties":{"name":"Avenida de Menéndez Pelayo","kind":"road","road":"primary","osm":310425662},"geometry":{"type":"LineString","coordinates":[[-5.98507,37.3876],[-5.9853,37.38705],[-5.98541,37.38686],[-5.98556,37.38658]]}},{"type":"Feature","properties":{"name":"Avenida Ramón Carande","kind":"road","road":"primary","osm":312982842},"geometry":{"type":"LineString","coordinates":[[-5.97894,37.37799],[-5.97883,37.37828],[-5.97882,37.37832],[-5.97881,37.37835]]}},{"type":"Feature","properties":{"name":"Calle Doctor Ordoñez de la Barrera","kind":"road","road":"primary","osm":312982843},"geometry":{"type":"LineString","coordinates":[[-5.97969,37.37843],[-5.9797,37.3784],[-5.97971,37.37837],[-5.97972,37.37833],[-5.97974,37.3783],[-5.97975,37.37828],[-5.97976,37.37825],[-5.97977,37.37823]]}},{"type":"Feature","properties":{"name":"Plaza Don Juan de Austria","kind":"road","road":"primary","osm":312982848},"geometry":{"type":"LineString","coordinates":[[-5.98826,37.3812],[-5.98828,37.38123]]}},{"type":"Feature","properties":{"name":"Glorieta Doña María de las Mercedes de Borbón y Orleans","kind":"road","road":"primary","osm":312982849},"geometry":{"type":"LineString","coordinates":[[-5.9833,37.37966],[-5.98328,37.37963]]}},{"type":"Feature","properties":{"name":"Glorieta Doña María de las Mercedes de Borbón y Orleans","kind":"road","road":"primary","osm":312982850},"geometry":{"type":"LineString","coordinates":[[-5.98328,37.37963],[-5.98323,37.37958],[-5.98316,37.37954],[-5.98308,37.37951]]}},{"type":"Feature","properties":{"name":"Glorieta Doña María de las Mercedes de Borbón y Orleans","kind":"road","road":"primary","osm":312982851},"geometry":{"type":"LineString","coordinates":[[-5.98272,37.37985],[-5.98276,37.37991],[-5.98281,37.37995],[-5.98287,37.37998],[-5.98294,37.38]]}},{"type":"Feature","properties":{"name":"Glorieta Doña María de las Mercedes de Borbón y Orleans","kind":"road","road":"primary","osm":312982852},"geometry":{"type":"LineString","coordinates":[[-5.98328,37.37988],[-5.9833,37.37986],[-5.98331,37.37982],[-5.98332,37.37974],[-5.9833,37.37966]]}},{"type":"Feature","properties":{"name":"Glorieta Doña María de las Mercedes de Borbón y Orleans","kind":"road","road":"primary","osm":312982853},"geometry":{"type":"LineString","coordinates":[[-5.98281,37.37956],[-5.98275,37.37961],[-5.98272,37.37966],[-5.9827,37.3797],[-5.98269,37.37977],[-5.98272,37.37985]]}},{"type":"Feature","properties":{"name":"","kind":"water","road":"","osm":313420496},"geometry":{"type":"Polygon","coordinates":[[[-5.98682,37.37348],[-5.98677,37.37339],[-5.9867,37.37341],[-5.98675,37.3735],[-5.98682,37.37348]]]}},{"type":"Feature","properties":{"name":"","kind":"road","road":"pedestrian","osm":317784220},"geometry":{"type":"LineString","coordinates":[[-6.00843,37.37763],[-6.00842,37.37761]]}},{"type":"Feature","properties":{"name":"","kind":"road","road":"pedestrian","osm":317784222},"geometry":{"type":"LineString","coordinates":[[-6.00842,37.37761],[-6.00842,37.3776]]}},{"type":"Feature","properties":{"name":"Calle Carlos Alonso","kind":"road","road":"pedestrian","osm":323278900},"geometry":{"type":"LineString","coordinates":[[-5.98934,37.38629],[-5.9893,37.38631],[-5.98916,37.38614]]}},{"type":"Feature","properties":{"name":"Plaza Alcaldesa Soledad Becerril","kind":"road","road":"pedestrian","osm":328359526},"geometry":{"type":"LineString","coordinates":[[-5.98744,37.38273],[-5.98748,37.38271],[-5.98751,37.38264],[-5.9875,37.3826],[-5.98745,37.38259],[-5.98726,37.38254],[-5.98706,37.38251],[-5.98702,37.38251],[-5.987,37.38252],[-5.98698,37.38257],[-5.98698,37.3826],[-5.987,37.38261],[-5.98739,37.38272],[-5.98744,37.38273]]}},{"type":"Feature","properties":{"name":"Calle Jesús del Gran Poder","kind":"road","road":"pedestrian","osm":328726634},"geometry":{"type":"LineString","coordinates":[[-5.99444,37.39963],[-5.99437,37.39995],[-5.99427,37.40055]]}},{"type":"Feature","properties":{"name":"Calle María Auxiliadora","kind":"road","road":"primary","osm":328816035},"geometry":{"type":"LineString","coordinates":[[-5.98279,37.3954],[-5.9829,37.39526],[-5.98299,37.39513],[-5.98304,37.39507],[-5.98329,37.39473]]}},{"type":"Feature","properties":{"name":"Calle Recaredo","kind":"road","road":"primary","osm":328816036},"geometry":{"type":"LineString","coordinates":[[-5.98408,37.3909],[-5.98409,37.39067],[-5.98411,37.39046]]}},{"type":"Feature","properties":{"name":"Avenida Menéndez Pelayo","kind":"road","road":"primary","osm":328816037},"geometry":{"type":"LineString","coordinates":[[-5.98486,37.38817],[-5.98493,37.38796],[-5.98498,37.38783]]}},{"type":"Feature","properties":{"name":"","kind":"road","road":"primary","osm":329159948},"geometry":{"type":"LineString","coordinates":[[-5.99126,37.3758],[-5.99133,37.37594],[-5.99136,37.37599]]}},{"type":"Feature","properties":{"name":"Avenida de María Luisa","kind":"road","road":"primary","osm":329159949},"geometry":{"type":"LineString","coordinates":[[-5.99136,37.37599],[-5.99134,37.37602],[-5.99132,37.37607],[-5.99083,37.37697]]}},{"type":"Feature","properties":{"name":"Glorieta de los Marineros Voluntarios","kind":"road","road":"primary","osm":329159951},"geometry":{"type":"LineString","coordinates":[[-5.99126,37.3758],[-5.9914,37.37583],[-5.99154,37.37582]]}},{"type":"Feature","properties":{"name":"Paseo de Cristóbal Colón","kind":"road","road":"primary","osm":329159952},"geometry":{"type":"LineString","coordinates":[[-5.99837,37.38473],[-5.99788,37.3843],[-5.99771,37.38415],[-5.99754,37.384]]}},{"type":"Feature","properties":{"name":"Calle Torneo","kind":"road","road":"primary","osm":329159953},"geometry":{"type":"LineString","coordinates":[[-6.00321,37.39467],[-6.00316,37.39476]]}},{"type":"Feature","properties":{"name":"Calle Gonzalo Bilbao","kind":"road","road":"tertiary","osm":330962464},"geometry":{"type":"LineString","coordinates":[[-5.98314,37.3929],[-5.9834,37.39294],[-5.9836,37.39298],[-5.98385,37.39304],[-5.98393,37.39306],[-5.98399,37.39308]]}},{"type":"Feature","properties":{"name":"Glorieta de los Marineros Voluntarios","kind":"road","road":"primary","osm":331281685},"geometry":{"type":"LineString","coordinates":[[-5.99184,37.37548],[-5.99181,37.3754],[-5.99176,37.37533]]}},{"type":"Feature","properties":{"name":"Puente de los Remedios","kind":"road","road":"primary","osm":331281690},"geometry":{"type":"LineString","coordinates":[[-5.99235,37.37531],[-5.99373,37.375],[-5.99377,37.37499]]}},{"type":"Feature","properties":{"name":"Plaza Nueva","kind":"road","road":"pedestrian","osm":331354667},"geometry":{"type":"LineString","coordinates":[[-5.99562,37.38899],[-5.99558,37.38899],[-5.99498,37.38904],[-5.99496,37.38904],[-5.99493,37.38904]]}},{"type":"Feature","properties":{"name":"Calle Almansa","kind":"road","road":"pedestrian","osm":331354674},"geometry":{"type":"LineString","coordinates":[[-6.00105,37.38725],[-6.00102,37.38727],[-6.00093,37.38736],[-6.0009,37.38738],[-6.00088,37.3874],[-6.00079,37.38746],[-6.00075,37.38749]]}},{"type":"Feature","properties":{"name":"Calle Doncellas","kind":"road","road":"pedestrian","osm":331354677},"geometry":{"type":"LineString","coordinates":[[-5.98718,37.38622],[-5.98736,37.38617],[-5.98754,37.38613],[-5.98772,37.38605],[-5.98784,37.38598]]}},{"type":"Feature","properties":{"name":"Calle Estrella","kind":"road","road":"pedestrian","osm":331354678},"geometry":{"type":"LineString","coordinates":[[-5.9915,37.38838],[-5.99148,37.38811],[-5.99151,37.38796]]}},{"type":"Feature","properties":{"name":"Calle Francos","kind":"road","road":"pedestrian","osm":331354680},"geometry":{"type":"LineString","coordinates":[[-5.99256,37.38941],[-5.99235,37.38973],[-5.99234,37.38974]]}},{"type":"Feature","properties":{"name":"Calle Francos","kind":"road","road":"pedestrian","osm":331354681},"geometry":{"type":"LineString","coordinates":[[-5.99264,37.38877],[-5.9926,37.38891],[-5.99257,37.38905],[-5.99257,37.38918],[-5.99257,37.38923],[-5.99256,37.38941]]}},{"type":"Feature","properties":{"name":"Calle Mateo Alemán","kind":"road","road":"pedestrian","osm":331354683},"geometry":{"type":"LineString","coordinates":[[-5.99771,37.38979],[-5.9977,37.38979],[-5.9974,37.38956],[-5.99719,37.38935],[-5.99717,37.38933]]}},{"type":"Feature","properties":{"name":"Calle San Eloy","kind":"road","road":"pedestrian","osm":331354688},"geometry":{"type":"LineString","coordinates":[[-5.99795,37.39131],[-5.99829,37.39113]]}},{"type":"Feature","properties":{"name":"Calle Tirso de Molina","kind":"road","road":"pedestrian","osm":331354692},"geometry":{"type":"LineString","coordinates":[[-5.99864,37.38933],[-5.99873,37.38942],[-5.99883,37.3895],[-5.99868,37.38961]]}},{"type":"Feature","properties":{"name":"Paseo de Cristóbal Colón","kind":"road","road":"primary","osm":331354694},"geometry":{"type":"LineString","coordinates":[[-6.00038,37.38655],[-5.99988,37.38609],[-5.99937,37.38564],[-5.9993,37.38557],[-5.99903,37.38533]]}},{"type":"Feature","properties":{"name":"","kind":"road","road":"pedestrian","osm":331354697},"geometry":{"type":"LineString","coordinates":[[-5.98801,37.3862],[-5.98811,37.38612]]}},{"type":"Feature","properties":{"name":"Calle María Auxiliadora","kind":"road","road":"primary","osm":331357861},"geometry":{"type":"LineString","coordinates":[[-5.9818,37.39678],[-5.98238,37.39598],[-5.98246,37.39586],[-5.98263,37.39562],[-5.98266,37.39558],[-5.98279,37.3954]]}},{"type":"Feature","properties":{"name":"Calle Baños","kind":"road","road":"pedestrian","osm":332019197},"geometry":{"type":"LineString","coordinates":[[-5.99817,37.39523],[-5.99814,37.39523],[-5.99811,37.39522],[-5.99762,37.39516]]}},{"type":"Feature","properties":{"name":"Calle Descalzos","kind":"road","road":"pedestrian","osm":332019199},"geometry":{"type":"LineString","coordinates":[[-5.98858,37.3907],[-5.98898,37.39095],[-5.98899,37.39096]]}},{"type":"Feature","properties":{"name":"Calle Recaredo","kind":"road","road":"primary","osm":332019207},"geometry":{"type":"LineString","coordinates":[[-5.98411,37.39046],[-5.98417,37.39005],[-5.98419,37.38996],[-5.98424,37.38977],[-5.9843,37.38961],[-5.98437,37.38942],[-5.98442,37.38931],[-5.98443,37.38928],[-5.98447,37.38918]]}},{"type":"Feature","properties":{"name":"Paseo de las Delicias","kind":"road","road":"primary","osm":332101606},"geometry":{"type":"LineString","coordinates":[[-5.98781,37.36926],[-5.98759,37.36889],[-5.98757,37.36885]]}},{"type":"Feature","properties":{"name":"Paseo de las Delicias","kind":"road","road":"primary","osm":332101607},"geometry":{"type":"LineString","coordinates":[[-5.98792,37.36942],[-5.98781,37.36926]]}},{"type":"Feature","properties":{"name":"Paseo de las Delicias","kind":"road","road":"primary","osm":332101608},"geometry":{"type":"LineString","coordinates":[[-5.98812,37.36978],[-5.98792,37.36942]]}},{"type":"Feature","properties":{"name":"Avenida Blas Infante","kind":"road","road":"primary","osm":332440722},"geometry":{"type":"LineString","coordinates":[[-6.00605,37.37579],[-6.00608,37.37577],[-6.00612,37.37575],[-6.0064,37.37561],[-6.00653,37.37554],[-6.0068,37.3754],[-6.00725,37.37517],[-6.00795,37.3748],[-6.00825,37.37465],[-6.00867,37.37443],[-6.00875,37.37439],[-6.00877,37.37438],[-6.00878,37.37437]]}},{"type":"Feature","properties":{"name":"Avenida Blas Infante","kind":"road","road":"primary","osm":332440723},"geometry":{"type":"LineString","coordinates":[[-6.00605,37.37579],[-6.00572,37.37585]]}},{"type":"Feature","properties":{"name":"Avenida José Laguillo","kind":"road","road":"primary","osm":334364828},"geometry":{"type":"LineString","coordinates":[[-5.97952,37.39234],[-5.97905,37.39214],[-5.97861,37.39195],[-5.97859,37.39194]]}},{"type":"Feature","properties":{"name":"Camino de los Descubrimientos","kind":"road","road":"tertiary","osm":334669471},"geometry":{"type":"LineString","coordinates":[[-6.00937,37.39063],[-6.00939,37.3908],[-6.00938,37.39083],[-6.0091,37.39188],[-6.00856,37.3939],[-6.00855,37.39392],[-6.0085,37.3941],[-6.00847,37.39425],[-6.00837,37.39459],[-6.00833,37.39472],[-6.00828,37.39481],[-6.00822,37.3949],[-6.00797,37.39519],[-6.00791,37.39535]]}},{"type":"Feature","properties":{"name":"Avenida de Eduardo Dato","kind":"road","road":"primary","osm":334892162},"geometry":{"type":"LineString","coordinates":[[-5.97471,37.38313],[-5.97537,37.38326],[-5.97665,37.3835],[-5.97705,37.38358],[-5.9772,37.3836],[-5.97756,37.38367],[-5.97788,37.38373],[-5.97805,37.38377],[-5.97861,37.38387],[-5.9791,37.38396],[-5.97913,37.38397],[-5.97939,37.38402]]}},{"type":"Feature","properties":{"name":"Avenida de la Buhaira","kind":"road","road":"secondary","osm":334892165},"geometry":{"type":"LineString","coordinates":[[-5.97984,37.3799],[-5.97985,37.37976],[-5.97987,37.37939],[-5.97987,37.37919],[-5.97988,37.37914],[-5.97988,37.37899],[-5.97988,37.37895]]}},{"type":"Feature","properties":{"name":"Avenida de Eduardo Dato","kind":"road","road":"primary","osm":335221249},"geometry":{"type":"LineString","coordinates":[[-5.98053,37.38425],[-5.98149,37.38433],[-5.98157,37.38434]]}},{"type":"Feature","properties":{"name":"Calle Juan Antonio Cavestany","kind":"road","road":"secondary","osm":335221273},"geometry":{"type":"LineString","coordinates":[[-5.98238,37.38823],[-5.98246,37.38812]]}},{"type":"Feature","properties":{"name":"Calle Luis Montoto","kind":"road","road":"secondary","osm":335221276},"geometry":{"type":"LineString","coordinates":[[-5.98109,37.38779],[-5.98098,37.38777],[-5.98033,37.3877],[-5.97995,37.38765],[-5.97993,37.38765],[-5.97978,37.38763],[-5.97966,37.3876],[-5.97899,37.38741],[-5.9783,37.38721],[-5.97828,37.38721],[-5.97815,37.38718]]}},{"type":"Feature","properties":{"name":"Calle Luis Montoto","kind":"road","road":"secondary","osm":335221286},"geometry":{"type":"LineString","coordinates":[[-5.98276,37.38844],[-5.98311,37.38861],[-5.98318,37.38864],[-5.98321,37.38866]]}},{"type":"Feature","properties":{"name":"Calle Maldonado Dávila","kind":"road","road":"pedestrian","osm":335529117},"geometry":{"type":"LineString","coordinates":[[-6.00991,37.37888],[-6.01018,37.37906],[-6.01023,37.37909],[-6.01028,37.37912],[-6.01032,37.37915]]}},{"type":"Feature","properties":{"name":"Calle Pagés del Corro","kind":"road","road":"secondary","osm":338940730},"geometry":{"type":"LineString","coordinates":[[-6.00518,37.38378],[-6.00519,37.38379],[-6.00561,37.38432],[-6.00584,37.3846],[-6.00586,37.38463],[-6.00592,37.38468],[-6.00616,37.38493],[-6.00651,37.38519],[-6.00691,37.38545],[-6.00703,37.38553],[-6.00774,37.38595],[-6.00778,37.38597]]}},{"type":"Feature","properties":{"name":"Calle Arjona","kind":"road","road":"primary","osm":338944243},"geometry":{"type":"LineString","coordinates":[[-6.00289,37.39055],[-6.00288,37.39048],[-6.00284,37.39041],[-6.0028,37.39025],[-6.00257,37.38949],[-6.0025,37.38924],[-6.0024,37.38889],[-6.00233,37.38878],[-6.00229,37.38872],[-6.00223,37.38867]]}},{"type":"Feature","properties":{"name":"Jardín Hermanos Garduño","kind":"park","road":"","osm":339518639},"geometry":{"type":"Polygon","coordinates":[[[-6.00911,37.38233],[-6.00892,37.38242],[-6.00879,37.38226],[-6.00898,37.38217],[-6.00911,37.38233]]]}},{"type":"Feature","properties":{"name":"","kind":"park","road":"","osm":339518640},"geometry":{"type":"Polygon","coordinates":[[[-6.0088,37.38231],[-6.00864,37.38239],[-6.00861,37.38235],[-6.00877,37.38227],[-6.0088,37.38231]]]}},{"type":"Feature","properties":{"name":"","kind":"park","road":"","osm":339518641},"geometry":{"type":"Polygon","coordinates":[[[-6.0086,37.38236],[-6.00842,37.38246],[-6.00854,37.38262],[-6.00873,37.38253],[-6.0086,37.38236]]]}},{"type":"Feature","properties":{"name":"","kind":"park","road":"","osm":339518642},"geometry":{"type":"Polygon","coordinates":[[[-6.00839,37.38247],[-6.00832,37.3825],[-6.00861,37.38287],[-6.00868,37.38284],[-6.00862,37.38277],[-6.00839,37.38247]]]}},{"type":"Feature","properties":{"name":"","kind":"park","road":"","osm":339518643},"geometry":{"type":"Polygon","coordinates":[[[-6.00888,37.38274],[-6.00884,37.38269],[-6.00866,37.38278],[-6.0087,37.38283],[-6.00888,37.38274]]]}},{"type":"Feature","properties":{"name":"","kind":"road","road":"pedestrian","osm":344801195},"geometry":{"type":"LineString","coordinates":[[-6.00453,37.3692],[-6.00422,37.36913],[-6.00418,37.36911],[-6.00412,37.3691],[-6.00395,37.36909]]}},{"type":"Feature","properties":{"name":"","kind":"road","road":"pedestrian","osm":344801196},"geometry":{"type":"LineString","coordinates":[[-6.00428,37.37113],[-6.00401,37.37111],[-6.00397,37.37112],[-6.00393,37.37113],[-6.00368,37.37113],[-6.00358,37.37112]]}},{"type":"Feature","properties":{"name":"Muelle Camaronero","kind":"park","road":"","osm":345074634},"geometry":{"type":"Polygon","coordinates":[[[-5.99843,37.38196],[-5.9982,37.3821],[-5.99813,37.38203],[-5.99812,37.38204],[-5.99811,37.38204],[-5.99818,37.38212],[-5.99831,37.38228],[-5.99872,37.38273],[-5.99901,37.38305],[-5.99905,37.38303],[-5.99902,37.38295],[-5.99901,37.38289],[-5.99914,37.3828],[-5.99904,37.38269],[-5.99843,37.38196]]]}},{"type":"Feature","properties":{"name":"Parking Puente de los Remedios","kind":"park","road":"","osm":346245692},"geometry":{"type":"Polygon","coordinates":[[[-5.99411,37.37425],[-5.99404,37.37429],[-5.9938,37.37444],[-5.99363,37.37478],[-5.99358,37.37413],[-5.99343,37.37225],[-5.99432,37.37223],[-5.99457,37.37223],[-5.99447,37.37234],[-5.99434,37.37247],[-5.99411,37.37286],[-5.994,37.37337],[-5.99406,37.37415],[-5.99411,37.37425]]]}},{"type":"Feature","properties":{"name":"","kind":"road","road":"pedestrian","osm":346507779},"geometry":{"type":"LineString","coordinates":[[-5.99877,37.37323],[-5.99811,37.37325],[-5.99746,37.37327],[-5.99745,37.37307],[-5.99876,37.37303],[-5.99877,37.37323]]}},{"type":"Feature","properties":{"name":"Calle Francisco de Montesinos","kind":"road","road":"tertiary","osm":347094564},"geometry":{"type":"LineString","coordinates":[[-6.00847,37.39536],[-6.00957,37.39554],[-6.00959,37.39555],[-6.00962,37.39555],[-6.00968,37.39556],[-6.0098,37.39559]]}},{"type":"Feature","properties":{"name":"Camino de los Descubrimientos","kind":"road","road":"tertiary","osm":347094565},"geometry":{"type":"LineString","coordinates":[[-6.0086,37.39412],[-6.00865,37.39393],[-6.00893,37.39291],[-6.00902,37.39257],[-6.00904,37.3925],[-6.00917,37.39201]]}},{"type":"Feature","properties":{"name":"Plaza del Lápiz","kind":"road","road":"pedestrian","osm":348991049},"geometry":{"type":"LineString","coordinates":[[-5.99683,37.37806],[-5.99686,37.37816],[-5.99688,37.37822],[-5.99663,37.37827],[-5.99667,37.37841],[-5.99665,37.37841],[-5.99656,37.37843],[-5.99651,37.37829],[-5.99627,37.37833],[-5.99625,37.37827],[-5.99622,37.37817],[-5.99634,37.37815],[-5.99633,37.37809],[-5.99651,37.37806],[-5.9965,37.37805],[-5.99654,37.37804],[-5.99654,37.37805],[-5.99662,37.37803],[-5.99663,37.37805],[-5.99669,37.37804],[-5.9967,37.37809],[-5.99683,37.37806]]}},{"type":"Feature","properties":{"name":"Calle Arjona","kind":"road","road":"primary","osm":356613144},"geometry":{"type":"LineString","coordinates":[[-6.00295,37.39067],[-6.00289,37.39055]]}},{"type":"Feature","properties":{"name":"Calle Goyeneta","kind":"road","road":"pedestrian","osm":361194753},"geometry":{"type":"LineString","coordinates":[[-5.9926,37.39186],[-5.99286,37.39198],[-5.993,37.39206],[-5.9931,37.3921],[-5.99326,37.39216],[-5.99332,37.39218],[-5.99338,37.39219],[-5.99344,37.39219],[-5.99359,37.39219]]}},{"type":"Feature","properties":{"name":"Calle Rafael Gonzalez Serna","kind":"road","road":"pedestrian","osm":361194754},"geometry":{"type":"LineString","coordinates":[[-5.99115,37.39012],[-5.99119,37.39012],[-5.99121,37.39012]]}},{"type":"Feature","properties":{"name":"Pasaje Virgen de los Gitanos","kind":"road","road":"pedestrian","osm":361410300},"geometry":{"type":"LineString","coordinates":[[-5.98607,37.39421],[-5.98605,37.39422],[-5.98589,37.39433],[-5.98584,37.39437],[-5.98582,37.39437]]}},{"type":"Feature","properties":{"name":"Calle Ana Orantes","kind":"road","road":"pedestrian","osm":361459645},"geometry":{"type":"LineString","coordinates":[[-5.99493,37.39658],[-5.99476,37.39684]]}},{"type":"Feature","properties":{"name":"Calle Santa Marina","kind":"road","road":"pedestrian","osm":361784745},"geometry":{"type":"LineString","coordinates":[[-5.98748,37.39887],[-5.98764,37.39885],[-5.98796,37.39884],[-5.98816,37.39884]]}},{"type":"Feature","properties":{"name":"Calle Estrellita Castro","kind":"road","road":"pedestrian","osm":362948858},"geometry":{"type":"LineString","coordinates":[[-5.9945,37.40153],[-5.99443,37.40151],[-5.99414,37.40132]]}},{"type":"Feature","properties":{"name":"","kind":"road","road":"pedestrian","osm":364622261},"geometry":{"type":"LineString","coordinates":[[-5.97889,37.39455],[-5.97879,37.39448]]}},{"type":"Feature","properties":{"name":"","kind":"road","road":"pedestrian","osm":364622262},"geometry":{"type":"LineString","coordinates":[[-5.9785,37.39488],[-5.97839,37.3948]]}},{"type":"Feature","properties":{"name":"","kind":"road","road":"pedestrian","osm":364622263},"geometry":{"type":"LineString","coordinates":[[-5.9781,37.39523],[-5.97799,37.39514]]}},{"type":"Feature","properties":{"name":"","kind":"park","road":"","osm":364683991},"geometry":{"type":"Polygon","coordinates":[[[-5.97695,37.40276],[-5.97677,37.40264],[-5.9771,37.40229],[-5.97725,37.40243],[-5.97695,37.40276]]]}},{"type":"Feature","properties":{"name":"Calle Cruz de la Tinaja","kind":"road","road":"pedestrian","osm":365727970},"geometry":{"type":"LineString","coordinates":[[-5.993,37.39807],[-5.9927,37.39799]]}},{"type":"Feature","properties":{"name":"Paseo de Cristóbal Colón","kind":"road","road":"primary","osm":365959170},"geometry":{"type":"LineString","coordinates":[[-5.99675,37.38329],[-5.99659,37.38315],[-5.99656,37.38312],[-5.9965,37.38307],[-5.99642,37.38299],[-5.99632,37.38288]]}},{"type":"Feature","properties":{"name":"Paseo de Cristóbal Colón","kind":"road","road":"primary","osm":365959210},"geometry":{"type":"LineString","coordinates":[[-5.99754,37.384],[-5.99729,37.38378],[-5.99706,37.38357]]}},{"type":"Feature","properties":{"name":"","kind":"park","road":"","osm":366167404},"geometry":{"type":"Polygon","coordinates":[[[-6.00904,37.3768],[-6.00907,37.37668],[-6.00878,37.37663],[-6.00876,37.3767],[-6.00875,37.37675],[-6.00904,37.3768]]]}},{"type":"Feature","properties":{"name":"","kind":"park","road":"","osm":366167405},"geometry":{"type":"Polygon","coordinates":[[[-6.00917,37.37673],[-6.00919,37.37673],[-6.0092,37.37673],[-6.00922,37.37674],[-6.00923,37.37675],[-6.00923,37.37676],[-6.00923,37.37678],[-6.00922,37.37679],[-6.00921,37.3768],[-6.0092,37.37681],[-6.00918,37.37681],[-6.00916,37.37681],[-6.00915,37.3768],[-6.00914,37.37679],[-6.00913,37.37678],[-6.00913,37.37676],[-6.00914,37.37675],[-6.00915,37.37674],[-6.00916,37.37673],[-6.00917,37.37673]]]}},{"type":"Feature","properties":{"name":"Calle Juan de Mata Carriazo","kind":"road","road":"secondary","osm":366175336},"geometry":{"type":"LineString","coordinates":[[-5.98395,37.38353],[-5.98397,37.38367],[-5.98406,37.38413],[-5.98407,37.38428]]}},{"type":"Feature","properties":{"name":"","kind":"park","road":"","osm":366374117},"geometry":{"type":"Polygon","coordinates":[[[-6.00945,37.37601],[-6.00929,37.37598],[-6.00918,37.37635],[-6.00935,37.37638],[-6.00945,37.37601]]]}},{"type":"Feature","properties":{"name":"Calle Baños","kind":"road","road":"pedestrian","osm":366542282},"geometry":{"type":"LineString","coordinates":[[-5.99875,37.3953],[-5.99846,37.39526],[-5.99817,37.39523]]}},{"type":"Feature","properties":{"name":"Calle Baños","kind":"road","road":"pedestrian","osm":366542286},"geometry":{"type":"LineString","coordinates":[[-5.99762,37.39516],[-5.99756,37.39516],[-5.99719,37.39511]]}},{"type":"Feature","properties":{"name":"","kind":"park","road":"","osm":366616627},"geometry":{"type":"Polygon","coordinates":[[[-6.00848,37.37568],[-6.00838,37.37572],[-6.00858,37.37512],[-6.00874,37.37514],[-6.00875,37.37511],[-6.0088,37.37511],[-6.00883,37.37499],[-6.00906,37.37503],[-6.00867,37.37523],[-6.00859,37.37531],[-6.00848,37.37568]]]}},{"type":"Feature","properties":{"name":"","kind":"road","road":"pedestrian","osm":366702327},"geometry":{"type":"LineString","coordinates":[[-6.00143,37.3935],[-6.00142,37.3935],[-6.00132,37.39349],[-6.00126,37.39348],[-6.00125,37.39348],[-6.00123,37.39348]]}},{"type":"Feature","properties":{"name":"Calle Barca","kind":"road","road":"pedestrian","osm":366808340},"geometry":{"type":"LineString","coordinates":[[-6.00141,37.39416],[-6.00163,37.39397],[-6.00171,37.39397]]}},{"type":"Feature","properties":{"name":"Calle Mariano de Cavia","kind":"road","road":"pedestrian","osm":367117201},"geometry":{"type":"LineString","coordinates":[[-5.99597,37.38704],[-5.99582,37.38706],[-5.99566,37.38712],[-5.99558,37.38712]]}},{"type":"Feature","properties":{"name":"Calle Rosario","kind":"road","road":"pedestrian","osm":367627834},"geometry":{"type":"LineString","coordinates":[[-5.99601,37.38996],[-5.99577,37.38997],[-5.99512,37.39008]]}},{"type":"Feature","properties":{"name":"Avenida Ramón Carande","kind":"road","road":"primary","osm":367829285},"geometry":{"type":"LineString","coordinates":[[-5.97916,37.37744],[-5.97903,37.37776],[-5.97901,37.37783],[-5.97898,37.37792]]}},{"type":"Feature","properties":{"name":"Plaza Arquitecto Balbontín de Orta","kind":"road","road":"pedestrian","osm":367829289},"geometry":{"type":"LineString","coordinates":[[-5.97912,37.38112],[-5.97898,37.38111],[-5.97884,37.3811],[-5.97887,37.38074],[-5.97903,37.38074],[-5.97904,37.38057],[-5.97904,37.38053],[-5.97911,37.38054],[-5.97915,37.38054],[-5.97912,37.38112]]}},{"type":"Feature","properties":{"name":"Avenida Ramón Carande","kind":"road","road":"primary","osm":370210017},"geometry":{"type":"LineString","coordinates":[[-5.97853,37.37262],[-5.97852,37.37278],[-5.97861,37.37319],[-5.97875,37.374],[-5.97881,37.3743],[-5.97891,37.37476],[-5.97891,37.37481],[-5.97908,37.37561],[-5.97921,37.37638],[-5.97925,37.37656]]}},{"type":"Feature","properties":{"name":"Avenida de la Borbolla","kind":"road","road":"secondary","osm":370210019},"geometry":{"type":"LineString","coordinates":[[-5.98524,37.37445],[-5.98527,37.37425],[-5.98527,37.37418],[-5.98529,37.37399],[-5.98531,37.37384],[-5.98533,37.37346],[-5.98541,37.37271],[-5.98545,37.37235],[-5.98545,37.37233],[-5.98548,37.372]]}},{"type":"Feature","properties":{"name":"Calle Enramadilla","kind":"road","road":"primary","osm":370210022},"geometry":{"type":"LineString","coordinates":[[-5.9789,37.37865],[-5.979,37.37867],[-5.97912,37.37871],[-5.97931,37.37877]]}},{"type":"Feature","properties":{"name":"Calle Felipe II","kind":"road","road":"tertiary","osm":370210023},"geometry":{"type":"LineString","coordinates":[[-5.98161,37.37178],[-5.98177,37.37178],[-5.98373,37.37191],[-5.98394,37.37192],[-5.98456,37.37195],[-5.98525,37.37198],[-5.98527,37.37198],[-5.98548,37.372]]}},{"type":"Feature","properties":{"name":"Calle Alosno","kind":"road","road":"pedestrian","osm":370312054},"geometry":{"type":"LineString","coordinates":[[-5.97739,37.36948],[-5.97732,37.36913]]}},{"type":"Feature","properties":{"name":"Calle Capataz Luis León Vázquez","kind":"road","road":"pedestrian","osm":370733748},"geometry":{"type":"LineString","coordinates":[[-5.99215,37.3896],[-5.99218,37.38975],[-5.99218,37.38976]]}},{"type":"Feature","properties":{"name":"Calle San Isidoro","kind":"road","road":"pedestrian","osm":370733750},"geometry":{"type":"LineString","coordinates":[[-5.99075,37.38922],[-5.99038,37.38908]]}},{"type":"Feature","properties":{"name":"Pasaje de las Delicias","kind":"road","road":"pedestrian","osm":371350120},"geometry":{"type":"LineString","coordinates":[[-5.995,37.3903],[-5.99517,37.39024]]}},{"type":"Feature","properties":{"name":"Avenida de la Cruz Roja","kind":"road","road":"pedestrian","osm":371705052},"geometry":{"type":"LineString","coordinates":[[-5.98139,37.40257],[-5.98155,37.40224],[-5.98156,37.4022],[-5.98192,37.40142]]}},{"type":"Feature","properties":{"name":"Calle Muñoz León","kind":"road","road":"primary","osm":371705070},"geometry":{"type":"LineString","coordinates":[[-5.98589,37.40198],[-5.98578,37.40182],[-5.98561,37.40154],[-5.98553,37.4014],[-5.98523,37.40092],[-5.98494,37.40058],[-5.98486,37.40049],[-5.98467,37.40028]]}},{"type":"Feature","properties":{"name":"Avenida de Miraflores","kind":"road","road":"tertiary","osm":371745106},"geometry":{"type":"LineString","coordinates":[[-5.97971,37.40047],[-5.9796,37.40059],[-5.97935,37.40084],[-5.97934,37.40086],[-5.97928,37.40092],[-5.97923,37.40097],[-5.97907,37.40114],[-5.97895,37.40127],[-5.97879,37.40144],[-5.97863,37.4016],[-5.9786,37.40163],[-5.97848,37.40176],[-5.97841,37.40183],[-5.97829,37.40196],[-5.97817,37.40208],[-5.97809,37.40216],[-5.97795,37.40232],[-5.9778,37.40247]]}},{"type":"Feature","properties":{"name":"Avenida de la Cruz Roja","kind":"road","road":"pedestrian","osm":371745110},"geometry":{"type":"LineString","coordinates":[[-5.98112,37.40314],[-5.98115,37.40308],[-5.98139,37.40257]]}},{"type":"Feature","properties":{"name":"Avenida de Miraflores","kind":"road","road":"tertiary","osm":371862364},"geometry":{"type":"LineString","coordinates":[[-5.9778,37.40247],[-5.97764,37.40263],[-5.97763,37.40265],[-5.97751,37.40277],[-5.97736,37.40293]]}},{"type":"Feature","properties":{"name":"Callejón Almiralte Torralva","kind":"road","road":"pedestrian","osm":372117197},"geometry":{"type":"LineString","coordinates":[[-5.99428,37.39141],[-5.99425,37.39129],[-5.99419,37.3913]]}},{"type":"Feature","properties":{"name":"Calle Vargas Campos","kind":"road","road":"pedestrian","osm":373011343},"geometry":{"type":"LineString","coordinates":[[-5.99474,37.39248],[-5.99441,37.39252],[-5.99391,37.39255]]}},{"type":"Feature","properties":{"name":"","kind":"park","road":"","osm":373452696},"geometry":{"type":"Polygon","coordinates":[[[-5.99231,37.38514],[-5.99232,37.38515],[-5.99249,37.38506],[-5.9925,37.38505],[-5.99252,37.38503],[-5.99247,37.38501],[-5.99246,37.38501],[-5.99244,37.38501],[-5.99243,37.38501],[-5.9924,37.38503],[-5.99242,37.38506],[-5.9923,37.38512],[-5.99231,37.38513],[-5.99231,37.38514]]]}},{"type":"Feature","properties":{"name":"","kind":"park","road":"","osm":373452697},"geometry":{"type":"Polygon","coordinates":[[[-5.99202,37.38519],[-5.99198,37.38521],[-5.992,37.38523],[-5.99203,37.38525],[-5.99207,37.38526],[-5.99211,37.38525],[-5.99215,37.38524],[-5.99214,37.38523],[-5.99214,37.38522],[-5.99213,37.38522],[-5.9921,37.38523],[-5.99204,37.38521],[-5.99202,37.38519]]]}},{"type":"Feature","properties":{"name":"","kind":"park","road":"","osm":373452699},"geometry":{"type":"Polygon","coordinates":[[[-5.99201,37.38517],[-5.99196,37.38518],[-5.99196,37.38516],[-5.99196,37.38515],[-5.99196,37.38512],[-5.99198,37.3851],[-5.992,37.38508],[-5.99203,37.38506],[-5.99204,37.38508],[-5.99202,37.38509],[-5.99199,37.38515],[-5.99201,37.38517]]]}},{"type":"Feature","properties":{"name":"","kind":"park","road":"","osm":373452702},"geometry":{"type":"Polygon","coordinates":[[[-5.99242,37.38493],[-5.99243,37.38489],[-5.9924,37.38489],[-5.99237,37.38489],[-5.99234,37.38489],[-5.99218,37.38498],[-5.99221,37.38501],[-5.99233,37.38495],[-5.99236,37.38498],[-5.9924,37.38496],[-5.9924,37.38495],[-5.99241,37.38494],[-5.99242,37.38493]]]}},{"type":"Feature","properties":{"name":"","kind":"park","road":"","osm":373452704},"geometry":{"type":"Polygon","coordinates":[[[-5.9922,37.38506],[-5.99217,37.38508],[-5.9921,37.38506],[-5.99207,37.38507],[-5.99206,37.38505],[-5.99214,37.385],[-5.99217,37.38503],[-5.9922,37.38506]]]}},{"type":"Feature","properties":{"name":"","kind":"park","road":"","osm":373452706},"geometry":{"type":"Polygon","coordinates":[[[-5.99223,37.38511],[-5.9922,37.38513],[-5.99221,37.38514],[-5.99218,37.3852],[-5.99217,37.38521],[-5.99218,37.38522],[-5.99228,37.38517],[-5.99227,37.38516],[-5.99226,37.38515],[-5.99226,37.38514],[-5.99223,37.38511]]]}},{"type":"Feature","properties":{"name":"Avenida Expo´92","kind":"road","road":"primary","osm":373489776},"geometry":{"type":"LineString","coordinates":[[-6.00843,37.39],[-6.00839,37.39001],[-6.00824,37.39004],[-6.00797,37.39013]]}},{"type":"Feature","properties":{"name":"Calle Gonzalo Jiménez de Quesada","kind":"road","road":"primary","osm":373489785},"geometry":{"type":"LineString","coordinates":[[-6.00892,37.39055],[-6.00911,37.39059],[-6.00937,37.39063],[-6.00951,37.39066],[-6.00961,37.39067]]}},{"type":"Feature","properties":{"name":"","kind":"park","road":"","osm":375272911},"geometry":{"type":"Polygon","coordinates":[[[-5.99378,37.38525],[-5.99374,37.38525],[-5.99373,37.38521],[-5.99378,37.3852],[-5.99378,37.38525]]]}},{"type":"Feature","properties":{"name":"","kind":"road","road":"pedestrian","osm":376090812},"geometry":{"type":"LineString","coordinates":[[-5.99403,37.37968],[-5.99361,37.37899],[-5.99356,37.37897],[-5.99288,37.37789],[-5.99286,37.37788],[-5.99284,37.37788],[-5.99276,37.37792],[-5.99202,37.37977],[-5.99201,37.3798],[-5.99202,37.37984],[-5.99204,37.37987],[-5.99208,37.3799],[-5.99212,37.37992],[-5.99243,37.37999],[-5.99249,37.38002],[-5.99255,37.38006],[-5.99261,37.3801],[-5.99266,37.38018],[-5.99268,37.38021],[-5.99279,37.38072],[-5.9928,37.38075],[-5.99283,37.38077],[-5.99286,37.38079],[-5.99354,37.38096],[-5.99357,37.38087],[-5.99353,37.38089],[-5.99285,37.38072],[-5.99282,37.38068],[-5.99285,37.3806],[-5.99284,37.38059],[-5.99283,37.38057],[-5.99282,37.38055],[-5.99273,37.38015],[-5.9927,37.38009],[-5.99265,37.38003],[-5.9926,37.37998],[-5.99253,37.37994],[-5.99244,37.3799],[-5.99215,37.37983],[-5.99211,37.37981],[-5.99209,37.37977],[-5.99209,37.37973],[-5.99279,37.37796],[-5.99284,37.37794],[-5.9935,37.37904],[-5.99351,37.37904],[-5.99352,37.37904],[-5.99355,37.37903],[-5.99355,37.37902],[-5.99357,37.37902],[-5.99357,37.37903],[-5.99357,37.37904],[-5.99359,37.37906],[-5.9936,37.37907],[-5.9936,37.37908],[-5.99394,37.37965],[-5.99396,37.37965],[-5.99399,37.37969],[-5.99402,37.37972],[-5.99403,37.37968]]}},{"type":"Feature","properties":{"name":"","kind":"road","road":"pedestrian","osm":376169122},"geometry":{"type":"LineString","coordinates":[[-5.99491,37.38138],[-5.99495,37.38135],[-5.99496,37.38133],[-5.99498,37.38128],[-5.99498,37.38123],[-5.99496,37.38119],[-5.99455,37.38064],[-5.99451,37.38057],[-5.99438,37.38032],[-5.99434,37.38029],[-5.9943,37.38027],[-5.99425,37.38026],[-5.9942,37.38028],[-5.99417,37.3803],[-5.99414,37.38034],[-5.99355,37.38188],[-5.99368,37.38191],[-5.99367,37.38189],[-5.99366,37.38186],[-5.99367,37.38184],[-5.99367,37.38182],[-5.99373,37.38166],[-5.99384,37.38139],[-5.99396,37.38109],[-5.99407,37.3808],[-5.99418,37.38052],[-5.99419,37.3805],[-5.99422,37.38047],[-5.99425,37.38046],[-5.99428,37.38045],[-5.99432,37.38046],[-5.99436,37.38049],[-5.99437,37.3805],[-5.99448,37.38065],[-5.99478,37.38107],[-5.99488,37.38121],[-5.9949,37.38123],[-5.9949,37.38127],[-5.9949,37.3813],[-5.9949,37.38131],[-5.99488,37.38134],[-5.99491,37.38138]]}},{"type":"Feature","properties":{"name":"Pasaje Manuel Alonso Vicedo","kind":"road","road":"pedestrian","osm":376291128},"geometry":{"type":"LineString","coordinates":[[-5.99631,37.39218],[-5.99629,37.39216]]}},{"type":"Feature","properties":{"name":"","kind":"road","road":"pedestrian","osm":376304239},"geometry":{"type":"LineString","coordinates":[[-5.99328,37.38186],[-5.99337,37.38164],[-5.99347,37.3814],[-5.9935,37.38136],[-5.99354,37.38134],[-5.99359,37.38122],[-5.99359,37.38116],[-5.99357,37.38112],[-5.99355,37.3811],[-5.99352,37.38107],[-5.99347,37.38104],[-5.9934,37.38101],[-5.99262,37.38082],[-5.99257,37.38082],[-5.99252,37.38082],[-5.99246,37.38084],[-5.99241,37.38086],[-5.99238,37.38089],[-5.99235,37.38093],[-5.99198,37.38185],[-5.99198,37.38187],[-5.99199,37.38188],[-5.99203,37.38188],[-5.99199,37.38183],[-5.99236,37.38093],[-5.99256,37.38086],[-5.99334,37.38105],[-5.99344,37.3812],[-5.99319,37.38184],[-5.99322,37.38184],[-5.99328,37.38186]]}},{"type":"Feature","properties":{"name":"","kind":"park","road":"","osm":376393982},"geometry":{"type":"Polygon","coordinates":[[[-5.98896,37.38119],[-5.98898,37.38115],[-5.98899,37.38115],[-5.989,37.3811],[-5.98899,37.3811],[-5.98901,37.38106],[-5.98902,37.38106],[-5.98904,37.38102],[-5.98903,37.38102],[-5.98905,37.38097],[-5.98906,37.38098],[-5.98908,37.38093],[-5.98907,37.38093],[-5.98908,37.38089],[-5.98911,37.3809],[-5.98913,37.38092],[-5.98902,37.38117],[-5.98901,37.3812],[-5.98896,37.38119]]]}},{"type":"Feature","properties":{"name":"","kind":"park","road":"","osm":376691935},"geometry":{"type":"Polygon","coordinates":[[[-5.98896,37.38161],[-5.98893,37.38161],[-5.9889,37.38162],[-5.98888,37.38163],[-5.98887,37.38165],[-5.98887,37.38167],[-5.98888,37.3817],[-5.98889,37.38171],[-5.98892,37.38172],[-5.98895,37.38173],[-5.98898,37.38172],[-5.989,37.3817],[-5.98901,37.38168],[-5.98901,37.38166],[-5.98901,37.38164],[-5.98899,37.38162],[-5.98896,37.38161]]]}},{"type":"Feature","properties":{"name":"","kind":"park","road":"","osm":376746988},"geometry":{"type":"Polygon","coordinates":[[[-5.98902,37.3816],[-5.98904,37.38162],[-5.98905,37.38164],[-5.98905,37.38167],[-5.98905,37.38169],[-5.98904,37.3817],[-5.98903,37.38172],[-5.98902,37.38174],[-5.98901,37.38175],[-5.98902,37.38176],[-5.98904,37.38176],[-5.98905,37.38176],[-5.98907,37.38174],[-5.98908,37.38172],[-5.9891,37.38169],[-5.9891,37.38167],[-5.9891,37.38165],[-5.98909,37.38163],[-5.98908,37.3816],[-5.98906,37.38158],[-5.98904,37.38158],[-5.98903,37.38158],[-5.98902,37.38159],[-5.98902,37.3816]]]}},{"type":"Feature","properties":{"name":"","kind":"park","road":"","osm":376746991},"geometry":{"type":"Polygon","coordinates":[[[-5.98895,37.38158],[-5.98891,37.38158],[-5.98889,37.38159],[-5.98887,37.3816],[-5.98884,37.38162],[-5.98883,37.38164],[-5.98883,37.38166],[-5.98882,37.38167],[-5.98881,37.38168],[-5.9888,37.38168],[-5.98879,37.38167],[-5.98878,37.38166],[-5.98879,37.38164],[-5.9888,37.38161],[-5.98882,37.38159],[-5.98884,37.38157],[-5.98887,37.38156],[-5.9889,37.38155],[-5.98892,37.38154],[-5.98895,37.38154],[-5.98896,37.38154],[-5.98897,37.38156],[-5.98897,37.38157],[-5.98896,37.38158],[-5.98895,37.38158]]]}},{"type":"Feature","properties":{"name":"","kind":"road","road":"tertiary","osm":376747000},"geometry":{"type":"LineString","coordinates":[[-5.98851,37.38068],[-5.98846,37.3807],[-5.98842,37.38072],[-5.98825,37.38082],[-5.98813,37.38086],[-5.988,37.38087],[-5.98775,37.38088]]}},{"type":"Feature","properties":{"name":"","kind":"park","road":"","osm":377129014},"geometry":{"type":"Polygon","coordinates":[[[-5.99594,37.3888],[-5.99566,37.38882],[-5.99565,37.38876],[-5.99593,37.38874],[-5.99594,37.3888]]]}},{"type":"Feature","properties":{"name":"","kind":"park","road":"","osm":377129015},"geometry":{"type":"Polygon","coordinates":[[[-5.99589,37.38837],[-5.99561,37.38839],[-5.99562,37.38845],[-5.9959,37.38843],[-5.99589,37.38837]]]}},{"type":"Feature","properties":{"name":"","kind":"park","road":"","osm":377129016},"geometry":{"type":"Polygon","coordinates":[[[-5.99604,37.38846],[-5.99596,37.38847],[-5.99597,37.38854],[-5.99604,37.38853],[-5.99604,37.38846]]]}},{"type":"Feature","properties":{"name":"","kind":"park","road":"","osm":377129018},"geometry":{"type":"Polygon","coordinates":[[[-5.99555,37.38883],[-5.99522,37.38885],[-5.99521,37.3888],[-5.99554,37.38877],[-5.99555,37.38883]]]}},{"type":"Feature","properties":{"name":"","kind":"park","road":"","osm":377129019},"geometry":{"type":"Polygon","coordinates":[[[-5.9955,37.3884],[-5.99517,37.38842],[-5.99518,37.38848],[-5.99551,37.38845],[-5.9955,37.3884]]]}},{"type":"Feature","properties":{"name":"","kind":"park","road":"","osm":377129020},"geometry":{"type":"Polygon","coordinates":[[[-5.99607,37.38869],[-5.99599,37.38869],[-5.99598,37.38865],[-5.99599,37.38865],[-5.99599,37.38862],[-5.99606,37.38862],[-5.99607,37.38869]]]}},{"type":"Feature","properties":{"name":"","kind":"road","road":"pedestrian","osm":377736339},"geometry":{"type":"LineString","coordinates":[[-5.99355,37.38432],[-5.99354,37.38431],[-5.99354,37.3843],[-5.99349,37.38426],[-5.99345,37.38425],[-5.99339,37.38426],[-5.99332,37.38428],[-5.99323,37.38432],[-5.99329,37.38441],[-5.99339,37.38456],[-5.99349,37.38471],[-5.99359,37.38485],[-5.99357,37.38486],[-5.99322,37.38432],[-5.99316,37.38433],[-5.99251,37.3846],[-5.99249,37.38457],[-5.99353,37.38415],[-5.99355,37.38415],[-5.99355,37.38432]]}},{"type":"Feature","properties":{"name":"","kind":"road","road":"pedestrian","osm":377736345},"geometry":{"type":"LineString","coordinates":[[-5.99358,37.38403],[-5.99361,37.38407],[-5.99357,37.38408],[-5.99349,37.38412],[-5.99348,37.3841],[-5.99319,37.38422],[-5.99319,37.38424],[-5.99314,37.38426],[-5.99313,37.38424],[-5.99299,37.3843],[-5.993,37.38431],[-5.99247,37.38453],[-5.99242,37.3845],[-5.99251,37.38447],[-5.9926,37.38443],[-5.99288,37.38431],[-5.99293,37.38429],[-5.99292,37.38428],[-5.99303,37.38423],[-5.99311,37.3842],[-5.99317,37.38417],[-5.99329,37.38412],[-5.99344,37.38406],[-5.99354,37.38403],[-5.99356,37.38404],[-5.99358,37.38403]]}},{"type":"Feature","properties":{"name":"","kind":"park","road":"","osm":378281938},"geometry":{"type":"Polygon","coordinates":[[[-6.01043,37.39067],[-6.01049,37.39069],[-6.01055,37.39068],[-6.01059,37.39064],[-6.0106,37.39058],[-6.01058,37.39053],[-6.01045,37.39024],[-6.00889,37.3904],[-6.00889,37.39042],[-6.00898,37.39048],[-6.01023,37.39069],[-6.01028,37.39067],[-6.01035,37.39066],[-6.01043,37.39067]]]}},{"type":"Feature","properties":{"name":"Avenida Conde de Colombi","kind":"road","road":"pedestrian","osm":379565985},"geometry":{"type":"LineString","coordinates":[[-5.99009,37.37585],[-5.99014,37.37594],[-5.99031,37.37623],[-5.99033,37.37656],[-5.99019,37.37693],[-5.99016,37.37702],[-5.99002,37.37739]]}},{"type":"Feature","properties":{"name":"Avenida Conde de Urbina","kind":"road","road":"pedestrian","osm":379565986},"geometry":{"type":"LineString","coordinates":[[-5.98857,37.37645],[-5.98863,37.37654],[-5.98878,37.37681],[-5.98889,37.37692],[-5.98898,37.37699],[-5.98925,37.37714],[-5.98955,37.37728],[-5.98984,37.37741]]}},{"type":"Feature","properties":{"name":"","kind":"park","road":"","osm":379727385},"geometry":{"type":"Polygon","coordinates":[[[-5.9973,37.39118],[-5.99727,37.3912],[-5.99744,37.39139],[-5.99747,37.39137],[-5.9973,37.39118]]]}},{"type":"Feature","properties":{"name":"","kind":"park","road":"","osm":379727386},"geometry":{"type":"Polygon","coordinates":[[[-5.99728,37.39116],[-5.99724,37.39118],[-5.99722,37.39116],[-5.99726,37.39113],[-5.99728,37.39116]]]}},{"type":"Feature","properties":{"name":"","kind":"park","road":"","osm":379727387},"geometry":{"type":"Polygon","coordinates":[[[-5.9972,37.39123],[-5.99717,37.39125],[-5.99734,37.39145],[-5.99738,37.39143],[-5.9972,37.39123]]]}},{"type":"Feature","properties":{"name":"","kind":"park","road":"","osm":379727388},"geometry":{"type":"Polygon","coordinates":[[[-5.99719,37.39121],[-5.99715,37.39124],[-5.99714,37.39122],[-5.99717,37.39119],[-5.99719,37.39121]]]}},{"type":"Feature","properties":{"name":"","kind":"park","road":"","osm":379733021},"geometry":{"type":"Polygon","coordinates":[[[-5.99686,37.39098],[-5.99681,37.39089],[-5.99681,37.39087],[-5.99687,37.39097],[-5.99686,37.39098]]]}},{"type":"Feature","properties":{"name":"","kind":"park","road":"","osm":379733024},"geometry":{"type":"Polygon","coordinates":[[[-5.99707,37.39094],[-5.99711,37.39103],[-5.99711,37.39104],[-5.99705,37.39095],[-5.99707,37.39094]]]}},{"type":"Feature","properties":{"name":"","kind":"park","road":"","osm":379733027},"geometry":{"type":"Polygon","coordinates":[[[-5.99695,37.39111],[-5.99694,37.39111],[-5.99688,37.39101],[-5.99689,37.39101],[-5.99695,37.39111]]]}},{"type":"Feature","properties":{"name":"","kind":"park","road":"","osm":379733030},"geometry":{"type":"Polygon","coordinates":[[[-5.99699,37.39081],[-5.99704,37.39091],[-5.99703,37.39091],[-5.99698,37.39082],[-5.99699,37.39081]]]}},{"type":"Feature","properties":{"name":"Plaza Hermandad del Rocío de Triana","kind":"road","road":"pedestrian","osm":379801683},"geometry":{"type":"LineString","coordinates":[[-6.00391,37.38204],[-6.00368,37.38188],[-6.00364,37.38191],[-6.00362,37.38194],[-6.00363,37.38195],[-6.00366,37.38197],[-6.00371,37.382],[-6.00374,37.38202],[-6.0038,37.38206],[-6.00383,37.38208],[-6.00384,37.38209],[-6.00385,37.3821],[-6.00388,37.38207],[-6.00391,37.38204]]}},{"type":"Feature","properties":{"name":"","kind":"road","road":"pedestrian","osm":379801686},"geometry":{"type":"LineString","coordinates":[[-6.00359,37.38188],[-6.00364,37.38191]]}},{"type":"Feature","properties":{"name":"","kind":"road","road":"pedestrian","osm":379801688},"geometry":{"type":"LineString","coordinates":[[-6.00388,37.38207],[-6.00391,37.38208]]}},{"type":"Feature","properties":{"name":"Calle Jimios","kind":"road","road":"pedestrian","osm":382462779},"geometry":{"type":"LineString","coordinates":[[-5.99486,37.38673],[-5.99485,37.38674],[-5.99484,37.38674],[-5.99476,37.38674],[-5.99473,37.38674],[-5.99469,37.38673],[-5.9947,37.38668],[-5.99471,37.38659],[-5.9947,37.38658],[-5.99469,37.38657],[-5.99474,37.38656],[-5.99479,37.38655],[-5.99478,37.38657],[-5.99479,37.38661],[-5.99484,37.38671],[-5.99486,37.38673]]}},{"type":"Feature","properties":{"name":"Calle San Jacinto","kind":"road","road":"pedestrian","osm":392815620},"geometry":{"type":"LineString","coordinates":[[-6.00417,37.38427],[-6.00426,37.38433],[-6.00428,37.38434],[-6.00432,37.38436],[-6.00433,37.38435],[-6.00439,37.38431],[-6.0044,37.3843],[-6.00444,37.38427],[-6.00447,37.38424],[-6.00445,37.38422],[-6.00443,37.3842],[-6.00436,37.38415],[-6.00433,37.38417],[-6.00428,37.38421],[-6.00425,37.38419],[-6.00417,37.38427]]}},{"type":"Feature","properties":{"name":"Calle San Jacinto","kind":"road","road":"pedestrian","osm":392815623},"geometry":{"type":"LineString","coordinates":[[-6.00417,37.38427],[-6.00415,37.38429],[-6.00413,37.38431],[-6.00404,37.3844],[-6.00399,37.38444],[-6.00394,37.38449],[-6.00392,37.38451],[-6.0039,37.38453],[-6.00385,37.38457],[-6.00381,37.38461],[-6.00377,37.38465],[-6.00373,37.38469],[-6.00372,37.3847],[-6.00368,37.38473],[-6.00364,37.38476],[-6.00362,37.38479],[-6.00358,37.38482],[-6.00353,37.38488],[-6.00348,37.38493],[-6.00348,37.38494],[-6.00343,37.38499],[-6.0034,37.38501],[-6.00334,37.38507],[-6.00338,37.38507],[-6.00341,37.38506],[-6.00346,37.38508],[-6.00352,37.38511],[-6.00355,37.38513],[-6.00363,37.38517],[-6.00369,37.38515],[-6.00367,37.38514],[-6.00363,37.38504],[-6.0037,37.38497],[-6.00374,37.38493],[-6.00378,37.38489],[-6.0038,37.38488],[-6.00383,37.38484],[-6.00387,37.3848],[-6.00392,37.38475],[-6.00397,37.3847],[-6.00401,37.38466],[-6.00406,37.38461],[-6.00412,37.38456],[-6.00413,37.38454],[-6.00415,37.38452],[-6.0043,37.38438],[-6.00432,37.38436],[-6.00428,37.38434],[-6.00426,37.38433],[-6.00417,37.38427]]}},{"type":"Feature","properties":{"name":"Glorieta de los Marineros Voluntarios","kind":"road","road":"primary","osm":392818866},"geometry":{"type":"LineString","coordinates":[[-5.99133,37.37521],[-5.99123,37.37524],[-5.99115,37.37529],[-5.99109,37.37536],[-5.99105,37.37544],[-5.99104,37.37551],[-5.99105,37.37559],[-5.99108,37.37565],[-5.99113,37.37571],[-5.99126,37.3758]]}},{"type":"Feature","properties":{"name":"Glorieta de los Marineros Voluntarios","kind":"road","road":"primary","osm":392818867},"geometry":{"type":"LineString","coordinates":[[-5.99166,37.37578],[-5.9917,37.37575],[-5.99174,37.37573],[-5.99177,37.3757]]}},{"type":"Feature","properties":{"name":"Calle Torneo","kind":"road","road":"primary","osm":395025721},"geometry":{"type":"LineString","coordinates":[[-5.99862,37.40048],[-5.99843,37.40067],[-5.99841,37.40069],[-5.99777,37.40133],[-5.99757,37.40154],[-5.99646,37.40263],[-5.99605,37.40305],[-5.99604,37.40306],[-5.99596,37.40311]]}},{"type":"Feature","properties":{"name":"Calle Virgen de Luján","kind":"road","road":"secondary","osm":395554555},"geometry":{"type":"LineString","coordinates":[[-5.99538,37.37476],[-5.99552,37.37475],[-5.99614,37.37473]]}},{"type":"Feature","properties":{"name":"Calle Virgen de Luján","kind":"road","road":"secondary","osm":395554556},"geometry":{"type":"LineString","coordinates":[[-5.99614,37.37473],[-5.99678,37.37472]]}},{"type":"Feature","properties":{"name":"Calle Virgen de Luján","kind":"road","road":"secondary","osm":395554557},"geometry":{"type":"LineString","coordinates":[[-5.99678,37.37472],[-5.99752,37.3747]]}},{"type":"Feature","properties":{"name":"Calle Virgen de Luján","kind":"road","road":"secondary","osm":395554559},"geometry":{"type":"LineString","coordinates":[[-5.99752,37.3747],[-5.99754,37.3747],[-5.99757,37.3747],[-5.99763,37.3747],[-5.99821,37.37469]]}},{"type":"Feature","properties":{"name":"Calle Virgen de Luján","kind":"road","road":"secondary","osm":395554560},"geometry":{"type":"LineString","coordinates":[[-5.99821,37.37469],[-5.99861,37.37468],[-5.99884,37.37467]]}},{"type":"Feature","properties":{"name":"Calle Virgen del Valle","kind":"road","road":"tertiary","osm":395554561},"geometry":{"type":"LineString","coordinates":[[-5.99821,37.37469],[-5.99823,37.37565],[-5.99823,37.37569],[-5.99824,37.37575],[-5.99829,37.37675],[-5.9983,37.37707],[-5.99832,37.37755],[-5.99832,37.37759],[-5.99833,37.37764],[-5.99837,37.3782],[-5.99837,37.37867],[-5.99838,37.37874],[-5.99837,37.3788]]}},{"type":"Feature","properties":{"name":"Calle Virgen de Luján","kind":"road","road":"secondary","osm":395554563},"geometry":{"type":"LineString","coordinates":[[-5.99884,37.37467],[-5.99903,37.37466],[-5.99947,37.37466],[-5.99981,37.37465],[-5.99996,37.37464]]}},{"type":"Feature","properties":{"name":"Calle Virgen de Luján","kind":"road","road":"secondary","osm":395554565},"geometry":{"type":"LineString","coordinates":[[-5.99996,37.37464],[-6.00093,37.37461]]}},{"type":"Feature","properties":{"name":"Calle Virgen de Luján","kind":"road","road":"secondary","osm":395554568},"geometry":{"type":"LineString","coordinates":[[-6.00093,37.37461],[-6.001,37.37461],[-6.00172,37.37459]]}},{"type":"Feature","properties":{"name":"Calle Virgen de Luján","kind":"road","road":"secondary","osm":395554570},"geometry":{"type":"LineString","coordinates":[[-6.00247,37.37458],[-6.00261,37.37458]]}},{"type":"Feature","properties":{"name":"Calle Virgen de Luján","kind":"road","road":"secondary","osm":395554571},"geometry":{"type":"LineString","coordinates":[[-6.00261,37.37458],[-6.00282,37.37454],[-6.003,37.37448],[-6.00324,37.37435]]}},{"type":"Feature","properties":{"name":"Calle Virgen de Luján","kind":"road","road":"secondary","osm":395554572},"geometry":{"type":"LineString","coordinates":[[-6.00324,37.37435],[-6.00378,37.37406],[-6.00392,37.37399]]}},{"type":"Feature","properties":{"name":"Glorieta de las Cigarreras","kind":"road","road":"primary","osm":396962116},"geometry":{"type":"LineString","coordinates":[[-5.99475,37.37471],[-5.99472,37.37465],[-5.99468,37.3746],[-5.99462,37.37455],[-5.99455,37.37452],[-5.99445,37.3745],[-5.99436,37.3745],[-5.99427,37.37452],[-5.99418,37.37455],[-5.99411,37.3746],[-5.99406,37.37467],[-5.99403,37.37475],[-5.99403,37.37482]]}},{"type":"Feature","properties":{"name":"","kind":"road","road":"primary","osm":396962119},"geometry":{"type":"LineString","coordinates":[[-5.99389,37.37496],[-5.99407,37.37492]]}},{"type":"Feature","properties":{"name":"Glorieta de las Cigarreras","kind":"road","road":"primary","osm":396962121},"geometry":{"type":"LineString","coordinates":[[-5.99407,37.37492],[-5.9941,37.37496],[-5.99414,37.375],[-5.9942,37.37503],[-5.99425,37.37506],[-5.99433,37.37508],[-5.99441,37.37508],[-5.99449,37.37507],[-5.99457,37.37505],[-5.99464,37.37501],[-5.99467,37.37499],[-5.99469,37.37496],[-5.99473,37.37492],[-5.99475,37.37488],[-5.99476,37.37484],[-5.99477,37.3748]]}},{"type":"Feature","properties":{"name":"Avenida de María Luisa","kind":"road","road":"primary","osm":396962122},"geometry":{"type":"LineString","coordinates":[[-5.99083,37.37697],[-5.99022,37.3781]]}},{"type":"Feature","properties":{"name":"Avenida de María Luisa","kind":"road","road":"primary","osm":396962123},"geometry":{"type":"LineString","coordinates":[[-5.99022,37.3781],[-5.99008,37.37835],[-5.98994,37.37862]]}},{"type":"Feature","properties":{"name":"Avenida de María Luisa","kind":"road","road":"primary","osm":396962124},"geometry":{"type":"LineString","coordinates":[[-5.98994,37.37862],[-5.98982,37.37882],[-5.98981,37.37885],[-5.98978,37.3789]]}},{"type":"Feature","properties":{"name":"Calle Palos de la Frontera","kind":"road","road":"primary","osm":396962125},"geometry":{"type":"LineString","coordinates":[[-5.99008,37.37946],[-5.98969,37.37934],[-5.98959,37.37931]]}},{"type":"Feature","properties":{"name":"Calle Torneo","kind":"road","road":"primary","osm":397650886},"geometry":{"type":"LineString","coordinates":[[-6.00313,37.3948],[-6.00307,37.39491]]}},{"type":"Feature","properties":{"name":"Avenida de Portugal","kind":"road","road":"primary","osm":401681805},"geometry":{"type":"LineString","coordinates":[[-5.98517,37.37817],[-5.98483,37.37808],[-5.98446,37.37798],[-5.98418,37.37791],[-5.98413,37.3779],[-5.98391,37.37784]]}},{"type":"Feature","properties":{"name":"Glorieta de San Diego","kind":"road","road":"primary","osm":401681806},"geometry":{"type":"LineString","coordinates":[[-5.98907,37.37914],[-5.98905,37.37917],[-5.98903,37.3792],[-5.98902,37.37924],[-5.98902,37.37927]]}},{"type":"Feature","properties":{"name":"Puente de San Telmo","kind":"road","road":"primary","osm":403277396},"geometry":{"type":"LineString","coordinates":[[-5.99731,37.38026],[-5.99754,37.38021]]}},{"type":"Feature","properties":{"name":"","kind":"road","road":"primary","osm":403277399},"geometry":{"type":"LineString","coordinates":[[-5.9982,37.37982],[-5.99791,37.37982]]}},{"type":"Feature","properties":{"name":"","kind":"road","road":"primary","osm":403277402},"geometry":{"type":"LineString","coordinates":[[-5.99806,37.37998],[-5.99817,37.37985],[-5.9982,37.37982]]}},{"type":"Feature","properties":{"name":"Avenida de la Borbolla","kind":"road","road":"secondary","osm":403459527},"geometry":{"type":"LineString","coordinates":[[-5.98432,37.377],[-5.98438,37.37687]]}},{"type":"Feature","properties":{"name":"","kind":"road","road":"pedestrian","osm":403615226},"geometry":{"type":"LineString","coordinates":[[-6.00518,37.37663],[-6.00501,37.37645],[-6.005,37.37643],[-6.00495,37.37637]]}},{"type":"Feature","properties":{"name":"Glorieta de Méjico","kind":"road","road":"secondary","osm":403888823},"geometry":{"type":"LineString","coordinates":[[-5.98792,37.36942],[-5.9881,37.36942],[-5.98812,37.36942]]}},{"type":"Feature","properties":{"name":"Glorieta de Méjico","kind":"road","road":"secondary","osm":403888825},"geometry":{"type":"LineString","coordinates":[[-5.98781,37.36926],[-5.9876,37.36926],[-5.9874,37.36926],[-5.98736,37.36926]]}},{"type":"Feature","properties":{"name":"Glorieta de Méjico","kind":"road","road":"secondary","osm":403888828},"geometry":{"type":"LineString","coordinates":[[-5.98741,37.36936],[-5.98745,37.36936],[-5.98769,37.3694],[-5.98792,37.36942]]}},{"type":"Feature","properties":{"name":"Glorieta de Méjico","kind":"road","road":"secondary","osm":403888829},"geometry":{"type":"LineString","coordinates":[[-5.98805,37.36929],[-5.98802,37.36929],[-5.98781,37.36926]]}},{"type":"Feature","properties":{"name":"Paseo Nuestra Señora de la O","kind":"road","road":"pedestrian","osm":403903959},"geometry":{"type":"LineString","coordinates":[[-6.00258,37.38555],[-6.00261,37.38559],[-6.00277,37.38573],[-6.00331,37.38601],[-6.00366,37.38621],[-6.00372,37.38624],[-6.00379,37.38633],[-6.00388,37.38646],[-6.00411,37.38669],[-6.00418,37.38675],[-6.00421,37.38683],[-6.00426,37.38688],[-6.00444,37.38701],[-6.00463,37.38713],[-6.0047,37.38716],[-6.00486,37.38727],[-6.00569,37.38804],[-6.00574,37.38811],[-6.00586,37.38823],[-6.00638,37.3887],[-6.00687,37.38906],[-6.00688,37.38908],[-6.00708,37.38949],[-6.00721,37.39012],[-6.00751,37.39009]]}},{"type":"Feature","properties":{"name":"","kind":"park","road":"","osm":403903962},"geometry":{"type":"Polygon","coordinates":[[[-6.00058,37.38654],[-6.00033,37.38631],[-6.00036,37.38629],[-6.00062,37.38652],[-6.00058,37.38654]]]}},{"type":"Feature","properties":{"name":"Paseo de Cristóbal Colón","kind":"road","road":"primary","osm":406948488},"geometry":{"type":"LineString","coordinates":[[-5.99632,37.38288],[-5.99597,37.38242]]}},{"type":"Feature","properties":{"name":"","kind":"road","road":"pedestrian","osm":406970729},"geometry":{"type":"LineString","coordinates":[[-5.99189,37.37523],[-5.99186,37.37524],[-5.99182,37.37524],[-5.99179,37.37522],[-5.99176,37.37521],[-5.99172,37.37518],[-5.99165,37.37515],[-5.9916,37.37513],[-5.99158,37.37513],[-5.99154,37.37513],[-5.9915,37.3751],[-5.99148,37.37507],[-5.99147,37.37503],[-5.99147,37.37501],[-5.99146,37.37497],[-5.99144,37.37494],[-5.99141,37.37494],[-5.99138,37.37493],[-5.99136,37.37492],[-5.99132,37.37485],[-5.9913,37.37483],[-5.99123,37.37471],[-5.99124,37.37467],[-5.99125,37.37462],[-5.99128,37.37457],[-5.99132,37.37454],[-5.99136,37.37451],[-5.99141,37.3745],[-5.99148,37.37449],[-5.99151,37.37448],[-5.99155,37.37445],[-5.99158,37.37441],[-5.99158,37.37435],[-5.99154,37.37412],[-5.99156,37.37412],[-5.99158,37.37413],[-5.99167,37.37451],[-5.99164,37.37452],[-5.99163,37.37477],[-5.99163,37.37479],[-5.99163,37.37481],[-5.99163,37.37491],[-5.99167,37.3751],[-5.99173,37.37513],[-5.99179,37.37516],[-5.99184,37.37519],[-5.99189,37.37523]]}},{"type":"Feature","properties":{"name":"Muelle de la Sal","kind":"road","road":"pedestrian","osm":407191859},"geometry":{"type":"LineString","coordinates":[[-6.00091,37.38607],[-6.00097,37.38603],[-6.00165,37.38654],[-6.00191,37.38674],[-6.00184,37.38682],[-6.00182,37.38684],[-6.00178,37.38689],[-6.00174,37.38692],[-6.00169,37.38695],[-6.00164,37.38696],[-6.00158,37.38696],[-6.00152,37.38694],[-6.00148,37.38692],[-6.00146,37.38691],[-6.00083,37.38639],[-6.00081,37.38638],[-6.00071,37.38645],[-6.00064,37.38638],[-6.00053,37.38629],[-6.00058,37.38625],[-6.00017,37.38588],[-5.99988,37.38574],[-6.0,37.38559],[-5.99979,37.3854],[-5.99982,37.38538],[-5.99984,37.38536],[-5.99994,37.38528],[-6.00022,37.38553],[-6.00023,37.38552],[-6.00091,37.38607]]}},{"type":"Feature","properties":{"name":"","kind":"park","road":"","osm":407191862},"geometry":{"type":"Polygon","coordinates":[[[-6.00058,37.38625],[-6.00053,37.38629],[-6.00013,37.38592],[-6.00005,37.38598],[-5.99957,37.38556],[-5.99958,37.38555],[-5.99979,37.3854],[-6.0,37.38559],[-5.99988,37.38574],[-6.00017,37.38588],[-6.00058,37.38625]]]}},{"type":"Feature","properties":{"name":"","kind":"park","road":"","osm":407191863},"geometry":{"type":"Polygon","coordinates":[[[-6.00126,37.38679],[-6.00122,37.38681],[-6.0012,37.3868],[-6.00117,37.3868],[-6.00115,37.38681],[-6.00108,37.38674],[-6.00109,37.38673],[-6.00108,37.38671],[-6.00108,37.38669],[-6.00111,37.38667],[-6.00126,37.38679]]]}},{"type":"Feature","properties":{"name":"","kind":"park","road":"","osm":407191864},"geometry":{"type":"Polygon","coordinates":[[[-6.00082,37.38662],[-6.00079,37.38665],[-6.00092,37.38677],[-6.00096,37.38674],[-6.00095,37.38673],[-6.00095,37.38671],[-6.00096,37.3867],[-6.00087,37.38662],[-6.00085,37.38663],[-6.00084,37.38663],[-6.00082,37.38662]]]}},{"type":"Feature","properties":{"name":"","kind":"park","road":"","osm":407191865},"geometry":{"type":"Polygon","coordinates":[[[-6.00109,37.38665],[-6.00106,37.38667],[-6.00104,37.38667],[-6.00101,37.38666],[-6.00099,37.38667],[-6.00091,37.3866],[-6.00091,37.38659],[-6.00091,37.38657],[-6.00091,37.38656],[-6.00094,37.38653],[-6.00109,37.38665]]]}},{"type":"Feature","properties":{"name":"","kind":"park","road":"","osm":407191866},"geometry":{"type":"Polygon","coordinates":[[[-6.00104,37.38677],[-6.00102,37.38677],[-6.001,37.38677],[-6.00099,37.38677],[-6.00095,37.38679],[-6.00109,37.38691],[-6.00112,37.38689],[-6.00111,37.38687],[-6.00111,37.38685],[-6.00112,37.38683],[-6.00104,37.38677]]]}},{"type":"Feature","properties":{"name":"","kind":"park","road":"","osm":407191868},"geometry":{"type":"Polygon","coordinates":[[[-5.99848,37.38461],[-5.99845,37.38463],[-5.99861,37.38477],[-5.99864,37.38475],[-5.99848,37.38461]]]}},{"type":"Feature","properties":{"name":"","kind":"park","road":"","osm":407191869},"geometry":{"type":"Polygon","coordinates":[[[-5.99802,37.3842],[-5.99799,37.38422],[-5.99783,37.38408],[-5.99786,37.38406],[-5.99802,37.3842]]]}},{"type":"Feature","properties":{"name":"","kind":"park","road":"","osm":407191870},"geometry":{"type":"Polygon","coordinates":[[[-5.99884,37.38493],[-5.99881,37.38495],[-5.99892,37.38505],[-5.99895,37.38503],[-5.99884,37.38493]]]}},{"type":"Feature","properties":{"name":"","kind":"park","road":"","osm":407191871},"geometry":{"type":"Polygon","coordinates":[[[-5.99865,37.38476],[-5.99862,37.38478],[-5.9988,37.38494],[-5.99883,37.38492],[-5.99865,37.38476]]]}},{"type":"Feature","properties":{"name":"","kind":"park","road":"","osm":407191872},"geometry":{"type":"Polygon","coordinates":[[[-5.99913,37.38519],[-5.9991,37.38521],[-5.99925,37.38535],[-5.99928,37.38533],[-5.99913,37.38519]]]}},{"type":"Feature","properties":{"name":"","kind":"park","road":"","osm":407191873},"geometry":{"type":"Polygon","coordinates":[[[-5.99926,37.38535],[-5.99942,37.3855],[-5.99945,37.38547],[-5.99929,37.38533],[-5.99926,37.38535]]]}},{"type":"Feature","properties":{"name":"","kind":"park","road":"","osm":407191874},"geometry":{"type":"Polygon","coordinates":[[[-5.99902,37.38509],[-5.99898,37.38506],[-5.99895,37.38508],[-5.99899,37.38512],[-5.99902,37.38509]]]}},{"type":"Feature","properties":{"name":"","kind":"park","road":"","osm":407191875},"geometry":{"type":"Polygon","coordinates":[[[-5.99777,37.38397],[-5.99774,37.38399],[-5.99754,37.38382],[-5.99757,37.3838],[-5.99777,37.38397]]]}},{"type":"Feature","properties":{"name":"","kind":"park","road":"","osm":407191876},"geometry":{"type":"Polygon","coordinates":[[[-5.99828,37.38443],[-5.99825,37.38446],[-5.99845,37.38463],[-5.99848,37.38461],[-5.99828,37.38443]]]}},{"type":"Feature","properties":{"name":"","kind":"park","road":"","osm":407191877},"geometry":{"type":"Polygon","coordinates":[[[-5.99819,37.38434],[-5.99815,37.38437],[-5.998,37.38423],[-5.99803,37.38421],[-5.99819,37.38434]]]}},{"type":"Feature","properties":{"name":"","kind":"park","road":"","osm":407191878},"geometry":{"type":"Polygon","coordinates":[[[-6.00072,37.38649],[-6.00066,37.38654],[-6.00076,37.38662],[-6.0008,37.3866],[-6.00079,37.38658],[-6.00079,37.38657],[-6.0008,37.38656],[-6.00072,37.38649]]]}},{"type":"Feature","properties":{"name":"","kind":"park","road":"","osm":407191879},"geometry":{"type":"Polygon","coordinates":[[[-6.00138,37.38689],[-6.00128,37.38681],[-6.00125,37.38683],[-6.00125,37.38685],[-6.00126,37.38687],[-6.00125,37.38689],[-6.00132,37.38694],[-6.00138,37.38689]]]}},{"type":"Feature","properties":{"name":"","kind":"park","road":"","osm":407191880},"geometry":{"type":"Polygon","coordinates":[[[-6.00092,37.38651],[-6.00081,37.38643],[-6.00076,37.38647],[-6.00083,37.38653],[-6.00085,37.38653],[-6.00087,37.38653],[-6.00088,37.38654],[-6.00092,37.38651]]]}},{"type":"Feature","properties":{"name":"","kind":"park","road":"","osm":407191881},"geometry":{"type":"Polygon","coordinates":[[[-6.00111,37.38693],[-6.00114,37.38691],[-6.00116,37.38692],[-6.00119,37.38692],[-6.00121,37.38692],[-6.00128,37.38698],[-6.00123,37.38702],[-6.00113,37.38696],[-6.00111,37.38693]]]}},{"type":"Feature","properties":{"name":"","kind":"water","road":"","osm":407523078},"geometry":{"type":"Polygon","coordinates":[[[-5.99058,37.38271],[-5.99044,37.38274],[-5.99043,37.38269],[-5.99056,37.38266],[-5.99058,37.38271]]]}},{"type":"Feature","properties":{"name":"Gruta de las Sultanas","kind":"water","road":"","osm":407663937},"geometry":{"type":"Polygon","coordinates":[[[-5.99113,37.38297],[-5.99112,37.38296],[-5.9911,37.38297],[-5.99109,37.38296],[-5.99108,37.38297],[-5.99107,37.38297],[-5.99106,37.38296],[-5.99106,37.38295],[-5.99107,37.38294],[-5.99105,37.38293],[-5.99107,37.38292],[-5.99106,37.38291],[-5.99111,37.38287],[-5.99112,37.38288],[-5.99113,37.38287],[-5.99114,37.38288],[-5.99115,37.38288],[-5.99116,37.38288],[-5.99117,37.38288],[-5.99118,37.38289],[-5.99117,37.3829],[-5.99118,37.38291],[-5.99117,37.38292],[-5.99119,37.38293],[-5.99113,37.38297]]]}},{"type":"Feature","properties":{"name":"","kind":"water","road":"","osm":407663942},"geometry":{"type":"Polygon","coordinates":[[[-5.99088,37.38221],[-5.99087,37.38221],[-5.99087,37.38222],[-5.99086,37.38222],[-5.99085,37.38221],[-5.99084,37.3822],[-5.99085,37.38219],[-5.99086,37.38219],[-5.99087,37.38218],[-5.99087,37.38219],[-5.99088,37.38219],[-5.99088,37.3822],[-5.99088,37.38221]]]}},{"type":"Feature","properties":{"name":"","kind":"water","road":"","osm":407752599},"geometry":{"type":"Polygon","coordinates":[[[-5.98901,37.38329],[-5.98897,37.38324],[-5.98873,37.38336],[-5.98874,37.38337],[-5.98873,37.38337],[-5.98873,37.38338],[-5.98873,37.38339],[-5.98874,37.3834],[-5.98876,37.38339],[-5.98877,37.38341],[-5.98901,37.38329]]]}},{"type":"Feature","properties":{"name":"","kind":"water","road":"","osm":407752600},"geometry":{"type":"Polygon","coordinates":[[[-5.98878,37.38276],[-5.98877,37.38275],[-5.98876,37.38274],[-5.98875,37.38274],[-5.98873,37.38274],[-5.98873,37.38275],[-5.98872,37.38276],[-5.98872,37.38277],[-5.98873,37.38278],[-5.98874,37.38279],[-5.98875,37.38279],[-5.98876,37.38278],[-5.98877,37.38278],[-5.98878,37.38277],[-5.98878,37.38276]]]}},{"type":"Feature","properties":{"name":"","kind":"water","road":"","osm":407752601},"geometry":{"type":"Polygon","coordinates":[[[-5.98907,37.38323],[-5.98907,37.38324],[-5.98906,37.38324],[-5.98905,37.38324],[-5.98905,37.38323],[-5.98904,37.38323],[-5.98904,37.38322],[-5.98905,37.38322],[-5.98905,37.38321],[-5.98906,37.38321],[-5.98907,37.38321],[-5.98908,37.38322],[-5.98908,37.38323],[-5.98907,37.38323]]]}},{"type":"Feature","properties":{"name":"","kind":"water","road":"","osm":407752602},"geometry":{"type":"Polygon","coordinates":[[[-5.98916,37.38321],[-5.98912,37.38316],[-5.98936,37.38304],[-5.98937,37.38305],[-5.98938,37.38305],[-5.98939,37.38306],[-5.9894,37.38307],[-5.98939,37.38308],[-5.9894,37.3831],[-5.98916,37.38321]]]}},{"type":"Feature","properties":{"name":"","kind":"water","road":"","osm":408046204},"geometry":{"type":"Polygon","coordinates":[[[-5.99024,37.38388],[-5.99012,37.38374],[-5.9902,37.3837],[-5.99032,37.38384],[-5.99024,37.38388]]]}},{"type":"Feature","properties":{"name":"","kind":"road","road":"pedestrian","osm":408300210},"geometry":{"type":"LineString","coordinates":[[-5.98654,37.37159],[-5.98631,37.37123],[-5.98625,37.37122],[-5.98597,37.37132],[-5.98589,37.37136],[-5.98585,37.37139],[-5.98582,37.37142],[-5.98581,37.37148],[-5.98578,37.37189],[-5.98579,37.37202],[-5.98602,37.37201]]}},{"type":"Feature","properties":{"name":"","kind":"park","road":"","osm":409592299},"geometry":{"type":"Polygon","coordinates":[[[-5.99595,37.38435],[-5.99586,37.38438],[-5.996,37.38465],[-5.99609,37.38462],[-5.99603,37.3845],[-5.99601,37.38447],[-5.99595,37.38435]]]}},{"type":"Feature","properties":{"name":"","kind":"road","road":"pedestrian","osm":409592335},"geometry":{"type":"LineString","coordinates":[[-5.99426,37.38222],[-5.99428,37.38221],[-5.99428,37.3822],[-5.99427,37.38219],[-5.99404,37.38217],[-5.99404,37.38214],[-5.99431,37.38217],[-5.99442,37.38223],[-5.99446,37.38223],[-5.99452,37.38221],[-5.99463,37.38223],[-5.99463,37.38219],[-5.9949,37.38222],[-5.9949,37.38226],[-5.99507,37.38228],[-5.99508,37.38223],[-5.99537,37.38227],[-5.99537,37.38231],[-5.99556,37.38233],[-5.9956,37.38233],[-5.99565,37.38232],[-5.9957,37.38229],[-5.99571,37.38229],[-5.9957,37.38227],[-5.9957,37.38224],[-5.9957,37.38222],[-5.9957,37.3822],[-5.99569,37.38219],[-5.99527,37.3816],[-5.99526,37.38159],[-5.99523,37.38156],[-5.99523,37.38154],[-5.99523,37.38153],[-5.99524,37.38153],[-5.99519,37.38147],[-5.99518,37.38147],[-5.99516,37.38147],[-5.99508,37.38151],[-5.99504,37.38153],[-5.99508,37.38159],[-5.99513,37.38165],[-5.99519,37.38162],[-5.99556,37.38212],[-5.99547,37.38221],[-5.9946,37.38211],[-5.9946,37.3821],[-5.99456,37.38207],[-5.99452,37.38208],[-5.99444,37.38213],[-5.99435,37.38212],[-5.99401,37.38212],[-5.99398,37.38212],[-5.99397,37.38216],[-5.99396,37.38219],[-5.99426,37.38222]]}},{"type":"Feature","properties":{"name":"","kind":"park","road":"","osm":411700427},"geometry":{"type":"Polygon","coordinates":[[[-5.99824,37.38537],[-5.99824,37.38535],[-5.99823,37.38533],[-5.99815,37.38537],[-5.99815,37.38538],[-5.99824,37.38537]]]}},{"type":"Feature","properties":{"name":"","kind":"park","road":"","osm":411700428},"geometry":{"type":"Polygon","coordinates":[[[-5.9986,37.38522],[-5.99858,37.38524],[-5.99854,37.3852],[-5.99847,37.38524],[-5.99843,37.38523],[-5.99855,37.38518],[-5.9986,37.38522]]]}},{"type":"Feature","properties":{"name":"","kind":"park","road":"","osm":411700430},"geometry":{"type":"Polygon","coordinates":[[[-5.99838,37.38535],[-5.9984,37.38534],[-5.99852,37.38535],[-5.99863,37.38528],[-5.9986,37.38526],[-5.99862,37.38524],[-5.99867,37.38529],[-5.99854,37.38536],[-5.9984,37.38535],[-5.99838,37.38535]]]}},{"type":"Feature","properties":{"name":"","kind":"road","road":"pedestrian","osm":411700432},"geometry":{"type":"LineString","coordinates":[[-5.999,37.3856],[-5.99902,37.38559],[-5.99909,37.38555],[-5.9991,37.38555],[-5.99912,37.38556],[-5.99912,37.38558],[-5.99906,37.38562],[-5.99904,37.38563],[-5.999,37.3856]]}},{"type":"Feature","properties":{"name":"","kind":"road","road":"pedestrian","osm":411700433},"geometry":{"type":"LineString","coordinates":[[-5.99876,37.38537],[-5.99878,37.38535],[-5.99883,37.38531],[-5.99886,37.38531],[-5.99888,37.38531],[-5.99907,37.38548],[-5.99907,37.38552],[-5.999,37.38556],[-5.99898,37.38558],[-5.99876,37.38537]]}},{"type":"Feature","properties":{"name":"Pasaje Cristóbal Morales","kind":"road","road":"pedestrian","osm":412190294},"geometry":{"type":"LineString","coordinates":[[-5.99848,37.38856],[-5.99837,37.38864],[-5.99827,37.38868]]}},{"type":"Feature","properties":{"name":"Calle Moreno López","kind":"road","road":"pedestrian","osm":414777069},"geometry":{"type":"LineString","coordinates":[[-5.99406,37.39065],[-5.99402,37.39072]]}},{"type":"Feature","properties":{"name":"","kind":"road","road":"pedestrian","osm":420581056},"geometry":{"type":"LineString","coordinates":[[-6.00282,37.39049],[-6.0028,37.3905],[-6.00268,37.39052],[-6.00266,37.39052],[-6.00271,37.39068],[-6.00272,37.39068],[-6.00278,37.39064],[-6.0028,37.39062],[-6.00281,37.3906],[-6.00282,37.39057],[-6.00283,37.39055],[-6.00283,37.39052],[-6.00282,37.39049]]}},{"type":"Feature","properties":{"name":"","kind":"road","road":"pedestrian","osm":420581065},"geometry":{"type":"LineString","coordinates":[[-6.00301,37.39096],[-6.003,37.39093],[-6.00298,37.39088],[-6.00284,37.39088],[-6.00284,37.3909],[-6.00284,37.39094],[-6.00284,37.39096],[-6.00284,37.39099],[-6.00293,37.39098],[-6.00301,37.39096]]}},{"type":"Feature","properties":{"name":"","kind":"road","road":"pedestrian","osm":420781520},"geometry":{"type":"LineString","coordinates":[[-5.99493,37.38526],[-5.99491,37.38526],[-5.99487,37.38527],[-5.99482,37.38527],[-5.99477,37.38525],[-5.99476,37.38527],[-5.99463,37.38521],[-5.99465,37.3852],[-5.99462,37.38516],[-5.9946,37.38511],[-5.99459,37.38506],[-5.99456,37.38496],[-5.99455,37.38496],[-5.99455,37.38498],[-5.99454,37.385],[-5.99453,37.38501],[-5.99451,37.38502],[-5.99411,37.38511],[-5.99408,37.38511],[-5.99405,37.3851],[-5.99404,37.38509],[-5.99403,37.38507],[-5.99402,37.38507],[-5.99404,37.38518],[-5.99406,37.38524],[-5.99436,37.38518],[-5.9944,37.38517],[-5.99443,37.38521],[-5.99452,37.38521],[-5.99459,37.38521],[-5.99462,37.38529],[-5.99467,37.38529],[-5.99474,37.38528],[-5.99491,37.38528],[-5.99491,37.38527],[-5.99494,37.38526],[-5.99493,37.38526]]}},{"type":"Feature","properties":{"name":"Calle Nazareno","kind":"road","road":"pedestrian","osm":420781526},"geometry":{"type":"LineString","coordinates":[[-5.99555,37.38556],[-5.99559,37.38557],[-5.99566,37.38574],[-5.9957,37.38577]]}},{"type":"Feature","properties":{"name":"","kind":"road","road":"pedestrian","osm":420781574},"geometry":{"type":"LineString","coordinates":[[-5.99584,37.38536],[-5.99573,37.38541],[-5.9958,37.38549],[-5.99581,37.38551],[-5.99589,37.38545],[-5.99591,37.38544],[-5.99589,37.38543],[-5.99588,37.38541],[-5.99584,37.38536]]}},{"type":"Feature","properties":{"name":"","kind":"road","road":"pedestrian","osm":420841649},"geometry":{"type":"LineString","coordinates":[[-5.99431,37.38236],[-5.99431,37.38234],[-5.99432,37.38228],[-5.99431,37.38227],[-5.9943,37.38227],[-5.99394,37.38223],[-5.99392,37.38229],[-5.99392,37.38231],[-5.99419,37.38234],[-5.99431,37.38236]]}},{"type":"Feature","properties":{"name":"Avenida de la Borbolla","kind":"road","road":"secondary","osm":422036397},"geometry":{"type":"LineString","coordinates":[[-5.98317,37.37934],[-5.98287,37.37953]]}},{"type":"Feature","properties":{"name":"","kind":"water","road":"","osm":422210391},"geometry":{"type":"Polygon","coordinates":[[[-6.00267,37.4016],[-6.00274,37.40134],[-6.00242,37.40124],[-6.00225,37.40155],[-6.00246,37.4015],[-6.00267,37.4016]]]}},{"type":"Feature","properties":{"name":"Calle Cruces","kind":"road","road":"pedestrian","osm":422633154},"geometry":{"type":"LineString","coordinates":[[-5.98805,37.3859],[-5.98807,37.38594],[-5.98808,37.38597],[-5.98811,37.38605],[-5.98815,37.3861],[-5.98814,37.38611],[-5.98813,37.38611],[-5.98812,37.38613],[-5.98811,37.38612],[-5.9881,37.38611],[-5.98796,37.38602],[-5.98788,37.38597],[-5.98805,37.3859]]}},{"type":"Feature","properties":{"name":"Calle Doncellas","kind":"road","road":"pedestrian","osm":422633156},"geometry":{"type":"LineString","coordinates":[[-5.98788,37.38597],[-5.98785,37.38599],[-5.98784,37.38598],[-5.98783,37.38597],[-5.98786,37.38595],[-5.98788,37.38595],[-5.98797,37.3859],[-5.98798,37.38592],[-5.98804,37.38588],[-5.98805,37.38589],[-5.98805,37.3859],[-5.98788,37.38597]]}},{"type":"Feature","properties":{"name":"Calle Doncellas","kind":"road","road":"pedestrian","osm":422633157},"geometry":{"type":"LineString","coordinates":[[-5.98805,37.38589],[-5.98809,37.38587],[-5.98828,37.38581]]}},{"type":"Feature","properties":{"name":"Calle Cano y Cueto","kind":"road","road":"pedestrian","osm":426753821},"geometry":{"type":"LineString","coordinates":[[-5.98726,37.38545],[-5.98716,37.38551],[-5.9871,37.38556],[-5.98699,37.3857],[-5.98679,37.38592]]}},{"type":"Feature","properties":{"name":"Plaza Villasís","kind":"road","road":"pedestrian","osm":428744721},"geometry":{"type":"LineString","coordinates":[[-5.99398,37.39283],[-5.99398,37.39287],[-5.99399,37.39293],[-5.994,37.39293],[-5.994,37.39297],[-5.99393,37.39297],[-5.99393,37.39296],[-5.99384,37.39297],[-5.99385,37.39297],[-5.99376,37.39298],[-5.99372,37.39298],[-5.99372,37.39287],[-5.99372,37.39286],[-5.99373,37.39285],[-5.99375,37.39285],[-5.99398,37.39283]]}},{"type":"Feature","properties":{"name":"Pasaje Francisco Molina","kind":"road","road":"pedestrian","osm":428749069},"geometry":{"type":"LineString","coordinates":[[-5.99424,37.39337],[-5.99421,37.39296]]}},{"type":"Feature","properties":{"name":"","kind":"park","road":"","osm":428874172},"geometry":{"type":"Polygon","coordinates":[[[-5.9936,37.39271],[-5.99357,37.39273],[-5.99339,37.39272],[-5.99339,37.39268],[-5.99338,37.39268],[-5.99339,37.39262],[-5.9934,37.39262],[-5.99344,37.3926],[-5.99344,37.39258],[-5.99352,37.39258],[-5.99352,37.39259],[-5.99359,37.39258],[-5.9936,37.39271]]]}},{"type":"Feature","properties":{"name":"Calle Azofaifo","kind":"road","road":"pedestrian","osm":428874180},"geometry":{"type":"LineString","coordinates":[[-5.9945,37.39184],[-5.99451,37.39193],[-5.99452,37.39202],[-5.99452,37.39203]]}},{"type":"Feature","properties":{"name":"","kind":"road","road":"pedestrian","osm":430168276},"geometry":{"type":"LineString","coordinates":[[-5.99052,37.39162],[-5.99052,37.39165],[-5.99049,37.39172]]}},{"type":"Feature","properties":{"name":"Calle Cenicero","kind":"road","road":"pedestrian","osm":437986116},"geometry":{"type":"LineString","coordinates":[[-5.98566,37.39194],[-5.98562,37.39215]]}},{"type":"Feature","properties":{"name":"Calle Leoncillos","kind":"road","road":"pedestrian","osm":437986117},"geometry":{"type":"LineString","coordinates":[[-5.98495,37.39287],[-5.98502,37.39283],[-5.98515,37.39275],[-5.98534,37.3926],[-5.98562,37.3924]]}},{"type":"Feature","properties":{"name":"","kind":"park","road":"","osm":438615128},"geometry":{"type":"Polygon","coordinates":[[[-5.99096,37.39053],[-5.99084,37.39049],[-5.99085,37.39046],[-5.99097,37.3905],[-5.99096,37.39053]]]}},{"type":"Feature","properties":{"name":"","kind":"park","road":"","osm":438615129},"geometry":{"type":"Polygon","coordinates":[[[-5.99079,37.39047],[-5.9905,37.39037],[-5.99051,37.39035],[-5.9908,37.39045],[-5.99079,37.39047]]]}},{"type":"Feature","properties":{"name":"","kind":"park","road":"","osm":441256454},"geometry":{"type":"Polygon","coordinates":[[[-6.00312,37.38519],[-6.0031,37.38519],[-6.00296,37.38536],[-6.00298,37.38537],[-6.003,37.38538],[-6.003,37.3854],[-6.00299,37.38541],[-6.00297,37.38545],[-6.00298,37.38545],[-6.00308,37.3853],[-6.00311,37.38524],[-6.00312,37.38519]]]}},{"type":"Feature","properties":{"name":"","kind":"water","road":"","osm":441842979},"geometry":{"type":"Polygon","coordinates":[[[-5.99308,37.37998],[-5.993,37.37996],[-5.99316,37.37955],[-5.99324,37.37957],[-5.99308,37.37998]]]}},{"type":"Feature","properties":{"name":"","kind":"park","road":"","osm":441944915},"geometry":{"type":"Polygon","coordinates":[[[-5.99319,37.38069],[-5.99328,37.38046],[-5.99313,37.38042],[-5.99304,37.38065],[-5.99319,37.38069]]]}},{"type":"Feature","properties":{"name":"","kind":"park","road":"","osm":441944916},"geometry":{"type":"Polygon","coordinates":[[[-5.99342,37.38074],[-5.99327,37.3807],[-5.99335,37.38048],[-5.99351,37.38052],[-5.99342,37.38074]]]}},{"type":"Feature","properties":{"name":"","kind":"park","road":"","osm":441944917},"geometry":{"type":"Polygon","coordinates":[[[-5.99356,37.38036],[-5.99365,37.38013],[-5.99342,37.38007],[-5.99333,37.3803],[-5.99356,37.38036]]]}},{"type":"Feature","properties":{"name":"","kind":"park","road":"","osm":441944918},"geometry":{"type":"Polygon","coordinates":[[[-5.99345,37.37999],[-5.99351,37.37983],[-5.99336,37.37979],[-5.9933,37.37995],[-5.99345,37.37999]]]}},{"type":"Feature","properties":{"name":"","kind":"road","road":"pedestrian","osm":443192713},"geometry":{"type":"LineString","coordinates":[[-5.99105,37.37559],[-5.99095,37.37558],[-5.99092,37.37558],[-5.99089,37.37558],[-5.9907,37.37561]]}},{"type":"Feature","properties":{"name":"","kind":"road","road":"pedestrian","osm":443192714},"geometry":{"type":"LineString","coordinates":[[-5.9907,37.37561],[-5.99088,37.37551],[-5.99092,37.37549],[-5.99093,37.37548],[-5.99105,37.37544]]}},{"type":"Feature","properties":{"name":"","kind":"park","road":"","osm":444119271},"geometry":{"type":"Polygon","coordinates":[[[-5.9919,37.37812],[-5.99177,37.37806],[-5.99185,37.37795],[-5.99198,37.37801],[-5.9919,37.37812]]]}},{"type":"Feature","properties":{"name":"","kind":"road","road":"pedestrian","osm":444129349},"geometry":{"type":"LineString","coordinates":[[-5.97886,37.37839],[-5.97908,37.37846],[-5.97969,37.37864],[-5.97971,37.37864],[-5.97969,37.37861],[-5.97968,37.37858],[-5.97965,37.37854],[-5.97963,37.37848],[-5.97961,37.37845],[-5.97959,37.37842],[-5.97956,37.3784],[-5.97953,37.37838],[-5.9795,37.37836],[-5.97938,37.37833],[-5.97934,37.37831],[-5.9793,37.37829],[-5.97928,37.37827],[-5.97925,37.37824],[-5.97923,37.37821],[-5.97922,37.37818],[-5.97921,37.37808],[-5.97921,37.37806],[-5.9792,37.37805],[-5.97918,37.37804],[-5.9791,37.37801],[-5.97905,37.378],[-5.97903,37.378],[-5.97901,37.378],[-5.979,37.37801],[-5.97889,37.37831],[-5.97888,37.37834],[-5.97887,37.37836],[-5.97886,37.37839]]}},{"type":"Feature","properties":{"name":"Calle Luis Montoto","kind":"road","road":"secondary","osm":444273625},"geometry":{"type":"LineString","coordinates":[[-5.9832,37.3885],[-5.98309,37.38844],[-5.98302,37.38839],[-5.98286,37.38832],[-5.98256,37.38817],[-5.98246,37.38812],[-5.98236,37.38808]]}},{"type":"Feature","properties":{"name":"Calle Amador de Los Ríos","kind":"road","road":"primary","osm":444274685},"geometry":{"type":"LineString","coordinates":[[-5.98222,37.39273],[-5.98215,37.39283],[-5.98188,37.39325],[-5.9818,37.39338]]}},{"type":"Feature","properties":{"name":"Calle Gonzalo Bilbao","kind":"road","road":"tertiary","osm":444274686},"geometry":{"type":"LineString","coordinates":[[-5.98222,37.39273],[-5.98228,37.39276],[-5.98232,37.39277],[-5.98305,37.39288],[-5.98308,37.39289],[-5.98314,37.3929]]}},{"type":"Feature","properties":{"name":"Calle Arroyo","kind":"road","road":"secondary","osm":444330611},"geometry":{"type":"LineString","coordinates":[[-5.97591,37.39771],[-5.97603,37.39766],[-5.97606,37.39765],[-5.97629,37.39755],[-5.97658,37.39745],[-5.97684,37.39735],[-5.97691,37.39732],[-5.97707,37.39727],[-5.97724,37.3972],[-5.9778,37.39699],[-5.97838,37.39677],[-5.98094,37.39533],[-5.9811,37.39524],[-5.98116,37.3952],[-5.9812,37.39516],[-5.98124,37.39511],[-5.9813,37.39503],[-5.98147,37.39479],[-5.98155,37.39469],[-5.98184,37.39429]]}},{"type":"Feature","properties":{"name":"Jardín de Troya","kind":"park","road":"","osm":444506515},"geometry":{"type":"Polygon","coordinates":[[[-5.99105,37.38327],[-5.99111,37.38332],[-5.99119,37.38338],[-5.99102,37.38351],[-5.99095,37.38344],[-5.99089,37.38337],[-5.99105,37.38327]]]}},{"type":"Feature","properties":{"name":"","kind":"park","road":"","osm":444506517},"geometry":{"type":"Polygon","coordinates":[[[-5.99298,37.38216],[-5.99289,37.3822],[-5.99209,37.38198],[-5.99205,37.38191],[-5.99218,37.38188],[-5.99239,37.3819],[-5.99283,37.38201],[-5.99293,37.38209],[-5.99298,37.38216]]]}},{"type":"Feature","properties":{"name":"Pasaje de los Azahares","kind":"road","road":"pedestrian","osm":445295706},"geometry":{"type":"LineString","coordinates":[[-5.99334,37.39409],[-5.99319,37.39411]]}},{"type":"Feature","properties":{"name":"Pasaje de los Azahares","kind":"road","road":"pedestrian","osm":445295707},"geometry":{"type":"LineString","coordinates":[[-5.99333,37.39382],[-5.99339,37.39408],[-5.99334,37.39409]]}},{"type":"Feature","properties":{"name":"Pasaje Cristóbal Morales","kind":"road","road":"pedestrian","osm":446071889},"geometry":{"type":"LineString","coordinates":[[-5.99848,37.38854],[-5.99848,37.38856]]}},{"type":"Feature","properties":{"name":"Pasaje Cristóbal Morales","kind":"road","road":"pedestrian","osm":446071890},"geometry":{"type":"LineString","coordinates":[[-5.99852,37.38852],[-5.99848,37.38854]]}},{"type":"Feature","properties":{"name":"Pasaje Cristóbal Morales","kind":"road","road":"pedestrian","osm":446071892},"geometry":{"type":"LineString","coordinates":[[-5.99883,37.38832],[-5.99852,37.38852]]}},{"type":"Feature","properties":{"name":"Calle Tren de los Panaderos","kind":"road","road":"pedestrian","osm":446977411},"geometry":{"type":"LineString","coordinates":[[-5.98217,37.38025],[-5.9822,37.38023],[-5.98255,37.38]]}},{"type":"Feature","properties":{"name":"Plaza de Chapina","kind":"road","road":"secondary","osm":452879654},"geometry":{"type":"LineString","coordinates":[[-6.00795,37.38987],[-6.00797,37.39013]]}},{"type":"Feature","properties":{"name":"","kind":"park","road":"","osm":453106353},"geometry":{"type":"Polygon","coordinates":[[[-5.9919,37.38407],[-5.99184,37.3841],[-5.99192,37.38419],[-5.99197,37.38416],[-5.9919,37.38407]]]}},{"type":"Feature","properties":{"name":"","kind":"park","road":"","osm":453106354},"geometry":{"type":"Polygon","coordinates":[[[-5.99198,37.38418],[-5.99193,37.38421],[-5.992,37.38429],[-5.99205,37.38427],[-5.99198,37.38418]]]}},{"type":"Feature","properties":{"name":"","kind":"park","road":"","osm":453106355},"geometry":{"type":"Polygon","coordinates":[[[-5.99183,37.38426],[-5.99191,37.38434],[-5.99197,37.38431],[-5.99189,37.38423],[-5.99183,37.38426]]]}},{"type":"Feature","properties":{"name":"","kind":"park","road":"","osm":453106356},"geometry":{"type":"Polygon","coordinates":[[[-5.99181,37.38412],[-5.99173,37.38417],[-5.99182,37.38425],[-5.99188,37.38421],[-5.99181,37.38412]]]}},{"type":"Feature","properties":{"name":"","kind":"park","road":"","osm":454322538},"geometry":{"type":"Polygon","coordinates":[[[-5.99165,37.38555],[-5.99155,37.38564],[-5.9914,37.38571],[-5.99138,37.38568],[-5.99135,37.38565],[-5.99133,37.38563],[-5.99132,37.3856],[-5.99128,37.38552],[-5.99125,37.38546],[-5.99128,37.38545],[-5.99141,37.38538],[-5.99142,37.38538],[-5.99136,37.38543],[-5.99145,37.38549],[-5.9915,37.38545],[-5.99155,37.38549],[-5.99165,37.38555]]]}},{"type":"Feature","properties":{"name":"Avenida Expo´92","kind":"road","road":"primary","osm":461867328},"geometry":{"type":"LineString","coordinates":[[-6.00976,37.39017],[-6.01016,37.3901],[-6.01044,37.39004],[-6.01048,37.39004]]}},{"type":"Feature","properties":{"name":"Paseo de las Delicias","kind":"road","road":"primary","osm":466158408},"geometry":{"type":"LineString","coordinates":[[-5.99523,37.38141],[-5.9952,37.38135]]}},{"type":"Feature","properties":{"name":"Paseo de las Delicias","kind":"road","road":"primary","osm":466158409},"geometry":{"type":"LineString","coordinates":[[-5.99514,37.38128],[-5.995,37.38109],[-5.99465,37.38061],[-5.9946,37.3805],[-5.99458,37.38047]]}},{"type":"Feature","properties":{"name":"Paseo de las Delicias","kind":"road","road":"primary","osm":474640489},"geometry":{"type":"LineString","coordinates":[[-5.99458,37.38047],[-5.99456,37.38043],[-5.99448,37.38029]]}},{"type":"Feature","properties":{"name":"Paseo de las Delicias","kind":"road","road":"primary","osm":474640490},"geometry":{"type":"LineString","coordinates":[[-5.99234,37.37676],[-5.99205,37.37628]]}},{"type":"Feature","properties":{"name":"Paseo de las Delicias","kind":"road","road":"primary","osm":474640491},"geometry":{"type":"LineString","coordinates":[[-5.99031,37.3734],[-5.99028,37.37334]]}},{"type":"Feature","properties":{"name":"Paseo de las Delicias","kind":"road","road":"primary","osm":474640492},"geometry":{"type":"LineString","coordinates":[[-5.99028,37.37334],[-5.98986,37.37266]]}},{"type":"Feature","properties":{"name":"Paseo de las Delicias","kind":"road","road":"primary","osm":474640493},"geometry":{"type":"LineString","coordinates":[[-5.98986,37.37266],[-5.98985,37.37263]]}},{"type":"Feature","properties":{"name":"Paseo de las Delicias","kind":"road","road":"primary","osm":474640494},"geometry":{"type":"LineString","coordinates":[[-5.98985,37.37263],[-5.98899,37.37122],[-5.98893,37.37113]]}},{"type":"Feature","properties":{"name":"Paseo de las Delicias","kind":"road","road":"primary","osm":474640495},"geometry":{"type":"LineString","coordinates":[[-5.98893,37.37113],[-5.98885,37.37099]]}},{"type":"Feature","properties":{"name":"Paseo de las Delicias","kind":"road","road":"primary","osm":474640496},"geometry":{"type":"LineString","coordinates":[[-5.98885,37.37099],[-5.98834,37.37013],[-5.98823,37.36996],[-5.98819,37.36989],[-5.98817,37.36985],[-5.98815,37.36982]]}},{"type":"Feature","properties":{"name":"Paseo de las Delicias","kind":"road","road":"primary","osm":474640497},"geometry":{"type":"LineString","coordinates":[[-5.98815,37.36982],[-5.98812,37.36978]]}},{"type":"Feature","properties":{"name":"Calle Gitanito de Triana","kind":"road","road":"pedestrian","osm":491090817},"geometry":{"type":"LineString","coordinates":[[-6.00217,37.37122],[-6.00267,37.37124],[-6.00317,37.37127],[-6.00355,37.37129],[-6.0036,37.37129]]}},{"type":"Feature","properties":{"name":"Calle Espartero","kind":"road","road":"pedestrian","osm":491090818},"geometry":{"type":"LineString","coordinates":[[-5.99761,37.37133],[-5.9979,37.37133],[-5.99918,37.3713],[-6.00004,37.37129],[-6.00067,37.37128],[-6.00142,37.37127],[-6.00185,37.37126],[-6.00217,37.37122]]}},{"type":"Feature","properties":{"name":"Calle Manolo Vázquez","kind":"road","road":"pedestrian","osm":491090819},"geometry":{"type":"LineString","coordinates":[[-5.99723,37.37128],[-5.99709,37.37129],[-5.99704,37.37129],[-5.99669,37.37132],[-5.99633,37.37135],[-5.99628,37.37136],[-5.9955,37.37148]]}},{"type":"Feature","properties":{"name":"","kind":"park","road":"","osm":494147418},"geometry":{"type":"Polygon","coordinates":[[[-6.00768,37.38174],[-6.00756,37.38164],[-6.00748,37.3817],[-6.00759,37.3818],[-6.00768,37.38174]]]}},{"type":"Feature","properties":{"name":"Calle Demetrio de los Ríos","kind":"road","road":"primary","osm":494999659},"geometry":{"type":"LineString","coordinates":[[-5.98459,37.385],[-5.98553,37.38542]]}},{"type":"Feature","properties":{"name":"Avenida de Eduardo Dato","kind":"road","road":"primary","osm":494999660},"geometry":{"type":"LineString","coordinates":[[-5.98281,37.38451],[-5.98379,37.3847],[-5.98387,37.38471]]}},{"type":"Feature","properties":{"name":"","kind":"park","road":"","osm":495758418},"geometry":{"type":"Polygon","coordinates":[[[-5.99691,37.38735],[-5.99685,37.3874],[-5.99686,37.38741],[-5.99686,37.38744],[-5.99682,37.38747],[-5.99678,37.38747],[-5.99678,37.38746],[-5.99675,37.38749],[-5.99689,37.38759],[-5.99705,37.38746],[-5.99705,37.38745],[-5.99691,37.38735]]]}},{"type":"Feature","properties":{"name":"","kind":"park","road":"","osm":496674324},"geometry":{"type":"Polygon","coordinates":[[[-5.99697,37.37899],[-5.99684,37.37903],[-5.99691,37.37915],[-5.99704,37.37911],[-5.99697,37.37899]]]}},{"type":"Feature","properties":{"name":"","kind":"park","road":"","osm":497852756},"geometry":{"type":"Polygon","coordinates":[[[-5.99636,37.39377],[-5.99625,37.39376],[-5.99622,37.39393],[-5.99633,37.39395],[-5.99636,37.39377]]]}},{"type":"Feature","properties":{"name":"Callejón de la Inquisición","kind":"road","road":"pedestrian","osm":505474895},"geometry":{"type":"LineString","coordinates":[[-6.00383,37.3863],[-6.00379,37.38633]]}},{"type":"Feature","properties":{"name":"Avenida de Menéndez Pelayo","kind":"road","road":"primary","osm":508274046},"geometry":{"type":"LineString","coordinates":[[-5.9863,37.38525],[-5.98632,37.38522]]}},{"type":"Feature","properties":{"name":"Calle José María Moreno Galván","kind":"road","road":"secondary","osm":508282776},"geometry":{"type":"LineString","coordinates":[[-5.98387,37.38483],[-5.98383,37.38495],[-5.98383,37.38498],[-5.98373,37.38534]]}},{"type":"Feature","properties":{"name":"Avenida de Eduardo Dato","kind":"road","road":"primary","osm":508284946},"geometry":{"type":"LineString","coordinates":[[-5.98268,37.38449],[-5.98281,37.38451]]}},{"type":"Feature","properties":{"name":"Calle Juan de Mata Carriazo","kind":"road","road":"secondary","osm":508284948},"geometry":{"type":"LineString","coordinates":[[-5.98407,37.38466],[-5.98409,37.38458],[-5.9841,37.38444],[-5.98407,37.38428]]}},{"type":"Feature","properties":{"name":"Avenida de Menéndez Pelayo","kind":"road","road":"primary","osm":508362482},"geometry":{"type":"LineString","coordinates":[[-5.98591,37.38596],[-5.98598,37.38583],[-5.986,37.38578]]}},{"type":"Feature","properties":{"name":"Avenida de Menéndez Pelayo","kind":"road","road":"primary","osm":508362483},"geometry":{"type":"LineString","coordinates":[[-5.98556,37.38658],[-5.98563,37.38646],[-5.98565,37.38642],[-5.98573,37.38629],[-5.98587,37.38604],[-5.98591,37.38596]]}},{"type":"Feature","properties":{"name":"Avenida de Menéndez Pelayo","kind":"road","road":"primary","osm":510585239},"geometry":{"type":"LineString","coordinates":[[-5.98725,37.38341],[-5.98735,37.38322]]}},{"type":"Feature","properties":{"name":"Avenida de Menéndez Pelayo","kind":"road","road":"primary","osm":510585240},"geometry":{"type":"LineString","coordinates":[[-5.98707,37.38376],[-5.98725,37.38341]]}},{"type":"Feature","properties":{"name":"Avenida de Menéndez Pelayo","kind":"road","road":"primary","osm":510585241},"geometry":{"type":"LineString","coordinates":[[-5.98735,37.38322],[-5.98745,37.38301],[-5.98746,37.383],[-5.98756,37.3828]]}},{"type":"Feature","properties":{"name":"Plaza Alcaldesa Soledad Becerril","kind":"road","road":"tertiary","osm":510585242},"geometry":{"type":"LineString","coordinates":[[-5.98688,37.38263],[-5.98701,37.38266],[-5.98736,37.38274],[-5.98738,37.38275],[-5.98756,37.3828]]}},{"type":"Feature","properties":{"name":"","kind":"park","road":"","osm":518264248},"geometry":{"type":"Polygon","coordinates":[[[-6.00747,37.38716],[-6.00737,37.38711],[-6.00737,37.38707],[-6.00747,37.38701],[-6.00747,37.38716]]]}},{"type":"Feature","properties":{"name":"Jardines del Guadalquivir","kind":"park","road":"","osm":530743837},"geometry":{"type":"Polygon","coordinates":[[[-6.00408,37.39826],[-6.00421,37.39814],[-6.00438,37.39794],[-6.00452,37.3978],[-6.00456,37.39787],[-6.00454,37.3981],[-6.00448,37.39833],[-6.00444,37.39847],[-6.00442,37.39849],[-6.00438,37.39847],[-6.00414,37.39832],[-6.00408,37.39826]]]}},{"type":"Feature","properties":{"name":"","kind":"water","road":"","osm":530743847},"geometry":{"type":"Polygon","coordinates":[[[-6.00433,37.39852],[-6.00409,37.39838],[-6.00413,37.39836],[-6.00414,37.39832],[-6.00438,37.39847],[-6.00433,37.39852]]]}},{"type":"Feature","properties":{"name":"","kind":"park","road":"","osm":550900687},"geometry":{"type":"Polygon","coordinates":[[[-5.99132,37.39416],[-5.99133,37.39426],[-5.99102,37.39429],[-5.991,37.39418],[-5.99132,37.39416]]]}},{"type":"Feature","properties":{"name":"","kind":"park","road":"","osm":550905350},"geometry":{"type":"Polygon","coordinates":[[[-5.99014,37.39532],[-5.99016,37.39523],[-5.99008,37.39522],[-5.99007,37.39532],[-5.99014,37.39532]]]}},{"type":"Feature","properties":{"name":"","kind":"park","road":"","osm":550905355},"geometry":{"type":"Polygon","coordinates":[[[-5.98978,37.3949],[-5.98976,37.39498],[-5.98954,37.39496],[-5.98952,37.39496],[-5.98952,37.39492],[-5.9895,37.39492],[-5.9895,37.39487],[-5.98955,37.39488],[-5.98955,37.39486],[-5.98978,37.3949]]]}},{"type":"Feature","properties":{"name":"Jardín del Doctor Ismael Yebra","kind":"park","road":"","osm":552230032},"geometry":{"type":"Polygon","coordinates":[[[-5.99071,37.38969],[-5.99072,37.38962],[-5.99084,37.38964],[-5.99082,37.38971],[-5.99071,37.38969]]]}},{"type":"Feature","properties":{"name":"Plaza Florentino Pérez Embid","kind":"road","road":"pedestrian","osm":555569682},"geometry":{"type":"LineString","coordinates":[[-5.99738,37.40068],[-5.9969,37.40055]]}},{"type":"Feature","properties":{"name":"","kind":"park","road":"","osm":558883135},"geometry":{"type":"Polygon","coordinates":[[[-5.9851,37.36958],[-5.98466,37.36959],[-5.98465,37.36949],[-5.9851,37.36946],[-5.9851,37.36958]]]}},{"type":"Feature","properties":{"name":"","kind":"water","road":"","osm":558883136},"geometry":{"type":"Polygon","coordinates":[[[-5.98429,37.36933],[-5.98415,37.36933],[-5.98414,37.36927],[-5.98429,37.36927],[-5.98429,37.36933]]]}},{"type":"Feature","properties":{"name":"","kind":"park","road":"","osm":558883140},"geometry":{"type":"Polygon","coordinates":[[[-5.98321,37.36912],[-5.98291,37.36913],[-5.98287,37.36914],[-5.98288,37.36923],[-5.9828,37.36923],[-5.98277,37.36897],[-5.98284,37.36896],[-5.98307,37.36895],[-5.98308,37.36906],[-5.9832,37.36905],[-5.98321,37.36912]]]}},{"type":"Feature","properties":{"name":"","kind":"park","road":"","osm":558883141},"geometry":{"type":"Polygon","coordinates":[[[-5.98233,37.36875],[-5.98234,37.36879],[-5.9822,37.36891],[-5.98176,37.36946],[-5.98176,37.36885],[-5.98233,37.36875]]]}},{"type":"Feature","properties":{"name":"Calle Nuestro Padre Jesús Nazareno","kind":"road","road":"pedestrian","osm":568779000},"geometry":{"type":"LineString","coordinates":[[-6.00586,37.38624],[-6.00606,37.3861],[-6.00632,37.38593],[-6.00657,37.38576],[-6.00668,37.38568],[-6.00685,37.38551],[-6.00691,37.38545]]}},{"type":"Feature","properties":{"name":"Calle Antonio Bienvenida","kind":"road","road":"secondary","osm":571485964},"geometry":{"type":"LineString","coordinates":[[-5.99743,37.37097],[-5.99743,37.37093]]}},{"type":"Feature","properties":{"name":"Calle Antonio Bienvenida","kind":"road","road":"secondary","osm":571485965},"geometry":{"type":"LineString","coordinates":[[-5.99743,37.37093],[-5.9974,37.37054],[-5.9974,37.37046],[-5.99738,37.36992],[-5.99737,37.3698],[-5.99737,37.36966],[-5.99735,37.36918],[-5.99734,37.36908]]}},{"type":"Feature","properties":{"name":"Calle Antonio Bienvenida","kind":"road","road":"secondary","osm":571485966},"geometry":{"type":"LineString","coordinates":[[-5.9973,37.37097],[-5.9973,37.37106],[-5.9973,37.37116]]}},{"type":"Feature","properties":{"name":"Calle Antonio Bienvenida","kind":"road","road":"secondary","osm":571485967},"geometry":{"type":"LineString","coordinates":[[-5.9973,37.37093],[-5.9973,37.37097]]}},{"type":"Feature","properties":{"name":"Calle Baños","kind":"road","road":"pedestrian","osm":586026741},"geometry":{"type":"LineString","coordinates":[[-5.99938,37.39537],[-5.99875,37.3953]]}},{"type":"Feature","properties":{"name":"","kind":"water","road":"","osm":588550209},"geometry":{"type":"Polygon","coordinates":[[[-6.00652,37.37346],[-6.00649,37.37345],[-6.00649,37.37342],[-6.00649,37.37339],[-6.00651,37.37339],[-6.00654,37.37339],[-6.00655,37.3734],[-6.00657,37.37341],[-6.00655,37.37342],[-6.00655,37.37343],[-6.00655,37.37344],[-6.00655,37.37346],[-6.00652,37.37346]]]}},{"type":"Feature","properties":{"name":"","kind":"park","road":"","osm":589092893},"geometry":{"type":"Polygon","coordinates":[[[-6.00587,37.37663],[-6.00584,37.3766],[-6.0058,37.37663],[-6.00582,37.37666],[-6.00587,37.37663]]]}},{"type":"Feature","properties":{"name":"","kind":"park","road":"","osm":589343651},"geometry":{"type":"Polygon","coordinates":[[[-6.00752,37.3816],[-6.00744,37.38165],[-6.00733,37.38155],[-6.00741,37.3815],[-6.00752,37.3816]]]}},{"type":"Feature","properties":{"name":"Jardín Francisco Gaitán Sánchez","kind":"park","road":"","osm":589713675},"geometry":{"type":"Polygon","coordinates":[[[-6.00963,37.38332],[-6.00954,37.38321],[-6.00973,37.38312],[-6.00982,37.38322],[-6.00963,37.38332]]]}},{"type":"Feature","properties":{"name":"","kind":"park","road":"","osm":589713677},"geometry":{"type":"Polygon","coordinates":[[[-6.0092,37.38346],[-6.00916,37.3834],[-6.00935,37.38331],[-6.00939,37.38337],[-6.0092,37.38346]]]}},{"type":"Feature","properties":{"name":"","kind":"park","road":"","osm":589713679},"geometry":{"type":"Polygon","coordinates":[[[-6.00944,37.38274],[-6.00879,37.38307],[-6.00876,37.38303],[-6.00941,37.38271],[-6.00944,37.38274]]]}},{"type":"Feature","properties":{"name":"","kind":"park","road":"","osm":589713686},"geometry":{"type":"Polygon","coordinates":[[[-6.00913,37.3834],[-6.00902,37.38326],[-6.00921,37.38316],[-6.00917,37.38311],[-6.00893,37.38323],[-6.00908,37.38342],[-6.00913,37.3834]]]}},{"type":"Feature","properties":{"name":"Calle Maestro Bretón","kind":"road","road":"pedestrian","osm":589713690},"geometry":{"type":"LineString","coordinates":[[-6.00952,37.38268],[-6.00871,37.38308]]}},{"type":"Feature","properties":{"name":"Calle Sor Manuela Ramos","kind":"road","road":"pedestrian","osm":589713691},"geometry":{"type":"LineString","coordinates":[[-6.00878,37.38323],[-6.00865,37.3833],[-6.00861,37.38326],[-6.00857,37.38322],[-6.00871,37.38314],[-6.00867,37.38309],[-6.00852,37.38317],[-6.00849,37.38313],[-6.00845,37.38309],[-6.0086,37.383],[-6.00859,37.38299],[-6.00855,37.38295],[-6.0084,37.38304],[-6.00836,37.383],[-6.00832,37.38295],[-6.00848,37.38286],[-6.00844,37.38281],[-6.00827,37.38291],[-6.00824,37.38287],[-6.00819,37.38282],[-6.00837,37.38272],[-6.00836,37.3827],[-6.00833,37.38267],[-6.00815,37.38277],[-6.00807,37.38269],[-6.00826,37.38257],[-6.00825,37.38256],[-6.00822,37.38253],[-6.00802,37.38264],[-6.00798,37.3826],[-6.00794,37.38256],[-6.00815,37.38243],[-6.00816,37.38244],[-6.00818,37.38243],[-6.0082,37.38246],[-6.00821,37.38245],[-6.00825,37.38251],[-6.00831,37.38248],[-6.00832,37.3825],[-6.00861,37.38287],[-6.00862,37.38288],[-6.00857,37.38291],[-6.00861,37.38297],[-6.00863,37.38299],[-6.00868,37.38305],[-6.00871,37.38308],[-6.00874,37.38313],[-6.00878,37.38318],[-6.00879,37.38319],[-6.00881,37.38321],[-6.00878,37.38323]]}},{"type":"Feature","properties":{"name":"Calle Sor Milagros","kind":"road","road":"pedestrian","osm":589713692},"geometry":{"type":"LineString","coordinates":[[-6.00899,37.38324],[-6.00912,37.38343]]}},{"type":"Feature","properties":{"name":"Calle Sor Milagros","kind":"road","road":"pedestrian","osm":589713693},"geometry":{"type":"LineString","coordinates":[[-6.00899,37.38324],[-6.00895,37.38326]]}},{"type":"Feature","properties":{"name":"","kind":"road","road":"pedestrian","osm":589713861},"geometry":{"type":"LineString","coordinates":[[-6.00836,37.38347],[-6.00835,37.38348],[-6.00834,37.38348],[-6.00833,37.38347],[-6.00832,37.38346],[-6.00833,37.38346],[-6.00833,37.38345],[-6.00834,37.38345],[-6.00834,37.38344],[-6.00835,37.38345],[-6.00836,37.38345],[-6.00837,37.38346],[-6.00836,37.38347]]}},{"type":"Feature","properties":{"name":"","kind":"road","road":"pedestrian","osm":589713862},"geometry":{"type":"LineString","coordinates":[[-6.00813,37.38238],[-6.0081,37.38234]]}},{"type":"Feature","properties":{"name":"","kind":"road","road":"pedestrian","osm":589713863},"geometry":{"type":"LineString","coordinates":[[-6.00883,37.38327],[-6.00886,37.3833]]}},{"type":"Feature","properties":{"name":"","kind":"road","road":"pedestrian","osm":589713864},"geometry":{"type":"LineString","coordinates":[[-6.00881,37.38321],[-6.00885,37.38326],[-6.00883,37.38327],[-6.00882,37.38328],[-6.00881,37.38327],[-6.00878,37.38323],[-6.00881,37.38321]]}},{"type":"Feature","properties":{"name":"","kind":"road","road":"pedestrian","osm":589713865},"geometry":{"type":"LineString","coordinates":[[-6.00815,37.38243],[-6.00811,37.38239],[-6.00813,37.38238],[-6.00814,37.38237],[-6.00819,37.38243],[-6.00818,37.38243],[-6.00816,37.38244],[-6.00815,37.38243]]}},{"type":"Feature","properties":{"name":"","kind":"park","road":"","osm":589916772},"geometry":{"type":"Polygon","coordinates":[[[-6.00502,37.38074],[-6.00516,37.38088],[-6.0052,37.38085],[-6.00503,37.38073],[-6.00502,37.38074]]]}},{"type":"Feature","properties":{"name":"","kind":"park","road":"","osm":589916775},"geometry":{"type":"Polygon","coordinates":[[[-6.00501,37.38072],[-6.00484,37.38084],[-6.00475,37.38076],[-6.00492,37.38065],[-6.00501,37.38072]]]}},{"type":"Feature","properties":{"name":"","kind":"park","road":"","osm":589916777},"geometry":{"type":"Polygon","coordinates":[[[-6.00446,37.38109],[-6.00432,37.38118],[-6.00424,37.3811],[-6.00437,37.38101],[-6.00446,37.38109]]]}},{"type":"Feature","properties":{"name":"","kind":"park","road":"","osm":589916778},"geometry":{"type":"Polygon","coordinates":[[[-6.00425,37.38123],[-6.00416,37.38114],[-6.00422,37.38111],[-6.0043,37.38119],[-6.00425,37.38123]]]}},{"type":"Feature","properties":{"name":"","kind":"park","road":"","osm":589916779},"geometry":{"type":"Polygon","coordinates":[[[-6.00446,37.38137],[-6.00442,37.38139],[-6.00426,37.38124],[-6.0043,37.38121],[-6.00446,37.38137]]]}},{"type":"Feature","properties":{"name":"","kind":"park","road":"","osm":589916785},"geometry":{"type":"Polygon","coordinates":[[[-6.00497,37.38103],[-6.00483,37.38112],[-6.00474,37.38104],[-6.00488,37.38095],[-6.00497,37.38103]]]}},{"type":"Feature","properties":{"name":"","kind":"park","road":"","osm":589916786},"geometry":{"type":"Polygon","coordinates":[[[-6.0048,37.38114],[-6.00471,37.38106],[-6.00458,37.38115],[-6.00467,37.38123],[-6.0048,37.38114]]]}},{"type":"Feature","properties":{"name":"","kind":"park","road":"","osm":589957745},"geometry":{"type":"Polygon","coordinates":[[[-6.00524,37.38165],[-6.00518,37.38169],[-6.00512,37.38164],[-6.00518,37.3816],[-6.00524,37.38165]]]}},{"type":"Feature","properties":{"name":"","kind":"park","road":"","osm":589957746},"geometry":{"type":"Polygon","coordinates":[[[-6.0054,37.38155],[-6.00534,37.38159],[-6.00528,37.38154],[-6.00534,37.3815],[-6.0054,37.38155]]]}},{"type":"Feature","properties":{"name":"","kind":"park","road":"","osm":589957747},"geometry":{"type":"Polygon","coordinates":[[[-6.00532,37.38172],[-6.00525,37.38176],[-6.0052,37.38171],[-6.00526,37.38167],[-6.00532,37.38172]]]}},{"type":"Feature","properties":{"name":"","kind":"park","road":"","osm":589957748},"geometry":{"type":"Polygon","coordinates":[[[-6.00547,37.38162],[-6.00541,37.38166],[-6.00535,37.38161],[-6.00542,37.38157],[-6.00547,37.38162]]]}},{"type":"Feature","properties":{"name":"Avenida República Argentina","kind":"road","road":"primary","osm":590076247},"geometry":{"type":"LineString","coordinates":[[-5.99896,37.37944],[-5.99908,37.37937],[-5.99911,37.37936],[-5.99944,37.37919]]}},{"type":"Feature","properties":{"name":"Avenida República Argentina","kind":"road","road":"primary","osm":590076249},"geometry":{"type":"LineString","coordinates":[[-5.99886,37.37949],[-5.99896,37.37944]]}},{"type":"Feature","properties":{"name":"Avenida República Argentina","kind":"road","road":"primary","osm":590076251},"geometry":{"type":"LineString","coordinates":[[-5.99884,37.3795],[-5.99886,37.37949]]}},{"type":"Feature","properties":{"name":"","kind":"park","road":"","osm":593945813},"geometry":{"type":"Polygon","coordinates":[[[-5.99478,37.37078],[-5.99487,37.37078],[-5.99488,37.36986],[-5.99487,37.36985],[-5.99479,37.36998],[-5.99412,37.36975],[-5.99404,37.36989],[-5.99396,37.37005],[-5.9939,37.37016],[-5.9939,37.3703],[-5.9939,37.37071],[-5.99414,37.37071],[-5.99414,37.37078],[-5.99416,37.37078],[-5.9943,37.37078],[-5.9943,37.37012],[-5.99467,37.37012],[-5.99467,37.37078],[-5.99478,37.37078]]]}},{"type":"Feature","properties":{"name":"","kind":"park","road":"","osm":593945814},"geometry":{"type":"Polygon","coordinates":[[[-5.99464,37.37078],[-5.99464,37.37067],[-5.9945,37.37067],[-5.9945,37.37078],[-5.99464,37.37078]]]}},{"type":"Feature","properties":{"name":"","kind":"park","road":"","osm":593945815},"geometry":{"type":"Polygon","coordinates":[[[-5.99446,37.37078],[-5.99446,37.37067],[-5.99433,37.37067],[-5.99433,37.37078],[-5.99446,37.37078]]]}},{"type":"Feature","properties":{"name":"","kind":"park","road":"","osm":599452632},"geometry":{"type":"Polygon","coordinates":[[[-5.9988,37.39704],[-5.99856,37.39701],[-5.99852,37.39716],[-5.99877,37.3972],[-5.9988,37.39704]]]}},{"type":"Feature","properties":{"name":"","kind":"water","road":"","osm":624026929},"geometry":{"type":"Polygon","coordinates":[[[-6.00448,37.39939],[-6.00421,37.39934],[-6.00421,37.39931],[-6.0042,37.39929],[-6.00416,37.39925],[-6.00404,37.39916],[-6.004,37.39908],[-6.00399,37.39896],[-6.00403,37.39889],[-6.00412,37.39877],[-6.00422,37.3987],[-6.00437,37.39855],[-6.00433,37.39852],[-6.00438,37.39847],[-6.00442,37.39849],[-6.00451,37.39855],[-6.00464,37.39865],[-6.00467,37.3987],[-6.00448,37.39939]]]}},{"type":"Feature","properties":{"name":"Paseo de las Delicias","kind":"road","road":"primary","osm":630774011},"geometry":{"type":"LineString","coordinates":[[-5.99581,37.3822],[-5.99578,37.38215],[-5.99575,37.38211],[-5.99574,37.3821],[-5.99562,37.38193],[-5.99552,37.38179],[-5.99548,37.38174],[-5.99536,37.38158],[-5.99534,37.38155],[-5.99531,37.38151],[-5.99523,37.38141]]}},{"type":"Feature","properties":{"name":"Calle Gonzalo Jiménez de Quesada","kind":"road","road":"primary","osm":638513787},"geometry":{"type":"LineString","coordinates":[[-6.00855,37.39049],[-6.00856,37.39049],[-6.00892,37.39055]]}},{"type":"Feature","properties":{"name":"Avenida Expo´92","kind":"road","road":"primary","osm":638513788},"geometry":{"type":"LineString","coordinates":[[-6.00886,37.38996],[-6.00843,37.39]]}},{"type":"Feature","properties":{"name":"","kind":"road","road":"primary","osm":638513789},"geometry":{"type":"LineString","coordinates":[[-6.00546,37.37617],[-6.00554,37.37619],[-6.00562,37.37619],[-6.0057,37.37616]]}},{"type":"Feature","properties":{"name":"","kind":"road","road":"primary","osm":638513790},"geometry":{"type":"LineString","coordinates":[[-6.00543,37.37585],[-6.00537,37.3759],[-6.00534,37.37597],[-6.00534,37.37604]]}},{"type":"Feature","properties":{"name":"Puente de San Telmo","kind":"road","road":"primary","osm":638513791},"geometry":{"type":"LineString","coordinates":[[-5.99731,37.38026],[-5.99726,37.38029],[-5.99724,37.3803]]}},{"type":"Feature","properties":{"name":"Glorieta de San Diego","kind":"road","road":"primary","osm":638513792},"geometry":{"type":"LineString","coordinates":[[-5.98958,37.3792],[-5.98956,37.37916],[-5.98954,37.37913],[-5.9895,37.3791],[-5.98947,37.37908],[-5.98943,37.37906]]}},{"type":"Feature","properties":{"name":"Glorieta de San Diego","kind":"road","road":"primary","osm":638513793},"geometry":{"type":"LineString","coordinates":[[-5.98946,37.37946],[-5.9895,37.37944],[-5.98953,37.37941],[-5.98956,37.37938],[-5.98958,37.37935],[-5.98959,37.37931]]}},{"type":"Feature","properties":{"name":"Avenida de Carlos V","kind":"road","road":"tertiary","osm":638715064},"geometry":{"type":"LineString","coordinates":[[-5.98483,37.38012],[-5.9847,37.38008]]}},{"type":"Feature","properties":{"name":"Glorieta de los Marineros Voluntarios","kind":"road","road":"primary","osm":638719627},"geometry":{"type":"LineString","coordinates":[[-5.99145,37.3752],[-5.99133,37.37521]]}},{"type":"Feature","properties":{"name":"Calle Arjona","kind":"road","road":"primary","osm":638996002},"geometry":{"type":"LineString","coordinates":[[-6.00225,37.38876],[-6.0024,37.38933]]}},{"type":"Feature","properties":{"name":"","kind":"road","road":"primary","osm":638998411},"geometry":{"type":"LineString","coordinates":[[-6.00581,37.37599],[-6.00578,37.37591],[-6.00572,37.37585]]}},{"type":"Feature","properties":{"name":"","kind":"road","road":"primary","osm":638998412},"geometry":{"type":"LineString","coordinates":[[-6.0057,37.37616],[-6.00576,37.37612],[-6.0058,37.37606],[-6.00581,37.37599]]}},{"type":"Feature","properties":{"name":"","kind":"road","road":"primary","osm":638998413},"geometry":{"type":"LineString","coordinates":[[-6.00402,37.37129],[-6.00398,37.37127],[-6.00392,37.37125],[-6.00387,37.37124],[-6.00385,37.37123],[-6.0038,37.37123],[-6.00374,37.37124],[-6.00369,37.37125],[-6.00365,37.37127],[-6.0036,37.37129]]}},{"type":"Feature","properties":{"name":"","kind":"road","road":"primary","osm":638998414},"geometry":{"type":"LineString","coordinates":[[-6.00415,37.37149],[-6.00414,37.37145],[-6.00413,37.37141],[-6.00411,37.37138],[-6.00409,37.37134],[-6.00406,37.37132],[-6.00402,37.37129]]}},{"type":"Feature","properties":{"name":"","kind":"road","road":"primary","osm":638998415},"geometry":{"type":"LineString","coordinates":[[-6.00413,37.3716],[-6.00414,37.37156],[-6.00415,37.37152],[-6.00415,37.37149]]}},{"type":"Feature","properties":{"name":"","kind":"road","road":"primary","osm":638998416},"geometry":{"type":"LineString","coordinates":[[-6.00424,37.36895],[-6.0043,37.36891],[-6.00434,37.36885]]}},{"type":"Feature","properties":{"name":"Avenida de la Borbolla","kind":"road","road":"secondary","osm":639334623},"geometry":{"type":"LineString","coordinates":[[-5.98308,37.37951],[-5.98317,37.37934]]}},{"type":"Feature","properties":{"name":"Avenida de la Borbolla","kind":"road","road":"secondary","osm":639334643},"geometry":{"type":"LineString","coordinates":[[-5.98391,37.37784],[-5.98398,37.37771],[-5.984,37.37765],[-5.98408,37.37748]]}},{"type":"Feature","properties":{"name":"Calle Cardenal Bueno Monreal","kind":"road","road":"primary","osm":639334644},"geometry":{"type":"LineString","coordinates":[[-5.97794,37.36965],[-5.97819,37.36942]]}},{"type":"Feature","properties":{"name":"Calle Cardenal Bueno Monreal","kind":"road","road":"primary","osm":639334645},"geometry":{"type":"LineString","coordinates":[[-5.97862,37.36912],[-5.97829,37.36922],[-5.97798,37.36939],[-5.9778,37.36956]]}},{"type":"Feature","properties":{"name":"Avenida José Laguillo","kind":"road","road":"primary","osm":639346211},"geometry":{"type":"LineString","coordinates":[[-5.98359,37.39417],[-5.98343,37.39409],[-5.98323,37.39401],[-5.98308,37.39394]]}},{"type":"Feature","properties":{"name":"Paseo de Cristóbal Colón","kind":"road","road":"primary","osm":639625555},"geometry":{"type":"LineString","coordinates":[[-6.00115,37.38716],[-6.00106,37.3871],[-6.00096,37.38702]]}},{"type":"Feature","properties":{"name":"Calle Reyes Católicos","kind":"road","road":"tertiary","osm":639625556},"geometry":{"type":"LineString","coordinates":[[-6.00145,37.38738],[-6.00129,37.38754]]}},{"type":"Feature","properties":{"name":"Calle Doctor Ordoñez de la Barrera","kind":"road","road":"primary","osm":639628945},"geometry":{"type":"LineString","coordinates":[[-5.97984,37.37872],[-5.97979,37.37863]]}},{"type":"Feature","properties":{"name":"Calle Enramadilla","kind":"road","road":"primary","osm":639628951},"geometry":{"type":"LineString","coordinates":[[-5.97931,37.37877],[-5.97956,37.37886],[-5.97964,37.37889],[-5.97969,37.37891],[-5.97977,37.37893],[-5.97983,37.37894],[-5.97988,37.37895]]}},{"type":"Feature","properties":{"name":"Glorieta de San Diego","kind":"road","road":"primary","osm":640325984},"geometry":{"type":"LineString","coordinates":[[-5.98902,37.37927],[-5.98902,37.3793]]}},{"type":"Feature","properties":{"name":"Glorieta de San Diego","kind":"road","road":"primary","osm":640746720},"geometry":{"type":"LineString","coordinates":[[-5.98959,37.37931],[-5.98959,37.37927],[-5.98959,37.37924],[-5.98958,37.3792]]}},{"type":"Feature","properties":{"name":"Glorieta de los Marineros Voluntarios","kind":"road","road":"primary","osm":640747570},"geometry":{"type":"LineString","coordinates":[[-5.99177,37.3757],[-5.99181,37.37563],[-5.99184,37.37555],[-5.99184,37.37548]]}},{"type":"Feature","properties":{"name":"Glorieta Carlos Cano","kind":"road","road":"primary","osm":642106286},"geometry":{"type":"LineString","coordinates":[[-6.00898,37.3741],[-6.00898,37.37416],[-6.00899,37.37421],[-6.00903,37.37426],[-6.00908,37.3743],[-6.00915,37.37432]]}},{"type":"Feature","properties":{"name":"Glorieta Carlos Cano","kind":"road","road":"primary","osm":642106287},"geometry":{"type":"LineString","coordinates":[[-6.009,37.37406],[-6.00898,37.3741]]}},{"type":"Feature","properties":{"name":"Glorieta Carlos Cano","kind":"road","road":"primary","osm":642106288},"geometry":{"type":"LineString","coordinates":[[-6.00922,37.37394],[-6.00915,37.37395],[-6.00909,37.37397],[-6.00904,37.37401],[-6.009,37.37406]]}},{"type":"Feature","properties":{"name":"Glorieta Carlos Cano","kind":"road","road":"primary","osm":642106289},"geometry":{"type":"LineString","coordinates":[[-6.00931,37.37396],[-6.00922,37.37394]]}},{"type":"Feature","properties":{"name":"Glorieta Carlos Cano","kind":"road","road":"primary","osm":642106290},"geometry":{"type":"LineString","coordinates":[[-6.00946,37.37414],[-6.00945,37.37408],[-6.00942,37.37403],[-6.00937,37.37399],[-6.00931,37.37396]]}},{"type":"Feature","properties":{"name":"Fuente Luis de Morales","kind":"water","road":"","osm":660049560},"geometry":{"type":"Polygon","coordinates":[[[-5.98975,37.37677],[-5.98969,37.37668],[-5.98963,37.3767],[-5.98969,37.37679],[-5.98975,37.37677]]]}},{"type":"Feature","properties":{"name":"","kind":"water","road":"","osm":660049561},"geometry":{"type":"Polygon","coordinates":[[[-5.98972,37.37682],[-5.98972,37.37683],[-5.98972,37.37684],[-5.98973,37.37685],[-5.98975,37.37686],[-5.98976,37.37686],[-5.98977,37.37685],[-5.98978,37.37685],[-5.98978,37.37684],[-5.98979,37.37683],[-5.98978,37.37682],[-5.98978,37.37681],[-5.98977,37.37681],[-5.98976,37.3768],[-5.98975,37.3768],[-5.98973,37.37681],[-5.98972,37.37682]]]}},{"type":"Feature","properties":{"name":"","kind":"water","road":"","osm":660049850},"geometry":{"type":"Polygon","coordinates":[[[-5.98957,37.37649],[-5.98954,37.37644],[-5.98948,37.37646],[-5.98951,37.37651],[-5.98957,37.37649]]]}},{"type":"Feature","properties":{"name":"Fuente de las Ranas","kind":"water","road":"","osm":660050742},"geometry":{"type":"Polygon","coordinates":[[[-5.98806,37.37411],[-5.98806,37.37412],[-5.98806,37.37413],[-5.98806,37.37414],[-5.98807,37.37415],[-5.98809,37.37416],[-5.9881,37.37416],[-5.98811,37.37416],[-5.98813,37.37415],[-5.98814,37.37414],[-5.98814,37.37413],[-5.98814,37.37412],[-5.98814,37.37411],[-5.98813,37.3741],[-5.98812,37.37409],[-5.98811,37.37409],[-5.98809,37.37409],[-5.98808,37.37409],[-5.98807,37.3741],[-5.98806,37.37411]]]}},{"type":"Feature","properties":{"name":"Juan Sebastian Elcano","kind":"water","road":"","osm":660051206},"geometry":{"type":"Polygon","coordinates":[[[-5.99141,37.37567],[-5.99132,37.3757],[-5.99128,37.37568],[-5.99125,37.37565],[-5.99122,37.37562],[-5.99121,37.37558],[-5.9912,37.37554],[-5.9912,37.3755],[-5.99131,37.37546],[-5.99136,37.37553],[-5.99134,37.37554],[-5.99141,37.37567]]]}},{"type":"Feature","properties":{"name":"Glorieta de la Concha","kind":"water","road":"","osm":660051207},"geometry":{"type":"Polygon","coordinates":[[[-5.98958,37.37438],[-5.98956,37.37439],[-5.98956,37.3744],[-5.98957,37.37441],[-5.98958,37.37442],[-5.9896,37.37441],[-5.98961,37.3744],[-5.9896,37.37438],[-5.98958,37.37438]]]}},{"type":"Feature","properties":{"name":"Fuente de Mercurio","kind":"water","road":"","osm":660053024},"geometry":{"type":"Polygon","coordinates":[[[-5.99403,37.38808],[-5.99402,37.38809],[-5.99402,37.3881],[-5.99403,37.3881],[-5.99403,37.38811],[-5.99404,37.38811],[-5.99405,37.38811],[-5.99406,37.38811],[-5.99407,37.38811],[-5.99407,37.3881],[-5.99407,37.38809],[-5.99407,37.38808],[-5.99406,37.38808],[-5.99405,37.38807],[-5.99404,37.38807],[-5.99404,37.38808],[-5.99403,37.38808]]]}},{"type":"Feature","properties":{"name":"","kind":"water","road":"","osm":660053485},"geometry":{"type":"Polygon","coordinates":[[[-5.99264,37.39024],[-5.99263,37.39024],[-5.99263,37.39025],[-5.99263,37.39026],[-5.99264,37.39027],[-5.99265,37.39027],[-5.99266,37.39027],[-5.99267,37.39027],[-5.99268,37.39026],[-5.99268,37.39025],[-5.99268,37.39024],[-5.99267,37.39023],[-5.99266,37.39023],[-5.99265,37.39023],[-5.99264,37.39023],[-5.99264,37.39024]]]}},{"type":"Feature","properties":{"name":"Plaza del Cabildo","kind":"water","road":"","osm":660069508},"geometry":{"type":"Polygon","coordinates":[[[-5.99471,37.38564],[-5.9947,37.38564],[-5.9947,37.38565],[-5.99471,37.38565],[-5.99471,37.38566],[-5.99472,37.38566],[-5.99473,37.38566],[-5.99474,37.38566],[-5.99474,37.38565],[-5.99475,37.38565],[-5.99475,37.38564],[-5.99474,37.38563],[-5.99473,37.38563],[-5.99472,37.38563],[-5.99471,37.38563],[-5.99471,37.38564]]]}},{"type":"Feature","properties":{"name":"Fuente de los Leones","kind":"water","road":"","osm":660071002},"geometry":{"type":"Polygon","coordinates":[[[-5.98773,37.37359],[-5.98774,37.37359],[-5.98776,37.3736],[-5.98778,37.3736],[-5.98779,37.37359],[-5.9878,37.37358],[-5.98781,37.37357],[-5.98781,37.37356],[-5.98781,37.37355],[-5.98787,37.37353],[-5.98788,37.37356],[-5.98784,37.37361],[-5.98782,37.37362],[-5.98784,37.37365],[-5.9878,37.37366],[-5.98779,37.37364],[-5.98777,37.37365],[-5.98769,37.37362],[-5.98768,37.3736],[-5.98772,37.37358],[-5.98773,37.37359]]]}},{"type":"Feature","properties":{"name":"","kind":"water","road":"","osm":660071003},"geometry":{"type":"Polygon","coordinates":[[[-5.98779,37.37353],[-5.98778,37.37352],[-5.98776,37.37352],[-5.98773,37.37348],[-5.98775,37.37347],[-5.98783,37.37349],[-5.98785,37.37351],[-5.9878,37.37353],[-5.98779,37.37353]]]}},{"type":"Feature","properties":{"name":"","kind":"water","road":"","osm":660071004},"geometry":{"type":"Polygon","coordinates":[[[-5.98771,37.37356],[-5.98772,37.37355],[-5.98772,37.37354],[-5.98773,37.37353],[-5.98771,37.37349],[-5.98769,37.3735],[-5.98765,37.37356],[-5.98766,37.37358],[-5.98771,37.37356]]]}},{"type":"Feature","properties":{"name":"Glorieta de Juanita Reina","kind":"water","road":"","osm":660071603},"geometry":{"type":"Polygon","coordinates":[[[-5.98898,37.37556],[-5.98898,37.37555],[-5.98897,37.37555],[-5.98896,37.37555],[-5.98895,37.37555],[-5.98896,37.37556],[-5.98895,37.37556],[-5.98896,37.37557],[-5.98897,37.37557],[-5.98898,37.37557],[-5.98898,37.37556]]]}},{"type":"Feature","properties":{"name":"","kind":"park","road":"","osm":660738727},"geometry":{"type":"Polygon","coordinates":[[[-5.98159,37.40242],[-5.98155,37.40241],[-5.9816,37.40232],[-5.9816,37.40231],[-5.98161,37.40231],[-5.98162,37.40231],[-5.98163,37.40231],[-5.98171,37.40233],[-5.98168,37.40238],[-5.98168,37.4024],[-5.98166,37.4024],[-5.98167,37.40237],[-5.98162,37.40236],[-5.98159,37.40242]]]}},{"type":"Feature","properties":{"name":"","kind":"park","road":"","osm":660738732},"geometry":{"type":"Polygon","coordinates":[[[-5.98557,37.40192],[-5.98555,37.40192],[-5.98554,37.40191],[-5.98555,37.4019],[-5.98557,37.4019],[-5.98558,37.40191],[-5.98557,37.40192]]]}},{"type":"Feature","properties":{"name":"","kind":"park","road":"","osm":660738735},"geometry":{"type":"Polygon","coordinates":[[[-5.98554,37.40194],[-5.98552,37.40194],[-5.98551,37.40193],[-5.98552,37.40191],[-5.98554,37.40191],[-5.98555,37.40192],[-5.98554,37.40194]]]}},{"type":"Feature","properties":{"name":"","kind":"park","road":"","osm":660738737},"geometry":{"type":"Polygon","coordinates":[[[-5.98518,37.40209],[-5.98516,37.40209],[-5.98515,37.40208],[-5.98516,37.40207],[-5.98518,37.40207],[-5.98519,37.40208],[-5.98518,37.40209]]]}},{"type":"Feature","properties":{"name":"","kind":"park","road":"","osm":660738739},"geometry":{"type":"Polygon","coordinates":[[[-5.98529,37.40205],[-5.98527,37.40205],[-5.98526,37.40203],[-5.98527,37.40202],[-5.98529,37.40202],[-5.9853,37.40204],[-5.98529,37.40205]]]}},{"type":"Feature","properties":{"name":"","kind":"park","road":"","osm":660738741},"geometry":{"type":"Polygon","coordinates":[[[-5.9854,37.402],[-5.98538,37.402],[-5.98538,37.40199],[-5.98539,37.40197],[-5.9854,37.40197],[-5.98541,37.40199],[-5.9854,37.402]]]}},{"type":"Feature","properties":{"name":"","kind":"water","road":"","osm":670240462},"geometry":{"type":"Polygon","coordinates":[[[-5.98469,37.37796],[-5.9847,37.37796],[-5.9847,37.37795],[-5.9847,37.37794],[-5.9847,37.37793],[-5.9847,37.37792],[-5.98469,37.37792],[-5.98468,37.37791],[-5.98466,37.37791],[-5.98465,37.37792],[-5.98464,37.37792],[-5.98464,37.37793],[-5.98463,37.37794],[-5.98463,37.37795],[-5.98464,37.37796],[-5.98465,37.37796],[-5.98466,37.37797],[-5.98467,37.37797],[-5.98468,37.37797],[-5.98469,37.37796]]]}},{"type":"Feature","properties":{"name":"","kind":"water","road":"","osm":670464769},"geometry":{"type":"Polygon","coordinates":[[[-5.99083,37.38072],[-5.99084,37.38072],[-5.99085,37.38072],[-5.99086,37.38071],[-5.99085,37.3807],[-5.99084,37.38069],[-5.99083,37.3807],[-5.99082,37.3807],[-5.99082,37.38071],[-5.99082,37.38072],[-5.99083,37.38072]]]}},{"type":"Feature","properties":{"name":"","kind":"water","road":"","osm":670969127},"geometry":{"type":"Polygon","coordinates":[[[-5.9991,37.38644],[-5.99903,37.38644],[-5.99903,37.38641],[-5.9991,37.38641],[-5.9991,37.38644]]]}},{"type":"Feature","properties":{"name":"Calle Antonio Bienvenida","kind":"road","road":"secondary","osm":671175672},"geometry":{"type":"LineString","coordinates":[[-5.9973,37.37116],[-5.9973,37.37121],[-5.99731,37.3714],[-5.99731,37.37144]]}},{"type":"Feature","properties":{"name":"Avenida Presidente Adolfo Suárez","kind":"road","road":"primary","osm":671175673},"geometry":{"type":"LineString","coordinates":[[-5.99731,37.37144],[-5.99698,37.37144],[-5.99694,37.37144],[-5.99691,37.37144],[-5.99657,37.37146],[-5.99633,37.37148],[-5.99595,37.37156],[-5.99573,37.37164],[-5.99561,37.37168],[-5.99525,37.37187],[-5.99497,37.37207],[-5.99491,37.37213],[-5.99474,37.37229],[-5.99469,37.37233],[-5.99455,37.3725],[-5.99437,37.37282],[-5.99423,37.37318],[-5.9942,37.3734],[-5.99421,37.37375],[-5.99427,37.37424],[-5.99428,37.37427],[-5.99428,37.37434],[-5.99428,37.37439],[-5.99427,37.37443],[-5.99426,37.37446],[-5.99423,37.3745],[-5.99421,37.37452],[-5.99418,37.37455]]}},{"type":"Feature","properties":{"name":"Calle Antonio Bienvenida","kind":"road","road":"secondary","osm":671175674},"geometry":{"type":"LineString","coordinates":[[-5.99731,37.37144],[-5.99743,37.37155]]}},{"type":"Feature","properties":{"name":"Calle Antonio Bienvenida","kind":"road","road":"secondary","osm":671175675},"geometry":{"type":"LineString","coordinates":[[-5.99744,37.37119],[-5.99743,37.37104],[-5.99743,37.37097]]}},{"type":"Feature","properties":{"name":"","kind":"park","road":"","osm":671361641},"geometry":{"type":"Polygon","coordinates":[[[-5.98432,37.36967],[-5.98406,37.36968],[-5.98407,37.36962],[-5.98425,37.36961],[-5.98431,37.36956],[-5.98432,37.36967]]]}},{"type":"Feature","properties":{"name":"Avenida República Argentina","kind":"road","road":"primary","osm":671543185},"geometry":{"type":"LineString","coordinates":[[-5.99992,37.37895],[-6.00075,37.37852],[-6.0009,37.37844],[-6.00106,37.37836],[-6.00136,37.3782],[-6.00157,37.37809],[-6.00225,37.37774],[-6.00228,37.37773],[-6.00241,37.37766]]}},{"type":"Feature","properties":{"name":"Avenida Flota de Indias","kind":"road","road":"primary","osm":671601548},"geometry":{"type":"LineString","coordinates":[[-6.00052,37.37145],[-6.00063,37.37145]]}},{"type":"Feature","properties":{"name":"Avenida Flota de Indias","kind":"road","road":"primary","osm":671601549},"geometry":{"type":"LineString","coordinates":[[-6.00052,37.37135],[-5.99995,37.37137],[-5.99981,37.37137],[-5.99916,37.37139],[-5.99795,37.37143],[-5.9979,37.37143],[-5.99758,37.37143],[-5.99744,37.37144]]}},{"type":"Feature","properties":{"name":"Avenida Flota de Indias","kind":"road","road":"primary","osm":671601550},"geometry":{"type":"LineString","coordinates":[[-6.00065,37.37135],[-6.00052,37.37135]]}},{"type":"Feature","properties":{"name":"","kind":"road","road":"pedestrian","osm":671609683},"geometry":{"type":"LineString","coordinates":[[-6.003,37.40203],[-6.00298,37.40203],[-6.00294,37.40202],[-6.0029,37.40202],[-6.00295,37.40183],[-6.00297,37.40183],[-6.00304,37.40185],[-6.003,37.40203]]}},{"type":"Feature","properties":{"name":"","kind":"park","road":"","osm":671967672},"geometry":{"type":"Polygon","coordinates":[[[-6.01,37.37542],[-6.00966,37.37558],[-6.00974,37.37567],[-6.01007,37.37551],[-6.01,37.37542]]]}},{"type":"Feature","properties":{"name":"","kind":"park","road":"","osm":671967676},"geometry":{"type":"Polygon","coordinates":[[[-6.00949,37.37567],[-6.00938,37.37574],[-6.00935,37.37584],[-6.00946,37.37587],[-6.0095,37.37581],[-6.00956,37.37577],[-6.00949,37.37567]]]}},{"type":"Feature","properties":{"name":"Avenida Flota de Indias","kind":"road","road":"primary","osm":671991201},"geometry":{"type":"LineString","coordinates":[[-6.00063,37.37145],[-6.00143,37.37143],[-6.00158,37.37143],[-6.00212,37.37142],[-6.0025,37.37142],[-6.00281,37.37143],[-6.00306,37.37145],[-6.00313,37.37145],[-6.0032,37.37147],[-6.00347,37.3715]]}},{"type":"Feature","properties":{"name":"Calle Santa Fe","kind":"road","road":"primary","osm":676953637},"geometry":{"type":"LineString","coordinates":[[-6.00508,37.37541],[-6.00519,37.37554],[-6.00526,37.37564],[-6.00531,37.3757],[-6.00533,37.37572],[-6.00534,37.37573],[-6.00536,37.37576],[-6.00543,37.37585]]}},{"type":"Feature","properties":{"name":"","kind":"water","road":"","osm":677513515},"geometry":{"type":"Polygon","coordinates":[[[-5.98654,37.38009],[-5.98597,37.37994],[-5.986,37.37987],[-5.98657,37.38002],[-5.98654,37.38009]]]}},{"type":"Feature","properties":{"name":"","kind":"water","road":"","osm":677513516},"geometry":{"type":"Polygon","coordinates":[[[-5.9867,37.38013],[-5.98673,37.38007],[-5.98731,37.38023],[-5.98728,37.38029],[-5.9867,37.38013]]]}},{"type":"Feature","properties":{"name":"Plaza Arquitecto Balbontín de Orta","kind":"road","road":"pedestrian","osm":685104693},"geometry":{"type":"LineString","coordinates":[[-5.97911,37.38048],[-5.97911,37.38054],[-5.97909,37.38078],[-5.97901,37.38078],[-5.97898,37.38111],[-5.97898,37.38116]]}},{"type":"Feature","properties":{"name":"Avenida de la Buhaira","kind":"road","road":"secondary","osm":690750122},"geometry":{"type":"LineString","coordinates":[[-5.97815,37.38718],[-5.97818,37.3871],[-5.97819,37.38707],[-5.97822,37.38702],[-5.97848,37.38638],[-5.97869,37.38584],[-5.97906,37.38495],[-5.97935,37.38422],[-5.97937,37.38417],[-5.97939,37.38415],[-5.97939,37.38402]]}},{"type":"Feature","properties":{"name":"Calle Luis Montoto","kind":"road","road":"secondary","osm":690750123},"geometry":{"type":"LineString","coordinates":[[-5.97815,37.38718],[-5.97804,37.38717]]}},{"type":"Feature","properties":{"name":"Avenida de la Buhaira","kind":"road","road":"secondary","osm":690750124},"geometry":{"type":"LineString","coordinates":[[-5.97804,37.38717],[-5.97796,37.38735],[-5.97754,37.38829],[-5.97751,37.38848]]}},{"type":"Feature","properties":{"name":"Calle Luis Montoto","kind":"road","road":"secondary","osm":690750125},"geometry":{"type":"LineString","coordinates":[[-5.97804,37.38717],[-5.97776,37.38714],[-5.97772,37.38714],[-5.97766,37.38714],[-5.9774,37.38713],[-5.97718,37.38713],[-5.97686,37.38714],[-5.97648,37.38714],[-5.97612,37.38715],[-5.97609,37.38715],[-5.97598,37.38715],[-5.97508,37.38718],[-5.97491,37.38719],[-5.97456,37.38721],[-5.97368,37.38726]]}},{"type":"Feature","properties":{"name":"","kind":"park","road":"","osm":693974837},"geometry":{"type":"Polygon","coordinates":[[[-6.0096,37.37741],[-6.00958,37.37748],[-6.00953,37.37747],[-6.00954,37.37741],[-6.0096,37.37741]]]}},{"type":"Feature","properties":{"name":"","kind":"park","road":"","osm":693974838},"geometry":{"type":"Polygon","coordinates":[[[-6.00952,37.3774],[-6.00948,37.37739],[-6.00946,37.37746],[-6.0095,37.37747],[-6.00952,37.3774]]]}},{"type":"Feature","properties":{"name":"","kind":"park","road":"","osm":693974839},"geometry":{"type":"Polygon","coordinates":[[[-6.00953,37.37739],[-6.00948,37.37738],[-6.00951,37.37727],[-6.00956,37.37728],[-6.00953,37.37739]]]}},{"type":"Feature","properties":{"name":"","kind":"park","road":"","osm":693974840},"geometry":{"type":"Polygon","coordinates":[[[-6.00963,37.37741],[-6.00955,37.37739],[-6.00958,37.37727],[-6.00966,37.37729],[-6.00963,37.37741]]]}},{"type":"Feature","properties":{"name":"","kind":"park","road":"","osm":693974841},"geometry":{"type":"Polygon","coordinates":[[[-6.00968,37.37733],[-6.00965,37.37741],[-6.00967,37.37741],[-6.00966,37.37743],[-6.00968,37.37743],[-6.00967,37.37747],[-6.00978,37.37749],[-6.00981,37.37739],[-6.0098,37.37739],[-6.00981,37.37736],[-6.00968,37.37733]]]}},{"type":"Feature","properties":{"name":"","kind":"park","road":"","osm":693974842},"geometry":{"type":"Polygon","coordinates":[[[-6.00968,37.37732],[-6.0097,37.37722],[-6.00982,37.37724],[-6.00979,37.37733],[-6.00968,37.37732]]]}},{"type":"Feature","properties":{"name":"","kind":"park","road":"","osm":693974843},"geometry":{"type":"Polygon","coordinates":[[[-6.00984,37.37715],[-6.00987,37.37706],[-6.00971,37.37696],[-6.00964,37.37695],[-6.00962,37.37706],[-6.00973,37.37709],[-6.00973,37.37713],[-6.00984,37.37715]]]}},{"type":"Feature","properties":{"name":"","kind":"park","road":"","osm":693974844},"geometry":{"type":"Polygon","coordinates":[[[-6.0099,37.37708],[-6.00988,37.37715],[-6.01001,37.37718],[-6.01001,37.37716],[-6.0099,37.37708]]]}},{"type":"Feature","properties":{"name":"","kind":"park","road":"","osm":693974845},"geometry":{"type":"Polygon","coordinates":[[[-6.00962,37.37694],[-6.00961,37.37698],[-6.00953,37.37697],[-6.00954,37.37696],[-6.00946,37.37695],[-6.00946,37.37691],[-6.00962,37.37694]]]}},{"type":"Feature","properties":{"name":"","kind":"park","road":"","osm":694310126},"geometry":{"type":"Polygon","coordinates":[[[-6.00732,37.38941],[-6.00732,37.38946],[-6.00715,37.38948],[-6.00704,37.38927],[-6.00694,37.3891],[-6.00695,37.38909],[-6.00701,37.38902],[-6.00729,37.38928],[-6.00732,37.38941]]]}},{"type":"Feature","properties":{"name":"","kind":"road","road":"pedestrian","osm":697885305},"geometry":{"type":"LineString","coordinates":[[-6.00886,37.37855],[-6.00881,37.37849]]}},{"type":"Feature","properties":{"name":"","kind":"park","road":"","osm":699266271},"geometry":{"type":"Polygon","coordinates":[[[-6.00936,37.37662],[-6.00939,37.37653],[-6.00934,37.37652],[-6.00932,37.37662],[-6.00936,37.37662]]]}},{"type":"Feature","properties":{"name":"","kind":"road","road":"pedestrian","osm":700069809},"geometry":{"type":"LineString","coordinates":[[-5.99389,37.38228],[-5.99378,37.3826],[-5.99366,37.38297]]}},{"type":"Feature","properties":{"name":"","kind":"road","road":"pedestrian","osm":700291161},"geometry":{"type":"LineString","coordinates":[[-5.99389,37.38228],[-5.99392,37.3822],[-5.99397,37.38216],[-5.99401,37.38212]]}},{"type":"Feature","properties":{"name":"Paseo de Cristina","kind":"road","road":"pedestrian","osm":700291432},"geometry":{"type":"LineString","coordinates":[[-5.99401,37.38212],[-5.99431,37.38198],[-5.99472,37.38178],[-5.99508,37.38159],[-5.99512,37.38157]]}},{"type":"Feature","properties":{"name":"Calle Cardenal Bueno Monreal","kind":"road","road":"primary","osm":700896450},"geometry":{"type":"LineString","coordinates":[[-5.98159,37.36865],[-5.98048,37.36883],[-5.9798,37.36894],[-5.97911,37.36905],[-5.97862,37.36912]]}},{"type":"Feature","properties":{"name":"Calle Américo Vespucio","kind":"road","road":"tertiary","osm":700944779},"geometry":{"type":"LineString","coordinates":[[-6.00934,37.40084],[-6.00937,37.40076]]}},{"type":"Feature","properties":{"name":"Calle Américo Vespucio","kind":"road","road":"tertiary","osm":700944780},"geometry":{"type":"LineString","coordinates":[[-6.00932,37.40095],[-6.00934,37.40084]]}},{"type":"Feature","properties":{"name":"Calle Américo Vespucio","kind":"road","road":"tertiary","osm":700944781},"geometry":{"type":"LineString","coordinates":[[-6.00867,37.40338],[-6.00918,37.40146],[-6.00918,37.40144],[-6.00923,37.40125],[-6.00924,37.40122],[-6.0093,37.40102],[-6.00932,37.40095]]}},{"type":"Feature","properties":{"name":"Pasaje Amores","kind":"road","road":"pedestrian","osm":701160579},"geometry":{"type":"LineString","coordinates":[[-5.99062,37.40006],[-5.99073,37.40009]]}},{"type":"Feature","properties":{"name":"","kind":"park","road":"","osm":701420432},"geometry":{"type":"Polygon","coordinates":[[[-5.99925,37.37422],[-5.99935,37.37422],[-5.99935,37.37423],[-5.99936,37.37423],[-5.99937,37.37428],[-5.99925,37.37429],[-5.99925,37.37422]]]}},{"type":"Feature","properties":{"name":"","kind":"park","road":"","osm":701420433},"geometry":{"type":"Polygon","coordinates":[[[-5.99951,37.37422],[-5.99941,37.37422],[-5.9994,37.37423],[-5.9994,37.37428],[-5.99952,37.37428],[-5.99951,37.37422]]]}},{"type":"Feature","properties":{"name":"","kind":"park","road":"","osm":701420434},"geometry":{"type":"Polygon","coordinates":[[[-5.99951,37.37419],[-5.99941,37.37419],[-5.99941,37.37418],[-5.99939,37.37418],[-5.99939,37.37412],[-5.99951,37.37412],[-5.99951,37.37419]]]}},{"type":"Feature","properties":{"name":"","kind":"park","road":"","osm":701420435},"geometry":{"type":"Polygon","coordinates":[[[-5.99936,37.37413],[-5.99936,37.37418],[-5.99935,37.37418],[-5.99934,37.37419],[-5.99925,37.3742],[-5.99924,37.37413],[-5.99936,37.37413]]]}},{"type":"Feature","properties":{"name":"Plaza del Padre Damián","kind":"road","road":"pedestrian","osm":701420438},"geometry":{"type":"LineString","coordinates":[[-5.99952,37.37428],[-5.99951,37.37422],[-5.99951,37.37419],[-5.99951,37.37412],[-5.99939,37.37412],[-5.99936,37.37413],[-5.99924,37.37413],[-5.99925,37.3742],[-5.99925,37.37422],[-5.99925,37.37429],[-5.99937,37.37428],[-5.9994,37.37428],[-5.99952,37.37428]]}},{"type":"Feature","properties":{"name":"","kind":"park","road":"","osm":702522446},"geometry":{"type":"Polygon","coordinates":[[[-5.99784,37.38055],[-5.99769,37.38063],[-5.99771,37.38053],[-5.99784,37.38055]]]}},{"type":"Feature","properties":{"name":"Calle Campoamor","kind":"road","road":"pedestrian","osm":706730775},"geometry":{"type":"LineString","coordinates":[[-6.00308,37.37975],[-6.00276,37.37997]]}},{"type":"Feature","properties":{"name":"Calle Zorrilla","kind":"road","road":"pedestrian","osm":706730776},"geometry":{"type":"LineString","coordinates":[[-6.00323,37.37989],[-6.00291,37.38011]]}},{"type":"Feature","properties":{"name":"","kind":"park","road":"","osm":709287492},"geometry":{"type":"Polygon","coordinates":[[[-6.00539,37.38131],[-6.00544,37.38136],[-6.00541,37.38138],[-6.00535,37.38134],[-6.00539,37.38131]]]}},{"type":"Feature","properties":{"name":"","kind":"park","road":"","osm":709287493},"geometry":{"type":"Polygon","coordinates":[[[-6.00531,37.38124],[-6.00536,37.38128],[-6.00533,37.38131],[-6.00528,37.38126],[-6.00531,37.38124]]]}},{"type":"Feature","properties":{"name":"","kind":"park","road":"","osm":709615121},"geometry":{"type":"Polygon","coordinates":[[[-6.01011,37.38706],[-6.0101,37.38702],[-6.00995,37.38704],[-6.00996,37.38708],[-6.01011,37.38706]]]}},{"type":"Feature","properties":{"name":"","kind":"park","road":"","osm":709615122},"geometry":{"type":"Polygon","coordinates":[[[-6.01005,37.38688],[-6.01,37.38689],[-6.01004,37.38701],[-6.01009,37.387],[-6.01005,37.38688]]]}},{"type":"Feature","properties":{"name":"","kind":"park","road":"","osm":709623110},"geometry":{"type":"Polygon","coordinates":[[[-6.00997,37.38661],[-6.00992,37.38662],[-6.00995,37.38673],[-6.01001,37.38672],[-6.00997,37.38661]]]}},{"type":"Feature","properties":{"name":"","kind":"park","road":"","osm":709623111},"geometry":{"type":"Polygon","coordinates":[[[-6.00989,37.38663],[-6.00983,37.38664],[-6.00987,37.38675],[-6.00992,37.38674],[-6.00989,37.38663]]]}},{"type":"Feature","properties":{"name":"","kind":"park","road":"","osm":709623113},"geometry":{"type":"Polygon","coordinates":[[[-6.00996,37.3869],[-6.00991,37.38691],[-6.00995,37.38702],[-6.01,37.38701],[-6.00996,37.3869]]]}},{"type":"Feature","properties":{"name":"","kind":"park","road":"","osm":709623114},"geometry":{"type":"Polygon","coordinates":[[[-6.00998,37.3866],[-6.00997,37.38656],[-6.00982,37.38658],[-6.00983,37.38662],[-6.00998,37.3866]]]}},{"type":"Feature","properties":{"name":"Avenida de Málaga","kind":"road","road":"tertiary","osm":717140992},"geometry":{"type":"LineString","coordinates":[[-5.9869,37.38252],[-5.9868,37.38245],[-5.98619,37.38228],[-5.98565,37.38213],[-5.98549,37.38211]]}},{"type":"Feature","properties":{"name":"","kind":"park","road":"","osm":731216635},"geometry":{"type":"Polygon","coordinates":[[[-5.9806,37.4025],[-5.98056,37.40251],[-5.98064,37.40265],[-5.98068,37.40264],[-5.9806,37.4025]]]}},{"type":"Feature","properties":{"name":"","kind":"park","road":"","osm":731216636},"geometry":{"type":"Polygon","coordinates":[[[-5.9807,37.4027],[-5.98067,37.40271],[-5.98076,37.40292],[-5.9808,37.40291],[-5.9807,37.4027]]]}},{"type":"Feature","properties":{"name":"Calle Almirantazgo","kind":"road","road":"pedestrian","osm":736610166},"geometry":{"type":"LineString","coordinates":[[-5.99396,37.38519],[-5.99404,37.38518],[-5.99459,37.38506],[-5.99461,37.38506]]}},{"type":"Feature","properties":{"name":"Parque Juan Belmonte","kind":"park","road":"","osm":739183639},"geometry":{"type":"Polygon","coordinates":[[[-6.00297,37.38542],[-6.00295,37.38542],[-6.00294,37.3854],[-6.00293,37.38539],[-6.00294,37.38537],[-6.00296,37.38537],[-6.00298,37.38537],[-6.00299,37.38538],[-6.003,37.3854],[-6.00299,37.38541],[-6.00297,37.38542]]]}},{"type":"Feature","properties":{"name":"Calle Huelva","kind":"road","road":"pedestrian","osm":739523771},"geometry":{"type":"LineString","coordinates":[[-5.99121,37.39012],[-5.99138,37.39013],[-5.9916,37.39014],[-5.99169,37.39014],[-5.99224,37.3901],[-5.99234,37.39009]]}},{"type":"Feature","properties":{"name":"","kind":"road","road":"pedestrian","osm":739563901},"geometry":{"type":"LineString","coordinates":[[-5.99291,37.38954],[-5.99292,37.38945]]}},{"type":"Feature","properties":{"name":"","kind":"road","road":"pedestrian","osm":744060645},"geometry":{"type":"LineString","coordinates":[[-5.9873,37.38784],[-5.98715,37.38775]]}},{"type":"Feature","properties":{"name":"Plaza de la Alfalfa","kind":"road","road":"pedestrian","osm":760268592},"geometry":{"type":"LineString","coordinates":[[-5.9905,37.3903],[-5.99085,37.3904],[-5.99102,37.39044]]}},{"type":"Feature","properties":{"name":"Calle Pablo Picasso","kind":"road","road":"secondary","osm":761149064},"geometry":{"type":"LineString","coordinates":[[-5.97557,37.38993],[-5.9756,37.38991],[-5.97565,37.38987],[-5.976,37.38959],[-5.97686,37.38891],[-5.97729,37.38858],[-5.97751,37.38848]]}},{"type":"Feature","properties":{"name":"Avenida José Laguillo","kind":"road","road":"primary","osm":761149066},"geometry":{"type":"LineString","coordinates":[[-5.97754,37.39128],[-5.97674,37.39083],[-5.97658,37.39075],[-5.97562,37.39021]]}},{"type":"Feature","properties":{"name":"Calle José Laguillo","kind":"road","road":"primary","osm":761149067},"geometry":{"type":"LineString","coordinates":[[-5.97746,37.39134],[-5.97778,37.39152],[-5.97782,37.39155],[-5.97802,37.39169]]}},{"type":"Feature","properties":{"name":"Calle Miguel de Mañara","kind":"road","road":"pedestrian","osm":761673862},"geometry":{"type":"LineString","coordinates":[[-5.99342,37.3838],[-5.99352,37.38376],[-5.99364,37.38372],[-5.99371,37.3837]]}},{"type":"Feature","properties":{"name":"Calle Fray Ceferino González","kind":"road","road":"pedestrian","osm":761673865},"geometry":{"type":"LineString","coordinates":[[-5.99395,37.38507],[-5.99374,37.38508],[-5.99299,37.38514],[-5.99273,37.38516],[-5.99238,37.38519],[-5.99231,37.38521]]}},{"type":"Feature","properties":{"name":"Calle Granada","kind":"road","road":"pedestrian","osm":761673866},"geometry":{"type":"LineString","coordinates":[[-5.99407,37.38912],[-5.9941,37.38912],[-5.99412,37.38911],[-5.99417,37.38911],[-5.99441,37.38909],[-5.99493,37.38904]]}},{"type":"Feature","properties":{"name":"Calle Regina","kind":"road","road":"pedestrian","osm":762373678},"geometry":{"type":"LineString","coordinates":[[-5.99162,37.39386],[-5.99163,37.39388],[-5.99167,37.39432]]}},{"type":"Feature","properties":{"name":"","kind":"road","road":"pedestrian","osm":764643325},"geometry":{"type":"LineString","coordinates":[[-5.98811,37.37097],[-5.98778,37.37042],[-5.98766,37.37041]]}},{"type":"Feature","properties":{"name":"Plaza de América","kind":"road","road":"pedestrian","osm":764643326},"geometry":{"type":"LineString","coordinates":[[-5.98675,37.3721],[-5.98649,37.37219]]}},{"type":"Feature","properties":{"name":"Plaza de América","kind":"road","road":"pedestrian","osm":764643327},"geometry":{"type":"LineString","coordinates":[[-5.98618,37.37173],[-5.98645,37.37162]]}},{"type":"Feature","properties":{"name":"Plaza de América","kind":"road","road":"pedestrian","osm":764643328},"geometry":{"type":"LineString","coordinates":[[-5.98839,37.37146],[-5.98803,37.3716],[-5.98769,37.37173],[-5.98762,37.37176],[-5.98753,37.37179],[-5.98741,37.37184],[-5.9872,37.37192],[-5.98682,37.37207],[-5.98675,37.3721]]}},{"type":"Feature","properties":{"name":"Plaza de América","kind":"road","road":"pedestrian","osm":764643329},"geometry":{"type":"LineString","coordinates":[[-5.98645,37.37162],[-5.98654,37.37159],[-5.9869,37.37145],[-5.98726,37.37131],[-5.98739,37.37126],[-5.98775,37.37111],[-5.98809,37.37098]]}},{"type":"Feature","properties":{"name":"Avenida Honduras","kind":"road","road":"pedestrian","osm":764652880},"geometry":{"type":"LineString","coordinates":[[-5.98994,37.37862],[-5.99005,37.37867],[-5.99008,37.37868],[-5.99016,37.37872]]}},{"type":"Feature","properties":{"name":"Avenida Perú","kind":"road","road":"pedestrian","osm":764653282},"geometry":{"type":"LineString","coordinates":[[-5.99085,37.37791],[-5.99057,37.37779]]}},{"type":"Feature","properties":{"name":"Avenida Perú","kind":"road","road":"pedestrian","osm":764653283},"geometry":{"type":"LineString","coordinates":[[-5.99131,37.37812],[-5.99098,37.37796]]}},{"type":"Feature","properties":{"name":"","kind":"road","road":"primary","osm":765497447},"geometry":{"type":"LineString","coordinates":[[-5.99406,37.37467],[-5.994,37.37474],[-5.99396,37.37478],[-5.99391,37.37483],[-5.99386,37.37486]]}},{"type":"Feature","properties":{"name":"Glorieta de las Cigarreras","kind":"road","road":"primary","osm":772689032},"geometry":{"type":"LineString","coordinates":[[-5.99477,37.3748],[-5.99475,37.37471]]}},{"type":"Feature","properties":{"name":"","kind":"road","road":"secondary","osm":772689033},"geometry":{"type":"LineString","coordinates":[[-5.99477,37.3748],[-5.99535,37.37476],[-5.99538,37.37476]]}},{"type":"Feature","properties":{"name":"Pasaje Capataces Ariza","kind":"road","road":"pedestrian","osm":779512097},"geometry":{"type":"LineString","coordinates":[[-6.00586,37.38624],[-6.00583,37.38626]]}},{"type":"Feature","properties":{"name":"Pasaje Capataces Ariza","kind":"road","road":"pedestrian","osm":779512098},"geometry":{"type":"LineString","coordinates":[[-6.00575,37.38631],[-6.0052,37.38671]]}},{"type":"Feature","properties":{"name":"Pasaje Capataces Ariza","kind":"road","road":"pedestrian","osm":779512099},"geometry":{"type":"LineString","coordinates":[[-6.00583,37.38626],[-6.00575,37.38631]]}},{"type":"Feature","properties":{"name":"Calle Torneo","kind":"road","road":"primary","osm":780953379},"geometry":{"type":"LineString","coordinates":[[-6.00292,37.391],[-6.00346,37.39256]]}},{"type":"Feature","properties":{"name":"Calle Génova","kind":"road","road":"secondary","osm":786019233},"geometry":{"type":"LineString","coordinates":[[-5.99859,37.38036],[-5.99896,37.38041],[-5.99911,37.38042],[-5.99933,37.38044],[-5.99983,37.3805]]}},{"type":"Feature","properties":{"name":"Plaza Diputado Eugenio Alés","kind":"park","road":"","osm":786019236},"geometry":{"type":"Polygon","coordinates":[[[-6.00771,37.39002],[-6.00759,37.38947],[-6.00722,37.38951],[-6.00731,37.39006],[-6.00771,37.39002]]]}},{"type":"Feature","properties":{"name":"","kind":"park","road":"","osm":788488603},"geometry":{"type":"Polygon","coordinates":[[[-5.98163,37.37165],[-5.98161,37.37132],[-5.98139,37.37133],[-5.9814,37.37139],[-5.98149,37.37143],[-5.98153,37.37147],[-5.98152,37.37154],[-5.98148,37.3716],[-5.98136,37.3716],[-5.98131,37.37157],[-5.9813,37.37154],[-5.98117,37.37155],[-5.98118,37.37169],[-5.98146,37.37167],[-5.98163,37.37165]]]}},{"type":"Feature","properties":{"name":"","kind":"park","road":"","osm":788488604},"geometry":{"type":"Polygon","coordinates":[[[-5.98133,37.37134],[-5.98134,37.37139],[-5.98128,37.37142],[-5.98121,37.37147],[-5.98113,37.37149],[-5.98111,37.37137],[-5.98119,37.37136],[-5.98127,37.37135],[-5.98133,37.37134]]]}},{"type":"Feature","properties":{"name":"","kind":"park","road":"","osm":788488605},"geometry":{"type":"Polygon","coordinates":[[[-5.98161,37.37127],[-5.98157,37.37128],[-5.98154,37.37126],[-5.98152,37.37092],[-5.98153,37.37087],[-5.98151,37.37083],[-5.98149,37.37077],[-5.98147,37.37072],[-5.98151,37.37069],[-5.9815,37.37066],[-5.98148,37.37061],[-5.98151,37.37059],[-5.98154,37.37058],[-5.98158,37.37085],[-5.98158,37.37107],[-5.98161,37.37127]]]}},{"type":"Feature","properties":{"name":"","kind":"park","road":"","osm":788488606},"geometry":{"type":"Polygon","coordinates":[[[-5.98155,37.37051],[-5.98153,37.37036],[-5.9813,37.37039],[-5.98115,37.37041],[-5.981,37.37045],[-5.98095,37.37046],[-5.98095,37.37059],[-5.981,37.37059],[-5.98106,37.37057],[-5.98109,37.37055],[-5.98109,37.3705],[-5.98132,37.37043],[-5.98155,37.37051]]]}},{"type":"Feature","properties":{"name":"","kind":"park","road":"","osm":788488608},"geometry":{"type":"Polygon","coordinates":[[[-5.98062,37.37096],[-5.98044,37.37081],[-5.98036,37.37091],[-5.98031,37.37098],[-5.98027,37.371],[-5.98033,37.37103],[-5.98037,37.37104],[-5.98039,37.371],[-5.98042,37.371],[-5.98047,37.371],[-5.98053,37.37101],[-5.98058,37.37098],[-5.98062,37.37096]]]}},{"type":"Feature","properties":{"name":"","kind":"park","road":"","osm":788488609},"geometry":{"type":"Polygon","coordinates":[[[-5.98035,37.37107],[-5.98027,37.37103],[-5.98023,37.37102],[-5.9802,37.37104],[-5.98015,37.37105],[-5.98008,37.37108],[-5.98005,37.37109],[-5.98003,37.37111],[-5.98008,37.37118],[-5.98011,37.3712],[-5.98016,37.3712],[-5.98015,37.37114],[-5.98021,37.37112],[-5.98029,37.37116],[-5.98035,37.37107]]]}},{"type":"Feature","properties":{"name":"","kind":"park","road":"","osm":788488610},"geometry":{"type":"Polygon","coordinates":[[[-5.98107,37.37135],[-5.98102,37.37132],[-5.98095,37.37134],[-5.98088,37.37134],[-5.98084,37.37135],[-5.98083,37.37127],[-5.98083,37.37123],[-5.98083,37.37119],[-5.98079,37.37115],[-5.98075,37.37121],[-5.98071,37.37127],[-5.98066,37.37129],[-5.98059,37.3713],[-5.98054,37.3713],[-5.98055,37.37136],[-5.98055,37.37139],[-5.98056,37.37142],[-5.98072,37.37141],[-5.98107,37.37135]]]}},{"type":"Feature","properties":{"name":"","kind":"park","road":"","osm":788488611},"geometry":{"type":"Polygon","coordinates":[[[-5.98114,37.37171],[-5.98113,37.37167],[-5.98074,37.37172],[-5.98075,37.37175],[-5.98114,37.37171]]]}},{"type":"Feature","properties":{"name":"","kind":"park","road":"","osm":788488612},"geometry":{"type":"Polygon","coordinates":[[[-5.9807,37.37176],[-5.98069,37.37172],[-5.98037,37.37176],[-5.98037,37.3718],[-5.9807,37.37176]]]}},{"type":"Feature","properties":{"name":"","kind":"park","road":"","osm":788488613},"geometry":{"type":"Polygon","coordinates":[[[-5.98032,37.3718],[-5.98032,37.37176],[-5.98001,37.37181],[-5.98003,37.37185],[-5.98032,37.3718]]]}},{"type":"Feature","properties":{"name":"","kind":"park","road":"","osm":788488614},"geometry":{"type":"Polygon","coordinates":[[[-5.97998,37.37184],[-5.97997,37.37181],[-5.97964,37.37184],[-5.9796,37.37183],[-5.97953,37.37185],[-5.97948,37.37186],[-5.97945,37.37184],[-5.97941,37.37179],[-5.97937,37.37175],[-5.97935,37.37173],[-5.97939,37.37169],[-5.9794,37.37166],[-5.9794,37.3716],[-5.97939,37.37156],[-5.97941,37.37153],[-5.97949,37.37154],[-5.97957,37.37152],[-5.97957,37.37147],[-5.97955,37.37142],[-5.97952,37.37139],[-5.9795,37.37137],[-5.97946,37.37136],[-5.97946,37.3714],[-5.9794,37.3714],[-5.97939,37.37136],[-5.97941,37.37133],[-5.97947,37.37133],[-5.9795,37.3713],[-5.97954,37.37127],[-5.97959,37.37125],[-5.97957,37.37119],[-5.97956,37.37116],[-5.97923,37.37122],[-5.97929,37.37155],[-5.97929,37.37158],[-5.9793,37.37163],[-5.97932,37.37179],[-5.97935,37.37191],[-5.97998,37.37184]]]}},{"type":"Feature","properties":{"name":"","kind":"park","road":"","osm":788488615},"geometry":{"type":"Polygon","coordinates":[[[-5.98,37.37109],[-5.97997,37.37106],[-5.97974,37.3711],[-5.97971,37.37114],[-5.97956,37.37116],[-5.97959,37.37125],[-5.9796,37.37132],[-5.97963,37.37131],[-5.97967,37.37123],[-5.97969,37.37117],[-5.97978,37.37113],[-5.97983,37.37115],[-5.97987,37.37114],[-5.98,37.37109]]]}},{"type":"Feature","properties":{"name":"","kind":"park","road":"","osm":788488616},"geometry":{"type":"Polygon","coordinates":[[[-5.98026,37.37144],[-5.98026,37.37134],[-5.98012,37.37134],[-5.98005,37.37135],[-5.98007,37.37143],[-5.98008,37.37148],[-5.98026,37.37144]]]}},{"type":"Feature","properties":{"name":"","kind":"park","road":"","osm":788488617},"geometry":{"type":"Polygon","coordinates":[[[-5.98028,37.3713],[-5.98035,37.37124],[-5.98027,37.37122],[-5.9802,37.37126],[-5.98022,37.3713],[-5.98028,37.3713]]]}},{"type":"Feature","properties":{"name":"","kind":"park","road":"","osm":788488618},"geometry":{"type":"Polygon","coordinates":[[[-5.98018,37.37126],[-5.98016,37.37123],[-5.98009,37.37123],[-5.98012,37.37127],[-5.98009,37.3713],[-5.98015,37.3713],[-5.98017,37.37129],[-5.98018,37.37126]]]}},{"type":"Feature","properties":{"name":"","kind":"park","road":"","osm":788488619},"geometry":{"type":"Polygon","coordinates":[[[-5.98068,37.37168],[-5.98067,37.37165],[-5.9806,37.37162],[-5.98059,37.37159],[-5.98056,37.37159],[-5.98052,37.3717],[-5.98051,37.37172],[-5.98062,37.3717],[-5.98068,37.37168]]]}},{"type":"Feature","properties":{"name":"","kind":"park","road":"","osm":788488620},"geometry":{"type":"Polygon","coordinates":[[[-5.98073,37.37168],[-5.98072,37.37164],[-5.98077,37.37161],[-5.9808,37.37156],[-5.98083,37.37155],[-5.98084,37.37162],[-5.98084,37.37167],[-5.98073,37.37168]]]}},{"type":"Feature","properties":{"name":"","kind":"park","road":"","osm":788488621},"geometry":{"type":"Polygon","coordinates":[[[-5.98139,37.37151],[-5.98142,37.37152],[-5.98144,37.37149],[-5.98144,37.37146],[-5.9814,37.37144],[-5.98136,37.37145],[-5.98133,37.37146],[-5.98133,37.37149],[-5.98136,37.37152],[-5.98139,37.37151]]]}},{"type":"Feature","properties":{"name":"","kind":"park","road":"","osm":788488622},"geometry":{"type":"Polygon","coordinates":[[[-5.9805,37.37142],[-5.98047,37.3713],[-5.98044,37.37126],[-5.98036,37.37129],[-5.98032,37.37132],[-5.98032,37.37144],[-5.9805,37.37142]]]}},{"type":"Feature","properties":{"name":"","kind":"park","road":"","osm":788488623},"geometry":{"type":"Polygon","coordinates":[[[-5.97965,37.37133],[-5.9796,37.37134],[-5.97958,37.37137],[-5.97961,37.37144],[-5.97974,37.37143],[-5.97976,37.37141],[-5.97974,37.37136],[-5.97965,37.37133]]]}},{"type":"Feature","properties":{"name":"","kind":"park","road":"","osm":788488624},"geometry":{"type":"Polygon","coordinates":[[[-5.98004,37.37149],[-5.98002,37.37143],[-5.97984,37.37144],[-5.97984,37.37151],[-5.98004,37.37149]]]}},{"type":"Feature","properties":{"name":"","kind":"park","road":"","osm":788488625},"geometry":{"type":"Polygon","coordinates":[[[-5.9798,37.37151],[-5.97979,37.37146],[-5.97961,37.37148],[-5.97962,37.37152],[-5.9798,37.37151]]]}},{"type":"Feature","properties":{"name":"","kind":"park","road":"","osm":788488626},"geometry":{"type":"Polygon","coordinates":[[[-5.98056,37.37156],[-5.98054,37.37145],[-5.98066,37.37145],[-5.98067,37.3715],[-5.9806,37.37155],[-5.98056,37.37156]]]}},{"type":"Feature","properties":{"name":"","kind":"park","road":"","osm":788488627},"geometry":{"type":"Polygon","coordinates":[[[-5.9808,37.37143],[-5.98068,37.37144],[-5.98071,37.37149],[-5.98076,37.37151],[-5.98078,37.37152],[-5.98082,37.37151],[-5.98081,37.37145],[-5.9808,37.37143]]]}},{"type":"Feature","properties":{"name":"","kind":"park","road":"","osm":788488628},"geometry":{"type":"Polygon","coordinates":[[[-5.97995,37.37178],[-5.97993,37.3717],[-5.97988,37.37167],[-5.97983,37.37169],[-5.97976,37.37181],[-5.97995,37.37178]]]}},{"type":"Feature","properties":{"name":"","kind":"park","road":"","osm":788488629},"geometry":{"type":"Polygon","coordinates":[[[-5.97993,37.37158],[-5.97992,37.37153],[-5.97984,37.37154],[-5.97983,37.37165],[-5.97988,37.37163],[-5.97991,37.37161],[-5.97993,37.37158]]]}},{"type":"Feature","properties":{"name":"","kind":"park","road":"","osm":788488630},"geometry":{"type":"Polygon","coordinates":[[[-5.9798,37.37164],[-5.97981,37.37154],[-5.97972,37.37155],[-5.97971,37.37161],[-5.9798,37.37164]]]}},{"type":"Feature","properties":{"name":"","kind":"park","road":"","osm":788488631},"geometry":{"type":"Polygon","coordinates":[[[-5.98005,37.37161],[-5.98003,37.37159],[-5.98,37.37157],[-5.97997,37.37156],[-5.97996,37.37153],[-5.98,37.37151],[-5.98008,37.3715],[-5.9801,37.37152],[-5.98011,37.37154],[-5.98011,37.37157],[-5.98008,37.3716],[-5.98005,37.37161]]]}},{"type":"Feature","properties":{"name":"","kind":"park","road":"","osm":788488632},"geometry":{"type":"Polygon","coordinates":[[[-5.98002,37.37176],[-5.98015,37.37175],[-5.98014,37.37171],[-5.98012,37.3717],[-5.9801,37.37168],[-5.98009,37.37165],[-5.98005,37.37165],[-5.98003,37.37169],[-5.97999,37.3717],[-5.97999,37.37174],[-5.98002,37.37176]]]}},{"type":"Feature","properties":{"name":"","kind":"park","road":"","osm":788488633},"geometry":{"type":"Polygon","coordinates":[[[-5.98072,37.3716],[-5.98075,37.37157],[-5.98073,37.37153],[-5.98068,37.37152],[-5.98065,37.37155],[-5.98065,37.37159],[-5.98068,37.37161],[-5.98072,37.3716]]]}},{"type":"Feature","properties":{"name":"","kind":"park","road":"","osm":788488634},"geometry":{"type":"Polygon","coordinates":[[[-5.97998,37.37167],[-5.98,37.37164],[-5.97998,37.37161],[-5.97994,37.37162],[-5.97991,37.37165],[-5.97994,37.37168],[-5.97998,37.37167]]]}},{"type":"Feature","properties":{"name":"","kind":"park","road":"","osm":788488635},"geometry":{"type":"Polygon","coordinates":[[[-5.97908,37.37136],[-5.97906,37.37124],[-5.97888,37.37126],[-5.9789,37.37138],[-5.97908,37.37136]]]}},{"type":"Feature","properties":{"name":"","kind":"park","road":"","osm":788488641},"geometry":{"type":"Polygon","coordinates":[[[-5.97885,37.37139],[-5.97883,37.37128],[-5.97867,37.3713],[-5.97869,37.37141],[-5.97885,37.37139]]]}},{"type":"Feature","properties":{"name":"","kind":"park","road":"","osm":788488642},"geometry":{"type":"Polygon","coordinates":[[[-5.97993,37.36964],[-5.9799,37.36956],[-5.97987,37.36956],[-5.97988,37.36962],[-5.97957,37.36967],[-5.97955,37.3696],[-5.97952,37.36961],[-5.97954,37.36971],[-5.97975,37.36967],[-5.97991,37.36965],[-5.97993,37.36964]]]}},{"type":"Feature","properties":{"name":"","kind":"park","road":"","osm":788488643},"geometry":{"type":"Polygon","coordinates":[[[-5.98033,37.36961],[-5.98031,37.36947],[-5.98026,37.36948],[-5.98028,37.36955],[-5.98027,37.36957],[-5.98021,37.36961],[-5.98014,37.36964],[-5.98002,37.36965],[-5.98001,37.36968],[-5.98022,37.36965],[-5.9803,37.36963],[-5.98033,37.36961]]]}},{"type":"Feature","properties":{"name":"","kind":"park","road":"","osm":788488647},"geometry":{"type":"Polygon","coordinates":[[[-5.98091,37.37058],[-5.98089,37.37048],[-5.98077,37.3705],[-5.98058,37.37065],[-5.98055,37.37071],[-5.98058,37.37071],[-5.9807,37.37059],[-5.98079,37.37053],[-5.98083,37.37058],[-5.98084,37.3706],[-5.98091,37.37058]]]}},{"type":"Feature","properties":{"name":"Calle San Juan Bosco","kind":"road","road":"tertiary","osm":804856962},"geometry":{"type":"LineString","coordinates":[[-5.97747,37.39554],[-5.97754,37.39563],[-5.97781,37.396],[-5.97838,37.39677],[-5.97884,37.39741],[-5.9789,37.39749],[-5.97904,37.3977],[-5.97919,37.39793],[-5.97957,37.39845],[-5.97963,37.39849]]}},{"type":"Feature","properties":{"name":"","kind":"road","road":"tertiary","osm":807531839},"geometry":{"type":"LineString","coordinates":[[-6.00325,37.39487],[-6.00322,37.39482],[-6.00321,37.3948]]}},{"type":"Feature","properties":{"name":"","kind":"road","road":"tertiary","osm":807531841},"geometry":{"type":"LineString","coordinates":[[-6.00321,37.3948],[-6.00318,37.39477],[-6.00316,37.39476]]}},{"type":"Feature","properties":{"name":"Calle Torneo","kind":"road","road":"primary","osm":807531843},"geometry":{"type":"LineString","coordinates":[[-6.00316,37.39476],[-6.00315,37.39477],[-6.00313,37.3948]]}},{"type":"Feature","properties":{"name":"","kind":"road","road":"tertiary","osm":807531844},"geometry":{"type":"LineString","coordinates":[[-6.00316,37.39476],[-6.00308,37.39475],[-6.00298,37.39474]]}},{"type":"Feature","properties":{"name":"Calle Torneo","kind":"road","road":"primary","osm":807531845},"geometry":{"type":"LineString","coordinates":[[-6.0035,37.39449],[-6.00357,37.39434],[-6.00371,37.39391],[-6.00374,37.39362],[-6.00375,37.39335],[-6.00375,37.39332],[-6.00365,37.39316]]}},{"type":"Feature","properties":{"name":"Calle Torneo","kind":"road","road":"primary","osm":807531846},"geometry":{"type":"LineString","coordinates":[[-6.00325,37.39487],[-6.00333,37.39476]]}},{"type":"Feature","properties":{"name":"Calle Torneo","kind":"road","road":"primary","osm":807531848},"geometry":{"type":"LineString","coordinates":[[-6.00307,37.39491],[-6.00307,37.39492],[-6.00278,37.39529],[-6.00273,37.39537],[-6.00267,37.39544],[-6.00246,37.39571],[-6.00244,37.39574],[-6.00238,37.39583]]}},{"type":"Feature","properties":{"name":"Calle Torneo","kind":"road","road":"secondary","osm":807531849},"geometry":{"type":"LineString","coordinates":[[-6.00288,37.39478],[-6.00284,37.39503],[-6.00279,37.39515]]}},{"type":"Feature","properties":{"name":"Calle Arjona","kind":"road","road":"primary","osm":814351068},"geometry":{"type":"LineString","coordinates":[[-6.00221,37.38858],[-6.00221,37.38854],[-6.00215,37.38832],[-6.00213,37.38822],[-6.00211,37.38815],[-6.00207,37.38804],[-6.00189,37.38777],[-6.00184,37.3877],[-6.00178,37.38765],[-6.00173,37.3876],[-6.00167,37.38755],[-6.00162,37.38752],[-6.0016,37.3875],[-6.00145,37.38738]]}},{"type":"Feature","properties":{"name":"","kind":"park","road":"","osm":814351070},"geometry":{"type":"Polygon","coordinates":[[[-6.00449,37.39288],[-6.00445,37.39291],[-6.00444,37.39296],[-6.00442,37.39302],[-6.00442,37.39304],[-6.00443,37.39306],[-6.00521,37.39298],[-6.00527,37.39293],[-6.00526,37.39286],[-6.0052,37.39282],[-6.00491,37.39285],[-6.00484,37.39284],[-6.00449,37.39288]]]}},{"type":"Feature","properties":{"name":"Calle Doctor Cristóbal Pera","kind":"road","road":"pedestrian","osm":858227897},"geometry":{"type":"LineString","coordinates":[[-5.98007,37.3727],[-5.97864,37.37286],[-5.97863,37.37286]]}},{"type":"Feature","properties":{"name":"Calle Anaya y Maldonado","kind":"road","road":"pedestrian","osm":859810808},"geometry":{"type":"LineString","coordinates":[[-5.9781,37.37179],[-5.97733,37.37187]]}},{"type":"Feature","properties":{"name":"Calle Adolfo Cuéllar","kind":"road","road":"pedestrian","osm":859822494},"geometry":{"type":"LineString","coordinates":[[-5.99813,37.38809],[-5.99801,37.388],[-5.998,37.38799]]}},{"type":"Feature","properties":{"name":"Avenida Moliní","kind":"road","road":"secondary","osm":860297531},"geometry":{"type":"LineString","coordinates":[[-5.98862,37.3694],[-5.98907,37.36938],[-5.98924,37.3694]]}},{"type":"Feature","properties":{"name":"Avenida Moliní","kind":"road","road":"secondary","osm":860297532},"geometry":{"type":"LineString","coordinates":[[-5.98827,37.36932],[-5.9881,37.3693],[-5.98805,37.36929]]}},{"type":"Feature","properties":{"name":"Avenida Moliní","kind":"road","road":"secondary","osm":860297533},"geometry":{"type":"LineString","coordinates":[[-5.9886,37.36932],[-5.98827,37.36932]]}},{"type":"Feature","properties":{"name":"Plaza Francisco Ayala","kind":"road","road":"pedestrian","osm":860650296},"geometry":{"type":"LineString","coordinates":[[-5.97956,37.38161],[-5.97953,37.38161],[-5.97909,37.38159],[-5.97871,37.38118],[-5.9787,37.38114]]}},{"type":"Feature","properties":{"name":"","kind":"park","road":"","osm":864750298},"geometry":{"type":"Polygon","coordinates":[[[-5.99997,37.37971],[-6.0,37.37969],[-5.99996,37.37964],[-5.99993,37.37966],[-5.99997,37.37971]]]}},{"type":"Feature","properties":{"name":"","kind":"park","road":"","osm":864750299},"geometry":{"type":"Polygon","coordinates":[[[-5.99992,37.37973],[-5.99988,37.37968],[-5.99984,37.3797],[-5.99989,37.37975],[-5.99992,37.37973]]]}},{"type":"Feature","properties":{"name":"Calle Costillares","kind":"road","road":"pedestrian","osm":865065733},"geometry":{"type":"LineString","coordinates":[[-6.00395,37.36909],[-6.0039,37.36911],[-6.00384,37.36946],[-6.00376,37.36999],[-6.00371,37.37028],[-6.00365,37.37069],[-6.00358,37.37112],[-6.00355,37.37129]]}},{"type":"Feature","properties":{"name":"","kind":"park","road":"","osm":871584209},"geometry":{"type":"Polygon","coordinates":[[[-5.98235,37.37723],[-5.98227,37.37709],[-5.98249,37.37658],[-5.98269,37.37663],[-5.98274,37.3765],[-5.98286,37.37653],[-5.9826,37.37712],[-5.98257,37.37714],[-5.98235,37.37723]]]}},{"type":"Feature","properties":{"name":"Calle Doctor Pedro de Castro","kind":"road","road":"primary","osm":871584212},"geometry":{"type":"LineString","coordinates":[[-5.97951,37.37667],[-5.97925,37.37656]]}},{"type":"Feature","properties":{"name":"Calle Doctor Pedro de Castro","kind":"road","road":"primary","osm":871584213},"geometry":{"type":"LineString","coordinates":[[-5.9803,37.37691],[-5.98011,37.37685],[-5.97965,37.37673],[-5.97959,37.37671]]}},{"type":"Feature","properties":{"name":"Avenida de Portugal","kind":"road","road":"primary","osm":871584215},"geometry":{"type":"LineString","coordinates":[[-5.98387,37.37793],[-5.98409,37.37798]]}},{"type":"Feature","properties":{"name":"Avenida de Portugal","kind":"road","road":"primary","osm":871584226},"geometry":{"type":"LineString","coordinates":[[-5.98409,37.37798],[-5.98414,37.378],[-5.98418,37.37801],[-5.98438,37.37806],[-5.98491,37.37819],[-5.98545,37.37833],[-5.98556,37.37836]]}},{"type":"Feature","properties":{"name":"Avenida Isabel la Católica","kind":"road","road":"pedestrian","osm":871756763},"geometry":{"type":"LineString","coordinates":[[-5.98774,37.37689],[-5.98828,37.37778],[-5.9885,37.37814],[-5.98856,37.37824]]}},{"type":"Feature","properties":{"name":"Glorieta Aníbal González","kind":"road","road":"pedestrian","osm":871756764},"geometry":{"type":"LineString","coordinates":[[-5.98761,37.37668],[-5.98768,37.37679],[-5.98774,37.37689]]}},{"type":"Feature","properties":{"name":"Glorieta Aníbal González","kind":"road","road":"pedestrian","osm":871756765},"geometry":{"type":"LineString","coordinates":[[-5.98792,37.37682],[-5.98786,37.37672],[-5.9878,37.37661]]}},{"type":"Feature","properties":{"name":"Avenida Isabel la Católica","kind":"road","road":"pedestrian","osm":871756766},"geometry":{"type":"LineString","coordinates":[[-5.98874,37.37817],[-5.98869,37.37807],[-5.98792,37.37682]]}},{"type":"Feature","properties":{"name":"Plaza de la Gavidia","kind":"road","road":"pedestrian","osm":873321181},"geometry":{"type":"LineString","coordinates":[[-5.99729,37.39472],[-5.99728,37.39475],[-5.99725,37.39489],[-5.9972,37.39508],[-5.99719,37.39511]]}},{"type":"Feature","properties":{"name":"Camino de los Descubrimientos","kind":"road","road":"tertiary","osm":890744297},"geometry":{"type":"LineString","coordinates":[[-6.00832,37.39494],[-6.00838,37.39485],[-6.00843,37.39474],[-6.00847,37.3946],[-6.00856,37.39428],[-6.00856,37.39427],[-6.0086,37.39412]]}},{"type":"Feature","properties":{"name":"Calle Inca Garcilaso","kind":"road","road":"tertiary","osm":890744299},"geometry":{"type":"LineString","coordinates":[[-6.01012,37.39438],[-6.00991,37.39518],[-6.00988,37.3953],[-6.00987,37.39532],[-6.00986,37.39535],[-6.0098,37.39559]]}},{"type":"Feature","properties":{"name":"Avenida República Argentina","kind":"road","road":"primary","osm":890744300},"geometry":{"type":"LineString","coordinates":[[-5.99944,37.37919],[-5.99956,37.37913],[-5.99977,37.37902],[-5.99992,37.37895]]}},{"type":"Feature","properties":{"name":"Plaza Alcalde Sánchez Monteseirín","kind":"road","road":"primary","osm":890744301},"geometry":{"type":"LineString","coordinates":[[-6.00961,37.39067],[-6.00982,37.39071],[-6.00998,37.39074]]}},{"type":"Feature","properties":{"name":"Calle López de Gomara","kind":"road","road":"primary","osm":890744302},"geometry":{"type":"LineString","coordinates":[[-6.00785,37.37886],[-6.00777,37.37876],[-6.00776,37.37874],[-6.00744,37.37834],[-6.00705,37.37785]]}},{"type":"Feature","properties":{"name":"","kind":"road","road":"primary","osm":890744306},"geometry":{"type":"LineString","coordinates":[[-6.00907,37.38036],[-6.00908,37.38047],[-6.0091,37.38057]]}},{"type":"Feature","properties":{"name":"Paseo de Cristóbal Colón","kind":"road","road":"primary","osm":890744308},"geometry":{"type":"LineString","coordinates":[[-5.99706,37.38357],[-5.99675,37.38329]]}},{"type":"Feature","properties":{"name":"Avenida de Carlos V","kind":"road","road":"tertiary","osm":891423933},"geometry":{"type":"LineString","coordinates":[[-5.98706,37.3807],[-5.98686,37.38065],[-5.98653,37.38056],[-5.98632,37.38051]]}},{"type":"Feature","properties":{"name":"Paseo de las Delicias","kind":"road","road":"primary","osm":891423937},"geometry":{"type":"LineString","coordinates":[[-5.99274,37.37755],[-5.99295,37.3778]]}},{"type":"Feature","properties":{"name":"Calle Recaredo","kind":"road","road":"primary","osm":891841345},"geometry":{"type":"LineString","coordinates":[[-5.98399,37.39308],[-5.98405,37.39282],[-5.98405,37.39274]]}},{"type":"Feature","properties":{"name":"Avenida de Carlos V","kind":"road","road":"tertiary","osm":891852458},"geometry":{"type":"LineString","coordinates":[[-5.98549,37.38029],[-5.98537,37.38026],[-5.98523,37.38022]]}},{"type":"Feature","properties":{"name":"Avenida de Carlos V","kind":"road","road":"tertiary","osm":891852459},"geometry":{"type":"LineString","coordinates":[[-5.98725,37.38075],[-5.98706,37.3807]]}},{"type":"Feature","properties":{"name":"Avenida de Carlos V","kind":"road","road":"tertiary","osm":891852460},"geometry":{"type":"LineString","coordinates":[[-5.98618,37.38047],[-5.98605,37.38044],[-5.98602,37.38043]]}},{"type":"Feature","properties":{"name":"Avenida de Carlos V","kind":"road","road":"tertiary","osm":891852461},"geometry":{"type":"LineString","coordinates":[[-5.98565,37.38033],[-5.98549,37.38029]]}},{"type":"Feature","properties":{"name":"Avenida de Carlos V","kind":"road","road":"tertiary","osm":891852462},"geometry":{"type":"LineString","coordinates":[[-5.98632,37.38051],[-5.98624,37.38049]]}},{"type":"Feature","properties":{"name":"Avenida de Carlos V","kind":"road","road":"tertiary","osm":891852463},"geometry":{"type":"LineString","coordinates":[[-5.98602,37.38043],[-5.98586,37.38039],[-5.98579,37.38037],[-5.98572,37.38035],[-5.98568,37.38034],[-5.98565,37.38033]]}},{"type":"Feature","properties":{"name":"Camino de los Descubrimientos","kind":"road","road":"tertiary","osm":892407195},"geometry":{"type":"LineString","coordinates":[[-6.00917,37.39201],[-6.0092,37.3919],[-6.00935,37.39132],[-6.00948,37.39085],[-6.00948,37.39084],[-6.00949,37.39082],[-6.0095,37.39081],[-6.00961,37.39067]]}},{"type":"Feature","properties":{"name":"Avenida de Carlos V","kind":"road","road":"tertiary","osm":892407202},"geometry":{"type":"LineString","coordinates":[[-5.98621,37.38048],[-5.98618,37.38047]]}},{"type":"Feature","properties":{"name":"Avenida de El Cid","kind":"road","road":"primary","osm":892407203},"geometry":{"type":"LineString","coordinates":[[-5.98851,37.38068],[-5.9885,37.38071],[-5.98848,37.38074],[-5.98839,37.38098]]}},{"type":"Feature","properties":{"name":"Calle Amador de Los Ríos","kind":"road","road":"primary","osm":892407212},"geometry":{"type":"LineString","coordinates":[[-5.9832,37.3885],[-5.98296,37.38842],[-5.98291,37.3884],[-5.98288,37.38839],[-5.98286,37.3884],[-5.98282,37.3884],[-5.9828,37.38841],[-5.98276,37.38844]]}},{"type":"Feature","properties":{"name":"Calle Luis Montoto","kind":"road","road":"secondary","osm":892407213},"geometry":{"type":"LineString","coordinates":[[-5.98264,37.38837],[-5.98276,37.38844]]}},{"type":"Feature","properties":{"name":"Calle Luis Montoto","kind":"road","road":"secondary","osm":892407214},"geometry":{"type":"LineString","coordinates":[[-5.98238,37.38823],[-5.98264,37.38837]]}},{"type":"Feature","properties":{"name":"Calle La Florida","kind":"road","road":"primary","osm":892407215},"geometry":{"type":"LineString","coordinates":[[-5.98501,37.38774],[-5.98486,37.38783],[-5.98469,37.38795],[-5.98463,37.38799]]}},{"type":"Feature","properties":{"name":"Avenida de la Borbolla","kind":"road","road":"secondary","osm":892432973},"geometry":{"type":"LineString","coordinates":[[-5.98387,37.37793],[-5.98391,37.37784]]}},{"type":"Feature","properties":{"name":"Calle María Auxiliadora","kind":"road","road":"primary","osm":893655077},"geometry":{"type":"LineString","coordinates":[[-5.98347,37.39449],[-5.98353,37.39441],[-5.98356,37.39437],[-5.98365,37.39422]]}},{"type":"Feature","properties":{"name":"Paseo de Cristóbal Colón","kind":"road","road":"primary","osm":893655088},"geometry":{"type":"LineString","coordinates":[[-5.99903,37.38533],[-5.99887,37.38519],[-5.99882,37.38514],[-5.99872,37.38505],[-5.9987,37.38503],[-5.99837,37.38473]]}},{"type":"Feature","properties":{"name":"Glorieta Julián Besteiros","kind":"road","road":"primary","osm":893655089},"geometry":{"type":"LineString","coordinates":[[-5.97847,37.39165],[-5.9784,37.39159]]}},{"type":"Feature","properties":{"name":"Glorieta Julián Besteiros","kind":"road","road":"primary","osm":893655090},"geometry":{"type":"LineString","coordinates":[[-5.97814,37.39158],[-5.97807,37.39163],[-5.97802,37.39169]]}},{"type":"Feature","properties":{"name":"Calle Juan Antonio Cavestany","kind":"road","road":"secondary","osm":893655092},"geometry":{"type":"LineString","coordinates":[[-5.9784,37.39159],[-5.97816,37.3918],[-5.97806,37.39188]]}},{"type":"Feature","properties":{"name":"Glorieta Julián Besteiros","kind":"road","road":"primary","osm":893655093},"geometry":{"type":"LineString","coordinates":[[-5.9784,37.39159],[-5.97835,37.39157],[-5.97828,37.39156],[-5.97821,37.39156],[-5.97814,37.39158]]}},{"type":"Feature","properties":{"name":"Calle Luis Montoto","kind":"road","road":"secondary","osm":893655094},"geometry":{"type":"LineString","coordinates":[[-5.98236,37.38808],[-5.98221,37.38803],[-5.98204,37.38797]]}},{"type":"Feature","properties":{"name":"Calle Arroyo","kind":"road","road":"secondary","osm":893911173},"geometry":{"type":"LineString","coordinates":[[-5.98184,37.39429],[-5.98196,37.39411],[-5.982,37.39405]]}},{"type":"Feature","properties":{"name":"Glorieta Rafael Torres","kind":"road","road":"secondary","osm":893911174},"geometry":{"type":"LineString","coordinates":[[-5.98184,37.39399],[-5.98185,37.39406],[-5.98186,37.39415],[-5.98186,37.39422],[-5.98184,37.39429]]}},{"type":"Feature","properties":{"name":"Glorieta Julián Besteiros","kind":"road","road":"primary","osm":893911177},"geometry":{"type":"LineString","coordinates":[[-5.97837,37.39194],[-5.97846,37.39188],[-5.97851,37.3918]]}},{"type":"Feature","properties":{"name":"Glorieta Julián Besteiros","kind":"road","road":"primary","osm":893911178},"geometry":{"type":"LineString","coordinates":[[-5.97851,37.3918],[-5.97851,37.39172],[-5.97847,37.39165]]}},{"type":"Feature","properties":{"name":"Calle Luis Montoto","kind":"road","road":"secondary","osm":894268679},"geometry":{"type":"LineString","coordinates":[[-5.98364,37.38886],[-5.98428,37.38911],[-5.98441,37.38916]]}},{"type":"Feature","properties":{"name":"Calle Francisco de Montesinos","kind":"road","road":"tertiary","osm":894268681},"geometry":{"type":"LineString","coordinates":[[-6.0098,37.39559],[-6.00994,37.39561]]}},{"type":"Feature","properties":{"name":"Avenida de Carlos V","kind":"road","road":"tertiary","osm":894268682},"geometry":{"type":"LineString","coordinates":[[-5.98624,37.38049],[-5.98621,37.38048]]}},{"type":"Feature","properties":{"name":"Avenida Expo´92","kind":"road","road":"primary","osm":894268683},"geometry":{"type":"LineString","coordinates":[[-6.00797,37.39013],[-6.00783,37.39019],[-6.00769,37.39023]]}},{"type":"Feature","properties":{"name":"Avenida de Eduardo Dato","kind":"road","road":"primary","osm":904300889},"geometry":{"type":"LineString","coordinates":[[-5.97939,37.38402],[-5.97969,37.38408],[-5.98001,37.38414],[-5.98053,37.38425]]}},{"type":"Feature","properties":{"name":"","kind":"park","road":"","osm":904902011},"geometry":{"type":"Polygon","coordinates":[[[-5.98247,37.38112],[-5.98242,37.38107],[-5.98235,37.38101],[-5.98228,37.38096],[-5.98222,37.38092],[-5.98212,37.38086],[-5.98204,37.38082],[-5.98191,37.38077],[-5.98184,37.38075],[-5.98178,37.38073],[-5.98171,37.38072],[-5.98138,37.3807],[-5.98129,37.38062],[-5.98177,37.38064],[-5.98181,37.38063],[-5.98185,37.38062],[-5.98189,37.38061],[-5.98191,37.38059],[-5.98193,37.38058],[-5.98194,37.38056],[-5.98211,37.38027],[-5.98223,37.3804],[-5.98231,37.3805],[-5.98236,37.38059],[-5.98241,37.38069],[-5.98245,37.38079],[-5.98255,37.38105],[-5.98247,37.38112]]]}},{"type":"Feature","properties":{"name":"Avenida de Carlos V","kind":"road","road":"tertiary","osm":905079804},"geometry":{"type":"LineString","coordinates":[[-5.98523,37.38022],[-5.98515,37.3802]]}},{"type":"Feature","properties":{"name":"Calle Marqués de Paradas","kind":"road","road":"primary","osm":908360097},"geometry":{"type":"LineString","coordinates":[[-6.0007,37.38872],[-6.00072,37.38878],[-6.00089,37.38926]]}},{"type":"Feature","properties":{"name":"","kind":"road","road":"pedestrian","osm":947400170},"geometry":{"type":"LineString","coordinates":[[-5.99381,37.38219],[-5.99384,37.3821],[-5.99388,37.382]]}},{"type":"Feature","properties":{"name":"","kind":"road","road":"pedestrian","osm":947400171},"geometry":{"type":"LineString","coordinates":[[-5.99503,37.38144],[-5.99498,37.38146],[-5.99411,37.38189],[-5.99388,37.382]]}},{"type":"Feature","properties":{"name":"","kind":"water","road":"","osm":958768120},"geometry":{"type":"Polygon","coordinates":[[[-5.98918,37.37022],[-5.98917,37.37016],[-5.98909,37.37016],[-5.9891,37.37023],[-5.98918,37.37022]]]}},{"type":"Feature","properties":{"name":"","kind":"water","road":"","osm":958768121},"geometry":{"type":"Polygon","coordinates":[[[-5.98882,37.37021],[-5.98882,37.37024],[-5.98908,37.37021],[-5.98908,37.37019],[-5.98905,37.37019],[-5.98883,37.37021],[-5.98882,37.37021]]]}},{"type":"Feature","properties":{"name":"","kind":"road","road":"pedestrian","osm":968785138},"geometry":{"type":"LineString","coordinates":[[-5.97887,37.39092],[-5.97829,37.39122],[-5.97826,37.39124],[-5.97827,37.39138],[-5.9783,37.39143],[-5.97833,37.39145],[-5.97837,37.39145],[-5.97842,37.39145],[-5.97846,37.39144],[-5.97854,37.39141],[-5.97899,37.39103],[-5.97896,37.39101],[-5.97887,37.39092]]}},{"type":"Feature","properties":{"name":"","kind":"road","road":"pedestrian","osm":973599708},"geometry":{"type":"LineString","coordinates":[[-6.00876,37.38171],[-6.00838,37.3819]]}},{"type":"Feature","properties":{"name":"Avenida de la Cruz Roja","kind":"road","road":"pedestrian","osm":976268171},"geometry":{"type":"LineString","coordinates":[[-5.98195,37.40135],[-5.98233,37.40052]]}},{"type":"Feature","properties":{"name":"Calle Carretera de Carmona","kind":"road","road":"secondary","osm":976270091},"geometry":{"type":"LineString","coordinates":[[-5.98136,37.39744],[-5.98143,37.3974]]}},{"type":"Feature","properties":{"name":"Ronda de Capuchinos","kind":"road","road":"primary","osm":976270092},"geometry":{"type":"LineString","coordinates":[[-5.98412,37.39988],[-5.98372,37.3997],[-5.98358,37.39964],[-5.9835,37.39961],[-5.98338,37.39956],[-5.983,37.3994],[-5.98297,37.39939],[-5.98287,37.39935]]}},{"type":"Feature","properties":{"name":"Plaza de la Magdalena","kind":"road","road":"pedestrian","osm":976693854},"geometry":{"type":"LineString","coordinates":[[-5.99671,37.39078],[-5.99675,37.39085],[-5.99681,37.39097],[-5.99691,37.39113],[-5.99696,37.39117],[-5.99706,37.39123]]}},{"type":"Feature","properties":{"name":"Avenida Menéndez Pelayo","kind":"road","road":"primary","osm":976891841},"geometry":{"type":"LineString","coordinates":[[-5.98498,37.38783],[-5.985,37.38778],[-5.98501,37.38774]]}},{"type":"Feature","properties":{"name":"Glorieta Doña María de las Mercedes de Borbón y Orleans","kind":"road","road":"primary","osm":977498170},"geometry":{"type":"LineString","coordinates":[[-5.98287,37.37953],[-5.98281,37.37956]]}},{"type":"Feature","properties":{"name":"Calle Virgen de Cuatrovitas","kind":"road","road":"pedestrian","osm":987446303},"geometry":{"type":"LineString","coordinates":[[-5.99881,37.374],[-5.99817,37.37401]]}},{"type":"Feature","properties":{"name":"Calle San Bartolomé","kind":"road","road":"pedestrian","osm":1026202968},"geometry":{"type":"LineString","coordinates":[[-5.98659,37.3878],[-5.98684,37.38757]]}},{"type":"Feature","properties":{"name":"Jardín Maryam Al-Carril","kind":"park","road":"","osm":1038752676},"geometry":{"type":"Polygon","coordinates":[[[-5.97763,37.40249],[-5.97757,37.40256],[-5.97731,37.40242],[-5.97737,37.40232],[-5.97754,37.40241],[-5.97763,37.40249]]]}},{"type":"Feature","properties":{"name":"Calle Enramadilla","kind":"road","road":"primary","osm":1038870690},"geometry":{"type":"LineString","coordinates":[[-5.97744,37.3781],[-5.9777,37.3782],[-5.9782,37.37841],[-5.97832,37.37846],[-5.97864,37.37856],[-5.97871,37.37859]]}},{"type":"Feature","properties":{"name":"","kind":"park","road":"","osm":1052931150},"geometry":{"type":"Polygon","coordinates":[[[-6.00421,37.37977],[-6.00417,37.37979],[-6.00411,37.37974],[-6.0041,37.37973],[-6.00409,37.37971],[-6.00409,37.3797],[-6.0041,37.37969],[-6.00411,37.37968],[-6.00412,37.37967],[-6.00419,37.37974],[-6.00421,37.37977]]]}},{"type":"Feature","properties":{"name":"","kind":"park","road":"","osm":1052931151},"geometry":{"type":"Polygon","coordinates":[[[-6.00424,37.37979],[-6.00419,37.37982],[-6.00424,37.37985],[-6.00428,37.37988],[-6.00429,37.37989],[-6.00431,37.3799],[-6.00433,37.37989],[-6.00424,37.37979]]]}},{"type":"Feature","properties":{"name":"","kind":"park","road":"","osm":1053299565},"geometry":{"type":"Polygon","coordinates":[[[-6.00522,37.38011],[-6.00532,37.38016],[-6.00534,37.3802],[-6.00538,37.38017],[-6.00528,37.38008],[-6.00522,37.38011]]]}},{"type":"Feature","properties":{"name":"","kind":"park","road":"","osm":1053299566},"geometry":{"type":"Polygon","coordinates":[[[-6.00541,37.38021],[-6.00539,37.38022],[-6.00545,37.38025],[-6.00541,37.38021]]]}},{"type":"Feature","properties":{"name":"","kind":"road","road":"pedestrian","osm":1055880513},"geometry":{"type":"LineString","coordinates":[[-5.98779,37.39651],[-5.98769,37.39651],[-5.98759,37.39652],[-5.98751,37.39655],[-5.98745,37.39656],[-5.9874,37.39657],[-5.98732,37.3966],[-5.98726,37.39662],[-5.98721,37.39661],[-5.98717,37.39661],[-5.98719,37.39652],[-5.98708,37.3965],[-5.98709,37.39646],[-5.98709,37.39641],[-5.98734,37.39641],[-5.98768,37.39641],[-5.98769,37.3962],[-5.98712,37.39619],[-5.98711,37.39623],[-5.98675,37.39624],[-5.98674,37.39618],[-5.98683,37.39616],[-5.98689,37.39615],[-5.9873,37.39615],[-5.98761,37.39615],[-5.98755,37.39605],[-5.98757,37.39604],[-5.98762,37.39602],[-5.9877,37.39603],[-5.9877,37.39601],[-5.98785,37.396],[-5.98788,37.39603],[-5.9879,37.39604],[-5.98793,37.39605],[-5.9879,37.3962],[-5.98787,37.3962],[-5.98786,37.39633],[-5.98786,37.39634],[-5.98786,37.39637],[-5.98785,37.39641],[-5.98785,37.39643],[-5.98784,37.39646],[-5.98784,37.3965],[-5.98781,37.39651],[-5.98779,37.39651]]}},{"type":"Feature","properties":{"name":"Calle Santa Fe","kind":"road","road":"primary","osm":1056895529},"geometry":{"type":"LineString","coordinates":[[-6.0036,37.37345],[-6.00367,37.3736],[-6.00372,37.37369],[-6.0038,37.37383],[-6.00392,37.37399]]}},{"type":"Feature","properties":{"name":"","kind":"road","road":"pedestrian","osm":1057168804},"geometry":{"type":"LineString","coordinates":[[-6.00318,37.37164],[-6.00318,37.37162],[-6.00333,37.37165],[-6.00348,37.37182],[-6.00345,37.37184],[-6.0034,37.37183],[-6.00326,37.37182],[-6.00319,37.37183],[-6.00319,37.3718],[-6.0032,37.3718],[-6.0032,37.37171],[-6.0032,37.37165],[-6.00318,37.37164]]}},{"type":"Feature","properties":{"name":"Plaza el Mercado","kind":"road","road":"pedestrian","osm":1061726434},"geometry":{"type":"LineString","coordinates":[[-6.00188,37.37514],[-6.00166,37.37488],[-6.00094,37.3749]]}},{"type":"Feature","properties":{"name":"Avenida de la Borbolla","kind":"road","road":"secondary","osm":1105850727},"geometry":{"type":"LineString","coordinates":[[-5.98438,37.37687],[-5.98478,37.37576],[-5.98521,37.37454],[-5.98524,37.37445]]}},{"type":"Feature","properties":{"name":"Avenida de la Borbolla","kind":"road","road":"secondary","osm":1105853441},"geometry":{"type":"LineString","coordinates":[[-5.98418,37.37726],[-5.98432,37.377]]}},{"type":"Feature","properties":{"name":"Avenida de la Borbolla","kind":"road","road":"secondary","osm":1105853442},"geometry":{"type":"LineString","coordinates":[[-5.98408,37.37748],[-5.98413,37.37738],[-5.98418,37.37726]]}},{"type":"Feature","properties":{"name":"Calle Manuel Sánchez del Campo","kind":"road","road":"pedestrian","osm":1106325811},"geometry":{"type":"LineString","coordinates":[[-5.98056,37.39913],[-5.98083,37.39929]]}},{"type":"Feature","properties":{"name":"Calle Gregorio Cabeza Rodríguez","kind":"road","road":"pedestrian","osm":1106423107},"geometry":{"type":"LineString","coordinates":[[-5.98027,37.38122],[-5.98031,37.38063],[-5.9803,37.38056]]}},{"type":"Feature","properties":{"name":"Barreduela de la Morsa","kind":"road","road":"pedestrian","osm":1106425237},"geometry":{"type":"LineString","coordinates":[[-5.98195,37.40002],[-5.98179,37.4002]]}},{"type":"Feature","properties":{"name":"Avenida de Portugal","kind":"road","road":"primary","osm":1108873912},"geometry":{"type":"LineString","coordinates":[[-5.98907,37.37914],[-5.98891,37.37913],[-5.9887,37.37907],[-5.98866,37.37906],[-5.98865,37.37906],[-5.98825,37.37896]]}},{"type":"Feature","properties":{"name":"Avenida Ramón Carande","kind":"road","road":"primary","osm":1110456073},"geometry":{"type":"LineString","coordinates":[[-5.97929,37.37712],[-5.97916,37.37744]]}},{"type":"Feature","properties":{"name":"Calle Enramadilla","kind":"road","road":"primary","osm":1110456074},"geometry":{"type":"LineString","coordinates":[[-5.97871,37.37859],[-5.97882,37.37862],[-5.9789,37.37865]]}},{"type":"Feature","properties":{"name":"Calle Doctor Pedro de Castro","kind":"road","road":"primary","osm":1110456075},"geometry":{"type":"LineString","coordinates":[[-5.97959,37.37671],[-5.97951,37.37667]]}},{"type":"Feature","properties":{"name":"","kind":"park","road":"","osm":1118934923},"geometry":{"type":"Polygon","coordinates":[[[-5.98198,37.37716],[-5.98186,37.37712],[-5.98195,37.37694],[-5.98206,37.37698],[-5.98198,37.37716]]]}},{"type":"Feature","properties":{"name":"","kind":"park","road":"","osm":1118934924},"geometry":{"type":"Polygon","coordinates":[[[-5.98208,37.37693],[-5.98198,37.3769],[-5.98205,37.37674],[-5.98215,37.37677],[-5.98208,37.37693]]]}},{"type":"Feature","properties":{"name":"","kind":"park","road":"","osm":1118934925},"geometry":{"type":"Polygon","coordinates":[[[-5.98218,37.37671],[-5.98209,37.37669],[-5.98216,37.37653],[-5.98225,37.37656],[-5.98218,37.37671]]]}},{"type":"Feature","properties":{"name":"","kind":"park","road":"","osm":1118934926},"geometry":{"type":"Polygon","coordinates":[[[-5.98237,37.37629],[-5.98232,37.37627],[-5.9824,37.37611],[-5.98245,37.37613],[-5.98237,37.37629]]]}},{"type":"Feature","properties":{"name":"","kind":"park","road":"","osm":1118934927},"geometry":{"type":"Polygon","coordinates":[[[-5.98227,37.3765],[-5.9822,37.37648],[-5.98228,37.37632],[-5.98235,37.37635],[-5.98227,37.3765]]]}},{"type":"Feature","properties":{"name":"Avenida Pablo Iglesias","kind":"road","road":"secondary","osm":1121908324},"geometry":{"type":"LineString","coordinates":[[-5.97397,37.39516],[-5.97594,37.39362],[-5.97606,37.39353],[-5.97615,37.39346],[-5.9767,37.39302],[-5.97682,37.39293],[-5.97786,37.3921],[-5.97791,37.39206],[-5.97792,37.39205]]}},{"type":"Feature","properties":{"name":"Calle Judería","kind":"road","road":"pedestrian","osm":1127369895},"geometry":{"type":"LineString","coordinates":[[-5.99088,37.38466],[-5.99084,37.38458]]}},{"type":"Feature","properties":{"name":"Jardín de las Damas","kind":"park","road":"","osm":1127369896},"geometry":{"type":"Polygon","coordinates":[[[-5.98992,37.38329],[-5.98993,37.3833],[-5.99026,37.38368],[-5.99089,37.38337],[-5.99105,37.38327],[-5.9909,37.38309],[-5.99075,37.38292],[-5.99038,37.38309],[-5.98995,37.38328],[-5.98992,37.38329]]]}},{"type":"Feature","properties":{"name":"Jardín de la Danza","kind":"park","road":"","osm":1127369900},"geometry":{"type":"Polygon","coordinates":[[[-5.99039,37.38383],[-5.99026,37.38368],[-5.99089,37.38337],[-5.99095,37.38344],[-5.99102,37.38351],[-5.99099,37.38353],[-5.99058,37.38378],[-5.99057,37.38376],[-5.99046,37.3838],[-5.99044,37.38381],[-5.99039,37.38383]]]}},{"type":"Feature","properties":{"name":"Jardín de la Galera","kind":"park","road":"","osm":1127369902},"geometry":{"type":"Polygon","coordinates":[[[-5.99141,37.3832],[-5.99137,37.38316],[-5.99128,37.38309],[-5.99105,37.38327],[-5.99111,37.38332],[-5.99119,37.38338],[-5.99141,37.3832]]]}},{"type":"Feature","properties":{"name":"Patio de las Muñecas","kind":"park","road":"","osm":1127369903},"geometry":{"type":"Polygon","coordinates":[[[-5.99161,37.38353],[-5.99157,37.38349],[-5.99152,37.38354],[-5.99156,37.38357],[-5.99161,37.38353]]]}},{"type":"Feature","properties":{"name":"Jardín de las Flores","kind":"park","road":"","osm":1127369904},"geometry":{"type":"Polygon","coordinates":[[[-5.99169,37.38312],[-5.99146,37.38295],[-5.99143,37.38297],[-5.99131,37.38307],[-5.99128,37.38309],[-5.99137,37.38316],[-5.99141,37.3832],[-5.99142,37.38319],[-5.99146,37.38323],[-5.99151,37.38327],[-5.99153,37.38325],[-5.99169,37.38312]]]}},{"type":"Feature","properties":{"name":"Patio de Levíes","kind":"park","road":"","osm":1127369906},"geometry":{"type":"Polygon","coordinates":[[[-5.99199,37.38353],[-5.9921,37.38349],[-5.9922,37.38361],[-5.99209,37.38367],[-5.99199,37.38353]]]}},{"type":"Feature","properties":{"name":"Casa Ozama","kind":"park","road":"","osm":1128206086},"geometry":{"type":"Polygon","coordinates":[[[-5.98529,37.37232],[-5.98495,37.3723],[-5.98482,37.37229],[-5.98479,37.37229],[-5.98479,37.37227],[-5.98479,37.3722],[-5.9848,37.37218],[-5.98481,37.37206],[-5.98522,37.37209],[-5.98525,37.37209],[-5.98526,37.3721],[-5.98527,37.37211],[-5.98528,37.37212],[-5.98529,37.37213],[-5.98529,37.37214],[-5.9853,37.37214],[-5.9853,37.37215],[-5.98529,37.37232]]]}},{"type":"Feature","properties":{"name":"Calle Américo Vespucio","kind":"road","road":"tertiary","osm":1138018269},"geometry":{"type":"LineString","coordinates":[[-6.00937,37.40076],[-6.00954,37.40012],[-6.00957,37.40001]]}},{"type":"Feature","properties":{"name":"Calle Américo Vespucio","kind":"road","road":"tertiary","osm":1138018285},"geometry":{"type":"LineString","coordinates":[[-6.00957,37.40001],[-6.00985,37.39899],[-6.00993,37.39869],[-6.00994,37.39864]]}},{"type":"Feature","properties":{"name":"Calle Américo Vespucio","kind":"road","road":"tertiary","osm":1138018286},"geometry":{"type":"LineString","coordinates":[[-6.00994,37.39864],[-6.00999,37.39845],[-6.01005,37.39825]]}},{"type":"Feature","properties":{"name":"Barreduela Padilla","kind":"road","road":"pedestrian","osm":1139050441},"geometry":{"type":"LineString","coordinates":[[-5.98784,37.39733],[-5.98761,37.39738]]}},{"type":"Feature","properties":{"name":"Pasaje Capataces Ariza","kind":"road","road":"pedestrian","osm":1146067692},"geometry":{"type":"LineString","coordinates":[[-6.0052,37.38671],[-6.00512,37.38677]]}},{"type":"Feature","properties":{"name":"Pasaje Capataces Ariza","kind":"road","road":"pedestrian","osm":1146067695},"geometry":{"type":"LineString","coordinates":[[-6.00512,37.38677],[-6.00507,37.38681]]}},{"type":"Feature","properties":{"name":"","kind":"road","road":"pedestrian","osm":1147133171},"geometry":{"type":"LineString","coordinates":[[-5.99721,37.3938],[-5.99728,37.39351]]}},{"type":"Feature","properties":{"name":"","kind":"road","road":"pedestrian","osm":1147212168},"geometry":{"type":"LineString","coordinates":[[-5.98185,37.39406],[-5.98169,37.39408],[-5.98147,37.39399],[-5.98102,37.39457],[-5.98077,37.3949]]}},{"type":"Feature","properties":{"name":"","kind":"road","road":"pedestrian","osm":1147212170},"geometry":{"type":"LineString","coordinates":[[-5.98081,37.39425],[-5.98125,37.39365]]}},{"type":"Feature","properties":{"name":"","kind":"road","road":"pedestrian","osm":1147212173},"geometry":{"type":"LineString","coordinates":[[-5.98062,37.39348],[-5.98045,37.39373],[-5.98046,37.39373],[-5.98045,37.39376],[-5.98047,37.39377],[-5.98039,37.39388],[-5.98027,37.39383],[-5.98029,37.3938],[-5.98027,37.3938],[-5.98029,37.39377],[-5.98026,37.39376],[-5.98027,37.39375],[-5.97984,37.39356],[-5.97985,37.39355],[-5.97993,37.39348],[-5.98019,37.39361],[-5.98036,37.39336],[-5.98062,37.39348]]}},{"type":"Feature","properties":{"name":"","kind":"road","road":"pedestrian","osm":1147212174},"geometry":{"type":"LineString","coordinates":[[-5.9809,37.39308],[-5.98089,37.39309],[-5.9807,37.39336],[-5.98045,37.39325],[-5.98065,37.39298],[-5.98066,37.39297],[-5.9809,37.39308]]}},{"type":"Feature","properties":{"name":"Calle Antonio Bienvenida","kind":"road","road":"secondary","osm":1149475052},"geometry":{"type":"LineString","coordinates":[[-5.99734,37.36908],[-5.99733,37.36874],[-5.99733,37.36863],[-5.99734,37.36844],[-5.99736,37.36837],[-5.99737,37.36834],[-5.99738,37.36832],[-5.99755,37.36812]]}},{"type":"Feature","properties":{"name":"Avenida del Cristo de la Expiración","kind":"road","road":"primary","osm":1150103124},"geometry":{"type":"LineString","coordinates":[[-6.00757,37.39024],[-6.00704,37.3903]]}},{"type":"Feature","properties":{"name":"Calle Castilla","kind":"road","road":"tertiary","osm":1150103126},"geometry":{"type":"LineString","coordinates":[[-6.00772,37.38858],[-6.00802,37.38864],[-6.00812,37.38867]]}},{"type":"Feature","properties":{"name":"Calle Peñaflor","kind":"road","road":"pedestrian","osm":1153419171},"geometry":{"type":"LineString","coordinates":[[-6.00786,37.38189],[-6.00782,37.38184],[-6.00779,37.38182],[-6.00735,37.3814],[-6.00734,37.38139],[-6.00731,37.38136]]}},{"type":"Feature","properties":{"name":"Canal de Alfonso XIII","kind":"river","road":"","osm":1155616642},"geometry":{"type":"LineString","coordinates":[[-5.99475,37.42633],[-5.9927,37.42539],[-5.99114,37.42455],[-5.99016,37.42376],[-5.98954,37.42305],[-5.98905,37.42218],[-5.98873,37.42126],[-5.98852,37.41995],[-5.98856,37.41888],[-5.98873,37.41772],[-5.9891,37.41642],[-5.98959,37.41522],[-5.99031,37.41363],[-5.99109,37.41205],[-5.99229,37.41033],[-5.99386,37.40836],[-5.99664,37.40517],[-5.9997,37.40192],[-6.00457,37.39655],[-6.00534,37.39551],[-6.00574,37.39492],[-6.00611,37.39413],[-6.00628,37.39353],[-6.00643,37.3927],[-6.00649,37.39168],[-6.00643,37.39087],[-6.0063,37.39021],[-6.00613,37.38983],[-6.00574,37.38919],[-6.00519,37.38854],[-6.00441,37.38789],[-6.0031,37.38686],[-6.00246,37.38637],[-6.00062,37.38502],[-5.99886,37.38363],[-5.99771,37.38246],[-5.99639,37.38095],[-5.99527,37.3795],[-5.99428,37.37818],[-5.99347,37.37669],[-5.99314,37.37571],[-5.99295,37.3749],[-5.99262,37.3724],[-5.99246,37.37028],[-5.99242,37.36847],[-5.99241,37.36723],[-5.99305,37.35834],[-5.99332,37.35361]]}},{"type":"Feature","properties":{"name":"","kind":"park","road":"","osm":1155802248},"geometry":{"type":"Polygon","coordinates":[[[-5.98983,37.39888],[-5.98982,37.39879],[-5.98983,37.39879],[-5.98983,37.39875],[-5.98977,37.39875],[-5.98976,37.39871],[-5.98974,37.39871],[-5.98975,37.39878],[-5.98977,37.39878],[-5.98978,37.39891],[-5.98967,37.39892],[-5.98969,37.39898],[-5.98984,37.39897],[-5.98982,37.39888],[-5.98983,37.39888]]]}},{"type":"Feature","properties":{"name":"Plaza Ernestina de Champourcin","kind":"road","road":"pedestrian","osm":1159018125},"geometry":{"type":"LineString","coordinates":[[-5.97894,37.37064],[-5.9787,37.37068],[-5.9786,37.37024],[-5.97883,37.3702],[-5.97894,37.37064]]}},{"type":"Feature","properties":{"name":"Calle Rafael Padura","kind":"road","road":"pedestrian","osm":1159027809},"geometry":{"type":"LineString","coordinates":[[-5.99472,37.39238],[-5.99486,37.39234]]}},{"type":"Feature","properties":{"name":"Callejón Coronel Médico Muñoz Cariñanos","kind":"road","road":"pedestrian","osm":1159030295},"geometry":{"type":"LineString","coordinates":[[-5.99596,37.39563],[-5.99587,37.39559],[-5.99565,37.39555]]}},{"type":"Feature","properties":{"name":"Plaza Señor de la Salud","kind":"road","road":"pedestrian","osm":1159033636},"geometry":{"type":"LineString","coordinates":[[-5.98376,37.39493],[-5.98373,37.39488],[-5.98381,37.39482],[-5.98386,37.39469],[-5.9841,37.39474],[-5.98413,37.39476],[-5.98416,37.39479],[-5.98376,37.39493]]}},{"type":"Feature","properties":{"name":"","kind":"park","road":"","osm":1159725791},"geometry":{"type":"Polygon","coordinates":[[[-5.98803,37.39944],[-5.98797,37.39944],[-5.98782,37.39943],[-5.98782,37.39936],[-5.9879,37.39936],[-5.98789,37.3994],[-5.98797,37.3994],[-5.98797,37.39938],[-5.98798,37.39938],[-5.98803,37.39939],[-5.98803,37.39944]]]}},{"type":"Feature","properties":{"name":"","kind":"park","road":"","osm":1159727358},"geometry":{"type":"Polygon","coordinates":[[[-5.98874,37.3991],[-5.98872,37.39905],[-5.98878,37.39903],[-5.98886,37.39901],[-5.98891,37.39899],[-5.989,37.39899],[-5.98898,37.39894],[-5.98904,37.39893],[-5.98906,37.39897],[-5.989,37.39898],[-5.989,37.39899],[-5.98886,37.39903],[-5.98888,37.39907],[-5.98874,37.3991]]]}},{"type":"Feature","properties":{"name":"Paseo de Cristóbal Colón","kind":"road","road":"primary","osm":1160125533},"geometry":{"type":"LineString","coordinates":[[-6.00041,37.38657],[-6.00038,37.38655]]}},{"type":"Feature","properties":{"name":"Paseo de Cristóbal Colón","kind":"road","road":"primary","osm":1160125534},"geometry":{"type":"LineString","coordinates":[[-6.00078,37.38689],[-6.00051,37.38667],[-6.00041,37.38657]]}},{"type":"Feature","properties":{"name":"","kind":"park","road":"","osm":1168420406},"geometry":{"type":"Polygon","coordinates":[[[-5.98772,37.39941],[-5.98767,37.39941],[-5.98768,37.39932],[-5.98772,37.39933],[-5.98772,37.39941]]]}},{"type":"Feature","properties":{"name":"","kind":"park","road":"","osm":1168420410},"geometry":{"type":"Polygon","coordinates":[[[-5.98745,37.39929],[-5.98737,37.39928],[-5.98737,37.39924],[-5.98738,37.39921],[-5.98745,37.39921],[-5.98745,37.39927],[-5.98745,37.39929]]]}},{"type":"Feature","properties":{"name":"","kind":"park","road":"","osm":1168424088},"geometry":{"type":"Polygon","coordinates":[[[-5.98764,37.39919],[-5.98771,37.39918],[-5.98768,37.3991],[-5.98764,37.39911],[-5.98764,37.39912],[-5.98762,37.39912],[-5.98764,37.39919]]]}},{"type":"Feature","properties":{"name":"","kind":"park","road":"","osm":1168424089},"geometry":{"type":"Polygon","coordinates":[[[-5.98781,37.39912],[-5.98779,37.39908],[-5.98791,37.39906],[-5.98792,37.3991],[-5.98781,37.39912]]]}},{"type":"Feature","properties":{"name":"","kind":"park","road":"","osm":1168592499},"geometry":{"type":"Polygon","coordinates":[[[-5.98727,37.39947],[-5.98726,37.39952],[-5.98735,37.39954],[-5.98735,37.39959],[-5.98735,37.3996],[-5.98741,37.39961],[-5.98742,37.39956],[-5.98754,37.39957],[-5.98753,37.39963],[-5.9876,37.39964],[-5.98761,37.39958],[-5.98773,37.3996],[-5.98772,37.39965],[-5.98778,37.39966],[-5.98777,37.3997],[-5.98779,37.3997],[-5.98779,37.39972],[-5.98784,37.39973],[-5.98785,37.39966],[-5.9878,37.39965],[-5.98783,37.39947],[-5.98782,37.39947],[-5.98782,37.39948],[-5.98775,37.39947],[-5.98774,37.39952],[-5.98763,37.3995],[-5.98763,37.39946],[-5.98755,37.39944],[-5.98754,37.3995],[-5.98727,37.39947]]]}},{"type":"Feature","properties":{"name":"","kind":"park","road":"","osm":1168597562},"geometry":{"type":"Polygon","coordinates":[[[-5.98917,37.39808],[-5.98915,37.39807],[-5.98912,37.39806],[-5.9891,37.39807],[-5.9891,37.3981],[-5.98917,37.39808]]]}},{"type":"Feature","properties":{"name":"Plaza de las buñoleras","kind":"road","road":"pedestrian","osm":1169321654},"geometry":{"type":"LineString","coordinates":[[-5.99633,37.37135],[-5.9963,37.3712],[-5.99636,37.3712],[-5.99635,37.37116],[-5.99634,37.37112],[-5.99633,37.37109],[-5.99633,37.37105],[-5.99628,37.37106],[-5.99624,37.37106],[-5.9962,37.37107],[-5.99616,37.37107],[-5.99617,37.37111],[-5.99618,37.37114],[-5.99619,37.37118],[-5.99619,37.37121],[-5.99625,37.37121],[-5.99628,37.37136],[-5.99633,37.37135]]}},{"type":"Feature","properties":{"name":"","kind":"road","road":"pedestrian","osm":1169337965},"geometry":{"type":"LineString","coordinates":[[-6.00396,37.37031],[-6.00399,37.37031],[-6.00429,37.37034]]}},{"type":"Feature","properties":{"name":"Calle Madre Mercedes Trullas","kind":"road","road":"pedestrian","osm":1173223969},"geometry":{"type":"LineString","coordinates":[[-5.99031,37.3872],[-5.99005,37.38748]]}},{"type":"Feature","properties":{"name":"Plaza de los Curtidores","kind":"park","road":"","osm":1174294916},"geometry":{"type":"Polygon","coordinates":[[[-5.98615,37.3868],[-5.98619,37.38677],[-5.98621,37.38674],[-5.98623,37.3867],[-5.98623,37.38666],[-5.98596,37.38656],[-5.98588,37.3867],[-5.98615,37.3868]]]}},{"type":"Feature","properties":{"name":"Calle Juan Carrero Rodríguez","kind":"road","road":"pedestrian","osm":1175116992},"geometry":{"type":"LineString","coordinates":[[-5.99846,37.39526],[-5.99843,37.3954]]}},{"type":"Feature","properties":{"name":"Avenida José Laguillo","kind":"road","road":"primary","osm":1180080070},"geometry":{"type":"LineString","coordinates":[[-5.98365,37.39422],[-5.98363,37.39419],[-5.98362,37.39418],[-5.98359,37.39417]]}},{"type":"Feature","properties":{"name":"Plaza del Salvador","kind":"road","road":"pedestrian","osm":1181100169},"geometry":{"type":"LineString","coordinates":[[-5.99309,37.38969],[-5.99309,37.38971],[-5.9931,37.38976],[-5.99315,37.39019],[-5.9932,37.3902],[-5.99324,37.39021],[-5.99325,37.39023],[-5.99326,37.3903],[-5.99328,37.39038]]}},{"type":"Feature","properties":{"name":"Calle Luis Rey Romero","kind":"road","road":"pedestrian","osm":1181742433},"geometry":{"type":"LineString","coordinates":[[-6.00141,37.39518],[-6.00116,37.39513]]}},{"type":"Feature","properties":{"name":"Calle Virgen del Valle","kind":"road","road":"pedestrian","osm":1182647210},"geometry":{"type":"LineString","coordinates":[[-5.99813,37.37361],[-5.99811,37.37325]]}},{"type":"Feature","properties":{"name":"Calle Narciso Campillo","kind":"road","road":"pedestrian","osm":1184179334},"geometry":{"type":"LineString","coordinates":[[-5.99909,37.38831],[-5.99911,37.38855],[-5.9991,37.38857]]}},{"type":"Feature","properties":{"name":"Calle Pirotecnia","kind":"road","road":"pedestrian","osm":1185317671},"geometry":{"type":"LineString","coordinates":[[-5.97724,37.37707],[-5.97729,37.37722],[-5.9775,37.3778]]}},{"type":"Feature","properties":{"name":"","kind":"road","road":"pedestrian","osm":1197118909},"geometry":{"type":"LineString","coordinates":[[-5.99298,37.38929],[-5.99284,37.38928],[-5.99283,37.38929],[-5.99283,37.3893],[-5.99282,37.3893],[-5.99281,37.38931],[-5.99283,37.38931],[-5.99282,37.38933],[-5.99286,37.38934],[-5.99289,37.38937],[-5.99288,37.38951],[-5.99294,37.38953],[-5.99295,37.38948],[-5.99297,37.38947],[-5.99304,37.38947],[-5.99304,37.38949],[-5.99309,37.3895],[-5.9931,37.38949],[-5.99322,37.3895],[-5.99323,37.38949],[-5.99323,37.38947],[-5.99298,37.38943],[-5.99298,37.38939],[-5.99296,37.38939],[-5.99298,37.38929]]}},{"type":"Feature","properties":{"name":"","kind":"road","road":"pedestrian","osm":1197118910},"geometry":{"type":"LineString","coordinates":[[-5.99292,37.38945],[-5.993,37.38945],[-5.99323,37.38949],[-5.99328,37.3895]]}},{"type":"Feature","properties":{"name":"","kind":"park","road":"","osm":1203094612},"geometry":{"type":"Polygon","coordinates":[[[-6.00369,37.37807],[-6.00375,37.37816],[-6.00396,37.37807],[-6.00389,37.37801],[-6.00384,37.378],[-6.00379,37.378],[-6.00376,37.37802],[-6.00369,37.37807]]]}},{"type":"Feature","properties":{"name":"Calle Caballero de Illescas","kind":"road","road":"pedestrian","osm":1205720916},"geometry":{"type":"LineString","coordinates":[[-6.00992,37.37952],[-6.00961,37.37932],[-6.00953,37.37939],[-6.00984,37.3796],[-6.00985,37.37959],[-6.00992,37.37952]]}},{"type":"Feature","properties":{"name":"Calle Caballero de Illescas","kind":"road","road":"pedestrian","osm":1205720917},"geometry":{"type":"LineString","coordinates":[[-6.00912,37.37904],[-6.00922,37.37912],[-6.00937,37.37923]]}},{"type":"Feature","properties":{"name":"Calle Caballero de Illescas","kind":"road","road":"pedestrian","osm":1205720918},"geometry":{"type":"LineString","coordinates":[[-6.00942,37.37919],[-6.00961,37.37932]]}},{"type":"Feature","properties":{"name":"Calle Caballero de Illescas","kind":"road","road":"pedestrian","osm":1205720919},"geometry":{"type":"LineString","coordinates":[[-6.00953,37.37939],[-6.00933,37.37926],[-6.00937,37.37923]]}},{"type":"Feature","properties":{"name":"","kind":"road","road":"pedestrian","osm":1205720921},"geometry":{"type":"LineString","coordinates":[[-6.00993,37.37964],[-6.00986,37.3796]]}},{"type":"Feature","properties":{"name":"Calle Álvaro Peláez","kind":"road","road":"pedestrian","osm":1205729499},"geometry":{"type":"LineString","coordinates":[[-6.01014,37.37931],[-6.01006,37.37938],[-6.00964,37.37911],[-6.00968,37.37908],[-6.00972,37.37904],[-6.01014,37.37931]]}},{"type":"Feature","properties":{"name":"Callejón de las Moradas","kind":"road","road":"pedestrian","osm":1208446893},"geometry":{"type":"LineString","coordinates":[[-5.98876,37.38553],[-5.98874,37.38553],[-5.98873,37.38553]]}},{"type":"Feature","properties":{"name":"Callejón de las Moradas","kind":"road","road":"pedestrian","osm":1208446894},"geometry":{"type":"LineString","coordinates":[[-5.98873,37.38553],[-5.98855,37.38562],[-5.98853,37.38563],[-5.9885,37.38565]]}},{"type":"Feature","properties":{"name":"Glorieta de Luca de Tena","kind":"road","road":"pedestrian","osm":1227322777},"geometry":{"type":"LineString","coordinates":[[-5.98858,37.3766],[-5.98825,37.37673],[-5.9883,37.3768],[-5.98835,37.37684],[-5.98842,37.37685],[-5.98849,37.37685],[-5.98854,37.37682],[-5.9886,37.37678],[-5.98863,37.37674],[-5.98864,37.37669],[-5.98858,37.3766]]}},{"type":"Feature","properties":{"name":"Calle Torneo","kind":"road","road":"primary","osm":1241215732},"geometry":{"type":"LineString","coordinates":[[-6.00333,37.39476],[-6.00335,37.39473],[-6.00337,37.3947],[-6.0035,37.39449]]}},{"type":"Feature","properties":{"name":"Camino de los Descubrimientos","kind":"road","road":"tertiary","osm":1241770980},"geometry":{"type":"LineString","coordinates":[[-6.00791,37.39535],[-6.00803,37.39522],[-6.00832,37.39494]]}},{"type":"Feature","properties":{"name":"Calle Francisco de Montesinos","kind":"road","road":"tertiary","osm":1241770981},"geometry":{"type":"LineString","coordinates":[[-6.00791,37.39535],[-6.008,37.39532],[-6.00808,37.3953],[-6.00818,37.39531],[-6.00847,37.39536]]}},{"type":"Feature","properties":{"name":"","kind":"water","road":"","osm":1269122111},"geometry":{"type":"Polygon","coordinates":[[[-5.99694,37.39095],[-5.99693,37.39096],[-5.99693,37.39097],[-5.99694,37.39097],[-5.99695,37.39098],[-5.99696,37.39098],[-5.99697,37.39098],[-5.99698,37.39098],[-5.99699,37.39097],[-5.99699,37.39096],[-5.99699,37.39095],[-5.99698,37.39094],[-5.99697,37.39094],[-5.99696,37.39094],[-5.99695,37.39094],[-5.99694,37.39094],[-5.99694,37.39095]]]}},{"type":"Feature","properties":{"name":"Fuente de san Hermenegildo","kind":"water","road":"","osm":1269122654},"geometry":{"type":"Polygon","coordinates":[[[-5.99658,37.39413],[-5.99638,37.39411],[-5.99637,37.39416],[-5.99657,37.39418],[-5.99658,37.39413]]]}},{"type":"Feature","properties":{"name":"Fuente Plaza de España","kind":"water","road":"","osm":1269126342},"geometry":{"type":"Polygon","coordinates":[[[-5.98677,37.37707],[-5.98677,37.3771],[-5.98679,37.37714],[-5.98682,37.37716],[-5.98685,37.37718],[-5.98689,37.37718],[-5.98694,37.37718],[-5.98698,37.37716],[-5.98701,37.37714],[-5.98702,37.37711],[-5.98703,37.37707],[-5.98702,37.37704],[-5.98699,37.37701],[-5.98696,37.37699],[-5.98692,37.37698],[-5.98688,37.37698],[-5.98684,37.37699],[-5.9868,37.37701],[-5.98678,37.37704],[-5.98677,37.37707]]]}},{"type":"Feature","properties":{"name":"","kind":"water","road":"","osm":1269127262},"geometry":{"type":"Polygon","coordinates":[[[-5.99328,37.38633],[-5.99328,37.38634],[-5.99328,37.38635],[-5.99329,37.38635],[-5.9933,37.38635],[-5.99331,37.38635],[-5.99331,37.38634],[-5.99331,37.38633],[-5.9933,37.38633],[-5.99329,37.38633],[-5.99328,37.38633]]]}},{"type":"Feature","properties":{"name":"Fuente Farola","kind":"water","road":"","osm":1269140064},"geometry":{"type":"Polygon","coordinates":[[[-5.99207,37.3861],[-5.99208,37.38611],[-5.99209,37.38611],[-5.99209,37.38612],[-5.9921,37.38612],[-5.9921,37.38613],[-5.99211,37.38613],[-5.99212,37.38613],[-5.99213,37.38612],[-5.99214,37.38612],[-5.99214,37.38611],[-5.99215,37.38611],[-5.99215,37.3861],[-5.99215,37.38609],[-5.99214,37.38609],[-5.99214,37.38608],[-5.99213,37.38608],[-5.99212,37.38607],[-5.99211,37.38607],[-5.9921,37.38607],[-5.9921,37.38608],[-5.99209,37.38608],[-5.99209,37.38609],[-5.99208,37.38609],[-5.99207,37.38609],[-5.99207,37.3861]]]}},{"type":"Feature","properties":{"name":"","kind":"park","road":"","osm":1271856722},"geometry":{"type":"Polygon","coordinates":[[[-5.97739,37.38898],[-5.97742,37.38899],[-5.97747,37.38888],[-5.97745,37.38886],[-5.97739,37.38898]]]}},{"type":"Feature","properties":{"name":"Fuente Pablo Picasso","kind":"water","road":"","osm":1271856723},"geometry":{"type":"Polygon","coordinates":[[[-5.97739,37.38898],[-5.9771,37.3889],[-5.97711,37.38888],[-5.97713,37.38886],[-5.97716,37.38884],[-5.97719,37.38883],[-5.97721,37.38882],[-5.97724,37.38881],[-5.97729,37.3888],[-5.97733,37.38881],[-5.97737,37.38881],[-5.97739,37.38882],[-5.9774,37.38883],[-5.97741,37.38884],[-5.97743,37.38885],[-5.97744,37.38885],[-5.97745,37.38886],[-5.97739,37.38898]]]}},{"type":"Feature","properties":{"name":"Calle Párroco Pedro Ramos","kind":"road","road":"pedestrian","osm":1275484942},"geometry":{"type":"LineString","coordinates":[[-6.00507,37.38688],[-6.00505,37.38688]]}},{"type":"Feature","properties":{"name":"Calle Párroco Pedro Ramos","kind":"road","road":"pedestrian","osm":1275484943},"geometry":{"type":"LineString","coordinates":[[-6.00511,37.38685],[-6.00507,37.38688]]}},{"type":"Feature","properties":{"name":"","kind":"road","road":"pedestrian","osm":1281123898},"geometry":{"type":"LineString","coordinates":[[-5.98754,37.38002],[-5.98761,37.37987],[-5.98767,37.37974],[-5.98611,37.37931],[-5.98605,37.37944],[-5.98598,37.3796],[-5.98754,37.38002]]}},{"type":"Feature","properties":{"name":"","kind":"road","road":"pedestrian","osm":1293525338},"geometry":{"type":"LineString","coordinates":[[-5.99411,37.38189],[-5.99392,37.38191],[-5.99368,37.38203],[-5.99353,37.38211],[-5.9933,37.38222]]}},{"type":"Feature","properties":{"name":"Calle Virgen del Patrocinio","kind":"road","road":"primary","osm":1298610863},"geometry":{"type":"LineString","coordinates":[[-6.01022,37.3897],[-6.01017,37.38977],[-6.0101,37.38984]]}},{"type":"Feature","properties":{"name":"Calle Pagés del Corro","kind":"road","road":"secondary","osm":1298616760},"geometry":{"type":"LineString","coordinates":[[-6.00511,37.38369],[-6.00518,37.38378]]}},{"type":"Feature","properties":{"name":"Calle Pagés del Corro","kind":"road","road":"secondary","osm":1298616762},"geometry":{"type":"LineString","coordinates":[[-6.00778,37.38597],[-6.00783,37.386]]}},{"type":"Feature","properties":{"name":"Calle Alvarado","kind":"road","road":"secondary","osm":1298616765},"geometry":{"type":"LineString","coordinates":[[-6.00772,37.38847],[-6.00772,37.38858]]}},{"type":"Feature","properties":{"name":"","kind":"road","road":"pedestrian","osm":1298850968},"geometry":{"type":"LineString","coordinates":[[-5.99389,37.38228],[-5.99332,37.38222],[-5.9933,37.38222],[-5.99307,37.3822],[-5.99305,37.38219]]}},{"type":"Feature","properties":{"name":"","kind":"road","road":"pedestrian","osm":1312304877},"geometry":{"type":"LineString","coordinates":[[-6.00142,37.37127],[-6.00142,37.3713]]}},{"type":"Feature","properties":{"name":"","kind":"road","road":"pedestrian","osm":1312304884},"geometry":{"type":"LineString","coordinates":[[-6.00317,37.37127],[-6.00316,37.37131]]}},{"type":"Feature","properties":{"name":"Jardín de la Casa de Pilatos","kind":"park","road":"","osm":1321434555},"geometry":{"type":"Polygon","coordinates":[[[-5.98664,37.39033],[-5.98635,37.39016],[-5.98646,37.39006],[-5.9865,37.39009],[-5.98655,37.39004],[-5.98646,37.38998],[-5.98647,37.38994],[-5.98657,37.38996],[-5.98662,37.3899],[-5.98688,37.39005],[-5.9868,37.39012],[-5.98674,37.39008],[-5.98667,37.39014],[-5.98673,37.39018],[-5.98672,37.39019],[-5.98676,37.39022],[-5.98664,37.39033]]]}},{"type":"Feature","properties":{"name":"Jardines de la plaza de Santa Cruz","kind":"park","road":"","osm":1321435062},"geometry":{"type":"Polygon","coordinates":[[[-5.98843,37.38529],[-5.98842,37.38529],[-5.98839,37.38529],[-5.98837,37.38529],[-5.98835,37.38528],[-5.98833,37.38527],[-5.98831,37.38525],[-5.98831,37.38522],[-5.98831,37.38519],[-5.98832,37.38517],[-5.98834,37.38515],[-5.98836,37.38514],[-5.98847,37.3851],[-5.98849,37.38509],[-5.98851,37.38509],[-5.98854,37.3851],[-5.98857,37.38511],[-5.98858,37.38512],[-5.9886,37.38514],[-5.9886,37.38516],[-5.98861,37.38517],[-5.98861,37.38519],[-5.98859,37.38521],[-5.98858,37.38523],[-5.98855,37.38524],[-5.98843,37.38529]]]}},{"type":"Feature","properties":{"name":"","kind":"park","road":"","osm":1332442368},"geometry":{"type":"Polygon","coordinates":[[[-5.98378,37.38589],[-5.98376,37.38588],[-5.98361,37.38612],[-5.98364,37.38613],[-5.98378,37.38589]]]}},{"type":"Feature","properties":{"name":"","kind":"park","road":"","osm":1332442369},"geometry":{"type":"Polygon","coordinates":[[[-5.98358,37.38617],[-5.98361,37.38618],[-5.98351,37.38634],[-5.98349,37.38634],[-5.98358,37.38617]]]}},{"type":"Feature","properties":{"name":"Plaza de Doña Elvira","kind":"road","road":"pedestrian","osm":1353973516},"geometry":{"type":"LineString","coordinates":[[-5.99052,37.38501],[-5.99068,37.38495],[-5.99057,37.38468],[-5.99047,37.38473],[-5.99035,37.38479],[-5.99052,37.38501]]}},{"type":"Feature","properties":{"name":"Calle Mesón del Moro","kind":"road","road":"pedestrian","osm":1372776954},"geometry":{"type":"LineString","coordinates":[[-5.99019,37.38625],[-5.9901,37.38622],[-5.98994,37.38616]]}},{"type":"Feature","properties":{"name":"Calle Ximénez de Enciso","kind":"road","road":"pedestrian","osm":1372776955},"geometry":{"type":"LineString","coordinates":[[-5.98931,37.38607],[-5.98916,37.38614],[-5.98902,37.3862],[-5.98866,37.38631],[-5.98852,37.38639],[-5.98846,37.38643],[-5.98842,37.38646]]}},{"type":"Feature","properties":{"name":"","kind":"park","road":"","osm":1388391734},"geometry":{"type":"Polygon","coordinates":[[[-5.99829,37.4012],[-5.99836,37.40124],[-5.9987,37.40087],[-5.99864,37.40083],[-5.99829,37.4012]]]}},{"type":"Feature","properties":{"name":"Calle Torneo","kind":"road","road":"secondary","osm":1417402055},"geometry":{"type":"LineString","coordinates":[[-6.00279,37.39515],[-6.00273,37.39537]]}},{"type":"Feature","properties":{"name":"Paseo de Cristóbal Colón","kind":"road","road":"primary","osm":1418049070},"geometry":{"type":"LineString","coordinates":[[-6.00096,37.38702],[-6.00078,37.38689]]}},{"type":"Feature","properties":{"name":"Calle Torneo","kind":"road","road":"primary","osm":1418051803},"geometry":{"type":"LineString","coordinates":[[-6.00349,37.3929],[-6.00362,37.39306]]}},{"type":"Feature","properties":{"name":"Calle Torneo","kind":"road","road":"primary","osm":1418051804},"geometry":{"type":"LineString","coordinates":[[-6.00362,37.39278],[-6.00362,37.39261],[-6.00358,37.39249]]}},{"type":"Feature","properties":{"name":"Calle Torneo","kind":"road","road":"primary","osm":1418051805},"geometry":{"type":"LineString","coordinates":[[-6.00362,37.39306],[-6.00362,37.39278]]}},{"type":"Feature","properties":{"name":"Calle Torneo","kind":"road","road":"primary","osm":1418051806},"geometry":{"type":"LineString","coordinates":[[-6.00346,37.39256],[-6.00349,37.3929]]}},{"type":"Feature","properties":{"name":"Calle Torneo","kind":"road","road":"primary","osm":1418051807},"geometry":{"type":"LineString","coordinates":[[-6.00362,37.39278],[-6.00346,37.39256]]}},{"type":"Feature","properties":{"name":"Plaza Alfaro","kind":"road","road":"pedestrian","osm":1422425635},"geometry":{"type":"LineString","coordinates":[[-5.98868,37.38478],[-5.9887,37.3848],[-5.98873,37.38481],[-5.98876,37.38482],[-5.98879,37.38482]]}},{"type":"Feature","properties":{"name":"Plaza de la Alianza","kind":"road","road":"pedestrian","osm":1422425636},"geometry":{"type":"LineString","coordinates":[[-5.99118,37.38546],[-5.99111,37.38534],[-5.99107,37.38525]]}},{"type":"Feature","properties":{"name":"Plaza de la Alianza","kind":"road","road":"pedestrian","osm":1422425637},"geometry":{"type":"LineString","coordinates":[[-5.9911,37.38551],[-5.99108,37.38548],[-5.99118,37.38546],[-5.99123,37.38544]]}},{"type":"Feature","properties":{"name":"Plaza de los Venerables","kind":"road","road":"pedestrian","osm":1422425639},"geometry":{"type":"LineString","coordinates":[[-5.98973,37.38513],[-5.98972,37.38507],[-5.98985,37.385],[-5.98989,37.38501],[-5.98995,37.38498]]}},{"type":"Feature","properties":{"name":"Plaza de la Alianza","kind":"road","road":"pedestrian","osm":1423890594},"geometry":{"type":"LineString","coordinates":[[-5.99093,37.3854],[-5.99099,37.38538],[-5.99111,37.38534]]}},{"type":"Feature","properties":{"name":"Plaza de la Alianza","kind":"road","road":"pedestrian","osm":1423890595},"geometry":{"type":"LineString","coordinates":[[-5.99108,37.38548],[-5.99099,37.38538]]}},{"type":"Feature","properties":{"name":"Plaza Esperanza Macarena","kind":"road","road":"pedestrian","osm":1428300410},"geometry":{"type":"LineString","coordinates":[[-5.9898,37.40296],[-5.98983,37.40289],[-5.98986,37.4028],[-5.98967,37.40277],[-5.98951,37.40273],[-5.98934,37.40267],[-5.98928,37.40263],[-5.98921,37.40264],[-5.98918,37.40268],[-5.98916,37.40271],[-5.98916,37.40275],[-5.98922,37.40274],[-5.98929,37.40273],[-5.9893,37.40275],[-5.98931,37.40275],[-5.98932,37.40282],[-5.9893,37.40282],[-5.98929,37.40282],[-5.98923,37.40282],[-5.98918,37.40283],[-5.98918,37.40287],[-5.98917,37.40288],[-5.98909,37.40294],[-5.98909,37.40296],[-5.98909,37.40297],[-5.98917,37.40296],[-5.98925,37.40294],[-5.98927,37.40293],[-5.98936,37.40293],[-5.98972,37.40293],[-5.98977,37.40294],[-5.98979,37.40295],[-5.9898,37.40296]]}},{"type":"Feature","properties":{"name":"Calle Compositor Gerónimo Giménez","kind":"road","road":"pedestrian","osm":1431140791},"geometry":{"type":"LineString","coordinates":[[-5.97645,37.37189],[-5.97649,37.37188],[-5.97653,37.37188],[-5.97696,37.37183]]}},{"type":"Feature","properties":{"name":"Calle Luis Montoto","kind":"road","road":"secondary","osm":1452455401},"geometry":{"type":"LineString","coordinates":[[-5.98441,37.38916],[-5.98447,37.38918]]}},{"type":"Feature","properties":{"name":"Calle Doctor Ordoñez de la Barrera","kind":"road","road":"primary","osm":1475071923},"geometry":{"type":"LineString","coordinates":[[-5.97977,37.37823],[-5.97985,37.37804],[-5.97986,37.378],[-5.97988,37.37796]]}},{"type":"Feature","properties":{"name":"Calle Recaredo","kind":"road","road":"primary","osm":1475071929},"geometry":{"type":"LineString","coordinates":[[-5.98405,37.39274],[-5.98406,37.39252]]}},{"type":"Feature","properties":{"name":"Avenida de la Buhaira","kind":"road","road":"secondary","osm":1475199223},"geometry":{"type":"LineString","coordinates":[[-5.97939,37.38402],[-5.97929,37.38413],[-5.97927,37.38416],[-5.97916,37.38444]]}},{"type":"Feature","properties":{"name":"","kind":"road","road":"pedestrian","osm":1476447312},"geometry":{"type":"LineString","coordinates":[[-5.98196,37.38336],[-5.98189,37.38402]]}},{"type":"Feature","properties":{"name":"Plaza Alfaro","kind":"road","road":"pedestrian","osm":1482549232},"geometry":{"type":"LineString","coordinates":[[-5.98879,37.38482],[-5.98887,37.38491],[-5.98888,37.38492]]}},{"type":"Feature","properties":{"name":"Calle Torneo","kind":"road","road":"primary","osm":1487649511},"geometry":{"type":"LineString","coordinates":[[-5.99975,37.3993],[-5.99967,37.39939],[-5.99911,37.39995],[-5.99875,37.40034],[-5.99862,37.40048]]}},{"type":"Feature","properties":{"name":"","kind":"water","road":"","osm":1489710391},"geometry":{"type":"Polygon","coordinates":[[[-5.99137,37.38316],[-5.9914,37.38314],[-5.99131,37.38307],[-5.99128,37.38309],[-5.99137,37.38316]]]}},{"type":"Feature","properties":{"name":"","kind":"road","road":"pedestrian","osm":1489727997},"geometry":{"type":"LineString","coordinates":[[-5.98618,37.37173],[-5.98613,37.37176],[-5.98609,37.37179],[-5.98605,37.37183],[-5.98603,37.37187],[-5.98601,37.37192],[-5.98601,37.37197],[-5.98602,37.37201],[-5.98603,37.37206],[-5.98606,37.3721],[-5.9861,37.37214],[-5.98614,37.37217],[-5.98619,37.37219],[-5.98625,37.37221],[-5.98631,37.37222],[-5.98636,37.37222],[-5.98642,37.37221],[-5.98649,37.37219]]}},{"type":"Feature","properties":{"name":"Avenida de Miraflores","kind":"road","road":"tertiary","osm":1494766429},"geometry":{"type":"LineString","coordinates":[[-5.98164,37.39852],[-5.98157,37.39856],[-5.98156,37.39856]]}},{"type":"Feature","properties":{"name":"","kind":"road","road":"pedestrian","osm":1505017623},"geometry":{"type":"LineString","coordinates":[[-5.98187,37.38414],[-5.98186,37.38424]]}},{"type":"Feature","properties":{"name":"","kind":"road","road":"pedestrian","osm":1505017624},"geometry":{"type":"LineString","coordinates":[[-5.98189,37.38402],[-5.98187,37.38414]]}},{"type":"Feature","properties":{"name":"","kind":"road","road":"pedestrian","osm":1505017625},"geometry":{"type":"LineString","coordinates":[[-5.98197,37.3833],[-5.98196,37.38336]]}},{"type":"Feature","properties":{"name":"","kind":"road","road":"pedestrian","osm":1505017626},"geometry":{"type":"LineString","coordinates":[[-5.98197,37.38328],[-5.98197,37.3833]]}},{"type":"Feature","properties":{"name":"Pasaje Francisco Molina","kind":"road","road":"pedestrian","osm":1527905004},"geometry":{"type":"LineString","coordinates":[[-5.99426,37.39359],[-5.99424,37.39337]]}},{"type":"Feature","properties":{"name":"Pasaje Francisco Molina","kind":"road","road":"pedestrian","osm":1527905005},"geometry":{"type":"LineString","coordinates":[[-5.99421,37.39296],[-5.9942,37.39285]]}},{"type":"Feature","properties":{"name":"Pasaje Francisco Molina","kind":"road","road":"pedestrian","osm":1527905006},"geometry":{"type":"LineString","coordinates":[[-5.9942,37.39285],[-5.9942,37.39279]]}},{"type":"Feature","properties":{"name":"Pasaje Francisco Molina","kind":"road","road":"pedestrian","osm":1527905007},"geometry":{"type":"LineString","coordinates":[[-5.99426,37.39361],[-5.99426,37.39359]]}},{"type":"Feature","properties":{"name":"Calle Angostillo","kind":"road","road":"pedestrian","osm":1534714638},"geometry":{"type":"LineString","coordinates":[[-5.99379,37.39411],[-5.99378,37.39426],[-5.99374,37.39433],[-5.99375,37.3944]]}}]}