{"bounds":[36.52113,-6.31583,36.54002,-6.28525],"date":"2026-09-18T17:00:24Z","type":"FeatureCollection","features":[{"type":"Feature","properties":{"name":"Paseo Alameda Clara Campoamor","kind":"road","road":"tertiary","osm":10233181},"geometry":{"type":"LineString","coordinates":[[-6.29491,36.53655],[-6.29455,36.53653]]}},{"type":"Feature","properties":{"name":"Plaza de España","kind":"road","road":"pedestrian","osm":10233182},"geometry":{"type":"LineString","coordinates":[[-6.29259,36.53468],[-6.29259,36.53473],[-6.2926,36.53484],[-6.29261,36.53514],[-6.29263,36.5355],[-6.29262,36.53568]]}},{"type":"Feature","properties":{"name":"","kind":"road","road":"tertiary","osm":23949954},"geometry":{"type":"LineString","coordinates":[[-6.29041,36.52626],[-6.29039,36.52624],[-6.29037,36.52622],[-6.29035,36.52621],[-6.29032,36.5262],[-6.29028,36.5262]]}},{"type":"Feature","properties":{"name":"Glorieta de la Educación Pública","kind":"road","road":"tertiary","osm":23949980},"geometry":{"type":"LineString","coordinates":[[-6.28868,36.52643],[-6.28879,36.52647],[-6.2889,36.5265],[-6.28895,36.52651],[-6.289,36.52651],[-6.28912,36.52652],[-6.28919,36.52651]]}},{"type":"Feature","properties":{"name":"Avenida Cuesta de las Calesas","kind":"road","road":"tertiary","osm":23949982},"geometry":{"type":"LineString","coordinates":[[-6.28896,36.52697],[-6.28901,36.52692],[-6.28905,36.52687],[-6.28909,36.52677],[-6.28916,36.52661],[-6.28917,36.52659],[-6.28919,36.52651]]}},{"type":"Feature","properties":{"name":"Calle Ancha","kind":"road","road":"pedestrian","osm":23950150},"geometry":{"type":"LineString","coordinates":[[-6.29869,36.53455],[-6.29847,36.53434],[-6.29816,36.53405],[-6.29768,36.53357],[-6.29707,36.53298]]}},{"type":"Feature","properties":{"name":"Parque Genovés","kind":"park","road":"","osm":23950360},"geometry":{"type":"Polygon","coordinates":[[[-6.30271,36.53683],[-6.30273,36.53686],[-6.30275,36.53688],[-6.30325,36.5368],[-6.30332,36.53682],[-6.30375,36.53675],[-6.304,36.53655],[-6.30413,36.53655],[-6.30414,36.53653],[-6.30411,36.53648],[-6.30471,36.53602],[-6.30489,36.53596],[-6.30493,36.536],[-6.30498,36.53598],[-6.305,36.53582],[-6.30547,36.53547],[-6.30551,36.5354],[-6.30581,36.53518],[-6.3057,36.53509],[-6.30503,36.53457],[-6.305,36.53457],[-6.30497,36.53458],[-6.30455,36.53493],[-6.30422,36.53521],[-6.3042,36.53523],[-6.30417,36.53525],[-6.30404,36.53536],[-6.30367,36.53566],[-6.30329,36.53597],[-6.30323,36.53602],[-6.30283,36.53634],[-6.30244,36.53666],[-6.30248,36.53669],[-6.30251,36.53671],[-6.30261,36.53679],[-6.30265,36.53681],[-6.30271,36.53683]]]}},{"type":"Feature","properties":{"name":"Plaza de España","kind":"park","road":"","osm":23950423},"geometry":{"type":"Polygon","coordinates":[[[-6.29368,36.53564],[-6.29335,36.5357],[-6.29313,36.53572],[-6.29273,36.53577],[-6.29262,36.53568],[-6.29261,36.53514],[-6.29259,36.53468],[-6.29269,36.5346],[-6.29274,36.53459],[-6.29279,36.53458],[-6.29295,36.53456],[-6.29339,36.53451],[-6.29347,36.53451],[-6.29354,36.53451],[-6.29361,36.53453],[-6.29368,36.53457],[-6.29372,36.53459],[-6.29381,36.53468],[-6.29382,36.53488],[-6.29379,36.53511],[-6.29375,36.53558],[-6.29368,36.53564]]]}},{"type":"Feature","properties":{"name":"Avenida Alcalde Manuel de la Pinta","kind":"road","road":"tertiary","osm":23960854},"geometry":{"type":"LineString","coordinates":[[-6.29041,36.52626],[-6.29043,36.52625],[-6.29045,36.52623],[-6.29047,36.52618],[-6.29047,36.52612],[-6.29047,36.52607],[-6.29045,36.52601],[-6.29036,36.52591]]}},{"type":"Feature","properties":{"name":"Calle Sagasta","kind":"road","road":"pedestrian","osm":27143775},"geometry":{"type":"LineString","coordinates":[[-6.29645,36.53442],[-6.29679,36.53419],[-6.29716,36.53391]]}},{"type":"Feature","properties":{"name":"Calle Zorrilla","kind":"road","road":"pedestrian","osm":27184049},"geometry":{"type":"LineString","coordinates":[[-6.29699,36.53573],[-6.29633,36.53636],[-6.29628,36.53646]]}},{"type":"Feature","properties":{"name":"Calle María de Arteaga","kind":"road","road":"pedestrian","osm":27184095},"geometry":{"type":"LineString","coordinates":[[-6.29944,36.53021],[-6.29959,36.5303],[-6.29971,36.53036],[-6.29998,36.53041],[-6.30033,36.53048],[-6.30059,36.53052],[-6.30083,36.53058]]}},{"type":"Feature","properties":{"name":"Calle Novena","kind":"road","road":"pedestrian","osm":27184156},"geometry":{"type":"LineString","coordinates":[[-6.29707,36.53298],[-6.29698,36.5328],[-6.29681,36.53253],[-6.2966,36.53214]]}},{"type":"Feature","properties":{"name":"Calle José del Toro","kind":"road","road":"pedestrian","osm":27184167},"geometry":{"type":"LineString","coordinates":[[-6.29707,36.53298],[-6.29702,36.53294],[-6.29695,36.53291],[-6.2966,36.53277],[-6.29631,36.53264],[-6.29583,36.53243]]}},{"type":"Feature","properties":{"name":"Calle José del Toro","kind":"road","road":"pedestrian","osm":27184185},"geometry":{"type":"LineString","coordinates":[[-6.29583,36.53243],[-6.29533,36.53222],[-6.29501,36.53209]]}},{"type":"Feature","properties":{"name":"Calle de Junquera","kind":"road","road":"pedestrian","osm":27184299},"geometry":{"type":"LineString","coordinates":[[-6.29896,36.53438],[-6.29896,36.53436],[-6.29893,36.53428],[-6.29874,36.5341]]}},{"type":"Feature","properties":{"name":"Calle Presidente Rivadavia","kind":"road","road":"pedestrian","osm":27184734},"geometry":{"type":"LineString","coordinates":[[-6.29839,36.53485],[-6.29828,36.53477],[-6.29814,36.53466]]}},{"type":"Feature","properties":{"name":"Calle Periodista Emilio López","kind":"road","road":"pedestrian","osm":27184750},"geometry":{"type":"LineString","coordinates":[[-6.29363,36.53349],[-6.29431,36.53342],[-6.29492,36.53335]]}},{"type":"Feature","properties":{"name":"Calle Columela","kind":"road","road":"pedestrian","osm":27184751},"geometry":{"type":"LineString","coordinates":[[-6.29648,36.53176],[-6.29687,36.53136],[-6.29692,36.53131],[-6.29715,36.53105]]}},{"type":"Feature","properties":{"name":"Calle San Francisco","kind":"road","road":"pedestrian","osm":27184864},"geometry":{"type":"LineString","coordinates":[[-6.29572,36.5343],[-6.29547,36.53402]]}},{"type":"Feature","properties":{"name":"Calle Matrona Teresa Rodríguez","kind":"road","road":"pedestrian","osm":27185069},"geometry":{"type":"LineString","coordinates":[[-6.29325,36.53086],[-6.29349,36.53113],[-6.29362,36.53126]]}},{"type":"Feature","properties":{"name":"Plaza de San Francisco","kind":"road","road":"pedestrian","osm":27185076},"geometry":{"type":"LineString","coordinates":[[-6.29625,36.5342],[-6.29632,36.53428],[-6.29639,36.53436]]}},{"type":"Feature","properties":{"name":"Calle Pelota","kind":"road","road":"pedestrian","osm":27185115},"geometry":{"type":"LineString","coordinates":[[-6.29362,36.52969],[-6.29356,36.52969],[-6.29336,36.52971]]}},{"type":"Feature","properties":{"name":"Calle Compañía","kind":"road","road":"pedestrian","osm":27185126},"geometry":{"type":"LineString","coordinates":[[-6.2967,36.53081],[-6.29633,36.53058],[-6.29623,36.5305],[-6.29608,36.53035],[-6.2959,36.53017],[-6.2958,36.53005],[-6.29568,36.52995],[-6.29545,36.52978]]}},{"type":"Feature","properties":{"name":"Calle Cardenal Zapata","kind":"road","road":"pedestrian","osm":27234059},"geometry":{"type":"LineString","coordinates":[[-6.29452,36.53228],[-6.295,36.53213],[-6.29501,36.53209]]}},{"type":"Feature","properties":{"name":"Calle Cardenal Zapata","kind":"road","road":"pedestrian","osm":27234090},"geometry":{"type":"LineString","coordinates":[[-6.29501,36.53209],[-6.29509,36.53186]]}},{"type":"Feature","properties":{"name":"Plaza Candelaria","kind":"park","road":"","osm":27234242},"geometry":{"type":"Polygon","coordinates":[[[-6.29564,36.53102],[-6.29531,36.53151],[-6.29528,36.53155],[-6.29525,36.53154],[-6.2951,36.53151],[-6.29499,36.53149],[-6.29491,36.53148],[-6.2949,36.53141],[-6.2949,36.53135],[-6.2949,36.53131],[-6.2949,36.53108],[-6.2949,36.53104],[-6.2949,36.53095],[-6.2949,36.53084],[-6.29489,36.53083],[-6.29489,36.53081],[-6.29502,36.53081],[-6.29506,36.53081],[-6.2952,36.53085],[-6.29531,36.53088],[-6.29533,36.53088],[-6.2955,36.53094],[-6.2956,36.53096],[-6.29562,36.53099],[-6.29564,36.53102]]]}},{"type":"Feature","properties":{"name":"Calle Cardenal Zapata","kind":"road","road":"pedestrian","osm":27234283},"geometry":{"type":"LineString","coordinates":[[-6.29509,36.53186],[-6.29528,36.53152]]}},{"type":"Feature","properties":{"name":"Calle Marqués del Real Tesoro","kind":"road","road":"pedestrian","osm":27234577},"geometry":{"type":"LineString","coordinates":[[-6.29838,36.53212],[-6.29817,36.53249],[-6.29799,36.53278]]}},{"type":"Feature","properties":{"name":"Calle Marqués del Real Tesoro","kind":"road","road":"pedestrian","osm":27234588},"geometry":{"type":"LineString","coordinates":[[-6.29851,36.53194],[-6.29838,36.53212]]}},{"type":"Feature","properties":{"name":"Calle Santa Inés","kind":"road","road":"pedestrian","osm":29983928},"geometry":{"type":"LineString","coordinates":[[-6.30018,36.53345],[-6.29982,36.53313],[-6.29958,36.53292],[-6.29917,36.53256]]}},{"type":"Feature","properties":{"name":"Plaza de la Constitución","kind":"road","road":"secondary","osm":29983930},"geometry":{"type":"LineString","coordinates":[[-6.28806,36.52584],[-6.28809,36.5259],[-6.28813,36.52595]]}},{"type":"Feature","properties":{"name":"Paseo Alameda Clara Campoamor","kind":"road","road":"tertiary","osm":29983931},"geometry":{"type":"LineString","coordinates":[[-6.29435,36.53669],[-6.2945,36.53665],[-6.29453,36.53665],[-6.29491,36.53655]]}},{"type":"Feature","properties":{"name":"Paseo Alameda Hermanas Carvia Bernal","kind":"road","road":"tertiary","osm":29983932},"geometry":{"type":"LineString","coordinates":[[-6.29856,36.53675],[-6.29861,36.53677],[-6.29901,36.53703],[-6.29925,36.5372],[-6.29943,36.53733],[-6.29953,36.53741],[-6.30013,36.53773],[-6.30019,36.53777],[-6.3003,36.53784],[-6.30034,36.53786]]}},{"type":"Feature","properties":{"name":"Paseo Carlos III","kind":"road","road":"tertiary","osm":29983933},"geometry":{"type":"LineString","coordinates":[[-6.30034,36.53786],[-6.30039,36.53787],[-6.30047,36.53789],[-6.30052,36.53789],[-6.30059,36.53788],[-6.30066,36.53786],[-6.30072,36.53784],[-6.30099,36.53771],[-6.30109,36.53766],[-6.30116,36.53761],[-6.30125,36.53754],[-6.30129,36.53751],[-6.30217,36.5368],[-6.30227,36.53672],[-6.30232,36.53668],[-6.30236,36.53664],[-6.30239,36.53663]]}},{"type":"Feature","properties":{"name":"Avenida Doctor Gómez Ulla","kind":"road","road":"tertiary","osm":29983934},"geometry":{"type":"LineString","coordinates":[[-6.30239,36.53663],[-6.3025,36.53654],[-6.30392,36.53536],[-6.30412,36.53518],[-6.30413,36.53517],[-6.30476,36.53465],[-6.30498,36.53447],[-6.30506,36.5344],[-6.30512,36.53434],[-6.30585,36.53373],[-6.30593,36.53365]]}},{"type":"Feature","properties":{"name":"Calle General Luque","kind":"road","road":"pedestrian","osm":29983938},"geometry":{"type":"LineString","coordinates":[[-6.29499,36.53346],[-6.29439,36.53385]]}},{"type":"Feature","properties":{"name":"Calle Columela","kind":"road","road":"pedestrian","osm":29983940},"geometry":{"type":"LineString","coordinates":[[-6.29492,36.53335],[-6.29495,36.53334],[-6.29503,36.53326],[-6.29521,36.53306],[-6.29557,36.5327],[-6.29583,36.53243],[-6.29618,36.53207]]}},{"type":"Feature","properties":{"name":"Calle San Francisco","kind":"road","road":"pedestrian","osm":29983941},"geometry":{"type":"LineString","coordinates":[[-6.29547,36.53402],[-6.29513,36.53362],[-6.29499,36.53346],[-6.29492,36.53335],[-6.29459,36.53299],[-6.29453,36.53292],[-6.29435,36.5327],[-6.29411,36.53241],[-6.2941,36.5324],[-6.29395,36.53223],[-6.29372,36.53196],[-6.29349,36.5317],[-6.29335,36.53155],[-6.29325,36.53143],[-6.29293,36.53107]]}},{"type":"Feature","properties":{"name":"Calle San Miguel","kind":"road","road":"pedestrian","osm":29983944},"geometry":{"type":"LineString","coordinates":[[-6.29698,36.5328],[-6.2974,36.53254]]}},{"type":"Feature","properties":{"name":"Calle Doctor Ramón y Cajal","kind":"road","road":"pedestrian","osm":29983945},"geometry":{"type":"LineString","coordinates":[[-6.29453,36.53292],[-6.29422,36.53296]]}},{"type":"Feature","properties":{"name":"Avenida Campo del Sur","kind":"road","road":"tertiary","osm":29986819},"geometry":{"type":"LineString","coordinates":[[-6.30474,36.52805],[-6.30462,36.52802],[-6.30455,36.528],[-6.30449,36.528],[-6.30417,36.52799],[-6.30372,36.52799],[-6.30363,36.52799],[-6.30322,36.52799],[-6.3028,36.52799],[-6.30269,36.52799],[-6.3026,36.52799],[-6.30236,36.528],[-6.30233,36.528],[-6.3023,36.528],[-6.30208,36.52802],[-6.30181,36.52808]]}},{"type":"Feature","properties":{"name":"Paseo de Canalejas","kind":"park","road":"","osm":29986824},"geometry":{"type":"Polygon","coordinates":[[[-6.29333,36.53269],[-6.29324,36.53265],[-6.29316,36.5326],[-6.29314,36.53258],[-6.29312,36.53254],[-6.29307,36.53244],[-6.293,36.53233],[-6.29292,36.53222],[-6.29233,36.53165],[-6.29155,36.53091],[-6.29178,36.53073],[-6.29195,36.53061],[-6.29201,36.53057],[-6.29245,36.53109],[-6.29279,36.5315],[-6.29291,36.53168],[-6.29292,36.53171],[-6.29308,36.53202],[-6.29333,36.53269]]]}},{"type":"Feature","properties":{"name":"Avenida Cuesta de las Calesas","kind":"road","road":"tertiary","osm":29986825},"geometry":{"type":"LineString","coordinates":[[-6.28896,36.52697],[-6.28895,36.52699],[-6.28892,36.52707],[-6.2889,36.5271],[-6.28889,36.52713],[-6.28885,36.52721],[-6.28882,36.52732],[-6.2888,36.52742],[-6.28879,36.52746],[-6.28881,36.52757],[-6.28884,36.5277],[-6.28887,36.52777],[-6.28892,36.52786],[-6.28904,36.52805],[-6.28907,36.52809],[-6.28913,36.52818],[-6.28948,36.52868],[-6.28961,36.52888],[-6.28968,36.52899]]}},{"type":"Feature","properties":{"name":"Plaza de Sevilla","kind":"road","road":"tertiary","osm":29986827},"geometry":{"type":"LineString","coordinates":[[-6.29001,36.52968],[-6.29007,36.52976],[-6.29012,36.52983],[-6.29019,36.52991],[-6.29025,36.52997],[-6.29037,36.53008]]}},{"type":"Feature","properties":{"name":"Calle Concepción Arenal","kind":"road","road":"tertiary","osm":30138647},"geometry":{"type":"LineString","coordinates":[[-6.29056,36.52654],[-6.29051,36.52649],[-6.29048,36.52646],[-6.29048,36.52645],[-6.29044,36.5264],[-6.29043,36.52638],[-6.29041,36.52631]]}},{"type":"Feature","properties":{"name":"Calle Concepción Arenal","kind":"road","road":"tertiary","osm":30138648},"geometry":{"type":"LineString","coordinates":[[-6.29026,36.52637],[-6.29027,36.52639],[-6.29029,36.52641],[-6.29032,36.52643],[-6.29056,36.52654]]}},{"type":"Feature","properties":{"name":"Avenida Cuesta de las Calesas","kind":"road","road":"tertiary","osm":30138649},"geometry":{"type":"LineString","coordinates":[[-6.28919,36.52651],[-6.28922,36.52642],[-6.28922,36.52635]]}},{"type":"Feature","properties":{"name":"Avenida Alcalde Manuel de la Pinta","kind":"road","road":"tertiary","osm":30138651},"geometry":{"type":"LineString","coordinates":[[-6.29036,36.52591],[-6.29017,36.52569],[-6.29005,36.52554],[-6.28986,36.52532],[-6.28968,36.52513],[-6.28931,36.52477],[-6.28918,36.52462]]}},{"type":"Feature","properties":{"name":"Calle Murallas de San Roque","kind":"road","road":"tertiary","osm":30138653},"geometry":{"type":"LineString","coordinates":[[-6.29021,36.52624],[-6.29011,36.52625],[-6.28999,36.52627],[-6.28986,36.52629],[-6.28971,36.52631],[-6.2896,36.52632]]}},{"type":"Feature","properties":{"name":"Calle Murallas de San Roque","kind":"road","road":"tertiary","osm":30138656},"geometry":{"type":"LineString","coordinates":[[-6.2896,36.52632],[-6.28946,36.52633]]}},{"type":"Feature","properties":{"name":"Avenida Bahía Blanca","kind":"road","road":"tertiary","osm":30138657},"geometry":{"type":"LineString","coordinates":[[-6.2879,36.52593],[-6.28796,36.52592],[-6.28802,36.52593],[-6.28804,36.52593],[-6.28813,36.52595]]}},{"type":"Feature","properties":{"name":"Calle Acacias","kind":"road","road":"tertiary","osm":30138660},"geometry":{"type":"LineString","coordinates":[[-6.28758,36.52608],[-6.28708,36.52568],[-6.28667,36.52535],[-6.28661,36.5253],[-6.28659,36.52519],[-6.28654,36.52511],[-6.28643,36.52491],[-6.28585,36.52379]]}},{"type":"Feature","properties":{"name":"Plaza de Sevilla","kind":"road","road":"secondary","osm":30138664},"geometry":{"type":"LineString","coordinates":[[-6.2888,36.53009],[-6.28885,36.53009],[-6.2889,36.53009],[-6.28899,36.53006],[-6.2891,36.53003],[-6.28916,36.53002],[-6.2892,36.53002],[-6.28924,36.53002],[-6.28925,36.53002]]}},{"type":"Feature","properties":{"name":"Avenida de Astilleros","kind":"road","road":"secondary","osm":30138665},"geometry":{"type":"LineString","coordinates":[[-6.2888,36.53009],[-6.28877,36.5301]]}},{"type":"Feature","properties":{"name":"Plaza de Sevilla","kind":"road","road":"secondary","osm":30138667},"geometry":{"type":"LineString","coordinates":[[-6.28985,36.52939],[-6.28982,36.52945],[-6.28982,36.52946],[-6.28982,36.5295],[-6.28981,36.52954],[-6.28979,36.52957],[-6.28979,36.52958],[-6.28976,36.52961],[-6.28973,36.52965],[-6.2897,36.52969],[-6.28969,36.5297],[-6.28968,36.52972]]}},{"type":"Feature","properties":{"name":"Calle Murallas de San Roque","kind":"road","road":"tertiary","osm":30138668},"geometry":{"type":"LineString","coordinates":[[-6.28919,36.52651],[-6.28933,36.52647],[-6.28946,36.52643],[-6.28959,36.5264]]}},{"type":"Feature","properties":{"name":"Glorieta de la Educación Pública","kind":"road","road":"tertiary","osm":30138669},"geometry":{"type":"LineString","coordinates":[[-6.28917,36.52622],[-6.28915,36.52618],[-6.28913,36.52616],[-6.28907,36.52609]]}},{"type":"Feature","properties":{"name":"Calle Plocia","kind":"road","road":"pedestrian","osm":30138675},"geometry":{"type":"LineString","coordinates":[[-6.29198,36.53013],[-6.29168,36.52991],[-6.29165,36.52989],[-6.29145,36.52976],[-6.29134,36.52968],[-6.29129,36.52964],[-6.29105,36.52952],[-6.29092,36.52945],[-6.29052,36.52926],[-6.29025,36.52915],[-6.29013,36.52912]]}},{"type":"Feature","properties":{"name":"Calle Sagasta","kind":"road","road":"pedestrian","osm":30838936},"geometry":{"type":"LineString","coordinates":[[-6.29822,36.53321],[-6.29768,36.53357],[-6.29716,36.53391]]}},{"type":"Feature","properties":{"name":"Alameda de Apodaca","kind":"park","road":"","osm":30838938},"geometry":{"type":"Polygon","coordinates":[[[-6.29701,36.53653],[-6.29682,36.53667],[-6.29678,36.53671],[-6.29676,36.53674],[-6.29798,36.53696],[-6.29885,36.53757],[-6.29889,36.5376],[-6.2989,36.53759],[-6.29897,36.53763],[-6.29904,36.53769],[-6.29902,36.5377],[-6.29906,36.53787],[-6.29913,36.53771],[-6.29895,36.53753],[-6.29905,36.53746],[-6.29953,36.53773],[-6.29991,36.5378],[-6.29994,36.5377],[-6.29936,36.53737],[-6.29917,36.53718],[-6.29886,36.53699],[-6.29863,36.53683],[-6.29845,36.53677],[-6.29827,36.53673],[-6.29814,36.53672],[-6.298,36.53666],[-6.29729,36.5364],[-6.29714,36.53644],[-6.29701,36.53653]]]}},{"type":"Feature","properties":{"name":"Plaza de Mina","kind":"road","road":"pedestrian","osm":30838939},"geometry":{"type":"LineString","coordinates":[[-6.29677,36.5347],[-6.29695,36.53477],[-6.29698,36.53478],[-6.29771,36.53503],[-6.29775,36.53505]]}},{"type":"Feature","properties":{"name":"Callejón del Tinte","kind":"road","road":"pedestrian","osm":30838940},"geometry":{"type":"LineString","coordinates":[[-6.29639,36.53436],[-6.29645,36.53442],[-6.29661,36.53459],[-6.29665,36.53463],[-6.29677,36.5347]]}},{"type":"Feature","properties":{"name":"Plaza de España","kind":"road","road":"pedestrian","osm":30838943},"geometry":{"type":"LineString","coordinates":[[-6.29375,36.53558],[-6.29377,36.5353],[-6.29379,36.53511],[-6.29382,36.53488],[-6.29382,36.53474],[-6.29381,36.53468],[-6.29376,36.53463],[-6.29372,36.53459],[-6.29368,36.53457],[-6.29361,36.53453],[-6.29354,36.53451],[-6.29347,36.53451],[-6.29339,36.53451],[-6.29331,36.53452],[-6.29317,36.53453],[-6.29299,36.53456],[-6.29295,36.53456],[-6.29279,36.53458],[-6.29274,36.53459],[-6.29269,36.5346],[-6.29266,36.53462],[-6.29261,36.53466],[-6.29259,36.53468]]}},{"type":"Feature","properties":{"name":"","kind":"park","road":"","osm":30838946},"geometry":{"type":"Polygon","coordinates":[[[-6.29281,36.53407],[-6.29269,36.53435],[-6.29268,36.53447],[-6.29274,36.53451],[-6.29284,36.53451],[-6.29292,36.5345],[-6.29293,36.53447],[-6.29294,36.5344],[-6.29291,36.53425],[-6.29287,36.53408],[-6.29285,36.53403],[-6.29281,36.53407]]]}},{"type":"Feature","properties":{"name":"Avenida del Puerto","kind":"road","road":"tertiary","osm":30838947},"geometry":{"type":"LineString","coordinates":[[-6.29262,36.53434],[-6.29262,36.53432],[-6.29262,36.5343],[-6.29263,36.53425],[-6.29264,36.53419],[-6.29266,36.53414]]}},{"type":"Feature","properties":{"name":"Avenida del Puerto","kind":"road","road":"tertiary","osm":30838948},"geometry":{"type":"LineString","coordinates":[[-6.29292,36.53381],[-6.29278,36.53398],[-6.29275,36.53403]]}},{"type":"Feature","properties":{"name":"Avenida del Puerto","kind":"road","road":"tertiary","osm":30838949},"geometry":{"type":"LineString","coordinates":[[-6.2924,36.53437],[-6.29239,36.53441],[-6.29236,36.53444],[-6.29231,36.53449],[-6.29223,36.53456],[-6.29221,36.53457],[-6.29212,36.53465],[-6.2921,36.53467]]}},{"type":"Feature","properties":{"name":"Avenida del Puerto","kind":"road","road":"tertiary","osm":30838950},"geometry":{"type":"LineString","coordinates":[[-6.29194,36.53515],[-6.29195,36.53504],[-6.29195,36.53499],[-6.29197,36.53494],[-6.29199,36.5349],[-6.29205,36.53482],[-6.29224,36.53464],[-6.29227,36.53462],[-6.29229,36.5346],[-6.29233,36.53457],[-6.29237,36.53454],[-6.2924,36.53451],[-6.29244,36.53449],[-6.29248,36.53447]]}},{"type":"Feature","properties":{"name":"Calle Honduras","kind":"road","road":"tertiary","osm":30838951},"geometry":{"type":"LineString","coordinates":[[-6.29435,36.53669],[-6.294,36.53677],[-6.29356,36.53686],[-6.29298,36.53696],[-6.29255,36.53705],[-6.29248,36.53706],[-6.29242,36.53706],[-6.29237,36.53706]]}},{"type":"Feature","properties":{"name":"Callejón de los Piratas","kind":"road","road":"pedestrian","osm":31979385},"geometry":{"type":"LineString","coordinates":[[-6.29466,36.52906],[-6.29436,36.52904],[-6.29438,36.52895],[-6.29441,36.52887]]}},{"type":"Feature","properties":{"name":"Plaza Viudas","kind":"road","road":"pedestrian","osm":39723926},"geometry":{"type":"LineString","coordinates":[[-6.30038,36.53471],[-6.30088,36.53392],[-6.30111,36.5336],[-6.30151,36.53303]]}},{"type":"Feature","properties":{"name":"Calle San Telmo","kind":"road","road":"pedestrian","osm":39723930},"geometry":{"type":"LineString","coordinates":[[-6.30279,36.53493],[-6.30219,36.5348]]}},{"type":"Feature","properties":{"name":"Calle Mateo de Alba","kind":"road","road":"pedestrian","osm":39723932},"geometry":{"type":"LineString","coordinates":[[-6.30133,36.53146],[-6.30055,36.53124]]}},{"type":"Feature","properties":{"name":"Calle Armengual","kind":"road","road":"pedestrian","osm":39723933},"geometry":{"type":"LineString","coordinates":[[-6.30045,36.53145],[-6.30116,36.53174]]}},{"type":"Feature","properties":{"name":"Plaza José Macias Rete","kind":"road","road":"pedestrian","osm":39723946},"geometry":{"type":"LineString","coordinates":[[-6.3016,36.52923],[-6.30156,36.52896]]}},{"type":"Feature","properties":{"name":"Calle Artistas Petróleo y Salvaora","kind":"road","road":"pedestrian","osm":39723956},"geometry":{"type":"LineString","coordinates":[[-6.30189,36.52969],[-6.30188,36.5292]]}},{"type":"Feature","properties":{"name":"Calle San Pablo","kind":"road","road":"pedestrian","osm":39723962},"geometry":{"type":"LineString","coordinates":[[-6.30218,36.52971],[-6.30214,36.53007]]}},{"type":"Feature","properties":{"name":"Calle de Cuba","kind":"road","road":"pedestrian","osm":39723963},"geometry":{"type":"LineString","coordinates":[[-6.30251,36.53055],[-6.3021,36.53051]]}},{"type":"Feature","properties":{"name":"Calle de la Paz","kind":"road","road":"pedestrian","osm":39723964},"geometry":{"type":"LineString","coordinates":[[-6.30139,36.53086],[-6.30142,36.53056],[-6.30143,36.53037],[-6.30146,36.53006]]}},{"type":"Feature","properties":{"name":"Calle Portería de Capuchinos","kind":"road","road":"pedestrian","osm":39723965},"geometry":{"type":"LineString","coordinates":[[-6.30134,36.53006],[-6.30138,36.52895]]}},{"type":"Feature","properties":{"name":"Calle Abreu","kind":"road","road":"pedestrian","osm":39723973},"geometry":{"type":"LineString","coordinates":[[-6.29907,36.52891],[-6.2991,36.52906],[-6.29909,36.52909],[-6.2989,36.52978],[-6.29886,36.53007]]}},{"type":"Feature","properties":{"name":"Calle Pasquín","kind":"road","road":"pedestrian","osm":39723974},"geometry":{"type":"LineString","coordinates":[[-6.30036,36.53009],[-6.30031,36.52963],[-6.30025,36.52901],[-6.30023,36.52875]]}},{"type":"Feature","properties":{"name":"Calle Sargento Daponte","kind":"road","road":"pedestrian","osm":39723979},"geometry":{"type":"LineString","coordinates":[[-6.30025,36.52901],[-6.30092,36.529]]}},{"type":"Feature","properties":{"name":"Calle de República Dominicana","kind":"road","road":"pedestrian","osm":39723981},"geometry":{"type":"LineString","coordinates":[[-6.30214,36.53066],[-6.30142,36.53056]]}},{"type":"Feature","properties":{"name":"Calle Paco Alba","kind":"road","road":"pedestrian","osm":39723982},"geometry":{"type":"LineString","coordinates":[[-6.3021,36.5304],[-6.30143,36.53037]]}},{"type":"Feature","properties":{"name":"Calle Fernández Shaw","kind":"road","road":"pedestrian","osm":39723987},"geometry":{"type":"LineString","coordinates":[[-6.299,36.53139],[-6.29868,36.53201]]}},{"type":"Feature","properties":{"name":"Calle Rosario Cepeda","kind":"road","road":"pedestrian","osm":39723988},"geometry":{"type":"LineString","coordinates":[[-6.29955,36.5316],[-6.29903,36.53214],[-6.29825,36.53288]]}},{"type":"Feature","properties":{"name":"Glorieta Simón Bolívar","kind":"road","road":"tertiary","osm":39723991},"geometry":{"type":"LineString","coordinates":[[-6.30587,36.53349],[-6.3059,36.53353],[-6.30595,36.53356]]}},{"type":"Feature","properties":{"name":"Avenida Duque de Nájera","kind":"road","road":"tertiary","osm":39723992},"geometry":{"type":"LineString","coordinates":[[-6.30617,36.53337],[-6.3062,36.53328],[-6.30622,36.53317]]}},{"type":"Feature","properties":{"name":"Avenida Duque de Nájera","kind":"road","road":"tertiary","osm":39723993},"geometry":{"type":"LineString","coordinates":[[-6.30622,36.53317],[-6.30613,36.53326],[-6.30604,36.53331]]}},{"type":"Feature","properties":{"name":"Avenida Doctor Gómez Ulla","kind":"road","road":"tertiary","osm":39723994},"geometry":{"type":"LineString","coordinates":[[-6.30595,36.53356],[-6.30593,36.53365]]}},{"type":"Feature","properties":{"name":"Avenida Doctor Gómez Ulla","kind":"road","road":"tertiary","osm":39723995},"geometry":{"type":"LineString","coordinates":[[-6.30593,36.53365],[-6.306,36.5336],[-6.30603,36.53357]]}},{"type":"Feature","properties":{"name":"Avenida Duque de Nájera","kind":"road","road":"tertiary","osm":39723996},"geometry":{"type":"LineString","coordinates":[[-6.30622,36.53317],[-6.30624,36.53307],[-6.30623,36.53297],[-6.3062,36.53289],[-6.30617,36.53281],[-6.30603,36.53256],[-6.30585,36.53222],[-6.30566,36.53189],[-6.30559,36.53173],[-6.30548,36.53155]]}},{"type":"Feature","properties":{"name":"Calle Plata","kind":"road","road":"pedestrian","osm":39724000},"geometry":{"type":"LineString","coordinates":[[-6.30002,36.53472],[-6.29955,36.53522]]}},{"type":"Feature","properties":{"name":"Calle Doctor Zurita","kind":"road","road":"pedestrian","osm":39724005},"geometry":{"type":"LineString","coordinates":[[-6.29397,36.53476],[-6.29411,36.53437]]}},{"type":"Feature","properties":{"name":"Plaza Candelaria","kind":"road","road":"pedestrian","osm":39724008},"geometry":{"type":"LineString","coordinates":[[-6.29562,36.53099],[-6.29504,36.53084],[-6.29493,36.53084],[-6.29494,36.53146]]}},{"type":"Feature","properties":{"name":"Calle Doctor Dacarrete","kind":"road","road":"pedestrian","osm":39724010},"geometry":{"type":"LineString","coordinates":[[-6.29692,36.53131],[-6.29583,36.53067]]}},{"type":"Feature","properties":{"name":"Calle Santiago","kind":"road","road":"pedestrian","osm":39724012},"geometry":{"type":"LineString","coordinates":[[-6.29568,36.52995],[-6.29529,36.53035],[-6.29508,36.5307],[-6.29504,36.53081],[-6.29504,36.53084]]}},{"type":"Feature","properties":{"name":"Calle Villalobos","kind":"road","road":"pedestrian","osm":39724013},"geometry":{"type":"LineString","coordinates":[[-6.29508,36.5307],[-6.29474,36.53053],[-6.29442,36.53035]]}},{"type":"Feature","properties":{"name":"Calle Cobos","kind":"road","road":"pedestrian","osm":39724014},"geometry":{"type":"LineString","coordinates":[[-6.29458,36.52964],[-6.29446,36.53023]]}},{"type":"Feature","properties":{"name":"Calle Flamenco","kind":"road","road":"pedestrian","osm":39724019},"geometry":{"type":"LineString","coordinates":[[-6.29368,36.53019],[-6.29301,36.53033],[-6.29288,36.5304],[-6.29252,36.53061]]}},{"type":"Feature","properties":{"name":"Plaza de San Juan de Dios","kind":"road","road":"pedestrian","osm":39724020},"geometry":{"type":"LineString","coordinates":[[-6.29336,36.52971],[-6.29333,36.52971],[-6.29316,36.52969],[-6.29313,36.52971],[-6.29294,36.52967],[-6.2929,36.52966],[-6.29276,36.52962],[-6.29274,36.5296],[-6.29251,36.52956]]}},{"type":"Feature","properties":{"name":"Calle San Antonio Abad","kind":"road","road":"pedestrian","osm":39724021},"geometry":{"type":"LineString","coordinates":[[-6.29316,36.52969],[-6.29322,36.52939]]}},{"type":"Feature","properties":{"name":"Arco de la Rosa","kind":"road","road":"pedestrian","osm":39724023},"geometry":{"type":"LineString","coordinates":[[-6.29456,36.52928],[-6.2945,36.52926],[-6.29412,36.52917]]}},{"type":"Feature","properties":{"name":"Calle Fabio Rufino","kind":"road","road":"pedestrian","osm":39724024},"geometry":{"type":"LineString","coordinates":[[-6.29408,36.52915],[-6.29406,36.5292],[-6.29395,36.52945],[-6.29368,36.52944],[-6.29365,36.52943],[-6.29361,36.52943]]}},{"type":"Feature","properties":{"name":"Calle Posadilla","kind":"road","road":"pedestrian","osm":39724025},"geometry":{"type":"LineString","coordinates":[[-6.29329,36.52912],[-6.29365,36.52917],[-6.29382,36.52918],[-6.29384,36.52917]]}},{"type":"Feature","properties":{"name":"Calle del Pozo","kind":"road","road":"pedestrian","osm":39724026},"geometry":{"type":"LineString","coordinates":[[-6.29365,36.52917],[-6.29361,36.52943]]}},{"type":"Feature","properties":{"name":"Calle Manuel Enríquez","kind":"road","road":"pedestrian","osm":39724028},"geometry":{"type":"LineString","coordinates":[[-6.29266,36.52921],[-6.29262,36.52917],[-6.29259,36.52913],[-6.29258,36.52911],[-6.29258,36.52908]]}},{"type":"Feature","properties":{"name":"Calle Soto","kind":"road","road":"pedestrian","osm":39724029},"geometry":{"type":"LineString","coordinates":[[-6.29178,36.52976],[-6.29223,36.5299]]}},{"type":"Feature","properties":{"name":"Calle Botica","kind":"road","road":"pedestrian","osm":39724031},"geometry":{"type":"LineString","coordinates":[[-6.29004,36.52846],[-6.29023,36.52823],[-6.29039,36.52801],[-6.29044,36.5279],[-6.29051,36.52776],[-6.29067,36.52723],[-6.29076,36.52696],[-6.29083,36.52674]]}},{"type":"Feature","properties":{"name":"Calle Santo Domingo","kind":"road","road":"pedestrian","osm":39724032},"geometry":{"type":"LineString","coordinates":[[-6.2903,36.52648],[-6.29024,36.52664]]}},{"type":"Feature","properties":{"name":"Calle Mirador","kind":"road","road":"pedestrian","osm":39724033},"geometry":{"type":"LineString","coordinates":[[-6.28909,36.52677],[-6.28916,36.5268],[-6.28931,36.52684],[-6.2901,36.52706]]}},{"type":"Feature","properties":{"name":"Calle Teniente Andújar","kind":"road","road":"pedestrian","osm":39724035},"geometry":{"type":"LineString","coordinates":[[-6.28885,36.52721],[-6.28895,36.52724],[-6.28913,36.5273],[-6.28921,36.52733],[-6.28935,36.52737],[-6.28995,36.52756],[-6.29051,36.52776],[-6.29076,36.52785],[-6.29097,36.52792],[-6.29111,36.52798],[-6.29149,36.5281],[-6.29164,36.52818],[-6.29168,36.5282],[-6.29174,36.52822],[-6.29197,36.52833],[-6.29199,36.52835]]}},{"type":"Feature","properties":{"name":"Callejón de los Moros","kind":"road","road":"pedestrian","osm":39724036},"geometry":{"type":"LineString","coordinates":[[-6.29251,36.5287],[-6.29234,36.52868]]}},{"type":"Feature","properties":{"name":"Calle Suárez de Salazar","kind":"road","road":"pedestrian","osm":39724037},"geometry":{"type":"LineString","coordinates":[[-6.29145,36.52976],[-6.29164,36.52923]]}},{"type":"Feature","properties":{"name":"Calle San Juan Bautista de la Salle","kind":"road","road":"pedestrian","osm":39724038},"geometry":{"type":"LineString","coordinates":[[-6.29197,36.52762],[-6.29275,36.52792]]}},{"type":"Feature","properties":{"name":"Calle Acacias","kind":"road","road":"tertiary","osm":48989749},"geometry":{"type":"LineString","coordinates":[[-6.28585,36.52379],[-6.2858,36.5237],[-6.28511,36.5233]]}},{"type":"Feature","properties":{"name":"Calle Obispo J.M. Rancés","kind":"road","road":"pedestrian","osm":48989752},"geometry":{"type":"LineString","coordinates":[[-6.29412,36.52917],[-6.29414,36.52911],[-6.29415,36.52907],[-6.29417,36.52899],[-6.2942,36.52884]]}},{"type":"Feature","properties":{"name":"","kind":"water","road":"","osm":51734912},"geometry":{"type":"Polygon","coordinates":[[[-6.30483,36.53553],[-6.30483,36.53556],[-6.30484,36.53557],[-6.30485,36.53557],[-6.30487,36.53557],[-6.30488,36.53556],[-6.30489,36.53553],[-6.30491,36.53549],[-6.30493,36.53546],[-6.30498,36.53542],[-6.30505,36.53539],[-6.3051,36.53537],[-6.30513,36.53535],[-6.30514,36.53534],[-6.30515,36.53533],[-6.30514,36.53532],[-6.30513,36.53531],[-6.30507,36.53531],[-6.30501,36.53532],[-6.30496,36.53534],[-6.30493,36.53537],[-6.30489,36.53541],[-6.30486,36.53544],[-6.30484,36.53547],[-6.30483,36.5355],[-6.30483,36.53553]]]}},{"type":"Feature","properties":{"name":"Avenida Cuatro de Diciembre de 1977","kind":"road","road":"pedestrian","osm":51734933},"geometry":{"type":"LineString","coordinates":[[-6.2938,36.53441],[-6.29378,36.5343],[-6.29376,36.5342],[-6.29367,36.53365]]}},{"type":"Feature","properties":{"name":"Plaza de Sevilla","kind":"road","road":"secondary","osm":51734950},"geometry":{"type":"LineString","coordinates":[[-6.28954,36.5298],[-6.28949,36.52983],[-6.28943,36.52986],[-6.28938,36.52988]]}},{"type":"Feature","properties":{"name":"Plaza de Filipinas","kind":"road","road":"tertiary","osm":51734955},"geometry":{"type":"LineString","coordinates":[[-6.2918,36.53683],[-6.29183,36.53688],[-6.29186,36.53691],[-6.2919,36.53694],[-6.292,36.53698]]}},{"type":"Feature","properties":{"name":"Calle Santísimo Cristo del Perdón","kind":"road","road":"pedestrian","osm":66648042},"geometry":{"type":"LineString","coordinates":[[-6.29458,36.52866],[-6.29483,36.52827],[-6.29487,36.52821]]}},{"type":"Feature","properties":{"name":"Callejón Cardoso","kind":"road","road":"pedestrian","osm":82917956},"geometry":{"type":"LineString","coordinates":[[-6.30095,36.53005],[-6.30036,36.53009],[-6.29973,36.53014],[-6.29954,36.53017],[-6.29944,36.53021]]}},{"type":"Feature","properties":{"name":"Plaza Tío de la Tiza","kind":"road","road":"pedestrian","osm":82917959},"geometry":{"type":"LineString","coordinates":[[-6.3021,36.53051],[-6.30214,36.53066]]}},{"type":"Feature","properties":{"name":"Calle Hermano Ignacio","kind":"road","road":"pedestrian","osm":82917963},"geometry":{"type":"LineString","coordinates":[[-6.30214,36.53007],[-6.3021,36.5304],[-6.3021,36.53051]]}},{"type":"Feature","properties":{"name":"Calle Robles","kind":"road","road":"pedestrian","osm":83035101},"geometry":{"type":"LineString","coordinates":[[-6.29862,36.53034],[-6.29886,36.53041],[-6.29905,36.53046],[-6.29932,36.53053]]}},{"type":"Feature","properties":{"name":"Calle Santa Lucía","kind":"road","road":"pedestrian","osm":83035102},"geometry":{"type":"LineString","coordinates":[[-6.2994,36.53084],[-6.29895,36.53071],[-6.29876,36.53066],[-6.29852,36.5306]]}},{"type":"Feature","properties":{"name":"Glorieta de la Educación Pública","kind":"road","road":"secondary","osm":96366879},"geometry":{"type":"LineString","coordinates":[[-6.28852,36.52633],[-6.28857,36.52637],[-6.28859,36.52639]]}},{"type":"Feature","properties":{"name":"Plaza de la Constitución","kind":"road","road":"secondary","osm":96366881},"geometry":{"type":"LineString","coordinates":[[-6.28885,36.52589],[-6.28881,36.52586],[-6.28873,36.52581],[-6.2887,36.52579],[-6.2886,36.52573]]}},{"type":"Feature","properties":{"name":"Plaza de la Constitución","kind":"road","road":"secondary","osm":96366884},"geometry":{"type":"LineString","coordinates":[[-6.28842,36.52625],[-6.28852,36.52633]]}},{"type":"Feature","properties":{"name":"Plaza de la Constitución","kind":"road","road":"secondary","osm":96366886},"geometry":{"type":"LineString","coordinates":[[-6.28896,36.52599],[-6.28889,36.52593],[-6.28885,36.52589]]}},{"type":"Feature","properties":{"name":"Avenida Cuesta de las Calesas","kind":"road","road":"tertiary","osm":97500741},"geometry":{"type":"LineString","coordinates":[[-6.28922,36.52635],[-6.28918,36.52636],[-6.28912,36.52639],[-6.28908,36.52642],[-6.28904,36.52645],[-6.28903,36.52647],[-6.289,36.52651],[-6.28896,36.52663],[-6.28894,36.52671],[-6.28892,36.5268]]}},{"type":"Feature","properties":{"name":"Plaza Topete","kind":"road","road":"pedestrian","osm":102478333},"geometry":{"type":"LineString","coordinates":[[-6.2975,36.53118],[-6.29753,36.53108],[-6.29756,36.531],[-6.29757,36.53098]]}},{"type":"Feature","properties":{"name":"Calle Ustariz","kind":"road","road":"pedestrian","osm":102739443},"geometry":{"type":"LineString","coordinates":[[-6.30121,36.53639],[-6.30069,36.53705]]}},{"type":"Feature","properties":{"name":"Calle Jose Cubiles","kind":"road","road":"pedestrian","osm":103155686},"geometry":{"type":"LineString","coordinates":[[-6.30252,36.53008],[-6.30214,36.53007],[-6.30146,36.53006],[-6.30134,36.53006],[-6.30095,36.53005]]}},{"type":"Feature","properties":{"name":"Calle Virgen de la Palma","kind":"road","road":"pedestrian","osm":103155690},"geometry":{"type":"LineString","coordinates":[[-6.30368,36.52975],[-6.30313,36.52974],[-6.30254,36.52972],[-6.30218,36.52971],[-6.30189,36.52969]]}},{"type":"Feature","properties":{"name":"Plaza de Filipinas","kind":"road","road":"tertiary","osm":103538142},"geometry":{"type":"LineString","coordinates":[[-6.292,36.53698],[-6.2922,36.53704]]}},{"type":"Feature","properties":{"name":"Calle Doctor Marañón","kind":"road","road":"pedestrian","osm":106045248},"geometry":{"type":"LineString","coordinates":[[-6.30338,36.53253],[-6.30374,36.53266]]}},{"type":"Feature","properties":{"name":"Calle Arbolí","kind":"road","road":"pedestrian","osm":107495246},"geometry":{"type":"LineString","coordinates":[[-6.29764,36.52936],[-6.29749,36.5297],[-6.29734,36.52982],[-6.29725,36.52989],[-6.29718,36.52995],[-6.29703,36.53008],[-6.29695,36.53015],[-6.2968,36.53026],[-6.29667,36.53036],[-6.29654,36.53044],[-6.2964,36.53053],[-6.29633,36.53058]]}},{"type":"Feature","properties":{"name":"Calle Libertad","kind":"road","road":"pedestrian","osm":109137220},"geometry":{"type":"LineString","coordinates":[[-6.29757,36.53098],[-6.2976,36.5309],[-6.29765,36.53081],[-6.29767,36.53075],[-6.2978,36.53051],[-6.29789,36.53031],[-6.29816,36.52971]]}},{"type":"Feature","properties":{"name":"Calle Fonte","kind":"road","road":"pedestrian","osm":109648556},"geometry":{"type":"LineString","coordinates":[[-6.29895,36.53071],[-6.29901,36.53058],[-6.29905,36.53046]]}},{"type":"Feature","properties":{"name":"Calle Gentil","kind":"road","road":"pedestrian","osm":109648558},"geometry":{"type":"LineString","coordinates":[[-6.29876,36.53066],[-6.29886,36.53041]]}},{"type":"Feature","properties":{"name":"Callejón Cardoso","kind":"road","road":"pedestrian","osm":109648704},"geometry":{"type":"LineString","coordinates":[[-6.29944,36.53021],[-6.29929,36.5302],[-6.29908,36.53014],[-6.29886,36.53007],[-6.29875,36.53003]]}},{"type":"Feature","properties":{"name":"Callejón Villalba (calle Pasquín)","kind":"road","road":"pedestrian","osm":109649668},"geometry":{"type":"LineString","coordinates":[[-6.30031,36.52963],[-6.30059,36.52963]]}},{"type":"Feature","properties":{"name":"Calle Marqués de Valdeíñigo","kind":"road","road":"pedestrian","osm":118337604},"geometry":{"type":"LineString","coordinates":[[-6.29435,36.5327],[-6.29475,36.53254]]}},{"type":"Feature","properties":{"name":"Calle Antulo","kind":"road","road":"pedestrian","osm":118337616},"geometry":{"type":"LineString","coordinates":[[-6.29165,36.52989],[-6.29137,36.53012]]}},{"type":"Feature","properties":{"name":"Glorieta de los Periodistas","kind":"road","road":"tertiary","osm":118338094},"geometry":{"type":"LineString","coordinates":[[-6.29259,36.53445],[-6.29261,36.53444],[-6.29262,36.53441],[-6.29263,36.53439],[-6.29263,36.53436],[-6.29262,36.53434]]}},{"type":"Feature","properties":{"name":"Calle Obispo Urquinaona","kind":"road","road":"pedestrian","osm":118879570},"geometry":{"type":"LineString","coordinates":[[-6.29562,36.53099],[-6.29583,36.53067],[-6.29586,36.53063]]}},{"type":"Feature","properties":{"name":"Calle Obispo Urquinaona","kind":"road","road":"pedestrian","osm":118879571},"geometry":{"type":"LineString","coordinates":[[-6.29586,36.53063],[-6.29608,36.53035],[-6.2964,36.52998],[-6.29647,36.52982],[-6.2965,36.52975]]}},{"type":"Feature","properties":{"name":"Calle Barrocal","kind":"road","road":"pedestrian","osm":118879572},"geometry":{"type":"LineString","coordinates":[[-6.29474,36.53053],[-6.29499,36.5302],[-6.29529,36.53035],[-6.29586,36.53063]]}},{"type":"Feature","properties":{"name":"Calle Nueva","kind":"road","road":"pedestrian","osm":118879631},"geometry":{"type":"LineString","coordinates":[[-6.29293,36.53107],[-6.29252,36.53061],[-6.29235,36.53043]]}},{"type":"Feature","properties":{"name":"Calle San Germán","kind":"road","road":"pedestrian","osm":118880204},"geometry":{"type":"LineString","coordinates":[[-6.29229,36.53702],[-6.29229,36.53696],[-6.2923,36.5369],[-6.29272,36.53595],[-6.29275,36.53591],[-6.29273,36.53577]]}},{"type":"Feature","properties":{"name":"Calle República Argentina","kind":"road","road":"tertiary","osm":118880206},"geometry":{"type":"LineString","coordinates":[[-6.29159,36.53651],[-6.29159,36.53646],[-6.2916,36.53638],[-6.29173,36.53609],[-6.29193,36.53564],[-6.29195,36.53561],[-6.29198,36.53555]]}},{"type":"Feature","properties":{"name":"Avenida del Puerto","kind":"road","road":"tertiary","osm":119043841},"geometry":{"type":"LineString","coordinates":[[-6.29266,36.53414],[-6.29261,36.53418],[-6.29256,36.53423],[-6.29255,36.53424],[-6.29252,36.53427],[-6.2925,36.53428],[-6.29248,36.53429]]}},{"type":"Feature","properties":{"name":"Calle de Juan Ramón Jiménez","kind":"road","road":"tertiary","osm":119409769},"geometry":{"type":"LineString","coordinates":[[-6.28489,36.52302],[-6.28573,36.52271],[-6.28608,36.52258],[-6.28618,36.52255]]}},{"type":"Feature","properties":{"name":"Avenida del Puerto","kind":"road","road":"tertiary","osm":141200807},"geometry":{"type":"LineString","coordinates":[[-6.29037,36.53008],[-6.29042,36.53012],[-6.29052,36.5302]]}},{"type":"Feature","properties":{"name":"Calle Javier de Burgos","kind":"road","road":"pedestrian","osm":142067918},"geometry":{"type":"LineString","coordinates":[[-6.29775,36.532],[-6.2981,36.53207],[-6.29838,36.53212]]}},{"type":"Feature","properties":{"name":"Calle de Ecuador","kind":"road","road":"pedestrian","osm":146718087},"geometry":{"type":"LineString","coordinates":[[-6.28576,36.52202],[-6.28513,36.52225],[-6.28485,36.52235],[-6.28462,36.52242]]}},{"type":"Feature","properties":{"name":"Jardines de Varela","kind":"park","road":"","osm":146718090},"geometry":{"type":"Polygon","coordinates":[[[-6.28601,36.52254],[-6.28596,36.52244],[-6.28576,36.52204],[-6.2853,36.5222],[-6.28529,36.52221],[-6.2854,36.52242],[-6.28555,36.52272],[-6.28557,36.5227],[-6.28601,36.52254]]]}},{"type":"Feature","properties":{"name":"Avenida Alcalde Manuel de la Pinta","kind":"road","road":"tertiary","osm":148385974},"geometry":{"type":"LineString","coordinates":[[-6.28918,36.52462],[-6.28816,36.5236],[-6.28807,36.52352],[-6.28801,36.52347],[-6.28794,36.5234],[-6.28778,36.52323],[-6.28769,36.52313],[-6.28757,36.52294],[-6.28734,36.52253],[-6.28716,36.52219],[-6.28683,36.5216],[-6.28673,36.52143],[-6.28661,36.5212],[-6.28653,36.52103],[-6.2865,36.52098],[-6.28649,36.52095],[-6.28644,36.52082],[-6.28638,36.52058],[-6.28631,36.52022],[-6.28624,36.51986],[-6.28621,36.5197],[-6.28619,36.51962],[-6.28618,36.51951],[-6.28615,36.51939],[-6.28612,36.51922],[-6.28608,36.51903],[-6.28607,36.51897],[-6.28587,36.51791],[-6.28584,36.51775],[-6.28582,36.51766],[-6.28578,36.51752],[-6.28573,36.51736],[-6.28554,36.51693]]}},{"type":"Feature","properties":{"name":"Calle Churruca","kind":"road","road":"pedestrian","osm":149396782},"geometry":{"type":"LineString","coordinates":[[-6.29386,36.53154],[-6.29349,36.5317],[-6.2931,36.53188],[-6.29306,36.53189]]}},{"type":"Feature","properties":{"name":"","kind":"beach","road":"","osm":149396800},"geometry":{"type":"Polygon","coordinates":[[[-6.30925,36.52863],[-6.3092,36.52863],[-6.30808,36.52852],[-6.30811,36.52846],[-6.30842,36.52848],[-6.30865,36.52849],[-6.30895,36.52848],[-6.30919,36.52848],[-6.3095,36.52851],[-6.30925,36.52863]]]}},{"type":"Feature","properties":{"name":"Calle Francisco García Merchán","kind":"road","road":"pedestrian","osm":151702388},"geometry":{"type":"LineString","coordinates":[[-6.28669,36.52189],[-6.28606,36.52212]]}},{"type":"Feature","properties":{"name":"Plaza de Sevilla","kind":"road","road":"secondary","osm":153371941},"geometry":{"type":"LineString","coordinates":[[-6.28965,36.52974],[-6.28966,36.52977],[-6.28968,36.52982],[-6.28972,36.52989],[-6.28977,36.52995],[-6.28986,36.53001]]}},{"type":"Feature","properties":{"name":"Plaza de Sevilla","kind":"road","road":"secondary","osm":153371946},"geometry":{"type":"LineString","coordinates":[[-6.28965,36.52974],[-6.28954,36.5298]]}},{"type":"Feature","properties":{"name":"Plaza de Sevilla","kind":"road","road":"secondary","osm":153371952},"geometry":{"type":"LineString","coordinates":[[-6.28938,36.52988],[-6.28933,36.5299],[-6.2893,36.52991],[-6.28924,36.52993],[-6.28916,36.52996],[-6.28908,36.52999],[-6.28897,36.53003],[-6.2888,36.53009]]}},{"type":"Feature","properties":{"name":"Calle Enrique el Mellizo","kind":"road","road":"pedestrian","osm":154232563},"geometry":{"type":"LineString","coordinates":[[-6.28981,36.52801],[-6.28953,36.52797],[-6.28951,36.52797]]}},{"type":"Feature","properties":{"name":"Calle Almirante Pes","kind":"road","road":"pedestrian","osm":154232573},"geometry":{"type":"LineString","coordinates":[[-6.28879,36.52746],[-6.28891,36.52749],[-6.28913,36.52755]]}},{"type":"Feature","properties":{"name":"Calle Yedra","kind":"road","road":"pedestrian","osm":154232577},"geometry":{"type":"LineString","coordinates":[[-6.29142,36.52875],[-6.29158,36.52834],[-6.29164,36.52818]]}},{"type":"Feature","properties":{"name":"Plaza de la Constitución","kind":"park","road":"","osm":154232580},"geometry":{"type":"Polygon","coordinates":[[[-6.28874,36.52591],[-6.28867,36.52597],[-6.28852,36.52609],[-6.28842,36.52616],[-6.28827,36.52599],[-6.28824,36.52594],[-6.28823,36.52589],[-6.28823,36.52585],[-6.28826,36.5258],[-6.28833,36.52576],[-6.28842,36.52575],[-6.28852,36.52578],[-6.28859,36.52581],[-6.28874,36.52591]]]}},{"type":"Feature","properties":{"name":"Sor Esperanza González","kind":"road","road":"pedestrian","osm":154232585},"geometry":{"type":"LineString","coordinates":[[-6.29078,36.52884],[-6.29086,36.52857]]}},{"type":"Feature","properties":{"name":"Calle Mariana Cornejo","kind":"road","road":"pedestrian","osm":154232588},"geometry":{"type":"LineString","coordinates":[[-6.2904,36.52833],[-6.29076,36.52785]]}},{"type":"Feature","properties":{"name":"Calle Mariana Cornejo","kind":"road","road":"pedestrian","osm":154232606},"geometry":{"type":"LineString","coordinates":[[-6.2902,36.52859],[-6.2904,36.52833]]}},{"type":"Feature","properties":{"name":"Calle Servanda","kind":"road","road":"pedestrian","osm":154232607},"geometry":{"type":"LineString","coordinates":[[-6.28913,36.52755],[-6.28921,36.52733]]}},{"type":"Feature","properties":{"name":"Calle Rosa la Papera","kind":"road","road":"pedestrian","osm":154232608},"geometry":{"type":"LineString","coordinates":[[-6.28952,36.52801],[-6.28932,36.52798],[-6.28932,36.52793],[-6.28908,36.52787],[-6.28904,36.52786]]}},{"type":"Feature","properties":{"name":"Calle Gabriela Ortega","kind":"road","road":"pedestrian","osm":154232610},"geometry":{"type":"LineString","coordinates":[[-6.29158,36.52834],[-6.29127,36.52826]]}},{"type":"Feature","properties":{"name":"Calle Troilo","kind":"road","road":"pedestrian","osm":154232616},"geometry":{"type":"LineString","coordinates":[[-6.2892,36.52711],[-6.28913,36.5273]]}},{"type":"Feature","properties":{"name":"Calle Gloria","kind":"road","road":"pedestrian","osm":154232632},"geometry":{"type":"LineString","coordinates":[[-6.29105,36.52952],[-6.29114,36.52933],[-6.29129,36.52904]]}},{"type":"Feature","properties":{"name":"Parque Carlos III","kind":"park","road":"","osm":154960994},"geometry":{"type":"Polygon","coordinates":[[[-6.30251,36.53702],[-6.3024,36.53692],[-6.30238,36.5369],[-6.30227,36.53681],[-6.30218,36.53688],[-6.30215,36.5369],[-6.30206,36.53698],[-6.30202,36.537],[-6.30192,36.53708],[-6.30189,36.5371],[-6.30174,36.53722],[-6.30172,36.53723],[-6.30157,36.53735],[-6.30156,36.53736],[-6.30129,36.53756],[-6.30132,36.53758],[-6.30163,36.53743],[-6.30166,36.53742],[-6.30182,36.53734],[-6.30185,36.53733],[-6.30202,36.53725],[-6.30206,36.53723],[-6.30218,36.53717],[-6.30223,36.53715],[-6.30234,36.5371],[-6.30239,36.53707],[-6.30251,36.53702]]]}},{"type":"Feature","properties":{"name":"Calle General Morla","kind":"road","road":"pedestrian","osm":154969353},"geometry":{"type":"LineString","coordinates":[[-6.30111,36.53633],[-6.30125,36.53615],[-6.30138,36.53594]]}},{"type":"Feature","properties":{"name":"Calle República El Salvador","kind":"road","road":"pedestrian","osm":155297015},"geometry":{"type":"LineString","coordinates":[[-6.29275,36.53591],[-6.29277,36.53597],[-6.29278,36.53603],[-6.29281,36.53615],[-6.29286,36.53637]]}},{"type":"Feature","properties":{"name":"Plaza de Filipinas","kind":"road","road":"tertiary","osm":155297016},"geometry":{"type":"LineString","coordinates":[[-6.2918,36.53683],[-6.29178,36.53682],[-6.29177,36.5368],[-6.29164,36.53665],[-6.29161,36.5366],[-6.2916,36.53656],[-6.29159,36.53651]]}},{"type":"Feature","properties":{"name":"Calle Santa María","kind":"road","road":"pedestrian","osm":155368503},"geometry":{"type":"LineString","coordinates":[[-6.2929,36.52854],[-6.29284,36.52852],[-6.29254,36.52844],[-6.29245,36.52842]]}},{"type":"Feature","properties":{"name":"Calle Rutilio","kind":"road","road":"pedestrian","osm":155368505},"geometry":{"type":"LineString","coordinates":[[-6.28935,36.52737],[-6.28944,36.52718],[-6.2892,36.52711]]}},{"type":"Feature","properties":{"name":"Calle San Juan Bautista de la Salle","kind":"road","road":"pedestrian","osm":155368507},"geometry":{"type":"LineString","coordinates":[[-6.29275,36.52792],[-6.29268,36.52812]]}},{"type":"Feature","properties":{"name":"Calle Amaya","kind":"road","road":"pedestrian","osm":155368508},"geometry":{"type":"LineString","coordinates":[[-6.29209,36.52911],[-6.29199,36.52935]]}},{"type":"Feature","properties":{"name":"Adela la Chaqueta","kind":"road","road":"pedestrian","osm":155368510},"geometry":{"type":"LineString","coordinates":[[-6.28953,36.52797],[-6.28952,36.52801],[-6.28947,36.52817]]}},{"type":"Feature","properties":{"name":"Calle San Roque","kind":"road","road":"pedestrian","osm":155371791},"geometry":{"type":"LineString","coordinates":[[-6.28946,36.52643],[-6.28959,36.52646],[-6.28966,36.52648],[-6.2897,36.52651],[-6.29024,36.52664]]}},{"type":"Feature","properties":{"name":"Calle Suárez de Salazar","kind":"road","road":"pedestrian","osm":155371793},"geometry":{"type":"LineString","coordinates":[[-6.29164,36.52923],[-6.29174,36.52888],[-6.29179,36.52878],[-6.29189,36.52857],[-6.29199,36.52835]]}},{"type":"Feature","properties":{"name":"Cuesta de la Jabonería","kind":"road","road":"pedestrian","osm":155371794},"geometry":{"type":"LineString","coordinates":[[-6.29258,36.52908],[-6.29259,36.52885],[-6.29255,36.52877],[-6.29251,36.5287],[-6.29244,36.52851],[-6.29245,36.52842]]}},{"type":"Feature","properties":{"name":"Calle Sopranis","kind":"road","road":"pedestrian","osm":155371795},"geometry":{"type":"LineString","coordinates":[[-6.29251,36.52956],[-6.29245,36.52953],[-6.29199,36.52935],[-6.29164,36.52923]]}},{"type":"Feature","properties":{"name":"Calle Jaraquemada","kind":"road","road":"pedestrian","osm":155371796},"geometry":{"type":"LineString","coordinates":[[-6.29199,36.52835],[-6.29208,36.5284],[-6.29228,36.52847],[-6.29244,36.52851]]}},{"type":"Feature","properties":{"name":"Calle Merced","kind":"road","road":"pedestrian","osm":155371801},"geometry":{"type":"LineString","coordinates":[[-6.29077,36.52855],[-6.2907,36.52853],[-6.2904,36.52833],[-6.29023,36.52823]]}},{"type":"Feature","properties":{"name":"Calle Santiago Donday","kind":"road","road":"pedestrian","osm":155371802},"geometry":{"type":"LineString","coordinates":[[-6.29259,36.52885],[-6.29233,36.52883]]}},{"type":"Feature","properties":{"name":"Calle Blanqueto","kind":"road","road":"pedestrian","osm":155374124},"geometry":{"type":"LineString","coordinates":[[-6.293,36.53173],[-6.29303,36.53172],[-6.29335,36.53155]]}},{"type":"Feature","properties":{"name":"Obispo Cerero","kind":"road","road":"pedestrian","osm":155374125},"geometry":{"type":"LineString","coordinates":[[-6.2991,36.53538],[-6.299,36.53554]]}},{"type":"Feature","properties":{"name":"Plazuela Los gitanillos de Cádiz","kind":"road","road":"pedestrian","osm":155374126},"geometry":{"type":"LineString","coordinates":[[-6.29212,36.52811],[-6.29223,36.52816],[-6.29224,36.52816],[-6.29228,36.52807],[-6.29227,36.52807],[-6.29217,36.52803],[-6.29212,36.52811]]}},{"type":"Feature","properties":{"name":"Calle Aurelio Sellé","kind":"road","road":"pedestrian","osm":155438006},"geometry":{"type":"LineString","coordinates":[[-6.29252,36.53061],[-6.29226,36.53076]]}},{"type":"Feature","properties":{"name":"Calle del Mesón","kind":"road","road":"pedestrian","osm":155524505},"geometry":{"type":"LineString","coordinates":[[-6.29386,36.5291],[-6.2938,36.52898],[-6.29378,36.5288],[-6.29379,36.52876],[-6.29348,36.52872],[-6.29339,36.52871],[-6.2932,36.52865],[-6.29316,36.5286],[-6.29304,36.52857]]}},{"type":"Feature","properties":{"name":"Calle Pomponio Mela","kind":"road","road":"pedestrian","osm":155524506},"geometry":{"type":"LineString","coordinates":[[-6.29333,36.52971],[-6.29333,36.52969],[-6.29338,36.52941]]}},{"type":"Feature","properties":{"name":"Calle San Fernando","kind":"road","road":"pedestrian","osm":155524507},"geometry":{"type":"LineString","coordinates":[[-6.29331,36.52991],[-6.2936,36.52984]]}},{"type":"Feature","properties":{"name":"Calle Silencio","kind":"road","road":"pedestrian","osm":155524513},"geometry":{"type":"LineString","coordinates":[[-6.29332,36.52846],[-6.2932,36.52865]]}},{"type":"Feature","properties":{"name":"Bajada del Escribano","kind":"road","road":"pedestrian","osm":155524514},"geometry":{"type":"LineString","coordinates":[[-6.29356,36.52852],[-6.29348,36.52872]]}},{"type":"Feature","properties":{"name":"Playa de Santa María del Mar","kind":"beach","road":"","osm":156887753},"geometry":{"type":"Polygon","coordinates":[[[-6.28593,36.51761],[-6.28642,36.51755],[-6.2868,36.51755],[-6.28726,36.5175],[-6.28708,36.51772],[-6.28698,36.51788],[-6.28689,36.51805],[-6.28677,36.5184],[-6.28669,36.51884],[-6.28674,36.51938],[-6.28687,36.51992],[-6.28711,36.52044],[-6.28737,36.52096],[-6.28754,36.52134],[-6.28778,36.52168],[-6.28809,36.52206],[-6.28845,36.52245],[-6.2888,36.52264],[-6.28849,36.52281],[-6.28828,36.52287],[-6.28806,36.52284],[-6.28785,36.52268],[-6.28772,36.52257],[-6.28751,36.52209],[-6.28709,36.52146],[-6.2867,36.5207],[-6.28645,36.51962],[-6.2865,36.51912],[-6.28636,36.51891],[-6.28617,36.51823],[-6.28613,36.51823],[-6.28604,36.51825],[-6.28593,36.51761]]]}},{"type":"Feature","properties":{"name":"Glorieta de la Educación Pública","kind":"park","road":"","osm":162533360},"geometry":{"type":"Polygon","coordinates":[[[-6.28902,36.52633],[-6.28905,36.52629],[-6.28906,36.52624],[-6.28906,36.5262],[-6.28905,36.52617],[-6.28904,36.52615],[-6.28902,36.52612],[-6.28868,36.52637],[-6.28871,36.52639],[-6.28876,36.5264],[-6.28881,36.52641],[-6.28886,36.52641],[-6.28891,36.5264],[-6.28894,36.52639],[-6.28897,36.52638],[-6.289,36.52636],[-6.28902,36.52633]]]}},{"type":"Feature","properties":{"name":"Calle Amaya","kind":"road","road":"pedestrian","osm":162534388},"geometry":{"type":"LineString","coordinates":[[-6.29199,36.52935],[-6.29178,36.52976],[-6.29168,36.52991]]}},{"type":"Feature","properties":{"name":"Paseo Alameda Clara Campoamor","kind":"road","road":"tertiary","osm":166284900},"geometry":{"type":"LineString","coordinates":[[-6.29747,36.5364],[-6.29806,36.53666],[-6.29813,36.53668],[-6.29824,36.5367],[-6.29827,36.5367],[-6.29833,36.53671],[-6.29856,36.53675]]}},{"type":"Feature","properties":{"name":"","kind":"road","road":"tertiary","osm":166284901},"geometry":{"type":"LineString","coordinates":[[-6.29719,36.53639],[-6.29722,36.5364],[-6.29724,36.5364],[-6.29726,36.53639]]}},{"type":"Feature","properties":{"name":"","kind":"park","road":"","osm":166284902},"geometry":{"type":"Polygon","coordinates":[[[-6.29682,36.53661],[-6.29671,36.53663],[-6.29602,36.5365],[-6.2959,36.53651],[-6.29587,36.53649],[-6.29587,36.53646],[-6.29589,36.53645],[-6.29596,36.53644],[-6.29619,36.53646],[-6.29673,36.53657],[-6.29681,36.53657],[-6.29686,36.53654],[-6.29691,36.53651],[-6.29695,36.53648],[-6.29698,36.53645],[-6.29701,36.53643],[-6.29704,36.53641],[-6.29707,36.5364],[-6.2971,36.5364],[-6.29709,36.53642],[-6.29707,36.53643],[-6.29704,36.53645],[-6.29701,36.53648],[-6.29698,36.5365],[-6.29694,36.53653],[-6.29688,36.53657],[-6.29682,36.53661]]]}},{"type":"Feature","properties":{"name":"Paseo Alameda Clara Campoamor","kind":"road","road":"tertiary","osm":166284903},"geometry":{"type":"LineString","coordinates":[[-6.29716,36.53634],[-6.29702,36.5364],[-6.29688,36.53651],[-6.29683,36.53653],[-6.29677,36.53654],[-6.29628,36.53646],[-6.29594,36.5364],[-6.29586,36.5364],[-6.29579,36.53641],[-6.29573,36.53642],[-6.29563,36.53648],[-6.29554,36.53654]]}},{"type":"Feature","properties":{"name":"Paseo Alameda Clara Campoamor","kind":"road","road":"tertiary","osm":166284904},"geometry":{"type":"LineString","coordinates":[[-6.29554,36.53654],[-6.29566,36.53654],[-6.29577,36.53653],[-6.296,36.53651],[-6.29615,36.53653],[-6.29635,36.53657],[-6.29673,36.53664],[-6.29683,36.53662],[-6.29689,36.53659],[-6.29696,36.53654],[-6.29706,36.53646],[-6.29719,36.53639]]}},{"type":"Feature","properties":{"name":"Calle San Juan Bautista de la Salle","kind":"road","road":"pedestrian","osm":166338007},"geometry":{"type":"LineString","coordinates":[[-6.29268,36.52812],[-6.29254,36.52844]]}},{"type":"Feature","properties":{"name":"Calle Nicaragua","kind":"road","road":"pedestrian","osm":166559836},"geometry":{"type":"LineString","coordinates":[[-6.29426,36.53086],[-6.29489,36.53083],[-6.29493,36.53084]]}},{"type":"Feature","properties":{"name":"Plaza de Sevilla","kind":"road","road":"secondary","osm":182711481},"geometry":{"type":"LineString","coordinates":[[-6.28986,36.53001],[-6.29015,36.53008]]}},{"type":"Feature","properties":{"name":"Calle Gravina","kind":"road","road":"pedestrian","osm":225806260},"geometry":{"type":"LineString","coordinates":[[-6.30186,36.53622],[-6.3015,36.53652]]}},{"type":"Feature","properties":{"name":"Calle San José","kind":"road","road":"pedestrian","osm":225807025},"geometry":{"type":"LineString","coordinates":[[-6.29814,36.53466],[-6.29847,36.53434],[-6.29874,36.5341],[-6.29899,36.53389]]}},{"type":"Feature","properties":{"name":"Calle José de Dios","kind":"road","road":"pedestrian","osm":225807142},"geometry":{"type":"LineString","coordinates":[[-6.29856,36.53121],[-6.29825,36.53185]]}},{"type":"Feature","properties":{"name":"Calle República Argentina","kind":"road","road":"tertiary","osm":225807500},"geometry":{"type":"LineString","coordinates":[[-6.29198,36.53555],[-6.292,36.5355],[-6.29201,36.53544],[-6.29201,36.53537],[-6.292,36.53524],[-6.29198,36.53521],[-6.29195,36.53519]]}},{"type":"Feature","properties":{"name":"Calle Rosario","kind":"road","road":"pedestrian","osm":225808156},"geometry":{"type":"LineString","coordinates":[[-6.29452,36.53228],[-6.29475,36.53254],[-6.29486,36.53266],[-6.29521,36.53306],[-6.29556,36.53345],[-6.29584,36.53374],[-6.29603,36.53396],[-6.29625,36.5342]]}},{"type":"Feature","properties":{"name":"Calle Cuna Vieja","kind":"road","road":"pedestrian","osm":259529285},"geometry":{"type":"LineString","coordinates":[[-6.29773,36.53268],[-6.2981,36.53207]]}},{"type":"Feature","properties":{"name":"Calle Guerra Jiménez","kind":"road","road":"pedestrian","osm":259662806},"geometry":{"type":"LineString","coordinates":[[-6.29805,36.53113],[-6.29793,36.53137],[-6.29791,36.53141]]}},{"type":"Feature","properties":{"name":"Avenida de Andalucía","kind":"road","road":"secondary","osm":296661718},"geometry":{"type":"LineString","coordinates":[[-6.28324,36.51736],[-6.28358,36.51797],[-6.28366,36.51812],[-6.28386,36.51846],[-6.28394,36.51861],[-6.28415,36.51899],[-6.28427,36.51919],[-6.28441,36.51945],[-6.28448,36.51956],[-6.28463,36.51981],[-6.28481,36.52013],[-6.28493,36.52034],[-6.28529,36.52099],[-6.28551,36.52137]]}},{"type":"Feature","properties":{"name":"Plaza de Filipinas","kind":"road","road":"tertiary","osm":298999409},"geometry":{"type":"LineString","coordinates":[[-6.29202,36.53692],[-6.29195,36.5369],[-6.29187,36.53687],[-6.2918,36.53683]]}},{"type":"Feature","properties":{"name":"Plaza de Filipinas","kind":"road","road":"tertiary","osm":298999410},"geometry":{"type":"LineString","coordinates":[[-6.29222,36.53698],[-6.29202,36.53692]]}},{"type":"Feature","properties":{"name":"","kind":"park","road":"","osm":313842900},"geometry":{"type":"Polygon","coordinates":[[[-6.28832,36.52633],[-6.28804,36.52655],[-6.28799,36.5265],[-6.28804,36.52645],[-6.28794,36.52635],[-6.28793,36.52634],[-6.2874,36.52663],[-6.28693,36.52688],[-6.28687,36.52691],[-6.28663,36.52682],[-6.28654,36.52677],[-6.28644,36.52673],[-6.28733,36.52627],[-6.28747,36.5262],[-6.28787,36.52602],[-6.28791,36.52604],[-6.28796,36.52606],[-6.28803,36.52605],[-6.28807,36.5261],[-6.28817,36.5262],[-6.28832,36.52633]]]}},{"type":"Feature","properties":{"name":"Calle Fernando el Católico","kind":"road","road":"pedestrian","osm":330665406},"geometry":{"type":"LineString","coordinates":[[-6.29262,36.53568],[-6.29254,36.53569],[-6.2925,36.53571],[-6.29244,36.53576],[-6.29241,36.53585],[-6.29208,36.53662],[-6.29202,36.53675],[-6.29199,36.53682],[-6.29198,36.53683],[-6.29196,36.53686]]}},{"type":"Feature","properties":{"name":"","kind":"road","road":"pedestrian","osm":355625132},"geometry":{"type":"LineString","coordinates":[[-6.28911,36.52709],[-6.2892,36.52711]]}},{"type":"Feature","properties":{"name":"","kind":"road","road":"pedestrian","osm":355625133},"geometry":{"type":"LineString","coordinates":[[-6.28906,36.52707],[-6.28911,36.52709]]}},{"type":"Feature","properties":{"name":"Callejon de los Negros","kind":"road","road":"pedestrian","osm":355625135},"geometry":{"type":"LineString","coordinates":[[-6.29129,36.52964],[-6.29108,36.52985],[-6.29105,36.52991],[-6.29105,36.52995]]}},{"type":"Feature","properties":{"name":"Plaza de Mina","kind":"park","road":"","osm":355625136},"geometry":{"type":"Polygon","coordinates":[[[-6.29775,36.53505],[-6.29771,36.53503],[-6.29695,36.53477],[-6.29691,36.53478],[-6.29628,36.53529],[-6.29626,36.53533],[-6.29656,36.53547],[-6.29699,36.53573],[-6.29775,36.53505]]]}},{"type":"Feature","properties":{"name":"Plaza Rocío Jurado","kind":"road","road":"pedestrian","osm":369979752},"geometry":{"type":"LineString","coordinates":[[-6.30268,36.53688],[-6.30254,36.53677],[-6.30248,36.53673],[-6.30236,36.53664]]}},{"type":"Feature","properties":{"name":"Calle Concepción Arenal","kind":"road","road":"tertiary","osm":373533486},"geometry":{"type":"LineString","coordinates":[[-6.29152,36.52702],[-6.29139,36.52696],[-6.29077,36.52663]]}},{"type":"Feature","properties":{"name":"Plaza de Filipinas","kind":"road","road":"tertiary","osm":373577588},"geometry":{"type":"LineString","coordinates":[[-6.2922,36.53704],[-6.29227,36.53705],[-6.29237,36.53706]]}},{"type":"Feature","properties":{"name":"Plaza de Filipinas","kind":"road","road":"tertiary","osm":373577589},"geometry":{"type":"LineString","coordinates":[[-6.29237,36.53706],[-6.29229,36.53702],[-6.29226,36.537],[-6.29222,36.53698]]}},{"type":"Feature","properties":{"name":"","kind":"road","road":"pedestrian","osm":373652613},"geometry":{"type":"LineString","coordinates":[[-6.30392,36.52976],[-6.30368,36.52975]]}},{"type":"Feature","properties":{"name":"Paseo Alameda Clara Campoamor","kind":"road","road":"tertiary","osm":376644440},"geometry":{"type":"LineString","coordinates":[[-6.29491,36.53655],[-6.29554,36.53654]]}},{"type":"Feature","properties":{"name":"Calle Pastora","kind":"road","road":"pedestrian","osm":379129927},"geometry":{"type":"LineString","coordinates":[[-6.30214,36.53066],[-6.30211,36.5312]]}},{"type":"Feature","properties":{"name":"Calle Sopranis","kind":"road","road":"pedestrian","osm":540845538},"geometry":{"type":"LineString","coordinates":[[-6.29164,36.52923],[-6.29143,36.52915],[-6.29129,36.52904],[-6.29127,36.52903],[-6.29078,36.52884],[-6.29052,36.52876],[-6.29045,36.52874]]}},{"type":"Feature","properties":{"name":"Calle Fabio Rufino","kind":"road","road":"pedestrian","osm":542075509},"geometry":{"type":"LineString","coordinates":[[-6.29361,36.52943],[-6.29338,36.52941]]}},{"type":"Feature","properties":{"name":"Calle Pelota","kind":"road","road":"pedestrian","osm":542075510},"geometry":{"type":"LineString","coordinates":[[-6.29362,36.52969],[-6.2937,36.52969],[-6.2943,36.52965],[-6.29447,36.52963]]}},{"type":"Feature","properties":{"name":"","kind":"road","road":"pedestrian","osm":547477562},"geometry":{"type":"LineString","coordinates":[[-6.29155,36.52728],[-6.29161,36.52715]]}},{"type":"Feature","properties":{"name":"","kind":"road","road":"pedestrian","osm":547477563},"geometry":{"type":"LineString","coordinates":[[-6.29151,36.5274],[-6.29154,36.52731]]}},{"type":"Feature","properties":{"name":"Calle Concepción Arenal","kind":"road","road":"tertiary","osm":547483263},"geometry":{"type":"LineString","coordinates":[[-6.29077,36.52663],[-6.29065,36.52658],[-6.29056,36.52654]]}},{"type":"Feature","properties":{"name":"Calle República Argentina","kind":"road","road":"tertiary","osm":547532015},"geometry":{"type":"LineString","coordinates":[[-6.29181,36.53528],[-6.29185,36.53531],[-6.29188,36.53534],[-6.29192,36.53538],[-6.29196,36.53543],[-6.29197,36.53548],[-6.29198,36.53555]]}},{"type":"Feature","properties":{"name":"Plaza de la Hispanidad","kind":"road","road":"tertiary","osm":547532016},"geometry":{"type":"LineString","coordinates":[[-6.29176,36.5351],[-6.29174,36.5351],[-6.29172,36.53512],[-6.29171,36.53514],[-6.2917,36.53516],[-6.29169,36.53518],[-6.2917,36.5352]]}},{"type":"Feature","properties":{"name":"","kind":"park","road":"","osm":547778560},"geometry":{"type":"Polygon","coordinates":[[[-6.30441,36.53672],[-6.30429,36.53662],[-6.30409,36.53661],[-6.30402,36.53668],[-6.30412,36.53677],[-6.30441,36.53672]]]}},{"type":"Feature","properties":{"name":"","kind":"park","road":"","osm":547780420},"geometry":{"type":"Polygon","coordinates":[[[-6.30493,36.5366],[-6.30454,36.53628],[-6.30452,36.5363],[-6.30492,36.53663],[-6.30493,36.5366]]]}},{"type":"Feature","properties":{"name":"","kind":"park","road":"","osm":547780421},"geometry":{"type":"Polygon","coordinates":[[[-6.30513,36.53633],[-6.30487,36.53611],[-6.30483,36.53612],[-6.3051,36.53635],[-6.30513,36.53633]]]}},{"type":"Feature","properties":{"name":"","kind":"park","road":"","osm":547780422},"geometry":{"type":"Polygon","coordinates":[[[-6.30528,36.53604],[-6.30508,36.53585],[-6.30507,36.53614],[-6.30518,36.53622],[-6.30528,36.53604]]]}},{"type":"Feature","properties":{"name":"","kind":"park","road":"","osm":547780423},"geometry":{"type":"Polygon","coordinates":[[[-6.3056,36.53541],[-6.30547,36.5356],[-6.30554,36.53565],[-6.30566,36.53547],[-6.3056,36.53541]]]}},{"type":"Feature","properties":{"name":"Callejón del Circo","kind":"road","road":"pedestrian","osm":552636617},"geometry":{"type":"LineString","coordinates":[[-6.29998,36.53041],[-6.29989,36.53069]]}},{"type":"Feature","properties":{"name":"Plaza de Aduana","kind":"park","road":"","osm":553318220},"geometry":{"type":"Polygon","coordinates":[[[-6.28938,36.52979],[-6.28928,36.52967],[-6.28884,36.52996],[-6.28892,36.52998],[-6.28902,36.52996],[-6.28938,36.52979]]]}},{"type":"Feature","properties":{"name":"","kind":"park","road":"","osm":553318812},"geometry":{"type":"Polygon","coordinates":[[[-6.28777,36.52554],[-6.28757,36.52538],[-6.28764,36.52531],[-6.28777,36.52554]]]}},{"type":"Feature","properties":{"name":"","kind":"park","road":"","osm":553701726},"geometry":{"type":"Polygon","coordinates":[[[-6.29058,36.53955],[-6.29038,36.53943],[-6.29027,36.53958],[-6.29016,36.53975],[-6.28884,36.54088],[-6.28871,36.54098],[-6.28852,36.54115],[-6.28847,36.5412],[-6.28841,36.54131],[-6.2873,36.54225],[-6.28721,36.54231],[-6.28718,36.54249],[-6.29058,36.53955]]]}},{"type":"Feature","properties":{"name":"Plaza Manolo Santander","kind":"road","road":"pedestrian","osm":554989303},"geometry":{"type":"LineString","coordinates":[[-6.30299,36.53019],[-6.30293,36.53041],[-6.30289,36.53056],[-6.30257,36.53051],[-6.3026,36.53037],[-6.30265,36.53014],[-6.30299,36.53019]]}},{"type":"Feature","properties":{"name":"Calle Lubet","kind":"road","road":"pedestrian","osm":555194729},"geometry":{"type":"LineString","coordinates":[[-6.30322,36.52799],[-6.30323,36.5281],[-6.30323,36.52848],[-6.30323,36.52855]]}},{"type":"Feature","properties":{"name":"","kind":"road","road":"pedestrian","osm":555200384},"geometry":{"type":"LineString","coordinates":[[-6.30455,36.528],[-6.30455,36.52804],[-6.3046,36.52837],[-6.30461,36.5284]]}},{"type":"Feature","properties":{"name":"","kind":"water","road":"","osm":564187623},"geometry":{"type":"Polygon","coordinates":[[[-6.30094,36.53561],[-6.30093,36.53561],[-6.30093,36.53562],[-6.30092,36.53563],[-6.30093,36.53564],[-6.30093,36.53565],[-6.30094,36.53566],[-6.30095,36.53566],[-6.30096,36.53566],[-6.30097,36.53566],[-6.30098,36.53565],[-6.30099,36.53565],[-6.30099,36.53564],[-6.30099,36.53563],[-6.30099,36.53562],[-6.30098,36.53561],[-6.30097,36.5356],[-6.30095,36.5356],[-6.30094,36.53561]]]}},{"type":"Feature","properties":{"name":"Lucio Junio Moderato Columela","kind":"water","road":"","osm":564188997},"geometry":{"type":"Polygon","coordinates":[[[-6.29719,36.53095],[-6.29719,36.53096],[-6.29719,36.53097],[-6.2972,36.53097],[-6.2972,36.53098],[-6.29721,36.53098],[-6.29722,36.53097],[-6.29723,36.53097],[-6.29723,36.53096],[-6.29723,36.53095],[-6.29722,36.53095],[-6.29722,36.53094],[-6.29721,36.53094],[-6.2972,36.53094],[-6.29719,36.53095]]]}},{"type":"Feature","properties":{"name":"Calle Artilleros Viniegra y Díaz Merello","kind":"road","road":"pedestrian","osm":572824026},"geometry":{"type":"LineString","coordinates":[[-6.30054,36.53728],[-6.30096,36.53762],[-6.30099,36.53771]]}},{"type":"Feature","properties":{"name":"Calle Valenzuela","kind":"road","road":"pedestrian","osm":645596427},"geometry":{"type":"LineString","coordinates":[[-6.29372,36.53196],[-6.2932,36.53211],[-6.29316,36.53212]]}},{"type":"Feature","properties":{"name":"","kind":"water","road":"","osm":648542510},"geometry":{"type":"Polygon","coordinates":[[[-6.29207,36.53038],[-6.29205,36.53035],[-6.2919,36.53046],[-6.29192,36.53048],[-6.29207,36.53038]]]}},{"type":"Feature","properties":{"name":"","kind":"water","road":"","osm":648542511},"geometry":{"type":"Polygon","coordinates":[[[-6.29158,36.53072],[-6.29156,36.53071],[-6.29172,36.53059],[-6.29174,36.5306],[-6.29158,36.53072]]]}},{"type":"Feature","properties":{"name":"Plaza de España","kind":"road","road":"pedestrian","osm":659431887},"geometry":{"type":"LineString","coordinates":[[-6.29262,36.53568],[-6.29273,36.53577],[-6.29313,36.53572],[-6.29335,36.5357],[-6.29368,36.53564],[-6.29372,36.53561],[-6.29375,36.53558]]}},{"type":"Feature","properties":{"name":"","kind":"park","road":"","osm":676731589},"geometry":{"type":"Polygon","coordinates":[[[-6.29096,36.52625],[-6.29094,36.52622],[-6.29088,36.52616],[-6.29083,36.52619],[-6.29066,36.52602],[-6.29063,36.52597],[-6.29068,36.52595],[-6.29108,36.52616],[-6.29109,36.52619],[-6.29109,36.52621],[-6.29108,36.52623],[-6.29105,36.52625],[-6.291,36.52626],[-6.29096,36.52625]]]}},{"type":"Feature","properties":{"name":"","kind":"park","road":"","osm":676731591},"geometry":{"type":"Polygon","coordinates":[[[-6.29181,36.52658],[-6.29116,36.52627],[-6.29121,36.52621],[-6.29186,36.52653],[-6.29181,36.52658]]]}},{"type":"Feature","properties":{"name":"","kind":"park","road":"","osm":676731594},"geometry":{"type":"Polygon","coordinates":[[[-6.30555,36.53177],[-6.3053,36.53135],[-6.30518,36.53108],[-6.30513,36.53108],[-6.3048,36.53149],[-6.30497,36.53154],[-6.30508,36.53157],[-6.30532,36.53167],[-6.3055,36.5318],[-6.30554,36.5318],[-6.30555,36.53177]]]}},{"type":"Feature","properties":{"name":"Avenida de Andalucía","kind":"road","road":"secondary","osm":677913346},"geometry":{"type":"LineString","coordinates":[[-6.28551,36.52137],[-6.28554,36.52143],[-6.28559,36.5215],[-6.28559,36.52151],[-6.2856,36.52153],[-6.28562,36.52155],[-6.28606,36.52233],[-6.28618,36.52255]]}},{"type":"Feature","properties":{"name":"","kind":"road","road":"tertiary","osm":692634878},"geometry":{"type":"LineString","coordinates":[[-6.29041,36.52631],[-6.29041,36.5263],[-6.29041,36.52628],[-6.29041,36.52626]]}},{"type":"Feature","properties":{"name":"Avenida Campo del Sur","kind":"road","road":"tertiary","osm":692634879},"geometry":{"type":"LineString","coordinates":[[-6.29209,36.5274],[-6.29198,36.52733],[-6.29161,36.52707],[-6.29152,36.52702]]}},{"type":"Feature","properties":{"name":"Fuente Puerta Tierra","kind":"water","road":"","osm":698871064},"geometry":{"type":"Polygon","coordinates":[[[-6.28867,36.52597],[-6.28852,36.52609],[-6.28847,36.52604],[-6.28844,36.52605],[-6.2884,36.52604],[-6.28839,36.52601],[-6.28841,36.52599],[-6.28832,36.52592],[-6.28836,36.52589],[-6.2884,36.52591],[-6.28844,36.5259],[-6.28844,36.52587],[-6.28842,36.52584],[-6.28846,36.5258],[-6.28855,36.52588],[-6.28857,36.52587],[-6.2886,36.52587],[-6.28862,36.52589],[-6.28863,36.5259],[-6.28863,36.52592],[-6.28862,36.52593],[-6.28867,36.52597]]]}},{"type":"Feature","properties":{"name":"","kind":"park","road":"","osm":698878452},"geometry":{"type":"Polygon","coordinates":[[[-6.30088,36.53766],[-6.30055,36.53781],[-6.30083,36.53755],[-6.30087,36.53759],[-6.3009,36.53761],[-6.3009,36.53764],[-6.30088,36.53766]]]}},{"type":"Feature","properties":{"name":"","kind":"water","road":"","osm":698878454},"geometry":{"type":"Polygon","coordinates":[[[-6.30437,36.53609],[-6.30439,36.5361],[-6.3044,36.5361],[-6.30441,36.53611],[-6.30442,36.53612],[-6.30443,36.53614],[-6.30442,36.53615],[-6.30442,36.53616],[-6.3044,36.53617],[-6.30439,36.53618],[-6.30437,36.53618],[-6.30435,36.53617],[-6.30434,36.53617],[-6.30433,36.53616],[-6.30432,36.53614],[-6.30432,36.53613],[-6.30433,36.53612],[-6.30434,36.53611],[-6.30435,36.5361],[-6.30437,36.53609]]]}},{"type":"Feature","properties":{"name":"","kind":"park","road":"","osm":698878455},"geometry":{"type":"Polygon","coordinates":[[[-6.30503,36.53476],[-6.30504,36.53475],[-6.30505,36.53475],[-6.30507,36.53476],[-6.30508,36.53476],[-6.30509,36.53477],[-6.30509,36.53478],[-6.30509,36.53479],[-6.30509,36.5348],[-6.30508,36.53481],[-6.30507,36.53482],[-6.30505,36.53482],[-6.30504,36.53482],[-6.30503,36.53482],[-6.30502,36.53481],[-6.30501,36.5348],[-6.30501,36.53479],[-6.30501,36.53478],[-6.30502,36.53477],[-6.30503,36.53476]]]}},{"type":"Feature","properties":{"name":"","kind":"beach","road":"","osm":698878460},"geometry":{"type":"Polygon","coordinates":[[[-6.30688,36.53473],[-6.30672,36.5346],[-6.3064,36.53484],[-6.30688,36.53473]]]}},{"type":"Feature","properties":{"name":"","kind":"park","road":"","osm":698878462},"geometry":{"type":"Polygon","coordinates":[[[-6.3082,36.5328],[-6.3081,36.53285],[-6.30792,36.53265],[-6.30802,36.53258],[-6.3082,36.5328]]]}},{"type":"Feature","properties":{"name":"Calle pelota","kind":"road","road":"pedestrian","osm":711504181},"geometry":{"type":"LineString","coordinates":[[-6.29356,36.52969],[-6.29357,36.52966],[-6.29358,36.52963]]}},{"type":"Feature","properties":{"name":"","kind":"road","road":"pedestrian","osm":711504182},"geometry":{"type":"LineString","coordinates":[[-6.29358,36.52963],[-6.29362,36.52953],[-6.29363,36.52949]]}},{"type":"Feature","properties":{"name":"Calle del pozo","kind":"road","road":"pedestrian","osm":711504183},"geometry":{"type":"LineString","coordinates":[[-6.29363,36.52949],[-6.29365,36.52943]]}},{"type":"Feature","properties":{"name":"Calle del Mesón","kind":"road","road":"pedestrian","osm":711504188},"geometry":{"type":"LineString","coordinates":[[-6.29304,36.52857],[-6.29297,36.52856]]}},{"type":"Feature","properties":{"name":"Calle del Mesón","kind":"road","road":"pedestrian","osm":711504189},"geometry":{"type":"LineString","coordinates":[[-6.29297,36.52856],[-6.2929,36.52854]]}},{"type":"Feature","properties":{"name":"","kind":"road","road":"pedestrian","osm":756202481},"geometry":{"type":"LineString","coordinates":[[-6.29724,36.52939],[-6.29717,36.52962]]}},{"type":"Feature","properties":{"name":"Plazoleta de Osorio","kind":"road","road":"pedestrian","osm":756202482},"geometry":{"type":"LineString","coordinates":[[-6.29727,36.52965],[-6.2972,36.52963],[-6.29717,36.52962],[-6.29713,36.5296],[-6.29705,36.52958],[-6.29702,36.52963],[-6.297,36.52968],[-6.29711,36.52971],[-6.29723,36.52974],[-6.29727,36.52965]]}},{"type":"Feature","properties":{"name":"","kind":"road","road":"pedestrian","osm":756887701},"geometry":{"type":"LineString","coordinates":[[-6.29007,36.52913],[-6.29002,36.52918],[-6.29007,36.52947],[-6.29004,36.52946],[-6.28977,36.52898],[-6.28983,36.52898],[-6.29,36.5291],[-6.29007,36.52913]]}},{"type":"Feature","properties":{"name":"Calle Rosa","kind":"road","road":"pedestrian","osm":757017882},"geometry":{"type":"LineString","coordinates":[[-6.30478,36.5315],[-6.30494,36.5315],[-6.30512,36.53155],[-6.30548,36.53181]]}},{"type":"Feature","properties":{"name":"","kind":"park","road":"","osm":758600809},"geometry":{"type":"Polygon","coordinates":[[[-6.30318,36.53415],[-6.30275,36.53401],[-6.30279,36.53392],[-6.3027,36.53388],[-6.30277,36.53374],[-6.30282,36.53374],[-6.30288,36.53376],[-6.30288,36.53375],[-6.30312,36.53384],[-6.30317,36.53377],[-6.30336,36.53383],[-6.30318,36.53415]]]}},{"type":"Feature","properties":{"name":"Plaza Libertad","kind":"road","road":"pedestrian","osm":758602665},"geometry":{"type":"LineString","coordinates":[[-6.29832,36.53112],[-6.29835,36.53104],[-6.29838,36.53098],[-6.29852,36.5306],[-6.29855,36.53053],[-6.29862,36.53034],[-6.29875,36.53003]]}},{"type":"Feature","properties":{"name":"","kind":"road","road":"pedestrian","osm":758810743},"geometry":{"type":"LineString","coordinates":[[-6.30455,36.52804],[-6.30491,36.52816],[-6.30507,36.52824],[-6.3051,36.52827],[-6.3051,36.5283],[-6.30508,36.52832],[-6.30494,36.52833],[-6.30492,36.52823],[-6.30486,36.52823],[-6.30484,36.52824],[-6.30479,36.52824],[-6.30478,36.52817],[-6.30473,36.52817],[-6.30461,36.52818],[-6.30462,36.52825],[-6.30466,36.52825],[-6.30466,36.52826],[-6.30464,36.52827],[-6.30465,36.52829],[-6.30466,36.52829],[-6.30467,36.52829],[-6.30468,36.52836],[-6.3046,36.52837],[-6.30455,36.52804]]}},{"type":"Feature","properties":{"name":"","kind":"road","road":"pedestrian","osm":758810750},"geometry":{"type":"LineString","coordinates":[[-6.29107,36.52948],[-6.29105,36.52952],[-6.29092,36.52945],[-6.29052,36.52926],[-6.29025,36.52915],[-6.29013,36.52912],[-6.29016,36.52909],[-6.2903,36.52896],[-6.29038,36.529],[-6.29047,36.52905],[-6.29056,36.52911],[-6.29057,36.52912],[-6.29054,36.52915],[-6.29063,36.52922],[-6.29069,36.52926],[-6.29092,36.5294],[-6.29094,36.52939],[-6.29098,36.52942],[-6.29101,36.52945],[-6.29107,36.52948]]}},{"type":"Feature","properties":{"name":"","kind":"park","road":"","osm":758811285},"geometry":{"type":"Polygon","coordinates":[[[-6.28968,36.52955],[-6.28956,36.52964],[-6.2895,36.52963],[-6.28944,36.52957],[-6.28946,36.52952],[-6.28953,36.5295],[-6.28969,36.52952],[-6.28968,36.52955]]]}},{"type":"Feature","properties":{"name":"","kind":"park","road":"","osm":760475946},"geometry":{"type":"Polygon","coordinates":[[[-6.28555,36.52272],[-6.28531,36.52281],[-6.28526,36.52273],[-6.2853,36.52274],[-6.28532,36.52274],[-6.28534,36.52273],[-6.28535,36.52271],[-6.28535,36.52269],[-6.28531,36.52258],[-6.28535,36.52256],[-6.28536,36.52255],[-6.28536,36.52254],[-6.28535,36.52252],[-6.28533,36.52252],[-6.28528,36.52254],[-6.28523,36.52245],[-6.28514,36.52248],[-6.28512,36.52244],[-6.28495,36.5225],[-6.28487,36.52235],[-6.28529,36.52221],[-6.28555,36.52272]]]}},{"type":"Feature","properties":{"name":"Avenida Cuesta de las Calesas","kind":"road","road":"tertiary","osm":765917957},"geometry":{"type":"LineString","coordinates":[[-6.28985,36.52939],[-6.2899,36.52949],[-6.28994,36.52956],[-6.29001,36.52968]]}},{"type":"Feature","properties":{"name":"Calle Pericón de Cádiz","kind":"road","road":"pedestrian","osm":765918906},"geometry":{"type":"LineString","coordinates":[[-6.30171,36.52922],[-6.3016,36.52923]]}},{"type":"Feature","properties":{"name":"Calle Posadilla","kind":"road","road":"pedestrian","osm":766340973},"geometry":{"type":"LineString","coordinates":[[-6.29329,36.52912],[-6.29312,36.5291]]}},{"type":"Feature","properties":{"name":"Calle Marqués de Cádiz","kind":"road","road":"pedestrian","osm":766340974},"geometry":{"type":"LineString","coordinates":[[-6.29364,36.53001],[-6.29368,36.53019]]}},{"type":"Feature","properties":{"name":"Plazuela Chano Lobato","kind":"road","road":"pedestrian","osm":766340975},"geometry":{"type":"LineString","coordinates":[[-6.29232,36.52867],[-6.29234,36.52868],[-6.29237,36.5287],[-6.29233,36.52882],[-6.29233,36.52883],[-6.29234,36.52884],[-6.29225,36.52883],[-6.29216,36.52883],[-6.29216,36.52882],[-6.29215,36.52882],[-6.29214,36.5288],[-6.29213,36.52879],[-6.29214,36.52876],[-6.29218,36.52865],[-6.2922,36.52865],[-6.29222,36.52865],[-6.29232,36.52867]]}},{"type":"Feature","properties":{"name":"Calle Chano Lobato","kind":"road","road":"pedestrian","osm":766340976},"geometry":{"type":"LineString","coordinates":[[-6.29228,36.52847],[-6.2922,36.52865]]}},{"type":"Feature","properties":{"name":"Calle Cánovas del Castillo","kind":"road","road":"pedestrian","osm":766534056},"geometry":{"type":"LineString","coordinates":[[-6.2963,36.53325],[-6.29621,36.53319],[-6.29557,36.5327]]}},{"type":"Feature","properties":{"name":"Calle Osorio","kind":"road","road":"pedestrian","osm":766549083},"geometry":{"type":"LineString","coordinates":[[-6.29721,36.52938],[-6.29721,36.52929],[-6.29726,36.52927],[-6.29728,36.52909]]}},{"type":"Feature","properties":{"name":"Calle Santa María","kind":"road","road":"pedestrian","osm":766552062},"geometry":{"type":"LineString","coordinates":[[-6.29245,36.52842],[-6.29237,36.52835],[-6.29236,36.5283],[-6.29222,36.52818],[-6.2921,36.52812]]}},{"type":"Feature","properties":{"name":"Calle Manuel Enríquez","kind":"road","road":"pedestrian","osm":766552063},"geometry":{"type":"LineString","coordinates":[[-6.29258,36.52908],[-6.29223,36.52904]]}},{"type":"Feature","properties":{"name":"Calle Santo Domingo","kind":"road","road":"pedestrian","osm":766552069},"geometry":{"type":"LineString","coordinates":[[-6.29024,36.52664],[-6.2901,36.52706]]}},{"type":"Feature","properties":{"name":"Calle de San Juan de Dios","kind":"road","road":"pedestrian","osm":766573082},"geometry":{"type":"LineString","coordinates":[[-6.29258,36.5294],[-6.29251,36.52956]]}},{"type":"Feature","properties":{"name":"Calle Servanda","kind":"road","road":"pedestrian","osm":766573083},"geometry":{"type":"LineString","coordinates":[[-6.28913,36.52755],[-6.28907,36.52773]]}},{"type":"Feature","properties":{"name":"Calle Troilo","kind":"road","road":"pedestrian","osm":766573084},"geometry":{"type":"LineString","coordinates":[[-6.2892,36.52711],[-6.28931,36.52684]]}},{"type":"Feature","properties":{"name":"Calle Mirador","kind":"road","road":"pedestrian","osm":766573085},"geometry":{"type":"LineString","coordinates":[[-6.2901,36.52706],[-6.29067,36.52723],[-6.29118,36.52738]]}},{"type":"Feature","properties":{"name":"Calle Santo Domingo","kind":"road","road":"pedestrian","osm":766573086},"geometry":{"type":"LineString","coordinates":[[-6.2901,36.52706],[-6.28995,36.52756],[-6.28981,36.52801],[-6.28978,36.52821]]}},{"type":"Feature","properties":{"name":"","kind":"park","road":"","osm":766683527},"geometry":{"type":"Polygon","coordinates":[[[-6.28867,36.52595],[-6.28864,36.52593],[-6.28864,36.5259],[-6.28863,36.52587],[-6.2886,36.52586],[-6.28856,36.52586],[-6.28855,36.52585],[-6.28849,36.52581],[-6.28851,36.52579],[-6.28854,36.5258],[-6.28858,36.52582],[-6.28862,36.52584],[-6.28867,36.52587],[-6.28869,36.52589],[-6.28872,36.52591],[-6.28867,36.52595]]]}},{"type":"Feature","properties":{"name":"","kind":"park","road":"","osm":766683528},"geometry":{"type":"Polygon","coordinates":[[[-6.28841,36.52581],[-6.28838,36.52581],[-6.28835,36.52583],[-6.28834,36.52585],[-6.28832,36.52587],[-6.2883,36.52586],[-6.28828,36.52584],[-6.28829,36.52582],[-6.28831,36.5258],[-6.28834,36.52579],[-6.28837,36.52579],[-6.28839,36.5258],[-6.28841,36.52581]]]}},{"type":"Feature","properties":{"name":"","kind":"park","road":"","osm":766683529},"geometry":{"type":"Polygon","coordinates":[[[-6.28847,36.52608],[-6.28843,36.52612],[-6.28839,36.52608],[-6.28835,36.52605],[-6.28832,36.52602],[-6.2883,36.52598],[-6.28829,36.52596],[-6.2883,36.52595],[-6.28832,36.52594],[-6.28834,36.52595],[-6.28837,36.52598],[-6.28839,36.52599],[-6.28838,36.52601],[-6.28839,36.52603],[-6.28841,36.52605],[-6.28844,36.52607],[-6.28847,36.52608]]]}},{"type":"Feature","properties":{"name":"","kind":"park","road":"","osm":766683530},"geometry":{"type":"Polygon","coordinates":[[[-6.28895,36.52636],[-6.28885,36.52628],[-6.28873,36.52637],[-6.28875,36.52638],[-6.28877,36.52639],[-6.28882,36.52639],[-6.28885,36.52639],[-6.28888,36.52639],[-6.28892,36.52638],[-6.28895,36.52636]]]}},{"type":"Feature","properties":{"name":"","kind":"park","road":"","osm":766683531},"geometry":{"type":"Polygon","coordinates":[[[-6.289,36.52632],[-6.2889,36.52624],[-6.28902,36.52615],[-6.28903,36.52617],[-6.28904,36.5262],[-6.28904,36.52622],[-6.28904,36.52624],[-6.28904,36.52627],[-6.28903,36.52628],[-6.28902,36.52631],[-6.289,36.52632]]]}},{"type":"Feature","properties":{"name":"","kind":"park","road":"","osm":766683533},"geometry":{"type":"Polygon","coordinates":[[[-6.29341,36.53297],[-6.29336,36.53286],[-6.29334,36.53279],[-6.29328,36.53273],[-6.29321,36.53268],[-6.29318,36.53269],[-6.29321,36.53278],[-6.29324,36.53291],[-6.29329,36.53307],[-6.2933,36.53318],[-6.29329,36.53324],[-6.29329,36.53326],[-6.29325,36.53345],[-6.2932,36.53352],[-6.29315,36.53361],[-6.29316,36.53363],[-6.29326,36.53362],[-6.29331,36.53362],[-6.29342,36.53361],[-6.29349,36.5336],[-6.29353,36.53359],[-6.29357,36.53355],[-6.29359,36.53351],[-6.29357,36.53343],[-6.29352,36.53326],[-6.29351,36.53323],[-6.29348,36.53312],[-6.29341,36.53297]]]}},{"type":"Feature","properties":{"name":"Plazuela Enrique Carril","kind":"park","road":"","osm":766683541},"geometry":{"type":"Polygon","coordinates":[[[-6.2927,36.5359],[-6.29246,36.53582],[-6.29252,36.53571],[-6.29256,36.5357],[-6.29259,36.5357],[-6.29262,36.5357],[-6.29265,36.53573],[-6.29271,36.53577],[-6.2927,36.5359]]]}},{"type":"Feature","properties":{"name":"Calle Rosa","kind":"road","road":"pedestrian","osm":766683544},"geometry":{"type":"LineString","coordinates":[[-6.30548,36.53181],[-6.30566,36.53189]]}},{"type":"Feature","properties":{"name":"Plazuela Escuela de Arte","kind":"park","road":"","osm":766732530},"geometry":{"type":"Polygon","coordinates":[[[-6.29658,36.53484],[-6.29647,36.53475],[-6.29661,36.53464],[-6.29674,36.53471],[-6.29658,36.53484]]]}},{"type":"Feature","properties":{"name":"","kind":"road","road":"pedestrian","osm":766734619},"geometry":{"type":"LineString","coordinates":[[-6.29098,36.52809],[-6.29101,36.52803],[-6.29107,36.52804],[-6.29113,36.52806],[-6.29115,36.52802],[-6.2911,36.52799],[-6.29093,36.52793],[-6.29087,36.52805],[-6.29098,36.52809]]}},{"type":"Feature","properties":{"name":"Calle Fabio Rufino","kind":"road","road":"pedestrian","osm":766735497},"geometry":{"type":"LineString","coordinates":[[-6.29338,36.52941],[-6.29322,36.52939]]}},{"type":"Feature","properties":{"name":"Calle San Antonio Abad","kind":"road","road":"pedestrian","osm":766735498},"geometry":{"type":"LineString","coordinates":[[-6.29329,36.52912],[-6.29339,36.52871]]}},{"type":"Feature","properties":{"name":"Calle San Antonio Abad","kind":"road","road":"pedestrian","osm":766735499},"geometry":{"type":"LineString","coordinates":[[-6.29322,36.52939],[-6.29329,36.52912]]}},{"type":"Feature","properties":{"name":"Calle Sacramento","kind":"road","road":"pedestrian","osm":766741554},"geometry":{"type":"LineString","coordinates":[[-6.29738,36.53152],[-6.29687,36.53136],[-6.29623,36.53117],[-6.29603,36.53111],[-6.29562,36.53099]]}},{"type":"Feature","properties":{"name":"Calle Rafael de la Viesca","kind":"road","road":"pedestrian","osm":766741560},"geometry":{"type":"LineString","coordinates":[[-6.29486,36.53453],[-6.29411,36.53437]]}},{"type":"Feature","properties":{"name":"Calle Lubet","kind":"road","road":"pedestrian","osm":766764627},"geometry":{"type":"LineString","coordinates":[[-6.30316,36.52905],[-6.30313,36.52974]]}},{"type":"Feature","properties":{"name":"Plaza de Argüelles","kind":"road","road":"pedestrian","osm":767391952},"geometry":{"type":"LineString","coordinates":[[-6.29389,36.53621],[-6.29388,36.5362],[-6.29384,36.53613],[-6.29381,36.53588],[-6.29379,36.53569],[-6.29379,36.53564]]}},{"type":"Feature","properties":{"name":"Plaza Fragela","kind":"road","road":"pedestrian","osm":767666951},"geometry":{"type":"LineString","coordinates":[[-6.30232,36.53449],[-6.30285,36.53352]]}},{"type":"Feature","properties":{"name":"Calle San José","kind":"road","road":"pedestrian","osm":767666953},"geometry":{"type":"LineString","coordinates":[[-6.30065,36.53235],[-6.30093,36.53208],[-6.30116,36.53174],[-6.30121,36.53165]]}},{"type":"Feature","properties":{"name":"Plaza de Jesús Nazareno","kind":"park","road":"","osm":767816118},"geometry":{"type":"Polygon","coordinates":[[[-6.30196,36.53237],[-6.30209,36.53241],[-6.30224,36.53211],[-6.30216,36.53208],[-6.30211,36.53216],[-6.30206,36.53224],[-6.30196,36.53237]]]}},{"type":"Feature","properties":{"name":"Calle Navas","kind":"road","road":"pedestrian","osm":767917615},"geometry":{"type":"LineString","coordinates":[[-6.30191,36.53532],[-6.30124,36.53505]]}},{"type":"Feature","properties":{"name":"","kind":"park","road":"","osm":767972168},"geometry":{"type":"Polygon","coordinates":[[[-6.30035,36.53778],[-6.30026,36.53772],[-6.30027,36.53771],[-6.30029,36.5377],[-6.3003,36.5377],[-6.30032,36.5377],[-6.30034,36.5377],[-6.30035,36.53771],[-6.30036,36.53772],[-6.30037,36.53774],[-6.30037,36.53775],[-6.30036,36.53776],[-6.30035,36.53778]]]}},{"type":"Feature","properties":{"name":"","kind":"park","road":"","osm":769707766},"geometry":{"type":"Polygon","coordinates":[[[-6.30615,36.53364],[-6.30622,36.53367],[-6.30637,36.53345],[-6.30631,36.53342],[-6.30628,36.53344],[-6.30626,36.53347],[-6.30627,36.53351],[-6.30619,36.53362],[-6.30618,36.53361],[-6.30615,36.53364]]]}},{"type":"Feature","properties":{"name":"","kind":"park","road":"","osm":769707767},"geometry":{"type":"Polygon","coordinates":[[[-6.30652,36.53343],[-6.30651,36.53346],[-6.30641,36.53342],[-6.30643,36.5334],[-6.30652,36.53343]]]}},{"type":"Feature","properties":{"name":"","kind":"park","road":"","osm":769707768},"geometry":{"type":"Polygon","coordinates":[[[-6.30646,36.53356],[-6.3065,36.5335],[-6.30643,36.53347],[-6.3064,36.53353],[-6.30646,36.53356]]]}},{"type":"Feature","properties":{"name":"","kind":"park","road":"","osm":769707769},"geometry":{"type":"Polygon","coordinates":[[[-6.30655,36.53341],[-6.30648,36.53338],[-6.30651,36.53333],[-6.30658,36.53336],[-6.30655,36.53341]]]}},{"type":"Feature","properties":{"name":"","kind":"park","road":"","osm":769707770},"geometry":{"type":"Polygon","coordinates":[[[-6.30644,36.53336],[-6.30636,36.53332],[-6.30637,36.53332],[-6.30637,36.5333],[-6.30638,36.5333],[-6.30638,36.53328],[-6.30638,36.53326],[-6.30638,36.53324],[-6.30639,36.53322],[-6.30639,36.5332],[-6.30639,36.53319],[-6.30639,36.53318],[-6.30652,36.53323],[-6.30644,36.53336]]]}},{"type":"Feature","properties":{"name":"","kind":"park","road":"","osm":769707771},"geometry":{"type":"Polygon","coordinates":[[[-6.3065,36.53296],[-6.3064,36.53311],[-6.3064,36.53308],[-6.3064,36.53303],[-6.30639,36.53299],[-6.30638,36.53294],[-6.30637,36.53291],[-6.3065,36.53296]]]}},{"type":"Feature","properties":{"name":"","kind":"road","road":"pedestrian","osm":769707773},"geometry":{"type":"LineString","coordinates":[[-6.30649,36.53359],[-6.30633,36.53353],[-6.30623,36.53369],[-6.30613,36.53365],[-6.30603,36.53381],[-6.30602,36.53382],[-6.30596,36.53376],[-6.30611,36.53363],[-6.30615,36.53358],[-6.30622,36.53349],[-6.30628,36.53338],[-6.30629,36.53335],[-6.30631,36.53328],[-6.30634,36.53316],[-6.30631,36.53289],[-6.3063,36.53286],[-6.30631,36.53284],[-6.30633,36.53284],[-6.30655,36.53294],[-6.30654,36.53296],[-6.30653,36.53297],[-6.30651,36.53297],[-6.30639,36.53315],[-6.30655,36.53321],[-6.30649,36.53331],[-6.30664,36.53337],[-6.3066,36.53344],[-6.30658,36.53343],[-6.30656,36.53346],[-6.30654,36.5335],[-6.30653,36.53352],[-6.30654,36.53352],[-6.30649,36.53359]]}},{"type":"Feature","properties":{"name":"","kind":"beach","road":"","osm":769718947},"geometry":{"type":"Polygon","coordinates":[[[-6.3158,36.52758],[-6.31543,36.52766],[-6.31542,36.52761],[-6.3155,36.5276],[-6.31553,36.52756],[-6.31584,36.5275],[-6.31587,36.52751],[-6.31591,36.5276],[-6.31598,36.52763],[-6.31616,36.52761],[-6.31641,36.52755],[-6.31652,36.52752],[-6.31655,36.52748],[-6.31664,36.52742],[-6.31672,36.52736],[-6.31679,36.52733],[-6.31688,36.52724],[-6.31713,36.52723],[-6.31713,36.52732],[-6.31709,36.52742],[-6.31706,36.52746],[-6.31701,36.52755],[-6.31695,36.52766],[-6.31685,36.52769],[-6.31681,36.52765],[-6.31677,36.52763],[-6.31672,36.52761],[-6.31666,36.52759],[-6.31659,36.52759],[-6.31651,36.5276],[-6.31587,36.52776],[-6.3158,36.52758]]]}},{"type":"Feature","properties":{"name":"","kind":"beach","road":"","osm":769718955},"geometry":{"type":"Polygon","coordinates":[[[-6.31402,36.52821],[-6.31398,36.52821],[-6.31392,36.5282],[-6.31385,36.52817],[-6.31381,36.52814],[-6.31396,36.52803],[-6.31398,36.52802],[-6.314,36.528],[-6.31411,36.52792],[-6.31419,36.52798],[-6.31405,36.52808],[-6.31401,36.52812],[-6.31402,36.52821]]]}},{"type":"Feature","properties":{"name":"","kind":"road","road":"pedestrian","osm":769718961},"geometry":{"type":"LineString","coordinates":[[-6.30515,36.53018],[-6.30517,36.52995],[-6.30513,36.52997],[-6.3051,36.52998],[-6.30507,36.52999],[-6.30506,36.52999],[-6.30502,36.52999],[-6.30499,36.52998],[-6.30511,36.53018],[-6.30512,36.53019],[-6.30514,36.53019],[-6.30515,36.53018]]}},{"type":"Feature","properties":{"name":"","kind":"park","road":"","osm":769718968},"geometry":{"type":"Polygon","coordinates":[[[-6.30391,36.53436],[-6.30398,36.53423],[-6.30382,36.53417],[-6.30374,36.53431],[-6.30391,36.53436]]]}},{"type":"Feature","properties":{"name":"","kind":"park","road":"","osm":769718973},"geometry":{"type":"Polygon","coordinates":[[[-6.30565,36.52859],[-6.30563,36.52855],[-6.30558,36.52857],[-6.3056,36.5286],[-6.30565,36.52859]]]}},{"type":"Feature","properties":{"name":"","kind":"park","road":"","osm":769718974},"geometry":{"type":"Polygon","coordinates":[[[-6.30584,36.52853],[-6.30583,36.5285],[-6.30579,36.52851],[-6.3058,36.52854],[-6.30584,36.52853]]]}},{"type":"Feature","properties":{"name":"","kind":"park","road":"","osm":769718975},"geometry":{"type":"Polygon","coordinates":[[[-6.30551,36.52854],[-6.30549,36.5285],[-6.30545,36.52851],[-6.30546,36.52855],[-6.30551,36.52854]]]}},{"type":"Feature","properties":{"name":"","kind":"park","road":"","osm":769718976},"geometry":{"type":"Polygon","coordinates":[[[-6.30566,36.52849],[-6.30565,36.52846],[-6.30569,36.52844],[-6.3057,36.52848],[-6.30566,36.52849]]]}},{"type":"Feature","properties":{"name":"","kind":"park","road":"","osm":769718977},"geometry":{"type":"Polygon","coordinates":[[[-6.30573,36.52839],[-6.30571,36.52835],[-6.30575,36.52834],[-6.30577,36.52838],[-6.30573,36.52839]]]}},{"type":"Feature","properties":{"name":"","kind":"park","road":"","osm":769718978},"geometry":{"type":"Polygon","coordinates":[[[-6.30557,36.52843],[-6.30556,36.52839],[-6.30551,36.5284],[-6.30553,36.52844],[-6.30557,36.52843]]]}},{"type":"Feature","properties":{"name":"","kind":"park","road":"","osm":769718979},"geometry":{"type":"Polygon","coordinates":[[[-6.30544,36.52838],[-6.30542,36.52834],[-6.30538,36.52835],[-6.3054,36.52839],[-6.30544,36.52838]]]}},{"type":"Feature","properties":{"name":"","kind":"park","road":"","osm":769718980},"geometry":{"type":"Polygon","coordinates":[[[-6.30545,36.52828],[-6.30544,36.52825],[-6.30548,36.52823],[-6.3055,36.52827],[-6.30545,36.52828]]]}},{"type":"Feature","properties":{"name":"","kind":"park","road":"","osm":769718981},"geometry":{"type":"Polygon","coordinates":[[[-6.30559,36.52834],[-6.30557,36.5283],[-6.30562,36.52829],[-6.30564,36.52832],[-6.30559,36.52834]]]}},{"type":"Feature","properties":{"name":"","kind":"park","road":"","osm":769718982},"geometry":{"type":"Polygon","coordinates":[[[-6.3036,36.53416],[-6.30343,36.5341],[-6.3035,36.53397],[-6.30367,36.53403],[-6.3036,36.53416]]]}},{"type":"Feature","properties":{"name":"","kind":"park","road":"","osm":769718983},"geometry":{"type":"Polygon","coordinates":[[[-6.30392,36.53407],[-6.30415,36.53416],[-6.30404,36.5344],[-6.30422,36.53435],[-6.30434,36.53409],[-6.30398,36.53396],[-6.30392,36.53407]]]}},{"type":"Feature","properties":{"name":"Calle de Jesus Caido","kind":"road","road":"pedestrian","osm":770074624},"geometry":{"type":"LineString","coordinates":[[-6.30573,36.53506],[-6.30523,36.53467]]}},{"type":"Feature","properties":{"name":"","kind":"park","road":"","osm":770372464},"geometry":{"type":"Polygon","coordinates":[[[-6.29718,36.5352],[-6.29723,36.53516],[-6.29722,36.53515],[-6.29722,36.53514],[-6.29722,36.53513],[-6.29709,36.53508],[-6.29708,36.53509],[-6.29707,36.53509],[-6.29706,36.53509],[-6.29705,36.53512],[-6.29707,36.53513],[-6.29708,36.53513],[-6.2971,36.53514],[-6.29711,36.53515],[-6.29712,36.53516],[-6.29712,36.53517],[-6.29713,36.53518],[-6.29713,36.53519],[-6.29713,36.5352],[-6.29714,36.53519],[-6.29715,36.53519],[-6.29717,36.5352],[-6.29718,36.5352]]]}},{"type":"Feature","properties":{"name":"","kind":"park","road":"","osm":770372465},"geometry":{"type":"Polygon","coordinates":[[[-6.29717,36.53509],[-6.2972,36.53502],[-6.297,36.53495],[-6.29684,36.53509],[-6.29692,36.53514],[-6.29692,36.53513],[-6.29694,36.53512],[-6.29695,36.53512],[-6.29697,36.53511],[-6.29698,36.53511],[-6.297,36.53511],[-6.29702,36.53511],[-6.29703,36.53512],[-6.29704,36.53509],[-6.29704,36.53508],[-6.29703,36.53507],[-6.29703,36.53506],[-6.29704,36.53505],[-6.29705,36.53504],[-6.29706,36.53504],[-6.29708,36.53504],[-6.29709,36.53505],[-6.2971,36.53506],[-6.29717,36.53509]]]}},{"type":"Feature","properties":{"name":"","kind":"park","road":"","osm":770372468},"geometry":{"type":"Polygon","coordinates":[[[-6.29685,36.53527],[-6.29688,36.53525],[-6.29687,36.53523],[-6.29687,36.53522],[-6.29687,36.5352],[-6.29688,36.53518],[-6.29689,36.53516],[-6.29683,36.53511],[-6.2967,36.53523],[-6.2968,36.53528],[-6.29681,36.53527],[-6.29682,36.53527],[-6.29683,36.53527],[-6.29685,36.53527]]]}},{"type":"Feature","properties":{"name":"","kind":"park","road":"","osm":770372469},"geometry":{"type":"Polygon","coordinates":[[[-6.29734,36.53516],[-6.2974,36.53509],[-6.29723,36.53503],[-6.29718,36.5351],[-6.29723,36.53511],[-6.29724,36.53511],[-6.29725,36.5351],[-6.29727,36.5351],[-6.29728,36.5351],[-6.29729,36.53511],[-6.2973,36.53512],[-6.29731,36.53513],[-6.2973,36.53514],[-6.29734,36.53516]]]}},{"type":"Feature","properties":{"name":"","kind":"park","road":"","osm":770372470},"geometry":{"type":"Polygon","coordinates":[[[-6.29725,36.53513],[-6.29725,36.53514],[-6.29726,36.53514],[-6.29727,36.53514],[-6.29728,36.53514],[-6.29728,36.53513],[-6.29727,36.53513],[-6.29727,36.53512],[-6.29726,36.53512],[-6.29725,36.53513]]]}},{"type":"Feature","properties":{"name":"","kind":"park","road":"","osm":770372471},"geometry":{"type":"Polygon","coordinates":[[[-6.29714,36.53522],[-6.29713,36.53522],[-6.29713,36.53523],[-6.29713,36.53524],[-6.29714,36.53524],[-6.29715,36.53524],[-6.29716,36.53524],[-6.29716,36.53523],[-6.29716,36.53522],[-6.29715,36.53522],[-6.29714,36.53522]]]}},{"type":"Feature","properties":{"name":"","kind":"park","road":"","osm":770372472},"geometry":{"type":"Polygon","coordinates":[[[-6.29717,36.53533],[-6.29711,36.53528],[-6.29713,36.53526],[-6.29714,36.53527],[-6.29715,36.53527],[-6.29716,36.53527],[-6.29718,36.53526],[-6.29719,36.53525],[-6.29719,36.53524],[-6.29719,36.53523],[-6.29719,36.53522],[-6.29718,36.53522],[-6.29724,36.53517],[-6.29725,36.53517],[-6.29726,36.53517],[-6.29727,36.53517],[-6.29728,36.53517],[-6.29729,36.53516],[-6.29733,36.53518],[-6.29717,36.53533]]]}},{"type":"Feature","properties":{"name":"","kind":"park","road":"","osm":770372473},"geometry":{"type":"Polygon","coordinates":[[[-6.29695,36.53536],[-6.29695,36.53537],[-6.29695,36.53538],[-6.29696,36.53538],[-6.29697,36.53538],[-6.29697,36.53537],[-6.29696,36.53536],[-6.29695,36.53536]]]}},{"type":"Feature","properties":{"name":"","kind":"park","road":"","osm":770372474},"geometry":{"type":"Polygon","coordinates":[[[-6.29682,36.5353],[-6.29682,36.53531],[-6.29682,36.53532],[-6.29683,36.53532],[-6.29684,36.53532],[-6.29685,36.53531],[-6.29685,36.5353],[-6.29684,36.5353],[-6.29683,36.5353],[-6.29682,36.5353]]]}},{"type":"Feature","properties":{"name":"","kind":"park","road":"","osm":770372475},"geometry":{"type":"Polygon","coordinates":[[[-6.29689,36.53527],[-6.29687,36.53529],[-6.29687,36.5353],[-6.29688,36.5353],[-6.29688,36.53531],[-6.29687,36.53532],[-6.29693,36.53535],[-6.29694,36.53535],[-6.29695,36.53534],[-6.29696,36.53534],[-6.29697,36.53534],[-6.29697,36.53535],[-6.29698,36.53535],[-6.29701,36.53532],[-6.297,36.53532],[-6.29699,36.53532],[-6.29698,36.53532],[-6.29697,36.53532],[-6.29697,36.53531],[-6.29696,36.53531],[-6.29695,36.53531],[-6.29694,36.5353],[-6.29693,36.5353],[-6.29692,36.5353],[-6.29692,36.53529],[-6.29691,36.53529],[-6.2969,36.53528],[-6.29689,36.53527]]]}},{"type":"Feature","properties":{"name":"","kind":"park","road":"","osm":770372476},"geometry":{"type":"Polygon","coordinates":[[[-6.29707,36.53542],[-6.297,36.53538],[-6.29701,36.53537],[-6.297,36.53536],[-6.297,36.53535],[-6.29702,36.53533],[-6.29703,36.53533],[-6.29704,36.53533],[-6.29707,36.5353],[-6.29714,36.53535],[-6.29707,36.53542]]]}},{"type":"Feature","properties":{"name":"","kind":"road","road":"pedestrian","osm":770372477},"geometry":{"type":"LineString","coordinates":[[-6.29702,36.53516],[-6.29704,36.53517],[-6.29706,36.53519],[-6.29707,36.5352],[-6.29707,36.53522],[-6.29706,36.53524],[-6.29705,36.53526],[-6.29703,36.53527],[-6.29701,36.53527],[-6.29699,36.53527],[-6.29697,36.53527],[-6.29695,36.53525],[-6.29694,36.53524],[-6.29693,36.53522],[-6.29693,36.5352],[-6.29694,36.53519],[-6.29695,36.53518],[-6.29696,36.53517],[-6.29698,36.53516],[-6.297,36.53516],[-6.29702,36.53516]]}},{"type":"Feature","properties":{"name":"","kind":"park","road":"","osm":770372480},"geometry":{"type":"Polygon","coordinates":[[[-6.29684,36.53543],[-6.29697,36.5355],[-6.29704,36.53543],[-6.29698,36.5354],[-6.29697,36.53541],[-6.29695,36.53541],[-6.29694,36.53541],[-6.29693,36.5354],[-6.29692,36.53539],[-6.29692,36.53538],[-6.29692,36.53537],[-6.29689,36.53536],[-6.29684,36.53543]]]}},{"type":"Feature","properties":{"name":"","kind":"park","road":"","osm":770372481},"geometry":{"type":"Polygon","coordinates":[[[-6.29679,36.53542],[-6.29659,36.53531],[-6.29667,36.53524],[-6.29677,36.53529],[-6.29677,36.53531],[-6.29677,36.53532],[-6.29678,36.53533],[-6.29679,36.53534],[-6.29681,36.53534],[-6.29682,36.53534],[-6.29684,36.53535],[-6.29686,36.53534],[-6.29687,36.53534],[-6.29679,36.53542]]]}},{"type":"Feature","properties":{"name":"","kind":"park","road":"","osm":770432631},"geometry":{"type":"Polygon","coordinates":[[[-6.29327,36.53284],[-6.29328,36.53283],[-6.29329,36.53283],[-6.2933,36.53283],[-6.29332,36.53285],[-6.29332,36.53288],[-6.29334,36.53294],[-6.29337,36.533],[-6.2934,36.53307],[-6.29343,36.53316],[-6.29344,36.5332],[-6.29334,36.5332],[-6.29335,36.53318],[-6.29335,36.53316],[-6.29334,36.53315],[-6.29334,36.53313],[-6.29333,36.5331],[-6.29332,36.53307],[-6.29331,36.53303],[-6.29329,36.53297],[-6.29328,36.53292],[-6.29327,36.53289],[-6.29326,36.53285],[-6.29327,36.53284]]]}},{"type":"Feature","properties":{"name":"","kind":"park","road":"","osm":770432632},"geometry":{"type":"Polygon","coordinates":[[[-6.29328,36.53347],[-6.29331,36.53346],[-6.29331,36.53345],[-6.29332,36.53344],[-6.29333,36.53342],[-6.29335,36.53341],[-6.29337,36.5334],[-6.29337,36.53327],[-6.29338,36.53327],[-6.29333,36.53326],[-6.29328,36.53347]]]}},{"type":"Feature","properties":{"name":"","kind":"park","road":"","osm":770432633},"geometry":{"type":"Polygon","coordinates":[[[-6.29351,36.53344],[-6.29349,36.53345],[-6.29349,36.53344],[-6.29348,36.53343],[-6.29346,36.53341],[-6.29345,36.5334],[-6.29343,36.5334],[-6.29342,36.53326],[-6.29345,36.53325],[-6.29351,36.53344]]]}},{"type":"Feature","properties":{"name":"","kind":"park","road":"","osm":770432634},"geometry":{"type":"Polygon","coordinates":[[[-6.29342,36.53357],[-6.29342,36.53356],[-6.29344,36.53355],[-6.29346,36.53355],[-6.29348,36.53353],[-6.29349,36.53351],[-6.29349,36.5335],[-6.29352,36.5335],[-6.29352,36.53351],[-6.29351,36.53353],[-6.2935,36.53355],[-6.29348,36.53356],[-6.29346,36.53357],[-6.29344,36.53358],[-6.29342,36.53357]]]}},{"type":"Feature","properties":{"name":"","kind":"park","road":"","osm":770432635},"geometry":{"type":"Polygon","coordinates":[[[-6.29339,36.53358],[-6.29339,36.53356],[-6.29337,36.53356],[-6.29336,36.53355],[-6.29334,36.53354],[-6.29333,36.53353],[-6.29332,36.53351],[-6.29331,36.5335],[-6.29328,36.5335],[-6.29329,36.53352],[-6.29329,36.53353],[-6.2933,36.53355],[-6.29332,36.53356],[-6.29333,36.53357],[-6.29336,36.53358],[-6.29338,36.53358],[-6.29339,36.53358]]]}},{"type":"Feature","properties":{"name":"","kind":"park","road":"","osm":770432637},"geometry":{"type":"Polygon","coordinates":[[[-6.2931,36.53245],[-6.29311,36.53246],[-6.29313,36.53246],[-6.29315,36.53246],[-6.29316,36.53246],[-6.29318,36.53245],[-6.29319,36.53244],[-6.2932,36.53242],[-6.2932,36.53241],[-6.29321,36.53241],[-6.2933,36.53265],[-6.2933,36.53266],[-6.29329,36.53266],[-6.29328,36.53266],[-6.29325,36.53264],[-6.29316,36.53259],[-6.2931,36.53245]]]}},{"type":"Feature","properties":{"name":"","kind":"park","road":"","osm":770432638},"geometry":{"type":"Polygon","coordinates":[[[-6.29306,36.53239],[-6.29306,36.5324],[-6.29308,36.53241],[-6.2931,36.53241],[-6.29312,36.53241],[-6.29314,36.5324],[-6.29315,36.53239],[-6.29316,36.53237],[-6.29316,36.53235],[-6.29316,36.53234],[-6.29316,36.53232],[-6.29316,36.53229],[-6.29312,36.5322],[-6.29311,36.5322],[-6.29309,36.5322],[-6.29306,36.5322],[-6.29304,36.53221],[-6.29302,36.53222],[-6.29301,36.53223],[-6.293,36.53225],[-6.29299,36.53227],[-6.293,36.53229],[-6.293,36.53231],[-6.29306,36.53239]]]}},{"type":"Feature","properties":{"name":"","kind":"park","road":"","osm":770432639},"geometry":{"type":"Polygon","coordinates":[[[-6.29293,36.53221],[-6.29294,36.53223],[-6.29296,36.5322],[-6.293,36.53217],[-6.29303,36.53213],[-6.29304,36.53211],[-6.29304,36.5321],[-6.29302,36.53209],[-6.29295,36.53208],[-6.29287,36.53207],[-6.29288,36.53204],[-6.29296,36.53205],[-6.29303,36.53206],[-6.29304,36.53206],[-6.29305,36.53205],[-6.29305,36.53204],[-6.29305,36.53202],[-6.29304,36.53199],[-6.29303,36.53196],[-6.29301,36.53193],[-6.29299,36.53189],[-6.29295,36.5318],[-6.29293,36.53176],[-6.29292,36.53174],[-6.29287,36.53177],[-6.29288,36.53178],[-6.29289,36.53179],[-6.29289,36.53181],[-6.29289,36.53183],[-6.29289,36.53184],[-6.29288,36.53185],[-6.29287,36.53187],[-6.29285,36.53188],[-6.29283,36.53188],[-6.29281,36.53189],[-6.29279,36.53189],[-6.29277,36.53188],[-6.29275,36.53188],[-6.29274,36.53187],[-6.29272,36.53185],[-6.29271,36.53183],[-6.2927,36.53179],[-6.2927,36.53175],[-6.2926,36.53165],[-6.29257,36.53165],[-6.29255,36.53165],[-6.29251,36.53164],[-6.29247,36.53163],[-6.29244,36.53162],[-6.29241,36.5316],[-6.29238,36.53156],[-6.29236,36.53153],[-6.29235,36.5315],[-6.29234,36.53147],[-6.29234,36.53145],[-6.29233,36.53144],[-6.29225,36.53136],[-6.29222,36.53135],[-6.29221,36.53135],[-6.29219,36.53136],[-6.29213,36.5314],[-6.29213,36.53142],[-6.29229,36.53158],[-6.29246,36.53174],[-6.29269,36.53195],[-6.29281,36.53207],[-6.29293,36.53221]]]}},{"type":"Feature","properties":{"name":"","kind":"park","road":"","osm":770432641},"geometry":{"type":"Polygon","coordinates":[[[-6.29272,36.5317],[-6.29285,36.53163],[-6.29269,36.53142],[-6.29266,36.53142],[-6.29266,36.53143],[-6.29267,36.53144],[-6.29268,36.53146],[-6.29269,36.53149],[-6.29269,36.53151],[-6.29268,36.53154],[-6.29267,36.53156],[-6.29265,36.53159],[-6.29263,36.5316],[-6.29272,36.5317]]]}},{"type":"Feature","properties":{"name":"","kind":"park","road":"","osm":770432642},"geometry":{"type":"Polygon","coordinates":[[[-6.29231,36.53101],[-6.29233,36.531],[-6.29234,36.531],[-6.29245,36.53113],[-6.29264,36.53135],[-6.29264,36.53137],[-6.29264,36.53138],[-6.29263,36.53139],[-6.29262,36.53139],[-6.2926,36.53139],[-6.29258,36.53138],[-6.29256,36.53138],[-6.29255,36.53138],[-6.29253,36.53138],[-6.2925,36.53138],[-6.29247,36.53138],[-6.29245,36.5314],[-6.29242,36.53142],[-6.29232,36.53131],[-6.2923,36.53128],[-6.29229,36.53126],[-6.29229,36.53123],[-6.29227,36.53112],[-6.29226,36.53109],[-6.29226,36.53108],[-6.29227,36.53105],[-6.29228,36.53103],[-6.29231,36.53101]]]}},{"type":"Feature","properties":{"name":"","kind":"park","road":"","osm":770432643},"geometry":{"type":"Polygon","coordinates":[[[-6.29215,36.53098],[-6.29217,36.53099],[-6.29219,36.53099],[-6.29221,36.53099],[-6.29228,36.53093],[-6.29217,36.53079],[-6.29211,36.53083],[-6.29194,36.53064],[-6.29185,36.5307],[-6.29186,36.53071],[-6.29188,36.53072],[-6.2919,36.53073],[-6.29192,36.53074],[-6.29195,36.53077],[-6.29198,36.53079],[-6.29201,36.53082],[-6.29205,36.53086],[-6.29207,36.53085],[-6.29212,36.5309],[-6.2921,36.53092],[-6.29215,36.53098]]]}},{"type":"Feature","properties":{"name":"","kind":"park","road":"","osm":770432644},"geometry":{"type":"Polygon","coordinates":[[[-6.29175,36.53077],[-6.29161,36.53088],[-6.29206,36.53131],[-6.29203,36.53134],[-6.29205,36.53135],[-6.29208,36.53134],[-6.2921,36.53132],[-6.29213,36.5313],[-6.29214,36.53128],[-6.29215,36.53126],[-6.29216,36.53123],[-6.29213,36.53122],[-6.29213,36.5312],[-6.29213,36.53117],[-6.29211,36.53112],[-6.29214,36.53112],[-6.29213,36.5311],[-6.29211,36.53108],[-6.29209,36.53107],[-6.29207,36.53107],[-6.29205,36.53107],[-6.29204,36.53109],[-6.29203,36.5311],[-6.29201,36.53111],[-6.29198,36.53112],[-6.29196,36.53112],[-6.29193,36.53112],[-6.29191,36.53111],[-6.29189,36.5311],[-6.29186,36.53108],[-6.29185,36.53105],[-6.29184,36.53103],[-6.29184,36.531],[-6.29186,36.53098],[-6.29188,36.53096],[-6.2919,36.53095],[-6.29192,36.53095],[-6.29196,36.53095],[-6.29199,36.53095],[-6.29201,36.53096],[-6.29203,36.53097],[-6.29205,36.53099],[-6.29205,36.531],[-6.29206,36.53102],[-6.29206,36.53103],[-6.29209,36.53102],[-6.29208,36.53101],[-6.29205,36.53097],[-6.292,36.53092],[-6.29194,36.53087],[-6.29189,36.53084],[-6.29179,36.53076],[-6.29175,36.53077]]]}},{"type":"Feature","properties":{"name":"","kind":"park","road":"","osm":770631654},"geometry":{"type":"Polygon","coordinates":[[[-6.29308,36.53546],[-6.29307,36.53537],[-6.29293,36.53537],[-6.29294,36.53547],[-6.29308,36.53546]]]}},{"type":"Feature","properties":{"name":"","kind":"park","road":"","osm":770631655},"geometry":{"type":"Polygon","coordinates":[[[-6.29287,36.53546],[-6.29287,36.53538],[-6.2928,36.53538],[-6.29279,36.53519],[-6.29271,36.53519],[-6.29273,36.53547],[-6.29287,36.53546]]]}},{"type":"Feature","properties":{"name":"","kind":"park","road":"","osm":770631657},"geometry":{"type":"Polygon","coordinates":[[[-6.29283,36.5349],[-6.29282,36.53484],[-6.29269,36.53484],[-6.29271,36.5351],[-6.29278,36.5351],[-6.29278,36.5349],[-6.29283,36.5349]]]}},{"type":"Feature","properties":{"name":"","kind":"park","road":"","osm":770631658},"geometry":{"type":"Polygon","coordinates":[[[-6.29311,36.53537],[-6.29311,36.53546],[-6.29321,36.53546],[-6.29346,36.53527],[-6.29346,36.53516],[-6.29338,36.53516],[-6.29338,36.53518],[-6.29337,36.53519],[-6.29336,36.53521],[-6.29333,36.53522],[-6.29332,36.53522],[-6.29331,36.53523],[-6.29331,36.53526],[-6.29329,36.53529],[-6.29327,36.53531],[-6.29323,36.53533],[-6.29319,36.53535],[-6.29315,36.53536],[-6.29311,36.53537]]]}},{"type":"Feature","properties":{"name":"","kind":"park","road":"","osm":770631659},"geometry":{"type":"Polygon","coordinates":[[[-6.29304,36.53489],[-6.29289,36.5349],[-6.29289,36.53483],[-6.29304,36.53482],[-6.29304,36.53489]]]}},{"type":"Feature","properties":{"name":"","kind":"park","road":"","osm":770631660},"geometry":{"type":"Polygon","coordinates":[[[-6.29346,36.53506],[-6.29337,36.53506],[-6.29337,36.53505],[-6.29336,36.53503],[-6.29335,36.53502],[-6.29334,36.53501],[-6.29332,36.53501],[-6.29331,36.535],[-6.29329,36.535],[-6.29329,36.53499],[-6.29329,36.53498],[-6.29328,36.53497],[-6.29327,36.53495],[-6.29326,36.53494],[-6.29325,36.53493],[-6.29323,36.53492],[-6.29322,36.53491],[-6.2932,36.53491],[-6.29317,36.5349],[-6.29315,36.5349],[-6.29313,36.5349],[-6.2931,36.53489],[-6.29309,36.53489],[-6.29308,36.53482],[-6.29324,36.53482],[-6.29345,36.53495],[-6.29346,36.53506]]]}},{"type":"Feature","properties":{"name":"","kind":"park","road":"","osm":770631661},"geometry":{"type":"Polygon","coordinates":[[[-6.29349,36.53482],[-6.29345,36.53487],[-6.29353,36.53492],[-6.29353,36.53505],[-6.29369,36.53505],[-6.2937,36.53471],[-6.29364,36.53466],[-6.29359,36.53471],[-6.2936,36.53473],[-6.2936,36.53475],[-6.2936,36.53478],[-6.29358,36.5348],[-6.29357,36.53481],[-6.29354,36.53482],[-6.29352,36.53483],[-6.2935,36.53483],[-6.29349,36.53482]]]}},{"type":"Feature","properties":{"name":"","kind":"park","road":"","osm":770631662},"geometry":{"type":"Polygon","coordinates":[[[-6.29351,36.5354],[-6.29347,36.53536],[-6.29356,36.5353],[-6.29355,36.53516],[-6.2937,36.53515],[-6.2937,36.53553],[-6.29368,36.53554],[-6.29363,36.53551],[-6.29364,36.5355],[-6.29365,36.53549],[-6.29365,36.53548],[-6.29366,36.53547],[-6.29366,36.53546],[-6.29365,36.53545],[-6.29365,36.53544],[-6.29364,36.53543],[-6.29363,36.53542],[-6.29362,36.53541],[-6.29361,36.53541],[-6.29359,36.5354],[-6.29357,36.5354],[-6.29356,36.5354],[-6.29354,36.5354],[-6.29353,36.5354],[-6.29352,36.53541],[-6.29351,36.5354]]]}},{"type":"Feature","properties":{"name":"","kind":"park","road":"","osm":770631663},"geometry":{"type":"Polygon","coordinates":[[[-6.29364,36.53557],[-6.29359,36.53553],[-6.29358,36.53554],[-6.29357,36.53554],[-6.29354,36.53554],[-6.29352,36.53554],[-6.29351,36.53553],[-6.29349,36.53552],[-6.29348,36.53551],[-6.29348,36.5355],[-6.29347,36.5355],[-6.29347,36.53549],[-6.29347,36.53548],[-6.29347,36.53546],[-6.29347,36.53545],[-6.29347,36.53544],[-6.29348,36.53543],[-6.29343,36.53539],[-6.29331,36.53549],[-6.29313,36.53551],[-6.29313,36.53554],[-6.29315,36.53554],[-6.29316,36.53555],[-6.29317,36.53555],[-6.29318,36.53556],[-6.29318,36.53557],[-6.29318,36.53558],[-6.29318,36.53559],[-6.29318,36.53561],[-6.29317,36.53562],[-6.29316,36.53563],[-6.29315,36.53564],[-6.29316,36.53568],[-6.29362,36.5356],[-6.29364,36.53557]]]}},{"type":"Feature","properties":{"name":"","kind":"park","road":"","osm":770631664},"geometry":{"type":"Polygon","coordinates":[[[-6.29307,36.53554],[-6.29307,36.53551],[-6.29274,36.53552],[-6.29275,36.53565],[-6.29275,36.53567],[-6.29275,36.53568],[-6.29277,36.53569],[-6.29278,36.53571],[-6.2928,36.53571],[-6.29282,36.53571],[-6.29311,36.53568],[-6.2931,36.53565],[-6.2931,36.53564],[-6.29308,36.53564],[-6.29307,36.53563],[-6.29306,36.53563],[-6.29305,36.53562],[-6.29305,36.53561],[-6.29305,36.53559],[-6.29304,36.53558],[-6.29305,36.53556],[-6.29305,36.53555],[-6.29307,36.53554]]]}},{"type":"Feature","properties":{"name":"","kind":"park","road":"","osm":770631665},"geometry":{"type":"Polygon","coordinates":[[[-6.29344,36.53479],[-6.2934,36.53484],[-6.29328,36.53477],[-6.29309,36.53478],[-6.29308,36.53474],[-6.2931,36.53473],[-6.29311,36.53472],[-6.29312,36.53471],[-6.29313,36.53469],[-6.29312,36.53467],[-6.29311,36.53466],[-6.2931,36.53464],[-6.29308,36.53464],[-6.29306,36.53463],[-6.29306,36.5346],[-6.29338,36.53456],[-6.29341,36.53456],[-6.29343,36.53456],[-6.29347,36.53456],[-6.29352,36.53456],[-6.29355,36.53457],[-6.29357,36.53459],[-6.29359,36.53461],[-6.29359,36.53462],[-6.29354,36.53467],[-6.29353,36.53467],[-6.2935,36.53467],[-6.29347,36.53468],[-6.29345,36.5347],[-6.29343,36.53471],[-6.29342,36.53473],[-6.29342,36.53475],[-6.29343,36.53478],[-6.29344,36.53479]]]}},{"type":"Feature","properties":{"name":"","kind":"park","road":"","osm":770631666},"geometry":{"type":"Polygon","coordinates":[[[-6.2927,36.53479],[-6.29302,36.53478],[-6.29302,36.53475],[-6.293,36.53474],[-6.29299,36.53474],[-6.29298,36.53473],[-6.29298,36.53471],[-6.29297,36.5347],[-6.29297,36.53468],[-6.29298,36.53466],[-6.29299,36.53465],[-6.293,36.53464],[-6.293,36.5346],[-6.29279,36.53463],[-6.29277,36.53464],[-6.29275,36.53465],[-6.29273,36.53466],[-6.29271,36.53468],[-6.2927,36.53469],[-6.29268,36.5347],[-6.29267,36.53472],[-6.29267,36.53475],[-6.29267,36.53477],[-6.29267,36.53479],[-6.2927,36.53479]]]}},{"type":"Feature","properties":{"name":"","kind":"park","road":"","osm":770631684},"geometry":{"type":"Polygon","coordinates":[[[-6.29313,36.53531],[-6.29313,36.53529],[-6.29317,36.53527],[-6.2932,36.53525],[-6.29321,36.53523],[-6.29323,36.53521],[-6.29323,36.53517],[-6.29325,36.53517],[-6.29327,36.53517],[-6.29328,36.53516],[-6.29329,36.53514],[-6.29329,36.53513],[-6.29329,36.53511],[-6.29328,36.53509],[-6.29327,36.53508],[-6.29326,36.53508],[-6.29325,36.53507],[-6.29322,36.53507],[-6.29322,36.53505],[-6.2932,36.53502],[-6.29318,36.535],[-6.29315,36.53498],[-6.29313,36.53498],[-6.2931,36.53497],[-6.2931,36.53495],[-6.29313,36.53495],[-6.29315,36.53495],[-6.29317,36.53496],[-6.29319,36.53497],[-6.29321,36.53498],[-6.29322,36.535],[-6.29323,36.53502],[-6.29324,36.53503],[-6.29324,36.53505],[-6.29324,36.53506],[-6.29329,36.53506],[-6.2933,36.53507],[-6.29331,36.53508],[-6.29332,36.5351],[-6.29332,36.53512],[-6.29332,36.53513],[-6.29332,36.53515],[-6.29331,36.53516],[-6.2933,36.53517],[-6.29329,36.53518],[-6.29326,36.53518],[-6.29326,36.53519],[-6.29326,36.53521],[-6.29325,36.53523],[-6.29324,36.53525],[-6.29323,36.53526],[-6.29321,36.53528],[-6.29318,36.5353],[-6.29315,36.53531],[-6.29313,36.53531]]]}},{"type":"Feature","properties":{"name":"","kind":"park","road":"","osm":770631685},"geometry":{"type":"Polygon","coordinates":[[[-6.29307,36.53533],[-6.29307,36.53528],[-6.29304,36.53528],[-6.29304,36.53522],[-6.29301,36.5352],[-6.293,36.53518],[-6.29299,36.53515],[-6.29298,36.53513],[-6.29299,36.5351],[-6.293,36.53507],[-6.29301,36.53505],[-6.29303,36.53504],[-6.29303,36.53497],[-6.29306,36.53497],[-6.29306,36.53494],[-6.29296,36.53494],[-6.29297,36.53533],[-6.29307,36.53533]]]}},{"type":"Feature","properties":{"name":"","kind":"park","road":"","osm":770677160},"geometry":{"type":"Polygon","coordinates":[[[-6.29516,36.53108],[-6.29508,36.53095],[-6.29523,36.53099],[-6.29522,36.53101],[-6.2952,36.53106],[-6.2952,36.53108],[-6.29519,36.53108],[-6.29518,36.53108],[-6.29517,36.53108],[-6.29516,36.53108]]]}},{"type":"Feature","properties":{"name":"","kind":"park","road":"","osm":770677161},"geometry":{"type":"Polygon","coordinates":[[[-6.29512,36.53112],[-6.29503,36.53112],[-6.29504,36.53096],[-6.29514,36.53109],[-6.29513,36.5311],[-6.29513,36.53111],[-6.29512,36.53112]]]}},{"type":"Feature","properties":{"name":"","kind":"park","road":"","osm":770677162},"geometry":{"type":"Polygon","coordinates":[[[-6.29542,36.53104],[-6.29526,36.53099],[-6.29525,36.53101],[-6.29523,36.53106],[-6.29523,36.53108],[-6.29524,36.53109],[-6.29525,36.53109],[-6.29526,36.5311],[-6.29542,36.53104]]]}},{"type":"Feature","properties":{"name":"","kind":"park","road":"","osm":770677163},"geometry":{"type":"Polygon","coordinates":[[[-6.29536,36.5312],[-6.29542,36.53108],[-6.29528,36.53113],[-6.29528,36.53114],[-6.29528,36.53115],[-6.29528,36.53116],[-6.29528,36.53117],[-6.29536,36.5312]]]}},{"type":"Feature","properties":{"name":"","kind":"park","road":"","osm":770677164},"geometry":{"type":"Polygon","coordinates":[[[-6.2952,36.53128],[-6.29511,36.53126],[-6.29515,36.5312],[-6.29517,36.53121],[-6.29518,36.53121],[-6.2952,36.53121],[-6.2952,36.53128]]]}},{"type":"Feature","properties":{"name":"","kind":"park","road":"","osm":770677165},"geometry":{"type":"Polygon","coordinates":[[[-6.29521,36.5314],[-6.29514,36.53138],[-6.29514,36.53137],[-6.29516,36.53131],[-6.29516,36.5313],[-6.29519,36.53131],[-6.29521,36.5314]]]}},{"type":"Feature","properties":{"name":"","kind":"park","road":"","osm":770677166},"geometry":{"type":"Polygon","coordinates":[[[-6.29512,36.53119],[-6.29511,36.53118],[-6.29511,36.53116],[-6.29505,36.53116],[-6.29504,36.53131],[-6.29512,36.53119]]]}},{"type":"Feature","properties":{"name":"","kind":"park","road":"","osm":770677167},"geometry":{"type":"Polygon","coordinates":[[[-6.2951,36.53138],[-6.29511,36.53136],[-6.29513,36.5313],[-6.29513,36.53129],[-6.2951,36.53129],[-6.29504,36.53137],[-6.2951,36.53138]]]}},{"type":"Feature","properties":{"name":"","kind":"park","road":"","osm":770677168},"geometry":{"type":"Polygon","coordinates":[[[-6.29526,36.53136],[-6.29533,36.53123],[-6.29525,36.5312],[-6.29524,36.53121],[-6.29523,36.53121],[-6.29522,36.53121],[-6.29526,36.53136]]]}},{"type":"Feature","properties":{"name":"","kind":"park","road":"","osm":770769997},"geometry":{"type":"Polygon","coordinates":[[[-6.30408,36.53642],[-6.304,36.53633],[-6.30405,36.53629],[-6.30407,36.53627],[-6.3041,36.53623],[-6.30411,36.5362],[-6.30415,36.5362],[-6.30419,36.5362],[-6.30423,36.53619],[-6.30425,36.53619],[-6.30431,36.53625],[-6.30424,36.5363],[-6.30417,36.53624],[-6.30416,36.53623],[-6.30414,36.53623],[-6.30414,36.53625],[-6.30416,36.53625],[-6.30422,36.53632],[-6.30408,36.53642]]]}},{"type":"Feature","properties":{"name":"","kind":"park","road":"","osm":770769999},"geometry":{"type":"Polygon","coordinates":[[[-6.30394,36.53631],[-6.30386,36.53622],[-6.30384,36.53617],[-6.30389,36.53617],[-6.30396,36.53617],[-6.30406,36.53618],[-6.30403,36.53622],[-6.30401,36.53625],[-6.30399,36.53627],[-6.30398,36.53629],[-6.30394,36.53631]]]}},{"type":"Feature","properties":{"name":"","kind":"park","road":"","osm":770770000},"geometry":{"type":"Polygon","coordinates":[[[-6.30353,36.5367],[-6.30352,36.53667],[-6.30352,36.53665],[-6.30353,36.53662],[-6.30355,36.5366],[-6.30355,36.53658],[-6.30354,36.53656],[-6.30352,36.53655],[-6.30349,36.53654],[-6.30346,36.53654],[-6.30343,36.53654],[-6.3034,36.53654],[-6.30337,36.53654],[-6.30337,36.53656],[-6.30336,36.53657],[-6.30334,36.53658],[-6.30331,36.53659],[-6.30328,36.53661],[-6.30325,36.53661],[-6.30321,36.53662],[-6.30314,36.53664],[-6.30316,36.5367],[-6.30305,36.53671],[-6.30303,36.53665],[-6.30298,36.53665],[-6.30295,36.53666],[-6.3029,36.53666],[-6.30286,36.53665],[-6.30271,36.53677],[-6.30265,36.53681],[-6.30271,36.53683],[-6.30353,36.5367]]]}},{"type":"Feature","properties":{"name":"","kind":"park","road":"","osm":770770002},"geometry":{"type":"Polygon","coordinates":[[[-6.30356,36.53669],[-6.30356,36.53667],[-6.30356,36.53665],[-6.30356,36.53664],[-6.30357,36.53661],[-6.30358,36.5366],[-6.30358,36.53659],[-6.30358,36.53657],[-6.30358,36.53656],[-6.3036,36.53656],[-6.30362,36.53656],[-6.30364,36.53656],[-6.30367,36.53655],[-6.3037,36.53654],[-6.30371,36.53654],[-6.30373,36.53653],[-6.30388,36.5366],[-6.30379,36.53666],[-6.30356,36.53669]]]}},{"type":"Feature","properties":{"name":"","kind":"park","road":"","osm":770770003},"geometry":{"type":"Polygon","coordinates":[[[-6.30289,36.53661],[-6.30314,36.53642],[-6.30316,36.53644],[-6.30319,36.53646],[-6.30322,36.53647],[-6.30326,36.53648],[-6.30328,36.53649],[-6.30331,36.5365],[-6.30332,36.53652],[-6.30332,36.53654],[-6.30332,36.53655],[-6.3033,36.53657],[-6.30327,36.53658],[-6.30324,36.53659],[-6.30321,36.53659],[-6.30317,36.5366],[-6.3031,36.53661],[-6.30307,36.53661],[-6.30302,36.53661],[-6.30298,36.53662],[-6.30293,36.53662],[-6.30289,36.53661]]]}},{"type":"Feature","properties":{"name":"","kind":"park","road":"","osm":770770004},"geometry":{"type":"Polygon","coordinates":[[[-6.30342,36.53624],[-6.30339,36.53622],[-6.30316,36.53639],[-6.30318,36.53641],[-6.3032,36.53642],[-6.30322,36.53643],[-6.30324,36.53644],[-6.30326,36.53645],[-6.30329,36.53645],[-6.3033,36.53646],[-6.30332,36.53646],[-6.30333,36.53647],[-6.30334,36.53649],[-6.30337,36.53649],[-6.30339,36.53649],[-6.30342,36.53648],[-6.30345,36.53647],[-6.30347,36.53646],[-6.30348,36.53645],[-6.3035,36.53644],[-6.30351,36.53643],[-6.30329,36.53636],[-6.30331,36.53629],[-6.30335,36.53627],[-6.3034,36.53628],[-6.3034,36.53627],[-6.30342,36.53624]]]}},{"type":"Feature","properties":{"name":"","kind":"park","road":"","osm":770770005},"geometry":{"type":"Polygon","coordinates":[[[-6.30355,36.53654],[-6.30358,36.53654],[-6.3036,36.53654],[-6.30363,36.53653],[-6.30365,36.53653],[-6.30368,36.53652],[-6.30369,36.53651],[-6.3036,36.53646],[-6.30353,36.53644],[-6.30352,36.53645],[-6.3035,36.53647],[-6.30348,36.53648],[-6.30346,36.53649],[-6.30344,36.5365],[-6.30342,36.5365],[-6.3034,36.53651],[-6.30338,36.53651],[-6.30336,36.53651],[-6.30336,36.53652],[-6.30339,36.53652],[-6.3034,36.53651],[-6.30343,36.53651],[-6.30345,36.53651],[-6.30347,36.53651],[-6.3035,36.53651],[-6.30351,36.53652],[-6.30353,36.53652],[-6.30354,36.53653],[-6.30355,36.53653],[-6.30355,36.53654]]]}},{"type":"Feature","properties":{"name":"","kind":"park","road":"","osm":770770006},"geometry":{"type":"Polygon","coordinates":[[[-6.3036,36.53609],[-6.30356,36.53606],[-6.30376,36.5359],[-6.30384,36.53594],[-6.30383,36.53596],[-6.30384,36.53598],[-6.30384,36.53599],[-6.30386,36.536],[-6.30384,36.5361],[-6.30381,36.53612],[-6.30373,36.53598],[-6.30365,36.53601],[-6.30363,36.53604],[-6.30365,36.53606],[-6.3036,36.53609]]]}},{"type":"Feature","properties":{"name":"","kind":"park","road":"","osm":770770007},"geometry":{"type":"Polygon","coordinates":[[[-6.30418,36.53615],[-6.30418,36.53612],[-6.30415,36.53612],[-6.30414,36.53611],[-6.30413,36.53609],[-6.30413,36.53607],[-6.30413,36.53605],[-6.30414,36.53604],[-6.30415,36.53603],[-6.30417,36.53602],[-6.30413,36.53599],[-6.30411,36.53597],[-6.30409,36.53594],[-6.30407,36.53592],[-6.30406,36.53589],[-6.30405,36.53587],[-6.30405,36.53585],[-6.30404,36.53583],[-6.30403,36.5358],[-6.30398,36.5359],[-6.304,36.53592],[-6.304,36.53594],[-6.30401,36.53596],[-6.304,36.53598],[-6.30399,36.536],[-6.30398,36.53601],[-6.30395,36.53602],[-6.30392,36.53602],[-6.3039,36.53602],[-6.30387,36.53612],[-6.30397,36.53613],[-6.30413,36.53615],[-6.30418,36.53615]]]}},{"type":"Feature","properties":{"name":"","kind":"park","road":"","osm":770770011},"geometry":{"type":"Polygon","coordinates":[[[-6.30378,36.53588],[-6.30396,36.53573],[-6.30398,36.53573],[-6.30399,36.53574],[-6.304,36.53574],[-6.304,36.53576],[-6.304,36.53577],[-6.30394,36.53589],[-6.30393,36.53589],[-6.30391,36.53589],[-6.30389,36.53589],[-6.30388,36.5359],[-6.30386,36.53591],[-6.30385,36.53592],[-6.30378,36.53588]]]}},{"type":"Feature","properties":{"name":"","kind":"park","road":"","osm":770770012},"geometry":{"type":"Polygon","coordinates":[[[-6.3039,36.53595],[-6.3039,36.53596],[-6.3039,36.53597],[-6.30391,36.53597],[-6.30392,36.53598],[-6.30393,36.53598],[-6.30394,36.53598],[-6.30395,36.53597],[-6.30395,36.53596],[-6.30395,36.53595],[-6.30395,36.53594],[-6.30394,36.53594],[-6.30393,36.53594],[-6.30392,36.53594],[-6.30391,36.53594],[-6.3039,36.53595]]]}},{"type":"Feature","properties":{"name":"","kind":"park","road":"","osm":770770013},"geometry":{"type":"Polygon","coordinates":[[[-6.30436,36.53597],[-6.30429,36.53586],[-6.30431,36.53584],[-6.30432,36.53582],[-6.30431,36.5358],[-6.30431,36.53578],[-6.30429,36.53577],[-6.30427,36.53576],[-6.30424,36.53575],[-6.30422,36.53572],[-6.30439,36.53568],[-6.3044,36.53571],[-6.3044,36.53574],[-6.3044,36.53577],[-6.30439,36.53583],[-6.30438,36.53588],[-6.30436,36.53597]]]}},{"type":"Feature","properties":{"name":"","kind":"park","road":"","osm":770770014},"geometry":{"type":"Polygon","coordinates":[[[-6.30433,36.53599],[-6.30426,36.53588],[-6.30424,36.53588],[-6.30422,36.53588],[-6.3042,36.53587],[-6.30418,36.53585],[-6.30409,36.53587],[-6.3041,36.53589],[-6.30411,36.53591],[-6.30413,36.53593],[-6.30414,36.53594],[-6.30416,36.53596],[-6.30417,36.53597],[-6.30418,36.53598],[-6.3042,36.536],[-6.30423,36.53601],[-6.30433,36.53599]]]}},{"type":"Feature","properties":{"name":"","kind":"park","road":"","osm":770770015},"geometry":{"type":"Polygon","coordinates":[[[-6.30421,36.53582],[-6.30422,36.53583],[-6.30423,36.53584],[-6.30424,36.53584],[-6.30425,36.53584],[-6.30426,36.53584],[-6.30427,36.53583],[-6.30428,36.53582],[-6.30428,36.53581],[-6.30427,36.5358],[-6.30426,36.53579],[-6.30425,36.53579],[-6.30424,36.53579],[-6.30423,36.53579],[-6.30422,36.5358],[-6.30421,36.53581],[-6.30421,36.53582]]]}},{"type":"Feature","properties":{"name":"","kind":"park","road":"","osm":770770016},"geometry":{"type":"Polygon","coordinates":[[[-6.30417,36.53582],[-6.30409,36.53584],[-6.30405,36.53577],[-6.30406,36.53577],[-6.30407,36.53576],[-6.30419,36.53573],[-6.3042,36.53576],[-6.30419,36.53577],[-6.30418,36.53578],[-6.30417,36.53579],[-6.30417,36.53581],[-6.30417,36.53582]]]}},{"type":"Feature","properties":{"name":"","kind":"park","road":"","osm":770770017},"geometry":{"type":"Polygon","coordinates":[[[-6.30487,36.53585],[-6.30503,36.53572],[-6.30495,36.53564],[-6.30491,36.53564],[-6.30486,36.53564],[-6.30481,36.53563],[-6.30477,36.53562],[-6.30475,36.5356],[-6.30475,36.53558],[-6.30472,36.53561],[-6.30467,36.53565],[-6.30465,36.53566],[-6.30487,36.53585]]]}},{"type":"Feature","properties":{"name":"","kind":"park","road":"","osm":770770018},"geometry":{"type":"Polygon","coordinates":[[[-6.30248,36.53669],[-6.30326,36.53605],[-6.30323,36.53602],[-6.30283,36.53634],[-6.30244,36.53666],[-6.30248,36.53669]]]}},{"type":"Feature","properties":{"name":"","kind":"park","road":"","osm":770770019},"geometry":{"type":"Polygon","coordinates":[[[-6.30333,36.536],[-6.30329,36.53597],[-6.30367,36.53566],[-6.30404,36.53536],[-6.30406,36.53538],[-6.30407,36.53539],[-6.30395,36.53548],[-6.30333,36.536]]]}},{"type":"Feature","properties":{"name":"","kind":"park","road":"","osm":770770020},"geometry":{"type":"Polygon","coordinates":[[[-6.30427,36.53568],[-6.30406,36.53574],[-6.30404,36.53574],[-6.30403,36.53573],[-6.30402,36.53571],[-6.30402,36.53569],[-6.30403,36.53568],[-6.30419,36.53555],[-6.30421,36.53558],[-6.3042,36.53559],[-6.30419,36.5356],[-6.3042,36.53562],[-6.30421,36.53563],[-6.30422,36.53564],[-6.30424,36.53564],[-6.30425,36.53564],[-6.30427,36.53568]]]}},{"type":"Feature","properties":{"name":"","kind":"park","road":"","osm":770770021},"geometry":{"type":"Polygon","coordinates":[[[-6.30431,36.53566],[-6.30428,36.53563],[-6.30429,36.53562],[-6.30429,36.5356],[-6.30429,36.53559],[-6.30428,36.53558],[-6.30426,36.53557],[-6.30425,36.53557],[-6.30424,36.53557],[-6.30421,36.53554],[-6.30433,36.53545],[-6.30435,36.53547],[-6.30436,36.53549],[-6.30437,36.53551],[-6.30439,36.53554],[-6.30439,36.53556],[-6.30439,36.53559],[-6.30439,36.53562],[-6.30439,36.53564],[-6.30438,36.53565],[-6.30434,36.53565],[-6.30431,36.53566]]]}},{"type":"Feature","properties":{"name":"","kind":"park","road":"","osm":770770023},"geometry":{"type":"Polygon","coordinates":[[[-6.30447,36.53569],[-6.30448,36.53566],[-6.30448,36.53563],[-6.30447,36.53559],[-6.30447,36.53555],[-6.30449,36.53553],[-6.30451,36.53551],[-6.30454,36.53547],[-6.30456,36.53544],[-6.30458,36.53542],[-6.30464,36.53545],[-6.30464,36.53546],[-6.30464,36.53547],[-6.30465,36.53548],[-6.30466,36.53549],[-6.30468,36.5355],[-6.30469,36.5355],[-6.30472,36.53549],[-6.30475,36.53551],[-6.30474,36.53555],[-6.30472,36.53557],[-6.3047,36.53559],[-6.30468,36.53561],[-6.30465,36.53563],[-6.30463,36.53564],[-6.3046,36.53566],[-6.30456,36.53567],[-6.30452,36.53569],[-6.3045,36.53569],[-6.30447,36.53569]]]}},{"type":"Feature","properties":{"name":"","kind":"park","road":"","osm":770770024},"geometry":{"type":"Polygon","coordinates":[[[-6.30445,36.53548],[-6.30445,36.53547],[-6.30444,36.53546],[-6.30443,36.53544],[-6.30443,36.53543],[-6.30441,36.53542],[-6.3044,36.53541],[-6.30439,36.5354],[-6.30442,36.53538],[-6.30444,36.53537],[-6.30445,36.53536],[-6.30446,36.53535],[-6.30447,36.53533],[-6.30447,36.53531],[-6.30447,36.53529],[-6.30447,36.53527],[-6.30447,36.53526],[-6.30446,36.53524],[-6.30445,36.53523],[-6.30443,36.53521],[-6.30443,36.5352],[-6.30443,36.53518],[-6.30444,36.53517],[-6.30445,36.53516],[-6.30447,36.53515],[-6.30453,36.53512],[-6.30456,36.53512],[-6.3046,36.5352],[-6.30462,36.53523],[-6.30463,36.53525],[-6.30466,36.53528],[-6.30464,36.53529],[-6.30461,36.53532],[-6.30459,36.53534],[-6.30456,36.53537],[-6.30445,36.53548]]]}},{"type":"Feature","properties":{"name":"","kind":"park","road":"","osm":770770025},"geometry":{"type":"Polygon","coordinates":[[[-6.30438,36.53537],[-6.30441,36.53536],[-6.30442,36.53534],[-6.30443,36.53532],[-6.30443,36.5353],[-6.30442,36.53528],[-6.3044,36.53527],[-6.30439,36.53525],[-6.30438,36.53525],[-6.30437,36.53524],[-6.30437,36.53523],[-6.30436,36.53523],[-6.30434,36.53523],[-6.30433,36.53523],[-6.30431,36.53524],[-6.3043,36.53525],[-6.30429,36.53527],[-6.3043,36.53528],[-6.3043,36.5353],[-6.3043,36.53532],[-6.30434,36.53535],[-6.30436,36.53537],[-6.30438,36.53537]]]}},{"type":"Feature","properties":{"name":"","kind":"park","road":"","osm":770770026},"geometry":{"type":"Polygon","coordinates":[[[-6.30422,36.53521],[-6.30425,36.53524],[-6.30452,36.53506],[-6.30461,36.53502],[-6.30473,36.53496],[-6.30479,36.53492],[-6.3048,36.5349],[-6.30479,36.53487],[-6.30478,36.53485],[-6.30477,36.53483],[-6.30476,36.53482],[-6.30475,36.53481],[-6.30474,36.53479],[-6.30475,36.53478],[-6.30477,36.53477],[-6.3049,36.53466],[-6.30498,36.53459],[-6.30497,36.53458],[-6.30455,36.53493],[-6.30422,36.53521]]]}},{"type":"Feature","properties":{"name":"","kind":"park","road":"","osm":770770027},"geometry":{"type":"Polygon","coordinates":[[[-6.30468,36.53545],[-6.30467,36.53545],[-6.30467,36.53546],[-6.30467,36.53547],[-6.30468,36.53547],[-6.30468,36.53548],[-6.30469,36.53548],[-6.3047,36.53548],[-6.3047,36.53547],[-6.30471,36.53547],[-6.30471,36.53546],[-6.3047,36.53545],[-6.30469,36.53545],[-6.30468,36.53545]]]}},{"type":"Feature","properties":{"name":"","kind":"park","road":"","osm":770770028},"geometry":{"type":"Polygon","coordinates":[[[-6.30475,36.53548],[-6.30474,36.53547],[-6.30474,36.53546],[-6.30474,36.53545],[-6.30474,36.53544],[-6.30473,36.53543],[-6.30472,36.53542],[-6.30471,36.53542],[-6.30469,36.53542],[-6.30467,36.53542],[-6.30466,36.53543],[-6.30459,36.5354],[-6.3046,36.53539],[-6.30461,36.53537],[-6.30462,36.53536],[-6.30463,36.53535],[-6.30465,36.53534],[-6.30466,36.53533],[-6.30468,36.53533],[-6.3047,36.53534],[-6.30473,36.53536],[-6.30475,36.53537],[-6.30477,36.53538],[-6.3048,36.53538],[-6.30481,36.53538],[-6.30484,36.53539],[-6.30485,36.53539],[-6.30482,36.53541],[-6.30481,36.53543],[-6.30479,36.53546],[-6.30477,36.53549],[-6.30475,36.53548]]]}},{"type":"Feature","properties":{"name":"","kind":"park","road":"","osm":770770029},"geometry":{"type":"Polygon","coordinates":[[[-6.30485,36.53536],[-6.30481,36.53536],[-6.30478,36.53535],[-6.30474,36.53534],[-6.3047,36.53532],[-6.30469,36.53531],[-6.3047,36.53529],[-6.30473,36.53527],[-6.30475,36.53526],[-6.30479,36.53524],[-6.30482,36.53523],[-6.30486,36.53522],[-6.30489,36.53522],[-6.30493,36.53521],[-6.30498,36.53521],[-6.30503,36.53522],[-6.30507,36.53523],[-6.30504,36.53524],[-6.30501,36.53525],[-6.30498,36.53526],[-6.30496,36.53528],[-6.30493,36.5353],[-6.30492,36.53532],[-6.3049,36.53534],[-6.30488,36.53536],[-6.30485,36.53536]]]}},{"type":"Feature","properties":{"name":"","kind":"park","road":"","osm":770770030},"geometry":{"type":"Polygon","coordinates":[[[-6.30527,36.53539],[-6.30545,36.53526],[-6.30544,36.53525],[-6.30544,36.53524],[-6.30544,36.53523],[-6.30544,36.53521],[-6.30544,36.5352],[-6.30545,36.53519],[-6.3054,36.53515],[-6.30528,36.53534],[-6.30527,36.53538],[-6.30527,36.53539]]]}},{"type":"Feature","properties":{"name":"","kind":"park","road":"","osm":770770034},"geometry":{"type":"Polygon","coordinates":[[[-6.30555,36.53517],[-6.30564,36.53511],[-6.30551,36.535],[-6.30542,36.53513],[-6.30547,36.53517],[-6.30549,36.53516],[-6.30551,36.53516],[-6.30553,36.53516],[-6.30555,36.53517]]]}},{"type":"Feature","properties":{"name":"","kind":"park","road":"","osm":770770035},"geometry":{"type":"Polygon","coordinates":[[[-6.30549,36.53521],[-6.30549,36.53522],[-6.30548,36.53522],[-6.30549,36.53523],[-6.3055,36.53524],[-6.30551,36.53524],[-6.30552,36.53524],[-6.30552,36.53523],[-6.30553,36.53522],[-6.30552,36.53521],[-6.30551,36.53521],[-6.30551,36.5352],[-6.3055,36.5352],[-6.30549,36.53521]]]}},{"type":"Feature","properties":{"name":"","kind":"park","road":"","osm":770770036},"geometry":{"type":"Polygon","coordinates":[[[-6.30557,36.53519],[-6.30567,36.53512],[-6.30575,36.53518],[-6.30508,36.53568],[-6.30501,36.53562],[-6.30547,36.53527],[-6.30549,36.53528],[-6.3055,36.53528],[-6.30551,36.53528],[-6.30553,36.53527],[-6.30554,36.53527],[-6.30556,36.53526],[-6.30557,36.53524],[-6.30558,36.53523],[-6.30558,36.53522],[-6.30558,36.5352],[-6.30557,36.53519]]]}},{"type":"Feature","properties":{"name":"","kind":"park","road":"","osm":770770037},"geometry":{"type":"Polygon","coordinates":[[[-6.30482,36.53519],[-6.30489,36.53518],[-6.30489,36.53514],[-6.30487,36.53512],[-6.30486,36.53509],[-6.30481,36.53511],[-6.30481,36.53512],[-6.30481,36.53513],[-6.3048,36.53514],[-6.30479,36.53515],[-6.30482,36.53519]]]}},{"type":"Feature","properties":{"name":"","kind":"park","road":"","osm":770770038},"geometry":{"type":"Polygon","coordinates":[[[-6.3047,36.53525],[-6.30479,36.5352],[-6.30477,36.53516],[-6.30476,36.53516],[-6.30475,36.53516],[-6.30474,36.53516],[-6.30473,36.53516],[-6.30472,36.53515],[-6.30463,36.5352],[-6.30466,36.53524],[-6.30469,36.53525],[-6.3047,36.53525]]]}},{"type":"Feature","properties":{"name":"","kind":"park","road":"","osm":770770039},"geometry":{"type":"Polygon","coordinates":[[[-6.30463,36.53517],[-6.3047,36.53513],[-6.3047,36.53512],[-6.3047,36.53511],[-6.30471,36.5351],[-6.30471,36.53509],[-6.30468,36.53503],[-6.30458,36.53509],[-6.30463,36.53517]]]}},{"type":"Feature","properties":{"name":"","kind":"park","road":"","osm":770770040},"geometry":{"type":"Polygon","coordinates":[[[-6.30479,36.53509],[-6.30484,36.53507],[-6.30482,36.53502],[-6.30479,36.53497],[-6.30478,36.53496],[-6.30477,36.53496],[-6.30469,36.53502],[-6.30473,36.53508],[-6.30474,36.53508],[-6.30476,36.53508],[-6.30477,36.53508],[-6.30478,36.53508],[-6.30479,36.53509]]]}},{"type":"Feature","properties":{"name":"","kind":"park","road":"","osm":770770041},"geometry":{"type":"Polygon","coordinates":[[[-6.30495,36.53501],[-6.30496,36.53502],[-6.30496,36.53503],[-6.30496,36.53504],[-6.30495,36.53505],[-6.30494,36.53505],[-6.30493,36.53506],[-6.30492,36.53506],[-6.30491,36.53505],[-6.3049,36.53505],[-6.3049,36.53504],[-6.3049,36.53503],[-6.3049,36.53502],[-6.30491,36.53501],[-6.30492,36.53501],[-6.30493,36.53501],[-6.30494,36.53501],[-6.30495,36.53501]]]}},{"type":"Feature","properties":{"name":"","kind":"park","road":"","osm":770770042},"geometry":{"type":"Polygon","coordinates":[[[-6.30507,36.53519],[-6.3051,36.53519],[-6.30513,36.53517],[-6.30514,36.53516],[-6.30514,36.53513],[-6.30514,36.53508],[-6.30513,36.53504],[-6.30513,36.53499],[-6.30514,36.53497],[-6.30514,36.53495],[-6.30512,36.53494],[-6.30511,36.53494],[-6.30509,36.53495],[-6.30507,36.53497],[-6.30506,36.53498],[-6.30505,36.535],[-6.30503,36.53502],[-6.30502,36.53503],[-6.30501,36.53505],[-6.305,36.53507],[-6.30498,36.53509],[-6.30497,36.5351],[-6.30495,36.53511],[-6.30493,36.53512],[-6.30492,36.53513],[-6.30492,36.53514],[-6.30492,36.53516],[-6.30492,36.53517],[-6.30494,36.53517],[-6.30496,36.53517],[-6.30498,36.53517],[-6.305,36.53518],[-6.30502,36.53518],[-6.30504,36.53518],[-6.30505,36.53519],[-6.30507,36.53519]]]}},{"type":"Feature","properties":{"name":"","kind":"park","road":"","osm":770770043},"geometry":{"type":"Polygon","coordinates":[[[-6.30259,36.53668],[-6.30257,36.53666],[-6.30268,36.53657],[-6.3027,36.53659],[-6.30259,36.53668]]]}},{"type":"Feature","properties":{"name":"","kind":"park","road":"","osm":770770044},"geometry":{"type":"Polygon","coordinates":[[[-6.30269,36.53674],[-6.30267,36.53673],[-6.30277,36.53665],[-6.30279,36.53666],[-6.30269,36.53674]]]}},{"type":"Feature","properties":{"name":"","kind":"park","road":"","osm":770770045},"geometry":{"type":"Polygon","coordinates":[[[-6.30274,36.53655],[-6.30272,36.53653],[-6.30283,36.53644],[-6.30286,36.53646],[-6.30274,36.53655]]]}},{"type":"Feature","properties":{"name":"","kind":"park","road":"","osm":770770046},"geometry":{"type":"Polygon","coordinates":[[[-6.30285,36.53662],[-6.30283,36.53661],[-6.30293,36.53652],[-6.30295,36.53654],[-6.30285,36.53662]]]}},{"type":"Feature","properties":{"name":"","kind":"park","road":"","osm":770770047},"geometry":{"type":"Polygon","coordinates":[[[-6.3029,36.53643],[-6.30287,36.53641],[-6.30298,36.53631],[-6.30301,36.53633],[-6.3029,36.53643]]]}},{"type":"Feature","properties":{"name":"","kind":"park","road":"","osm":770770048},"geometry":{"type":"Polygon","coordinates":[[[-6.30299,36.53651],[-6.30297,36.53649],[-6.30309,36.5364],[-6.30311,36.53641],[-6.30299,36.53651]]]}},{"type":"Feature","properties":{"name":"","kind":"park","road":"","osm":770770051},"geometry":{"type":"Polygon","coordinates":[[[-6.30345,36.53621],[-6.30344,36.5362],[-6.30343,36.53618],[-6.30344,36.53617],[-6.30352,36.5361],[-6.30355,36.5361],[-6.30356,36.5361],[-6.30357,36.53611],[-6.30355,36.53612],[-6.3035,36.53616],[-6.30346,36.5362],[-6.30345,36.53621]]]}},{"type":"Feature","properties":{"name":"","kind":"park","road":"","osm":770770052},"geometry":{"type":"Polygon","coordinates":[[[-6.30306,36.53629],[-6.30316,36.5362],[-6.30314,36.53618],[-6.30303,36.53627],[-6.30306,36.53629]]]}},{"type":"Feature","properties":{"name":"","kind":"park","road":"","osm":770770053},"geometry":{"type":"Polygon","coordinates":[[[-6.30315,36.53638],[-6.30313,36.53636],[-6.30324,36.53626],[-6.30327,36.53628],[-6.30315,36.53638]]]}},{"type":"Feature","properties":{"name":"","kind":"park","road":"","osm":770770054},"geometry":{"type":"Polygon","coordinates":[[[-6.30331,36.53623],[-6.30329,36.53621],[-6.30339,36.53613],[-6.30342,36.53615],[-6.30331,36.53623]]]}},{"type":"Feature","properties":{"name":"","kind":"park","road":"","osm":770770055},"geometry":{"type":"Polygon","coordinates":[[[-6.30321,36.53616],[-6.30318,36.53614],[-6.30328,36.53606],[-6.30331,36.53608],[-6.30321,36.53616]]]}},{"type":"Feature","properties":{"name":"","kind":"park","road":"","osm":770770056},"geometry":{"type":"Polygon","coordinates":[[[-6.30346,36.53612],[-6.30344,36.53609],[-6.30354,36.53601],[-6.30357,36.53603],[-6.30346,36.53612]]]}},{"type":"Feature","properties":{"name":"","kind":"park","road":"","osm":770770057},"geometry":{"type":"Polygon","coordinates":[[[-6.30337,36.53604],[-6.30333,36.53601],[-6.30345,36.53592],[-6.30348,36.53594],[-6.30337,36.53604]]]}},{"type":"Feature","properties":{"name":"","kind":"park","road":"","osm":770770058},"geometry":{"type":"Polygon","coordinates":[[[-6.30361,36.53599],[-6.30358,36.53597],[-6.30369,36.53588],[-6.30372,36.5359],[-6.30361,36.53599]]]}},{"type":"Feature","properties":{"name":"","kind":"park","road":"","osm":770770059},"geometry":{"type":"Polygon","coordinates":[[[-6.30353,36.53591],[-6.3035,36.53588],[-6.30361,36.53579],[-6.30364,36.53581],[-6.30353,36.53591]]]}},{"type":"Feature","properties":{"name":"","kind":"park","road":"","osm":770770060},"geometry":{"type":"Polygon","coordinates":[[[-6.30369,36.53578],[-6.30366,36.53576],[-6.30377,36.53567],[-6.3038,36.53569],[-6.30369,36.53578]]]}},{"type":"Feature","properties":{"name":"","kind":"park","road":"","osm":770770061},"geometry":{"type":"Polygon","coordinates":[[[-6.30389,36.53576],[-6.30387,36.53574],[-6.30374,36.53584],[-6.30376,36.53586],[-6.30389,36.53576]]]}},{"type":"Feature","properties":{"name":"","kind":"park","road":"","osm":770770062},"geometry":{"type":"Polygon","coordinates":[[[-6.30393,36.53572],[-6.3039,36.5357],[-6.30401,36.53561],[-6.30404,36.53564],[-6.30393,36.53572]]]}},{"type":"Feature","properties":{"name":"","kind":"park","road":"","osm":770770063},"geometry":{"type":"Polygon","coordinates":[[[-6.30384,36.53565],[-6.3038,36.53563],[-6.30391,36.53554],[-6.30394,36.53556],[-6.30384,36.53565]]]}},{"type":"Feature","properties":{"name":"","kind":"park","road":"","osm":770770065},"geometry":{"type":"Polygon","coordinates":[[[-6.304,36.53552],[-6.30397,36.53549],[-6.30407,36.53541],[-6.3041,36.53543],[-6.304,36.53552]]]}},{"type":"Feature","properties":{"name":"","kind":"park","road":"","osm":770770066},"geometry":{"type":"Polygon","coordinates":[[[-6.30409,36.5356],[-6.30406,36.53558],[-6.30416,36.5355],[-6.30418,36.53552],[-6.30409,36.5356]]]}},{"type":"Feature","properties":{"name":"Avenida de Astilleros","kind":"road","road":"secondary","osm":770820394},"geometry":{"type":"LineString","coordinates":[[-6.28791,36.53007],[-6.28787,36.53005],[-6.28783,36.53003]]}},{"type":"Feature","properties":{"name":"Avenida de Astilleros","kind":"road","road":"secondary","osm":770820397},"geometry":{"type":"LineString","coordinates":[[-6.28783,36.53003],[-6.28778,36.53002],[-6.28774,36.53],[-6.28774,36.52999],[-6.2877,36.52998],[-6.28769,36.52997],[-6.28761,36.52992],[-6.28755,36.52988],[-6.2875,36.52984],[-6.28731,36.52965]]}},{"type":"Feature","properties":{"name":"Avenida de Astilleros","kind":"road","road":"secondary","osm":770820398},"geometry":{"type":"LineString","coordinates":[[-6.28731,36.52965],[-6.28669,36.52905],[-6.2866,36.52896],[-6.28544,36.52785],[-6.28538,36.52779]]}},{"type":"Feature","properties":{"name":"","kind":"road","road":"pedestrian","osm":770883223},"geometry":{"type":"LineString","coordinates":[[-6.28857,36.52662],[-6.28852,36.52667],[-6.28855,36.52669],[-6.28812,36.52702],[-6.28811,36.52701],[-6.28805,36.52706],[-6.28788,36.52697],[-6.28844,36.52652],[-6.28854,36.52658],[-6.28857,36.52662]]}},{"type":"Feature","properties":{"name":"","kind":"park","road":"","osm":771176158},"geometry":{"type":"Polygon","coordinates":[[[-6.30236,36.53704],[-6.30239,36.53707],[-6.30251,36.53702],[-6.3024,36.53692],[-6.30236,36.53695],[-6.30237,36.53696],[-6.30238,36.53697],[-6.30238,36.53698],[-6.30239,36.53699],[-6.30239,36.53701],[-6.30238,36.53702],[-6.30238,36.53703],[-6.30237,36.53704],[-6.30236,36.53704]]]}},{"type":"Feature","properties":{"name":"","kind":"park","road":"","osm":771176159},"geometry":{"type":"Polygon","coordinates":[[[-6.30233,36.53693],[-6.30238,36.5369],[-6.30227,36.53681],[-6.30218,36.53688],[-6.30222,36.53692],[-6.30223,36.53691],[-6.30224,36.53691],[-6.30225,36.53691],[-6.30227,36.53691],[-6.30229,36.53691],[-6.3023,36.53691],[-6.30232,36.53692],[-6.30232,36.53693],[-6.30233,36.53693]]]}},{"type":"Feature","properties":{"name":"","kind":"park","road":"","osm":771176160},"geometry":{"type":"Polygon","coordinates":[[[-6.30234,36.5371],[-6.30223,36.53715],[-6.30217,36.53708],[-6.30221,36.53706],[-6.30222,36.53707],[-6.30224,36.53708],[-6.30225,36.53709],[-6.30227,36.53709],[-6.30229,36.53709],[-6.3023,36.53708],[-6.30232,36.53707],[-6.30234,36.5371]]]}},{"type":"Feature","properties":{"name":"","kind":"park","road":"","osm":771176161},"geometry":{"type":"Polygon","coordinates":[[[-6.30214,36.53706],[-6.30206,36.53698],[-6.30215,36.5369],[-6.30219,36.53694],[-6.30218,36.53695],[-6.30217,36.53696],[-6.30216,36.53697],[-6.30216,36.53699],[-6.30216,36.537],[-6.30217,36.53701],[-6.30217,36.53702],[-6.30218,36.53704],[-6.30214,36.53706]]]}},{"type":"Feature","properties":{"name":"","kind":"park","road":"","osm":771176162},"geometry":{"type":"Polygon","coordinates":[[[-6.30196,36.53713],[-6.30192,36.53708],[-6.30202,36.537],[-6.3021,36.53708],[-6.30206,36.53711],[-6.30203,36.53708],[-6.30196,36.53713]]]}},{"type":"Feature","properties":{"name":"","kind":"park","road":"","osm":771176163},"geometry":{"type":"Polygon","coordinates":[[[-6.30206,36.53723],[-6.30204,36.53721],[-6.3021,36.53717],[-6.30208,36.53714],[-6.30212,36.53711],[-6.30218,36.53717],[-6.30206,36.53723]]]}},{"type":"Feature","properties":{"name":"","kind":"park","road":"","osm":771176164},"geometry":{"type":"Polygon","coordinates":[[[-6.30202,36.53725],[-6.30185,36.53733],[-6.30184,36.53732],[-6.30184,36.53731],[-6.30185,36.5373],[-6.30185,36.53729],[-6.30184,36.53728],[-6.3019,36.53725],[-6.30192,36.53727],[-6.302,36.53723],[-6.30202,36.53725]]]}},{"type":"Feature","properties":{"name":"","kind":"park","road":"","osm":771176165},"geometry":{"type":"Polygon","coordinates":[[[-6.30179,36.53729],[-6.30178,36.53729],[-6.30178,36.5373],[-6.30179,36.5373],[-6.30179,36.53731],[-6.3018,36.53731],[-6.30181,36.5373],[-6.30181,36.53729],[-6.3018,36.53729],[-6.3018,36.53728],[-6.30179,36.53729]]]}},{"type":"Feature","properties":{"name":"","kind":"park","road":"","osm":771176166},"geometry":{"type":"Polygon","coordinates":[[[-6.30193,36.53714],[-6.30189,36.5371],[-6.30174,36.53722],[-6.30178,36.53726],[-6.30179,36.53726],[-6.3018,36.53726],[-6.30181,36.53726],[-6.30182,36.53726],[-6.30188,36.53723],[-6.30185,36.5372],[-6.30193,36.53714]]]}},{"type":"Feature","properties":{"name":"","kind":"park","road":"","osm":771176167},"geometry":{"type":"Polygon","coordinates":[[[-6.30166,36.53742],[-6.30166,36.53741],[-6.30166,36.5374],[-6.30166,36.53739],[-6.30176,36.53733],[-6.30177,36.53733],[-6.30178,36.53733],[-6.30178,36.53734],[-6.3018,36.53734],[-6.30181,36.53733],[-6.30182,36.53734],[-6.30166,36.53742]]]}},{"type":"Feature","properties":{"name":"","kind":"park","road":"","osm":771176168},"geometry":{"type":"Polygon","coordinates":[[[-6.30175,36.53731],[-6.30174,36.5373],[-6.30174,36.53729],[-6.30175,36.53728],[-6.30176,36.53727],[-6.30172,36.53723],[-6.30157,36.53735],[-6.3016,36.53737],[-6.30161,36.53736],[-6.30162,36.53736],[-6.30163,36.53736],[-6.30164,36.53737],[-6.30165,36.53737],[-6.30175,36.53731]]]}},{"type":"Feature","properties":{"name":"","kind":"park","road":"","osm":771176169},"geometry":{"type":"Polygon","coordinates":[[[-6.30163,36.53743],[-6.30162,36.53744],[-6.30161,36.53743],[-6.3016,36.53743],[-6.30159,36.53742],[-6.30158,36.53742],[-6.30158,36.53741],[-6.30158,36.5374],[-6.30158,36.53739],[-6.30158,36.53738],[-6.30156,36.53736],[-6.30129,36.53756],[-6.30132,36.53758],[-6.30163,36.53743]]]}},{"type":"Feature","properties":{"name":"","kind":"park","road":"","osm":771941102},"geometry":{"type":"Polygon","coordinates":[[[-6.30406,36.53538],[-6.30419,36.53527],[-6.30417,36.53525],[-6.30404,36.53536],[-6.30406,36.53538]]]}},{"type":"Feature","properties":{"name":"","kind":"park","road":"","osm":771941120},"geometry":{"type":"Polygon","coordinates":[[[-6.29438,36.53659],[-6.2944,36.53655],[-6.29432,36.53653],[-6.29432,36.53654],[-6.29438,36.53659]]]}},{"type":"Feature","properties":{"name":"","kind":"park","road":"","osm":771941121},"geometry":{"type":"Polygon","coordinates":[[[-6.29462,36.5366],[-6.29462,36.53656],[-6.29476,36.53657],[-6.29462,36.5366]]]}},{"type":"Feature","properties":{"name":"","kind":"park","road":"","osm":772434332},"geometry":{"type":"Polygon","coordinates":[[[-6.29608,36.53445],[-6.29615,36.5344],[-6.29616,36.53439],[-6.29616,36.53438],[-6.29615,36.53438],[-6.29614,36.53437],[-6.29612,36.53438],[-6.29605,36.53442],[-6.29605,36.53443],[-6.29605,36.53444],[-6.29605,36.53445],[-6.29607,36.53445],[-6.29608,36.53445]]]}},{"type":"Feature","properties":{"name":"","kind":"park","road":"","osm":772434349},"geometry":{"type":"Polygon","coordinates":[[[-6.2974,36.53096],[-6.29738,36.53095],[-6.29737,36.53097],[-6.29739,36.53098],[-6.2974,36.53096]]]}},{"type":"Feature","properties":{"name":"","kind":"park","road":"","osm":772434350},"geometry":{"type":"Polygon","coordinates":[[[-6.29733,36.53096],[-6.29735,36.53097],[-6.29735,36.53095],[-6.29734,36.53094],[-6.29733,36.53096]]]}},{"type":"Feature","properties":{"name":"","kind":"park","road":"","osm":772434351},"geometry":{"type":"Polygon","coordinates":[[[-6.29727,36.53094],[-6.29725,36.53093],[-6.29725,36.53092],[-6.29728,36.53093],[-6.29727,36.53094]]]}},{"type":"Feature","properties":{"name":"","kind":"park","road":"","osm":772434352},"geometry":{"type":"Polygon","coordinates":[[[-6.29719,36.53091],[-6.29721,36.53092],[-6.29721,36.5309],[-6.29719,36.53089],[-6.29719,36.53091]]]}},{"type":"Feature","properties":{"name":"","kind":"park","road":"","osm":772434353},"geometry":{"type":"Polygon","coordinates":[[[-6.29712,36.53088],[-6.2971,36.53087],[-6.29709,36.53089],[-6.29712,36.5309],[-6.29712,36.53088]]]}},{"type":"Feature","properties":{"name":"","kind":"park","road":"","osm":772434354},"geometry":{"type":"Polygon","coordinates":[[[-6.29704,36.53088],[-6.29706,36.53088],[-6.29706,36.53086],[-6.29704,36.53086],[-6.29704,36.53088]]]}},{"type":"Feature","properties":{"name":"","kind":"park","road":"","osm":772434355},"geometry":{"type":"Polygon","coordinates":[[[-6.29697,36.53087],[-6.29695,36.53087],[-6.29695,36.53085],[-6.29697,36.53086],[-6.29697,36.53087]]]}},{"type":"Feature","properties":{"name":"","kind":"park","road":"","osm":772434356},"geometry":{"type":"Polygon","coordinates":[[[-6.29709,36.53096],[-6.29707,36.53095],[-6.29706,36.53096],[-6.29708,36.53097],[-6.29709,36.53096]]]}},{"type":"Feature","properties":{"name":"","kind":"park","road":"","osm":772434357},"geometry":{"type":"Polygon","coordinates":[[[-6.29714,36.531],[-6.29716,36.53101],[-6.29717,36.53099],[-6.29715,36.53099],[-6.29714,36.531]]]}},{"type":"Feature","properties":{"name":"","kind":"park","road":"","osm":772434358},"geometry":{"type":"Polygon","coordinates":[[[-6.29723,36.53102],[-6.29721,36.53101],[-6.2972,36.53103],[-6.29722,36.53104],[-6.29723,36.53102]]]}},{"type":"Feature","properties":{"name":"","kind":"park","road":"","osm":772434359},"geometry":{"type":"Polygon","coordinates":[[[-6.29734,36.53108],[-6.29733,36.53107],[-6.29732,36.53109],[-6.29734,36.5311],[-6.29734,36.53108]]]}},{"type":"Feature","properties":{"name":"","kind":"park","road":"","osm":772434360},"geometry":{"type":"Polygon","coordinates":[[[-6.29729,36.53107],[-6.29731,36.53107],[-6.29732,36.53106],[-6.2973,36.53105],[-6.29729,36.53107]]]}},{"type":"Feature","properties":{"name":"","kind":"park","road":"","osm":773654602},"geometry":{"type":"Polygon","coordinates":[[[-6.28572,36.52249],[-6.28571,36.52247],[-6.28554,36.52253],[-6.28556,36.52257],[-6.28551,36.52259],[-6.28548,36.52253],[-6.28573,36.52244],[-6.28575,36.52248],[-6.28572,36.52249]]]}},{"type":"Feature","properties":{"name":"","kind":"park","road":"","osm":773654603},"geometry":{"type":"Polygon","coordinates":[[[-6.28547,36.52241],[-6.28542,36.52243],[-6.28545,36.52248],[-6.2857,36.52238],[-6.28567,36.52233],[-6.28564,36.52234],[-6.28566,36.52237],[-6.28548,36.52244],[-6.28547,36.52241]]]}},{"type":"Feature","properties":{"name":"","kind":"park","road":"","osm":773654604},"geometry":{"type":"Polygon","coordinates":[[[-6.28557,36.5227],[-6.28556,36.52269],[-6.28598,36.52253],[-6.28593,36.52245],[-6.28596,36.52244],[-6.28601,36.52254],[-6.28557,36.5227]]]}},{"type":"Feature","properties":{"name":"","kind":"park","road":"","osm":773654605},"geometry":{"type":"Polygon","coordinates":[[[-6.28571,36.52255],[-6.28569,36.52251],[-6.28559,36.52255],[-6.2856,36.52259],[-6.28571,36.52255]]]}},{"type":"Feature","properties":{"name":"","kind":"park","road":"","osm":773654606},"geometry":{"type":"Polygon","coordinates":[[[-6.28553,36.52261],[-6.28556,36.52266],[-6.28581,36.52256],[-6.28578,36.52251],[-6.28575,36.52252],[-6.28577,36.52255],[-6.28559,36.52262],[-6.28557,36.52259],[-6.28553,36.52261]]]}},{"type":"Feature","properties":{"name":"","kind":"park","road":"","osm":773654608},"geometry":{"type":"Polygon","coordinates":[[[-6.28584,36.52255],[-6.28577,36.52242],[-6.2858,36.52241],[-6.28583,36.52247],[-6.28592,36.52248],[-6.28594,36.52251],[-6.28584,36.52255]]]}},{"type":"Feature","properties":{"name":"","kind":"park","road":"","osm":773654609},"geometry":{"type":"Polygon","coordinates":[[[-6.28541,36.5224],[-6.28538,36.52235],[-6.2855,36.52231],[-6.28551,36.52233],[-6.28544,36.52236],[-6.28545,36.52239],[-6.28541,36.5224]]]}},{"type":"Feature","properties":{"name":"","kind":"park","road":"","osm":773654610},"geometry":{"type":"Polygon","coordinates":[[[-6.28574,36.52237],[-6.28577,36.52236],[-6.28572,36.52227],[-6.28569,36.52228],[-6.28574,36.52237]]]}},{"type":"Feature","properties":{"name":"","kind":"park","road":"","osm":773654611},"geometry":{"type":"Polygon","coordinates":[[[-6.28567,36.52226],[-6.28564,36.5222],[-6.2856,36.52221],[-6.28563,36.52227],[-6.2856,36.52229],[-6.28562,36.52231],[-6.28567,36.52229],[-6.28566,36.52227],[-6.28567,36.52226]]]}},{"type":"Feature","properties":{"name":"","kind":"park","road":"","osm":773895809},"geometry":{"type":"Polygon","coordinates":[[[-6.28975,36.54025],[-6.2897,36.54021],[-6.29004,36.53992],[-6.29009,36.53996],[-6.28998,36.54005],[-6.28997,36.54006],[-6.28996,36.54006],[-6.28995,36.54006],[-6.28993,36.54006],[-6.28993,36.54005],[-6.28985,36.54012],[-6.28986,36.54013],[-6.28986,36.54014],[-6.28986,36.54016],[-6.28975,36.54025]]]}},{"type":"Feature","properties":{"name":"","kind":"park","road":"","osm":773895810},"geometry":{"type":"Polygon","coordinates":[[[-6.29035,36.53955],[-6.29034,36.53956],[-6.29034,36.53957],[-6.29035,36.53959],[-6.29036,36.5396],[-6.29037,36.5396],[-6.29039,36.53961],[-6.2904,36.5396],[-6.29042,36.5396],[-6.29043,36.53959],[-6.29044,36.53958],[-6.29044,36.53956],[-6.29043,36.53955],[-6.29043,36.53954],[-6.29042,36.53953],[-6.2904,36.53953],[-6.29039,36.53953],[-6.29037,36.53953],[-6.29036,36.53954],[-6.29035,36.53955]]]}},{"type":"Feature","properties":{"name":"","kind":"park","road":"","osm":773895811},"geometry":{"type":"Polygon","coordinates":[[[-6.2903,36.53963],[-6.2903,36.53964],[-6.2903,36.53965],[-6.2903,36.53966],[-6.29031,36.53967],[-6.29032,36.53968],[-6.29033,36.53968],[-6.29034,36.53968],[-6.29035,36.53968],[-6.29036,36.53967],[-6.29037,36.53966],[-6.29037,36.53965],[-6.29037,36.53964],[-6.29037,36.53963],[-6.29036,36.53963],[-6.29035,36.53962],[-6.29034,36.53962],[-6.29032,36.53962],[-6.29031,36.53962],[-6.2903,36.53963]]]}},{"type":"Feature","properties":{"name":"","kind":"park","road":"","osm":773895812},"geometry":{"type":"Polygon","coordinates":[[[-6.29011,36.53994],[-6.29003,36.53988],[-6.29013,36.53978],[-6.29017,36.53974],[-6.29021,36.53968],[-6.29031,36.53954],[-6.29033,36.5395],[-6.29034,36.53948],[-6.29036,36.53947],[-6.29037,36.53946],[-6.29039,36.53946],[-6.29041,36.53946],[-6.29045,36.53949],[-6.29045,36.5395],[-6.29044,36.53951],[-6.29043,36.53952],[-6.29041,36.53952],[-6.29039,36.53951],[-6.29038,36.53951],[-6.29036,36.53952],[-6.29035,36.53953],[-6.29033,36.53954],[-6.29032,36.53955],[-6.29032,36.53957],[-6.29032,36.53958],[-6.29033,36.53959],[-6.29034,36.5396],[-6.29032,36.5396],[-6.29031,36.53961],[-6.29029,36.53962],[-6.29028,36.53963],[-6.29028,36.53964],[-6.29028,36.53966],[-6.29028,36.53967],[-6.29029,36.53969],[-6.29031,36.5397],[-6.29032,36.5397],[-6.29034,36.5397],[-6.29035,36.5397],[-6.29037,36.53969],[-6.29038,36.53969],[-6.29039,36.53969],[-6.2904,36.5397],[-6.29034,36.53975],[-6.29033,36.53975],[-6.29032,36.53975],[-6.29031,36.53975],[-6.2903,36.53975],[-6.29022,36.53981],[-6.29022,36.53982],[-6.29023,36.53983],[-6.29023,36.53984],[-6.29022,36.53984],[-6.29011,36.53994]]]}},{"type":"Feature","properties":{"name":"","kind":"park","road":"","osm":773895813},"geometry":{"type":"Polygon","coordinates":[[[-6.29046,36.53957],[-6.29047,36.53955],[-6.29049,36.53955],[-6.29051,36.53954],[-6.29053,36.53955],[-6.29047,36.53951],[-6.29047,36.53952],[-6.29046,36.53952],[-6.29045,36.53952],[-6.29045,36.53953],[-6.29045,36.53955],[-6.29045,36.53956],[-6.29046,36.53957],[-6.29045,36.53958],[-6.29045,36.53959],[-6.29045,36.5396],[-6.29044,36.5396],[-6.29043,36.53961],[-6.29042,36.53962],[-6.29042,36.53963],[-6.29043,36.53964],[-6.29043,36.53965],[-6.29043,36.53966],[-6.29045,36.53965],[-6.29047,36.53963],[-6.29048,36.53962],[-6.29048,36.53961],[-6.29047,36.53961],[-6.29046,36.5396],[-6.29046,36.53959],[-6.29045,36.53958],[-6.29046,36.53958],[-6.29046,36.53957]]]}},{"type":"Feature","properties":{"name":"","kind":"park","road":"","osm":773895814},"geometry":{"type":"Polygon","coordinates":[[[-6.29056,36.53951],[-6.29058,36.53949],[-6.29062,36.53951],[-6.29062,36.53952],[-6.29062,36.53953],[-6.29061,36.53953],[-6.2906,36.53953],[-6.29056,36.53951]]]}},{"type":"Feature","properties":{"name":"Paseo Alameda Clara Campoamor","kind":"road","road":"tertiary","osm":774708059},"geometry":{"type":"LineString","coordinates":[[-6.29455,36.53653],[-6.2945,36.53654],[-6.29443,36.53658],[-6.29439,36.53662],[-6.29435,36.53669]]}},{"type":"Feature","properties":{"name":"Calle Murallas de San Roque","kind":"road","road":"tertiary","osm":774708062},"geometry":{"type":"LineString","coordinates":[[-6.28959,36.5264],[-6.28978,36.52636],[-6.28994,36.52633],[-6.29004,36.52632],[-6.29009,36.52632],[-6.29014,36.52633],[-6.29021,36.52634]]}},{"type":"Feature","properties":{"name":"","kind":"park","road":"","osm":774708064},"geometry":{"type":"Polygon","coordinates":[[[-6.28935,36.52642],[-6.28935,36.52637],[-6.28956,36.52635],[-6.28956,36.52636],[-6.28957,36.52636],[-6.28956,36.52637],[-6.28935,36.52642]]]}},{"type":"Feature","properties":{"name":"","kind":"park","road":"","osm":774708065},"geometry":{"type":"Polygon","coordinates":[[[-6.28913,36.52635],[-6.28912,36.52628],[-6.2891,36.52631],[-6.28908,36.52634],[-6.28905,36.52637],[-6.28903,36.52639],[-6.289,36.52641],[-6.28896,36.52642],[-6.28892,36.52644],[-6.28889,36.52645],[-6.28899,36.52647],[-6.28902,36.52644],[-6.28905,36.52641],[-6.28909,36.52638],[-6.28913,36.52635]]]}},{"type":"Feature","properties":{"name":"Calle Viento","kind":"road","road":"pedestrian","osm":775436092},"geometry":{"type":"LineString","coordinates":[[-6.29299,36.52821],[-6.29268,36.52812],[-6.2923,36.52802],[-6.29227,36.52807],[-6.29227,36.52808],[-6.29223,36.52815],[-6.29223,36.52816],[-6.29222,36.52818]]}},{"type":"Feature","properties":{"name":"Barrio de Santa Maria","kind":"road","road":"pedestrian","osm":775436095},"geometry":{"type":"LineString","coordinates":[[-6.28904,36.52705],[-6.28906,36.52707]]}},{"type":"Feature","properties":{"name":"Calle Goleta","kind":"road","road":"pedestrian","osm":775436097},"geometry":{"type":"LineString","coordinates":[[-6.28906,36.52773],[-6.28907,36.52773],[-6.28955,36.52783],[-6.28951,36.52797]]}},{"type":"Feature","properties":{"name":"Callejón de San Andrés","kind":"road","road":"pedestrian","osm":776207918},"geometry":{"type":"LineString","coordinates":[[-6.29505,36.53257],[-6.29486,36.53266]]}},{"type":"Feature","properties":{"name":"Avenida del Puerto","kind":"road","road":"tertiary","osm":815080448},"geometry":{"type":"LineString","coordinates":[[-6.29065,36.53023],[-6.29087,36.53038],[-6.29101,36.53048],[-6.29113,36.53058],[-6.2912,36.53065],[-6.29124,36.53068],[-6.29125,36.5307],[-6.29127,36.53071]]}},{"type":"Feature","properties":{"name":"Avenida Cuesta de las Calesas","kind":"road","road":"tertiary","osm":815080449},"geometry":{"type":"LineString","coordinates":[[-6.29025,36.52984],[-6.29019,36.52976],[-6.29013,36.52969],[-6.29004,36.52954],[-6.29,36.52947],[-6.28992,36.52931],[-6.28978,36.52908],[-6.28974,36.52903],[-6.28968,36.52899]]}},{"type":"Feature","properties":{"name":"Plaza de Sevilla","kind":"road","road":"secondary","osm":815080450},"geometry":{"type":"LineString","coordinates":[[-6.28946,36.5301],[-6.28949,36.53009],[-6.28953,36.53008],[-6.28954,36.53008],[-6.28957,36.53006],[-6.2896,36.53005]]}},{"type":"Feature","properties":{"name":"Plaza de Sevilla","kind":"road","road":"secondary","osm":815080451},"geometry":{"type":"LineString","coordinates":[[-6.2896,36.53005],[-6.2896,36.53003],[-6.2896,36.53],[-6.2896,36.52996],[-6.28959,36.52993],[-6.28959,36.5299],[-6.28958,36.52987],[-6.28954,36.5298]]}},{"type":"Feature","properties":{"name":"Plaza de Sevilla","kind":"road","road":"secondary","osm":815080452},"geometry":{"type":"LineString","coordinates":[[-6.28938,36.52988],[-6.28934,36.52992],[-6.28933,36.52994],[-6.28932,36.52996],[-6.28932,36.52998],[-6.28932,36.53001],[-6.28933,36.53003],[-6.28934,36.53005]]}},{"type":"Feature","properties":{"name":"Plaza de Sevilla","kind":"road","road":"secondary","osm":815080453},"geometry":{"type":"LineString","coordinates":[[-6.28934,36.53005],[-6.28937,36.53007],[-6.28939,36.53008]]}},{"type":"Feature","properties":{"name":"Plaza de Sevilla","kind":"road","road":"secondary","osm":815080455},"geometry":{"type":"LineString","coordinates":[[-6.29015,36.53008],[-6.2902,36.53012],[-6.29025,36.53014],[-6.29044,36.53019],[-6.29052,36.5302]]}},{"type":"Feature","properties":{"name":"Avenida Cuesta de las Calesas","kind":"road","road":"secondary","osm":815080457},"geometry":{"type":"LineString","coordinates":[[-6.29025,36.52984],[-6.29022,36.52983],[-6.29019,36.52982],[-6.29015,36.52979],[-6.29012,36.52974],[-6.29009,36.52971],[-6.29005,36.52969],[-6.29001,36.52968]]}},{"type":"Feature","properties":{"name":"Plaza de Sevilla","kind":"road","road":"secondary","osm":816456221},"geometry":{"type":"LineString","coordinates":[[-6.29015,36.53008],[-6.29024,36.53009],[-6.29026,36.53009],[-6.29033,36.53009],[-6.29037,36.53008]]}},{"type":"Feature","properties":{"name":"Avenida del Puerto","kind":"road","road":"tertiary","osm":816477540},"geometry":{"type":"LineString","coordinates":[[-6.29127,36.53071],[-6.2914,36.53084],[-6.29149,36.53091],[-6.29151,36.53094],[-6.29198,36.53141],[-6.29201,36.53144],[-6.29222,36.53164],[-6.29246,36.53187],[-6.29285,36.53224],[-6.29293,36.53234],[-6.29295,36.53237],[-6.29297,36.5324],[-6.29304,36.53252],[-6.29308,36.53261],[-6.29314,36.53282],[-6.29317,36.53297]]}},{"type":"Feature","properties":{"name":"","kind":"road","road":"tertiary","osm":816477541},"geometry":{"type":"LineString","coordinates":[[-6.29026,36.52637],[-6.29027,36.52638],[-6.29029,36.52638],[-6.29031,36.52638],[-6.29033,36.52638],[-6.29035,36.52637],[-6.29036,36.52636],[-6.29039,36.52634],[-6.29041,36.52631]]}},{"type":"Feature","properties":{"name":"Avenida Bahía Blanca","kind":"road","road":"tertiary","osm":816477543},"geometry":{"type":"LineString","coordinates":[[-6.2879,36.52593],[-6.28786,36.52595],[-6.28758,36.52608]]}},{"type":"Feature","properties":{"name":"Avenida Cuesta de las Calesas","kind":"road","road":"tertiary","osm":816477544},"geometry":{"type":"LineString","coordinates":[[-6.28859,36.52639],[-6.28875,36.52654],[-6.28878,36.52658],[-6.28884,36.52665],[-6.28889,36.52673],[-6.28892,36.5268],[-6.28893,36.52687],[-6.28894,36.52692],[-6.28896,36.52697]]}},{"type":"Feature","properties":{"name":"Glorieta de la Educación Pública","kind":"road","road":"secondary","osm":816477545},"geometry":{"type":"LineString","coordinates":[[-6.28868,36.52643],[-6.28878,36.52644],[-6.28885,36.52644],[-6.2889,36.52643],[-6.28894,36.52642],[-6.28897,36.5264],[-6.28902,36.52637],[-6.28905,36.52634],[-6.28907,36.5263],[-6.2891,36.52623],[-6.2891,36.52616],[-6.28907,36.52609]]}},{"type":"Feature","properties":{"name":"Glorieta de la Educación Pública","kind":"road","road":"tertiary","osm":816477546},"geometry":{"type":"LineString","coordinates":[[-6.28946,36.52633],[-6.28938,36.52632],[-6.28931,36.52629],[-6.2893,36.52629],[-6.28924,36.52626],[-6.28917,36.52622]]}},{"type":"Feature","properties":{"name":"Calle Antonio Burgos","kind":"road","road":"pedestrian","osm":858467123},"geometry":{"type":"LineString","coordinates":[[-6.30748,36.53304],[-6.30738,36.53299],[-6.30602,36.53241]]}},{"type":"Feature","properties":{"name":"Avenida Cuesta de las Calesas","kind":"road","road":"tertiary","osm":878397291},"geometry":{"type":"LineString","coordinates":[[-6.28968,36.52899],[-6.28969,36.52904],[-6.28971,36.52909],[-6.28974,36.52916],[-6.28977,36.52921],[-6.28985,36.52939]]}},{"type":"Feature","properties":{"name":"Avenida Cuesta de las Calesas","kind":"road","road":"tertiary","osm":878397292},"geometry":{"type":"LineString","coordinates":[[-6.29065,36.53023],[-6.29064,36.53019],[-6.29061,36.53016],[-6.29051,36.53008],[-6.29045,36.53003]]}},{"type":"Feature","properties":{"name":"Avenida de Astilleros","kind":"road","road":"secondary","osm":879026231},"geometry":{"type":"LineString","coordinates":[[-6.28538,36.52779],[-6.28533,36.52775],[-6.2849,36.52733],[-6.28487,36.5273],[-6.28476,36.5272],[-6.28471,36.52716]]}},{"type":"Feature","properties":{"name":"","kind":"park","road":"","osm":911235405},"geometry":{"type":"Polygon","coordinates":[[[-6.28892,36.52664],[-6.28893,36.52661],[-6.28893,36.52659],[-6.28893,36.52657],[-6.28895,36.52654],[-6.28891,36.52654],[-6.28889,36.52653],[-6.28886,36.52653],[-6.28884,36.52653],[-6.28881,36.52652],[-6.28884,36.52654],[-6.28886,36.52656],[-6.28887,36.52658],[-6.28889,36.5266],[-6.28891,36.52663],[-6.28892,36.52664]]]}},{"type":"Feature","properties":{"name":"","kind":"park","road":"","osm":911235406},"geometry":{"type":"Polygon","coordinates":[[[-6.28899,36.52675],[-6.289,36.52676],[-6.2891,36.52655],[-6.28903,36.52655],[-6.28902,36.52658],[-6.28901,36.52661],[-6.289,36.52664],[-6.289,36.5267],[-6.28899,36.52672],[-6.28899,36.52675]]]}},{"type":"Feature","properties":{"name":"","kind":"park","road":"","osm":911235407},"geometry":{"type":"Polygon","coordinates":[[[-6.28913,36.52647],[-6.28913,36.52644],[-6.28909,36.52647],[-6.28913,36.52647]]]}},{"type":"Feature","properties":{"name":"","kind":"park","road":"","osm":911235410},"geometry":{"type":"Polygon","coordinates":[[[-6.28803,36.52627],[-6.28803,36.52628],[-6.28803,36.52629],[-6.28804,36.5263],[-6.28805,36.5263],[-6.28806,36.5263],[-6.28807,36.5263],[-6.28808,36.52629],[-6.28809,36.52628],[-6.28809,36.52627],[-6.28808,36.52626],[-6.28807,36.52625],[-6.28806,36.52625],[-6.28805,36.52625],[-6.28804,36.52626],[-6.28803,36.52626],[-6.28803,36.52627]]]}},{"type":"Feature","properties":{"name":"","kind":"park","road":"","osm":911235411},"geometry":{"type":"Polygon","coordinates":[[[-6.28814,36.52637],[-6.28807,36.52642],[-6.28799,36.52634],[-6.28803,36.52632],[-6.28804,36.52633],[-6.28805,36.52633],[-6.28807,36.52633],[-6.28808,36.52632],[-6.28809,36.52632],[-6.28814,36.52637]]]}},{"type":"Feature","properties":{"name":"","kind":"park","road":"","osm":911235412},"geometry":{"type":"Polygon","coordinates":[[[-6.28816,36.52636],[-6.28811,36.5263],[-6.28812,36.52629],[-6.28812,36.52628],[-6.28812,36.52627],[-6.28812,36.52626],[-6.28815,36.52624],[-6.28823,36.52632],[-6.28816,36.52636]]]}},{"type":"Feature","properties":{"name":"","kind":"park","road":"","osm":911235413},"geometry":{"type":"Polygon","coordinates":[[[-6.2881,36.52623],[-6.28808,36.52623],[-6.28807,36.52623],[-6.28805,36.52623],[-6.28803,36.52623],[-6.28798,36.52618],[-6.28805,36.52613],[-6.28813,36.52621],[-6.2881,36.52623]]]}},{"type":"Feature","properties":{"name":"","kind":"park","road":"","osm":911235414},"geometry":{"type":"Polygon","coordinates":[[[-6.28796,36.52632],[-6.28789,36.52624],[-6.28795,36.5262],[-6.28801,36.52625],[-6.28801,36.52626],[-6.288,36.52626],[-6.288,36.52627],[-6.288,36.52628],[-6.288,36.52629],[-6.28801,36.52629],[-6.28796,36.52632]]]}},{"type":"Feature","properties":{"name":"Avenida Bahía Blanca","kind":"road","road":"tertiary","osm":911738844},"geometry":{"type":"LineString","coordinates":[[-6.28806,36.52584],[-6.2879,36.52593]]}},{"type":"Feature","properties":{"name":"Plaza de la Constitución","kind":"road","road":"secondary","osm":911738845},"geometry":{"type":"LineString","coordinates":[[-6.28759,36.52503],[-6.28762,36.52514],[-6.28764,36.52519],[-6.28765,36.52522],[-6.28779,36.52544],[-6.28792,36.52564]]}},{"type":"Feature","properties":{"name":"Plaza de la Constitución","kind":"road","road":"secondary","osm":911738846},"geometry":{"type":"LineString","coordinates":[[-6.28836,36.52561],[-6.28827,36.52556],[-6.28826,36.52555],[-6.28816,36.5255]]}},{"type":"Feature","properties":{"name":"Glorieta de la Educación Pública","kind":"road","road":"tertiary","osm":911738847},"geometry":{"type":"LineString","coordinates":[[-6.28922,36.52635],[-6.28921,36.52629],[-6.28917,36.52622]]}},{"type":"Feature","properties":{"name":"Plaza de Sevilla","kind":"road","road":"secondary","osm":912705744},"geometry":{"type":"LineString","coordinates":[[-6.29001,36.52968],[-6.28996,36.52967],[-6.28989,36.52968],[-6.28979,36.5297],[-6.28968,36.52972]]}},{"type":"Feature","properties":{"name":"","kind":"coast","road":"","osm":915433625},"geometry":{"type":"LineString","coordinates":[[-6.30105,36.52797],[-6.30085,36.528],[-6.30064,36.52816],[-6.30047,36.52826],[-6.2991,36.52843],[-6.29847,36.52854],[-6.29785,36.52858],[-6.29758,36.52877],[-6.2968,36.5287],[-6.29527,36.52811],[-6.29477,36.52794],[-6.2946,36.52788],[-6.29431,36.52774],[-6.29408,36.52753],[-6.29396,36.52751],[-6.29389,36.52754],[-6.29382,36.52754],[-6.2932,36.52699],[-6.29281,36.52663],[-6.29263,36.52648],[-6.29242,36.5263],[-6.29227,36.52626],[-6.29213,36.52623],[-6.29195,36.52622],[-6.29166,36.52603],[-6.29097,36.52565],[-6.29075,36.52551],[-6.29057,36.52539],[-6.29042,36.52521],[-6.2903,36.52509],[-6.29029,36.52499],[-6.29024,36.52487],[-6.29,36.52461],[-6.28977,36.52445],[-6.28962,36.52425],[-6.28953,36.5242],[-6.28946,36.52409],[-6.28932,36.52403],[-6.28931,36.52396],[-6.28913,36.5238],[-6.28883,36.52345],[-6.28887,36.5233],[-6.28871,36.52302],[-6.28858,36.52297],[-6.28856,36.52286],[-6.28921,36.52255],[-6.28997,36.52222],[-6.29003,36.52217],[-6.28996,36.52212],[-6.28944,36.52236],[-6.28913,36.5225],[-6.2888,36.52264],[-6.28845,36.52245],[-6.28809,36.52206],[-6.28778,36.52168],[-6.28754,36.52134],[-6.28737,36.52096],[-6.28711,36.52044],[-6.28687,36.51992],[-6.28674,36.51938],[-6.28669,36.51884],[-6.28677,36.5184],[-6.28689,36.51805],[-6.28698,36.51788],[-6.28708,36.51772],[-6.28726,36.5175],[-6.28758,36.51748],[-6.28768,36.51752],[-6.28832,36.51792],[-6.28837,36.51789],[-6.28775,36.51747],[-6.2876,36.51741],[-6.28704,36.51745],[-6.28645,36.5175],[-6.28632,36.51746],[-6.28612,36.5173],[-6.28579,36.51696],[-6.28577,36.51685],[-6.28571,36.51683],[-6.28579,36.5168],[-6.28553,36.51648],[-6.28515,36.51595],[-6.28472,36.51543],[-6.28426,36.51393],[-6.28384,36.51295],[-6.28342,36.51212],[-6.28279,36.51092],[-6.28246,36.51019],[-6.28183,36.50922],[-6.2807,36.50745],[-6.27966,36.50603],[-6.27903,36.5051],[-6.27698,36.50212],[-6.27642,36.50114],[-6.27557,36.49962],[-6.27477,36.49838],[-6.27365,36.49674],[-6.27286,36.49569],[-6.27237,36.49485],[-6.27202,36.49446],[-6.27186,36.49416]]}},{"type":"Feature","properties":{"name":"","kind":"coast","road":"","osm":915433626},"geometry":{"type":"LineString","coordinates":[[-6.3095,36.52855],[-6.3099,36.52837],[-6.31081,36.52803],[-6.31114,36.52798],[-6.31224,36.52784],[-6.31227,36.52791],[-6.31265,36.52798],[-6.31271,36.52794],[-6.31278,36.52796],[-6.3127,36.5281],[-6.31277,36.52819],[-6.31298,36.52813],[-6.31369,36.52823],[-6.31395,36.5283],[-6.31412,36.52836],[-6.31432,36.52855],[-6.31495,36.52851],[-6.31518,36.5286],[-6.31524,36.52867],[-6.31531,36.52867],[-6.31539,36.52864],[-6.31568,36.52875],[-6.31572,36.52881],[-6.31596,36.52889],[-6.31623,36.52895],[-6.31628,36.52894],[-6.31629,36.52892],[-6.31636,36.5289],[-6.31641,36.529],[-6.31691,36.52905],[-6.31727,36.52898],[-6.31749,36.52869],[-6.31756,36.52856],[-6.31751,36.52797],[-6.31743,36.52782],[-6.31724,36.52776],[-6.31708,36.5278],[-6.31703,36.52766],[-6.31706,36.52757],[-6.31716,36.52752],[-6.31725,36.52726],[-6.31732,36.52722],[-6.31736,36.52714],[-6.31731,36.52701],[-6.31731,36.52691],[-6.31728,36.5269],[-6.31722,36.52695],[-6.31722,36.52702],[-6.31719,36.52705],[-6.3171,36.52704],[-6.31709,36.52708],[-6.31702,36.52708],[-6.31699,36.52713],[-6.317,36.52716],[-6.31697,36.52718],[-6.31693,36.52716],[-6.31693,36.52714],[-6.31689,36.52711],[-6.31686,36.52715],[-6.31673,36.52719],[-6.31668,36.52723],[-6.31649,36.52749],[-6.31621,36.52756],[-6.31602,36.52752],[-6.31596,36.52749],[-6.31594,36.52741],[-6.31547,36.52751],[-6.31536,36.52756],[-6.31504,36.52763],[-6.31481,36.52773],[-6.31438,36.52784],[-6.31432,36.52789]]}},{"type":"Feature","properties":{"name":"Glorieta de la Educación Pública","kind":"road","road":"secondary","osm":937014414},"geometry":{"type":"LineString","coordinates":[[-6.28859,36.52639],[-6.28868,36.52643]]}},{"type":"Feature","properties":{"name":"Glorieta de la Educación Pública","kind":"road","road":"secondary","osm":937014415},"geometry":{"type":"LineString","coordinates":[[-6.28907,36.52609],[-6.28896,36.52599]]}},{"type":"Feature","properties":{"name":"Avenida del Puerto","kind":"road","road":"tertiary","osm":937014416},"geometry":{"type":"LineString","coordinates":[[-6.29052,36.5302],[-6.29055,36.53022],[-6.29059,36.53023],[-6.29065,36.53023]]}},{"type":"Feature","properties":{"name":"Plaza de Sevilla","kind":"road","road":"secondary","osm":937014417},"geometry":{"type":"LineString","coordinates":[[-6.2896,36.53005],[-6.28967,36.53005],[-6.28972,36.53004],[-6.28977,36.53003],[-6.28986,36.53001]]}},{"type":"Feature","properties":{"name":"Calle Chano Lobato","kind":"road","road":"pedestrian","osm":948154763},"geometry":{"type":"LineString","coordinates":[[-6.29207,36.529],[-6.29211,36.52889]]}},{"type":"Feature","properties":{"name":"Calle Chano Lobato","kind":"road","road":"pedestrian","osm":948154764},"geometry":{"type":"LineString","coordinates":[[-6.29214,36.5288],[-6.29213,36.52883]]}},{"type":"Feature","properties":{"name":"Calle Chano Lobato","kind":"road","road":"pedestrian","osm":948154765},"geometry":{"type":"LineString","coordinates":[[-6.29211,36.52889],[-6.29213,36.52883]]}},{"type":"Feature","properties":{"name":"","kind":"park","road":"","osm":963247100},"geometry":{"type":"Polygon","coordinates":[[[-6.29869,36.5374],[-6.29864,36.53736],[-6.29877,36.53724],[-6.29882,36.53727],[-6.29888,36.53721],[-6.29898,36.53727],[-6.29896,36.53729],[-6.29897,36.53735],[-6.29899,36.53736],[-6.29894,36.5374],[-6.2988,36.5373],[-6.29869,36.5374]]]}},{"type":"Feature","properties":{"name":"","kind":"park","road":"","osm":963247101},"geometry":{"type":"Polygon","coordinates":[[[-6.29871,36.53723],[-6.29874,36.53721],[-6.29854,36.53706],[-6.29852,36.53708],[-6.29871,36.53723]]]}},{"type":"Feature","properties":{"name":"","kind":"park","road":"","osm":963247102},"geometry":{"type":"Polygon","coordinates":[[[-6.299,36.53725],[-6.29891,36.53719],[-6.29895,36.53714],[-6.29887,36.53709],[-6.29891,36.53706],[-6.29902,36.53711],[-6.29913,36.53721],[-6.29911,36.53723],[-6.29909,36.53722],[-6.29901,36.53723],[-6.299,36.53725]]]}},{"type":"Feature","properties":{"name":"","kind":"park","road":"","osm":963247103},"geometry":{"type":"Polygon","coordinates":[[[-6.299,36.5374],[-6.29902,36.53738],[-6.29903,36.53739],[-6.29911,36.53739],[-6.29913,36.53737],[-6.29916,36.53739],[-6.29915,36.5374],[-6.29915,36.53744],[-6.2992,36.53747],[-6.29925,36.53746],[-6.29926,36.53745],[-6.29928,36.53746],[-6.29919,36.53752],[-6.299,36.5374]]]}},{"type":"Feature","properties":{"name":"","kind":"park","road":"","osm":963247104},"geometry":{"type":"Polygon","coordinates":[[[-6.29918,36.53737],[-6.29914,36.53734],[-6.29916,36.53733],[-6.29916,36.53728],[-6.29914,36.53726],[-6.29916,36.53724],[-6.29924,36.5373],[-6.29931,36.53735],[-6.29926,36.53736],[-6.29925,36.53735],[-6.2992,36.53735],[-6.29918,36.53737]]]}},{"type":"Feature","properties":{"name":"","kind":"park","road":"","osm":963247105},"geometry":{"type":"Polygon","coordinates":[[[-6.29929,36.53744],[-6.29927,36.53743],[-6.29928,36.53742],[-6.29928,36.5374],[-6.29926,36.53739],[-6.29932,36.53738],[-6.29932,36.53741],[-6.29929,36.53744]]]}},{"type":"Feature","properties":{"name":"","kind":"park","road":"","osm":963247106},"geometry":{"type":"Polygon","coordinates":[[[-6.29885,36.53708],[-6.29889,36.53704],[-6.29871,36.53693],[-6.29867,36.53697],[-6.29885,36.53708]]]}},{"type":"Feature","properties":{"name":"","kind":"park","road":"","osm":963247107},"geometry":{"type":"Polygon","coordinates":[[[-6.29835,36.53697],[-6.29836,36.53698],[-6.29837,36.53699],[-6.29837,36.53701],[-6.29837,36.53702],[-6.29836,36.53703],[-6.29835,36.53704],[-6.29834,36.53705],[-6.29832,36.53705],[-6.2983,36.53705],[-6.29829,36.53704],[-6.29828,36.53703],[-6.29827,36.53701],[-6.29827,36.537],[-6.29828,36.53699],[-6.29829,36.53698],[-6.2983,36.53697],[-6.29832,36.53697],[-6.29833,36.53697],[-6.29835,36.53697]]]}},{"type":"Feature","properties":{"name":"","kind":"park","road":"","osm":963247108},"geometry":{"type":"Polygon","coordinates":[[[-6.29842,36.53709],[-6.29837,36.53706],[-6.29836,36.53707],[-6.29834,36.53707],[-6.29832,36.53707],[-6.2983,36.53707],[-6.29828,36.53707],[-6.29827,36.53706],[-6.29824,36.53709],[-6.29834,36.53716],[-6.29842,36.53709]]]}},{"type":"Feature","properties":{"name":"","kind":"park","road":"","osm":963247109},"geometry":{"type":"Polygon","coordinates":[[[-6.29844,36.53708],[-6.29839,36.53705],[-6.2984,36.53704],[-6.2984,36.53703],[-6.29841,36.53702],[-6.2984,36.53701],[-6.2984,36.537],[-6.2984,36.53699],[-6.2984,36.53698],[-6.29839,36.53697],[-6.29843,36.53692],[-6.29849,36.53696],[-6.2985,36.53697],[-6.29846,36.53701],[-6.29849,36.53703],[-6.29844,36.53708]]]}},{"type":"Feature","properties":{"name":"","kind":"park","road":"","osm":963247110},"geometry":{"type":"Polygon","coordinates":[[[-6.29865,36.53695],[-6.29868,36.53692],[-6.29853,36.53683],[-6.29851,36.53685],[-6.29846,36.5369],[-6.29851,36.53693],[-6.29853,36.53694],[-6.29858,36.5369],[-6.29865,36.53695]]]}},{"type":"Feature","properties":{"name":"","kind":"park","road":"","osm":963247111},"geometry":{"type":"Polygon","coordinates":[[[-6.29842,36.53688],[-6.29839,36.53685],[-6.2984,36.53684],[-6.2984,36.53682],[-6.29841,36.5368],[-6.29841,36.53678],[-6.29846,36.53679],[-6.2985,36.53681],[-6.29847,36.53683],[-6.29842,36.53688]]]}},{"type":"Feature","properties":{"name":"","kind":"park","road":"","osm":963247112},"geometry":{"type":"Polygon","coordinates":[[[-6.29836,36.53688],[-6.29834,36.53689],[-6.29832,36.5369],[-6.2983,36.53691],[-6.29827,36.53691],[-6.29824,36.53691],[-6.29818,36.53703],[-6.29823,36.53708],[-6.29825,36.53705],[-6.29825,36.53704],[-6.29824,36.53703],[-6.29824,36.53702],[-6.29824,36.53701],[-6.29824,36.53699],[-6.29824,36.53698],[-6.29825,36.53696],[-6.29826,36.53695],[-6.29828,36.53694],[-6.2983,36.53694],[-6.29832,36.53694],[-6.29836,36.53694],[-6.29839,36.5369],[-6.29836,36.53688]]]}},{"type":"Feature","properties":{"name":"","kind":"park","road":"","osm":963247113},"geometry":{"type":"Polygon","coordinates":[[[-6.29814,36.53699],[-6.29802,36.53691],[-6.29803,36.53686],[-6.29805,36.53679],[-6.29811,36.5368],[-6.29814,36.5368],[-6.29813,36.53682],[-6.29813,36.53683],[-6.29814,36.53685],[-6.29815,36.53687],[-6.29817,36.53688],[-6.29819,36.5369],[-6.29814,36.53699]]]}},{"type":"Feature","properties":{"name":"","kind":"park","road":"","osm":963247114},"geometry":{"type":"Polygon","coordinates":[[[-6.29792,36.53676],[-6.29799,36.53677],[-6.29797,36.53685],[-6.29796,36.5369],[-6.29781,36.53688],[-6.29783,36.53679],[-6.29791,36.53681],[-6.29792,36.53676]]]}},{"type":"Feature","properties":{"name":"","kind":"park","road":"","osm":963247115},"geometry":{"type":"Polygon","coordinates":[[[-6.29805,36.53673],[-6.29806,36.53671],[-6.29813,36.53674],[-6.29816,36.53674],[-6.29815,36.53675],[-6.29812,36.53675],[-6.29805,36.53673]]]}},{"type":"Feature","properties":{"name":"","kind":"park","road":"","osm":963247116},"geometry":{"type":"Polygon","coordinates":[[[-6.298,36.53673],[-6.29801,36.53669],[-6.29787,36.53663],[-6.29786,36.53668],[-6.29791,36.53669],[-6.2979,36.53671],[-6.29793,36.53672],[-6.298,36.53673]]]}},{"type":"Feature","properties":{"name":"","kind":"park","road":"","osm":963247117},"geometry":{"type":"Polygon","coordinates":[[[-6.29779,36.53687],[-6.29761,36.53684],[-6.29762,36.53676],[-6.29781,36.53679],[-6.29779,36.53687]]]}},{"type":"Feature","properties":{"name":"","kind":"park","road":"","osm":963247118},"geometry":{"type":"Polygon","coordinates":[[[-6.29783,36.53667],[-6.29765,36.53663],[-6.29767,36.53656],[-6.29784,36.53663],[-6.29783,36.53667]]]}},{"type":"Feature","properties":{"name":"","kind":"park","road":"","osm":963247119},"geometry":{"type":"Polygon","coordinates":[[[-6.29758,36.53683],[-6.29759,36.53676],[-6.29752,36.53675],[-6.29754,36.53669],[-6.29748,36.53667],[-6.29746,36.53669],[-6.29745,36.53671],[-6.29743,36.53672],[-6.2974,36.53673],[-6.29738,36.53673],[-6.29737,36.5368],[-6.29758,36.53683]]]}},{"type":"Feature","properties":{"name":"","kind":"park","road":"","osm":963247120},"geometry":{"type":"Polygon","coordinates":[[[-6.29732,36.53679],[-6.29704,36.53674],[-6.29705,36.53669],[-6.2971,36.53666],[-6.29711,36.53667],[-6.29713,36.53668],[-6.29715,36.53668],[-6.29717,36.53668],[-6.29719,36.53668],[-6.29721,36.53667],[-6.29722,36.53666],[-6.29723,36.53665],[-6.29724,36.53663],[-6.29727,36.53664],[-6.29727,36.53666],[-6.29728,36.53668],[-6.29729,36.53669],[-6.29731,36.53671],[-6.29732,36.53671],[-6.29734,36.53673],[-6.29732,36.53679]]]}},{"type":"Feature","properties":{"name":"","kind":"park","road":"","osm":963247121},"geometry":{"type":"Polygon","coordinates":[[[-6.29755,36.53666],[-6.29755,36.53662],[-6.29761,36.53663],[-6.29763,36.53655],[-6.29743,36.53647],[-6.29742,36.53656],[-6.29743,36.53656],[-6.29745,36.53657],[-6.29746,36.53658],[-6.29747,36.53659],[-6.29748,36.5366],[-6.29748,36.53662],[-6.29749,36.53664],[-6.29749,36.53665],[-6.29755,36.53666]]]}},{"type":"Feature","properties":{"name":"","kind":"park","road":"","osm":963247122},"geometry":{"type":"Polygon","coordinates":[[[-6.29739,36.53655],[-6.29741,36.53647],[-6.29734,36.53644],[-6.29731,36.53643],[-6.29729,36.53643],[-6.29725,36.53644],[-6.29721,36.53644],[-6.29716,36.53646],[-6.29709,36.53652],[-6.29712,36.53655],[-6.29716,36.53654],[-6.29718,36.53654],[-6.29722,36.53655],[-6.29723,36.53656],[-6.29724,36.53658],[-6.29725,36.5366],[-6.29725,36.53661],[-6.29728,36.53661],[-6.29728,36.5366],[-6.29729,36.53659],[-6.29731,36.53657],[-6.29732,36.53656],[-6.29735,36.53655],[-6.29737,36.53655],[-6.29739,36.53655]]]}},{"type":"Feature","properties":{"name":"","kind":"park","road":"","osm":963247123},"geometry":{"type":"Polygon","coordinates":[[[-6.29708,36.53665],[-6.29708,36.53663],[-6.29707,36.53662],[-6.29707,36.5366],[-6.29708,36.53658],[-6.29709,36.53657],[-6.2971,36.53656],[-6.29707,36.53653],[-6.29702,36.53658],[-6.29703,36.53668],[-6.29708,36.53665]]]}},{"type":"Feature","properties":{"name":"Plaza del Mentidero","kind":"park","road":"","osm":963248628},"geometry":{"type":"Polygon","coordinates":[[[-6.30073,36.53568],[-6.30138,36.53594],[-6.30186,36.53622],[-6.30185,36.53612],[-6.30148,36.53586],[-6.30092,36.53545],[-6.30073,36.53568]]]}},{"type":"Feature","properties":{"name":"Avenida Cuesta de las Calesas","kind":"road","road":"tertiary","osm":977001196},"geometry":{"type":"LineString","coordinates":[[-6.29045,36.53003],[-6.29025,36.52984]]}},{"type":"Feature","properties":{"name":"Avenida Cuatro de Diciembre de 1977","kind":"road","road":"pedestrian","osm":981045887},"geometry":{"type":"LineString","coordinates":[[-6.29381,36.53468],[-6.2938,36.53441]]}},{"type":"Feature","properties":{"name":"Calle Marqués de Cádiz","kind":"road","road":"pedestrian","osm":985155127},"geometry":{"type":"LineString","coordinates":[[-6.29368,36.53019],[-6.29372,36.53067]]}},{"type":"Feature","properties":{"name":"Plaza Candelaria","kind":"road","road":"pedestrian","osm":985155256},"geometry":{"type":"LineString","coordinates":[[-6.29528,36.53152],[-6.29562,36.53099]]}},{"type":"Feature","properties":{"name":"Calle Obispo Felix Soto","kind":"road","road":"pedestrian","osm":986016632},"geometry":{"type":"LineString","coordinates":[[-6.29284,36.52852],[-6.29299,36.52821]]}},{"type":"Feature","properties":{"name":"Calle Guerra Jiménez","kind":"road","road":"pedestrian","osm":1041116247},"geometry":{"type":"LineString","coordinates":[[-6.29791,36.53141],[-6.2975,36.53127]]}},{"type":"Feature","properties":{"name":"","kind":"road","road":"pedestrian","osm":1068406725},"geometry":{"type":"LineString","coordinates":[[-6.29223,36.52904],[-6.29215,36.52908],[-6.29209,36.52911]]}},{"type":"Feature","properties":{"name":"Avenida Campo del Sur","kind":"road","road":"tertiary","osm":1068406728},"geometry":{"type":"LineString","coordinates":[[-6.29533,36.52838],[-6.29487,36.52821],[-6.29477,36.52818],[-6.29455,36.52811],[-6.29332,36.52784],[-6.29326,36.52782],[-6.29305,36.52777],[-6.29301,36.52776],[-6.29297,36.52775],[-6.29276,36.52769],[-6.29246,36.5276],[-6.29225,36.52751],[-6.29216,36.52745],[-6.29209,36.5274]]}},{"type":"Feature","properties":{"name":"Avenida Campo del Sur","kind":"road","road":"tertiary","osm":1068406729},"geometry":{"type":"LineString","coordinates":[[-6.29643,36.5288],[-6.29636,36.52876],[-6.29626,36.52872]]}},{"type":"Feature","properties":{"name":"Avenida Campo del Sur","kind":"road","road":"tertiary","osm":1068406730},"geometry":{"type":"LineString","coordinates":[[-6.29533,36.52838],[-6.29543,36.52844],[-6.29567,36.52856],[-6.29584,36.52863],[-6.2959,36.52865]]}},{"type":"Feature","properties":{"name":"Avenida Campo del Sur","kind":"road","road":"tertiary","osm":1068406735},"geometry":{"type":"LineString","coordinates":[[-6.2959,36.52865],[-6.29599,36.52868],[-6.29624,36.52876],[-6.29634,36.52879],[-6.29643,36.5288]]}},{"type":"Feature","properties":{"name":"Avenida Campo del Sur","kind":"road","road":"tertiary","osm":1068406736},"geometry":{"type":"LineString","coordinates":[[-6.29586,36.52857],[-6.2957,36.52851],[-6.29544,36.52841],[-6.29533,36.52838]]}},{"type":"Feature","properties":{"name":"Avenida Campo del Sur","kind":"road","road":"tertiary","osm":1068406739},"geometry":{"type":"LineString","coordinates":[[-6.29626,36.52872],[-6.29586,36.52857]]}},{"type":"Feature","properties":{"name":"Avenida Campo del Sur","kind":"road","road":"tertiary","osm":1068406741},"geometry":{"type":"LineString","coordinates":[[-6.29784,36.52894],[-6.29795,36.52891],[-6.29805,36.52889],[-6.29851,36.5288],[-6.29855,36.5288],[-6.29866,36.52878]]}},{"type":"Feature","properties":{"name":"Avenida Campo del Sur","kind":"road","road":"tertiary","osm":1068406742},"geometry":{"type":"LineString","coordinates":[[-6.29784,36.52894],[-6.29776,36.52896]]}},{"type":"Feature","properties":{"name":"Avenida Campo del Sur","kind":"road","road":"tertiary","osm":1068406743},"geometry":{"type":"LineString","coordinates":[[-6.29933,36.52866],[-6.29909,36.52867]]}},{"type":"Feature","properties":{"name":"Avenida Campo del Sur","kind":"road","road":"tertiary","osm":1068406746},"geometry":{"type":"LineString","coordinates":[[-6.29866,36.52878],[-6.299,36.52873],[-6.2991,36.52871]]}},{"type":"Feature","properties":{"name":"Avenida Campo del Sur","kind":"road","road":"tertiary","osm":1068406747},"geometry":{"type":"LineString","coordinates":[[-6.2989,36.52869],[-6.2988,36.52871],[-6.2985,36.52875],[-6.29844,36.52876],[-6.2984,36.52876]]}},{"type":"Feature","properties":{"name":"Avenida Campo del Sur","kind":"road","road":"tertiary","osm":1068406748},"geometry":{"type":"LineString","coordinates":[[-6.2991,36.52871],[-6.29933,36.52866]]}},{"type":"Feature","properties":{"name":"Avenida Campo del Sur","kind":"road","road":"tertiary","osm":1068406749},"geometry":{"type":"LineString","coordinates":[[-6.29909,36.52867],[-6.29893,36.52869],[-6.2989,36.52869]]}},{"type":"Feature","properties":{"name":"Avenida Campo del Sur","kind":"road","road":"tertiary","osm":1068406750},"geometry":{"type":"LineString","coordinates":[[-6.30003,36.52857],[-6.30013,36.52857],[-6.30023,36.52856],[-6.30038,36.52853],[-6.30054,36.52849],[-6.30072,36.52844],[-6.30088,36.52839]]}},{"type":"Feature","properties":{"name":"Avenida Campo del Sur","kind":"road","road":"tertiary","osm":1068406751},"geometry":{"type":"LineString","coordinates":[[-6.30003,36.52857],[-6.29938,36.52866],[-6.29933,36.52866]]}},{"type":"Feature","properties":{"name":"Avenida Campo del Sur","kind":"road","road":"tertiary","osm":1068406752},"geometry":{"type":"LineString","coordinates":[[-6.30181,36.52808],[-6.30169,36.5281],[-6.30149,36.52815]]}},{"type":"Feature","properties":{"name":"Avenida Campo del Sur","kind":"road","road":"tertiary","osm":1068406753},"geometry":{"type":"LineString","coordinates":[[-6.30149,36.52815],[-6.3012,36.52824],[-6.3007,36.52839],[-6.30037,36.52849],[-6.30022,36.52853],[-6.30003,36.52857]]}},{"type":"Feature","properties":{"name":"Avenida Campo del Sur","kind":"road","road":"tertiary","osm":1068406755},"geometry":{"type":"LineString","coordinates":[[-6.30088,36.52839],[-6.30169,36.52814],[-6.30181,36.52808]]}},{"type":"Feature","properties":{"name":"","kind":"road","road":"tertiary","osm":1070224403},"geometry":{"type":"LineString","coordinates":[[-6.29028,36.5262],[-6.29026,36.52621],[-6.29023,36.52622],[-6.29021,36.52624]]}},{"type":"Feature","properties":{"name":"","kind":"road","road":"tertiary","osm":1070224404},"geometry":{"type":"LineString","coordinates":[[-6.29021,36.52624],[-6.2902,36.52625],[-6.2902,36.52626],[-6.29019,36.52627],[-6.29019,36.52628],[-6.29019,36.52629],[-6.29019,36.5263],[-6.29019,36.52631],[-6.2902,36.52632],[-6.29021,36.52634]]}},{"type":"Feature","properties":{"name":"","kind":"road","road":"tertiary","osm":1070224405},"geometry":{"type":"LineString","coordinates":[[-6.29021,36.52634],[-6.29022,36.52635],[-6.29023,36.52636],[-6.29024,36.52637],[-6.29026,36.52637]]}},{"type":"Feature","properties":{"name":"Glorieta Simón Bolívar","kind":"road","road":"tertiary","osm":1070224406},"geometry":{"type":"LineString","coordinates":[[-6.30604,36.53331],[-6.30599,36.53332]]}},{"type":"Feature","properties":{"name":"Glorieta Simón Bolívar","kind":"road","road":"tertiary","osm":1070224407},"geometry":{"type":"LineString","coordinates":[[-6.30595,36.53356],[-6.30603,36.53357]]}},{"type":"Feature","properties":{"name":"Glorieta Simón Bolívar","kind":"road","road":"tertiary","osm":1070224408},"geometry":{"type":"LineString","coordinates":[[-6.30603,36.53357],[-6.30607,36.53352],[-6.30612,36.53346],[-6.30617,36.53337]]}},{"type":"Feature","properties":{"name":"Glorieta Simón Bolívar","kind":"road","road":"tertiary","osm":1070224409},"geometry":{"type":"LineString","coordinates":[[-6.30617,36.53337],[-6.30612,36.53333],[-6.30604,36.53331]]}},{"type":"Feature","properties":{"name":"Glorieta Simón Bolívar","kind":"road","road":"tertiary","osm":1070224410},"geometry":{"type":"LineString","coordinates":[[-6.30599,36.53332],[-6.30594,36.53334]]}},{"type":"Feature","properties":{"name":"Glorieta Simón Bolívar","kind":"road","road":"tertiary","osm":1070224411},"geometry":{"type":"LineString","coordinates":[[-6.30594,36.53334],[-6.30588,36.53344],[-6.30587,36.53349]]}},{"type":"Feature","properties":{"name":"Avenida del Puerto","kind":"road","road":"tertiary","osm":1071869580},"geometry":{"type":"LineString","coordinates":[[-6.2921,36.53467],[-6.29198,36.53478],[-6.2919,36.53487],[-6.29184,36.53498],[-6.29177,36.53509]]}},{"type":"Feature","properties":{"name":"Glorieta de los Periodistas","kind":"road","road":"tertiary","osm":1071869581},"geometry":{"type":"LineString","coordinates":[[-6.29255,36.53447],[-6.29258,36.53446],[-6.29259,36.53445]]}},{"type":"Feature","properties":{"name":"Glorieta de los Periodistas","kind":"road","road":"tertiary","osm":1071869582},"geometry":{"type":"LineString","coordinates":[[-6.29248,36.53447],[-6.29252,36.53447],[-6.29255,36.53447]]}},{"type":"Feature","properties":{"name":"Glorieta de los Periodistas","kind":"road","road":"tertiary","osm":1071869584},"geometry":{"type":"LineString","coordinates":[[-6.2924,36.53437],[-6.2924,36.53439],[-6.29241,36.53441],[-6.29243,36.53444],[-6.29245,36.53446],[-6.29248,36.53447]]}},{"type":"Feature","properties":{"name":"Glorieta de los Periodistas","kind":"road","road":"tertiary","osm":1071869585},"geometry":{"type":"LineString","coordinates":[[-6.29248,36.53429],[-6.29245,36.5343],[-6.29243,36.53432]]}},{"type":"Feature","properties":{"name":"Glorieta de los Periodistas","kind":"road","road":"tertiary","osm":1071869586},"geometry":{"type":"LineString","coordinates":[[-6.29262,36.53434],[-6.2926,36.53432],[-6.29257,36.5343],[-6.29254,36.53429],[-6.29251,36.53429],[-6.29248,36.53429]]}},{"type":"Feature","properties":{"name":"Avenida del Puerto","kind":"road","road":"tertiary","osm":1072195853},"geometry":{"type":"LineString","coordinates":[[-6.29317,36.53297],[-6.29318,36.53308],[-6.29317,36.53319],[-6.29316,36.5333],[-6.29313,36.53341],[-6.2931,36.53349],[-6.29307,36.53355]]}},{"type":"Feature","properties":{"name":"Avenida del Puerto","kind":"road","road":"tertiary","osm":1072195854},"geometry":{"type":"LineString","coordinates":[[-6.29307,36.53355],[-6.29302,36.53364],[-6.29301,36.53366],[-6.29297,36.53373],[-6.29292,36.53381]]}},{"type":"Feature","properties":{"name":"Plaza de la Hispanidad","kind":"road","road":"tertiary","osm":1072566545},"geometry":{"type":"LineString","coordinates":[[-6.29177,36.53509],[-6.29176,36.5351]]}},{"type":"Feature","properties":{"name":"Plaza de la Hispanidad","kind":"road","road":"tertiary","osm":1072566546},"geometry":{"type":"LineString","coordinates":[[-6.29194,36.53515],[-6.29193,36.53513],[-6.2919,36.53511],[-6.29188,36.53509],[-6.29184,36.53508],[-6.29181,36.53508],[-6.29177,36.53509]]}},{"type":"Feature","properties":{"name":"Plaza de la Hispanidad","kind":"road","road":"tertiary","osm":1072566547},"geometry":{"type":"LineString","coordinates":[[-6.29195,36.53519],[-6.29194,36.53517],[-6.29194,36.53515]]}},{"type":"Feature","properties":{"name":"Plaza de la Hispanidad","kind":"road","road":"tertiary","osm":1072566548},"geometry":{"type":"LineString","coordinates":[[-6.29181,36.53528],[-6.29185,36.53528],[-6.29189,36.53527],[-6.29192,36.53525],[-6.29194,36.53521],[-6.29195,36.53519]]}},{"type":"Feature","properties":{"name":"Plaza de la Hispanidad","kind":"road","road":"tertiary","osm":1072566549},"geometry":{"type":"LineString","coordinates":[[-6.2917,36.53522],[-6.29171,36.53523],[-6.29174,36.53526],[-6.29177,36.53528],[-6.29179,36.53528],[-6.29181,36.53528]]}},{"type":"Feature","properties":{"name":"Plaza de la Hispanidad","kind":"road","road":"tertiary","osm":1072566550},"geometry":{"type":"LineString","coordinates":[[-6.2917,36.5352],[-6.2917,36.53522]]}},{"type":"Feature","properties":{"name":"","kind":"road","road":"pedestrian","osm":1114830224},"geometry":{"type":"LineString","coordinates":[[-6.28993,36.5255],[-6.28923,36.52605]]}},{"type":"Feature","properties":{"name":"Plaza de Sevilla","kind":"road","road":"secondary","osm":1224719982},"geometry":{"type":"LineString","coordinates":[[-6.28968,36.52972],[-6.28965,36.52974]]}},{"type":"Feature","properties":{"name":"Plazuela Pablo Grosso","kind":"park","road":"","osm":1276098612},"geometry":{"type":"Polygon","coordinates":[[[-6.29056,36.52912],[-6.29037,36.52901],[-6.29032,36.52905],[-6.29027,36.52907],[-6.29024,36.52909],[-6.29024,36.52912],[-6.29031,36.52915],[-6.29046,36.52921],[-6.29056,36.52912]]]}},{"type":"Feature","properties":{"name":"Calle Goleta","kind":"road","road":"pedestrian","osm":1283684139},"geometry":{"type":"LineString","coordinates":[[-6.28896,36.52771],[-6.28901,36.52772]]}},{"type":"Feature","properties":{"name":"","kind":"coast","road":"","osm":1327541851},"geometry":{"type":"LineString","coordinates":[[-6.31432,36.52789],[-6.31419,36.52798],[-6.31411,36.52792],[-6.31426,36.5278],[-6.31392,36.52761],[-6.31391,36.52751],[-6.31393,36.52746],[-6.31389,36.5274],[-6.3138,36.52743],[-6.31372,36.52752],[-6.31358,36.52763],[-6.31328,36.52772],[-6.31308,36.52773],[-6.3129,36.52782],[-6.31287,36.52782],[-6.31285,36.52785],[-6.3128,36.52784],[-6.31282,36.52782],[-6.31277,36.52775],[-6.31268,36.52775],[-6.31249,36.52775],[-6.31235,36.52779],[-6.31223,36.52781],[-6.31144,36.52791],[-6.31143,36.52788],[-6.31142,36.52783],[-6.31136,36.52783],[-6.31137,36.52789],[-6.31138,36.52789],[-6.31139,36.52791],[-6.31111,36.52795],[-6.31079,36.528],[-6.30976,36.52839],[-6.3095,36.52851],[-6.30919,36.52848],[-6.30895,36.52848],[-6.30865,36.52849],[-6.30842,36.52848],[-6.30811,36.52846],[-6.30776,36.52839],[-6.30757,36.5284],[-6.30748,36.52847],[-6.30706,36.52851],[-6.30703,36.52845],[-6.30641,36.52829],[-6.30603,36.52824],[-6.30603,36.52817],[-6.30548,36.52799],[-6.30519,36.52752],[-6.30486,36.52758],[-6.30415,36.52771],[-6.30327,36.52771],[-6.3024,36.52771],[-6.30232,36.52751],[-6.30213,36.5275],[-6.30143,36.52769],[-6.30116,36.52794],[-6.30105,36.52797]]}},{"type":"Feature","properties":{"name":"Calle de Jesus Caido","kind":"road","road":"pedestrian","osm":1395141818},"geometry":{"type":"LineString","coordinates":[[-6.30523,36.53467],[-6.30498,36.53447]]}},{"type":"Feature","properties":{"name":"Arco de la Rosa","kind":"road","road":"pedestrian","osm":1423954454},"geometry":{"type":"LineString","coordinates":[[-6.29412,36.52917],[-6.29408,36.52915]]}},{"type":"Feature","properties":{"name":"Avenida de Astilleros","kind":"road","road":"secondary","osm":1446788115},"geometry":{"type":"LineString","coordinates":[[-6.28851,36.53014],[-6.28843,36.53015],[-6.28833,36.53015],[-6.28824,36.53014],[-6.28816,36.53013],[-6.28805,36.53011],[-6.28791,36.53007]]}},{"type":"Feature","properties":{"name":"Avenida de Astilleros","kind":"road","road":"secondary","osm":1446788116},"geometry":{"type":"LineString","coordinates":[[-6.28877,36.5301],[-6.28871,36.53011],[-6.28869,36.53012],[-6.28857,36.53014],[-6.28851,36.53014]]}},{"type":"Feature","properties":{"name":"Plaza de Sevilla","kind":"road","road":"secondary","osm":1446788118},"geometry":{"type":"LineString","coordinates":[[-6.28925,36.53002],[-6.28928,36.53002],[-6.2893,36.53003],[-6.28934,36.53005]]}},{"type":"Feature","properties":{"name":"Plaza de Sevilla","kind":"road","road":"secondary","osm":1446788119},"geometry":{"type":"LineString","coordinates":[[-6.28939,36.53008],[-6.28943,36.53009],[-6.28946,36.5301]]}},{"type":"Feature","properties":{"name":"Paseo Alameda Clara Campoamor","kind":"road","road":"tertiary","osm":1446808261},"geometry":{"type":"LineString","coordinates":[[-6.29726,36.53639],[-6.29733,36.53638],[-6.29739,36.53639],[-6.29742,36.53639],[-6.29747,36.5364]]}},{"type":"Feature","properties":{"name":"Paseo Alameda Clara Campoamor","kind":"road","road":"tertiary","osm":1446808262},"geometry":{"type":"LineString","coordinates":[[-6.29747,36.5364],[-6.29745,36.53638],[-6.29741,36.53636],[-6.29734,36.53633],[-6.29731,36.53632],[-6.29728,36.53631]]}},{"type":"Feature","properties":{"name":"","kind":"road","road":"tertiary","osm":1446808263},"geometry":{"type":"LineString","coordinates":[[-6.29726,36.53629],[-6.29724,36.53629]]}},{"type":"Feature","properties":{"name":"","kind":"road","road":"tertiary","osm":1446808264},"geometry":{"type":"LineString","coordinates":[[-6.29726,36.53639],[-6.29728,36.53638],[-6.29729,36.53636],[-6.29729,36.53634],[-6.29729,36.53633],[-6.29728,36.53631]]}},{"type":"Feature","properties":{"name":"","kind":"road","road":"tertiary","osm":1446808265},"geometry":{"type":"LineString","coordinates":[[-6.29716,36.53634],[-6.29716,36.53636],[-6.29717,36.53637],[-6.29718,36.53638],[-6.29719,36.53639]]}},{"type":"Feature","properties":{"name":"","kind":"road","road":"tertiary","osm":1446808266},"geometry":{"type":"LineString","coordinates":[[-6.29724,36.53629],[-6.29722,36.53629],[-6.2972,36.53629],[-6.29718,36.5363],[-6.29717,36.53631],[-6.29716,36.53633],[-6.29716,36.53634]]}},{"type":"Feature","properties":{"name":"","kind":"road","road":"tertiary","osm":1446808267},"geometry":{"type":"LineString","coordinates":[[-6.29728,36.53631],[-6.29727,36.5363],[-6.29726,36.53629]]}},{"type":"Feature","properties":{"name":"Calle Murallas de San Roque","kind":"road","road":"tertiary","osm":1446808268},"geometry":{"type":"LineString","coordinates":[[-6.28946,36.52633],[-6.2893,36.52634],[-6.28922,36.52635]]}},{"type":"Feature","properties":{"name":"Plaza de la Constitución","kind":"road","road":"secondary","osm":1446808270},"geometry":{"type":"LineString","coordinates":[[-6.28816,36.5255],[-6.28798,36.52536],[-6.2878,36.52522],[-6.28768,36.5251],[-6.28759,36.52503]]}},{"type":"Feature","properties":{"name":"Plaza de la Constitución","kind":"road","road":"secondary","osm":1446808271},"geometry":{"type":"LineString","coordinates":[[-6.28792,36.52564],[-6.28795,36.52568],[-6.28803,36.5258],[-6.28806,36.52584]]}},{"type":"Feature","properties":{"name":"Plaza de la Constitución","kind":"road","road":"secondary","osm":1446808272},"geometry":{"type":"LineString","coordinates":[[-6.28813,36.52595],[-6.28818,36.52601],[-6.28821,36.52605],[-6.2883,36.52614],[-6.28838,36.52621],[-6.28842,36.52625]]}},{"type":"Feature","properties":{"name":"Plaza de la Constitución","kind":"road","road":"secondary","osm":1446808273},"geometry":{"type":"LineString","coordinates":[[-6.2886,36.52573],[-6.28851,36.52568],[-6.28843,36.52564],[-6.28842,36.52564],[-6.28836,36.52561]]}},{"type":"Feature","properties":{"name":"Avenida de Andalucía","kind":"road","road":"secondary","osm":1446999533},"geometry":{"type":"LineString","coordinates":[[-6.28618,36.52255],[-6.28632,36.5228],[-6.28671,36.52348],[-6.28737,36.52464],[-6.28739,36.52468],[-6.28749,36.52485],[-6.28756,36.52498],[-6.28759,36.52503]]}},{"type":"Feature","properties":{"name":"Avenida Duque de Nájera","kind":"road","road":"tertiary","osm":1448425137},"geometry":{"type":"LineString","coordinates":[[-6.30548,36.53155],[-6.30535,36.53132],[-6.30532,36.53125]]}},{"type":"Feature","properties":{"name":"Avenida Duque de Nájera","kind":"road","road":"tertiary","osm":1448425138},"geometry":{"type":"LineString","coordinates":[[-6.30532,36.53125],[-6.30523,36.53107],[-6.30519,36.53094],[-6.30517,36.53078],[-6.30516,36.53068],[-6.30518,36.53033],[-6.30521,36.52987],[-6.30526,36.52917],[-6.30527,36.52882],[-6.30529,36.52846],[-6.30527,36.5284],[-6.30524,36.52833],[-6.30518,36.52826],[-6.30508,36.52818],[-6.30492,36.52811],[-6.30484,36.52809],[-6.30474,36.52805]]}},{"type":"Feature","properties":{"name":"Avenida Campo del Sur","kind":"road","road":"tertiary","osm":1448425139},"geometry":{"type":"LineString","coordinates":[[-6.2984,36.52876],[-6.29804,36.52885],[-6.29795,36.52887],[-6.29784,36.52894]]}},{"type":"Feature","properties":{"name":"Avenida Campo del Sur","kind":"road","road":"tertiary","osm":1448425140},"geometry":{"type":"LineString","coordinates":[[-6.29776,36.52896],[-6.29773,36.52897],[-6.29765,36.52898],[-6.29755,36.52899],[-6.29692,36.52895],[-6.29683,36.52894],[-6.29674,36.52891],[-6.29643,36.5288]]}},{"type":"Feature","properties":{"name":"","kind":"road","road":"tertiary","osm":1449245740},"geometry":{"type":"LineString","coordinates":[[-6.28795,36.52568],[-6.28794,36.52577],[-6.28793,36.52586],[-6.28791,36.5259],[-6.2879,36.52593]]}},{"type":"Feature","properties":{"name":"Glorieta de los Periodistas","kind":"road","road":"tertiary","osm":1449256579},"geometry":{"type":"LineString","coordinates":[[-6.29243,36.53432],[-6.29241,36.53434],[-6.29241,36.53435],[-6.2924,36.53436],[-6.2924,36.53437]]}},{"type":"Feature","properties":{"name":"Avenida del Puerto","kind":"road","road":"tertiary","osm":1449256580},"geometry":{"type":"LineString","coordinates":[[-6.29275,36.53403],[-6.29271,36.53407],[-6.2927,36.5341],[-6.29266,36.53414]]}},{"type":"Feature","properties":{"name":"","kind":"coast","road":"","osm":1548815546},"geometry":{"type":"LineString","coordinates":[[-6.29149,36.53748],[-6.29182,36.53741]]}},{"type":"Feature","properties":{"name":"","kind":"coast","road":"","osm":1548815547},"geometry":{"type":"LineString","coordinates":[[-6.29061,36.53817],[-6.29099,36.53806],[-6.29115,36.53796],[-6.29142,36.53773],[-6.29147,36.5376],[-6.29149,36.53748]]}},{"type":"Feature","properties":{"name":"","kind":"coast","road":"","osm":1548815568},"geometry":{"type":"LineString","coordinates":[[-6.27948,36.54297],[-6.27964,36.54313],[-6.28231,36.54313],[-6.28008,36.54491],[-6.28002,36.54489],[-6.27996,36.5449],[-6.27985,36.54495],[-6.2798,36.54496],[-6.27975,36.54497],[-6.27965,36.54506],[-6.27958,36.54516],[-6.27958,36.54525],[-6.27959,36.54532],[-6.2797,36.54539],[-6.27984,36.54545],[-6.27997,36.54546],[-6.28003,36.54544],[-6.28013,36.54539],[-6.28021,36.54531],[-6.28029,36.54519],[-6.28262,36.54336],[-6.28287,36.54323],[-6.28297,36.54319],[-6.28598,36.54321],[-6.28643,36.54314],[-6.28669,36.54307],[-6.28692,36.54299],[-6.28714,36.54289],[-6.28731,36.54279],[-6.29121,36.53937],[-6.29132,36.53929]]}},{"type":"Feature","properties":{"name":"","kind":"coast","road":"","osm":1548815570},"geometry":{"type":"LineString","coordinates":[[-6.29182,36.53741],[-6.2921,36.53735],[-6.29255,36.53726],[-6.29264,36.53724],[-6.29276,36.53721],[-6.2931,36.53714],[-6.29353,36.53705],[-6.2943,36.53691],[-6.29451,36.53687],[-6.29525,36.53671],[-6.29539,36.53684],[-6.29602,36.53665],[-6.29795,36.53698],[-6.29889,36.5376],[-6.29893,36.53763],[-6.29895,36.53796],[-6.29913,36.53825],[-6.29926,36.53838],[-6.29933,36.53835],[-6.29956,36.53828],[-6.3,36.53805],[-6.30069,36.53799],[-6.30224,36.53724],[-6.30268,36.53717],[-6.30281,36.53712],[-6.30497,36.53675],[-6.30501,36.53677],[-6.30569,36.53574],[-6.30561,36.53568],[-6.30594,36.53517],[-6.3064,36.53484],[-6.30672,36.5346],[-6.30688,36.53473],[-6.30706,36.53488],[-6.30729,36.53484],[-6.30795,36.5341],[-6.30818,36.53334],[-6.30823,36.53321],[-6.30859,36.53323],[-6.30842,36.53296],[-6.3085,36.53255],[-6.30798,36.53243],[-6.30774,36.53222],[-6.30767,36.53234],[-6.30758,36.53247],[-6.30763,36.53254],[-6.30739,36.53267],[-6.30739,36.53266],[-6.30729,36.53271],[-6.30716,36.53279],[-6.30706,36.53274],[-6.3071,36.5327],[-6.30684,36.53259],[-6.30649,36.53222],[-6.30652,36.53219],[-6.30622,36.53192],[-6.30618,36.53195],[-6.30616,36.5319],[-6.30615,36.53185],[-6.30613,36.53168]]}},{"type":"Feature","properties":{"name":"","kind":"coast","road":"","osm":1548815571},"geometry":{"type":"LineString","coordinates":[[-6.29132,36.53929],[-6.29144,36.53919],[-6.2912,36.53901],[-6.29115,36.53905],[-6.29086,36.53884],[-6.29085,36.53878],[-6.29082,36.53878],[-6.29061,36.53817]]}},{"type":"Feature","properties":{"name":"","kind":"coast","road":"","osm":1548815572},"geometry":{"type":"LineString","coordinates":[[-6.28587,36.53904],[-6.28585,36.53907],[-6.28586,36.53909],[-6.28588,36.53911],[-6.28669,36.53973]]}},{"type":"Feature","properties":{"name":"","kind":"coast","road":"","osm":1548815576},"geometry":{"type":"LineString","coordinates":[[-6.29012,36.53508],[-6.28566,36.53889],[-6.28574,36.53895],[-6.28587,36.53904]]}},{"type":"Feature","properties":{"name":"","kind":"coast","road":"","osm":1548815586},"geometry":{"type":"LineString","coordinates":[[-6.30613,36.53168],[-6.30608,36.53149],[-6.30599,36.5311],[-6.30593,36.53062],[-6.30591,36.53034],[-6.30596,36.53005],[-6.30606,36.52977],[-6.30628,36.52939],[-6.3067,36.52898],[-6.30702,36.52855],[-6.3076,36.5285],[-6.30764,36.52855],[-6.30791,36.5286],[-6.30818,36.52863],[-6.30829,36.52868],[-6.3086,36.5287],[-6.30876,36.52871],[-6.30899,36.52871],[-6.30916,36.52872],[-6.30925,36.5287],[-6.30932,36.52872],[-6.3095,36.5286],[-6.3095,36.52855]]}},{"type":"Feature","properties":{"name":"","kind":"coast","road":"","osm":1548815587},"geometry":{"type":"LineString","coordinates":[[-6.28111,36.53213],[-6.2811,36.53214],[-6.28197,36.53284],[-6.28202,36.5328],[-6.28169,36.53253],[-6.28466,36.53016],[-6.28595,36.53122],[-6.28599,36.5312],[-6.2861,36.53129],[-6.28563,36.53148],[-6.28553,36.53156],[-6.28293,36.53363],[-6.28129,36.53361],[-6.28041,36.53431],[-6.28058,36.53464],[-6.28073,36.53459],[-6.28088,36.53453],[-6.28179,36.5362],[-6.28228,36.5366],[-6.28259,36.53635],[-6.28236,36.53616],[-6.28247,36.53607],[-6.28429,36.53465],[-6.2858,36.53341],[-6.28601,36.53358],[-6.28655,36.53315],[-6.28634,36.53298],[-6.28696,36.53249],[-6.28786,36.53179],[-6.28788,36.53176],[-6.28916,36.53112],[-6.28976,36.53082],[-6.28992,36.53073],[-6.28997,36.53076],[-6.28999,36.53075],[-6.29011,36.53082],[-6.29009,36.53084],[-6.29012,36.53085],[-6.29231,36.5329],[-6.292,36.53309],[-6.29186,36.53321],[-6.29174,36.53332],[-6.29197,36.5335],[-6.29012,36.53508]]}},{"type":"Feature","properties":{"name":"","kind":"coast","road":"","osm":1548835672},"geometry":{"type":"LineString","coordinates":[[-6.28669,36.53973],[-6.28556,36.54065]]}},{"type":"Feature","properties":{"name":"","kind":"coast","road":"","osm":1548835681},"geometry":{"type":"LineString","coordinates":[[-6.28449,36.53997],[-6.28483,36.5397],[-6.2853,36.53932],[-6.28551,36.53915],[-6.28553,36.53913],[-6.28552,36.53911],[-6.2855,36.53911],[-6.28548,36.53911],[-6.28423,36.54011],[-6.28425,36.54017],[-6.28471,36.54055]]}}]}