{"bounds":[36.7092,-4.43278,36.73133,-4.39981],"date":"2026-09-18T16:51:21Z","type":"FeatureCollection","features":[{"type":"Feature","properties":{"name":"Paseo Antonio Machado","kind":"road","road":"primary","osm":23042426},"geometry":{"type":"LineString","coordinates":[[-4.42752,36.70957],[-4.4273,36.70983],[-4.42728,36.70985],[-4.42695,36.71022],[-4.42647,36.71068],[-4.42632,36.71084]]}},{"type":"Feature","properties":{"name":"Calle Callejones del Perchel","kind":"road","road":"secondary","osm":23042429},"geometry":{"type":"LineString","coordinates":[[-4.42987,36.71584],[-4.42985,36.71579],[-4.42984,36.71573],[-4.42983,36.71567],[-4.42982,36.7156],[-4.42983,36.71552],[-4.42984,36.71543],[-4.4299,36.71535],[-4.43005,36.7152],[-4.43038,36.71492],[-4.43048,36.71482],[-4.431,36.71435],[-4.43121,36.71423],[-4.43127,36.71421],[-4.43157,36.71411],[-4.4317,36.71409],[-4.43174,36.7141],[-4.43181,36.71411],[-4.4319,36.71412]]}},{"type":"Feature","properties":{"name":"","kind":"road","road":"primary","osm":23051095},"geometry":{"type":"LineString","coordinates":[[-4.42783,36.70972],[-4.42787,36.70968],[-4.42791,36.70964],[-4.42794,36.7096],[-4.42794,36.70957]]}},{"type":"Feature","properties":{"name":"Plaza de la Solidaridad","kind":"road","road":"primary","osm":23051248},"geometry":{"type":"LineString","coordinates":[[-4.43215,36.71382],[-4.43201,36.71386],[-4.43194,36.71392]]}},{"type":"Feature","properties":{"name":"Paseo de los Curas","kind":"road","road":"primary","osm":23051254},"geometry":{"type":"LineString","coordinates":[[-4.4195,36.71766],[-4.41903,36.71779],[-4.41553,36.71875],[-4.41543,36.71877],[-4.41428,36.71909],[-4.41295,36.71946],[-4.41257,36.71956]]}},{"type":"Feature","properties":{"name":"Paseo de los Curas","kind":"road","road":"primary","osm":23051255},"geometry":{"type":"LineString","coordinates":[[-4.41236,36.7197],[-4.41338,36.71942],[-4.41557,36.71883],[-4.41567,36.7188],[-4.41632,36.71862],[-4.41716,36.7184],[-4.41925,36.71783],[-4.41953,36.71775]]}},{"type":"Feature","properties":{"name":"Paseo Antonio Machado","kind":"road","road":"primary","osm":23051293},"geometry":{"type":"LineString","coordinates":[[-4.42795,36.70948],[-4.42809,36.70932],[-4.4285,36.70886]]}},{"type":"Feature","properties":{"name":"Avenida de las Américas","kind":"road","road":"primary","osm":23161462},"geometry":{"type":"LineString","coordinates":[[-4.4324,36.71418],[-4.43251,36.71422],[-4.43267,36.71427],[-4.43304,36.7144],[-4.43319,36.71445]]}},{"type":"Feature","properties":{"name":"Calle Callejones del Perchel","kind":"road","road":"secondary","osm":23162018},"geometry":{"type":"LineString","coordinates":[[-4.43191,36.71396],[-4.4318,36.71395],[-4.43168,36.71399],[-4.43166,36.71399],[-4.43153,36.71404],[-4.43117,36.71416],[-4.43095,36.71431],[-4.43042,36.71477],[-4.43031,36.71486],[-4.42993,36.7152],[-4.4298,36.71532],[-4.42972,36.71543],[-4.42969,36.71546],[-4.42955,36.71567],[-4.42953,36.71572]]}},{"type":"Feature","properties":{"name":"Paseo de los Tilos","kind":"road","road":"secondary","osm":23162020},"geometry":{"type":"LineString","coordinates":[[-4.43244,36.71396],[-4.43251,36.7139],[-4.43266,36.71382],[-4.43321,36.7136],[-4.43339,36.71355]]}},{"type":"Feature","properties":{"name":"Avenida Manuel Agustín Heredia","kind":"road","road":"primary","osm":23162032},"geometry":{"type":"LineString","coordinates":[[-4.42063,36.71677],[-4.42096,36.71643],[-4.42101,36.71638],[-4.42105,36.71633],[-4.42131,36.71606],[-4.42147,36.71589],[-4.42155,36.71582]]}},{"type":"Feature","properties":{"name":"Puente de Antonio Machado","kind":"road","road":"primary","osm":23162033},"geometry":{"type":"LineString","coordinates":[[-4.42567,36.71166],[-4.42618,36.71115],[-4.42628,36.71106]]}},{"type":"Feature","properties":{"name":"Puente de la Misericordia","kind":"road","road":"primary","osm":23162043},"geometry":{"type":"LineString","coordinates":[[-4.42627,36.71575],[-4.42581,36.71575]]}},{"type":"Feature","properties":{"name":"Calle Atarazanas","kind":"road","road":"tertiary","osm":27131168},"geometry":{"type":"LineString","coordinates":[[-4.42287,36.71847],[-4.4229,36.71848],[-4.42293,36.71849],[-4.42298,36.71849],[-4.42332,36.71837],[-4.42345,36.71832],[-4.42352,36.71829],[-4.42394,36.71813],[-4.42408,36.71807]]}},{"type":"Feature","properties":{"name":"Calle Ollerías","kind":"road","road":"tertiary","osm":27584109},"geometry":{"type":"LineString","coordinates":[[-4.42294,36.72583],[-4.42279,36.72569],[-4.42273,36.72563],[-4.42269,36.7256],[-4.42256,36.72547],[-4.4225,36.72542],[-4.42239,36.72531],[-4.4222,36.72512],[-4.42209,36.725],[-4.42206,36.72496],[-4.42201,36.72487],[-4.42195,36.72475],[-4.42185,36.7245],[-4.42178,36.72433]]}},{"type":"Feature","properties":{"name":"Plaza María Guerrero","kind":"road","road":"tertiary","osm":27584441},"geometry":{"type":"LineString","coordinates":[[-4.4175,36.72285],[-4.41715,36.72269],[-4.41705,36.72265]]}},{"type":"Feature","properties":{"name":"Calle Armengual de la Mota","kind":"road","road":"secondary","osm":27593738},"geometry":{"type":"LineString","coordinates":[[-4.42963,36.71774],[-4.42965,36.71754],[-4.42966,36.71748]]}},{"type":"Feature","properties":{"name":"Avenida Ingeniero José María Garnica","kind":"road","road":"primary","osm":27593740},"geometry":{"type":"LineString","coordinates":[[-4.43001,36.71113],[-4.42983,36.71105],[-4.42977,36.71103],[-4.42968,36.71098],[-4.42964,36.71095],[-4.42952,36.71087]]}},{"type":"Feature","properties":{"name":"Calle Ayala","kind":"road","road":"secondary","osm":27593742},"geometry":{"type":"LineString","coordinates":[[-4.4311,36.71019],[-4.431,36.71028],[-4.43079,36.71046],[-4.43063,36.7106]]}},{"type":"Feature","properties":{"name":"Paseo Marítimo Pablo Ruiz Picasso","kind":"road","road":"primary","osm":27594170},"geometry":{"type":"LineString","coordinates":[[-4.40314,36.72054],[-4.40366,36.72051],[-4.40401,36.72049],[-4.40418,36.72047],[-4.40455,36.72043],[-4.40486,36.72038],[-4.40515,36.72031]]}},{"type":"Feature","properties":{"name":"Calle San Agustín","kind":"road","road":"pedestrian","osm":27594196},"geometry":{"type":"LineString","coordinates":[[-4.41828,36.72197],[-4.41828,36.72193],[-4.41835,36.72183],[-4.41857,36.72168],[-4.41863,36.72162],[-4.41873,36.72147],[-4.41884,36.72134],[-4.41902,36.72117],[-4.41925,36.72096]]}},{"type":"Feature","properties":{"name":"Calle Santa María","kind":"road","road":"pedestrian","osm":27594198},"geometry":{"type":"LineString","coordinates":[[-4.41938,36.72074],[-4.42011,36.72069]]}},{"type":"Feature","properties":{"name":"Calle Santa María","kind":"road","road":"pedestrian","osm":27594200},"geometry":{"type":"LineString","coordinates":[[-4.42012,36.7208],[-4.42018,36.7208],[-4.42043,36.7209],[-4.42068,36.72099],[-4.42071,36.721],[-4.42112,36.72113],[-4.42114,36.72114],[-4.42158,36.72126]]}},{"type":"Feature","properties":{"name":"Calle Córdoba","kind":"road","road":"tertiary","osm":27617819},"geometry":{"type":"LineString","coordinates":[[-4.42185,36.71587],[-4.42186,36.71591],[-4.42193,36.71607],[-4.42198,36.7162],[-4.42207,36.71643],[-4.42208,36.71645],[-4.42212,36.71656]]}},{"type":"Feature","properties":{"name":"Calle Martínez","kind":"road","road":"pedestrian","osm":27617828},"geometry":{"type":"LineString","coordinates":[[-4.4228,36.71848],[-4.42271,36.71847],[-4.42229,36.71845],[-4.42213,36.71844],[-4.42156,36.71841],[-4.42145,36.71841]]}},{"type":"Feature","properties":{"name":"Calle Tomás Heredia","kind":"road","road":"pedestrian","osm":30098184},"geometry":{"type":"LineString","coordinates":[[-4.42354,36.71718],[-4.42337,36.71677],[-4.4232,36.71642],[-4.42308,36.71615],[-4.42297,36.71592],[-4.42291,36.71579],[-4.42282,36.71558],[-4.42271,36.71532],[-4.42261,36.71507],[-4.42239,36.71493]]}},{"type":"Feature","properties":{"name":"Calle del Comisario","kind":"road","road":"pedestrian","osm":30098198},"geometry":{"type":"LineString","coordinates":[[-4.42229,36.71845],[-4.42226,36.71824],[-4.42219,36.71796]]}},{"type":"Feature","properties":{"name":"Calle Victoria","kind":"road","road":"secondary","osm":34435272},"geometry":{"type":"LineString","coordinates":[[-4.41705,36.72265],[-4.41697,36.72276],[-4.4169,36.72287],[-4.41687,36.7229]]}},{"type":"Feature","properties":{"name":"Calle Especería","kind":"road","road":"pedestrian","osm":34435279},"geometry":{"type":"LineString","coordinates":[[-4.42238,36.72088],[-4.42268,36.72089],[-4.42278,36.7209],[-4.42308,36.7209],[-4.42331,36.72091],[-4.42338,36.72092],[-4.42368,36.72088]]}},{"type":"Feature","properties":{"name":"Puente de la Aurora","kind":"road","road":"secondary","osm":34436467},"geometry":{"type":"LineString","coordinates":[[-4.42534,36.72176],[-4.42527,36.72176]]}},{"type":"Feature","properties":{"name":"Avenida de Príes","kind":"road","road":"secondary","osm":34436912},"geometry":{"type":"LineString","coordinates":[[-4.40561,36.72138],[-4.40571,36.72136],[-4.40637,36.72122],[-4.40708,36.72107],[-4.40711,36.72107],[-4.4072,36.72105],[-4.40729,36.72103],[-4.40737,36.72102]]}},{"type":"Feature","properties":{"name":"Alameda de Colón","kind":"road","road":"secondary","osm":34474997},"geometry":{"type":"LineString","coordinates":[[-4.42494,36.71594],[-4.42492,36.71588],[-4.42484,36.71567],[-4.4247,36.71529],[-4.42462,36.71508],[-4.42449,36.71473],[-4.42447,36.71468],[-4.42445,36.71463],[-4.42416,36.71386]]}},{"type":"Feature","properties":{"name":"Carril de Castell","kind":"road","road":"tertiary","osm":35769215},"geometry":{"type":"LineString","coordinates":[[-4.39988,36.72559],[-4.39958,36.72553]]}},{"type":"Feature","properties":{"name":"Calle Sierra de Grazalema","kind":"road","road":"tertiary","osm":35769871},"geometry":{"type":"LineString","coordinates":[[-4.4033,36.73271],[-4.40327,36.73254],[-4.40323,36.73227],[-4.40302,36.73104],[-4.40289,36.73025],[-4.40286,36.73013],[-4.40282,36.72984],[-4.40279,36.72968],[-4.40276,36.72952],[-4.40275,36.72944],[-4.4027,36.72914]]}},{"type":"Feature","properties":{"name":"Carril de Castell","kind":"road","road":"tertiary","osm":35769954},"geometry":{"type":"LineString","coordinates":[[-4.40412,36.72699],[-4.40403,36.72696],[-4.40395,36.72693],[-4.40381,36.72681],[-4.40358,36.72653],[-4.40351,36.72645],[-4.40343,36.72637],[-4.40328,36.72625],[-4.40325,36.72623],[-4.40247,36.7259],[-4.40243,36.72589],[-4.4024,36.72588],[-4.40238,36.72588],[-4.40234,36.72589]]}},{"type":"Feature","properties":{"name":"Jardines de Pedro Luis Alonso","kind":"park","road":"","osm":35772542},"geometry":{"type":"Polygon","coordinates":[[[-4.41365,36.72051],[-4.41362,36.72052],[-4.41355,36.72055],[-4.41347,36.72058],[-4.41337,36.72063],[-4.41334,36.72066],[-4.41332,36.72067],[-4.41323,36.72076],[-4.41319,36.7208],[-4.41314,36.72086],[-4.41307,36.72095],[-4.41304,36.72101],[-4.41306,36.72105],[-4.41307,36.72106],[-4.41309,36.72107],[-4.41311,36.72108],[-4.41324,36.72108],[-4.41332,36.72107],[-4.41348,36.72103],[-4.41349,36.72103],[-4.4135,36.72102],[-4.41354,36.72101],[-4.41362,36.72099],[-4.41372,36.72096],[-4.41381,36.72093],[-4.41384,36.72093],[-4.41388,36.72091],[-4.41396,36.72089],[-4.41405,36.72087],[-4.41415,36.72084],[-4.41418,36.72083],[-4.41421,36.72082],[-4.4143,36.72079],[-4.41439,36.72077],[-4.41448,36.72074],[-4.41451,36.72073],[-4.41455,36.72072],[-4.41461,36.72071],[-4.41463,36.72069],[-4.41463,36.72067],[-4.41462,36.72065],[-4.41462,36.72064],[-4.41461,36.72061],[-4.41458,36.72054],[-4.41455,36.72047],[-4.41451,36.72039],[-4.4145,36.72034],[-4.41448,36.72031],[-4.41447,36.7203],[-4.41444,36.72029],[-4.41437,36.7203],[-4.41434,36.72031],[-4.4143,36.72032],[-4.41417,36.72036],[-4.41403,36.7204],[-4.414,36.72041],[-4.41397,36.72042],[-4.41382,36.72046],[-4.41369,36.72049],[-4.41365,36.72051]]]}},{"type":"Feature","properties":{"name":"Plaza Jesús El Rico","kind":"road","road":"secondary","osm":35772671},"geometry":{"type":"LineString","coordinates":[[-4.41705,36.72265],[-4.41668,36.72248]]}},{"type":"Feature","properties":{"name":"Calle Túnel de la Alcazaba","kind":"road","road":"secondary","osm":35772696},"geometry":{"type":"LineString","coordinates":[[-4.41602,36.7222],[-4.41595,36.72217],[-4.41563,36.72206]]}},{"type":"Feature","properties":{"name":"Calle Cruz del Molinillo","kind":"road","road":"secondary","osm":35773043},"geometry":{"type":"LineString","coordinates":[[-4.42295,36.727],[-4.42289,36.72703],[-4.42254,36.72718],[-4.4225,36.7272]]}},{"type":"Feature","properties":{"name":"Calle Julio Mathias","kind":"road","road":"tertiary","osm":35773068},"geometry":{"type":"LineString","coordinates":[[-4.4162,36.72861],[-4.41604,36.72854],[-4.41563,36.72838],[-4.4155,36.72832]]}},{"type":"Feature","properties":{"name":"Plaza de la Victoria","kind":"road","road":"secondary","osm":35773179},"geometry":{"type":"LineString","coordinates":[[-4.41391,36.72705],[-4.41374,36.72703]]}},{"type":"Feature","properties":{"name":"Calle San Lorenzo","kind":"road","road":"pedestrian","osm":35773427},"geometry":{"type":"LineString","coordinates":[[-4.4249,36.71673],[-4.42475,36.71638]]}},{"type":"Feature","properties":{"name":"Calle Ferrándiz","kind":"road","road":"secondary","osm":35777672},"geometry":{"type":"LineString","coordinates":[[-4.40611,36.72726],[-4.40601,36.7272],[-4.4058,36.72711],[-4.40576,36.72709]]}},{"type":"Feature","properties":{"name":"Calle Gordón","kind":"road","road":"tertiary","osm":35777715},"geometry":{"type":"LineString","coordinates":[[-4.41399,36.72983],[-4.41435,36.72975],[-4.4147,36.72968],[-4.4148,36.72965]]}},{"type":"Feature","properties":{"name":"Glorieta Lola Carrera","kind":"road","road":"secondary","osm":35777852},"geometry":{"type":"LineString","coordinates":[[-4.42713,36.71771],[-4.42712,36.71772]]}},{"type":"Feature","properties":{"name":"Calle Armengual de la Mota","kind":"road","road":"tertiary","osm":35777894},"geometry":{"type":"LineString","coordinates":[[-4.42904,36.72157],[-4.42904,36.72151],[-4.42904,36.72145],[-4.42911,36.72088]]}},{"type":"Feature","properties":{"name":"Calle Alonso de Palencia","kind":"road","road":"secondary","osm":35801295},"geometry":{"type":"LineString","coordinates":[[-4.43265,36.72148],[-4.43265,36.72141],[-4.43265,36.72138],[-4.43271,36.72066],[-4.43277,36.72008]]}},{"type":"Feature","properties":{"name":"","kind":"road","road":"tertiary","osm":35801439},"geometry":{"type":"LineString","coordinates":[[-4.42538,36.71192],[-4.42558,36.7119],[-4.42569,36.71189],[-4.42571,36.71189]]}},{"type":"Feature","properties":{"name":"Avenida Arroyo de los Ángeles","kind":"road","road":"secondary","osm":35801623},"geometry":{"type":"LineString","coordinates":[[-4.42863,36.72766],[-4.42926,36.72788],[-4.42933,36.7279],[-4.42972,36.72804]]}},{"type":"Feature","properties":{"name":"Puente de Armiñán","kind":"road","road":"secondary","osm":35801645},"geometry":{"type":"LineString","coordinates":[[-4.42647,36.72676],[-4.42577,36.72672]]}},{"type":"Feature","properties":{"name":"Calle Cruz del Molinillo","kind":"road","road":"secondary","osm":35801647},"geometry":{"type":"LineString","coordinates":[[-4.42577,36.72672],[-4.42571,36.72673],[-4.42566,36.72674]]}},{"type":"Feature","properties":{"name":"Calle Sierra de Grazalema","kind":"road","road":"tertiary","osm":35834866},"geometry":{"type":"LineString","coordinates":[[-4.40226,36.72932],[-4.40233,36.72938],[-4.40236,36.72941],[-4.40246,36.7295],[-4.40254,36.72958],[-4.40264,36.7297],[-4.40268,36.72974],[-4.40273,36.72986],[-4.40276,36.72997],[-4.40279,36.73015],[-4.40294,36.73105],[-4.40315,36.73236],[-4.40317,36.73244],[-4.40318,36.73255],[-4.40321,36.73272]]}},{"type":"Feature","properties":{"name":"Carril de Castell","kind":"road","road":"tertiary","osm":35834963},"geometry":{"type":"LineString","coordinates":[[-4.40234,36.72589],[-4.40226,36.72581],[-4.40216,36.72574],[-4.40202,36.72568],[-4.40188,36.72564],[-4.40166,36.72563],[-4.40117,36.72563],[-4.40088,36.72563],[-4.40034,36.72562],[-4.40011,36.72561],[-4.39988,36.72559]]}},{"type":"Feature","properties":{"name":"Paseo Marítimo Pablo Ruiz Picasso","kind":"road","road":"primary","osm":35835163},"geometry":{"type":"LineString","coordinates":[[-4.40932,36.71821],[-4.40908,36.71826],[-4.40879,36.71836],[-4.40778,36.71901],[-4.40757,36.71914]]}},{"type":"Feature","properties":{"name":"Calle Cervantes","kind":"road","road":"pedestrian","osm":35835315},"geometry":{"type":"LineString","coordinates":[[-4.40975,36.72096],[-4.40976,36.72085],[-4.40977,36.72078],[-4.40978,36.72075],[-4.40979,36.7206],[-4.40983,36.7203],[-4.40984,36.72023],[-4.40989,36.71977]]}},{"type":"Feature","properties":{"name":"Calle Molina Lario","kind":"road","road":"pedestrian","osm":35836418},"geometry":{"type":"LineString","coordinates":[[-4.42011,36.72069],[-4.4201,36.72052],[-4.42008,36.72027],[-4.42009,36.72024],[-4.42012,36.7202],[-4.42011,36.72009],[-4.4201,36.71998],[-4.42007,36.71994],[-4.42007,36.71975],[-4.42003,36.71969],[-4.41997,36.71965],[-4.41995,36.71948],[-4.41993,36.71928],[-4.4199,36.71892],[-4.41988,36.71873],[-4.41987,36.7187],[-4.41984,36.71866],[-4.41978,36.71863]]}},{"type":"Feature","properties":{"name":"Calle Postigo de los Abades","kind":"road","road":"pedestrian","osm":35836492},"geometry":{"type":"LineString","coordinates":[[-4.41865,36.7197],[-4.41888,36.71973],[-4.41899,36.71975],[-4.41914,36.71974],[-4.41949,36.71972],[-4.41977,36.71971],[-4.42003,36.71969]]}},{"type":"Feature","properties":{"name":"Calle Beatas","kind":"road","road":"pedestrian","osm":35836522},"geometry":{"type":"LineString","coordinates":[[-4.42073,36.72388],[-4.42046,36.72363],[-4.42004,36.72334],[-4.41962,36.72305],[-4.41959,36.72304],[-4.41957,36.72302],[-4.41944,36.72293],[-4.41918,36.72272],[-4.41904,36.72261],[-4.41892,36.72252],[-4.41868,36.72231],[-4.41859,36.72225],[-4.41834,36.72211],[-4.41826,36.72206],[-4.41828,36.72197]]}},{"type":"Feature","properties":{"name":"Paseo de Reding","kind":"road","road":"secondary","osm":35836578},"geometry":{"type":"LineString","coordinates":[[-4.40737,36.72102],[-4.40769,36.72098],[-4.40803,36.72096],[-4.40838,36.72094],[-4.4087,36.72093],[-4.4089,36.72093],[-4.40898,36.72093],[-4.40952,36.72095]]}},{"type":"Feature","properties":{"name":"Calle Armengual de la Mota","kind":"road","road":"secondary","osm":35836647},"geometry":{"type":"LineString","coordinates":[[-4.4293,36.71791],[-4.42933,36.71803]]}},{"type":"Feature","properties":{"name":"Calle Mármoles","kind":"road","road":"secondary","osm":35836696},"geometry":{"type":"LineString","coordinates":[[-4.42698,36.72168],[-4.42707,36.72168],[-4.42738,36.72166],[-4.42773,36.72164],[-4.42779,36.72164]]}},{"type":"Feature","properties":{"name":"Avenida Barcelona","kind":"road","road":"secondary","osm":35836698},"geometry":{"type":"LineString","coordinates":[[-4.43169,36.72148],[-4.4317,36.72159],[-4.43171,36.72181],[-4.43173,36.72215],[-4.43172,36.72237],[-4.43172,36.72244],[-4.4317,36.72288],[-4.4317,36.72296],[-4.43169,36.72311],[-4.43166,36.7238]]}},{"type":"Feature","properties":{"name":"Calle Jaboneros","kind":"road","road":"tertiary","osm":35836756},"geometry":{"type":"LineString","coordinates":[[-4.42904,36.72157],[-4.42904,36.7217],[-4.42903,36.72213],[-4.42902,36.72248],[-4.42892,36.72336],[-4.42891,36.72342]]}},{"type":"Feature","properties":{"name":"Calle Huerto de los Claveles","kind":"road","road":"primary","osm":35837012},"geometry":{"type":"LineString","coordinates":[[-4.42531,36.72974],[-4.42526,36.73]]}},{"type":"Feature","properties":{"name":"Calle Huerto de los Claveles","kind":"road","road":"primary","osm":35837014},"geometry":{"type":"LineString","coordinates":[[-4.42566,36.72674],[-4.42567,36.72686],[-4.42568,36.72699],[-4.42568,36.72707],[-4.42557,36.72859],[-4.42552,36.72884],[-4.42533,36.72963],[-4.42533,36.72966],[-4.42531,36.72974]]}},{"type":"Feature","properties":{"name":"","kind":"road","road":"primary","osm":35837047},"geometry":{"type":"LineString","coordinates":[[-4.42689,36.72696],[-4.42683,36.72677]]}},{"type":"Feature","properties":{"name":"Paseo Martiricos","kind":"road","road":"primary","osm":35837052},"geometry":{"type":"LineString","coordinates":[[-4.42702,36.72853],[-4.42701,36.72812],[-4.427,36.72798],[-4.42692,36.72716],[-4.42691,36.72711],[-4.42689,36.72696]]}},{"type":"Feature","properties":{"name":"Calle Doctor Fleming","kind":"road","road":"secondary","osm":35837056},"geometry":{"type":"LineString","coordinates":[[-4.43001,36.72806],[-4.43008,36.72802],[-4.43011,36.72801],[-4.43013,36.72799],[-4.43019,36.72791],[-4.43029,36.7277]]}},{"type":"Feature","properties":{"name":"Plaza Hospital Civil","kind":"road","road":"secondary","osm":35837067},"geometry":{"type":"LineString","coordinates":[[-4.43029,36.7277],[-4.43025,36.7276],[-4.43021,36.72742],[-4.43014,36.72729],[-4.43007,36.72716],[-4.43,36.72706],[-4.42994,36.727],[-4.4298,36.72695]]}},{"type":"Feature","properties":{"name":"Avenida Doctor Marañón","kind":"road","road":"secondary","osm":35837079},"geometry":{"type":"LineString","coordinates":[[-4.42863,36.72766],[-4.42861,36.72775],[-4.4286,36.72782],[-4.4286,36.72791],[-4.42859,36.72803],[-4.42857,36.7283],[-4.42853,36.72877]]}},{"type":"Feature","properties":{"name":"Calle Fernando el Católico","kind":"road","road":"tertiary","osm":35842383},"geometry":{"type":"LineString","coordinates":[[-4.41357,36.72857],[-4.41364,36.72864],[-4.41374,36.72899],[-4.41375,36.72902],[-4.41378,36.72913],[-4.41381,36.72921],[-4.41383,36.72929],[-4.41399,36.72983]]}},{"type":"Feature","properties":{"name":"Plaza Alfonso XII","kind":"road","road":"tertiary","osm":35842430},"geometry":{"type":"LineString","coordinates":[[-4.41258,36.72837],[-4.41316,36.72849],[-4.41329,36.72852]]}},{"type":"Feature","properties":{"name":"Calle San Patricio","kind":"road","road":"tertiary","osm":35842451},"geometry":{"type":"LineString","coordinates":[[-4.41329,36.72852],[-4.41347,36.72855],[-4.41357,36.72857]]}},{"type":"Feature","properties":{"name":"Calle Compás de la Victoria","kind":"road","road":"tertiary","osm":35842470},"geometry":{"type":"LineString","coordinates":[[-4.41374,36.72703],[-4.41368,36.72727],[-4.41364,36.72739],[-4.4136,36.72753],[-4.41358,36.72758],[-4.41351,36.72781],[-4.41344,36.72803],[-4.41331,36.72845],[-4.41329,36.72852]]}},{"type":"Feature","properties":{"name":"Calle Ferrándiz","kind":"road","road":"secondary","osm":35842663},"geometry":{"type":"LineString","coordinates":[[-4.41357,36.72701],[-4.41353,36.72701],[-4.41328,36.72704],[-4.41241,36.72724]]}},{"type":"Feature","properties":{"name":"Calle Postigos","kind":"road","road":"tertiary","osm":35842731},"geometry":{"type":"LineString","coordinates":[[-4.42035,36.72641],[-4.4207,36.72649],[-4.42074,36.7265],[-4.42103,36.72658],[-4.42146,36.72676],[-4.42194,36.72699],[-4.42218,36.72709],[-4.42241,36.72715],[-4.42246,36.72717],[-4.4225,36.7272]]}},{"type":"Feature","properties":{"name":"Calle Frailes","kind":"road","road":"tertiary","osm":35842748},"geometry":{"type":"LineString","coordinates":[[-4.41735,36.72442],[-4.41739,36.72448],[-4.41796,36.72497],[-4.41845,36.72541],[-4.41862,36.72556],[-4.41868,36.72562]]}},{"type":"Feature","properties":{"name":"Calle San Bartolomé","kind":"road","road":"secondary","osm":35842957},"geometry":{"type":"LineString","coordinates":[[-4.42422,36.72716],[-4.42455,36.72709]]}},{"type":"Feature","properties":{"name":"Calle Peinado","kind":"road","road":"secondary","osm":35846723},"geometry":{"type":"LineString","coordinates":[[-4.42158,36.73136],[-4.42166,36.73137],[-4.42174,36.73137],[-4.42237,36.73132],[-4.42243,36.73131],[-4.42265,36.73129],[-4.42275,36.73129],[-4.42342,36.73123],[-4.42353,36.73122],[-4.42383,36.7312],[-4.42406,36.73118],[-4.42415,36.73117],[-4.42447,36.73115],[-4.42457,36.73115],[-4.42468,36.73119]]}},{"type":"Feature","properties":{"name":"Calle Eduardo Domínguez Ávila","kind":"road","road":"secondary","osm":35849092},"geometry":{"type":"LineString","coordinates":[[-4.42158,36.73136],[-4.42155,36.73122],[-4.42147,36.73057],[-4.42146,36.7305]]}},{"type":"Feature","properties":{"name":"Calle Actriz Rosario Pino","kind":"road","road":"secondary","osm":35852993},"geometry":{"type":"LineString","coordinates":[[-4.42506,36.73036],[-4.42497,36.73049]]}},{"type":"Feature","properties":{"name":"Calle Miguel de Buero Lara","kind":"road","road":"tertiary","osm":35858019},"geometry":{"type":"LineString","coordinates":[[-4.41903,36.72975],[-4.41885,36.72958]]}},{"type":"Feature","properties":{"name":"Avenida Comandante Benítez","kind":"road","road":"primary","osm":35899968},"geometry":{"type":"LineString","coordinates":[[-4.42568,36.71576],[-4.42567,36.71593]]}},{"type":"Feature","properties":{"name":"Avenida Comandante Benítez","kind":"road","road":"pedestrian","osm":35899979},"geometry":{"type":"LineString","coordinates":[[-4.42567,36.71357],[-4.42573,36.71459],[-4.42571,36.7147],[-4.42568,36.71485],[-4.42556,36.71491]]}},{"type":"Feature","properties":{"name":"Puente del Carmen","kind":"road","road":"tertiary","osm":35900110},"geometry":{"type":"LineString","coordinates":[[-4.42571,36.71189],[-4.4263,36.71189],[-4.42633,36.71189]]}},{"type":"Feature","properties":{"name":"Calle Linaje","kind":"road","road":"primary","osm":35900161},"geometry":{"type":"LineString","coordinates":[[-4.42575,36.71575],[-4.42572,36.71575],[-4.42568,36.71576]]}},{"type":"Feature","properties":{"name":"Plaza de la Marina","kind":"road","road":"tertiary","osm":35901833},"geometry":{"type":"LineString","coordinates":[[-4.42112,36.71805],[-4.42043,36.71825],[-4.42004,36.71836],[-4.41977,36.71843]]}},{"type":"Feature","properties":{"name":"Calle Trinidad Grund","kind":"road","road":"pedestrian","osm":35902561},"geometry":{"type":"LineString","coordinates":[[-4.42231,36.71705],[-4.42163,36.71724],[-4.42132,36.71733],[-4.42081,36.71747]]}},{"type":"Feature","properties":{"name":"Avenida Manuel Agustín Heredia","kind":"road","road":"primary","osm":35902750},"geometry":{"type":"LineString","coordinates":[[-4.42446,36.71281],[-4.42504,36.71224],[-4.42515,36.71213]]}},{"type":"Feature","properties":{"name":"Avenida Manuel Agustín Heredia","kind":"road","road":"primary","osm":35902785},"geometry":{"type":"LineString","coordinates":[[-4.42374,36.71341],[-4.42193,36.71527],[-4.4219,36.7153]]}},{"type":"Feature","properties":{"name":"Pasillo de Santa Isabel","kind":"road","road":"primary","osm":35903052},"geometry":{"type":"LineString","coordinates":[[-4.42545,36.71863],[-4.42534,36.71901],[-4.4253,36.71916],[-4.42525,36.71935]]}},{"type":"Feature","properties":{"name":"Calle Puerta del Mar","kind":"road","road":"tertiary","osm":35903166},"geometry":{"type":"LineString","coordinates":[[-4.42263,36.71784],[-4.42265,36.71791],[-4.42274,36.71814],[-4.42275,36.71816],[-4.42276,36.71819]]}},{"type":"Feature","properties":{"name":"Calle Pastora","kind":"road","road":"pedestrian","osm":35903198},"geometry":{"type":"LineString","coordinates":[[-4.42333,36.71798],[-4.42334,36.718],[-4.42337,36.71804]]}},{"type":"Feature","properties":{"name":"Calle Manuel José García Caparrós","kind":"road","road":"primary","osm":35903681},"geometry":{"type":"LineString","coordinates":[[-4.42552,36.71781],[-4.42552,36.71794],[-4.4255,36.71834],[-4.42549,36.71841],[-4.42545,36.71863]]}},{"type":"Feature","properties":{"name":"Calle La Serna","kind":"road","road":"tertiary","osm":35915738},"geometry":{"type":"LineString","coordinates":[[-4.4292,36.71384],[-4.42926,36.71389],[-4.42944,36.71403],[-4.42966,36.71421],[-4.42971,36.71425]]}},{"type":"Feature","properties":{"name":"Calle Plaza de Toros Vieja","kind":"road","road":"tertiary","osm":35915952},"geometry":{"type":"LineString","coordinates":[[-4.42855,36.71335],[-4.42868,36.71344],[-4.42889,36.7136],[-4.42896,36.71366],[-4.42908,36.71375],[-4.42912,36.71378],[-4.4292,36.71384]]}},{"type":"Feature","properties":{"name":"Calle Huerto de la Madera","kind":"road","road":"pedestrian","osm":35916137},"geometry":{"type":"LineString","coordinates":[[-4.42972,36.71543],[-4.42966,36.71538],[-4.42952,36.71527]]}},{"type":"Feature","properties":{"name":"Calle Pavia","kind":"road","road":"pedestrian","osm":35916243},"geometry":{"type":"LineString","coordinates":[[-4.4285,36.71578],[-4.42851,36.71575],[-4.42854,36.71548],[-4.42864,36.71537],[-4.42875,36.71528],[-4.4288,36.71523]]}},{"type":"Feature","properties":{"name":"Avenida de la Rosaleda","kind":"road","road":"primary","osm":35923003},"geometry":{"type":"LineString","coordinates":[[-4.42527,36.72176],[-4.42531,36.72237],[-4.42534,36.72273],[-4.4254,36.72356],[-4.42545,36.72406],[-4.42547,36.72445],[-4.42548,36.7245],[-4.4255,36.72475],[-4.42552,36.72501],[-4.42559,36.72583],[-4.4256,36.72593],[-4.42567,36.72661],[-4.42566,36.72669],[-4.42566,36.72674]]}},{"type":"Feature","properties":{"name":"Calle Cristo de la Epidemia","kind":"road","road":"secondary","osm":35923383},"geometry":{"type":"LineString","coordinates":[[-4.4148,36.72965],[-4.41475,36.72951],[-4.41471,36.72941],[-4.41459,36.72911],[-4.41457,36.72906]]}},{"type":"Feature","properties":{"name":"Pasillo del Matadero","kind":"road","road":"primary","osm":35930886},"geometry":{"type":"LineString","coordinates":[[-4.42639,36.71442],[-4.42638,36.71438],[-4.42636,36.7142]]}},{"type":"Feature","properties":{"name":"Pasaje Valencia","kind":"road","road":"pedestrian","osm":35930972},"geometry":{"type":"LineString","coordinates":[[-4.42447,36.71468],[-4.42513,36.71453]]}},{"type":"Feature","properties":{"name":"Avenida Ingeniero José María Garnica","kind":"road","road":"primary","osm":35931000},"geometry":{"type":"LineString","coordinates":[[-4.43059,36.71165],[-4.43051,36.71153],[-4.43039,36.7114],[-4.43021,36.71124],[-4.43012,36.71119],[-4.43001,36.71113]]}},{"type":"Feature","properties":{"name":"Avenida Ingeniero José María Garnica","kind":"road","road":"primary","osm":35931026},"geometry":{"type":"LineString","coordinates":[[-4.42783,36.70972],[-4.42793,36.70976],[-4.42801,36.70981],[-4.42803,36.70982],[-4.42833,36.71007]]}},{"type":"Feature","properties":{"name":"Avenida Ingeniero José María Garnica","kind":"road","road":"primary","osm":35931169},"geometry":{"type":"LineString","coordinates":[[-4.42981,36.71129],[-4.42993,36.71139],[-4.43027,36.71173],[-4.43035,36.71184]]}},{"type":"Feature","properties":{"name":"Avenida de las Américas","kind":"road","road":"primary","osm":35931470},"geometry":{"type":"LineString","coordinates":[[-4.43215,36.71382],[-4.43201,36.7136],[-4.43185,36.71337],[-4.43162,36.71306],[-4.43153,36.71294]]}},{"type":"Feature","properties":{"name":"Calle Sierra de Grazalema","kind":"road","road":"tertiary","osm":35977723},"geometry":{"type":"LineString","coordinates":[[-4.40254,36.72958],[-4.40264,36.72958],[-4.40273,36.72955],[-4.40276,36.72952]]}},{"type":"Feature","properties":{"name":"Calle Velarde","kind":"road","road":"secondary","osm":36071446},"geometry":{"type":"LineString","coordinates":[[-4.4307,36.72614],[-4.43081,36.72617]]}},{"type":"Feature","properties":{"name":"Calle Don Juan de Austria","kind":"road","road":"tertiary","osm":36071493},"geometry":{"type":"LineString","coordinates":[[-4.42891,36.72342],[-4.42891,36.72352],[-4.42887,36.72425],[-4.42886,36.72459],[-4.42885,36.72464],[-4.42885,36.72471],[-4.42883,36.72508],[-4.42883,36.72515],[-4.42882,36.72523],[-4.42881,36.7255],[-4.42877,36.72587],[-4.42877,36.72595],[-4.42873,36.72646],[-4.4287,36.72676],[-4.4287,36.72678],[-4.42869,36.72688]]}},{"type":"Feature","properties":{"name":"Calle Mazarredo","kind":"road","road":"tertiary","osm":36071522},"geometry":{"type":"LineString","coordinates":[[-4.42869,36.72688],[-4.42867,36.727],[-4.42865,36.72726],[-4.42863,36.72746],[-4.42863,36.7275],[-4.42863,36.72758],[-4.42863,36.72766]]}},{"type":"Feature","properties":{"name":"Calle Luchana","kind":"road","road":"pedestrian","osm":36071601},"geometry":{"type":"LineString","coordinates":[[-4.42873,36.72646],[-4.42942,36.7265]]}},{"type":"Feature","properties":{"name":"Avenida Barcelona","kind":"road","road":"secondary","osm":36071633},"geometry":{"type":"LineString","coordinates":[[-4.43081,36.72617],[-4.43094,36.72572],[-4.43106,36.72528],[-4.43113,36.72507],[-4.43123,36.72493],[-4.4313,36.72483],[-4.43142,36.72467]]}},{"type":"Feature","properties":{"name":"Hospital Civil","kind":"road","road":"tertiary","osm":36071652},"geometry":{"type":"LineString","coordinates":[[-4.4298,36.72695],[-4.42968,36.72695],[-4.42939,36.72693]]}},{"type":"Feature","properties":{"name":"Plaza Hospital Civil","kind":"road","road":"secondary","osm":36071664},"geometry":{"type":"LineString","coordinates":[[-4.43057,36.72645],[-4.43045,36.72657],[-4.4304,36.72663],[-4.43025,36.72675],[-4.43011,36.72685],[-4.43004,36.72688],[-4.42997,36.72691],[-4.4298,36.72695]]}},{"type":"Feature","properties":{"name":"Calle Carboneros","kind":"road","road":"pedestrian","osm":36078964},"geometry":{"type":"LineString","coordinates":[[-4.43169,36.72311],[-4.43153,36.72311]]}},{"type":"Feature","properties":{"name":"Calle Zamorano","kind":"road","road":"pedestrian","osm":36079691},"geometry":{"type":"LineString","coordinates":[[-4.43047,36.72224],[-4.43022,36.72221],[-4.42981,36.72217],[-4.42939,36.72213],[-4.42908,36.72213],[-4.42903,36.72213]]}},{"type":"Feature","properties":{"name":"Calle Yedra","kind":"road","road":"pedestrian","osm":36110799},"geometry":{"type":"LineString","coordinates":[[-4.43172,36.72244],[-4.43157,36.72244]]}},{"type":"Feature","properties":{"name":"","kind":"road","road":"pedestrian","osm":36197574},"geometry":{"type":"LineString","coordinates":[[-4.41715,36.72043],[-4.41723,36.72047],[-4.41733,36.72045]]}},{"type":"Feature","properties":{"name":"Calle Sierra del Co","kind":"road","road":"tertiary","osm":36198924},"geometry":{"type":"LineString","coordinates":[[-4.40266,36.72887],[-4.40274,36.72886],[-4.40284,36.72885],[-4.40294,36.72881],[-4.40301,36.72872],[-4.40303,36.7284],[-4.40306,36.72826],[-4.40331,36.72782],[-4.40335,36.7277],[-4.40337,36.72759],[-4.40341,36.72749],[-4.40348,36.72743],[-4.40359,36.72736],[-4.40373,36.72728],[-4.4039,36.72719],[-4.40401,36.72711],[-4.40412,36.72699]]}},{"type":"Feature","properties":{"name":"Calle Sierra del Co","kind":"road","road":"tertiary","osm":36198926},"geometry":{"type":"LineString","coordinates":[[-4.40266,36.72887],[-4.40253,36.7289],[-4.4025,36.72892],[-4.40233,36.72902],[-4.40224,36.72913]]}},{"type":"Feature","properties":{"name":"Plaza Maestro Artola","kind":"road","road":"tertiary","osm":36200950},"geometry":{"type":"LineString","coordinates":[[-4.41864,36.7295],[-4.41834,36.7294]]}},{"type":"Feature","properties":{"name":"Calle Julio Mathias","kind":"road","road":"tertiary","osm":36201061},"geometry":{"type":"LineString","coordinates":[[-4.41734,36.72906],[-4.41718,36.72899],[-4.41638,36.72869],[-4.41629,36.72865],[-4.4162,36.72861]]}},{"type":"Feature","properties":{"name":"Calle Puerto Parejo","kind":"road","road":"tertiary","osm":36201523},"geometry":{"type":"LineString","coordinates":[[-4.41493,36.7281],[-4.41492,36.72798],[-4.41491,36.72791],[-4.41488,36.72758],[-4.41486,36.72755]]}},{"type":"Feature","properties":{"name":"Calle Puerto Parejo","kind":"road","road":"tertiary","osm":36201853},"geometry":{"type":"LineString","coordinates":[[-4.41486,36.72755],[-4.41482,36.72753],[-4.41457,36.72754],[-4.41435,36.72755],[-4.41428,36.72755]]}},{"type":"Feature","properties":{"name":"Calle Ferrándiz","kind":"road","road":"secondary","osm":36202263},"geometry":{"type":"LineString","coordinates":[[-4.41049,36.72726],[-4.41033,36.72725],[-4.41014,36.72724],[-4.4095,36.72721],[-4.40944,36.72721],[-4.40924,36.72721],[-4.4083,36.7272],[-4.40819,36.7272],[-4.40785,36.7272],[-4.40766,36.72722],[-4.40709,36.72735],[-4.40673,36.72742],[-4.4066,36.72743],[-4.40625,36.7273]]}},{"type":"Feature","properties":{"name":"Calle Altozano","kind":"road","road":"tertiary","osm":36226521},"geometry":{"type":"LineString","coordinates":[[-4.41481,36.72689],[-4.41484,36.72689],[-4.41526,36.72687],[-4.41537,36.72688]]}},{"type":"Feature","properties":{"name":"Calle Cristo de la Epidemia","kind":"road","road":"secondary","osm":36226732},"geometry":{"type":"LineString","coordinates":[[-4.41442,36.72869],[-4.41437,36.72837],[-4.41436,36.72823],[-4.41428,36.72755],[-4.41423,36.72719],[-4.41423,36.72715],[-4.41422,36.72708]]}},{"type":"Feature","properties":{"name":"Plaza de la Victoria","kind":"road","road":"tertiary","osm":36226756},"geometry":{"type":"LineString","coordinates":[[-4.41447,36.72675],[-4.41415,36.72657],[-4.41408,36.72653]]}},{"type":"Feature","properties":{"name":"Calle Cruz Verde","kind":"road","road":"tertiary","osm":36226821},"geometry":{"type":"LineString","coordinates":[[-4.41643,36.72638],[-4.41666,36.7263],[-4.41703,36.72622],[-4.41713,36.7262],[-4.41756,36.72606],[-4.41797,36.72591],[-4.41833,36.72577],[-4.41859,36.72566],[-4.41868,36.72562]]}},{"type":"Feature","properties":{"name":"Calle Altozano","kind":"road","road":"tertiary","osm":36226822},"geometry":{"type":"LineString","coordinates":[[-4.41537,36.72688],[-4.41541,36.72686],[-4.41569,36.72672],[-4.41594,36.72659],[-4.41603,36.72654]]}},{"type":"Feature","properties":{"name":"Calle Alonso Benítez","kind":"road","road":"pedestrian","osm":36227317},"geometry":{"type":"LineString","coordinates":[[-4.41648,36.72466],[-4.41663,36.72493],[-4.4167,36.72507],[-4.41659,36.72524],[-4.41652,36.72533],[-4.41652,36.72536],[-4.41655,36.72543]]}},{"type":"Feature","properties":{"name":"Calle Vital Aza","kind":"road","road":"pedestrian","osm":36227411},"geometry":{"type":"LineString","coordinates":[[-4.41663,36.72493],[-4.41646,36.72501],[-4.41628,36.72512],[-4.41626,36.72513],[-4.41625,36.72515],[-4.4162,36.72518],[-4.41595,36.72545],[-4.41592,36.72548],[-4.41591,36.72553]]}},{"type":"Feature","properties":{"name":"Calle Ana Bernal","kind":"road","road":"pedestrian","osm":36227412},"geometry":{"type":"LineString","coordinates":[[-4.41556,36.72522],[-4.41594,36.72544],[-4.41595,36.72545]]}},{"type":"Feature","properties":{"name":"Calle Méndez Núñez","kind":"road","road":"pedestrian","osm":36228324},"geometry":{"type":"LineString","coordinates":[[-4.42109,36.72329],[-4.42084,36.72308],[-4.42054,36.72286]]}},{"type":"Feature","properties":{"name":"Calle Arquitecto Blanco Soler","kind":"road","road":"pedestrian","osm":43512898},"geometry":{"type":"LineString","coordinates":[[-4.42225,36.72053],[-4.42236,36.72056],[-4.42238,36.72088]]}},{"type":"Feature","properties":{"name":"Calle Cisneros","kind":"road","road":"pedestrian","osm":43512909},"geometry":{"type":"LineString","coordinates":[[-4.42368,36.72088],[-4.42376,36.72084],[-4.42393,36.7208],[-4.42414,36.72074],[-4.42421,36.72072],[-4.42466,36.72066],[-4.42498,36.72062],[-4.42503,36.72061],[-4.42506,36.72061]]}},{"type":"Feature","properties":{"name":"Calle Fernán González","kind":"road","road":"pedestrian","osm":45408586},"geometry":{"type":"LineString","coordinates":[[-4.42421,36.72072],[-4.42416,36.72059],[-4.42412,36.72026]]}},{"type":"Feature","properties":{"name":"Calle Torre de Sandoval","kind":"road","road":"pedestrian","osm":45408588},"geometry":{"type":"LineString","coordinates":[[-4.42077,36.71965],[-4.42076,36.71945]]}},{"type":"Feature","properties":{"name":"Calle Puerta Nueva","kind":"road","road":"pedestrian","osm":52491205},"geometry":{"type":"LineString","coordinates":[[-4.42512,36.7214],[-4.42485,36.72139],[-4.42466,36.72139]]}},{"type":"Feature","properties":{"name":"Calle Santiago","kind":"road","road":"pedestrian","osm":60085508},"geometry":{"type":"LineString","coordinates":[[-4.41713,36.72202],[-4.41736,36.72207],[-4.41744,36.72212],[-4.4178,36.72224]]}},{"type":"Feature","properties":{"name":"Calle Santa Lucía","kind":"road","road":"pedestrian","osm":61273790},"geometry":{"type":"LineString","coordinates":[[-4.42134,36.72154],[-4.4214,36.72159],[-4.42156,36.72173],[-4.42162,36.72177],[-4.42177,36.72189],[-4.42178,36.7219],[-4.42189,36.72203],[-4.42197,36.72212],[-4.42199,36.72215],[-4.42219,36.72233]]}},{"type":"Feature","properties":{"name":"Pasaje Luciano Martínez","kind":"road","road":"pedestrian","osm":61273798},"geometry":{"type":"LineString","coordinates":[[-4.42275,36.7202],[-4.42319,36.72027]]}},{"type":"Feature","properties":{"name":"Calle Salvago","kind":"road","road":"pedestrian","osm":61274369},"geometry":{"type":"LineString","coordinates":[[-4.42308,36.7209],[-4.42303,36.72131],[-4.42303,36.72135]]}},{"type":"Feature","properties":{"name":"Calle Fajardo","kind":"road","road":"pedestrian","osm":61274382},"geometry":{"type":"LineString","coordinates":[[-4.42421,36.72072],[-4.42419,36.72137]]}},{"type":"Feature","properties":{"name":"Calle Muro de Puerta Nueva","kind":"road","road":"pedestrian","osm":61274571},"geometry":{"type":"LineString","coordinates":[[-4.42466,36.72139],[-4.42465,36.72131],[-4.42465,36.72122],[-4.42466,36.72104],[-4.42466,36.72066]]}},{"type":"Feature","properties":{"name":"Calle Mesón de Vélez","kind":"road","road":"pedestrian","osm":61274683},"geometry":{"type":"LineString","coordinates":[[-4.42191,36.71921],[-4.42177,36.71951]]}},{"type":"Feature","properties":{"name":"Calle Liborio García","kind":"road","road":"pedestrian","osm":61274816},"geometry":{"type":"LineString","coordinates":[[-4.42158,36.71948],[-4.42167,36.71948],[-4.42177,36.71951],[-4.42215,36.71961],[-4.4224,36.71967],[-4.42264,36.71973],[-4.42285,36.71979]]}},{"type":"Feature","properties":{"name":"Calle Doctor Felipe Sánchez de la Cuesta y Alarcón","kind":"road","road":"pedestrian","osm":61274847},"geometry":{"type":"LineString","coordinates":[[-4.42191,36.71921],[-4.42201,36.71897],[-4.42209,36.71882]]}},{"type":"Feature","properties":{"name":"Calle Strachan","kind":"road","road":"pedestrian","osm":61274892},"geometry":{"type":"LineString","coordinates":[[-4.42003,36.71969],[-4.42012,36.71968],[-4.42077,36.71965],[-4.42144,36.71984],[-4.42153,36.71989],[-4.42162,36.71992]]}},{"type":"Feature","properties":{"name":"Calle Moreno Monroy","kind":"road","road":"pedestrian","osm":61274928},"geometry":{"type":"LineString","coordinates":[[-4.42089,36.72045],[-4.42111,36.72044],[-4.42138,36.72044],[-4.42159,36.72044],[-4.42167,36.72044]]}},{"type":"Feature","properties":{"name":"Calle Sánchez Pastor","kind":"road","road":"pedestrian","osm":61274929},"geometry":{"type":"LineString","coordinates":[[-4.42114,36.72114],[-4.42079,36.72168]]}},{"type":"Feature","properties":{"name":"Calle Nicasio Calle","kind":"road","road":"pedestrian","osm":61274932},"geometry":{"type":"LineString","coordinates":[[-4.42138,36.72044],[-4.4214,36.72074]]}},{"type":"Feature","properties":{"name":"Calle Correo Viejo","kind":"road","road":"pedestrian","osm":61275075},"geometry":{"type":"LineString","coordinates":[[-4.42046,36.72121],[-4.42024,36.7214],[-4.42018,36.72144]]}},{"type":"Feature","properties":{"name":"Calle San Juan de los Reyes","kind":"road","road":"pedestrian","osm":61275273},"geometry":{"type":"LineString","coordinates":[[-4.42194,36.71992],[-4.42215,36.71961]]}},{"type":"Feature","properties":{"name":"Calle Comedias","kind":"road","road":"pedestrian","osm":61276347},"geometry":{"type":"LineString","coordinates":[[-4.42109,36.72329],[-4.42129,36.72303],[-4.42137,36.72291],[-4.42155,36.72282],[-4.42164,36.72278],[-4.42181,36.7227]]}},{"type":"Feature","properties":{"name":"Calle Muro de San Julián","kind":"road","road":"pedestrian","osm":61277412},"geometry":{"type":"LineString","coordinates":[[-4.42266,36.72349],[-4.42243,36.72358],[-4.42164,36.72382]]}},{"type":"Feature","properties":{"name":"Calle Nosquera","kind":"road","road":"pedestrian","osm":61278202},"geometry":{"type":"LineString","coordinates":[[-4.42181,36.7227],[-4.42199,36.72286],[-4.42243,36.72327],[-4.42266,36.72349],[-4.42276,36.72369]]}},{"type":"Feature","properties":{"name":"Calle Lazcano","kind":"road","road":"pedestrian","osm":61278411},"geometry":{"type":"LineString","coordinates":[[-4.42164,36.72278],[-4.42137,36.72256],[-4.42134,36.72254],[-4.42114,36.72239]]}},{"type":"Feature","properties":{"name":"Calle Convalecientes","kind":"road","road":"pedestrian","osm":61278732},"geometry":{"type":"LineString","coordinates":[[-4.42197,36.72212],[-4.42188,36.72219],[-4.42137,36.72256]]}},{"type":"Feature","properties":{"name":"Calle Marqués","kind":"road","road":"pedestrian","osm":61278950},"geometry":{"type":"LineString","coordinates":[[-4.42342,36.7197],[-4.42364,36.71967],[-4.42386,36.71963],[-4.42398,36.71963]]}},{"type":"Feature","properties":{"name":"Calle Guillén de Castro","kind":"road","road":"pedestrian","osm":61278965},"geometry":{"type":"LineString","coordinates":[[-4.42386,36.71884],[-4.42386,36.71879],[-4.42385,36.71874],[-4.42352,36.71829]]}},{"type":"Feature","properties":{"name":"Plaza de Arriola","kind":"road","road":"tertiary","osm":61279128},"geometry":{"type":"LineString","coordinates":[[-4.42426,36.71802],[-4.42432,36.7181],[-4.42439,36.7182],[-4.42455,36.7184],[-4.42459,36.71845],[-4.42468,36.71857],[-4.42495,36.7189],[-4.42514,36.71913],[-4.4252,36.7192],[-4.42524,36.71928],[-4.42525,36.71935]]}},{"type":"Feature","properties":{"name":"Calle Sagasta","kind":"road","road":"pedestrian","osm":61279142},"geometry":{"type":"LineString","coordinates":[[-4.42341,36.71907],[-4.42366,36.71894],[-4.42386,36.71884]]}},{"type":"Feature","properties":{"name":"Calle de la Cintería","kind":"road","road":"pedestrian","osm":61279529},"geometry":{"type":"LineString","coordinates":[[-4.42342,36.7197],[-4.42311,36.71968],[-4.42288,36.71965]]}},{"type":"Feature","properties":{"name":"Calle San Bernardo El Viejo","kind":"road","road":"pedestrian","osm":61280101},"geometry":{"type":"LineString","coordinates":[[-4.42115,36.71912],[-4.42111,36.71907],[-4.42086,36.7188]]}},{"type":"Feature","properties":{"name":"Pasaje Chinitas","kind":"road","road":"pedestrian","osm":61280130},"geometry":{"type":"LineString","coordinates":[[-4.4214,36.72074],[-4.42127,36.72092],[-4.42112,36.72113]]}},{"type":"Feature","properties":{"name":"Calle Esparteros","kind":"road","road":"pedestrian","osm":61280228},"geometry":{"type":"LineString","coordinates":[[-4.42201,36.71897],[-4.42246,36.71905],[-4.42255,36.71908],[-4.42268,36.7191],[-4.42297,36.71915]]}},{"type":"Feature","properties":{"name":"Calle Duque de la Victoria","kind":"road","road":"pedestrian","osm":61281219},"geometry":{"type":"LineString","coordinates":[[-4.41925,36.72096],[-4.41998,36.72151]]}},{"type":"Feature","properties":{"name":"Calle Echegaray","kind":"road","road":"pedestrian","osm":61281295},"geometry":{"type":"LineString","coordinates":[[-4.41902,36.72117],[-4.4196,36.72186]]}},{"type":"Feature","properties":{"name":"Calle José Denis Belgrano","kind":"road","road":"pedestrian","osm":61281842},"geometry":{"type":"LineString","coordinates":[[-4.41989,36.72174],[-4.41994,36.72201],[-4.41986,36.72222],[-4.4198,36.72227],[-4.41975,36.72231],[-4.41951,36.72252],[-4.41944,36.72249]]}},{"type":"Feature","properties":{"name":"Calle Cañuelo San Bernardo","kind":"road","road":"pedestrian","osm":61281843},"geometry":{"type":"LineString","coordinates":[[-4.41923,36.72231],[-4.41892,36.72252]]}},{"type":"Feature","properties":{"name":"Calle Pito","kind":"road","road":"pedestrian","osm":61281852},"geometry":{"type":"LineString","coordinates":[[-4.41918,36.72272],[-4.41929,36.72261],[-4.41944,36.72249]]}},{"type":"Feature","properties":{"name":"Plaza Marqués de Vado del Maestre","kind":"road","road":"pedestrian","osm":61283285},"geometry":{"type":"LineString","coordinates":[[-4.42078,36.72232],[-4.42056,36.72221]]}},{"type":"Feature","properties":{"name":"Plaza Marqués de Vado del Maestre","kind":"road","road":"pedestrian","osm":61284094},"geometry":{"type":"LineString","coordinates":[[-4.4208,36.72231],[-4.42082,36.72228],[-4.42084,36.72225],[-4.42086,36.72223],[-4.42089,36.7222],[-4.42096,36.72224],[-4.42102,36.72227],[-4.42104,36.7223],[-4.42106,36.72232],[-4.42105,36.72233],[-4.42101,36.72237],[-4.42096,36.72241],[-4.42096,36.72242],[-4.42095,36.72243],[-4.4208,36.72235],[-4.42077,36.72233],[-4.42078,36.72232],[-4.4208,36.72231]]}},{"type":"Feature","properties":{"name":"Calle Antonio Baena Gómez","kind":"road","road":"pedestrian","osm":61291538},"geometry":{"type":"LineString","coordinates":[[-4.42209,36.71882],[-4.4221,36.71879],[-4.42213,36.71844]]}},{"type":"Feature","properties":{"name":"Calle Niño de Guevara","kind":"road","road":"pedestrian","osm":61292219},"geometry":{"type":"LineString","coordinates":[[-4.41944,36.72249],[-4.41923,36.72231],[-4.41911,36.72213],[-4.4191,36.72209]]}},{"type":"Feature","properties":{"name":"Calle Cárcer","kind":"road","road":"pedestrian","osm":61292419},"geometry":{"type":"LineString","coordinates":[[-4.42004,36.72334],[-4.42001,36.72336],[-4.41978,36.7236],[-4.41961,36.7238]]}},{"type":"Feature","properties":{"name":"Calle Ramos Marín","kind":"road","road":"pedestrian","osm":61293003},"geometry":{"type":"LineString","coordinates":[[-4.41842,36.72455],[-4.41833,36.72462],[-4.41798,36.72496]]}},{"type":"Feature","properties":{"name":"Calle Santos","kind":"road","road":"pedestrian","osm":61326538},"geometry":{"type":"LineString","coordinates":[[-4.42368,36.72088],[-4.42365,36.72138]]}},{"type":"Feature","properties":{"name":"","kind":"road","road":"pedestrian","osm":61329079},"geometry":{"type":"LineString","coordinates":[[-4.41888,36.72466],[-4.41887,36.72466],[-4.41888,36.72467],[-4.41889,36.72466],[-4.41889,36.72465],[-4.4189,36.72464],[-4.41892,36.72463],[-4.41897,36.72458],[-4.41898,36.72458],[-4.41899,36.72458],[-4.41901,36.72456],[-4.41903,36.72454],[-4.41909,36.72448],[-4.41913,36.72445],[-4.41919,36.7244],[-4.41912,36.72433],[-4.41905,36.72426],[-4.41892,36.72437],[-4.41881,36.72446],[-4.41878,36.72447],[-4.41874,36.72448],[-4.4187,36.72447],[-4.41866,36.72446],[-4.41864,36.72446],[-4.41861,36.72448],[-4.41863,36.72449],[-4.41868,36.72453],[-4.41871,36.72454],[-4.41874,36.72456],[-4.41876,36.72458],[-4.41882,36.72462],[-4.41883,36.72462],[-4.41888,36.72466]]}},{"type":"Feature","properties":{"name":"Calle de la Alhóndiga","kind":"road","road":"pedestrian","osm":61334631},"geometry":{"type":"LineString","coordinates":[[-4.42349,36.71883],[-4.42332,36.71837]]}},{"type":"Feature","properties":{"name":"Calle Juan Luis Peralta","kind":"road","road":"pedestrian","osm":61346495},"geometry":{"type":"LineString","coordinates":[[-4.41655,36.72001],[-4.4162,36.71976],[-4.41616,36.71974]]}},{"type":"Feature","properties":{"name":"Calle Sierra de Grazalema","kind":"road","road":"tertiary","osm":61413258},"geometry":{"type":"LineString","coordinates":[[-4.40266,36.72887],[-4.40264,36.72879],[-4.40244,36.7276],[-4.40236,36.72702],[-4.40238,36.72683],[-4.40249,36.7265],[-4.40251,36.72642],[-4.4025,36.72633],[-4.40241,36.72604],[-4.40237,36.72595],[-4.40234,36.72589]]}},{"type":"Feature","properties":{"name":"Paseo Salvador Rueda","kind":"road","road":"secondary","osm":61413259},"geometry":{"type":"LineString","coordinates":[[-4.40548,36.72655],[-4.40542,36.72648],[-4.40511,36.72626],[-4.40505,36.72622],[-4.40495,36.72614],[-4.40489,36.72607],[-4.40481,36.72591],[-4.40476,36.72582],[-4.40471,36.72578],[-4.40465,36.72574],[-4.4043,36.72559],[-4.40414,36.72557],[-4.404,36.72556],[-4.40391,36.72556]]}},{"type":"Feature","properties":{"name":"","kind":"road","road":"pedestrian","osm":61424030},"geometry":{"type":"LineString","coordinates":[[-4.42171,36.72078],[-4.42162,36.72077]]}},{"type":"Feature","properties":{"name":"Calle Marín García","kind":"road","road":"pedestrian","osm":61424031},"geometry":{"type":"LineString","coordinates":[[-4.42155,36.71923],[-4.42164,36.71922],[-4.42191,36.71921],[-4.42197,36.71921],[-4.42236,36.71923],[-4.42238,36.71924],[-4.42239,36.71924],[-4.42253,36.71929],[-4.42259,36.71931],[-4.42262,36.71931],[-4.42295,36.71935]]}},{"type":"Feature","properties":{"name":"","kind":"road","road":"pedestrian","osm":61424032},"geometry":{"type":"LineString","coordinates":[[-4.42299,36.71917],[-4.423,36.71916],[-4.42302,36.71909],[-4.42308,36.71909],[-4.42328,36.71914],[-4.42337,36.71932],[-4.42339,36.71936]]}},{"type":"Feature","properties":{"name":"Calle Alcazabilla","kind":"road","road":"pedestrian","osm":61492662},"geometry":{"type":"LineString","coordinates":[[-4.41733,36.72051],[-4.41733,36.72055],[-4.41728,36.721],[-4.41727,36.72111],[-4.41723,36.72136],[-4.41719,36.72155],[-4.41717,36.72169],[-4.41717,36.72174],[-4.41716,36.72181],[-4.41713,36.72202],[-4.41712,36.72214],[-4.41706,36.72253],[-4.41705,36.72265]]}},{"type":"Feature","properties":{"name":"Calle Coto de Doñana","kind":"road","road":"pedestrian","osm":61492663},"geometry":{"type":"LineString","coordinates":[[-4.41652,36.72533],[-4.41626,36.72513],[-4.41625,36.72513],[-4.41602,36.72497],[-4.41592,36.72488],[-4.41588,36.72486],[-4.41586,36.72484]]}},{"type":"Feature","properties":{"name":"","kind":"road","road":"tertiary","osm":61494208},"geometry":{"type":"LineString","coordinates":[[-4.41202,36.71997],[-4.41211,36.72009],[-4.41217,36.72019],[-4.41219,36.72024],[-4.41223,36.7204]]}},{"type":"Feature","properties":{"name":"","kind":"road","road":"pedestrian","osm":61496892},"geometry":{"type":"LineString","coordinates":[[-4.42412,36.72026],[-4.42411,36.72024],[-4.42407,36.72025]]}},{"type":"Feature","properties":{"name":"Calle Horno","kind":"road","road":"pedestrian","osm":61496894},"geometry":{"type":"LineString","coordinates":[[-4.42386,36.72138],[-4.42389,36.72122],[-4.42391,36.72098],[-4.42393,36.72086],[-4.42393,36.7208]]}},{"type":"Feature","properties":{"name":"Calle Ángel Ganivet","kind":"road","road":"pedestrian","osm":61496895},"geometry":{"type":"LineString","coordinates":[[-4.42238,36.71924],[-4.42239,36.71922],[-4.42246,36.71905]]}},{"type":"Feature","properties":{"name":"Calle Nueva","kind":"road","road":"pedestrian","osm":61496896},"geometry":{"type":"LineString","coordinates":[[-4.42268,36.72089],[-4.42269,36.72065],[-4.42269,36.72044],[-4.42274,36.72026]]}},{"type":"Feature","properties":{"name":"Calle Mártires","kind":"road","road":"pedestrian","osm":61497725},"geometry":{"type":"LineString","coordinates":[[-4.4231,36.72136],[-4.42309,36.72141]]}},{"type":"Feature","properties":{"name":"Calle San Telmo","kind":"road","road":"pedestrian","osm":61497726},"geometry":{"type":"LineString","coordinates":[[-4.42162,36.72177],[-4.42176,36.72166],[-4.4219,36.72172],[-4.42195,36.72167],[-4.4222,36.72173],[-4.42239,36.72178],[-4.42257,36.72182],[-4.4229,36.7219]]}},{"type":"Feature","properties":{"name":"Plazuela Virgen de las Penas","kind":"road","road":"pedestrian","osm":61497728},"geometry":{"type":"LineString","coordinates":[[-4.42388,36.72219],[-4.4239,36.72219]]}},{"type":"Feature","properties":{"name":"Calle Ramón Franquelo","kind":"road","road":"pedestrian","osm":61498470},"geometry":{"type":"LineString","coordinates":[[-4.41944,36.72293],[-4.41917,36.72319],[-4.41905,36.72332],[-4.41894,36.72345]]}},{"type":"Feature","properties":{"name":"Calle San Juan","kind":"road","road":"pedestrian","osm":61498471},"geometry":{"type":"LineString","coordinates":[[-4.42368,36.72088],[-4.42369,36.72082],[-4.42368,36.72072],[-4.42365,36.72058]]}},{"type":"Feature","properties":{"name":"Calle Marqués de Guadiaro","kind":"road","road":"pedestrian","osm":61498474},"geometry":{"type":"LineString","coordinates":[[-4.41962,36.72305],[-4.41912,36.72354]]}},{"type":"Feature","properties":{"name":"Calle Azucena","kind":"road","road":"pedestrian","osm":61499657},"geometry":{"type":"LineString","coordinates":[[-4.42177,36.72189],[-4.42154,36.72209],[-4.42137,36.72196]]}},{"type":"Feature","properties":{"name":"Plaza de los Mártires Ciriaco y Paula","kind":"road","road":"pedestrian","osm":61499658},"geometry":{"type":"LineString","coordinates":[[-4.42275,36.72217],[-4.42273,36.72216],[-4.42271,36.72216],[-4.42264,36.72214],[-4.42263,36.72217],[-4.42264,36.72217],[-4.42262,36.72224],[-4.42261,36.72228],[-4.4226,36.72228],[-4.42258,36.72234],[-4.42259,36.72235],[-4.42256,36.7224],[-4.42255,36.7224],[-4.42249,36.72238],[-4.42248,36.72239],[-4.42239,36.72236],[-4.4224,36.72233],[-4.42237,36.72233],[-4.42233,36.72232],[-4.42232,36.72234],[-4.42224,36.72233],[-4.42221,36.72231],[-4.42219,36.72233],[-4.42217,36.72235],[-4.42219,36.72237],[-4.42222,36.72239],[-4.42227,36.72242],[-4.42229,36.7224],[-4.42232,36.72242],[-4.42233,36.72243],[-4.42235,36.72245],[-4.42236,36.72245],[-4.42238,36.72246],[-4.4224,36.72247],[-4.4224,36.72248],[-4.42242,36.72249],[-4.42244,36.7225],[-4.42248,36.72252],[-4.42252,36.72254],[-4.42252,36.72253],[-4.42253,36.72252],[-4.42256,36.72249],[-4.42256,36.72248],[-4.42258,36.72246],[-4.42259,36.72244],[-4.42259,36.72243],[-4.42261,36.72241],[-4.42262,36.7224],[-4.42264,36.72237],[-4.42266,36.72234],[-4.42268,36.7223],[-4.4227,36.72227],[-4.42271,36.72224],[-4.42272,36.72222],[-4.42273,36.7222],[-4.42274,36.72219],[-4.42275,36.72217]]}},{"type":"Feature","properties":{"name":"Calle Muro de las Catalinas","kind":"road","road":"pedestrian","osm":61500059},"geometry":{"type":"LineString","coordinates":[[-4.42352,36.72311],[-4.42349,36.72314],[-4.42341,36.72322],[-4.42328,36.72329],[-4.42321,36.72332],[-4.42302,36.72337]]}},{"type":"Feature","properties":{"name":"Calle Sebastián Souvirón","kind":"road","road":"pedestrian","osm":61500765},"geometry":{"type":"LineString","coordinates":[[-4.42398,36.71918],[-4.42342,36.7193]]}},{"type":"Feature","properties":{"name":"Calle Deán García Mota","kind":"road","road":"pedestrian","osm":61502243},"geometry":{"type":"LineString","coordinates":[[-4.41655,36.72001],[-4.41655,36.71995],[-4.41674,36.71978],[-4.4168,36.71973],[-4.41691,36.71963],[-4.41713,36.71944]]}},{"type":"Feature","properties":{"name":"Calle Ángel","kind":"road","road":"pedestrian","osm":61506658},"geometry":{"type":"LineString","coordinates":[[-4.42097,36.72189],[-4.42108,36.72197],[-4.42124,36.72212]]}},{"type":"Feature","properties":{"name":"Plaza de las Cofradías","kind":"road","road":"pedestrian","osm":61651721},"geometry":{"type":"LineString","coordinates":[[-4.42221,36.72342],[-4.42216,36.72344],[-4.42203,36.72352],[-4.42191,36.72359],[-4.42189,36.72357],[-4.42189,36.72356],[-4.42188,36.72356],[-4.42189,36.72355],[-4.42181,36.72347],[-4.42179,36.72346],[-4.42177,36.72344],[-4.42173,36.72339],[-4.42174,36.72339],[-4.42175,36.72338],[-4.42182,36.72333],[-4.42196,36.72324],[-4.42197,36.72323],[-4.42199,36.72321],[-4.42203,36.72325],[-4.42207,36.72329],[-4.42209,36.72331],[-4.42213,36.72334],[-4.42218,36.72339],[-4.42219,36.7234],[-4.42221,36.72342]]}},{"type":"Feature","properties":{"name":"Calle Medina Conde","kind":"road","road":"pedestrian","osm":61652795},"geometry":{"type":"LineString","coordinates":[[-4.41773,36.72294],[-4.41782,36.72278],[-4.41757,36.72268]]}},{"type":"Feature","properties":{"name":"","kind":"road","road":"pedestrian","osm":72446181},"geometry":{"type":"LineString","coordinates":[[-4.42342,36.7193],[-4.42337,36.71932],[-4.42326,36.71936]]}},{"type":"Feature","properties":{"name":"Calle Almacenes","kind":"road","road":"pedestrian","osm":72446182},"geometry":{"type":"LineString","coordinates":[[-4.42288,36.71965],[-4.42268,36.71962],[-4.42264,36.71973]]}},{"type":"Feature","properties":{"name":"Calle Doctor Manuel Pérez Bryan","kind":"road","road":"pedestrian","osm":72446187},"geometry":{"type":"LineString","coordinates":[[-4.42216,36.72002],[-4.42194,36.71992],[-4.42171,36.71993],[-4.42162,36.71992]]}},{"type":"Feature","properties":{"name":"Avenida Cánovas del Castillo","kind":"road","road":"primary","osm":75503603},"geometry":{"type":"LineString","coordinates":[[-4.41154,36.71963],[-4.41161,36.71966],[-4.4117,36.71969],[-4.41178,36.71972],[-4.41187,36.71974],[-4.41196,36.71974],[-4.41205,36.71975],[-4.41214,36.71974],[-4.41222,36.71972]]}},{"type":"Feature","properties":{"name":"Paseo de los Curas","kind":"road","road":"primary","osm":75503604},"geometry":{"type":"LineString","coordinates":[[-4.41222,36.71972],[-4.41236,36.7197]]}},{"type":"Feature","properties":{"name":"Avenida Manuel Agustín Heredia","kind":"road","road":"primary","osm":75503605},"geometry":{"type":"LineString","coordinates":[[-4.41983,36.71749],[-4.41974,36.71763],[-4.41972,36.71769]]}},{"type":"Feature","properties":{"name":"Avenida Cánovas del Castillo","kind":"road","road":"primary","osm":75503608},"geometry":{"type":"LineString","coordinates":[[-4.41111,36.71923],[-4.41121,36.71934],[-4.41131,36.71944],[-4.41137,36.71949],[-4.41154,36.71963]]}},{"type":"Feature","properties":{"name":"Avenida Cánovas del Castillo","kind":"road","road":"primary","osm":75503611},"geometry":{"type":"LineString","coordinates":[[-4.4122,36.71965],[-4.41202,36.71966],[-4.41193,36.71966]]}},{"type":"Feature","properties":{"name":"Plaza de la Malagueta","kind":"road","road":"primary","osm":75503612},"geometry":{"type":"LineString","coordinates":[[-4.40984,36.71835],[-4.40996,36.71839],[-4.41016,36.71848],[-4.41022,36.71847]]}},{"type":"Feature","properties":{"name":"Avenida Cánovas del Castillo","kind":"road","road":"primary","osm":75503613},"geometry":{"type":"LineString","coordinates":[[-4.41202,36.71997],[-4.41213,36.71995],[-4.41217,36.71993],[-4.41221,36.7199],[-4.41222,36.71989],[-4.41226,36.71984]]}},{"type":"Feature","properties":{"name":"Calle Hilera","kind":"road","road":"secondary","osm":77765949},"geometry":{"type":"LineString","coordinates":[[-4.4273,36.71785],[-4.42765,36.71787],[-4.42782,36.71789],[-4.42814,36.71791],[-4.4284,36.71793],[-4.42854,36.71794]]}},{"type":"Feature","properties":{"name":"Plaza San Ignacio","kind":"road","road":"pedestrian","osm":86575986},"geometry":{"type":"LineString","coordinates":[[-4.42325,36.72165],[-4.42341,36.72167],[-4.42346,36.72167],[-4.42349,36.72168],[-4.42352,36.72154],[-4.42352,36.72151],[-4.42352,36.72145],[-4.42352,36.72143],[-4.42353,36.72143],[-4.42353,36.72142],[-4.42354,36.72142],[-4.42354,36.72141],[-4.42355,36.72141],[-4.42356,36.72141],[-4.42362,36.72141],[-4.42362,36.72139],[-4.42362,36.72138],[-4.42348,36.72138],[-4.42334,36.72138],[-4.42334,36.7214],[-4.42339,36.7214],[-4.42341,36.72141],[-4.42341,36.72147],[-4.42341,36.72149],[-4.42341,36.72153],[-4.42341,36.72154],[-4.42336,36.72154],[-4.42335,36.72156],[-4.42327,36.72155],[-4.42326,36.72162],[-4.42325,36.72162],[-4.42325,36.72165]]}},{"type":"Feature","properties":{"name":"Plaza del Pericón","kind":"road","road":"pedestrian","osm":86575988},"geometry":{"type":"LineString","coordinates":[[-4.4236,36.72252],[-4.42361,36.7225],[-4.42358,36.72249],[-4.42355,36.72247],[-4.42351,36.72245],[-4.42352,36.72244],[-4.4235,36.72243],[-4.42346,36.72248],[-4.42336,36.72261],[-4.42335,36.72262],[-4.42342,36.72266],[-4.42346,36.72269],[-4.42351,36.72263],[-4.42352,36.72261],[-4.42351,36.72261],[-4.42354,36.72257],[-4.42355,36.72257],[-4.42358,36.72254],[-4.4236,36.72252]]}},{"type":"Feature","properties":{"name":"Plazuela Virgen de las Penas","kind":"road","road":"pedestrian","osm":86575989},"geometry":{"type":"LineString","coordinates":[[-4.42423,36.72232],[-4.42418,36.7223],[-4.42413,36.72227],[-4.42408,36.72225],[-4.42409,36.72225],[-4.42407,36.72224],[-4.424,36.7222],[-4.42394,36.72218],[-4.42393,36.72215],[-4.4239,36.72219],[-4.42389,36.72221],[-4.42394,36.72223],[-4.42395,36.72224],[-4.42399,36.72225],[-4.42401,36.72226],[-4.42395,36.72234],[-4.424,36.72236],[-4.42408,36.72239],[-4.42413,36.72241],[-4.42413,36.72242],[-4.42415,36.72243],[-4.42417,36.72243],[-4.42418,36.72242],[-4.42422,36.72238],[-4.42424,36.72236],[-4.42426,36.72234],[-4.42423,36.72232]]}},{"type":"Feature","properties":{"name":"Parque Forestal Monte Victoria","kind":"park","road":"","osm":93530287},"geometry":{"type":"Polygon","coordinates":[[[-4.40966,36.73324],[-4.40969,36.73352],[-4.40962,36.73352],[-4.40961,36.73355],[-4.40961,36.73358],[-4.40961,36.7336],[-4.4096,36.73385],[-4.4096,36.73386],[-4.40962,36.73391],[-4.40963,36.73397],[-4.40964,36.73403],[-4.4096,36.73418],[-4.40956,36.7343],[-4.4095,36.73436],[-4.40947,36.73437],[-4.40941,36.73435],[-4.40935,36.73434],[-4.40793,36.73414],[-4.40748,36.73388],[-4.40693,36.73357],[-4.40658,36.73329],[-4.40631,36.7327],[-4.40636,36.73361],[-4.4063,36.73423],[-4.40629,36.73486],[-4.40607,36.73501],[-4.40598,36.73506],[-4.40591,36.73509],[-4.40585,36.73509],[-4.4058,36.73505],[-4.40551,36.73472],[-4.40527,36.73432],[-4.40509,36.73416],[-4.40502,36.7341],[-4.40492,36.73402],[-4.40485,36.73387],[-4.40487,36.73366],[-4.40489,36.73347],[-4.40483,36.73331],[-4.40466,36.73311],[-4.40448,36.73294],[-4.40456,36.73279],[-4.40425,36.73272],[-4.40405,36.73269],[-4.40415,36.73255],[-4.40407,36.7321],[-4.40396,36.73135],[-4.40375,36.73014],[-4.40314,36.7302],[-4.40297,36.73022],[-4.40293,36.73005],[-4.40295,36.73004],[-4.40316,36.73002],[-4.40337,36.73],[-4.40349,36.72992],[-4.40359,36.72985],[-4.40364,36.72988],[-4.4037,36.72984],[-4.40371,36.72981],[-4.40374,36.72974],[-4.40376,36.72974],[-4.40378,36.7297],[-4.4038,36.72967],[-4.40393,36.7298],[-4.40396,36.72981],[-4.40401,36.72981],[-4.40402,36.72985],[-4.40405,36.72987],[-4.4041,36.72988],[-4.40414,36.72986],[-4.40415,36.72985],[-4.40416,36.72982],[-4.40412,36.72976],[-4.40401,36.72953],[-4.40415,36.72954],[-4.40442,36.72955],[-4.40436,36.72931],[-4.40437,36.72931],[-4.40437,36.72932],[-4.4044,36.72935],[-4.40443,36.72938],[-4.40447,36.7294],[-4.40453,36.72941],[-4.40458,36.72941],[-4.4046,36.72941],[-4.40464,36.7294],[-4.40468,36.72938],[-4.40471,36.72935],[-4.40474,36.72932],[-4.40494,36.72894],[-4.40509,36.72876],[-4.40517,36.7287],[-4.40524,36.72882],[-4.40525,36.72884],[-4.40557,36.72875],[-4.40567,36.72878],[-4.40569,36.72882],[-4.40569,36.72886],[-4.40573,36.7289],[-4.40578,36.72895],[-4.40583,36.72899],[-4.40589,36.72901],[-4.40596,36.72904],[-4.40601,36.72906],[-4.40603,36.72906],[-4.40611,36.72907],[-4.40618,36.72908],[-4.40626,36.72909],[-4.40634,36.7291],[-4.40634,36.72916],[-4.40634,36.72924],[-4.40645,36.72946],[-4.40658,36.72957],[-4.40672,36.72961],[-4.40678,36.72943],[-4.40681,36.72946],[-4.40687,36.72949],[-4.40693,36.72952],[-4.40705,36.72953],[-4.40703,36.72971],[-4.4072,36.7297],[-4.40764,36.72963],[-4.40788,36.7296],[-4.40788,36.72958],[-4.40787,36.72935],[-4.40785,36.72935],[-4.40789,36.72932],[-4.40793,36.72929],[-4.40799,36.72927],[-4.40855,36.72908],[-4.40856,36.7291],[-4.40856,36.72911],[-4.40857,36.72912],[-4.40859,36.72912],[-4.4086,36.72915],[-4.4086,36.72919],[-4.40859,36.72923],[-4.40861,36.72923],[-4.40863,36.72931],[-4.40855,36.72929],[-4.4085,36.72939],[-4.40865,36.72951],[-4.40866,36.7295],[-4.40872,36.72955],[-4.40877,36.72959],[-4.40885,36.72966],[-4.40891,36.72976],[-4.40895,36.72976],[-4.40901,36.72976],[-4.40909,36.72978],[-4.40909,36.72983],[-4.40912,36.72983],[-4.40913,36.72981],[-4.4092,36.72982],[-4.4093,36.72982],[-4.40935,36.72982],[-4.40948,36.72984],[-4.40948,36.72983],[-4.40951,36.72983],[-4.40953,36.72983],[-4.40955,36.72981],[-4.40956,36.72979],[-4.40955,36.72979],[-4.40962,36.72965],[-4.40968,36.72968],[-4.4097,36.72964],[-4.40972,36.72965],[-4.40978,36.72967],[-4.40975,36.7297],[-4.40978,36.72983],[-4.40979,36.72988],[-4.4098,36.72988],[-4.40981,36.7299],[-4.40992,36.73003],[-4.40992,36.73005],[-4.40993,36.73008],[-4.40993,36.73009],[-4.40994,36.73013],[-4.40994,36.73014],[-4.40996,36.73013],[-4.41003,36.73023],[-4.41007,36.73022],[-4.41014,36.73041],[-4.41013,36.73062],[-4.41028,36.73062],[-4.41037,36.73062],[-4.41038,36.73062],[-4.41046,36.73062],[-4.4105,36.73062],[-4.41072,36.73062],[-4.41083,36.73051],[-4.41085,36.7305],[-4.41093,36.73047],[-4.41095,36.73034],[-4.41102,36.73027],[-4.41117,36.73014],[-4.41125,36.72999],[-4.41128,36.72993],[-4.4114,36.72997],[-4.41141,36.72995],[-4.41143,36.72993],[-4.41146,36.72994],[-4.41147,36.72994],[-4.41155,36.72988],[-4.41157,36.72981],[-4.41156,36.72976],[-4.41153,36.72974],[-4.41152,36.72975],[-4.41152,36.72973],[-4.41161,36.72968],[-4.41162,36.72974],[-4.41167,36.72977],[-4.41174,36.72978],[-4.4118,36.72975],[-4.41184,36.72971],[-4.41184,36.72966],[-4.41182,36.72962],[-4.41185,36.72963],[-4.41192,36.72967],[-4.41194,36.72968],[-4.41196,36.72963],[-4.41202,36.72954],[-4.41206,36.72955],[-4.41201,36.72963],[-4.41197,36.72965],[-4.41199,36.7297],[-4.41205,36.72977],[-4.41215,36.72977],[-4.41216,36.72976],[-4.41221,36.72976],[-4.41221,36.72977],[-4.41226,36.72977],[-4.41235,36.72977],[-4.41236,36.72977],[-4.41247,36.72977],[-4.41246,36.72986],[-4.41245,36.7299],[-4.41241,36.72996],[-4.41245,36.72999],[-4.4125,36.73004],[-4.41263,36.73006],[-4.41276,36.73025],[-4.41287,36.73036],[-4.413,36.73028],[-4.41347,36.73029],[-4.41347,36.73035],[-4.41348,36.73042],[-4.41349,36.73046],[-4.41349,36.73048],[-4.41349,36.73051],[-4.4135,36.73056],[-4.41351,36.73062],[-4.41351,36.73066],[-4.41351,36.73069],[-4.41351,36.73078],[-4.4135,36.7308],[-4.4135,36.73081],[-4.41348,36.73087],[-4.41347,36.7309],[-4.41348,36.73093],[-4.41347,36.73093],[-4.41345,36.73099],[-4.41345,36.73102],[-4.41344,36.73105],[-4.41344,36.73109],[-4.41343,36.73112],[-4.41343,36.73115],[-4.41342,36.73119],[-4.41341,36.73124],[-4.4134,36.73128],[-4.41339,36.73133],[-4.41338,36.73139],[-4.41336,36.73146],[-4.41335,36.7315],[-4.41336,36.73152],[-4.41333,36.73157],[-4.41332,36.73161],[-4.41331,36.73162],[-4.41329,36.73166],[-4.41328,36.73171],[-4.41322,36.7317],[-4.41324,36.7318],[-4.41324,36.7319],[-4.41325,36.73191],[-4.41327,36.73196],[-4.41326,36.73199],[-4.41322,36.73207],[-4.41322,36.73216],[-4.41321,36.73227],[-4.41321,36.73228],[-4.41321,36.7323],[-4.4132,36.73233],[-4.4132,36.73234],[-4.41321,36.73236],[-4.41322,36.7324],[-4.41323,36.73242],[-4.41324,36.73246],[-4.41314,36.73243],[-4.41308,36.73224],[-4.41303,36.73218],[-4.41297,36.73215],[-4.41295,36.73213],[-4.4124,36.73224],[-4.41226,36.73236],[-4.41207,36.73234],[-4.41198,36.73224],[-4.41194,36.73218],[-4.41193,36.73211],[-4.41196,36.73191],[-4.41204,36.73145],[-4.41208,36.73131],[-4.41206,36.73119],[-4.41203,36.7311],[-4.41191,36.73105],[-4.41175,36.73109],[-4.4117,36.73119],[-4.41162,36.73139],[-4.41163,36.73139],[-4.4116,36.73144],[-4.41165,36.73146],[-4.41164,36.73147],[-4.41161,36.73154],[-4.41158,36.73159],[-4.41149,36.73177],[-4.4115,36.73199],[-4.4114,36.73205],[-4.41133,36.7322],[-4.41135,36.73232],[-4.41146,36.73244],[-4.41155,36.73257],[-4.40977,36.73276],[-4.40964,36.73286],[-4.40966,36.73324]]]}},{"type":"Feature","properties":{"name":"Paseo Marítimo Pablo Ruiz Picasso","kind":"road","road":"pedestrian","osm":95091717},"geometry":{"type":"LineString","coordinates":[[-4.40869,36.71831],[-4.40772,36.71895],[-4.40756,36.71905],[-4.40744,36.71912],[-4.40711,36.71932],[-4.40631,36.71968],[-4.40567,36.71995],[-4.40547,36.72002],[-4.40526,36.72009],[-4.40521,36.72011],[-4.40507,36.72015],[-4.40457,36.72027],[-4.40431,36.7203],[-4.40409,36.72033],[-4.40355,36.72036],[-4.40334,36.72037],[-4.40331,36.72037],[-4.40325,36.72038],[-4.40313,36.72038],[-4.40283,36.72045],[-4.40269,36.72049],[-4.40265,36.7205],[-4.40261,36.72051],[-4.40237,36.7206],[-4.40171,36.72083],[-4.40149,36.7209],[-4.40069,36.72119],[-4.40035,36.72129],[-4.39979,36.72145],[-4.39946,36.72154],[-4.39943,36.72155],[-4.39937,36.72157],[-4.39928,36.72159],[-4.39915,36.72163],[-4.39839,36.72182],[-4.39815,36.72188],[-4.39747,36.72208]]}},{"type":"Feature","properties":{"name":"Calle Marqués de Larios","kind":"road","road":"pedestrian","osm":98772458},"geometry":{"type":"LineString","coordinates":[[-4.42172,36.72088],[-4.42171,36.72078],[-4.42167,36.72044],[-4.42162,36.71992],[-4.42158,36.71948],[-4.42155,36.71923],[-4.42152,36.71888],[-4.42151,36.71872],[-4.42148,36.71846]]}},{"type":"Feature","properties":{"name":"Calle Mármoles","kind":"road","road":"secondary","osm":98847255},"geometry":{"type":"LineString","coordinates":[[-4.42904,36.72157],[-4.42943,36.72156],[-4.42974,36.72154],[-4.42988,36.72153],[-4.43023,36.72152],[-4.43029,36.72152],[-4.43063,36.7215],[-4.43074,36.72149],[-4.43082,36.72149],[-4.43131,36.72148],[-4.43156,36.72148],[-4.43169,36.72148]]}},{"type":"Feature","properties":{"name":"Calle Jara","kind":"road","road":"pedestrian","osm":98847394},"geometry":{"type":"LineString","coordinates":[[-4.43032,36.7225],[-4.43028,36.7225],[-4.42979,36.72251],[-4.42977,36.72251],[-4.42975,36.72251],[-4.42937,36.72249],[-4.42934,36.72248],[-4.42931,36.72248],[-4.42909,36.72247],[-4.42902,36.72248],[-4.42897,36.72248],[-4.42849,36.72251],[-4.42796,36.72257]]}},{"type":"Feature","properties":{"name":"Calle Martínez de la Rosa","kind":"road","road":"secondary","osm":98865384},"geometry":{"type":"LineString","coordinates":[[-4.43524,36.72597],[-4.43486,36.72589],[-4.43481,36.72589],[-4.43441,36.72582],[-4.43433,36.7258],[-4.43425,36.72579],[-4.43327,36.72561],[-4.43254,36.72547],[-4.43242,36.72544]]}},{"type":"Feature","properties":{"name":"Calle Pelayo","kind":"road","road":"secondary","osm":98869991},"geometry":{"type":"LineString","coordinates":[[-4.43226,36.72383],[-4.4323,36.7237],[-4.43239,36.72312],[-4.43241,36.72301],[-4.43249,36.72242],[-4.4325,36.72237],[-4.43255,36.72205],[-4.43264,36.72158],[-4.43265,36.72148]]}},{"type":"Feature","properties":{"name":"Calle Abadía Santa Ana","kind":"road","road":"pedestrian","osm":110229906},"geometry":{"type":"LineString","coordinates":[[-4.418,36.72051],[-4.41797,36.72064]]}},{"type":"Feature","properties":{"name":"Plaza de la Merced","kind":"road","road":"tertiary","osm":113431926},"geometry":{"type":"LineString","coordinates":[[-4.41825,36.72316],[-4.41773,36.72294],[-4.4176,36.72289],[-4.4175,36.72285]]}},{"type":"Feature","properties":{"name":"Calle Pozo del Rey","kind":"road","road":"pedestrian","osm":130066457},"geometry":{"type":"LineString","coordinates":[[-4.41712,36.72214],[-4.41672,36.722]]}},{"type":"Feature","properties":{"name":"Calle Compañía","kind":"road","road":"pedestrian","osm":135476530},"geometry":{"type":"LineString","coordinates":[[-4.42466,36.72139],[-4.42419,36.72137],[-4.4239,36.72138],[-4.42386,36.72138],[-4.42365,36.72138],[-4.42362,36.72138],[-4.42348,36.72138],[-4.42339,36.72138],[-4.42334,36.72138],[-4.4232,36.72137],[-4.4231,36.72136]]}},{"type":"Feature","properties":{"name":"Calle Martín Díaz","kind":"road","road":"pedestrian","osm":135476539},"geometry":{"type":"LineString","coordinates":[[-4.42376,36.73042],[-4.42376,36.73047],[-4.42383,36.73114],[-4.42383,36.73117],[-4.42383,36.7312]]}},{"type":"Feature","properties":{"name":"","kind":"road","road":"pedestrian","osm":135476549},"geometry":{"type":"LineString","coordinates":[[-4.4226,36.72429],[-4.42293,36.72419]]}},{"type":"Feature","properties":{"name":"Calle Miguel de Molina","kind":"road","road":"pedestrian","osm":135476552},"geometry":{"type":"LineString","coordinates":[[-4.42218,36.72826],[-4.42216,36.72828],[-4.42214,36.72829],[-4.42211,36.7284],[-4.422,36.72879],[-4.42199,36.72882]]}},{"type":"Feature","properties":{"name":"Calle Cabello","kind":"road","road":"pedestrian","osm":135476557},"geometry":{"type":"LineString","coordinates":[[-4.4222,36.72512],[-4.42178,36.72528],[-4.42144,36.72542],[-4.42147,36.7255]]}},{"type":"Feature","properties":{"name":"Calle Gravina","kind":"road","road":"pedestrian","osm":135476563},"geometry":{"type":"LineString","coordinates":[[-4.42468,36.72781],[-4.42465,36.72782],[-4.42407,36.72793],[-4.42405,36.72794],[-4.42403,36.72794],[-4.42331,36.7281]]}},{"type":"Feature","properties":{"name":"Calle Viento","kind":"road","road":"pedestrian","osm":135476573},"geometry":{"type":"LineString","coordinates":[[-4.42475,36.72377],[-4.42437,36.72381],[-4.42419,36.72383],[-4.42387,36.72387],[-4.42378,36.72389],[-4.42376,36.7239]]}},{"type":"Feature","properties":{"name":"Calle Biedmas","kind":"road","road":"pedestrian","osm":135476574},"geometry":{"type":"LineString","coordinates":[[-4.42469,36.72331],[-4.42458,36.72335],[-4.4244,36.72337]]}},{"type":"Feature","properties":{"name":"Pasaje Diego de la Cerda","kind":"road","road":"pedestrian","osm":135476578},"geometry":{"type":"LineString","coordinates":[[-4.4232,36.7283],[-4.42315,36.72831],[-4.42299,36.72835],[-4.42286,36.72841],[-4.42278,36.72846],[-4.42272,36.72851],[-4.4227,36.72853],[-4.42268,36.72856]]}},{"type":"Feature","properties":{"name":"Calle Grama","kind":"road","road":"pedestrian","osm":135476583},"geometry":{"type":"LineString","coordinates":[[-4.42383,36.72411],[-4.42417,36.72405],[-4.42466,36.72399]]}},{"type":"Feature","properties":{"name":"","kind":"road","road":"pedestrian","osm":135476771},"geometry":{"type":"LineString","coordinates":[[-4.42808,36.72086],[-4.42809,36.7209]]}},{"type":"Feature","properties":{"name":"","kind":"road","road":"pedestrian","osm":135476773},"geometry":{"type":"LineString","coordinates":[[-4.42764,36.72012],[-4.42766,36.72015],[-4.42784,36.7205],[-4.42801,36.72081],[-4.42802,36.72083],[-4.42808,36.72086],[-4.42823,36.72084],[-4.42827,36.72084]]}},{"type":"Feature","properties":{"name":"Calle Cañaveral","kind":"road","road":"pedestrian","osm":135476774},"geometry":{"type":"LineString","coordinates":[[-4.42712,36.72093],[-4.4265,36.72113],[-4.42607,36.72108],[-4.42602,36.72108]]}},{"type":"Feature","properties":{"name":"","kind":"road","road":"pedestrian","osm":135476776},"geometry":{"type":"LineString","coordinates":[[-4.4272,36.7212],[-4.42744,36.72116],[-4.42745,36.72124]]}},{"type":"Feature","properties":{"name":"Pasaje María La Faraona","kind":"road","road":"pedestrian","osm":135476778},"geometry":{"type":"LineString","coordinates":[[-4.42767,36.72313],[-4.4277,36.72303],[-4.4277,36.72274]]}},{"type":"Feature","properties":{"name":"","kind":"road","road":"pedestrian","osm":135476783},"geometry":{"type":"LineString","coordinates":[[-4.42808,36.72043],[-4.42806,36.72044],[-4.42784,36.7205],[-4.42777,36.72051]]}},{"type":"Feature","properties":{"name":"Calle Cesáreo Martínez","kind":"road","road":"pedestrian","osm":140993939},"geometry":{"type":"LineString","coordinates":[[-4.43142,36.72631],[-4.4315,36.726],[-4.43155,36.72586],[-4.43161,36.72565],[-4.4316,36.7256],[-4.43164,36.72545]]}},{"type":"Feature","properties":{"name":"Calle Covarrubias","kind":"road","road":"pedestrian","osm":140993940},"geometry":{"type":"LineString","coordinates":[[-4.4315,36.726],[-4.43188,36.72606],[-4.43213,36.7261]]}},{"type":"Feature","properties":{"name":"Calle Pedro Marcolain","kind":"road","road":"pedestrian","osm":140993941},"geometry":{"type":"LineString","coordinates":[[-4.43188,36.72606],[-4.43179,36.72639]]}},{"type":"Feature","properties":{"name":"Calle Velarde","kind":"road","road":"secondary","osm":140993942},"geometry":{"type":"LineString","coordinates":[[-4.43081,36.72617],[-4.43101,36.72623],[-4.43118,36.72626],[-4.43142,36.72631],[-4.43179,36.72639],[-4.43216,36.72647],[-4.43277,36.72659],[-4.43351,36.72667],[-4.43406,36.72676]]}},{"type":"Feature","properties":{"name":"","kind":"park","road":"","osm":141144533},"geometry":{"type":"Polygon","coordinates":[[[-4.42924,36.73195],[-4.42922,36.73195],[-4.42921,36.73195],[-4.4292,36.73195],[-4.42901,36.73195],[-4.42899,36.73194],[-4.42897,36.73194],[-4.42888,36.73194],[-4.42886,36.73194],[-4.42885,36.73194],[-4.42884,36.73194],[-4.42884,36.73189],[-4.4288,36.73188],[-4.42882,36.73167],[-4.42882,36.73165],[-4.42882,36.73163],[-4.42883,36.73144],[-4.42883,36.73143],[-4.42883,36.73141],[-4.42884,36.73133],[-4.42886,36.73103],[-4.42886,36.73102],[-4.42887,36.73102],[-4.42887,36.73101],[-4.42888,36.73101],[-4.42889,36.73101],[-4.4289,36.73102],[-4.42891,36.73103],[-4.42901,36.73132],[-4.42904,36.7314],[-4.42904,36.73141],[-4.42905,36.73143],[-4.42912,36.73162],[-4.42912,36.73163],[-4.42913,36.73165],[-4.42924,36.73195]]]}},{"type":"Feature","properties":{"name":"Alameda Principal","kind":"road","road":"tertiary","osm":146196600},"geometry":{"type":"LineString","coordinates":[[-4.42248,36.71747],[-4.42249,36.71751],[-4.42252,36.71758],[-4.42255,36.71765]]}},{"type":"Feature","properties":{"name":"Calle San José","kind":"road","road":"pedestrian","osm":146288615},"geometry":{"type":"LineString","coordinates":[[-4.4189,36.72166],[-4.41876,36.72172]]}},{"type":"Feature","properties":{"name":"Calle San José","kind":"road","road":"pedestrian","osm":146288616},"geometry":{"type":"LineString","coordinates":[[-4.41892,36.72207],[-4.41888,36.72187],[-4.41886,36.72184],[-4.41884,36.7218],[-4.41876,36.72172],[-4.41863,36.72162]]}},{"type":"Feature","properties":{"name":"Calle Charlie Rivel","kind":"road","road":"pedestrian","osm":146288619},"geometry":{"type":"LineString","coordinates":[[-4.41848,36.71968],[-4.41846,36.71977],[-4.41843,36.71991]]}},{"type":"Feature","properties":{"name":"Calle Afligidos","kind":"road","road":"pedestrian","osm":146288715},"geometry":{"type":"LineString","coordinates":[[-4.41828,36.72036],[-4.41822,36.72056]]}},{"type":"Feature","properties":{"name":"Alameda Principal","kind":"road","road":"tertiary","osm":146544718},"geometry":{"type":"LineString","coordinates":[[-4.42344,36.71741],[-4.42353,36.71738],[-4.42402,36.71725],[-4.42415,36.71721],[-4.42437,36.71714],[-4.4246,36.71708],[-4.42473,36.71704],[-4.4249,36.71699],[-4.42501,36.71696]]}},{"type":"Feature","properties":{"name":"Calle Hilera","kind":"road","road":"secondary","osm":149953111},"geometry":{"type":"LineString","coordinates":[[-4.42712,36.71772],[-4.42705,36.71774],[-4.427,36.71775]]}},{"type":"Feature","properties":{"name":"Calle Armengual de la Mota","kind":"road","road":"secondary","osm":149953114},"geometry":{"type":"LineString","coordinates":[[-4.4293,36.71769],[-4.42927,36.71774],[-4.42925,36.71777],[-4.42924,36.71777],[-4.42922,36.7178],[-4.42918,36.71781],[-4.42912,36.71784],[-4.42904,36.71788],[-4.42902,36.71789]]}},{"type":"Feature","properties":{"name":"Puente de la Esperanza","kind":"road","road":"secondary","osm":149953122},"geometry":{"type":"LineString","coordinates":[[-4.42564,36.71783],[-4.42552,36.71781]]}},{"type":"Feature","properties":{"name":"Calle Francisco de Rioja","kind":"road","road":"pedestrian","osm":149962020},"geometry":{"type":"LineString","coordinates":[[-4.42234,36.72021],[-4.42252,36.72024],[-4.42256,36.72023],[-4.42274,36.72026]]}},{"type":"Feature","properties":{"name":"Calle Priego","kind":"road","road":"pedestrian","osm":149962021},"geometry":{"type":"LineString","coordinates":[[-4.42695,36.72125],[-4.42704,36.72159],[-4.42705,36.72161],[-4.42707,36.72168]]}},{"type":"Feature","properties":{"name":"Calle Refino","kind":"road","road":"tertiary","osm":151151441},"geometry":{"type":"LineString","coordinates":[[-4.41877,36.72568],[-4.41889,36.72578],[-4.41901,36.72585],[-4.41962,36.72613],[-4.42026,36.72638],[-4.42035,36.72641]]}},{"type":"Feature","properties":{"name":"Calle Los Cristos","kind":"road","road":"pedestrian","osm":151158343},"geometry":{"type":"LineString","coordinates":[[-4.42295,36.72529],[-4.42289,36.72529],[-4.42284,36.7253],[-4.42258,36.7254],[-4.4225,36.72542]]}},{"type":"Feature","properties":{"name":"Calle Nuño Gómez","kind":"road","road":"pedestrian","osm":151162554},"geometry":{"type":"LineString","coordinates":[[-4.42466,36.72399],[-4.42469,36.72394],[-4.42475,36.72377],[-4.4248,36.72367],[-4.42481,36.72358],[-4.42469,36.72331],[-4.42466,36.72323],[-4.425,36.72268]]}},{"type":"Feature","properties":{"name":"Calle Pedro Molina","kind":"road","road":"pedestrian","osm":157241336},"geometry":{"type":"LineString","coordinates":[[-4.41646,36.72467],[-4.41622,36.72447],[-4.41593,36.72422],[-4.41589,36.72419]]}},{"type":"Feature","properties":{"name":"Calle Coronado","kind":"road","road":"pedestrian","osm":163711703},"geometry":{"type":"LineString","coordinates":[[-4.42282,36.722],[-4.42294,36.72207],[-4.42313,36.72219],[-4.42329,36.72226]]}},{"type":"Feature","properties":{"name":"Calle Muro de San Julián","kind":"road","road":"pedestrian","osm":163711705},"geometry":{"type":"LineString","coordinates":[[-4.42108,36.72396],[-4.42104,36.72396],[-4.42093,36.72398],[-4.42066,36.72396]]}},{"type":"Feature","properties":{"name":"Plaza General Torrijos","kind":"road","road":"tertiary","osm":166301879},"geometry":{"type":"LineString","coordinates":[[-4.41223,36.7204],[-4.41223,36.72047]]}},{"type":"Feature","properties":{"name":"Paseo de Reding","kind":"road","road":"secondary","osm":166301881},"geometry":{"type":"LineString","coordinates":[[-4.4127,36.72111],[-4.41264,36.7211],[-4.4125,36.72108],[-4.41246,36.72107]]}},{"type":"Feature","properties":{"name":"Calle Fresca","kind":"road","road":"pedestrian","osm":176382274},"geometry":{"type":"LineString","coordinates":[[-4.42082,36.72069],[-4.42085,36.72062],[-4.42088,36.72055],[-4.42088,36.72052],[-4.42089,36.72045],[-4.42092,36.72021]]}},{"type":"Feature","properties":{"name":"Calle Salinas","kind":"road","road":"pedestrian","osm":176382277},"geometry":{"type":"LineString","coordinates":[[-4.42049,36.72025],[-4.42051,36.72027],[-4.42092,36.72021],[-4.42105,36.72019],[-4.42115,36.72014],[-4.42124,36.72008],[-4.42128,36.72005],[-4.42138,36.71993],[-4.42144,36.71984]]}},{"type":"Feature","properties":{"name":"Calle Nueva","kind":"road","road":"pedestrian","osm":176388409},"geometry":{"type":"LineString","coordinates":[[-4.42274,36.72026],[-4.42275,36.7202],[-4.42277,36.72013]]}},{"type":"Feature","properties":{"name":"Calle Nueva","kind":"road","road":"pedestrian","osm":176388411},"geometry":{"type":"LineString","coordinates":[[-4.42277,36.72013],[-4.42279,36.72001],[-4.42285,36.71979],[-4.42288,36.71965],[-4.42291,36.71952],[-4.42295,36.71935]]}},{"type":"Feature","properties":{"name":"Calle San Juan","kind":"road","road":"pedestrian","osm":176388413},"geometry":{"type":"LineString","coordinates":[[-4.42365,36.72058],[-4.42363,36.72053],[-4.42369,36.72051],[-4.42364,36.7204],[-4.4236,36.72033],[-4.42355,36.7202],[-4.42343,36.72024],[-4.42343,36.72017],[-4.42343,36.72007],[-4.42342,36.71988],[-4.42342,36.71978],[-4.42342,36.7197],[-4.42339,36.71936]]}},{"type":"Feature","properties":{"name":"Calle Arco de la Cabeza","kind":"road","road":"pedestrian","osm":176389608},"geometry":{"type":"LineString","coordinates":[[-4.42415,36.72243],[-4.42409,36.7225],[-4.42391,36.72269],[-4.42388,36.72272],[-4.42378,36.72284],[-4.42354,36.72308],[-4.42352,36.72311]]}},{"type":"Feature","properties":{"name":"Calle Mártires","kind":"road","road":"pedestrian","osm":176390472},"geometry":{"type":"LineString","coordinates":[[-4.42309,36.72141],[-4.42307,36.7215],[-4.42304,36.72162],[-4.42297,36.72178],[-4.4229,36.7219],[-4.42288,36.72193],[-4.42282,36.722],[-4.42282,36.72201],[-4.42273,36.72216]]}},{"type":"Feature","properties":{"name":"Plaza Carmen Thyssen Bornemisza","kind":"road","road":"pedestrian","osm":176390474},"geometry":{"type":"LineString","coordinates":[[-4.42291,36.72134],[-4.42292,36.72133],[-4.42292,36.72131],[-4.42295,36.72132],[-4.42299,36.72132],[-4.423,36.72132],[-4.423,36.72131],[-4.42303,36.72131],[-4.42307,36.72131],[-4.42314,36.72132],[-4.4232,36.72132],[-4.4232,36.72136],[-4.4232,36.72137],[-4.4232,36.72139],[-4.42318,36.72139],[-4.42315,36.72138],[-4.42311,36.7214],[-4.42311,36.72142],[-4.42309,36.72141],[-4.42307,36.72141],[-4.42301,36.7214],[-4.4229,36.72138],[-4.42291,36.72134]]}},{"type":"Feature","properties":{"name":"Avenida Fátima","kind":"road","road":"primary","osm":176405149},"geometry":{"type":"LineString","coordinates":[[-4.42624,36.72415],[-4.42611,36.72331]]}},{"type":"Feature","properties":{"name":"Avenida Fátima","kind":"road","road":"primary","osm":176405150},"geometry":{"type":"LineString","coordinates":[[-4.42611,36.72331],[-4.42606,36.72303],[-4.42605,36.72297]]}},{"type":"Feature","properties":{"name":"Calle San Pablo","kind":"road","road":"pedestrian","osm":176405151},"geometry":{"type":"LineString","coordinates":[[-4.42796,36.72271],[-4.42806,36.72322]]}},{"type":"Feature","properties":{"name":"Palmeral de las Sorpresas","kind":"park","road":"","osm":183253660},"geometry":{"type":"Polygon","coordinates":[[[-4.41424,36.71903],[-4.41447,36.71897],[-4.41482,36.71888],[-4.41529,36.71874],[-4.41544,36.7187],[-4.41552,36.71868],[-4.41553,36.71868],[-4.4157,36.71863],[-4.41937,36.71765],[-4.41935,36.7176],[-4.41927,36.7174],[-4.41912,36.71744],[-4.41903,36.71744],[-4.41892,36.71741],[-4.41886,36.71736],[-4.41881,36.71732],[-4.41869,36.71728],[-4.41858,36.71726],[-4.41852,36.71728],[-4.41595,36.71799],[-4.41387,36.71856],[-4.41395,36.71866],[-4.414,36.71873],[-4.41402,36.71875],[-4.41407,36.71881],[-4.4141,36.71885],[-4.41417,36.71894],[-4.4142,36.71898],[-4.41423,36.71901],[-4.41424,36.71903]]]}},{"type":"Feature","properties":{"name":"","kind":"water","road":"","osm":183313268},"geometry":{"type":"Polygon","coordinates":[[[-4.42568,36.71],[-4.4257,36.71081],[-4.42572,36.71114],[-4.42569,36.7113],[-4.42573,36.71182],[-4.42574,36.71196],[-4.42581,36.7138],[-4.42584,36.71417],[-4.42586,36.71417],[-4.42594,36.71417],[-4.42594,36.71421],[-4.42613,36.71421],[-4.42613,36.71417],[-4.4262,36.71417],[-4.42623,36.71416],[-4.42627,36.71204],[-4.42627,36.71196],[-4.42627,36.71182],[-4.42627,36.71131],[-4.42626,36.71063],[-4.42633,36.71059],[-4.42633,36.71056],[-4.42634,36.71051],[-4.42634,36.71048],[-4.42626,36.71052],[-4.42626,36.71023],[-4.42624,36.70986],[-4.42598,36.70992],[-4.42568,36.71]]]}},{"type":"Feature","properties":{"name":"Alameda Barceló","kind":"road","road":"secondary","osm":183755697},"geometry":{"type":"LineString","coordinates":[[-4.41764,36.73208],[-4.41777,36.73204],[-4.41794,36.73199],[-4.41848,36.73182],[-4.41888,36.7317],[-4.41895,36.73168],[-4.41927,36.73158],[-4.41962,36.73147],[-4.41992,36.73139],[-4.41997,36.73137],[-4.42006,36.73135],[-4.42034,36.73128],[-4.42045,36.73125],[-4.42055,36.73122],[-4.42072,36.73118],[-4.42089,36.73115],[-4.421,36.73115],[-4.42112,36.73117],[-4.42124,36.7312],[-4.42143,36.73129],[-4.42158,36.73136]]}},{"type":"Feature","properties":{"name":"Calle San Juan de Dios","kind":"road","road":"pedestrian","osm":183817351},"geometry":{"type":"LineString","coordinates":[[-4.42092,36.71878],[-4.42076,36.71841]]}},{"type":"Feature","properties":{"name":"Jardín Músico Manuel del Campo","kind":"park","road":"","osm":183819219},"geometry":{"type":"Polygon","coordinates":[[[-4.41881,36.72706],[-4.41882,36.72705],[-4.41845,36.72699],[-4.41846,36.7269],[-4.41847,36.72688],[-4.41847,36.72686],[-4.41848,36.7268],[-4.41741,36.72675],[-4.41736,36.72675],[-4.41731,36.72674],[-4.4169,36.72673],[-4.41677,36.72675],[-4.41674,36.72677],[-4.41673,36.7268],[-4.41677,36.72684],[-4.41683,36.72687],[-4.41798,36.72697],[-4.41881,36.72706]]]}},{"type":"Feature","properties":{"name":"Paseo del Parque","kind":"road","road":"pedestrian","osm":183832045},"geometry":{"type":"LineString","coordinates":[[-4.41485,36.71998],[-4.41597,36.71967],[-4.41739,36.71927],[-4.41747,36.71924],[-4.4178,36.71915],[-4.41876,36.71888],[-4.41958,36.71864]]}},{"type":"Feature","properties":{"name":"Calle Túnel de la Alcazaba","kind":"road","road":"secondary","osm":183832066},"geometry":{"type":"LineString","coordinates":[[-4.41342,36.72131],[-4.41299,36.72119],[-4.41289,36.72116]]}},{"type":"Feature","properties":{"name":"Patio del Aljibe","kind":"park","road":"","osm":183832095},"geometry":{"type":"Polygon","coordinates":[[[-4.41553,36.72135],[-4.4156,36.72139],[-4.41564,36.72135],[-4.41558,36.72131],[-4.41553,36.72135]]]}},{"type":"Feature","properties":{"name":"Patio de los Naranjos","kind":"park","road":"","osm":183832097},"geometry":{"type":"Polygon","coordinates":[[[-4.41585,36.72126],[-4.41591,36.7212],[-4.41583,36.72114],[-4.41577,36.7212],[-4.41585,36.72126]]]}},{"type":"Feature","properties":{"name":"Patio de la Alberca","kind":"park","road":"","osm":183832100},"geometry":{"type":"Polygon","coordinates":[[[-4.41572,36.72123],[-4.41565,36.7213],[-4.41576,36.72137],[-4.41583,36.72131],[-4.41572,36.72123]]]}},{"type":"Feature","properties":{"name":"Calle Camas","kind":"road","road":"pedestrian","osm":183856393},"geometry":{"type":"LineString","coordinates":[[-4.42466,36.72066],[-4.42463,36.72059],[-4.42454,36.72048],[-4.42453,36.7203],[-4.42451,36.72023],[-4.42445,36.72013]]}},{"type":"Feature","properties":{"name":"Río Guadalmedina","kind":"river","road":"","osm":183857737},"geometry":{"type":"LineString","coordinates":[[-4.42689,36.75268],[-4.42502,36.74918],[-4.42476,36.74851],[-4.42461,36.74802],[-4.4247,36.74621],[-4.42474,36.74544],[-4.42516,36.73925],[-4.42526,36.73782],[-4.42565,36.73287],[-4.42601,36.72854],[-4.42613,36.72692],[-4.42613,36.72682],[-4.42595,36.72519],[-4.42577,36.72362],[-4.42574,36.72331],[-4.42561,36.72225],[-4.42557,36.72185],[-4.42547,36.72115],[-4.42541,36.72065],[-4.4254,36.72017],[-4.42544,36.71978],[-4.42556,36.71918],[-4.42573,36.71871],[-4.42585,36.71835],[-4.4259,36.71814],[-4.42592,36.71787],[-4.42595,36.71751],[-4.42602,36.71627],[-4.42606,36.71509],[-4.42605,36.71419],[-4.42604,36.71361],[-4.42598,36.70992]]}},{"type":"Feature","properties":{"name":"Paseo del Parque","kind":"road","road":"pedestrian","osm":183863681},"geometry":{"type":"LineString","coordinates":[[-4.41967,36.71831],[-4.41959,36.71833],[-4.41933,36.7184],[-4.41922,36.71843],[-4.41911,36.71847],[-4.419,36.7185],[-4.4189,36.71852],[-4.41879,36.71855],[-4.41868,36.71858],[-4.41858,36.71861],[-4.41848,36.71864],[-4.41837,36.71867],[-4.41816,36.71873],[-4.41795,36.71879],[-4.41767,36.71887],[-4.41763,36.71888],[-4.41752,36.71891],[-4.41732,36.71897],[-4.41721,36.719],[-4.41711,36.71902],[-4.41697,36.71906],[-4.41671,36.71914],[-4.41637,36.71923],[-4.41631,36.71925],[-4.41616,36.71929],[-4.41595,36.71935],[-4.41585,36.71938],[-4.41574,36.71941],[-4.41563,36.71944],[-4.41552,36.71947],[-4.41542,36.7195],[-4.41521,36.71956],[-4.41499,36.71962],[-4.41488,36.71966],[-4.41473,36.7197],[-4.41457,36.71974],[-4.41436,36.7198],[-4.41425,36.71983],[-4.41404,36.71989],[-4.41383,36.71995],[-4.41362,36.72001],[-4.41358,36.72002],[-4.41351,36.72004],[-4.41345,36.72006],[-4.4134,36.72006],[-4.41317,36.72008],[-4.41305,36.72007],[-4.41293,36.72007],[-4.41276,36.72004],[-4.4126,36.71998],[-4.41238,36.71989]]}},{"type":"Feature","properties":{"name":"","kind":"road","road":"pedestrian","osm":183870936},"geometry":{"type":"LineString","coordinates":[[-4.42079,36.72168],[-4.4207,36.7218],[-4.42065,36.7219]]}},{"type":"Feature","properties":{"name":"Calle Fresca","kind":"road","road":"pedestrian","osm":183872523},"geometry":{"type":"LineString","coordinates":[[-4.42071,36.721],[-4.42078,36.72082],[-4.4208,36.72078],[-4.42082,36.72069]]}},{"type":"Feature","properties":{"name":"Pasaje Chinitas","kind":"road","road":"pedestrian","osm":183872528},"geometry":{"type":"LineString","coordinates":[[-4.42151,36.72097],[-4.42127,36.72092],[-4.42085,36.72084]]}},{"type":"Feature","properties":{"name":"Jardines de la Catedral","kind":"park","road":"","osm":183873872},"geometry":{"type":"Polygon","coordinates":[[[-4.42004,36.7204],[-4.42005,36.72051],[-4.42005,36.72053],[-4.42006,36.72054],[-4.42006,36.72063],[-4.42005,36.72064],[-4.42004,36.72065],[-4.41982,36.72067],[-4.41981,36.72056],[-4.41979,36.72056],[-4.41952,36.72058],[-4.41952,36.72056],[-4.41952,36.72048],[-4.41956,36.72046],[-4.41958,36.72046],[-4.41957,36.72035],[-4.4197,36.72034],[-4.41975,36.72034],[-4.41983,36.72034],[-4.41983,36.72037],[-4.41988,36.72037],[-4.41988,36.7204],[-4.41989,36.7204],[-4.41989,36.72041],[-4.42004,36.7204]]]}},{"type":"Feature","properties":{"name":"Pasaje Chinitas","kind":"road","road":"pedestrian","osm":183881772},"geometry":{"type":"LineString","coordinates":[[-4.42085,36.72084],[-4.42079,36.72083]]}},{"type":"Feature","properties":{"name":"Calle Decano Félix Navarrete","kind":"road","road":"pedestrian","osm":183910509},"geometry":{"type":"LineString","coordinates":[[-4.4304,36.71607],[-4.43039,36.71615],[-4.43038,36.71626],[-4.43034,36.71657],[-4.43032,36.71674]]}},{"type":"Feature","properties":{"name":"Plaza de Spínola","kind":"road","road":"pedestrian","osm":184025082},"geometry":{"type":"LineString","coordinates":[[-4.42101,36.72187],[-4.42101,36.72186],[-4.42101,36.72185],[-4.42101,36.72184],[-4.42102,36.72184],[-4.42101,36.72183],[-4.42098,36.7218],[-4.42095,36.72178],[-4.42094,36.72178],[-4.42092,36.72178],[-4.42091,36.72178],[-4.42086,36.72174],[-4.42082,36.7217],[-4.42079,36.72168],[-4.42076,36.72166],[-4.42073,36.7217],[-4.42072,36.72172],[-4.4207,36.72173],[-4.42066,36.72179],[-4.42059,36.7219],[-4.42065,36.7219],[-4.42071,36.72189],[-4.42071,36.72187],[-4.42072,36.72186],[-4.42074,36.72185],[-4.42075,36.72185],[-4.42076,36.72185],[-4.42078,36.72185],[-4.4208,36.72186],[-4.42082,36.72187],[-4.4209,36.72188],[-4.42092,36.72189],[-4.42094,36.7219],[-4.42097,36.72189],[-4.42101,36.72187]]}},{"type":"Feature","properties":{"name":"Plaza del Siglo","kind":"road","road":"pedestrian","osm":184107523},"geometry":{"type":"LineString","coordinates":[[-4.42024,36.72162],[-4.42024,36.72154],[-4.42023,36.72145],[-4.42018,36.72144],[-4.42013,36.72142],[-4.42009,36.72146],[-4.42007,36.72148],[-4.42001,36.72148],[-4.41998,36.72151],[-4.41995,36.72154],[-4.41999,36.72157],[-4.42004,36.7216],[-4.42003,36.72163],[-4.42003,36.72165],[-4.42004,36.72169],[-4.42005,36.72173],[-4.42007,36.72172],[-4.42009,36.72172],[-4.42016,36.72171],[-4.42021,36.72171],[-4.42023,36.72166],[-4.42024,36.72162]]}},{"type":"Feature","properties":{"name":"Calle Herrería del Rey","kind":"road","road":"pedestrian","osm":184108280},"geometry":{"type":"LineString","coordinates":[[-4.42303,36.71892],[-4.4231,36.71892],[-4.42312,36.71891],[-4.42329,36.71888],[-4.42349,36.71883],[-4.42368,36.71878],[-4.42385,36.71874]]}},{"type":"Feature","properties":{"name":"Calle Puerta del Mar","kind":"road","road":"pedestrian","osm":184108281},"geometry":{"type":"LineString","coordinates":[[-4.42305,36.71904],[-4.42303,36.71892],[-4.42295,36.71871],[-4.42289,36.71855],[-4.42288,36.71851],[-4.42287,36.71847]]}},{"type":"Feature","properties":{"name":"Calle de Alarcón Luján","kind":"road","road":"pedestrian","osm":184108282},"geometry":{"type":"LineString","coordinates":[[-4.42303,36.71892],[-4.42295,36.71891],[-4.42268,36.71892],[-4.4226,36.71891],[-4.42249,36.71889],[-4.42236,36.71886],[-4.42209,36.71882],[-4.42159,36.71872],[-4.42151,36.71872]]}},{"type":"Feature","properties":{"name":"Plaza Poeta Alfonso Canales","kind":"road","road":"pedestrian","osm":184108756},"geometry":{"type":"LineString","coordinates":[[-4.42061,36.71715],[-4.42108,36.717],[-4.42131,36.71693]]}},{"type":"Feature","properties":{"name":"Calle Salitre","kind":"road","road":"secondary","osm":184109464},"geometry":{"type":"LineString","coordinates":[[-4.42797,36.71293],[-4.42777,36.7132]]}},{"type":"Feature","properties":{"name":"Calle Salitre","kind":"road","road":"secondary","osm":184109465},"geometry":{"type":"LineString","coordinates":[[-4.42797,36.71293],[-4.42769,36.71314],[-4.42729,36.71354],[-4.42711,36.71371],[-4.42662,36.71418],[-4.42656,36.71424],[-4.42649,36.71431]]}},{"type":"Feature","properties":{"name":"Calle Mosquera","kind":"road","road":"pedestrian","osm":184153055},"geometry":{"type":"LineString","coordinates":[[-4.42242,36.72249],[-4.42199,36.72286]]}},{"type":"Feature","properties":{"name":"Calle Juan de Padilla","kind":"road","road":"pedestrian","osm":184153057},"geometry":{"type":"LineString","coordinates":[[-4.42134,36.72254],[-4.42124,36.72262],[-4.42102,36.72279],[-4.42086,36.72305],[-4.42084,36.72308],[-4.42066,36.72339],[-4.42046,36.72363]]}},{"type":"Feature","properties":{"name":"Calle Capitán","kind":"road","road":"pedestrian","osm":184153185},"geometry":{"type":"LineString","coordinates":[[-4.4206,36.72205],[-4.42079,36.72207],[-4.42108,36.72197]]}},{"type":"Feature","properties":{"name":"Calle Luis de Velázquez","kind":"road","road":"pedestrian","osm":184153420},"geometry":{"type":"LineString","coordinates":[[-4.42104,36.7223],[-4.42124,36.72212],[-4.42137,36.72196],[-4.42156,36.72173]]}},{"type":"Feature","properties":{"name":"Plaza Jesús de la Pasión","kind":"road","road":"pedestrian","osm":184157884},"geometry":{"type":"LineString","coordinates":[[-4.42189,36.72203],[-4.42187,36.72204],[-4.42186,36.72205],[-4.42182,36.72207],[-4.42179,36.72208],[-4.4218,36.7221],[-4.4218,36.72212],[-4.42184,36.72216],[-4.42186,36.72217],[-4.42188,36.72219],[-4.4219,36.7222],[-4.42195,36.72217],[-4.42196,36.72216],[-4.42197,36.72216],[-4.42199,36.72215],[-4.422,36.72213],[-4.42198,36.72211],[-4.422,36.7221],[-4.42193,36.72203],[-4.42191,36.72201],[-4.42189,36.72203]]}},{"type":"Feature","properties":{"name":"Plaza Imagen","kind":"road","road":"pedestrian","osm":184177724},"geometry":{"type":"LineString","coordinates":[[-4.42748,36.72122],[-4.42746,36.72111],[-4.42743,36.721],[-4.4274,36.721],[-4.42739,36.721],[-4.42715,36.72104],[-4.42715,36.72106],[-4.42717,36.72111],[-4.4272,36.72119],[-4.4272,36.7212],[-4.4272,36.72121],[-4.42733,36.72119],[-4.42734,36.72119],[-4.42738,36.72118],[-4.42739,36.72125],[-4.42742,36.72125],[-4.42742,36.72126],[-4.42749,36.72126],[-4.42749,36.72124],[-4.42748,36.72122]]}},{"type":"Feature","properties":{"name":"","kind":"road","road":"secondary","osm":184177726},"geometry":{"type":"LineString","coordinates":[[-4.43033,36.71822],[-4.43046,36.71826],[-4.43054,36.71825],[-4.43058,36.71822]]}},{"type":"Feature","properties":{"name":"Calle El Chiclanero","kind":"road","road":"pedestrian","osm":184178656},"geometry":{"type":"LineString","coordinates":[[-4.41725,36.72362],[-4.41717,36.72368],[-4.41698,36.72384],[-4.41694,36.72387],[-4.41674,36.72404]]}},{"type":"Feature","properties":{"name":"","kind":"road","road":"primary","osm":190509810},"geometry":{"type":"LineString","coordinates":[[-4.42605,36.72297],[-4.42603,36.72292],[-4.426,36.72282],[-4.42597,36.72267],[-4.42593,36.72244],[-4.42587,36.72213],[-4.42584,36.72183]]}},{"type":"Feature","properties":{"name":"Calle Mármoles","kind":"road","road":"secondary","osm":190509812},"geometry":{"type":"LineString","coordinates":[[-4.42591,36.72173],[-4.42605,36.72172],[-4.42698,36.72168]]}},{"type":"Feature","properties":{"name":"Plaza de la Solidaridad","kind":"road","road":"primary","osm":190524661},"geometry":{"type":"LineString","coordinates":[[-4.43223,36.71382],[-4.43219,36.71382],[-4.43215,36.71382]]}},{"type":"Feature","properties":{"name":"","kind":"road","road":"primary","osm":190524676},"geometry":{"type":"LineString","coordinates":[[-4.42752,36.70957],[-4.42752,36.70962],[-4.42754,36.70967],[-4.42757,36.7097],[-4.42761,36.70972],[-4.42768,36.70974],[-4.42774,36.70975]]}},{"type":"Feature","properties":{"name":"","kind":"road","road":"primary","osm":190524677},"geometry":{"type":"LineString","coordinates":[[-4.42794,36.70957],[-4.42794,36.70955],[-4.42794,36.70953]]}},{"type":"Feature","properties":{"name":"Avenida Manuel Agustín Heredia","kind":"road","road":"primary","osm":190525280},"geometry":{"type":"LineString","coordinates":[[-4.42508,36.71207],[-4.42415,36.71301],[-4.42408,36.71309]]}},{"type":"Feature","properties":{"name":"Plaza de la Solidaridad","kind":"road","road":"primary","osm":190525283},"geometry":{"type":"LineString","coordinates":[[-4.43244,36.71396],[-4.43241,36.71392],[-4.43235,36.71387],[-4.43223,36.71382]]}},{"type":"Feature","properties":{"name":"Avenida Manuel Agustín Heredia","kind":"road","road":"primary","osm":190525285},"geometry":{"type":"LineString","coordinates":[[-4.42162,36.71559],[-4.42138,36.71583],[-4.42095,36.71627],[-4.42083,36.71639],[-4.42061,36.71665],[-4.42054,36.71672]]}},{"type":"Feature","properties":{"name":"Avenida Manuel Agustín Heredia","kind":"road","road":"primary","osm":190525288},"geometry":{"type":"LineString","coordinates":[[-4.42538,36.71192],[-4.42567,36.71166]]}},{"type":"Feature","properties":{"name":"Calle Cuarteles","kind":"road","road":"secondary","osm":190525290},"geometry":{"type":"LineString","coordinates":[[-4.42855,36.71335],[-4.42894,36.71298],[-4.42926,36.71267],[-4.42936,36.71258],[-4.42952,36.71245],[-4.42961,36.71237],[-4.42971,36.7123],[-4.42988,36.71218],[-4.43019,36.71196],[-4.43035,36.71184]]}},{"type":"Feature","properties":{"name":"Plaza de la Solidaridad","kind":"road","road":"primary","osm":190525293},"geometry":{"type":"LineString","coordinates":[[-4.43208,36.71426],[-4.43219,36.71427],[-4.43224,36.71427],[-4.43231,36.71425],[-4.4324,36.71418]]}},{"type":"Feature","properties":{"name":"Plaza de la Solidaridad","kind":"road","road":"primary","osm":190525295},"geometry":{"type":"LineString","coordinates":[[-4.43194,36.71392],[-4.43191,36.71396]]}},{"type":"Feature","properties":{"name":"Alameda Capuchinos","kind":"road","road":"secondary","osm":190785484},"geometry":{"type":"LineString","coordinates":[[-4.42094,36.72929],[-4.42091,36.72932],[-4.42081,36.72939],[-4.42064,36.72952],[-4.42052,36.72961],[-4.41972,36.73021],[-4.4197,36.73023],[-4.41961,36.73029]]}},{"type":"Feature","properties":{"name":"Calle Eduardo Domínguez Ávila","kind":"road","road":"secondary","osm":190785487},"geometry":{"type":"LineString","coordinates":[[-4.42146,36.7305],[-4.42143,36.73027],[-4.42141,36.73014],[-4.42139,36.73003],[-4.42133,36.72952],[-4.42132,36.72947],[-4.4213,36.72944]]}},{"type":"Feature","properties":{"name":"Plaza de la Victoria","kind":"road","road":"secondary","osm":190792398},"geometry":{"type":"LineString","coordinates":[[-4.41401,36.72706],[-4.41391,36.72705]]}},{"type":"Feature","properties":{"name":"Calle Victoria","kind":"road","road":"secondary","osm":190792406},"geometry":{"type":"LineString","coordinates":[[-4.41384,36.72682],[-4.41374,36.72703]]}},{"type":"Feature","properties":{"name":"Paseo de Reding","kind":"road","road":"secondary","osm":190792998},"geometry":{"type":"LineString","coordinates":[[-4.41246,36.72107],[-4.41228,36.72106]]}},{"type":"Feature","properties":{"name":"Paseo del Parque","kind":"road","road":"tertiary","osm":190794128},"geometry":{"type":"LineString","coordinates":[[-4.41283,36.72059],[-4.41305,36.72046]]}},{"type":"Feature","properties":{"name":"Plaza General Torrijos","kind":"road","road":"tertiary","osm":190794130},"geometry":{"type":"LineString","coordinates":[[-4.41223,36.72047],[-4.41227,36.72058],[-4.41232,36.72064],[-4.41241,36.72069],[-4.41253,36.72072],[-4.41264,36.7207],[-4.41275,36.72066]]}},{"type":"Feature","properties":{"name":"Plaza General Torrijos","kind":"road","road":"tertiary","osm":190794131},"geometry":{"type":"LineString","coordinates":[[-4.41267,36.72022],[-4.41256,36.7202],[-4.41245,36.72021],[-4.41235,36.72025],[-4.41228,36.72032],[-4.41223,36.7204]]}},{"type":"Feature","properties":{"name":"Glorieta Lola Carrera","kind":"road","road":"secondary","osm":190796496},"geometry":{"type":"LineString","coordinates":[[-4.42712,36.71772],[-4.42711,36.71776],[-4.42712,36.7178],[-4.42714,36.71783]]}},{"type":"Feature","properties":{"name":"Calle Hilera","kind":"road","road":"secondary","osm":190796497},"geometry":{"type":"LineString","coordinates":[[-4.42672,36.7178],[-4.42666,36.7178],[-4.42644,36.71781]]}},{"type":"Feature","properties":{"name":"Avenida de la Aurora","kind":"road","road":"secondary","osm":190796499},"geometry":{"type":"LineString","coordinates":[[-4.42694,36.71576],[-4.42692,36.71576],[-4.42661,36.71575]]}},{"type":"Feature","properties":{"name":"Avenida de la Aurora","kind":"road","road":"secondary","osm":190796500},"geometry":{"type":"LineString","coordinates":[[-4.43118,36.7161],[-4.431,36.71607],[-4.43085,36.71605],[-4.43017,36.71593],[-4.43012,36.71593],[-4.43001,36.7159],[-4.42993,36.71588],[-4.42988,36.71586]]}},{"type":"Feature","properties":{"name":"Pasillo del Matadero","kind":"road","road":"primary","osm":190798144},"geometry":{"type":"LineString","coordinates":[[-4.42641,36.71551],[-4.42639,36.71541],[-4.4264,36.71524]]}},{"type":"Feature","properties":{"name":"Pasillo de Santo Domingo","kind":"road","road":"primary","osm":190798146},"geometry":{"type":"LineString","coordinates":[[-4.42626,36.71704],[-4.42629,36.71656]]}},{"type":"Feature","properties":{"name":"Pasillo de Santa Isabel","kind":"road","road":"primary","osm":190816352},"geometry":{"type":"LineString","coordinates":[[-4.42525,36.71935],[-4.42518,36.71975],[-4.42515,36.71994],[-4.42514,36.72001],[-4.42513,36.72042]]}},{"type":"Feature","properties":{"name":"Calle Atarazanas","kind":"road","road":"tertiary","osm":190816355},"geometry":{"type":"LineString","coordinates":[[-4.42408,36.71807],[-4.42426,36.71802]]}},{"type":"Feature","properties":{"name":"Plaza General Torrijos","kind":"road","road":"tertiary","osm":190824055},"geometry":{"type":"LineString","coordinates":[[-4.41283,36.72059],[-4.41286,36.72052],[-4.41287,36.72045],[-4.41285,36.72038],[-4.41281,36.72031],[-4.41275,36.72026],[-4.41267,36.72022]]}},{"type":"Feature","properties":{"name":"Avenida de la Aurora","kind":"road","road":"secondary","osm":191099605},"geometry":{"type":"LineString","coordinates":[[-4.43116,36.71617],[-4.43125,36.71618],[-4.43151,36.71622],[-4.43167,36.71624],[-4.43199,36.71628],[-4.43216,36.71629],[-4.43274,36.71633],[-4.43295,36.71633],[-4.43371,36.71631],[-4.43401,36.71628],[-4.43425,36.71626],[-4.43472,36.7162]]}},{"type":"Feature","properties":{"name":"Calle Cuarteles","kind":"road","road":"secondary","osm":191173976},"geometry":{"type":"LineString","coordinates":[[-4.42641,36.71551],[-4.42644,36.71547],[-4.42663,36.71527],[-4.42667,36.71523],[-4.42678,36.71512],[-4.42686,36.71503],[-4.42757,36.71429],[-4.42761,36.71425],[-4.42775,36.71412],[-4.42797,36.7139],[-4.4285,36.7134],[-4.42855,36.71335]]}},{"type":"Feature","properties":{"name":"Plaza Jesús El Rico","kind":"road","road":"secondary","osm":191382434},"geometry":{"type":"LineString","coordinates":[[-4.41638,36.72235],[-4.41602,36.7222]]}},{"type":"Feature","properties":{"name":"Plaza Jesús El Rico","kind":"road","road":"secondary","osm":191382435},"geometry":{"type":"LineString","coordinates":[[-4.41668,36.72248],[-4.41638,36.72235]]}},{"type":"Feature","properties":{"name":"Plaza Hospital Civil","kind":"road","road":"secondary","osm":191454907},"geometry":{"type":"LineString","coordinates":[[-4.4307,36.72614],[-4.43065,36.7263],[-4.43057,36.72645]]}},{"type":"Feature","properties":{"name":"Calle Armengual de la Mota","kind":"road","road":"secondary","osm":191454910},"geometry":{"type":"LineString","coordinates":[[-4.42933,36.71803],[-4.42937,36.71813],[-4.4294,36.71823]]}},{"type":"Feature","properties":{"name":"Calle Hilera","kind":"road","road":"secondary","osm":191454914},"geometry":{"type":"LineString","coordinates":[[-4.42933,36.71803],[-4.42954,36.71804]]}},{"type":"Feature","properties":{"name":"Calle Armengual de la Mota","kind":"road","road":"secondary","osm":191454916},"geometry":{"type":"LineString","coordinates":[[-4.4294,36.71823],[-4.42945,36.71819],[-4.42954,36.71804]]}},{"type":"Feature","properties":{"name":"Calle Alonso de Palencia","kind":"road","road":"secondary","osm":191454918},"geometry":{"type":"LineString","coordinates":[[-4.43272,36.71962],[-4.43277,36.71959],[-4.43281,36.71958],[-4.43284,36.71957],[-4.43293,36.71957]]}},{"type":"Feature","properties":{"name":"Alameda Principal","kind":"road","road":"tertiary","osm":191454927},"geometry":{"type":"LineString","coordinates":[[-4.42255,36.71765],[-4.4226,36.71777],[-4.42261,36.71779],[-4.42263,36.71784]]}},{"type":"Feature","properties":{"name":"Calle Armengual de la Mota","kind":"road","road":"secondary","osm":191454930},"geometry":{"type":"LineString","coordinates":[[-4.42961,36.71792],[-4.42962,36.7178],[-4.42963,36.71774]]}},{"type":"Feature","properties":{"name":"Calle Hilera","kind":"road","road":"secondary","osm":191454931},"geometry":{"type":"LineString","coordinates":[[-4.42961,36.71792],[-4.4293,36.71791]]}},{"type":"Feature","properties":{"name":"Calle Armengual de la Mota","kind":"road","road":"secondary","osm":191454932},"geometry":{"type":"LineString","coordinates":[[-4.42963,36.71774],[-4.4296,36.71769],[-4.42957,36.71764],[-4.42953,36.71762],[-4.42947,36.71761],[-4.42943,36.71761],[-4.42937,36.71763],[-4.4293,36.71769]]}},{"type":"Feature","properties":{"name":"Plaza del Poeta Manuel Alcántara","kind":"road","road":"secondary","osm":191454934},"geometry":{"type":"LineString","coordinates":[[-4.42982,36.71707],[-4.42988,36.71702],[-4.42993,36.71696]]}},{"type":"Feature","properties":{"name":"Calle Hilera","kind":"road","road":"secondary","osm":191454936},"geometry":{"type":"LineString","coordinates":[[-4.4325,36.71935],[-4.4323,36.71928],[-4.43196,36.71913],[-4.43163,36.71892],[-4.43148,36.71883],[-4.43132,36.71872],[-4.43121,36.71865],[-4.43096,36.71848],[-4.43076,36.71834],[-4.43058,36.71822]]}},{"type":"Feature","properties":{"name":"Glorieta Lola Carrera","kind":"road","road":"secondary","osm":191454939},"geometry":{"type":"LineString","coordinates":[[-4.4273,36.71785],[-4.42734,36.71781],[-4.42736,36.71777]]}},{"type":"Feature","properties":{"name":"Calle Explanada de la Estación","kind":"road","road":"primary","osm":191457579},"geometry":{"type":"LineString","coordinates":[[-4.43153,36.71294],[-4.43146,36.71284]]}},{"type":"Feature","properties":{"name":"Avenida de las Américas","kind":"road","road":"primary","osm":191457580},"geometry":{"type":"LineString","coordinates":[[-4.43123,36.71304],[-4.43137,36.71318],[-4.43186,36.71368],[-4.43194,36.71379],[-4.43194,36.71392]]}},{"type":"Feature","properties":{"name":"Calle San Bartolomé","kind":"road","road":"secondary","osm":191983605},"geometry":{"type":"LineString","coordinates":[[-4.42239,36.72754],[-4.42297,36.72742],[-4.42303,36.72741],[-4.42344,36.72732],[-4.42376,36.72725],[-4.42383,36.72724]]}},{"type":"Feature","properties":{"name":"Calle Don Juan Díaz","kind":"road","road":"pedestrian","osm":192495557},"geometry":{"type":"LineString","coordinates":[[-4.42115,36.71912],[-4.42119,36.71909],[-4.42144,36.71892],[-4.42152,36.71888]]}},{"type":"Feature","properties":{"name":"Jardín Jorge Guillén","kind":"park","road":"","osm":193590627},"geometry":{"type":"Polygon","coordinates":[[[-4.41479,36.71881],[-4.41465,36.71848],[-4.41461,36.71849],[-4.41395,36.71866],[-4.414,36.71873],[-4.41402,36.71875],[-4.41407,36.71881],[-4.4141,36.71885],[-4.41417,36.71894],[-4.4142,36.71898],[-4.41423,36.71897],[-4.41438,36.71893],[-4.41479,36.71881]]]}},{"type":"Feature","properties":{"name":"Jardín Litoral","kind":"park","road":"","osm":193590628},"geometry":{"type":"Polygon","coordinates":[[[-4.41669,36.71792],[-4.41666,36.71793],[-4.41624,36.71804],[-4.41622,36.71804],[-4.41636,36.71837],[-4.41639,36.71836],[-4.4168,36.71825],[-4.41683,36.71824],[-4.41669,36.71792]]]}},{"type":"Feature","properties":{"name":"Jardín Manuel Altolaguirre","kind":"park","road":"","osm":193590629},"geometry":{"type":"Polygon","coordinates":[[[-4.41605,36.71809],[-4.41619,36.71842],[-4.41619,36.71843],[-4.41615,36.71845],[-4.41608,36.71846],[-4.41581,36.71854],[-4.41572,36.71856],[-4.41568,36.71857],[-4.41553,36.71824],[-4.41564,36.7182],[-4.41566,36.71824],[-4.41573,36.71841],[-4.41595,36.71835],[-4.41587,36.71818],[-4.41586,36.71815],[-4.41605,36.71809]]]}},{"type":"Feature","properties":{"name":"Jardín María Zambrano","kind":"park","road":"","osm":193590630},"geometry":{"type":"Polygon","coordinates":[[[-4.41763,36.71802],[-4.4176,36.71796],[-4.41757,36.71789],[-4.41749,36.7177],[-4.41753,36.71769],[-4.41803,36.71755],[-4.41808,36.71754],[-4.41823,36.71787],[-4.41818,36.71789],[-4.41768,36.71802],[-4.41764,36.71803],[-4.41763,36.71802]]]}},{"type":"Feature","properties":{"name":"Plaza del Agua","kind":"park","road":"","osm":193590631},"geometry":{"type":"Polygon","coordinates":[[[-4.41568,36.71857],[-4.41553,36.71824],[-4.41532,36.7183],[-4.41526,36.71831],[-4.41516,36.71834],[-4.41507,36.71836],[-4.41465,36.71848],[-4.41479,36.71881],[-4.41502,36.71875],[-4.41515,36.71871],[-4.4152,36.7187],[-4.41521,36.71872],[-4.41528,36.71871],[-4.41551,36.71864],[-4.4155,36.71862],[-4.41568,36.71857]]]}},{"type":"Feature","properties":{"name":"Jardín Vicente Aleixandre","kind":"park","road":"","osm":193590632},"geometry":{"type":"Polygon","coordinates":[[[-4.41746,36.71807],[-4.41732,36.71774],[-4.41686,36.71787],[-4.417,36.7182],[-4.41701,36.7182],[-4.41725,36.71814],[-4.41742,36.71809],[-4.41746,36.71808],[-4.41746,36.71807]]]}},{"type":"Feature","properties":{"name":"","kind":"park","road":"","osm":193845510},"geometry":{"type":"Polygon","coordinates":[[[-4.41258,36.72301],[-4.41215,36.72288],[-4.41215,36.72286],[-4.41198,36.72284],[-4.41197,36.72288],[-4.41177,36.7229],[-4.41177,36.72297],[-4.41166,36.72297],[-4.41179,36.72312],[-4.41186,36.72316],[-4.4119,36.72316],[-4.41194,36.72315],[-4.41198,36.723],[-4.41225,36.72306],[-4.41228,36.72305],[-4.41262,36.72311],[-4.41263,36.72313],[-4.41263,36.72315],[-4.41266,36.72315],[-4.41262,36.72322],[-4.41266,36.72323],[-4.41271,36.72312],[-4.4127,36.72308],[-4.41256,36.72304],[-4.41258,36.72301]]]}},{"type":"Feature","properties":{"name":"","kind":"park","road":"","osm":193845511},"geometry":{"type":"Polygon","coordinates":[[[-4.41258,36.72314],[-4.41252,36.72317],[-4.41239,36.72316],[-4.41233,36.72318],[-4.41226,36.72325],[-4.41225,36.72337],[-4.41227,36.72343],[-4.41233,36.72345],[-4.41237,36.72353],[-4.41242,36.72357],[-4.41235,36.72356],[-4.41225,36.7235],[-4.41215,36.72343],[-4.41212,36.7234],[-4.41205,36.72327],[-4.41232,36.72309],[-4.41258,36.72314]]]}},{"type":"Feature","properties":{"name":"","kind":"park","road":"","osm":193845512},"geometry":{"type":"Polygon","coordinates":[[[-4.41183,36.72334],[-4.41184,36.72334],[-4.41192,36.72329],[-4.41192,36.72327],[-4.41191,36.72325],[-4.41189,36.72322],[-4.41189,36.72319],[-4.41193,36.72317],[-4.41186,36.72318],[-4.41178,36.72314],[-4.41165,36.723],[-4.41153,36.72308],[-4.41166,36.72318],[-4.41153,36.72328],[-4.41155,36.72331],[-4.41148,36.72337],[-4.41152,36.72337],[-4.41175,36.72329],[-4.41176,36.72335],[-4.41175,36.72338],[-4.41183,36.72334]]]}},{"type":"Feature","properties":{"name":"","kind":"park","road":"","osm":193845513},"geometry":{"type":"Polygon","coordinates":[[[-4.41097,36.72351],[-4.41112,36.72361],[-4.41112,36.72365],[-4.411,36.72366],[-4.41095,36.72363],[-4.41091,36.72367],[-4.41097,36.72372],[-4.41102,36.72368],[-4.41113,36.72367],[-4.41118,36.72373],[-4.41122,36.72371],[-4.41123,36.72372],[-4.41126,36.72375],[-4.41128,36.72389],[-4.41105,36.72392],[-4.41102,36.72392],[-4.41099,36.72392],[-4.41087,36.72391],[-4.4108,36.7239],[-4.4107,36.72365],[-4.41072,36.72362],[-4.41081,36.72359],[-4.41087,36.72354],[-4.41086,36.7235],[-4.41097,36.72351]]]}},{"type":"Feature","properties":{"name":"","kind":"water","road":"","osm":193845514},"geometry":{"type":"Polygon","coordinates":[[[-4.41115,36.72347],[-4.41111,36.72351],[-4.41114,36.72353],[-4.41119,36.72349],[-4.41115,36.72347]]]}},{"type":"Feature","properties":{"name":"","kind":"park","road":"","osm":193845515},"geometry":{"type":"Polygon","coordinates":[[[-4.41207,36.72321],[-4.41221,36.72309],[-4.41201,36.72303],[-4.41198,36.72315],[-4.41207,36.72321]]]}},{"type":"Feature","properties":{"name":"","kind":"park","road":"","osm":193845516},"geometry":{"type":"Polygon","coordinates":[[[-4.41127,36.72374],[-4.41124,36.72371],[-4.41124,36.7237],[-4.41187,36.72339],[-4.41191,36.72347],[-4.4116,36.72357],[-4.41127,36.72374]]]}},{"type":"Feature","properties":{"name":"","kind":"park","road":"","osm":193845519},"geometry":{"type":"Polygon","coordinates":[[[-4.41119,36.72367],[-4.41116,36.72364],[-4.41116,36.72361],[-4.41131,36.72352],[-4.41156,36.72339],[-4.41171,36.72333],[-4.41173,36.72335],[-4.41169,36.72341],[-4.4114,36.72356],[-4.41119,36.72367]]]}},{"type":"Feature","properties":{"name":"","kind":"park","road":"","osm":193845520},"geometry":{"type":"Polygon","coordinates":[[[-4.41198,36.72338],[-4.41199,36.72333],[-4.41201,36.72329],[-4.41203,36.72338],[-4.41211,36.72345],[-4.41221,36.72354],[-4.4122,36.72356],[-4.41197,36.72345],[-4.41193,36.72344],[-4.41198,36.72338]]]}},{"type":"Feature","properties":{"name":"","kind":"park","road":"","osm":193845904},"geometry":{"type":"Polygon","coordinates":[[[-4.41115,36.72342],[-4.41111,36.72339],[-4.41126,36.72324],[-4.4113,36.72327],[-4.41115,36.72342]]]}},{"type":"Feature","properties":{"name":"Patio de Armas","kind":"park","road":"","osm":194549762},"geometry":{"type":"Polygon","coordinates":[[[-4.41653,36.72076],[-4.41655,36.72073],[-4.41651,36.72063],[-4.41633,36.72067],[-4.41633,36.72068],[-4.41633,36.7207],[-4.41637,36.7208],[-4.41644,36.72078],[-4.41648,36.72077],[-4.41653,36.72076]]]}},{"type":"Feature","properties":{"name":"","kind":"water","road":"","osm":194708358},"geometry":{"type":"Polygon","coordinates":[[[-4.41583,36.72117],[-4.41581,36.72116],[-4.41579,36.72118],[-4.41581,36.72119],[-4.41583,36.72117]]]}},{"type":"Feature","properties":{"name":"","kind":"water","road":"","osm":194708359},"geometry":{"type":"Polygon","coordinates":[[[-4.41589,36.72122],[-4.41587,36.72121],[-4.41585,36.72123],[-4.41587,36.72124],[-4.41589,36.72122]]]}},{"type":"Feature","properties":{"name":"","kind":"water","road":"","osm":194708361},"geometry":{"type":"Polygon","coordinates":[[[-4.41577,36.72134],[-4.41579,36.72132],[-4.41571,36.72127],[-4.41569,36.72128],[-4.41577,36.72134]]]}},{"type":"Feature","properties":{"name":"Patio de los Surtidores","kind":"park","road":"","osm":194708363},"geometry":{"type":"Polygon","coordinates":[[[-4.41628,36.72097],[-4.4162,36.7209],[-4.41608,36.72092],[-4.41602,36.72094],[-4.41594,36.72096],[-4.41588,36.7209],[-4.41585,36.72092],[-4.41586,36.72093],[-4.41591,36.72096],[-4.41598,36.721],[-4.41595,36.72103],[-4.41612,36.72115],[-4.41614,36.72113],[-4.41618,36.72107],[-4.41622,36.7211],[-4.41625,36.72107],[-4.41622,36.72104],[-4.41628,36.72097]]]}},{"type":"Feature","properties":{"name":"Pozo Airón","kind":"water","road":"","osm":194709304},"geometry":{"type":"Polygon","coordinates":[[[-4.41105,36.72392],[-4.41104,36.7239],[-4.41101,36.72389],[-4.41099,36.7239],[-4.41099,36.72392],[-4.41102,36.72392],[-4.41105,36.72392]]]}},{"type":"Feature","properties":{"name":"Plaza Hospital Civil","kind":"road","road":"secondary","osm":195493133},"geometry":{"type":"LineString","coordinates":[[-4.43029,36.7277],[-4.43051,36.7271],[-4.43053,36.72701],[-4.43076,36.72633],[-4.43081,36.72617]]}},{"type":"Feature","properties":{"name":"Calle Martínez Maldonado","kind":"road","road":"secondary","osm":195495847},"geometry":{"type":"LineString","coordinates":[[-4.43265,36.72148],[-4.43248,36.72148],[-4.43199,36.72148],[-4.43187,36.72148],[-4.43169,36.72148]]}},{"type":"Feature","properties":{"name":"Avenida Andalucía","kind":"road","road":"primary","osm":196462921},"geometry":{"type":"LineString","coordinates":[[-4.4338,36.71709],[-4.43321,36.71704],[-4.43295,36.71702],[-4.43276,36.71701],[-4.43265,36.717],[-4.43052,36.71685],[-4.43031,36.71682],[-4.43026,36.71682],[-4.43014,36.71681]]}},{"type":"Feature","properties":{"name":"Plazuela San Juan de Dios","kind":"road","road":"pedestrian","osm":198236825},"geometry":{"type":"LineString","coordinates":[[-4.42288,36.72193],[-4.4229,36.72194],[-4.42294,36.72196],[-4.42298,36.72197],[-4.42296,36.72202],[-4.42294,36.72206],[-4.42294,36.72207],[-4.42293,36.72208],[-4.42288,36.72205],[-4.42283,36.72202],[-4.42282,36.72201],[-4.42281,36.72201],[-4.42281,36.722],[-4.42284,36.72196],[-4.42286,36.72192],[-4.42288,36.72193]]}},{"type":"Feature","properties":{"name":"","kind":"road","road":"pedestrian","osm":198236826},"geometry":{"type":"LineString","coordinates":[[-4.42348,36.72138],[-4.42346,36.72154],[-4.42344,36.72162],[-4.42331,36.72161]]}},{"type":"Feature","properties":{"name":"Calle Héroe de Sostoa","kind":"road","road":"primary","osm":205029948},"geometry":{"type":"LineString","coordinates":[[-4.43059,36.71165],[-4.43069,36.71158],[-4.43074,36.71155],[-4.4308,36.7115]]}},{"type":"Feature","properties":{"name":"Calle Pintor Casilari Roldán","kind":"road","road":"pedestrian","osm":228185314},"geometry":{"type":"LineString","coordinates":[[-4.41144,36.71739],[-4.41108,36.71713]]}},{"type":"Feature","properties":{"name":"Calle Reding","kind":"road","road":"pedestrian","osm":228185318},"geometry":{"type":"LineString","coordinates":[[-4.41176,36.7171],[-4.41144,36.71739],[-4.41132,36.7175],[-4.41128,36.71758]]}},{"type":"Feature","properties":{"name":"Calle Puente","kind":"road","road":"pedestrian","osm":234936045},"geometry":{"type":"LineString","coordinates":[[-4.42588,36.72147],[-4.42594,36.72145],[-4.42616,36.72141],[-4.42695,36.72125],[-4.4272,36.7212]]}},{"type":"Feature","properties":{"name":"Pasillo de Santo Domingo","kind":"road","road":"primary","osm":234936047},"geometry":{"type":"LineString","coordinates":[[-4.42565,36.72022],[-4.42566,36.72017],[-4.42573,36.71972],[-4.42578,36.71937],[-4.42584,36.71913],[-4.42594,36.71879],[-4.42611,36.71839],[-4.42619,36.71814],[-4.4262,36.71806],[-4.42621,36.71796],[-4.42621,36.7178],[-4.42621,36.71765]]}},{"type":"Feature","properties":{"name":"Pasillo Guimbarda","kind":"road","road":"primary","osm":234936048},"geometry":{"type":"LineString","coordinates":[[-4.42583,36.72178],[-4.42581,36.72168],[-4.42576,36.72143],[-4.4257,36.7211],[-4.42567,36.72084],[-4.42565,36.72047],[-4.42565,36.72022]]}},{"type":"Feature","properties":{"name":"Plaza del Santuario","kind":"road","road":"pedestrian","osm":243047447},"geometry":{"type":"LineString","coordinates":[[-4.41331,36.72906],[-4.41332,36.72904],[-4.41333,36.72902],[-4.41335,36.729],[-4.41336,36.72898],[-4.41342,36.72901],[-4.41347,36.72904],[-4.4135,36.72904],[-4.41352,36.72903],[-4.41345,36.72889],[-4.4135,36.72883],[-4.41349,36.72879],[-4.41344,36.72862],[-4.41343,36.72859],[-4.4133,36.72856],[-4.41317,36.72854],[-4.41316,36.72857],[-4.41311,36.72872],[-4.41311,36.72874],[-4.41311,36.72875],[-4.4131,36.72876],[-4.41294,36.72885],[-4.41293,36.72884],[-4.41292,36.72885],[-4.41291,36.72886],[-4.4129,36.72887],[-4.41287,36.72892],[-4.41286,36.72893],[-4.41285,36.72894],[-4.41288,36.72895],[-4.41303,36.72902],[-4.41302,36.72903],[-4.41301,36.72905],[-4.41304,36.72906],[-4.41307,36.72908],[-4.41323,36.72915],[-4.41326,36.72917],[-4.41327,36.72916],[-4.41327,36.72917],[-4.41328,36.72916],[-4.41334,36.72919],[-4.41339,36.72921],[-4.41346,36.72925],[-4.41352,36.72916],[-4.41332,36.72907],[-4.41331,36.72906]]}},{"type":"Feature","properties":{"name":"Calle García Briz","kind":"road","road":"pedestrian","osm":249081371},"geometry":{"type":"LineString","coordinates":[[-4.42466,36.72104],[-4.42483,36.72104],[-4.4251,36.72104]]}},{"type":"Feature","properties":{"name":"Calle Hinestrosa","kind":"road","road":"pedestrian","osm":255124153},"geometry":{"type":"LineString","coordinates":[[-4.41845,36.72541],[-4.41915,36.72474],[-4.41939,36.72454]]}},{"type":"Feature","properties":{"name":"Calle Gómez Salazar","kind":"road","road":"pedestrian","osm":255124844},"geometry":{"type":"LineString","coordinates":[[-4.41583,36.72629],[-4.41616,36.72614]]}},{"type":"Feature","properties":{"name":"Calle Carrasco","kind":"road","road":"pedestrian","osm":255124847},"geometry":{"type":"LineString","coordinates":[[-4.41616,36.72614],[-4.41619,36.72607]]}},{"type":"Feature","properties":{"name":"Pasaje Don Valentín Martínez","kind":"road","road":"pedestrian","osm":255126037},"geometry":{"type":"LineString","coordinates":[[-4.4171,36.72472],[-4.41707,36.72473],[-4.41663,36.72493]]}},{"type":"Feature","properties":{"name":"Paseo de España","kind":"road","road":"pedestrian","osm":255809067},"geometry":{"type":"LineString","coordinates":[[-4.41962,36.71787],[-4.41918,36.71799],[-4.4191,36.71801],[-4.41857,36.71816],[-4.41827,36.71823],[-4.4178,36.71836],[-4.41766,36.7184],[-4.41721,36.71853],[-4.4168,36.71864],[-4.41667,36.71867],[-4.41639,36.71875],[-4.41613,36.71883],[-4.41567,36.71895],[-4.41527,36.71906],[-4.4148,36.71919],[-4.414,36.71941],[-4.41344,36.71956],[-4.41323,36.71962],[-4.41303,36.71967],[-4.4128,36.71974],[-4.41246,36.71983],[-4.41242,36.71985],[-4.41238,36.71989]]}},{"type":"Feature","properties":{"name":"Plaza de la Marina","kind":"road","road":"tertiary","osm":255925785},"geometry":{"type":"LineString","coordinates":[[-4.41972,36.71769],[-4.41974,36.71785],[-4.41976,36.71825],[-4.41977,36.71843]]}},{"type":"Feature","properties":{"name":"Calle Salitre","kind":"road","road":"secondary","osm":256558103},"geometry":{"type":"LineString","coordinates":[[-4.42981,36.71129],[-4.42967,36.7114],[-4.42945,36.71158]]}},{"type":"Feature","properties":{"name":"Avenida Arroyo de los Ángeles","kind":"road","road":"secondary","osm":256721124},"geometry":{"type":"LineString","coordinates":[[-4.43416,36.72966],[-4.43399,36.72957],[-4.43366,36.72939],[-4.43273,36.72901],[-4.43181,36.72869],[-4.43169,36.72865],[-4.43135,36.72852],[-4.43063,36.72826],[-4.43039,36.72813],[-4.43036,36.72807]]}},{"type":"Feature","properties":{"name":"Avenida Cánovas del Castillo","kind":"road","road":"primary","osm":257072921},"geometry":{"type":"LineString","coordinates":[[-4.41154,36.71963],[-4.41173,36.7198],[-4.41186,36.71989],[-4.41193,36.71993],[-4.41202,36.71997]]}},{"type":"Feature","properties":{"name":"Puente de la Esperanza","kind":"road","road":"secondary","osm":277000197},"geometry":{"type":"LineString","coordinates":[[-4.42564,36.71783],[-4.42569,36.71783],[-4.42628,36.71783]]}},{"type":"Feature","properties":{"name":"","kind":"road","road":"tertiary","osm":277000199},"geometry":{"type":"LineString","coordinates":[[-4.42633,36.71189],[-4.42637,36.71189],[-4.42655,36.71188],[-4.42669,36.71188]]}},{"type":"Feature","properties":{"name":"Puente de la Misericordia","kind":"road","road":"primary","osm":277000202},"geometry":{"type":"LineString","coordinates":[[-4.42581,36.71575],[-4.42578,36.71575],[-4.42575,36.71575]]}},{"type":"Feature","properties":{"name":"Avenida Manuel Agustín Heredia","kind":"road","road":"primary","osm":277000205},"geometry":{"type":"LineString","coordinates":[[-4.42566,36.7115],[-4.42564,36.71152],[-4.42527,36.7119],[-4.42517,36.71198]]}},{"type":"Feature","properties":{"name":"Puente de la Aurora","kind":"road","road":"secondary","osm":277000207},"geometry":{"type":"LineString","coordinates":[[-4.42534,36.72176],[-4.42537,36.72176],[-4.42578,36.72174]]}},{"type":"Feature","properties":{"name":"","kind":"park","road":"","osm":279187002},"geometry":{"type":"Polygon","coordinates":[[[-4.42048,36.71765],[-4.42052,36.71766],[-4.42072,36.71781],[-4.42068,36.71785],[-4.42048,36.71765]]]}},{"type":"Feature","properties":{"name":"Calle Eclesiastés","kind":"road","road":"pedestrian","osm":282261432},"geometry":{"type":"LineString","coordinates":[[-4.42052,36.72886],[-4.42049,36.72896],[-4.4204,36.72908],[-4.4204,36.7291],[-4.42036,36.72919],[-4.42035,36.72923],[-4.42035,36.72927]]}},{"type":"Feature","properties":{"name":"Plaza Rosa","kind":"road","road":"pedestrian","osm":282261435},"geometry":{"type":"LineString","coordinates":[[-4.41969,36.72662],[-4.4197,36.72663],[-4.41971,36.72661],[-4.41973,36.72658],[-4.41975,36.72657],[-4.41977,36.72653],[-4.41979,36.7265],[-4.41983,36.72651],[-4.41984,36.7265],[-4.41985,36.72649],[-4.41982,36.72648],[-4.41979,36.72647],[-4.41976,36.72646],[-4.41974,36.72645],[-4.41971,36.72643],[-4.41969,36.72642],[-4.41967,36.72642],[-4.41966,36.72641],[-4.41957,36.72653],[-4.41956,36.72654],[-4.41955,36.72656],[-4.41959,36.72658],[-4.41964,36.7266],[-4.41968,36.72662],[-4.41969,36.72662]]}},{"type":"Feature","properties":{"name":"","kind":"road","road":"pedestrian","osm":282261438},"geometry":{"type":"LineString","coordinates":[[-4.42056,36.72564],[-4.42055,36.72566],[-4.42052,36.72563],[-4.42051,36.72562],[-4.42049,36.7256],[-4.42047,36.72559],[-4.42045,36.72557],[-4.42043,36.72555],[-4.42038,36.72551],[-4.42033,36.72546],[-4.42037,36.72546],[-4.42058,36.72547],[-4.42056,36.72564]]}},{"type":"Feature","properties":{"name":"","kind":"road","road":"secondary","osm":284759961},"geometry":{"type":"LineString","coordinates":[[-4.4222,36.72744],[-4.4222,36.72746],[-4.42221,36.72748],[-4.42221,36.72749],[-4.42223,36.72751],[-4.42225,36.72753],[-4.42227,36.72754],[-4.42231,36.72755]]}},{"type":"Feature","properties":{"name":"Pasaje Virgen de África","kind":"road","road":"pedestrian","osm":286586190},"geometry":{"type":"LineString","coordinates":[[-4.43063,36.7106],[-4.43037,36.7104]]}},{"type":"Feature","properties":{"name":"Puerto de Málaga","kind":"coast","road":"","osm":292167392},"geometry":{"type":"LineString","coordinates":[[-4.42963,36.70401],[-4.42929,36.70357],[-4.42904,36.70321],[-4.42875,36.70264],[-4.42867,36.7026],[-4.42861,36.70262],[-4.42854,36.70265],[-4.42851,36.70273],[-4.42859,36.70289],[-4.42877,36.70324],[-4.42912,36.70374],[-4.42949,36.70418],[-4.42987,36.70455],[-4.42823,36.7065],[-4.42817,36.70656],[-4.42808,36.70667],[-4.42805,36.70671],[-4.42793,36.70685],[-4.42649,36.70598],[-4.4263,36.70598],[-4.42618,36.70617],[-4.42616,36.70923],[-4.42626,36.7096],[-4.42627,36.70974],[-4.42624,36.70986],[-4.42598,36.70992],[-4.42568,36.71],[-4.42568,36.70984],[-4.42558,36.70893],[-4.4256,36.70876],[-4.42559,36.70874],[-4.42557,36.70864],[-4.4255,36.70844],[-4.42541,36.70707],[-4.42547,36.70576],[-4.42564,36.70488],[-4.42583,36.704],[-4.42609,36.70276],[-4.42662,36.70254],[-4.42672,36.70257],[-4.42708,36.70161],[-4.42693,36.70157],[-4.42698,36.70146],[-4.42736,36.70155],[-4.42756,36.7015],[-4.42762,36.70135],[-4.42749,36.70122],[-4.42637,36.70107],[-4.42565,36.7011],[-4.42509,36.70135],[-4.42475,36.70165],[-4.42081,36.70123],[-4.42074,36.70136],[-4.41822,36.70109],[-4.4182,36.70123],[-4.42013,36.70143],[-4.41907,36.70789],[-4.41925,36.7079],[-4.41925,36.70781],[-4.41961,36.70784],[-4.41989,36.70791],[-4.42007,36.70806],[-4.42005,36.7083],[-4.42018,36.70838],[-4.42191,36.70811],[-4.42195,36.70822],[-4.4198,36.7086],[-4.41986,36.70875],[-4.4202,36.70868],[-4.42041,36.70924],[-4.42056,36.70921],[-4.42039,36.70875],[-4.42112,36.70861],[-4.42242,36.70925],[-4.42284,36.71039],[-4.42277,36.71049],[-4.42117,36.71087],[-4.42069,36.70956],[-4.42053,36.7096],[-4.42096,36.71077],[-4.41732,36.71164],[-4.4171,36.71184],[-4.41729,36.71235],[-4.41762,36.71244],[-4.42299,36.71117],[-4.42329,36.71198],[-4.42324,36.71212],[-4.42268,36.7126],[-4.42198,36.71321],[-4.41981,36.71507],[-4.41956,36.71488],[-4.41934,36.71516],[-4.41799,36.71452],[-4.41773,36.71475],[-4.41828,36.71602],[-4.41796,36.71611],[-4.41879,36.71697],[-4.41852,36.71713],[-4.41849,36.71715],[-4.41847,36.71716],[-4.4159,36.71786],[-4.41578,36.7179],[-4.41385,36.71843],[-4.41379,36.71844],[-4.41331,36.71785],[-4.41324,36.71776],[-4.41323,36.71765],[-4.41438,36.71583],[-4.41501,36.71483],[-4.41534,36.7143],[-4.41545,36.71412],[-4.41563,36.71382],[-4.41523,36.71365],[-4.41517,36.71358],[-4.4152,36.71355],[-4.41485,36.71267],[-4.41478,36.7125],[-4.41489,36.71232],[-4.41463,36.71222],[-4.41446,36.71185],[-4.41411,36.71154],[-4.41408,36.71145],[-4.41407,36.71141],[-4.41405,36.71136],[-4.4138,36.71079],[-4.41379,36.71075],[-4.41377,36.7107],[-4.41356,36.7102],[-4.41347,36.70972],[-4.41346,36.70947],[-4.414,36.70895],[-4.41545,36.70754],[-4.41545,36.70734],[-4.41549,36.70729],[-4.41551,36.70721],[-4.41549,36.70714],[-4.41545,36.70706],[-4.41524,36.70672],[-4.41551,36.70661],[-4.41535,36.70636],[-4.41509,36.70646],[-4.41494,36.70622],[-4.41521,36.70611],[-4.41457,36.705],[-4.4143,36.70511],[-4.41384,36.70436],[-4.41401,36.70331],[-4.41417,36.7025],[-4.41439,36.70104],[-4.41463,36.69956],[-4.41471,36.69914],[-4.41517,36.69919],[-4.41524,36.69879],[-4.41452,36.69871],[-4.41405,36.70145],[-4.41383,36.70278],[-4.41346,36.70505],[-4.41344,36.70514],[-4.41332,36.70571],[-4.41311,36.70623],[-4.41303,36.70637],[-4.41299,36.70646],[-4.41269,36.70694],[-4.41264,36.707],[-4.41239,36.70736],[-4.41219,36.7077],[-4.41128,36.70906],[-4.41151,36.70916],[-4.41155,36.7091],[-4.41253,36.70761],[-4.41354,36.70804],[-4.41319,36.70857],[-4.413,36.70889],[-4.41284,36.70902],[-4.41279,36.70923],[-4.41277,36.70935],[-4.41272,36.70959],[-4.41271,36.7098],[-4.41271,36.7103],[-4.41302,36.71112],[-4.41341,36.71199],[-4.41378,36.71247]]}},{"type":"Feature","properties":{"name":"","kind":"road","road":"primary","osm":292167397},"geometry":{"type":"LineString","coordinates":[[-4.42765,36.70941],[-4.42761,36.70944],[-4.42758,36.70947],[-4.42754,36.70953],[-4.42752,36.70957]]}},{"type":"Feature","properties":{"name":"Calle Cristo de la Epidemia","kind":"road","road":"secondary","osm":294891022},"geometry":{"type":"LineString","coordinates":[[-4.4148,36.72965],[-4.41492,36.73003],[-4.41501,36.73033],[-4.4151,36.73075],[-4.41517,36.73104],[-4.41521,36.73125],[-4.41523,36.73135],[-4.41525,36.73142],[-4.41549,36.73255],[-4.4155,36.73263],[-4.41553,36.73276],[-4.41554,36.73278],[-4.41555,36.73282]]}},{"type":"Feature","properties":{"name":"Avenida Arroyo de los Ángeles","kind":"road","road":"secondary","osm":295024808},"geometry":{"type":"LineString","coordinates":[[-4.42647,36.72676],[-4.42656,36.7268],[-4.42689,36.72696]]}},{"type":"Feature","properties":{"name":"Calle Mármoles","kind":"road","road":"secondary","osm":295024811},"geometry":{"type":"LineString","coordinates":[[-4.42591,36.72173],[-4.42579,36.72173],[-4.42578,36.72174]]}},{"type":"Feature","properties":{"name":"Avenida Comandante Benítez","kind":"road","road":"primary","osm":302279747},"geometry":{"type":"LineString","coordinates":[[-4.42563,36.71666],[-4.42559,36.71712]]}},{"type":"Feature","properties":{"name":"Calle Manuel José García Caparrós","kind":"road","road":"primary","osm":302279748},"geometry":{"type":"LineString","coordinates":[[-4.42559,36.71712],[-4.42557,36.71735],[-4.42553,36.71774],[-4.42552,36.71781]]}},{"type":"Feature","properties":{"name":"Paseo de los Curas","kind":"road","road":"primary","osm":302279754},"geometry":{"type":"LineString","coordinates":[[-4.41257,36.71956],[-4.41233,36.71963],[-4.4122,36.71965]]}},{"type":"Feature","properties":{"name":"","kind":"road","road":"pedestrian","osm":306093023},"geometry":{"type":"LineString","coordinates":[[-4.42303,36.72623],[-4.42291,36.72616],[-4.42287,36.72611],[-4.42285,36.7261],[-4.42284,36.72609],[-4.42288,36.72606],[-4.42289,36.72606],[-4.42291,36.72605],[-4.42279,36.72593],[-4.42285,36.72588],[-4.42288,36.72585],[-4.423,36.726],[-4.4231,36.72612],[-4.42314,36.72616],[-4.42315,36.72617],[-4.42303,36.72623]]}},{"type":"Feature","properties":{"name":"Plaza de la Goleta","kind":"road","road":"pedestrian","osm":306093024},"geometry":{"type":"LineString","coordinates":[[-4.42549,36.7264],[-4.42549,36.72641],[-4.42549,36.72644],[-4.42548,36.72647],[-4.42546,36.72649],[-4.42545,36.72651],[-4.42543,36.72653],[-4.42541,36.72655],[-4.42539,36.72657],[-4.42536,36.72659],[-4.42534,36.7266],[-4.4253,36.7266],[-4.42526,36.72661],[-4.42527,36.72671],[-4.42529,36.72679],[-4.4253,36.72678],[-4.42546,36.72671],[-4.42545,36.7267],[-4.42547,36.72666],[-4.42551,36.72663],[-4.42553,36.72662],[-4.42555,36.72662],[-4.42553,36.72639],[-4.42551,36.72639],[-4.42549,36.7264]]}},{"type":"Feature","properties":{"name":"Plaza de los Viñeros","kind":"road","road":"pedestrian","osm":306100513},"geometry":{"type":"LineString","coordinates":[[-4.4244,36.72337],[-4.42442,36.72339],[-4.42439,36.72339],[-4.42434,36.7234],[-4.42431,36.7234],[-4.42425,36.72341],[-4.42422,36.72341],[-4.4242,36.72341],[-4.42419,36.72341],[-4.42417,36.72342],[-4.42416,36.72342],[-4.42415,36.72341],[-4.42417,36.72336],[-4.42417,36.72331],[-4.42416,36.72331],[-4.42416,36.7233],[-4.42418,36.72327],[-4.42417,36.72327],[-4.42418,36.72326],[-4.42419,36.72324],[-4.42424,36.72327],[-4.42424,36.72328],[-4.42438,36.72336],[-4.4244,36.72337]]}},{"type":"Feature","properties":{"name":"Calle San Nicolás","kind":"road","road":"pedestrian","osm":311402556},"geometry":{"type":"LineString","coordinates":[[-4.41175,36.71912],[-4.4117,36.71942]]}},{"type":"Feature","properties":{"name":"Calle Plaza de Toros Vieja","kind":"road","road":"tertiary","osm":313109470},"geometry":{"type":"LineString","coordinates":[[-4.428,36.71291],[-4.42809,36.71298],[-4.42844,36.71326],[-4.42855,36.71335]]}},{"type":"Feature","properties":{"name":"Calle Altozano","kind":"road","road":"tertiary","osm":315765575},"geometry":{"type":"LineString","coordinates":[[-4.41603,36.72654],[-4.41643,36.72638]]}},{"type":"Feature","properties":{"name":"","kind":"road","road":"pedestrian","osm":315765577},"geometry":{"type":"LineString","coordinates":[[-4.41625,36.72683],[-4.41622,36.72678],[-4.41594,36.72692],[-4.41557,36.7272]]}},{"type":"Feature","properties":{"name":"Plaza de la Victoria","kind":"road","road":"secondary","osm":315765582},"geometry":{"type":"LineString","coordinates":[[-4.41422,36.72708],[-4.41407,36.72707],[-4.41401,36.72706]]}},{"type":"Feature","properties":{"name":"Calle Victoria","kind":"road","road":"secondary","osm":315765583},"geometry":{"type":"LineString","coordinates":[[-4.41408,36.72653],[-4.41391,36.72674],[-4.41384,36.72682]]}},{"type":"Feature","properties":{"name":"","kind":"park","road":"","osm":315765584},"geometry":{"type":"Polygon","coordinates":[[[-4.41417,36.72701],[-4.41413,36.72701],[-4.4141,36.72701],[-4.4141,36.727],[-4.41405,36.727],[-4.41404,36.727],[-4.41403,36.727],[-4.41397,36.727],[-4.41395,36.72699],[-4.41392,36.72697],[-4.41391,36.72697],[-4.4139,36.72694],[-4.41389,36.72691],[-4.41389,36.72688],[-4.4139,36.72687],[-4.4139,36.72686],[-4.41406,36.72665],[-4.41408,36.72664],[-4.4141,36.72663],[-4.41412,36.72662],[-4.41415,36.72662],[-4.41418,36.72663],[-4.41435,36.72673],[-4.41437,36.72674],[-4.41439,36.72676],[-4.41439,36.72677],[-4.41439,36.72678],[-4.41439,36.72679],[-4.41439,36.7268],[-4.41438,36.72682],[-4.41423,36.72702],[-4.41417,36.72701]]]}},{"type":"Feature","properties":{"name":"Calle Rayito","kind":"road","road":"pedestrian","osm":315767678},"geometry":{"type":"LineString","coordinates":[[-4.41553,36.72632],[-4.41541,36.72644],[-4.41521,36.72631]]}},{"type":"Feature","properties":{"name":"Palmeral de las Sorpresas","kind":"road","road":"pedestrian","osm":322844966},"geometry":{"type":"LineString","coordinates":[[-4.4194,36.71745],[-4.41931,36.71745],[-4.41906,36.7175],[-4.41893,36.71747],[-4.41874,36.71736],[-4.41858,36.71732],[-4.41847,36.71735]]}},{"type":"Feature","properties":{"name":"Paseo Matías Prats","kind":"road","road":"pedestrian","osm":322844969},"geometry":{"type":"LineString","coordinates":[[-4.41424,36.71369],[-4.41418,36.71374],[-4.4141,36.71381],[-4.41385,36.71402],[-4.41356,36.71426],[-4.41243,36.71519],[-4.41249,36.71524],[-4.4122,36.71549],[-4.41218,36.71557],[-4.41223,36.71565],[-4.41231,36.71574],[-4.41235,36.71579]]}},{"type":"Feature","properties":{"name":"Avenida Manuel Agustín Heredia","kind":"road","road":"primary","osm":343432574},"geometry":{"type":"LineString","coordinates":[[-4.42408,36.71309],[-4.42378,36.71338],[-4.42374,36.71341]]}},{"type":"Feature","properties":{"name":"Calle Huéscar","kind":"road","road":"pedestrian","osm":343435912},"geometry":{"type":"LineString","coordinates":[[-4.43085,36.71795],[-4.43098,36.71801],[-4.43159,36.71839],[-4.43238,36.71845],[-4.43243,36.71847],[-4.43255,36.71848],[-4.43261,36.71846],[-4.43324,36.7185],[-4.43328,36.71853],[-4.43337,36.71854],[-4.43343,36.71851],[-4.43368,36.71852],[-4.43389,36.71856],[-4.4341,36.7186],[-4.43417,36.71861],[-4.4342,36.71863],[-4.43422,36.71864],[-4.43439,36.71865],[-4.43464,36.71867],[-4.4347,36.71865],[-4.43486,36.71858],[-4.43489,36.71857]]}},{"type":"Feature","properties":{"name":"Calle Pulidero","kind":"road","road":"pedestrian","osm":343435952},"geometry":{"type":"LineString","coordinates":[[-4.42745,36.72124],[-4.42819,36.72117],[-4.42841,36.72115]]}},{"type":"Feature","properties":{"name":"Pasaje Compositor Lehmberg Ruiz","kind":"road","road":"pedestrian","osm":343436014},"geometry":{"type":"LineString","coordinates":[[-4.42978,36.71749],[-4.42985,36.7175],[-4.42987,36.7175],[-4.43024,36.71753],[-4.43032,36.71756],[-4.43075,36.71787],[-4.4308,36.7179],[-4.43085,36.71795]]}},{"type":"Feature","properties":{"name":"Plaza Fray Alonso de Santo Tomás","kind":"road","road":"pedestrian","osm":343436039},"geometry":{"type":"LineString","coordinates":[[-4.42635,36.71902],[-4.42625,36.71898],[-4.42619,36.71896],[-4.4262,36.71895],[-4.42616,36.71895],[-4.42599,36.71891],[-4.42595,36.71904],[-4.42589,36.71923],[-4.42598,36.71928],[-4.42601,36.71929],[-4.42602,36.7193],[-4.42602,36.71929],[-4.42615,36.71935],[-4.42619,36.71937],[-4.42624,36.7193],[-4.42634,36.71936],[-4.42637,36.71932],[-4.4264,36.71929],[-4.42641,36.71927],[-4.42645,36.71922],[-4.4265,36.71915],[-4.42655,36.71918],[-4.42658,36.71915],[-4.42689,36.71891],[-4.42684,36.71887],[-4.42676,36.71879],[-4.42647,36.71895],[-4.42635,36.71902]]}},{"type":"Feature","properties":{"name":"Calle Santa Clara","kind":"road","road":"pedestrian","osm":343697876},"geometry":{"type":"LineString","coordinates":[[-4.43167,36.72529],[-4.43123,36.72493]]}},{"type":"Feature","properties":{"name":"Calle Jara","kind":"road","road":"pedestrian","osm":344221486},"geometry":{"type":"LineString","coordinates":[[-4.42766,36.72261],[-4.42741,36.72265],[-4.42712,36.72268]]}},{"type":"Feature","properties":{"name":"Calle Jorge Juan","kind":"road","road":"pedestrian","osm":344221487},"geometry":{"type":"LineString","coordinates":[[-4.42818,36.72162],[-4.42818,36.72168],[-4.42816,36.72192],[-4.42816,36.72221]]}},{"type":"Feature","properties":{"name":"Calle Zamorano","kind":"road","road":"pedestrian","osm":344221494},"geometry":{"type":"LineString","coordinates":[[-4.42903,36.72213],[-4.42899,36.72213],[-4.42888,36.72213],[-4.42875,36.72214],[-4.42816,36.72221],[-4.42795,36.72224],[-4.42789,36.72225]]}},{"type":"Feature","properties":{"name":"Calle Cristina","kind":"road","road":"pedestrian","osm":344221495},"geometry":{"type":"LineString","coordinates":[[-4.43159,36.72182],[-4.43171,36.72181]]}},{"type":"Feature","properties":{"name":"Calle Arrebolado","kind":"road","road":"pedestrian","osm":344221497},"geometry":{"type":"LineString","coordinates":[[-4.43162,36.72215],[-4.43173,36.72215]]}},{"type":"Feature","properties":{"name":"Callejón Villazo","kind":"road","road":"pedestrian","osm":344221498},"geometry":{"type":"LineString","coordinates":[[-4.42891,36.72352],[-4.42887,36.72358],[-4.42879,36.72368],[-4.4286,36.72392],[-4.42862,36.72409],[-4.42863,36.72424]]}},{"type":"Feature","properties":{"name":"Plaza San Pablo","kind":"road","road":"pedestrian","osm":344221500},"geometry":{"type":"LineString","coordinates":[[-4.42794,36.72271],[-4.42796,36.72271],[-4.42798,36.7227],[-4.42798,36.72269],[-4.42797,36.72262],[-4.42796,36.72259],[-4.42796,36.72257],[-4.42796,36.72255],[-4.4279,36.72227],[-4.42776,36.72229],[-4.42759,36.72231],[-4.42765,36.72259],[-4.42766,36.72261],[-4.42766,36.72263],[-4.42766,36.7227],[-4.42767,36.72275],[-4.4277,36.72274],[-4.42773,36.72274],[-4.42772,36.72273],[-4.42774,36.72272],[-4.42775,36.7227],[-4.42775,36.72269],[-4.42777,36.72268],[-4.42779,36.72267],[-4.42781,36.72267],[-4.42784,36.72266],[-4.42786,36.72266],[-4.42787,36.72267],[-4.42789,36.72267],[-4.4279,36.72269],[-4.42791,36.7227],[-4.42792,36.7227],[-4.42794,36.7227],[-4.42794,36.72271]]}},{"type":"Feature","properties":{"name":"Calle Calzada de la Trinidad","kind":"road","road":"secondary","osm":344495219},"geometry":{"type":"LineString","coordinates":[[-4.43229,36.72537],[-4.43219,36.7253],[-4.4317,36.72491],[-4.43148,36.72473],[-4.43142,36.72467]]}},{"type":"Feature","properties":{"name":"Avenida Barcelona","kind":"road","road":"secondary","osm":344497097},"geometry":{"type":"LineString","coordinates":[[-4.43136,36.72461],[-4.43119,36.72482],[-4.43105,36.72503],[-4.43094,36.7253]]}},{"type":"Feature","properties":{"name":"Plaza Bailén","kind":"road","road":"secondary","osm":344497098},"geometry":{"type":"LineString","coordinates":[[-4.43163,36.72415],[-4.4316,36.72426],[-4.43144,36.7245],[-4.43141,36.72454],[-4.43136,36.72461]]}},{"type":"Feature","properties":{"name":"Avenida Arroyo de los Ángeles","kind":"road","road":"secondary","osm":344499611},"geometry":{"type":"LineString","coordinates":[[-4.42788,36.72738],[-4.42845,36.7276],[-4.42851,36.72762],[-4.42863,36.72766]]}},{"type":"Feature","properties":{"name":"Paseo Martiricos","kind":"road","road":"primary","osm":344499615},"geometry":{"type":"LineString","coordinates":[[-4.42672,36.7323],[-4.42673,36.73216],[-4.42677,36.73185],[-4.42679,36.73164],[-4.42685,36.73094],[-4.42694,36.72981],[-4.42695,36.72962],[-4.42699,36.72892],[-4.42702,36.72853]]}},{"type":"Feature","properties":{"name":"Avenida Andalucía","kind":"road","road":"secondary","osm":344508347},"geometry":{"type":"LineString","coordinates":[[-4.42676,36.71683],[-4.42731,36.71682],[-4.42761,36.71681],[-4.42807,36.71681],[-4.42874,36.71685],[-4.4289,36.71687],[-4.42915,36.7169]]}},{"type":"Feature","properties":{"name":"Calle Armengual de la Mota","kind":"road","road":"secondary","osm":344508351},"geometry":{"type":"LineString","coordinates":[[-4.4293,36.71769],[-4.4293,36.71778],[-4.4293,36.71787],[-4.4293,36.71791]]}},{"type":"Feature","properties":{"name":"Calle Senador Francisco Román","kind":"road","road":"pedestrian","osm":348528080},"geometry":{"type":"LineString","coordinates":[[-4.42971,36.71425],[-4.43053,36.71355]]}},{"type":"Feature","properties":{"name":"Calle Arriarán","kind":"road","road":"pedestrian","osm":349851314},"geometry":{"type":"LineString","coordinates":[[-4.42167,36.71654],[-4.42178,36.71681]]}},{"type":"Feature","properties":{"name":"Calle Latorre","kind":"road","road":"pedestrian","osm":349851318},"geometry":{"type":"LineString","coordinates":[[-4.42364,36.71576],[-4.4236,36.71577]]}},{"type":"Feature","properties":{"name":"Calle Pedro de Mena","kind":"road","road":"pedestrian","osm":349851319},"geometry":{"type":"LineString","coordinates":[[-4.42163,36.71724],[-4.4218,36.71765]]}},{"type":"Feature","properties":{"name":"Calle Repeso","kind":"road","road":"pedestrian","osm":349851322},"geometry":{"type":"LineString","coordinates":[[-4.42325,36.71573],[-4.4233,36.71585],[-4.42337,36.71602]]}},{"type":"Feature","properties":{"name":"Calle Simonet","kind":"road","road":"pedestrian","osm":349851323},"geometry":{"type":"LineString","coordinates":[[-4.42297,36.71592],[-4.42246,36.71606]]}},{"type":"Feature","properties":{"name":"Calle Simonet","kind":"road","road":"pedestrian","osm":349851324},"geometry":{"type":"LineString","coordinates":[[-4.42246,36.71606],[-4.42198,36.7162]]}},{"type":"Feature","properties":{"name":"Calle Talavera","kind":"road","road":"pedestrian","osm":349851325},"geometry":{"type":"LineString","coordinates":[[-4.42132,36.71733],[-4.4215,36.71773]]}},{"type":"Feature","properties":{"name":"Calle Casas de Campos","kind":"road","road":"pedestrian","osm":349851328},"geometry":{"type":"LineString","coordinates":[[-4.42308,36.71615],[-4.42339,36.71606],[-4.42373,36.71596]]}},{"type":"Feature","properties":{"name":"Calle Casas de Campos","kind":"road","road":"pedestrian","osm":349851329},"geometry":{"type":"LineString","coordinates":[[-4.42207,36.71643],[-4.42256,36.71629],[-4.42308,36.71615]]}},{"type":"Feature","properties":{"name":"Calle Casas de Campos","kind":"road","road":"pedestrian","osm":349851330},"geometry":{"type":"LineString","coordinates":[[-4.42373,36.71596],[-4.42449,36.71577],[-4.42484,36.71567]]}},{"type":"Feature","properties":{"name":"Calle Cruz del Molinillo","kind":"road","road":"secondary","osm":357167018},"geometry":{"type":"LineString","coordinates":[[-4.42566,36.72674],[-4.42545,36.72682],[-4.42535,36.72686],[-4.42508,36.72696],[-4.42492,36.727],[-4.42465,36.72706],[-4.42455,36.72709]]}},{"type":"Feature","properties":{"name":"Calle Capuchinos","kind":"road","road":"secondary","osm":357171234},"geometry":{"type":"LineString","coordinates":[[-4.4225,36.7272],[-4.42228,36.72736],[-4.4222,36.72744]]}},{"type":"Feature","properties":{"name":"Calle Capuchinos","kind":"road","road":"secondary","osm":357171238},"geometry":{"type":"LineString","coordinates":[[-4.4222,36.72744],[-4.42214,36.72751],[-4.42208,36.72758],[-4.42206,36.7276],[-4.42193,36.72778],[-4.42173,36.72809],[-4.42135,36.72869],[-4.42133,36.72874]]}},{"type":"Feature","properties":{"name":"Calle Cruz del Molinillo","kind":"road","road":"secondary","osm":357171243},"geometry":{"type":"LineString","coordinates":[[-4.42455,36.72709],[-4.42427,36.72701]]}},{"type":"Feature","properties":{"name":"Calle Frailes","kind":"road","road":"tertiary","osm":357171246},"geometry":{"type":"LineString","coordinates":[[-4.41868,36.72562],[-4.41877,36.72568]]}},{"type":"Feature","properties":{"name":"Paseo de Reding","kind":"road","road":"secondary","osm":357424607},"geometry":{"type":"LineString","coordinates":[[-4.40975,36.72096],[-4.40995,36.72097],[-4.41035,36.72099],[-4.41037,36.72099],[-4.41041,36.72099],[-4.41054,36.72099],[-4.41067,36.721],[-4.41081,36.721],[-4.41102,36.72101],[-4.4117,36.72104]]}},{"type":"Feature","properties":{"name":"Calle San Bartolomé","kind":"road","road":"secondary","osm":357428772},"geometry":{"type":"LineString","coordinates":[[-4.42383,36.72724],[-4.4241,36.72718],[-4.42419,36.72717],[-4.42422,36.72716]]}},{"type":"Feature","properties":{"name":"Plaza General Torrijos","kind":"road","road":"tertiary","osm":357476509},"geometry":{"type":"LineString","coordinates":[[-4.41275,36.72066],[-4.41279,36.72063],[-4.41283,36.72059]]}},{"type":"Feature","properties":{"name":"","kind":"road","road":"tertiary","osm":357574691},"geometry":{"type":"LineString","coordinates":[[-4.41267,36.72022],[-4.41252,36.72012],[-4.41244,36.72005],[-4.41238,36.72],[-4.41234,36.71996],[-4.41232,36.71994],[-4.41228,36.71988],[-4.41226,36.71984]]}},{"type":"Feature","properties":{"name":"Calle San Patricio","kind":"road","road":"tertiary","osm":357734828},"geometry":{"type":"LineString","coordinates":[[-4.41357,36.72857],[-4.4137,36.7286],[-4.41375,36.72861],[-4.41398,36.72865],[-4.41402,36.72866],[-4.41407,36.72867],[-4.41434,36.72872],[-4.41438,36.72871],[-4.41442,36.72869]]}},{"type":"Feature","properties":{"name":"Avenida Arroyo de los Ángeles","kind":"road","road":"secondary","osm":357794339},"geometry":{"type":"LineString","coordinates":[[-4.42972,36.72804],[-4.4298,36.7281],[-4.42991,36.72814],[-4.43067,36.72843],[-4.4313,36.72865],[-4.43163,36.72877],[-4.43203,36.72891],[-4.4324,36.72904],[-4.43265,36.72914],[-4.43291,36.72923],[-4.43302,36.72928],[-4.4336,36.72952],[-4.43385,36.72965],[-4.4339,36.72968],[-4.43409,36.72979]]}},{"type":"Feature","properties":{"name":"Calle Actriz Rosario Pino","kind":"road","road":"secondary","osm":357794342},"geometry":{"type":"LineString","coordinates":[[-4.42468,36.73119],[-4.42454,36.73154],[-4.42449,36.73167],[-4.42433,36.73207],[-4.42429,36.73215],[-4.42428,36.73219],[-4.42426,36.73224],[-4.42416,36.73245],[-4.42414,36.7325],[-4.42412,36.73253],[-4.42408,36.7326],[-4.42403,36.73268],[-4.42402,36.7327],[-4.424,36.73273],[-4.42399,36.73276]]}},{"type":"Feature","properties":{"name":"Plaza de la Solidaridad","kind":"road","road":"primary","osm":357794353},"geometry":{"type":"LineString","coordinates":[[-4.4324,36.71418],[-4.43245,36.71409]]}},{"type":"Feature","properties":{"name":"Plaza de la Solidaridad","kind":"road","road":"primary","osm":357794354},"geometry":{"type":"LineString","coordinates":[[-4.43245,36.71409],[-4.43245,36.71402],[-4.43244,36.71396]]}},{"type":"Feature","properties":{"name":"Calle Salitre","kind":"road","road":"secondary","osm":358036176},"geometry":{"type":"LineString","coordinates":[[-4.42929,36.71171],[-4.42921,36.71178],[-4.42906,36.71193],[-4.42879,36.71217],[-4.42839,36.71253],[-4.42808,36.71282],[-4.428,36.71291]]}},{"type":"Feature","properties":{"name":"Alameda Principal","kind":"road","road":"pedestrian","osm":358055149},"geometry":{"type":"LineString","coordinates":[[-4.42515,36.71674],[-4.42492,36.7168],[-4.42453,36.71691],[-4.4244,36.71694],[-4.42421,36.717],[-4.42361,36.71716],[-4.42354,36.71718],[-4.42344,36.71721],[-4.42269,36.71741],[-4.42253,36.71745],[-4.42248,36.71747],[-4.42242,36.71748],[-4.4218,36.71765],[-4.42156,36.71771],[-4.4215,36.71773],[-4.42129,36.7178],[-4.42104,36.71787],[-4.42087,36.71792]]}},{"type":"Feature","properties":{"name":"Avenida Cánovas del Castillo","kind":"road","road":"primary","osm":358055161},"geometry":{"type":"LineString","coordinates":[[-4.41226,36.71984],[-4.41225,36.71981],[-4.41225,36.71979],[-4.41224,36.71978],[-4.41222,36.71972]]}},{"type":"Feature","properties":{"name":"Avenida Manuel Agustín Heredia","kind":"road","road":"primary","osm":358055191},"geometry":{"type":"LineString","coordinates":[[-4.42054,36.71672],[-4.42033,36.71697],[-4.42023,36.71707],[-4.41983,36.71749]]}},{"type":"Feature","properties":{"name":"Avenida de la Aurora","kind":"road","road":"secondary","osm":358055199},"geometry":{"type":"LineString","coordinates":[[-4.42949,36.71581],[-4.42928,36.71585],[-4.42926,36.71585],[-4.42875,36.71583],[-4.42849,36.71586]]}},{"type":"Feature","properties":{"name":"Calle Ferrándiz","kind":"road","road":"secondary","osm":358055207},"geometry":{"type":"LineString","coordinates":[[-4.40625,36.7273],[-4.40611,36.72726]]}},{"type":"Feature","properties":{"name":"Calle Armengual de la Mota","kind":"road","road":"secondary","osm":358055209},"geometry":{"type":"LineString","coordinates":[[-4.42921,36.71701],[-4.42927,36.71712],[-4.42933,36.71731],[-4.42933,36.71746]]}},{"type":"Feature","properties":{"name":"Calle Explanada de la Estación","kind":"road","road":"primary","osm":358055210},"geometry":{"type":"LineString","coordinates":[[-4.43076,36.71189],[-4.43067,36.71175],[-4.43065,36.71171],[-4.43059,36.71165]]}},{"type":"Feature","properties":{"name":"Calle Explanada de la Estación","kind":"road","road":"primary","osm":358055211},"geometry":{"type":"LineString","coordinates":[[-4.43049,36.71204],[-4.43055,36.71212],[-4.43057,36.71215],[-4.43092,36.71262],[-4.43116,36.71294],[-4.43118,36.71297]]}},{"type":"Feature","properties":{"name":"Plaza de la Solidaridad","kind":"road","road":"primary","osm":358055215},"geometry":{"type":"LineString","coordinates":[[-4.43191,36.71396],[-4.43189,36.714],[-4.43189,36.71407],[-4.4319,36.71412]]}},{"type":"Feature","properties":{"name":"Plaza de la Solidaridad","kind":"road","road":"primary","osm":358055216},"geometry":{"type":"LineString","coordinates":[[-4.4319,36.71412],[-4.43194,36.71418],[-4.43198,36.71422],[-4.43208,36.71426]]}},{"type":"Feature","properties":{"name":"Paseo Antonio Machado","kind":"road","road":"primary","osm":358086119},"geometry":{"type":"LineString","coordinates":[[-4.42802,36.70929],[-4.42845,36.70872],[-4.42867,36.70847],[-4.42881,36.70831]]}},{"type":"Feature","properties":{"name":"","kind":"road","road":"primary","osm":358086120},"geometry":{"type":"LineString","coordinates":[[-4.42794,36.70953],[-4.42791,36.70947],[-4.42786,36.70943],[-4.4278,36.70941],[-4.42773,36.7094],[-4.42765,36.70941]]}},{"type":"Feature","properties":{"name":"Alameda Capuchinos","kind":"road","road":"secondary","osm":358189132},"geometry":{"type":"LineString","coordinates":[[-4.41961,36.73029],[-4.4191,36.73069],[-4.41876,36.73095],[-4.41865,36.73103],[-4.41854,36.73111],[-4.41756,36.73184],[-4.41754,36.73185]]}},{"type":"Feature","properties":{"name":"Calle Cristo de la Epidemia","kind":"road","road":"secondary","osm":358189138},"geometry":{"type":"LineString","coordinates":[[-4.41457,36.72906],[-4.41454,36.72898],[-4.41446,36.72878],[-4.41442,36.72869]]}},{"type":"Feature","properties":{"name":"Calle Julio Mathias","kind":"road","road":"tertiary","osm":358189140},"geometry":{"type":"LineString","coordinates":[[-4.41834,36.7294],[-4.41823,36.72936],[-4.41787,36.72925],[-4.41778,36.72923]]}},{"type":"Feature","properties":{"name":"Calle Ferrándiz","kind":"road","road":"secondary","osm":358195685},"geometry":{"type":"LineString","coordinates":[[-4.41241,36.72724],[-4.41228,36.72725],[-4.41162,36.72731],[-4.41115,36.7273],[-4.41071,36.72728],[-4.41069,36.72728],[-4.41049,36.72726]]}},{"type":"Feature","properties":{"name":"Pasillo de Santa Isabel","kind":"road","road":"primary","osm":358195690},"geometry":{"type":"LineString","coordinates":[[-4.42514,36.72062],[-4.42515,36.72074]]}},{"type":"Feature","properties":{"name":"Avenida Jorge Silvela","kind":"road","road":"primary","osm":358306366},"geometry":{"type":"LineString","coordinates":[[-4.42526,36.73],[-4.42522,36.73053]]}},{"type":"Feature","properties":{"name":"Paseo del Parque","kind":"road","road":"tertiary","osm":358320727},"geometry":{"type":"LineString","coordinates":[[-4.41315,36.72021],[-4.41297,36.72023],[-4.41267,36.72022]]}},{"type":"Feature","properties":{"name":"Avenida Manuel Agustín Heredia","kind":"road","road":"primary","osm":358336243},"geometry":{"type":"LineString","coordinates":[[-4.42415,36.71313],[-4.42422,36.71305],[-4.42446,36.71281]]}},{"type":"Feature","properties":{"name":"Glorieta Albert Camus","kind":"road","road":"secondary","osm":358350340},"geometry":{"type":"LineString","coordinates":[[-4.4295,36.71604],[-4.42957,36.71608],[-4.42964,36.71609],[-4.42972,36.71609],[-4.42979,36.71607]]}},{"type":"Feature","properties":{"name":"Glorieta Albert Camus","kind":"road","road":"secondary","osm":358350341},"geometry":{"type":"LineString","coordinates":[[-4.42984,36.71603],[-4.42987,36.71599],[-4.42989,36.71595],[-4.42989,36.7159],[-4.42988,36.71586]]}},{"type":"Feature","properties":{"name":"Avenida Doctor Gálvez Ginachero","kind":"road","road":"tertiary","osm":359277405},"geometry":{"type":"LineString","coordinates":[[-4.42683,36.72677],[-4.42655,36.72675]]}},{"type":"Feature","properties":{"name":"Avenida Fátima","kind":"road","road":"primary","osm":359277406},"geometry":{"type":"LineString","coordinates":[[-4.42683,36.72677],[-4.42682,36.72673],[-4.42681,36.7267],[-4.42673,36.72636],[-4.42667,36.72608],[-4.42663,36.7259],[-4.42657,36.72562],[-4.42649,36.72528],[-4.42643,36.72501],[-4.42636,36.72464],[-4.42634,36.72456],[-4.42624,36.72415]]}},{"type":"Feature","properties":{"name":"Calle Héroe de Sostoa","kind":"road","road":"primary","osm":360340117},"geometry":{"type":"LineString","coordinates":[[-4.43179,36.71073],[-4.43185,36.71069],[-4.43188,36.71066]]}},{"type":"Feature","properties":{"name":"Calle Ayala","kind":"road","road":"secondary","osm":360475978},"geometry":{"type":"LineString","coordinates":[[-4.43237,36.70911],[-4.43231,36.70916],[-4.43177,36.70962],[-4.43161,36.70976],[-4.43158,36.70978],[-4.43123,36.71008],[-4.4311,36.71019]]}},{"type":"Feature","properties":{"name":"Calle Ayala","kind":"road","road":"secondary","osm":360475980},"geometry":{"type":"LineString","coordinates":[[-4.43063,36.7106],[-4.43033,36.71085]]}},{"type":"Feature","properties":{"name":"Calle Salitre","kind":"road","road":"secondary","osm":360475982},"geometry":{"type":"LineString","coordinates":[[-4.42665,36.71428],[-4.42662,36.7143],[-4.42659,36.71431],[-4.42655,36.71431],[-4.42653,36.71431],[-4.42649,36.71431]]}},{"type":"Feature","properties":{"name":"Calle Salitre","kind":"road","road":"secondary","osm":360475984},"geometry":{"type":"LineString","coordinates":[[-4.42649,36.71431],[-4.42646,36.7143],[-4.42644,36.71429],[-4.42641,36.71428],[-4.4264,36.71427],[-4.42638,36.71424],[-4.42636,36.7142]]}},{"type":"Feature","properties":{"name":"Calle Salitre","kind":"road","road":"secondary","osm":360475986},"geometry":{"type":"LineString","coordinates":[[-4.42777,36.7132],[-4.42745,36.71352],[-4.42737,36.71359],[-4.4272,36.71376],[-4.4267,36.71425],[-4.42667,36.71427],[-4.42665,36.71428]]}},{"type":"Feature","properties":{"name":"Calle Plaza de Toros Vieja","kind":"road","road":"tertiary","osm":360475990},"geometry":{"type":"LineString","coordinates":[[-4.42669,36.71188],[-4.42676,36.71193],[-4.42729,36.71235],[-4.42747,36.71249],[-4.42771,36.71267],[-4.4279,36.71283],[-4.428,36.71291]]}},{"type":"Feature","properties":{"name":"Pasillo del Matadero","kind":"road","road":"primary","osm":360476002},"geometry":{"type":"LineString","coordinates":[[-4.42636,36.7142],[-4.42636,36.714]]}},{"type":"Feature","properties":{"name":"Pasillo del Matadero","kind":"road","road":"primary","osm":360476003},"geometry":{"type":"LineString","coordinates":[[-4.42637,36.71215],[-4.42637,36.71196],[-4.42637,36.71189]]}},{"type":"Feature","properties":{"name":"Pasillo del Matadero","kind":"road","road":"primary","osm":360476004},"geometry":{"type":"LineString","coordinates":[[-4.42636,36.714],[-4.42636,36.71343],[-4.42636,36.71329],[-4.42637,36.71215]]}},{"type":"Feature","properties":{"name":"Pasillo del Matadero","kind":"road","road":"primary","osm":360476005},"geometry":{"type":"LineString","coordinates":[[-4.42637,36.71189],[-4.42637,36.71184],[-4.42637,36.71109]]}},{"type":"Feature","properties":{"name":"Avenida Ingeniero José María Garnica","kind":"road","road":"primary","osm":360478605},"geometry":{"type":"LineString","coordinates":[[-4.42952,36.71087],[-4.42942,36.71079],[-4.42878,36.71028],[-4.42865,36.71015]]}},{"type":"Feature","properties":{"name":"Avenida Ingeniero José María Garnica","kind":"road","road":"primary","osm":360478610},"geometry":{"type":"LineString","coordinates":[[-4.42952,36.71101],[-4.42956,36.71107]]}},{"type":"Feature","properties":{"name":"Avenida Ingeniero José María Garnica","kind":"road","road":"primary","osm":360478614},"geometry":{"type":"LineString","coordinates":[[-4.42857,36.71026],[-4.42873,36.71036],[-4.42894,36.71051],[-4.42933,36.71082],[-4.42943,36.71091],[-4.42948,36.71096],[-4.42952,36.71101]]}},{"type":"Feature","properties":{"name":"Avenida Ingeniero José María Garnica","kind":"road","road":"primary","osm":360478618},"geometry":{"type":"LineString","coordinates":[[-4.42865,36.71015],[-4.42842,36.70998],[-4.42826,36.70984],[-4.42809,36.70972],[-4.42806,36.70969],[-4.42794,36.70957]]}},{"type":"Feature","properties":{"name":"Glorieta Albert Camus","kind":"road","road":"secondary","osm":360484684},"geometry":{"type":"LineString","coordinates":[[-4.42987,36.71584],[-4.4298,36.71577],[-4.4297,36.71574],[-4.42959,36.71575],[-4.42949,36.71581]]}},{"type":"Feature","properties":{"name":"Calle Hilera","kind":"road","road":"secondary","osm":360980744},"geometry":{"type":"LineString","coordinates":[[-4.42978,36.71805],[-4.43005,36.7181],[-4.43021,36.71816],[-4.43033,36.71822]]}},{"type":"Feature","properties":{"name":"Calle Hilera","kind":"road","road":"secondary","osm":360980745},"geometry":{"type":"LineString","coordinates":[[-4.42954,36.71804],[-4.42978,36.71805]]}},{"type":"Feature","properties":{"name":"Calle Hilera","kind":"road","road":"secondary","osm":360980749},"geometry":{"type":"LineString","coordinates":[[-4.433,36.71944],[-4.43284,36.71942],[-4.4325,36.71935]]}},{"type":"Feature","properties":{"name":"Calle Hilera","kind":"road","road":"secondary","osm":360980750},"geometry":{"type":"LineString","coordinates":[[-4.43236,36.71943],[-4.43254,36.71948],[-4.43266,36.71951]]}},{"type":"Feature","properties":{"name":"Avenida Manuel Agustín Heredia","kind":"road","road":"primary","osm":367453368},"geometry":{"type":"LineString","coordinates":[[-4.42382,36.71346],[-4.42412,36.71316],[-4.42415,36.71313]]}},{"type":"Feature","properties":{"name":"Alameda de Colón","kind":"road","road":"primary","osm":367453371},"geometry":{"type":"LineString","coordinates":[[-4.42403,36.71347],[-4.42409,36.71344],[-4.42415,36.71341],[-4.42418,36.71336],[-4.4242,36.7133],[-4.42421,36.71326]]}},{"type":"Feature","properties":{"name":"Calle Cañón","kind":"road","road":"pedestrian","osm":368620394},"geometry":{"type":"LineString","coordinates":[[-4.41857,36.72063],[-4.41863,36.72052],[-4.41866,36.72045],[-4.41872,36.72032],[-4.41872,36.72022],[-4.41871,36.72008],[-4.4187,36.71998],[-4.41865,36.7197]]}},{"type":"Feature","properties":{"name":"","kind":"road","road":"pedestrian","osm":368620405},"geometry":{"type":"LineString","coordinates":[[-4.4217,36.72099],[-4.42161,36.72099]]}},{"type":"Feature","properties":{"name":"Pasaje Chinitas","kind":"road","road":"pedestrian","osm":368620406},"geometry":{"type":"LineString","coordinates":[[-4.42079,36.72083],[-4.42078,36.72082]]}},{"type":"Feature","properties":{"name":"Calle Ayala","kind":"road","road":"secondary","osm":369466747},"geometry":{"type":"LineString","coordinates":[[-4.43033,36.71085],[-4.43013,36.71103],[-4.43008,36.71107],[-4.43001,36.71113]]}},{"type":"Feature","properties":{"name":"","kind":"park","road":"","osm":370848067},"geometry":{"type":"Polygon","coordinates":[[[-4.43252,36.71432],[-4.43246,36.71438],[-4.43245,36.71449],[-4.43246,36.71455],[-4.43247,36.71457],[-4.43249,36.71457],[-4.43261,36.71454],[-4.43271,36.7145],[-4.43278,36.71447],[-4.43283,36.71444],[-4.43282,36.71443],[-4.43281,36.71443],[-4.43252,36.71432]]]}},{"type":"Feature","properties":{"name":"","kind":"park","road":"","osm":370848068},"geometry":{"type":"Polygon","coordinates":[[[-4.43241,36.7144],[-4.4324,36.71447],[-4.43239,36.7145],[-4.43238,36.7145],[-4.43237,36.7145],[-4.43235,36.71447],[-4.43232,36.71443],[-4.43241,36.7144]]]}},{"type":"Feature","properties":{"name":"","kind":"park","road":"","osm":370848069},"geometry":{"type":"Polygon","coordinates":[[[-4.4321,36.71444],[-4.43203,36.71457],[-4.43211,36.71458],[-4.43219,36.71459],[-4.43225,36.71459],[-4.43233,36.71459],[-4.43235,36.71457],[-4.43235,36.71456],[-4.43232,36.71452],[-4.43227,36.71445],[-4.43225,36.71444],[-4.4321,36.71444]]]}},{"type":"Feature","properties":{"name":"","kind":"park","road":"","osm":370848070},"geometry":{"type":"Polygon","coordinates":[[[-4.43266,36.71409],[-4.43302,36.71422],[-4.43302,36.71418],[-4.433,36.71413],[-4.43297,36.71408],[-4.43295,36.71405],[-4.43293,36.71404],[-4.43289,36.71406],[-4.43282,36.71407],[-4.43274,36.71409],[-4.43269,36.71409],[-4.43266,36.71409]]]}},{"type":"Feature","properties":{"name":"","kind":"park","road":"","osm":370848072},"geometry":{"type":"Polygon","coordinates":[[[-4.43266,36.71391],[-4.43261,36.71394],[-4.43263,36.71402],[-4.43263,36.71407],[-4.43266,36.71408],[-4.43273,36.71407],[-4.4328,36.71406],[-4.43288,36.71403],[-4.43291,36.71403],[-4.43291,36.71402],[-4.43289,36.714],[-4.43284,36.71397],[-4.43279,36.71394],[-4.43273,36.71392],[-4.43268,36.71391],[-4.43266,36.71391]]]}},{"type":"Feature","properties":{"name":"","kind":"park","road":"","osm":370848073},"geometry":{"type":"Polygon","coordinates":[[[-4.43269,36.71389],[-4.43288,36.71382],[-4.43286,36.7138],[-4.43321,36.71367],[-4.43321,36.71383],[-4.43316,36.71388],[-4.43311,36.71392],[-4.43307,36.71395],[-4.43302,36.71398],[-4.43298,36.714],[-4.43295,36.71401],[-4.43293,36.71401],[-4.43291,36.71399],[-4.43288,36.71397],[-4.43284,36.71395],[-4.4328,36.71392],[-4.43275,36.71391],[-4.43269,36.71389]]]}},{"type":"Feature","properties":{"name":"","kind":"park","road":"","osm":370848075},"geometry":{"type":"Polygon","coordinates":[[[-4.43188,36.71448],[-4.43185,36.71454],[-4.43179,36.71453],[-4.43171,36.71449],[-4.43162,36.71444],[-4.43154,36.71439],[-4.43148,36.71434],[-4.43143,36.71429],[-4.43155,36.71425],[-4.43169,36.71421],[-4.43173,36.71427],[-4.4318,36.71431],[-4.43192,36.71439],[-4.43188,36.71448]]]}},{"type":"Feature","properties":{"name":"","kind":"park","road":"","osm":370849907},"geometry":{"type":"Polygon","coordinates":[[[-4.43063,36.71677],[-4.43057,36.71677],[-4.43057,36.71676],[-4.43049,36.71675],[-4.43048,36.71677],[-4.43038,36.71676],[-4.43039,36.71668],[-4.43044,36.71668],[-4.43044,36.71666],[-4.43064,36.71668],[-4.43063,36.71677]]]}},{"type":"Feature","properties":{"name":"","kind":"park","road":"","osm":370849914},"geometry":{"type":"Polygon","coordinates":[[[-4.43238,36.7169],[-4.43199,36.71687],[-4.432,36.71677],[-4.43239,36.7168],[-4.43238,36.7169]]]}},{"type":"Feature","properties":{"name":"","kind":"park","road":"","osm":370849916},"geometry":{"type":"Polygon","coordinates":[[[-4.43146,36.71683],[-4.43102,36.7168],[-4.43103,36.7167],[-4.43147,36.71673],[-4.43146,36.71683]]]}},{"type":"Feature","properties":{"name":"","kind":"park","road":"","osm":370849917},"geometry":{"type":"Polygon","coordinates":[[[-4.43176,36.71685],[-4.43147,36.71683],[-4.43149,36.71674],[-4.43177,36.71676],[-4.43176,36.71685]]]}},{"type":"Feature","properties":{"name":"","kind":"park","road":"","osm":370849918},"geometry":{"type":"Polygon","coordinates":[[[-4.43275,36.71683],[-4.43274,36.71692],[-4.4324,36.7169],[-4.43241,36.7168],[-4.43275,36.71683]]]}},{"type":"Feature","properties":{"name":"","kind":"park","road":"","osm":370849919},"geometry":{"type":"Polygon","coordinates":[[[-4.43085,36.71679],[-4.43065,36.71677],[-4.43066,36.71668],[-4.43086,36.71669],[-4.43085,36.71679]]]}},{"type":"Feature","properties":{"name":"","kind":"park","road":"","osm":370849920},"geometry":{"type":"Polygon","coordinates":[[[-4.43197,36.71687],[-4.43178,36.71686],[-4.43179,36.71676],[-4.43198,36.71677],[-4.43197,36.71687]]]}},{"type":"Feature","properties":{"name":"","kind":"park","road":"","osm":370849922},"geometry":{"type":"Polygon","coordinates":[[[-4.43101,36.7168],[-4.43086,36.71679],[-4.43087,36.71669],[-4.43102,36.7167],[-4.43101,36.7168]]]}},{"type":"Feature","properties":{"name":"","kind":"park","road":"","osm":372308315},"geometry":{"type":"Polygon","coordinates":[[[-4.42674,36.71566],[-4.42675,36.71565],[-4.42675,36.71564],[-4.42674,36.71561],[-4.42671,36.71552],[-4.4267,36.71547],[-4.42669,36.71544],[-4.42668,36.71542],[-4.42667,36.7154],[-4.42665,36.7154],[-4.42664,36.71541],[-4.42659,36.71544],[-4.42655,36.71548],[-4.42654,36.71553],[-4.42654,36.71557],[-4.42655,36.71559],[-4.42657,36.71562],[-4.4266,36.71564],[-4.42664,36.71566],[-4.42666,36.71566],[-4.42674,36.71566]]]}},{"type":"Feature","properties":{"name":"","kind":"park","road":"","osm":372308330},"geometry":{"type":"Polygon","coordinates":[[[-4.4321,36.71725],[-4.43176,36.71722],[-4.43177,36.71713],[-4.43211,36.71715],[-4.4321,36.71725]]]}},{"type":"Feature","properties":{"name":"","kind":"park","road":"","osm":372308331},"geometry":{"type":"Polygon","coordinates":[[[-4.43093,36.71717],[-4.43094,36.71707],[-4.43076,36.71706],[-4.43075,36.71709],[-4.43066,36.71708],[-4.43066,36.71705],[-4.43059,36.71705],[-4.43058,36.71714],[-4.43093,36.71717]]]}},{"type":"Feature","properties":{"name":"","kind":"park","road":"","osm":372308336},"geometry":{"type":"Polygon","coordinates":[[[-4.43311,36.71732],[-4.43312,36.71722],[-4.43276,36.7172],[-4.43275,36.71729],[-4.43311,36.71732]]]}},{"type":"Feature","properties":{"name":"","kind":"park","road":"","osm":372308337},"geometry":{"type":"Polygon","coordinates":[[[-4.4327,36.71729],[-4.43271,36.71719],[-4.43245,36.71718],[-4.43244,36.71727],[-4.4327,36.71729]]]}},{"type":"Feature","properties":{"name":"","kind":"park","road":"","osm":372308343},"geometry":{"type":"Polygon","coordinates":[[[-4.43242,36.71727],[-4.43212,36.71725],[-4.43213,36.71716],[-4.43243,36.71717],[-4.43242,36.71727]]]}},{"type":"Feature","properties":{"name":"","kind":"park","road":"","osm":372308344},"geometry":{"type":"Polygon","coordinates":[[[-4.4312,36.71719],[-4.43121,36.71709],[-4.43096,36.71707],[-4.43095,36.71717],[-4.4312,36.71719]]]}},{"type":"Feature","properties":{"name":"","kind":"park","road":"","osm":372308346},"geometry":{"type":"Polygon","coordinates":[[[-4.43155,36.71721],[-4.43155,36.71712],[-4.43147,36.71711],[-4.43122,36.71709],[-4.43121,36.71719],[-4.43155,36.71721]]]}},{"type":"Feature","properties":{"name":"","kind":"park","road":"","osm":372308349},"geometry":{"type":"Polygon","coordinates":[[[-4.43056,36.71714],[-4.43057,36.71705],[-4.43049,36.71704],[-4.43049,36.71706],[-4.43035,36.71705],[-4.43035,36.71708],[-4.43042,36.71713],[-4.43056,36.71714]]]}},{"type":"Feature","properties":{"name":"","kind":"park","road":"","osm":372308350},"geometry":{"type":"Polygon","coordinates":[[[-4.43168,36.71722],[-4.43169,36.71719],[-4.43168,36.71717],[-4.43166,36.71714],[-4.43162,36.71712],[-4.43157,36.71712],[-4.43156,36.71721],[-4.43168,36.71722]]]}},{"type":"Feature","properties":{"name":"","kind":"park","road":"","osm":372308351},"geometry":{"type":"Polygon","coordinates":[[[-4.43172,36.71722],[-4.43174,36.71722],[-4.43175,36.71713],[-4.43169,36.71712],[-4.4317,36.71714],[-4.43171,36.71716],[-4.43172,36.71718],[-4.43172,36.7172],[-4.43172,36.71722]]]}},{"type":"Feature","properties":{"name":"Avenida Andalucía","kind":"road","road":"primary","osm":372818252},"geometry":{"type":"LineString","coordinates":[[-4.43274,36.71712],[-4.43337,36.71717],[-4.43388,36.71721]]}},{"type":"Feature","properties":{"name":"Avenida de la Aurora","kind":"road","road":"secondary","osm":372818253},"geometry":{"type":"LineString","coordinates":[[-4.43469,36.71615],[-4.43445,36.71617],[-4.43423,36.7162],[-4.43371,36.71625],[-4.43295,36.71627],[-4.43274,36.71627],[-4.43244,36.71626],[-4.43223,36.71625],[-4.43216,36.71624],[-4.43199,36.71622],[-4.43134,36.71612],[-4.43118,36.7161]]}},{"type":"Feature","properties":{"name":"Avenida de las Américas","kind":"road","road":"primary","osm":372818261},"geometry":{"type":"LineString","coordinates":[[-4.43323,36.71438],[-4.43316,36.71436],[-4.43271,36.71419],[-4.43255,36.71413],[-4.43245,36.71409]]}},{"type":"Feature","properties":{"name":"Calle Alonso de Palencia","kind":"road","road":"secondary","osm":372818263},"geometry":{"type":"LineString","coordinates":[[-4.43272,36.71962],[-4.43266,36.71951]]}},{"type":"Feature","properties":{"name":"Calle Alonso de Palencia","kind":"road","road":"secondary","osm":372818264},"geometry":{"type":"LineString","coordinates":[[-4.43277,36.72008],[-4.43275,36.71985],[-4.43272,36.71962]]}},{"type":"Feature","properties":{"name":"Calle Hilera","kind":"road","road":"secondary","osm":372818269},"geometry":{"type":"LineString","coordinates":[[-4.4309,36.7186],[-4.43104,36.7187],[-4.43113,36.71876]]}},{"type":"Feature","properties":{"name":"Calle Hilera","kind":"road","road":"secondary","osm":372818271},"geometry":{"type":"LineString","coordinates":[[-4.42897,36.71797],[-4.42905,36.71798],[-4.42933,36.71803]]}},{"type":"Feature","properties":{"name":"Calle Hilera","kind":"road","road":"secondary","osm":372818273},"geometry":{"type":"LineString","coordinates":[[-4.42902,36.71789],[-4.42898,36.71788],[-4.42766,36.71778],[-4.4276,36.71778],[-4.42739,36.71777],[-4.42736,36.71777]]}},{"type":"Feature","properties":{"name":"Calle Hilera","kind":"road","road":"secondary","osm":372818274},"geometry":{"type":"LineString","coordinates":[[-4.43113,36.71876],[-4.43139,36.71892],[-4.43189,36.71922]]}},{"type":"Feature","properties":{"name":"Calle Hilera","kind":"road","road":"secondary","osm":372818275},"geometry":{"type":"LineString","coordinates":[[-4.43189,36.71922],[-4.43216,36.71935],[-4.43224,36.71939],[-4.43236,36.71943]]}},{"type":"Feature","properties":{"name":"Calle Hilera","kind":"road","road":"secondary","osm":372818276},"geometry":{"type":"LineString","coordinates":[[-4.43033,36.71822],[-4.43036,36.71825],[-4.43053,36.71836],[-4.43064,36.71844],[-4.43071,36.71848],[-4.4309,36.7186]]}},{"type":"Feature","properties":{"name":"Calle Armengual de la Mota","kind":"road","road":"secondary","osm":372818280},"geometry":{"type":"LineString","coordinates":[[-4.42954,36.71804],[-4.42961,36.71792]]}},{"type":"Feature","properties":{"name":"Calle Armengual de la Mota","kind":"road","road":"secondary","osm":372818281},"geometry":{"type":"LineString","coordinates":[[-4.42933,36.71746],[-4.42932,36.71752],[-4.4293,36.71769]]}},{"type":"Feature","properties":{"name":"Calle Armengual de la Mota","kind":"road","road":"secondary","osm":372818282},"geometry":{"type":"LineString","coordinates":[[-4.4297,36.71727],[-4.42976,36.71719],[-4.42982,36.71707]]}},{"type":"Feature","properties":{"name":"Calle Explanada de la Estación","kind":"road","road":"primary","osm":372818283},"geometry":{"type":"LineString","coordinates":[[-4.43118,36.71297],[-4.43123,36.71304]]}},{"type":"Feature","properties":{"name":"Calle Explanada de la Estación","kind":"road","road":"primary","osm":372818284},"geometry":{"type":"LineString","coordinates":[[-4.43146,36.71284],[-4.43143,36.71281],[-4.4313,36.71263],[-4.43106,36.71231]]}},{"type":"Feature","properties":{"name":"Glorieta Lola Carrera","kind":"road","road":"secondary","osm":372823132},"geometry":{"type":"LineString","coordinates":[[-4.42736,36.71777],[-4.42734,36.71772]]}},{"type":"Feature","properties":{"name":"Glorieta Lola Carrera","kind":"road","road":"secondary","osm":372823134},"geometry":{"type":"LineString","coordinates":[[-4.42734,36.71772],[-4.42731,36.71769],[-4.42727,36.71767],[-4.42723,36.71767],[-4.42718,36.71768],[-4.42713,36.71771]]}},{"type":"Feature","properties":{"name":"Glorieta Lola Carrera","kind":"road","road":"secondary","osm":372823137},"geometry":{"type":"LineString","coordinates":[[-4.42714,36.71783],[-4.42717,36.71785],[-4.4272,36.71786],[-4.42723,36.71787],[-4.42727,36.71786],[-4.4273,36.71785]]}},{"type":"Feature","properties":{"name":"Calle Hilera","kind":"road","road":"secondary","osm":373181162},"geometry":{"type":"LineString","coordinates":[[-4.42697,36.71782],[-4.42706,36.71783],[-4.42714,36.71783]]}},{"type":"Feature","properties":{"name":"Pasillo del Matadero","kind":"road","road":"primary","osm":373181166},"geometry":{"type":"LineString","coordinates":[[-4.42629,36.71656],[-4.42633,36.71611]]}},{"type":"Feature","properties":{"name":"Pasillo del Matadero","kind":"road","road":"primary","osm":373181167},"geometry":{"type":"LineString","coordinates":[[-4.42633,36.71611],[-4.42633,36.71601],[-4.42637,36.7159]]}},{"type":"Feature","properties":{"name":"Pasillo de Santo Domingo","kind":"road","road":"primary","osm":373181169},"geometry":{"type":"LineString","coordinates":[[-4.42621,36.71765],[-4.42624,36.71722],[-4.42625,36.71711],[-4.42626,36.71704]]}},{"type":"Feature","properties":{"name":"Calle La Serna","kind":"road","road":"tertiary","osm":373208234},"geometry":{"type":"LineString","coordinates":[[-4.42971,36.71425],[-4.42974,36.71426],[-4.43035,36.71472],[-4.43038,36.71474],[-4.43042,36.71477]]}},{"type":"Feature","properties":{"name":"Pasillo del Matadero","kind":"road","road":"primary","osm":373368142},"geometry":{"type":"LineString","coordinates":[[-4.4264,36.71524],[-4.42641,36.71458]]}},{"type":"Feature","properties":{"name":"Pasillo del Matadero","kind":"road","road":"primary","osm":373368143},"geometry":{"type":"LineString","coordinates":[[-4.42641,36.71458],[-4.42641,36.71449],[-4.42639,36.71442]]}},{"type":"Feature","properties":{"name":"Calle Héroe de Sostoa","kind":"road","road":"primary","osm":373389040},"geometry":{"type":"LineString","coordinates":[[-4.43173,36.71078],[-4.43179,36.71073]]}},{"type":"Feature","properties":{"name":"Calle Héroe de Sostoa","kind":"road","road":"primary","osm":373389053},"geometry":{"type":"LineString","coordinates":[[-4.43188,36.71066],[-4.43249,36.71016]]}},{"type":"Feature","properties":{"name":"Calle Héroe de Sostoa","kind":"road","road":"primary","osm":373389055},"geometry":{"type":"LineString","coordinates":[[-4.4308,36.7115],[-4.43089,36.71143],[-4.43105,36.71131]]}},{"type":"Feature","properties":{"name":"Calle Salitre","kind":"road","road":"secondary","osm":373389057},"geometry":{"type":"LineString","coordinates":[[-4.42945,36.71158],[-4.42939,36.71163]]}},{"type":"Feature","properties":{"name":"Calle Salitre","kind":"road","road":"secondary","osm":373389058},"geometry":{"type":"LineString","coordinates":[[-4.42939,36.71163],[-4.42929,36.71171]]}},{"type":"Feature","properties":{"name":"Calle Héroe de Sostoa","kind":"road","road":"primary","osm":374410125},"geometry":{"type":"LineString","coordinates":[[-4.43164,36.71085],[-4.43173,36.71078]]}},{"type":"Feature","properties":{"name":"Calle Héroe de Sostoa","kind":"road","road":"primary","osm":374410134},"geometry":{"type":"LineString","coordinates":[[-4.43249,36.71016],[-4.43305,36.70973],[-4.43311,36.70968]]}},{"type":"Feature","properties":{"name":"Paseo de los Tilos","kind":"road","road":"secondary","osm":375043045},"geometry":{"type":"LineString","coordinates":[[-4.43332,36.71347],[-4.43254,36.71371],[-4.43234,36.71378],[-4.43223,36.71382]]}},{"type":"Feature","properties":{"name":"Avenida Ingeniero José María Garnica","kind":"road","road":"primary","osm":375045117},"geometry":{"type":"LineString","coordinates":[[-4.42833,36.71007],[-4.42857,36.71026]]}},{"type":"Feature","properties":{"name":"Avenida Ingeniero José María Garnica","kind":"road","road":"primary","osm":375045118},"geometry":{"type":"LineString","coordinates":[[-4.42956,36.71107],[-4.42968,36.71118],[-4.42981,36.71129]]}},{"type":"Feature","properties":{"name":"","kind":"road","road":"pedestrian","osm":375509315},"geometry":{"type":"LineString","coordinates":[[-4.42438,36.72338],[-4.42419,36.72327],[-4.42418,36.72326]]}},{"type":"Feature","properties":{"name":"Calle Cobertizo de Malaver","kind":"road","road":"pedestrian","osm":375509316},"geometry":{"type":"LineString","coordinates":[[-4.42419,36.72341],[-4.42418,36.7235],[-4.42418,36.72364],[-4.42419,36.72383]]}},{"type":"Feature","properties":{"name":"Calle Puerta de Antequera","kind":"road","road":"pedestrian","osm":375509317},"geometry":{"type":"LineString","coordinates":[[-4.42411,36.72288],[-4.42403,36.72283],[-4.42388,36.72272]]}},{"type":"Feature","properties":{"name":"","kind":"park","road":"","osm":375515410},"geometry":{"type":"Polygon","coordinates":[[[-4.42103,36.71675],[-4.42101,36.71677],[-4.42098,36.71679],[-4.42092,36.71681],[-4.42092,36.71677],[-4.42091,36.71672],[-4.4209,36.71668],[-4.4209,36.71664],[-4.42093,36.71658],[-4.4211,36.71668],[-4.42103,36.71675]]]}},{"type":"Feature","properties":{"name":"","kind":"park","road":"","osm":375515413},"geometry":{"type":"Polygon","coordinates":[[[-4.42067,36.71689],[-4.42069,36.71691],[-4.4207,36.71693],[-4.42071,36.71695],[-4.4207,36.71697],[-4.42068,36.71699],[-4.42066,36.717],[-4.42063,36.71701],[-4.42063,36.71702],[-4.42062,36.71707],[-4.4206,36.71711],[-4.42057,36.71713],[-4.42054,36.71714],[-4.42048,36.71715],[-4.42043,36.71714],[-4.4204,36.7171],[-4.42061,36.71684],[-4.42093,36.71652],[-4.42091,36.71657],[-4.42087,36.71662],[-4.42086,36.71668],[-4.42088,36.71672],[-4.42089,36.71677],[-4.42089,36.71682],[-4.42088,36.71686],[-4.42085,36.71687],[-4.4208,36.71686],[-4.42075,36.71688],[-4.42068,36.71689],[-4.42067,36.71689]]]}},{"type":"Feature","properties":{"name":"","kind":"park","road":"","osm":375515415},"geometry":{"type":"Polygon","coordinates":[[[-4.42113,36.71694],[-4.42107,36.71695],[-4.42102,36.71692],[-4.42099,36.71689],[-4.42099,36.71686],[-4.421,36.71683],[-4.42105,36.7168],[-4.4211,36.71679],[-4.42117,36.7168],[-4.4212,36.71683],[-4.42121,36.71685],[-4.42122,36.71688],[-4.42119,36.71691],[-4.42117,36.71693],[-4.42113,36.71694]]]}},{"type":"Feature","properties":{"name":"Pasaje Doctor Carrillo Casaux","kind":"road","road":"pedestrian","osm":376490483},"geometry":{"type":"LineString","coordinates":[[-4.41352,36.71855],[-4.41292,36.71858],[-4.41284,36.71859],[-4.41238,36.71855]]}},{"type":"Feature","properties":{"name":"Avenida Jorge Silvela","kind":"road","road":"primary","osm":389744948},"geometry":{"type":"LineString","coordinates":[[-4.42515,36.73273],[-4.42517,36.73254],[-4.42518,36.73245],[-4.42527,36.73118],[-4.4253,36.73074],[-4.42535,36.73016],[-4.42537,36.72992],[-4.42537,36.72988],[-4.42537,36.72984]]}},{"type":"Feature","properties":{"name":"Calle San Juan de Letrán","kind":"road","road":"pedestrian","osm":404009588},"geometry":{"type":"LineString","coordinates":[[-4.41868,36.72437],[-4.41844,36.72416],[-4.41835,36.72409],[-4.41777,36.7237]]}},{"type":"Feature","properties":{"name":"Parque Robert Baden Powell","kind":"park","road":"","osm":410081058},"geometry":{"type":"Polygon","coordinates":[[[-4.40258,36.72748],[-4.40249,36.72743],[-4.4025,36.72747],[-4.40248,36.72749],[-4.40254,36.72781],[-4.40256,36.72782],[-4.40272,36.72875],[-4.4027,36.72878],[-4.4027,36.72881],[-4.40283,36.72881],[-4.40291,36.72877],[-4.40295,36.72873],[-4.40296,36.72866],[-4.40299,36.72833],[-4.40301,36.72824],[-4.40321,36.72789],[-4.40326,36.72781],[-4.40329,36.72771],[-4.40332,36.72759],[-4.40334,36.72752],[-4.40339,36.72744],[-4.40328,36.72744],[-4.40298,36.72745],[-4.40298,36.72746],[-4.40291,36.72745],[-4.40291,36.72746],[-4.40258,36.72748]]]}},{"type":"Feature","properties":{"name":"","kind":"park","road":"","osm":410207783},"geometry":{"type":"Polygon","coordinates":[[[-4.41611,36.73173],[-4.41612,36.73173],[-4.41614,36.73172],[-4.41616,36.73171],[-4.41616,36.73169],[-4.41606,36.73148],[-4.41601,36.73147],[-4.41593,36.73148],[-4.41588,36.73149],[-4.41584,36.7315],[-4.41582,36.73146],[-4.41589,36.73145],[-4.41605,36.7314],[-4.41599,36.73127],[-4.41636,36.73128],[-4.41639,36.73132],[-4.41635,36.7318],[-4.41633,36.73183],[-4.41615,36.73145],[-4.41619,36.73144],[-4.41618,36.73141],[-4.41614,36.73142],[-4.41614,36.73143],[-4.41609,36.73145],[-4.41621,36.73175],[-4.41612,36.73178],[-4.41587,36.73159],[-4.41594,36.73157],[-4.41595,36.73159],[-4.41597,36.7316],[-4.41598,36.7316],[-4.41599,36.73159],[-4.41599,36.73157],[-4.41607,36.73155],[-4.4161,36.73159],[-4.41605,36.7316],[-4.41604,36.73162],[-4.41603,36.73162],[-4.41603,36.73164],[-4.41603,36.73166],[-4.41611,36.73173]]]}},{"type":"Feature","properties":{"name":"","kind":"park","road":"","osm":410212436},"geometry":{"type":"Polygon","coordinates":[[[-4.41665,36.72194],[-4.4167,36.72185],[-4.41673,36.72179],[-4.41676,36.7218],[-4.41678,36.72177],[-4.4168,36.72178],[-4.41685,36.72172],[-4.41686,36.72168],[-4.4168,36.72167],[-4.41676,36.72168],[-4.41679,36.72172],[-4.41675,36.72177],[-4.41674,36.72177],[-4.41664,36.72192],[-4.41662,36.72191],[-4.41675,36.72171],[-4.41674,36.72169],[-4.41644,36.72176],[-4.41639,36.72185],[-4.41634,36.72182],[-4.41635,36.7218],[-4.41632,36.72178],[-4.41615,36.72186],[-4.41569,36.72198],[-4.41559,36.72218],[-4.41588,36.72238],[-4.4159,36.72235],[-4.41592,36.72232],[-4.41595,36.72228],[-4.41597,36.72226],[-4.41592,36.72223],[-4.41592,36.72222],[-4.41595,36.72217],[-4.41598,36.72211],[-4.41607,36.72212],[-4.41611,36.72207],[-4.41624,36.72205],[-4.4163,36.72209],[-4.41637,36.72205],[-4.41639,36.72202],[-4.4164,36.72201],[-4.41645,36.72203],[-4.41651,36.72206],[-4.41661,36.72192],[-4.41665,36.72194]]]}},{"type":"Feature","properties":{"name":"","kind":"park","road":"","osm":410225375},"geometry":{"type":"Polygon","coordinates":[[[-4.42393,36.71289],[-4.42382,36.71299],[-4.42389,36.71301],[-4.42398,36.713],[-4.42405,36.71297],[-4.42393,36.71289]]]}},{"type":"Feature","properties":{"name":"","kind":"park","road":"","osm":410232862},"geometry":{"type":"Polygon","coordinates":[[[-4.42037,36.71667],[-4.42038,36.71667],[-4.42039,36.71658],[-4.4204,36.71654],[-4.42044,36.71649],[-4.42047,36.71646],[-4.42051,36.71644],[-4.42056,36.71642],[-4.42058,36.71641],[-4.42054,36.71641],[-4.42048,36.71642],[-4.42043,36.71642],[-4.42041,36.71643],[-4.42039,36.71647],[-4.42039,36.71651],[-4.42037,36.71667]]]}},{"type":"Feature","properties":{"name":"Calle Postigo de los Abades","kind":"road","road":"pedestrian","osm":419482037},"geometry":{"type":"LineString","coordinates":[[-4.41977,36.71971],[-4.41984,36.71968],[-4.41986,36.71966],[-4.4199,36.71961],[-4.41992,36.71957],[-4.41995,36.71948]]}},{"type":"Feature","properties":{"name":"Glorieta Albert Camus","kind":"road","road":"secondary","osm":421813782},"geometry":{"type":"LineString","coordinates":[[-4.42978,36.71654],[-4.42975,36.71642],[-4.42977,36.71623],[-4.42978,36.71616],[-4.42979,36.71607]]}},{"type":"Feature","properties":{"name":"Plaza del Poeta Manuel Alcántara","kind":"road","road":"secondary","osm":421813784},"geometry":{"type":"LineString","coordinates":[[-4.42916,36.71671],[-4.42913,36.7168],[-4.42915,36.7169]]}},{"type":"Feature","properties":{"name":"Plaza del Poeta Manuel Alcántara","kind":"road","road":"secondary","osm":421816072},"geometry":{"type":"LineString","coordinates":[[-4.42921,36.71701],[-4.42929,36.71708],[-4.42939,36.71713],[-4.4295,36.71715],[-4.42962,36.71715],[-4.42973,36.71712],[-4.42982,36.71707]]}},{"type":"Feature","properties":{"name":"Calle Sancha de Lara","kind":"road","road":"pedestrian","osm":428445752},"geometry":{"type":"LineString","coordinates":[[-4.42145,36.71841],[-4.42139,36.71842],[-4.42132,36.71846],[-4.42092,36.71878],[-4.42086,36.7188],[-4.42073,36.71885],[-4.42059,36.71889],[-4.4205,36.71889],[-4.42,36.71891],[-4.4199,36.71892]]}},{"type":"Feature","properties":{"name":"Calle Túnel de la Alcazaba","kind":"road","road":"secondary","osm":435720575},"geometry":{"type":"LineString","coordinates":[[-4.41289,36.72116],[-4.41282,36.72114]]}},{"type":"Feature","properties":{"name":"Calle Victoria","kind":"road","road":"secondary","osm":435720576},"geometry":{"type":"LineString","coordinates":[[-4.41687,36.7229],[-4.41683,36.72296]]}},{"type":"Feature","properties":{"name":"Glorieta Albert Camus","kind":"road","road":"secondary","osm":436794438},"geometry":{"type":"LineString","coordinates":[[-4.4295,36.71604],[-4.42948,36.71615],[-4.42947,36.7162],[-4.42944,36.7164],[-4.4294,36.71651]]}},{"type":"Feature","properties":{"name":"Plaza de la Marina","kind":"road","road":"pedestrian","osm":436795864},"geometry":{"type":"LineString","coordinates":[[-4.41995,36.71861],[-4.42,36.71861],[-4.42034,36.71852],[-4.42057,36.71846],[-4.42076,36.71841],[-4.42121,36.71828],[-4.42133,36.71821]]}},{"type":"Feature","properties":{"name":"Calle Ancla","kind":"road","road":"pedestrian","osm":436976430},"geometry":{"type":"LineString","coordinates":[[-4.4205,36.71889],[-4.42034,36.71852]]}},{"type":"Feature","properties":{"name":"Avenida Andalucía","kind":"road","road":"primary","osm":436981383},"geometry":{"type":"LineString","coordinates":[[-4.43029,36.71696],[-4.43047,36.71697],[-4.43072,36.71698],[-4.431,36.717],[-4.4314,36.71703],[-4.43265,36.71711],[-4.43274,36.71712]]}},{"type":"Feature","properties":{"name":"Avenida de la Aurora","kind":"road","road":"secondary","osm":439102681},"geometry":{"type":"LineString","coordinates":[[-4.42984,36.71603],[-4.42989,36.71604],[-4.42999,36.71603],[-4.4301,36.71603],[-4.43015,36.71604],[-4.43028,36.71606],[-4.4304,36.71607],[-4.43098,36.71615],[-4.43116,36.71617]]}},{"type":"Feature","properties":{"name":"Puente de Antonio Machado","kind":"road","road":"primary","osm":444001410},"geometry":{"type":"LineString","coordinates":[[-4.42632,36.71084],[-4.42622,36.71093],[-4.42603,36.71112]]}},{"type":"Feature","properties":{"name":"Paseo Antonio Machado","kind":"road","road":"primary","osm":444001411},"geometry":{"type":"LineString","coordinates":[[-4.42633,36.71101],[-4.42644,36.71091]]}},{"type":"Feature","properties":{"name":"Calle Bolsa","kind":"road","road":"pedestrian","osm":445592150},"geometry":{"type":"LineString","coordinates":[[-4.42098,36.71928],[-4.42128,36.71925],[-4.42147,36.71924],[-4.42155,36.71923]]}},{"type":"Feature","properties":{"name":"Calle Bolsa","kind":"road","road":"pedestrian","osm":445592563},"geometry":{"type":"LineString","coordinates":[[-4.41993,36.71928],[-4.42004,36.71929],[-4.42075,36.71938],[-4.42082,36.7194]]}},{"type":"Feature","properties":{"name":"","kind":"park","road":"","osm":445714977},"geometry":{"type":"Polygon","coordinates":[[[-4.41529,36.72127],[-4.41516,36.7214],[-4.41506,36.72143],[-4.41501,36.72142],[-4.41501,36.7214],[-4.41499,36.72138],[-4.41503,36.72135],[-4.41515,36.72125],[-4.41529,36.72127]]]}},{"type":"Feature","properties":{"name":"","kind":"park","road":"","osm":445715734},"geometry":{"type":"Polygon","coordinates":[[[-4.41515,36.72123],[-4.41501,36.72132],[-4.41491,36.72136],[-4.41483,36.72126],[-4.41493,36.72122],[-4.41496,36.72127],[-4.41516,36.7212],[-4.41515,36.72123]]]}},{"type":"Feature","properties":{"name":"","kind":"park","road":"","osm":445715736},"geometry":{"type":"Polygon","coordinates":[[[-4.4153,36.72124],[-4.41519,36.72123],[-4.4152,36.72117],[-4.41529,36.72116],[-4.41535,36.72112],[-4.4153,36.72124]]]}},{"type":"Feature","properties":{"name":"","kind":"park","road":"","osm":445716324},"geometry":{"type":"Polygon","coordinates":[[[-4.416,36.72173],[-4.41599,36.72178],[-4.41558,36.72178],[-4.41559,36.72177],[-4.41575,36.72172],[-4.41598,36.72173],[-4.41607,36.72134],[-4.41614,36.72125],[-4.41616,36.72126],[-4.4161,36.72135],[-4.41603,36.72156],[-4.416,36.72173]]]}},{"type":"Feature","properties":{"name":"","kind":"park","road":"","osm":445716990},"geometry":{"type":"Polygon","coordinates":[[[-4.41498,36.72183],[-4.41497,36.72182],[-4.41502,36.72179],[-4.41502,36.72175],[-4.41499,36.72174],[-4.41496,36.7216],[-4.41497,36.72159],[-4.41499,36.72163],[-4.41521,36.7217],[-4.41531,36.72176],[-4.4151,36.72176],[-4.41498,36.72183]]]}},{"type":"Feature","properties":{"name":"","kind":"park","road":"","osm":445716991},"geometry":{"type":"Polygon","coordinates":[[[-4.41596,36.72171],[-4.41575,36.72169],[-4.41554,36.72176],[-4.41538,36.72176],[-4.41529,36.72171],[-4.41522,36.72168],[-4.41524,36.72164],[-4.41532,36.72167],[-4.41574,36.72162],[-4.41617,36.72114],[-4.41614,36.72113],[-4.41618,36.72107],[-4.41622,36.7211],[-4.41605,36.72133],[-4.41596,36.72171]]]}},{"type":"Feature","properties":{"name":"","kind":"park","road":"","osm":445723295},"geometry":{"type":"Polygon","coordinates":[[[-4.41617,36.7213],[-4.41619,36.72126],[-4.41617,36.72126],[-4.41622,36.72117],[-4.41624,36.72118],[-4.41626,36.72115],[-4.41624,36.72115],[-4.41631,36.72107],[-4.41633,36.72108],[-4.41635,36.72106],[-4.41634,36.72105],[-4.41641,36.72098],[-4.41643,36.72099],[-4.41645,36.72095],[-4.41643,36.72094],[-4.41649,36.72086],[-4.4166,36.7209],[-4.41671,36.72094],[-4.41671,36.72093],[-4.41673,36.72093],[-4.4167,36.72096],[-4.41663,36.72101],[-4.41659,36.72105],[-4.41657,36.72109],[-4.41655,36.72108],[-4.41653,36.72114],[-4.41655,36.72114],[-4.41655,36.72118],[-4.41655,36.72124],[-4.41649,36.72128],[-4.41643,36.72132],[-4.41641,36.72139],[-4.41658,36.72153],[-4.41664,36.72156],[-4.41669,36.72161],[-4.4167,36.72163],[-4.41672,36.72167],[-4.41641,36.72174],[-4.41637,36.72178],[-4.4163,36.72175],[-4.41632,36.72172],[-4.41626,36.72169],[-4.41623,36.72174],[-4.4162,36.72173],[-4.41622,36.72169],[-4.41614,36.72164],[-4.41615,36.7215],[-4.41623,36.7215],[-4.41624,36.72146],[-4.41616,36.72143],[-4.4162,36.72131],[-4.41617,36.7213]]]}},{"type":"Feature","properties":{"name":"Calle Merced","kind":"road","road":"tertiary","osm":445866116},"geometry":{"type":"LineString","coordinates":[[-4.41777,36.724],[-4.41753,36.72424],[-4.41739,36.72438],[-4.41735,36.72442]]}},{"type":"Feature","properties":{"name":"","kind":"park","road":"","osm":446108453},"geometry":{"type":"Polygon","coordinates":[[[-4.41664,36.72081],[-4.4166,36.7209],[-4.41649,36.72086],[-4.41656,36.72072],[-4.41658,36.72073],[-4.41659,36.7207],[-4.41657,36.7207],[-4.41662,36.72058],[-4.41665,36.72058],[-4.41665,36.72057],[-4.41668,36.72057],[-4.41668,36.7206],[-4.41671,36.7206],[-4.4167,36.72077],[-4.41668,36.72082],[-4.41664,36.72081]]]}},{"type":"Feature","properties":{"name":"","kind":"park","road":"","osm":446108456},"geometry":{"type":"Polygon","coordinates":[[[-4.41674,36.72082],[-4.41677,36.72074],[-4.41679,36.72074],[-4.4168,36.72069],[-4.41679,36.72068],[-4.4168,36.7206],[-4.41681,36.7206],[-4.41681,36.72069],[-4.41676,36.72083],[-4.41674,36.72082]]]}},{"type":"Feature","properties":{"name":"","kind":"park","road":"","osm":446108457},"geometry":{"type":"Polygon","coordinates":[[[-4.41672,36.72082],[-4.41671,36.72082],[-4.41674,36.7207],[-4.41676,36.7206],[-4.41677,36.7206],[-4.41676,36.7207],[-4.41677,36.7207],[-4.41677,36.72072],[-4.41675,36.72071],[-4.41672,36.72082]]]}},{"type":"Feature","properties":{"name":"","kind":"park","road":"","osm":446486269},"geometry":{"type":"Polygon","coordinates":[[[-4.41679,36.72086],[-4.41677,36.72085],[-4.41682,36.72069],[-4.41684,36.72061],[-4.41683,36.72069],[-4.41679,36.72086]]]}},{"type":"Feature","properties":{"name":"Paseo Marítimo Ciudad de Melilla","kind":"road","road":"pedestrian","osm":452856624},"geometry":{"type":"LineString","coordinates":[[-4.41235,36.71579],[-4.41231,36.71582],[-4.41187,36.71619],[-4.41182,36.71623],[-4.41171,36.71632],[-4.41151,36.7165],[-4.41137,36.71662],[-4.41132,36.71667],[-4.41085,36.71708],[-4.4106,36.71729],[-4.41024,36.71762],[-4.41004,36.7178]]}},{"type":"Feature","properties":{"name":"Pasillo del Matadero","kind":"road","road":"primary","osm":452977469},"geometry":{"type":"LineString","coordinates":[[-4.42637,36.71109],[-4.42638,36.711],[-4.42644,36.71091]]}},{"type":"Feature","properties":{"name":"Calle Granada","kind":"road","road":"pedestrian","osm":452983249},"geometry":{"type":"LineString","coordinates":[[-4.41828,36.72197],[-4.4184,36.722],[-4.41851,36.72203],[-4.41892,36.72207],[-4.4191,36.72209],[-4.41945,36.72195],[-4.4196,36.72186],[-4.41982,36.72176],[-4.41989,36.72174],[-4.42004,36.72169],[-4.42015,36.72165],[-4.42023,36.72166],[-4.42032,36.7217],[-4.42043,36.72174],[-4.42056,36.72178],[-4.42066,36.72179],[-4.4207,36.7218],[-4.42091,36.72183],[-4.42098,36.7218],[-4.42124,36.72163],[-4.42134,36.72154],[-4.42153,36.72139],[-4.42164,36.72129]]}},{"type":"Feature","properties":{"name":"Calle Calderería","kind":"road","road":"pedestrian","osm":452983251},"geometry":{"type":"LineString","coordinates":[[-4.42065,36.7219],[-4.4206,36.72205],[-4.42056,36.72221],[-4.42055,36.72252]]}},{"type":"Feature","properties":{"name":"Plaza Santa María","kind":"road","road":"pedestrian","osm":452989455},"geometry":{"type":"LineString","coordinates":[[-4.41551,36.72352],[-4.41559,36.72355],[-4.41562,36.72351],[-4.41574,36.72335],[-4.41586,36.72318],[-4.41589,36.72313],[-4.41588,36.72313],[-4.41589,36.72311],[-4.41591,36.72308],[-4.41593,36.72304],[-4.41596,36.72302],[-4.41598,36.72298],[-4.41603,36.72292],[-4.4161,36.72282],[-4.4161,36.72281],[-4.41612,36.72279],[-4.41612,36.7228],[-4.41613,36.72279],[-4.4162,36.7227],[-4.41611,36.72264],[-4.416,36.72257],[-4.41596,36.72262],[-4.41605,36.72267],[-4.416,36.72273],[-4.41595,36.7228],[-4.41586,36.72276],[-4.41582,36.72282],[-4.41581,36.72283],[-4.41578,36.72287],[-4.41587,36.72291],[-4.41584,36.72295],[-4.41579,36.72302],[-4.41577,36.72305],[-4.41568,36.72301],[-4.4156,36.72313],[-4.41547,36.72329],[-4.41543,36.72334],[-4.41553,36.72339],[-4.41559,36.72341],[-4.41551,36.72352]]}},{"type":"Feature","properties":{"name":"Avenida Andalucía","kind":"road","road":"secondary","osm":453873233},"geometry":{"type":"LineString","coordinates":[[-4.42916,36.71671],[-4.42904,36.71671],[-4.42891,36.71672],[-4.42867,36.71671]]}},{"type":"Feature","properties":{"name":"Paseo Antonio Machado","kind":"road","road":"primary","osm":457202751},"geometry":{"type":"LineString","coordinates":[[-4.42794,36.70953],[-4.42795,36.70948]]}},{"type":"Feature","properties":{"name":"Fuente de la Malagueta","kind":"water","road":"","osm":461367702},"geometry":{"type":"Polygon","coordinates":[[[-4.40999,36.71824],[-4.40987,36.71815],[-4.4099,36.71812],[-4.41006,36.71824],[-4.41004,36.71826],[-4.41,36.71823],[-4.40999,36.71824]]]}},{"type":"Feature","properties":{"name":"","kind":"park","road":"","osm":461391787},"geometry":{"type":"Polygon","coordinates":[[[-4.43044,36.72691],[-4.43041,36.7269],[-4.4304,36.72689],[-4.43039,36.72688],[-4.43039,36.72686],[-4.4304,36.72685],[-4.4304,36.72682],[-4.4304,36.72681],[-4.43041,36.72681],[-4.43041,36.72679],[-4.4304,36.72679],[-4.4304,36.72675],[-4.43041,36.72674],[-4.43042,36.72673],[-4.43045,36.72671],[-4.43047,36.72671],[-4.43048,36.72672],[-4.43047,36.72674],[-4.43047,36.72675],[-4.43047,36.72676],[-4.43047,36.72678],[-4.43047,36.72683],[-4.43046,36.72685],[-4.43045,36.72686],[-4.43046,36.72687],[-4.43046,36.72688],[-4.43046,36.72689],[-4.43045,36.7269],[-4.43044,36.72691]]]}},{"type":"Feature","properties":{"name":"","kind":"park","road":"","osm":461391788},"geometry":{"type":"Polygon","coordinates":[[[-4.43032,36.72689],[-4.43024,36.72688],[-4.43023,36.72687],[-4.43023,36.72686],[-4.43023,36.72685],[-4.43025,36.72684],[-4.43026,36.72683],[-4.43028,36.72682],[-4.4303,36.72681],[-4.43033,36.72681],[-4.43035,36.72682],[-4.43036,36.72682],[-4.43036,36.72684],[-4.43035,36.72683],[-4.43035,36.72685],[-4.43034,36.72688],[-4.43032,36.72689]]]}},{"type":"Feature","properties":{"name":"","kind":"park","road":"","osm":461391789},"geometry":{"type":"Polygon","coordinates":[[[-4.43046,36.72694],[-4.43042,36.72695],[-4.43018,36.72693],[-4.43017,36.72693],[-4.43016,36.72692],[-4.43016,36.72691],[-4.43024,36.7269],[-4.43045,36.72693],[-4.43046,36.72693],[-4.43046,36.72694]]]}},{"type":"Feature","properties":{"name":"","kind":"park","road":"","osm":461391790},"geometry":{"type":"Polygon","coordinates":[[[-4.43046,36.72699],[-4.43045,36.72698],[-4.43044,36.72698],[-4.43022,36.72697],[-4.43023,36.72698],[-4.43026,36.72699],[-4.43029,36.727],[-4.43044,36.72701],[-4.43045,36.72701],[-4.43046,36.72701],[-4.43047,36.727],[-4.43046,36.72699]]]}},{"type":"Feature","properties":{"name":"","kind":"park","road":"","osm":461391791},"geometry":{"type":"Polygon","coordinates":[[[-4.4307,36.72636],[-4.4307,36.72635],[-4.43068,36.72634],[-4.43067,36.72636],[-4.43062,36.72646],[-4.43055,36.72654],[-4.43049,36.72661],[-4.43042,36.72666],[-4.43026,36.72677],[-4.4302,36.72682],[-4.43018,36.72684],[-4.43019,36.72685],[-4.4302,36.72684],[-4.43026,36.7268],[-4.43028,36.72679],[-4.43033,36.72679],[-4.43034,36.72678],[-4.43037,36.72677],[-4.43038,36.72675],[-4.43039,36.72673],[-4.43041,36.7267],[-4.43045,36.72669],[-4.43046,36.72668],[-4.43048,36.72664],[-4.43049,36.72665],[-4.4305,36.72664],[-4.43049,36.72664],[-4.4305,36.72663],[-4.43051,36.72662],[-4.43053,36.72662],[-4.43053,36.72663],[-4.43054,36.72663],[-4.43055,36.72663],[-4.43056,36.72664],[-4.43056,36.72665],[-4.43055,36.72666],[-4.43056,36.72666],[-4.43053,36.72669],[-4.43051,36.72673],[-4.4305,36.72678],[-4.4305,36.72687],[-4.4305,36.72691],[-4.43051,36.72691],[-4.43053,36.72688],[-4.43054,36.72686],[-4.4307,36.72636]]]}},{"type":"Feature","properties":{"name":"","kind":"park","road":"","osm":461391792},"geometry":{"type":"Polygon","coordinates":[[[-4.43046,36.72711],[-4.43045,36.7271],[-4.43042,36.72712],[-4.43038,36.72716],[-4.43036,36.72719],[-4.43035,36.72721],[-4.43035,36.72729],[-4.43034,36.72734],[-4.43034,36.72735],[-4.43034,36.72737],[-4.43034,36.7274],[-4.43031,36.72741],[-4.43029,36.72741],[-4.43027,36.7274],[-4.43026,36.72738],[-4.43026,36.72736],[-4.43027,36.72736],[-4.43027,36.72734],[-4.43026,36.72732],[-4.43025,36.72729],[-4.43024,36.72726],[-4.43024,36.72723],[-4.43026,36.72719],[-4.43027,36.72716],[-4.43027,36.72714],[-4.43027,36.72711],[-4.43026,36.7271],[-4.43024,36.72708],[-4.43007,36.72706],[-4.43007,36.72707],[-4.43006,36.72708],[-4.43013,36.7272],[-4.43023,36.7274],[-4.43025,36.72744],[-4.43028,36.72756],[-4.43029,36.72757],[-4.4303,36.72757],[-4.43033,36.72751],[-4.43036,36.72743],[-4.43046,36.72711]]]}},{"type":"Feature","properties":{"name":"","kind":"park","road":"","osm":461391794},"geometry":{"type":"Polygon","coordinates":[[[-4.43047,36.72707],[-4.43046,36.72707],[-4.43034,36.72706],[-4.43033,36.72706],[-4.43031,36.72706],[-4.43029,36.72705],[-4.43013,36.72703],[-4.4301,36.72701],[-4.4301,36.72697],[-4.43011,36.72697],[-4.43013,36.72697],[-4.43016,36.72699],[-4.43018,36.727],[-4.43022,36.72702],[-4.43026,36.72702],[-4.43045,36.72705],[-4.43047,36.72705],[-4.43047,36.72706],[-4.43047,36.72707]]]}},{"type":"Feature","properties":{"name":"","kind":"park","road":"","osm":461391795},"geometry":{"type":"Polygon","coordinates":[[[-4.43004,36.72697],[-4.43003,36.727],[-4.43002,36.727],[-4.43001,36.727],[-4.42999,36.72699],[-4.42997,36.72698],[-4.42995,36.72697],[-4.42994,36.72697],[-4.42994,36.72696],[-4.42995,36.72696],[-4.43003,36.72697],[-4.43004,36.72697]]]}},{"type":"Feature","properties":{"name":"","kind":"park","road":"","osm":461391796},"geometry":{"type":"Polygon","coordinates":[[[-4.43037,36.7271],[-4.43038,36.72711],[-4.43038,36.72712],[-4.43037,36.72714],[-4.43035,36.72716],[-4.43034,36.72717],[-4.43033,36.72717],[-4.43032,36.72717],[-4.43031,36.72717],[-4.43031,36.72715],[-4.4303,36.72713],[-4.4303,36.7271],[-4.43031,36.72709],[-4.43032,36.72709],[-4.43037,36.7271]]]}},{"type":"Feature","properties":{"name":"","kind":"park","road":"","osm":461391797},"geometry":{"type":"Polygon","coordinates":[[[-4.43031,36.72732],[-4.4303,36.72732],[-4.43029,36.72731],[-4.43027,36.72728],[-4.43027,36.72726],[-4.43027,36.72725],[-4.43027,36.72724],[-4.43028,36.72722],[-4.43029,36.72722],[-4.4303,36.72721],[-4.43031,36.72722],[-4.43032,36.72726],[-4.43032,36.72727],[-4.43031,36.72729],[-4.43031,36.72731],[-4.43031,36.72732]]]}},{"type":"Feature","properties":{"name":"Parque Martiricos","kind":"park","road":"","osm":468704282},"geometry":{"type":"Polygon","coordinates":[[[-4.4272,36.72985],[-4.42757,36.72987],[-4.42756,36.72988],[-4.4276,36.72989],[-4.42763,36.72989],[-4.4277,36.72989],[-4.42773,36.72989],[-4.42776,36.72989],[-4.42825,36.72992],[-4.42825,36.72994],[-4.42813,36.73162],[-4.42813,36.7317],[-4.42813,36.73173],[-4.4281,36.73213],[-4.42706,36.73208],[-4.42709,36.73168],[-4.42709,36.73165],[-4.42709,36.73164],[-4.42704,36.73163],[-4.42705,36.7316],[-4.42711,36.7316],[-4.42712,36.73139],[-4.42713,36.73136],[-4.42715,36.73096],[-4.42716,36.73086],[-4.42719,36.73044],[-4.42721,36.73021],[-4.42723,36.72989],[-4.42721,36.72989],[-4.4272,36.72989],[-4.4272,36.72985]]]}},{"type":"Feature","properties":{"name":"","kind":"water","road":"","osm":468713376},"geometry":{"type":"Polygon","coordinates":[[[-4.42642,36.72911],[-4.42643,36.729],[-4.42653,36.729],[-4.42652,36.72911],[-4.42642,36.72911]]]}},{"type":"Feature","properties":{"name":"","kind":"park","road":"","osm":468713381},"geometry":{"type":"Polygon","coordinates":[[[-4.42658,36.72774],[-4.42656,36.72774],[-4.42655,36.72774],[-4.42654,36.72773],[-4.42654,36.72772],[-4.42655,36.7277],[-4.42656,36.72769],[-4.42657,36.72769],[-4.42659,36.72769],[-4.4266,36.7277],[-4.42661,36.72771],[-4.42661,36.72772],[-4.42659,36.72774],[-4.42658,36.72774]]]}},{"type":"Feature","properties":{"name":"","kind":"park","road":"","osm":468713382},"geometry":{"type":"Polygon","coordinates":[[[-4.4267,36.72773],[-4.42666,36.72771],[-4.42665,36.7277],[-4.42666,36.72769],[-4.42672,36.72769],[-4.42672,36.7277],[-4.42672,36.72772],[-4.42671,36.72772],[-4.4267,36.72773]]]}},{"type":"Feature","properties":{"name":"","kind":"park","road":"","osm":468713383},"geometry":{"type":"Polygon","coordinates":[[[-4.42657,36.72781],[-4.42655,36.7278],[-4.42655,36.72778],[-4.42656,36.72777],[-4.42658,36.72777],[-4.4266,36.72778],[-4.4266,36.72779],[-4.42659,36.7278],[-4.42657,36.72781]]]}},{"type":"Feature","properties":{"name":"","kind":"park","road":"","osm":468713384},"geometry":{"type":"Polygon","coordinates":[[[-4.4267,36.72782],[-4.42668,36.72782],[-4.42667,36.72781],[-4.42666,36.7278],[-4.42669,36.72776],[-4.42671,36.72776],[-4.42672,36.72777],[-4.42673,36.72778],[-4.42673,36.72779],[-4.4267,36.72782]]]}},{"type":"Feature","properties":{"name":"","kind":"park","road":"","osm":468753235},"geometry":{"type":"Polygon","coordinates":[[[-4.42773,36.72868],[-4.42775,36.72845],[-4.42755,36.72844],[-4.42753,36.72867],[-4.42773,36.72868]]]}},{"type":"Feature","properties":{"name":"","kind":"park","road":"","osm":468754260},"geometry":{"type":"Polygon","coordinates":[[[-4.42754,36.72819],[-4.42753,36.72821],[-4.42752,36.72833],[-4.42776,36.72835],[-4.42777,36.72817],[-4.42764,36.72816],[-4.42763,36.7282],[-4.42762,36.7282],[-4.42761,36.72819],[-4.4276,36.72818],[-4.42758,36.72818],[-4.42757,36.72816],[-4.42754,36.72819]]]}},{"type":"Feature","properties":{"name":"","kind":"park","road":"","osm":471077934},"geometry":{"type":"Polygon","coordinates":[[[-4.42849,36.72744],[-4.42846,36.72745],[-4.42819,36.72736],[-4.42819,36.72734],[-4.42819,36.72733],[-4.42821,36.72734],[-4.42849,36.72744]]]}},{"type":"Feature","properties":{"name":"","kind":"park","road":"","osm":471077937},"geometry":{"type":"Polygon","coordinates":[[[-4.42844,36.72753],[-4.42844,36.72751],[-4.42843,36.72748],[-4.42779,36.72726],[-4.42757,36.72717],[-4.42737,36.72709],[-4.42714,36.727],[-4.42712,36.727],[-4.42712,36.72703],[-4.42744,36.72717],[-4.42777,36.72729],[-4.42844,36.72753]]]}},{"type":"Feature","properties":{"name":"","kind":"park","road":"","osm":471077939},"geometry":{"type":"Polygon","coordinates":[[[-4.42756,36.72751],[-4.42747,36.72749],[-4.4275,36.72747],[-4.42753,36.72746],[-4.42756,36.72745],[-4.42756,36.72751]]]}},{"type":"Feature","properties":{"name":"","kind":"park","road":"","osm":471077941},"geometry":{"type":"Polygon","coordinates":[[[-4.42653,36.72686],[-4.42651,36.72683],[-4.42649,36.72682],[-4.42649,36.72681],[-4.42651,36.72682],[-4.42667,36.72689],[-4.42686,36.72699],[-4.42687,36.72708],[-4.42685,36.72707],[-4.42683,36.72706],[-4.42683,36.72701],[-4.42666,36.72691],[-4.42653,36.72686]]]}},{"type":"Feature","properties":{"name":"","kind":"water","road":"","osm":471077943},"geometry":{"type":"Polygon","coordinates":[[[-4.42668,36.72702],[-4.42669,36.727],[-4.42669,36.72698],[-4.42647,36.72689],[-4.42646,36.72688],[-4.42643,36.72696],[-4.42641,36.72704],[-4.42658,36.72703],[-4.42668,36.72702]]]}},{"type":"Feature","properties":{"name":"","kind":"park","road":"","osm":471077945},"geometry":{"type":"Polygon","coordinates":[[[-4.4269,36.72796],[-4.42686,36.72722],[-4.42688,36.7272],[-4.42689,36.7272],[-4.42693,36.72756],[-4.42692,36.72756],[-4.42692,36.72758],[-4.42693,36.72758],[-4.42696,36.72796],[-4.4269,36.72796]]]}},{"type":"Feature","properties":{"name":"","kind":"park","road":"","osm":471077952},"geometry":{"type":"Polygon","coordinates":[[[-4.42762,36.727],[-4.42763,36.72694],[-4.42752,36.72694],[-4.42751,36.72695],[-4.42756,36.72695],[-4.42756,36.72698],[-4.42755,36.727],[-4.42762,36.727]]]}},{"type":"Feature","properties":{"name":"","kind":"park","road":"","osm":471077955},"geometry":{"type":"Polygon","coordinates":[[[-4.42792,36.72724],[-4.42794,36.72708],[-4.42795,36.72707],[-4.42795,36.72706],[-4.42795,36.72703],[-4.42795,36.72702],[-4.42796,36.727],[-4.42795,36.727],[-4.42795,36.72699],[-4.42796,36.72699],[-4.42796,36.72696],[-4.42791,36.72696],[-4.42788,36.72723],[-4.4279,36.72725],[-4.4281,36.72732],[-4.4281,36.72731],[-4.42811,36.7273],[-4.42792,36.72724]]]}},{"type":"Feature","properties":{"name":"","kind":"park","road":"","osm":471077956},"geometry":{"type":"Polygon","coordinates":[[[-4.42784,36.72701],[-4.42768,36.72701],[-4.42768,36.72695],[-4.42785,36.72696],[-4.42784,36.72701]]]}},{"type":"Feature","properties":{"name":"","kind":"park","road":"","osm":471077958},"geometry":{"type":"Polygon","coordinates":[[[-4.42783,36.72722],[-4.42784,36.72706],[-4.42767,36.72705],[-4.42766,36.72716],[-4.42783,36.72722]]]}},{"type":"Feature","properties":{"name":"","kind":"park","road":"","osm":471077960},"geometry":{"type":"Polygon","coordinates":[[[-4.42761,36.72714],[-4.42762,36.72705],[-4.42753,36.72704],[-4.42753,36.72711],[-4.42761,36.72714]]]}},{"type":"Feature","properties":{"name":"","kind":"park","road":"","osm":471077961},"geometry":{"type":"Polygon","coordinates":[[[-4.42738,36.72705],[-4.42718,36.72697],[-4.42718,36.72692],[-4.42739,36.72693],[-4.42738,36.72704],[-4.42749,36.72704],[-4.42748,36.72709],[-4.42738,36.72705]]]}},{"type":"Feature","properties":{"name":"","kind":"coast","road":"","osm":472745651},"geometry":{"type":"LineString","coordinates":[[-4.41378,36.71247],[-4.41338,36.71292],[-4.41287,36.71356],[-4.41246,36.71411],[-4.41205,36.71456],[-4.41167,36.71498],[-4.41132,36.71533],[-4.41111,36.71561],[-4.41094,36.71586],[-4.41076,36.71609],[-4.41041,36.7164],[-4.41011,36.71664],[-4.40975,36.71692],[-4.40926,36.71735],[-4.40895,36.71767],[-4.40848,36.71798],[-4.40797,36.71825],[-4.40748,36.71864]]}},{"type":"Feature","properties":{"name":"","kind":"park","road":"","osm":474221237},"geometry":{"type":"Polygon","coordinates":[[[-4.42518,36.73071],[-4.42515,36.73071],[-4.4251,36.73068],[-4.42509,36.73066],[-4.42507,36.73063],[-4.42506,36.73059],[-4.42504,36.73057],[-4.42501,36.73054],[-4.42504,36.7305],[-4.42504,36.73049],[-4.42505,36.73047],[-4.42504,36.73045],[-4.42506,36.73043],[-4.42506,36.73042],[-4.42507,36.73042],[-4.42508,36.73042],[-4.4251,36.73043],[-4.42512,36.73045],[-4.42513,36.73047],[-4.42515,36.7305],[-4.42516,36.73053],[-4.42517,36.73057],[-4.42518,36.73062],[-4.42518,36.73071]]]}},{"type":"Feature","properties":{"name":"","kind":"park","road":"","osm":474221239},"geometry":{"type":"Polygon","coordinates":[[[-4.42506,36.7307],[-4.42505,36.73072],[-4.42502,36.73073],[-4.42492,36.73077],[-4.42492,36.73076],[-4.42496,36.73064],[-4.42498,36.7306],[-4.425,36.73056],[-4.42502,36.73058],[-4.42505,36.73061],[-4.42505,36.73063],[-4.42507,36.73069],[-4.42506,36.7307]]]}},{"type":"Feature","properties":{"name":"","kind":"park","road":"","osm":474221240},"geometry":{"type":"Polygon","coordinates":[[[-4.42509,36.73084],[-4.42492,36.73082],[-4.42493,36.7308],[-4.42495,36.73078],[-4.42498,36.73076],[-4.42502,36.73075],[-4.42506,36.73074],[-4.42509,36.73075],[-4.42509,36.73076],[-4.4251,36.73078],[-4.42509,36.73084]]]}},{"type":"Feature","properties":{"name":"","kind":"park","road":"","osm":478453495},"geometry":{"type":"Polygon","coordinates":[[[-4.40731,36.72814],[-4.40726,36.72817],[-4.40725,36.72818],[-4.40724,36.72819],[-4.40705,36.7283],[-4.40704,36.72815],[-4.40703,36.72812],[-4.40703,36.72811],[-4.40705,36.72811],[-4.40705,36.72798],[-4.40706,36.72795],[-4.40711,36.72792],[-4.40719,36.72784],[-4.4072,36.72782],[-4.40721,36.72781],[-4.40726,36.72775],[-4.40728,36.72788],[-4.40728,36.7279],[-4.40729,36.72797],[-4.4073,36.72806],[-4.40731,36.72814]]]}},{"type":"Feature","properties":{"name":"Calle Fuente de la Manía","kind":"road","road":"pedestrian","osm":481395993},"geometry":{"type":"LineString","coordinates":[[-4.40828,36.72784],[-4.40818,36.72783],[-4.40811,36.72788],[-4.40801,36.72801]]}},{"type":"Feature","properties":{"name":"Parque Alfonso XII","kind":"park","road":"","osm":485909154},"geometry":{"type":"Polygon","coordinates":[[[-4.41276,36.7289],[-4.41273,36.72894],[-4.41268,36.72892],[-4.41266,36.72895],[-4.41237,36.72883],[-4.41238,36.72883],[-4.41237,36.72883],[-4.41231,36.72881],[-4.41232,36.72879],[-4.41233,36.72878],[-4.41258,36.72845],[-4.41259,36.72845],[-4.41261,36.72844],[-4.41263,36.72843],[-4.41313,36.72853],[-4.41313,36.72854],[-4.41314,36.72856],[-4.41315,36.72857],[-4.41316,36.72857],[-4.41311,36.72872],[-4.41311,36.72874],[-4.41311,36.72875],[-4.4131,36.72876],[-4.41294,36.72885],[-4.41293,36.72884],[-4.41292,36.72885],[-4.41291,36.72886],[-4.4129,36.72887],[-4.41287,36.72892],[-4.41286,36.72893],[-4.41285,36.72894],[-4.41276,36.7289]]]}},{"type":"Feature","properties":{"name":"Calle Rodríguez de Berlanga","kind":"road","road":"pedestrian","osm":487170126},"geometry":{"type":"LineString","coordinates":[[-4.41611,36.73096],[-4.41615,36.73094],[-4.4168,36.73073],[-4.41685,36.73071]]}},{"type":"Feature","properties":{"name":"Plaza de las Flores","kind":"road","road":"pedestrian","osm":487494018},"geometry":{"type":"LineString","coordinates":[[-4.42234,36.72021],[-4.42234,36.72023],[-4.42233,36.72024],[-4.42232,36.72024],[-4.42232,36.72025],[-4.4223,36.72029],[-4.42228,36.72036],[-4.42225,36.72044],[-4.42223,36.72049],[-4.42224,36.7205],[-4.42225,36.72051],[-4.42225,36.72052],[-4.42225,36.72053],[-4.42224,36.72055],[-4.42224,36.72056],[-4.42217,36.72055],[-4.42208,36.72054],[-4.42205,36.72053],[-4.42203,36.72053],[-4.42202,36.72052],[-4.42199,36.72052],[-4.42198,36.72052],[-4.42199,36.72049],[-4.422,36.72047],[-4.42205,36.72033],[-4.42208,36.72024],[-4.4221,36.72019],[-4.42215,36.72005],[-4.42216,36.72002],[-4.42217,36.72001],[-4.42218,36.72001],[-4.42222,36.72003],[-4.42229,36.72006],[-4.42229,36.72005],[-4.42232,36.72007],[-4.42233,36.72007],[-4.42232,36.72009],[-4.42231,36.72011],[-4.42228,36.72018],[-4.42233,36.72019],[-4.42235,36.72019],[-4.42234,36.72021]]}},{"type":"Feature","properties":{"name":"","kind":"park","road":"","osm":488217904},"geometry":{"type":"Polygon","coordinates":[[[-4.42264,36.72898],[-4.42262,36.72894],[-4.42174,36.72885],[-4.42173,36.72892],[-4.42186,36.72893],[-4.42229,36.72896],[-4.42238,36.72896],[-4.42264,36.72898]]]}},{"type":"Feature","properties":{"name":"","kind":"park","road":"","osm":488217940},"geometry":{"type":"Polygon","coordinates":[[[-4.42158,36.72908],[-4.42161,36.72908],[-4.42162,36.72892],[-4.42163,36.72886],[-4.4216,36.72883],[-4.42156,36.72881],[-4.42146,36.7288],[-4.42141,36.7288],[-4.42136,36.72882],[-4.42131,36.72884],[-4.42128,36.72887],[-4.42131,36.72888],[-4.42133,36.72886],[-4.42137,36.72884],[-4.42142,36.72883],[-4.42147,36.72882],[-4.42151,36.72883],[-4.42155,36.72883],[-4.42158,36.72885],[-4.42159,36.72886],[-4.4216,36.72888],[-4.4216,36.7289],[-4.42158,36.72907],[-4.42158,36.72908]]]}},{"type":"Feature","properties":{"name":"","kind":"park","road":"","osm":488217941},"geometry":{"type":"Polygon","coordinates":[[[-4.42155,36.72934],[-4.42154,36.72933],[-4.42156,36.72931],[-4.42155,36.7293],[-4.42155,36.72929],[-4.42155,36.72928],[-4.42156,36.72924],[-4.42157,36.72914],[-4.42158,36.72913],[-4.4216,36.72913],[-4.42159,36.72927],[-4.42158,36.72929],[-4.42158,36.72932],[-4.42156,36.72934],[-4.42155,36.72934]]]}},{"type":"Feature","properties":{"name":"","kind":"park","road":"","osm":488217942},"geometry":{"type":"Polygon","coordinates":[[[-4.42123,36.7293],[-4.42126,36.72929],[-4.42129,36.72932],[-4.42132,36.72934],[-4.42139,36.72937],[-4.42145,36.72937],[-4.42148,36.72936],[-4.42152,36.72935],[-4.42153,36.72936],[-4.42148,36.72938],[-4.42144,36.72939],[-4.42139,36.72939],[-4.42136,36.72939],[-4.4213,36.72936],[-4.42126,36.72933],[-4.42123,36.7293]]]}},{"type":"Feature","properties":{"name":"","kind":"park","road":"","osm":488217943},"geometry":{"type":"Polygon","coordinates":[[[-4.42118,36.72911],[-4.4212,36.72911],[-4.42121,36.72911],[-4.42122,36.7291],[-4.42122,36.72907],[-4.42122,36.72905],[-4.42121,36.72905],[-4.4212,36.72904],[-4.42119,36.72904],[-4.42118,36.72911]]]}},{"type":"Feature","properties":{"name":"","kind":"park","road":"","osm":488217944},"geometry":{"type":"Polygon","coordinates":[[[-4.4212,36.72916],[-4.42121,36.72916],[-4.42122,36.72917],[-4.42122,36.72918],[-4.42123,36.72923],[-4.42124,36.72926],[-4.42121,36.72928],[-4.4212,36.72925],[-4.42119,36.72919],[-4.42118,36.72916],[-4.4212,36.72916]]]}},{"type":"Feature","properties":{"name":"","kind":"park","road":"","osm":488217945},"geometry":{"type":"Polygon","coordinates":[[[-4.42121,36.729],[-4.4212,36.729],[-4.42122,36.72896],[-4.42125,36.72891],[-4.42126,36.72889],[-4.42129,36.7289],[-4.42126,36.72895],[-4.42124,36.72898],[-4.42124,36.729],[-4.42122,36.729],[-4.42121,36.729]]]}},{"type":"Feature","properties":{"name":"","kind":"park","road":"","osm":488217946},"geometry":{"type":"Polygon","coordinates":[[[-4.42131,36.72924],[-4.42127,36.72925],[-4.42125,36.72917],[-4.42125,36.72916],[-4.42126,36.72916],[-4.42127,36.72917],[-4.42129,36.72918],[-4.42131,36.72918],[-4.42133,36.72918],[-4.42133,36.72919],[-4.42132,36.7292],[-4.42131,36.72921],[-4.42131,36.72922],[-4.42131,36.72924]]]}},{"type":"Feature","properties":{"name":"","kind":"park","road":"","osm":488217947},"geometry":{"type":"Polygon","coordinates":[[[-4.42149,36.72931],[-4.4214,36.72927],[-4.42139,36.72928],[-4.42137,36.72928],[-4.42135,36.72928],[-4.42134,36.72927],[-4.42133,36.72926],[-4.42129,36.72928],[-4.42132,36.72931],[-4.42135,36.72932],[-4.4214,36.72934],[-4.42142,36.72934],[-4.42145,36.72933],[-4.42148,36.72932],[-4.42149,36.72931]]]}},{"type":"Feature","properties":{"name":"","kind":"park","road":"","osm":488217948},"geometry":{"type":"Polygon","coordinates":[[[-4.42153,36.72918],[-4.42143,36.72922],[-4.42143,36.72924],[-4.42142,36.72925],[-4.42151,36.72929],[-4.42152,36.72927],[-4.42152,36.72926],[-4.42153,36.72918]]]}},{"type":"Feature","properties":{"name":"","kind":"park","road":"","osm":488217949},"geometry":{"type":"Polygon","coordinates":[[[-4.42154,36.72913],[-4.42144,36.72912],[-4.42143,36.72914],[-4.42142,36.72915],[-4.4214,36.72917],[-4.42138,36.72918],[-4.42136,36.72918],[-4.42139,36.72919],[-4.42141,36.7292],[-4.42153,36.72915],[-4.42154,36.72914],[-4.42154,36.72913]]]}},{"type":"Feature","properties":{"name":"","kind":"park","road":"","osm":488217950},"geometry":{"type":"Polygon","coordinates":[[[-4.42147,36.729],[-4.42145,36.72901],[-4.42144,36.72901],[-4.42143,36.72901],[-4.42141,36.72901],[-4.42141,36.72902],[-4.42143,36.72903],[-4.42144,36.72905],[-4.42145,36.72907],[-4.42155,36.72908],[-4.42155,36.72906],[-4.42154,36.72904],[-4.42152,36.72903],[-4.42147,36.729]]]}},{"type":"Feature","properties":{"name":"","kind":"park","road":"","osm":488217951},"geometry":{"type":"Polygon","coordinates":[[[-4.42139,36.72899],[-4.42138,36.72898],[-4.42137,36.72897],[-4.42137,36.72896],[-4.42138,36.72895],[-4.42131,36.72892],[-4.42128,36.72897],[-4.42127,36.72901],[-4.4213,36.729],[-4.42133,36.729],[-4.42135,36.729],[-4.42137,36.729],[-4.42138,36.729],[-4.42139,36.72899]]]}},{"type":"Feature","properties":{"name":"","kind":"park","road":"","osm":488217952},"geometry":{"type":"Polygon","coordinates":[[[-4.42145,36.72892],[-4.42143,36.72892],[-4.42141,36.72892],[-4.4214,36.72892],[-4.42134,36.72889],[-4.42136,36.72888],[-4.42139,36.72886],[-4.42143,36.72885],[-4.42148,36.72885],[-4.4215,36.72885],[-4.42145,36.72892]]]}},{"type":"Feature","properties":{"name":"","kind":"park","road":"","osm":488217953},"geometry":{"type":"Polygon","coordinates":[[[-4.42155,36.72901],[-4.42153,36.72899],[-4.42149,36.72897],[-4.42149,36.72896],[-4.42149,36.72895],[-4.42148,36.72893],[-4.42154,36.72886],[-4.42155,36.72887],[-4.42156,36.72888],[-4.42157,36.72889],[-4.42155,36.72901]]]}},{"type":"Feature","properties":{"name":"Plaza Capuchinos","kind":"road","road":"secondary","osm":488217959},"geometry":{"type":"LineString","coordinates":[[-4.42113,36.72901],[-4.42106,36.72914],[-4.42102,36.72919],[-4.42094,36.72929]]}},{"type":"Feature","properties":{"name":"Plaza Capuchinos","kind":"road","road":"secondary","osm":488217961},"geometry":{"type":"LineString","coordinates":[[-4.42133,36.72874],[-4.42113,36.72901]]}},{"type":"Feature","properties":{"name":"Plaza Capuchinos","kind":"road","road":"secondary","osm":488217963},"geometry":{"type":"LineString","coordinates":[[-4.42119,36.72931],[-4.42115,36.72929],[-4.42108,36.72927],[-4.42103,36.72927],[-4.42099,36.72928],[-4.42094,36.72929]]}},{"type":"Feature","properties":{"name":"Plaza Capuchinos","kind":"road","road":"secondary","osm":488217965},"geometry":{"type":"LineString","coordinates":[[-4.42119,36.72931],[-4.42116,36.72921],[-4.42114,36.7291],[-4.42113,36.72901]]}},{"type":"Feature","properties":{"name":"Plaza Capuchinos","kind":"road","road":"secondary","osm":488217967},"geometry":{"type":"LineString","coordinates":[[-4.4213,36.72944],[-4.42127,36.7294],[-4.42124,36.72937],[-4.42119,36.72931]]}},{"type":"Feature","properties":{"name":"Calle Párroco Don Juan Estrada Castro","kind":"road","road":"pedestrian","osm":488217976},"geometry":{"type":"LineString","coordinates":[[-4.42113,36.72895],[-4.42108,36.72896],[-4.42104,36.72898],[-4.42095,36.72898],[-4.42068,36.72889]]}},{"type":"Feature","properties":{"name":"","kind":"park","road":"","osm":490167702},"geometry":{"type":"Polygon","coordinates":[[[-4.41423,36.72684],[-4.41421,36.72683],[-4.41422,36.72681],[-4.41421,36.72681],[-4.41422,36.7268],[-4.4142,36.7268],[-4.41423,36.72677],[-4.41427,36.72679],[-4.41423,36.72684]]]}},{"type":"Feature","properties":{"name":"","kind":"water","road":"","osm":490167717},"geometry":{"type":"Polygon","coordinates":[[[-4.41401,36.72689],[-4.41402,36.72689],[-4.41404,36.72689],[-4.41405,36.7269],[-4.41405,36.72691],[-4.41406,36.72692],[-4.41405,36.72693],[-4.41405,36.72694],[-4.41404,36.72694],[-4.41403,36.72694],[-4.41401,36.72694],[-4.414,36.72694],[-4.414,36.72693],[-4.41399,36.72692],[-4.414,36.72691],[-4.414,36.7269],[-4.41401,36.72689]]]}},{"type":"Feature","properties":{"name":"","kind":"park","road":"","osm":490167718},"geometry":{"type":"Polygon","coordinates":[[[-4.41418,36.72674],[-4.41414,36.72672],[-4.4141,36.72677],[-4.41412,36.72678],[-4.41413,36.72677],[-4.41414,36.72677],[-4.41414,36.72676],[-4.41416,36.72677],[-4.41418,36.72674]]]}},{"type":"Feature","properties":{"name":"","kind":"park","road":"","osm":490167719},"geometry":{"type":"Polygon","coordinates":[[[-4.41422,36.72671],[-4.41417,36.72667],[-4.41415,36.7267],[-4.41416,36.72671],[-4.41417,36.7267],[-4.4142,36.72671],[-4.41419,36.72672],[-4.41421,36.72673],[-4.41422,36.72671]]]}},{"type":"Feature","properties":{"name":"","kind":"park","road":"","osm":490167722},"geometry":{"type":"Polygon","coordinates":[[[-4.41398,36.72688],[-4.41396,36.72687],[-4.41394,36.7269],[-4.41395,36.7269],[-4.41396,36.72689],[-4.41397,36.72689],[-4.41398,36.72688]]]}},{"type":"Feature","properties":{"name":"","kind":"park","road":"","osm":490167723},"geometry":{"type":"Polygon","coordinates":[[[-4.41403,36.727],[-4.41397,36.727],[-4.41397,36.72697],[-4.41398,36.72697],[-4.41398,36.72698],[-4.41402,36.72698],[-4.41402,36.72697],[-4.41403,36.72697],[-4.41403,36.727]]]}},{"type":"Feature","properties":{"name":"","kind":"park","road":"","osm":490167724},"geometry":{"type":"Polygon","coordinates":[[[-4.41414,36.72698],[-4.41411,36.72698],[-4.41411,36.72699],[-4.41407,36.72698],[-4.41408,36.72698],[-4.41405,36.72698],[-4.41404,36.727],[-4.41405,36.727],[-4.4141,36.727],[-4.4141,36.72701],[-4.41413,36.72701],[-4.41414,36.72698]]]}},{"type":"Feature","properties":{"name":"","kind":"park","road":"","osm":490167726},"geometry":{"type":"Polygon","coordinates":[[[-4.41426,36.72689],[-4.41424,36.72688],[-4.41421,36.72692],[-4.41422,36.72692],[-4.41419,36.72695],[-4.41419,36.72694],[-4.41416,36.72698],[-4.41418,36.72699],[-4.41426,36.72689]]]}},{"type":"Feature","properties":{"name":"","kind":"park","road":"","osm":490167727},"geometry":{"type":"Polygon","coordinates":[[[-4.41433,36.72681],[-4.4143,36.7268],[-4.41429,36.72681],[-4.4143,36.72682],[-4.41428,36.72685],[-4.41427,36.72684],[-4.41425,36.72686],[-4.41427,36.72687],[-4.41433,36.72681]]]}},{"type":"Feature","properties":{"name":"","kind":"park","road":"","osm":490167728},"geometry":{"type":"Polygon","coordinates":[[[-4.41429,36.72678],[-4.41428,36.72677],[-4.41425,36.72675],[-4.41423,36.72674],[-4.41425,36.72672],[-4.41431,36.72676],[-4.41429,36.72678]]]}},{"type":"Feature","properties":{"name":"","kind":"park","road":"","osm":490167731},"geometry":{"type":"Polygon","coordinates":[[[-4.41436,36.72681],[-4.41434,36.7268],[-4.41419,36.727],[-4.41421,36.72701],[-4.41436,36.72681]]]}},{"type":"Feature","properties":{"name":"","kind":"park","road":"","osm":490167732},"geometry":{"type":"Polygon","coordinates":[[[-4.41416,36.72666],[-4.41418,36.72664],[-4.41434,36.72674],[-4.41433,36.72675],[-4.41416,36.72666]]]}},{"type":"Feature","properties":{"name":"","kind":"park","road":"","osm":490167735},"geometry":{"type":"Polygon","coordinates":[[[-4.4141,36.72667],[-4.41408,36.72666],[-4.41391,36.72687],[-4.41391,36.72688],[-4.41393,36.72692],[-4.41394,36.72691],[-4.41393,36.72689],[-4.4141,36.72667]]]}},{"type":"Feature","properties":{"name":"","kind":"park","road":"","osm":490167736},"geometry":{"type":"Polygon","coordinates":[[[-4.41412,36.7267],[-4.4141,36.72669],[-4.41404,36.72676],[-4.41406,36.72677],[-4.41408,36.72674],[-4.41407,36.72674],[-4.41409,36.72672],[-4.4141,36.72672],[-4.41412,36.7267]]]}},{"type":"Feature","properties":{"name":"","kind":"park","road":"","osm":490167737},"geometry":{"type":"Polygon","coordinates":[[[-4.414,36.72685],[-4.41398,36.72684],[-4.41403,36.72678],[-4.41405,36.72679],[-4.41403,36.72681],[-4.41402,36.72681],[-4.41401,36.72683],[-4.41402,36.72683],[-4.414,36.72685]]]}},{"type":"Feature","properties":{"name":"","kind":"park","road":"","osm":490167738},"geometry":{"type":"Polygon","coordinates":[[[-4.41407,36.72688],[-4.41402,36.72686],[-4.41406,36.72681],[-4.41409,36.72682],[-4.41407,36.72684],[-4.41408,36.72684],[-4.41408,36.72685],[-4.41409,36.72685],[-4.41407,36.72688]]]}},{"type":"Feature","properties":{"name":"","kind":"park","road":"","osm":490167740},"geometry":{"type":"Polygon","coordinates":[[[-4.41416,36.72693],[-4.41411,36.72691],[-4.41414,36.72688],[-4.41415,36.72689],[-4.41416,36.72688],[-4.41416,36.72689],[-4.41418,36.72687],[-4.4142,36.72688],[-4.41416,36.72693]]]}},{"type":"Feature","properties":{"name":"","kind":"water","road":"","osm":490167741},"geometry":{"type":"Polygon","coordinates":[[[-4.41418,36.72684],[-4.41416,36.72685],[-4.41416,36.72684],[-4.41415,36.72684],[-4.41415,36.72685],[-4.41413,36.72685],[-4.41412,36.72684],[-4.41413,36.72683],[-4.41412,36.72683],[-4.41411,36.72681],[-4.41414,36.7268],[-4.41414,36.72681],[-4.41415,36.72681],[-4.41415,36.7268],[-4.41417,36.7268],[-4.41418,36.72682],[-4.41417,36.72682],[-4.41417,36.72683],[-4.41418,36.72682],[-4.41418,36.72684]]]}},{"type":"Feature","properties":{"name":"Plaza de la Victoria","kind":"road","road":"tertiary","osm":490175892},"geometry":{"type":"LineString","coordinates":[[-4.41457,36.72679],[-4.41452,36.72677],[-4.41447,36.72675]]}},{"type":"Feature","properties":{"name":"Plaza de la Victoria","kind":"road","road":"tertiary","osm":490175893},"geometry":{"type":"LineString","coordinates":[[-4.41456,36.72686],[-4.41464,36.72685],[-4.41474,36.72686],[-4.41481,36.72689]]}},{"type":"Feature","properties":{"name":"","kind":"park","road":"","osm":490184928},"geometry":{"type":"Polygon","coordinates":[[[-4.41481,36.72747],[-4.41479,36.72748],[-4.41478,36.72748],[-4.41458,36.72748],[-4.41459,36.72743],[-4.41459,36.72741],[-4.41459,36.7274],[-4.4146,36.72732],[-4.4146,36.7273],[-4.4146,36.72729],[-4.41461,36.72723],[-4.41461,36.72722],[-4.41461,36.72721],[-4.41461,36.72719],[-4.41475,36.7272],[-4.41478,36.72735],[-4.41478,36.72736],[-4.41479,36.72737],[-4.41481,36.72747]]]}},{"type":"Feature","properties":{"name":"","kind":"park","road":"","osm":490302633},"geometry":{"type":"Polygon","coordinates":[[[-4.41846,36.73049],[-4.41836,36.7305],[-4.41832,36.73059],[-4.41833,36.7306],[-4.41846,36.73052],[-4.41846,36.73049]]]}},{"type":"Feature","properties":{"name":"Calle Argüelles","kind":"road","road":"pedestrian","osm":490302636},"geometry":{"type":"LineString","coordinates":[[-4.41876,36.73095],[-4.41872,36.7309],[-4.41871,36.73088],[-4.41869,36.73086],[-4.41847,36.73052]]}},{"type":"Feature","properties":{"name":"","kind":"park","road":"","osm":490309586},"geometry":{"type":"Polygon","coordinates":[[[-4.41841,36.72936],[-4.4184,36.72938],[-4.41862,36.72945],[-4.41863,36.72943],[-4.41841,36.72936]]]}},{"type":"Feature","properties":{"name":"","kind":"park","road":"","osm":490312279},"geometry":{"type":"Polygon","coordinates":[[[-4.41772,36.73019],[-4.41772,36.73017],[-4.41758,36.73008],[-4.41757,36.73008],[-4.41756,36.73009],[-4.41772,36.73019]]]}},{"type":"Feature","properties":{"name":"","kind":"park","road":"","osm":490312280},"geometry":{"type":"Polygon","coordinates":[[[-4.41811,36.73006],[-4.41804,36.73008],[-4.41804,36.73005],[-4.41804,36.73004],[-4.41805,36.73004],[-4.41806,36.73004],[-4.41807,36.73004],[-4.41811,36.73006]]]}},{"type":"Feature","properties":{"name":"","kind":"park","road":"","osm":490312281},"geometry":{"type":"Polygon","coordinates":[[[-4.4182,36.73013],[-4.41818,36.73011],[-4.41815,36.73009],[-4.41813,36.73007],[-4.41804,36.7301],[-4.41804,36.73016],[-4.41804,36.73018],[-4.41803,36.7302],[-4.41802,36.73021],[-4.41796,36.73027],[-4.41795,36.73027],[-4.41794,36.73027],[-4.41793,36.73027],[-4.41792,36.73028],[-4.41779,36.73021],[-4.41777,36.73021],[-4.41795,36.73032],[-4.41814,36.7301],[-4.4182,36.73013]]]}},{"type":"Feature","properties":{"name":"","kind":"park","road":"","osm":490312282},"geometry":{"type":"Polygon","coordinates":[[[-4.41797,36.73011],[-4.41782,36.73002],[-4.41782,36.72999],[-4.41779,36.72997],[-4.41779,36.72996],[-4.4178,36.72994],[-4.41782,36.72994],[-4.41784,36.72994],[-4.41786,36.72994],[-4.41789,36.72994],[-4.4179,36.72994],[-4.418,36.73],[-4.41801,36.73001],[-4.418,36.7301],[-4.418,36.73011],[-4.41799,36.73011],[-4.41797,36.73011]]]}},{"type":"Feature","properties":{"name":"","kind":"park","road":"","osm":490312283},"geometry":{"type":"Polygon","coordinates":[[[-4.4182,36.72949],[-4.4182,36.72948],[-4.41818,36.72947],[-4.41808,36.72959],[-4.4181,36.7296],[-4.41812,36.72958],[-4.41817,36.72952],[-4.4182,36.72949]]]}},{"type":"Feature","properties":{"name":"","kind":"park","road":"","osm":490312284},"geometry":{"type":"Polygon","coordinates":[[[-4.41841,36.72957],[-4.41836,36.72955],[-4.41824,36.72968],[-4.41832,36.72973],[-4.41834,36.72971],[-4.4183,36.72968],[-4.41836,36.72963],[-4.41839,36.72965],[-4.41842,36.72963],[-4.41842,36.72961],[-4.41842,36.72959],[-4.41841,36.72958],[-4.41841,36.72957]]]}},{"type":"Feature","properties":{"name":"","kind":"park","road":"","osm":490312285},"geometry":{"type":"Polygon","coordinates":[[[-4.4182,36.72949],[-4.41829,36.72953],[-4.41819,36.72965],[-4.4181,36.7296],[-4.41812,36.72958],[-4.41816,36.7296],[-4.41821,36.72954],[-4.41817,36.72952],[-4.4182,36.72949]]]}},{"type":"Feature","properties":{"name":"","kind":"park","road":"","osm":490312286},"geometry":{"type":"Polygon","coordinates":[[[-4.41798,36.72973],[-4.41798,36.72974],[-4.41796,36.72973],[-4.41806,36.72961],[-4.41808,36.72962],[-4.41806,36.72965],[-4.41801,36.7297],[-4.41798,36.72973]]]}},{"type":"Feature","properties":{"name":"","kind":"park","road":"","osm":490312287},"geometry":{"type":"Polygon","coordinates":[[[-4.41807,36.72978],[-4.41798,36.72973],[-4.41801,36.7297],[-4.41805,36.72973],[-4.4181,36.72967],[-4.41806,36.72965],[-4.41808,36.72962],[-4.41817,36.72967],[-4.41807,36.72978]]]}},{"type":"Feature","properties":{"name":"","kind":"park","road":"","osm":490312288},"geometry":{"type":"Polygon","coordinates":[[[-4.41831,36.72975],[-4.41822,36.7297],[-4.41812,36.72981],[-4.4182,36.72986],[-4.41823,36.72983],[-4.41819,36.72981],[-4.41824,36.72975],[-4.41828,36.72978],[-4.41831,36.72975]]]}},{"type":"Feature","properties":{"name":"","kind":"park","road":"","osm":490312289},"geometry":{"type":"Polygon","coordinates":[[[-4.41833,36.72976],[-4.41831,36.72975],[-4.41828,36.72978],[-4.41823,36.72983],[-4.4182,36.72986],[-4.4182,36.72987],[-4.41822,36.72988],[-4.41833,36.72976]]]}},{"type":"Feature","properties":{"name":"","kind":"park","road":"","osm":490312290},"geometry":{"type":"Polygon","coordinates":[[[-4.41848,36.72959],[-4.41841,36.72956],[-4.41841,36.72957],[-4.41841,36.72958],[-4.41842,36.72959],[-4.41842,36.72961],[-4.41842,36.72963],[-4.41839,36.72965],[-4.41834,36.72971],[-4.41832,36.72973],[-4.41834,36.72974],[-4.41848,36.72959]]]}},{"type":"Feature","properties":{"name":"","kind":"park","road":"","osm":490312291},"geometry":{"type":"Polygon","coordinates":[[[-4.41857,36.72962],[-4.41853,36.72961],[-4.4185,36.72964],[-4.41853,36.72966],[-4.41857,36.72962]]]}},{"type":"Feature","properties":{"name":"","kind":"park","road":"","osm":490313574},"geometry":{"type":"Polygon","coordinates":[[[-4.41757,36.72986],[-4.41756,36.72984],[-4.41758,36.72984],[-4.41757,36.72979],[-4.41754,36.7298],[-4.41754,36.72978],[-4.41752,36.72979],[-4.41751,36.72977],[-4.41746,36.72978],[-4.41747,36.72981],[-4.41744,36.72982],[-4.41745,36.72984],[-4.41742,36.72985],[-4.41744,36.72989],[-4.41749,36.72988],[-4.4175,36.7299],[-4.41753,36.72989],[-4.41752,36.72987],[-4.41757,36.72986]]]}},{"type":"Feature","properties":{"name":"","kind":"park","road":"","osm":490313576},"geometry":{"type":"Polygon","coordinates":[[[-4.4174,36.72972],[-4.41738,36.72967],[-4.41734,36.72968],[-4.41733,36.72966],[-4.41728,36.72968],[-4.41729,36.72969],[-4.41723,36.72971],[-4.41721,36.72968],[-4.41718,36.72969],[-4.41718,36.7297],[-4.41717,36.72971],[-4.41719,36.72975],[-4.41721,36.72974],[-4.41722,36.72978],[-4.41724,36.72978],[-4.41725,36.7298],[-4.41727,36.72979],[-4.41728,36.72982],[-4.41734,36.7298],[-4.41733,36.72978],[-4.41734,36.72978],[-4.41734,36.72976],[-4.41736,36.72975],[-4.41735,36.72973],[-4.4174,36.72972]]]}},{"type":"Feature","properties":{"name":"","kind":"park","road":"","osm":490313579},"geometry":{"type":"Polygon","coordinates":[[[-4.41764,36.72968],[-4.41763,36.72964],[-4.41758,36.72965],[-4.41757,36.72963],[-4.4175,36.72964],[-4.41751,36.72966],[-4.41749,36.72967],[-4.4175,36.72969],[-4.41752,36.72969],[-4.41753,36.72971],[-4.41757,36.7297],[-4.41758,36.72972],[-4.41763,36.72971],[-4.41762,36.72969],[-4.41764,36.72968]]]}},{"type":"Feature","properties":{"name":"","kind":"park","road":"","osm":490358695},"geometry":{"type":"Polygon","coordinates":[[[-4.41993,36.72915],[-4.4199,36.72917],[-4.41985,36.72914],[-4.41988,36.72911],[-4.41993,36.72915]]]}},{"type":"Feature","properties":{"name":"","kind":"park","road":"","osm":490359822},"geometry":{"type":"Polygon","coordinates":[[[-4.42055,36.72943],[-4.42054,36.72945],[-4.42049,36.7294],[-4.4205,36.72939],[-4.42055,36.72943]]]}},{"type":"Feature","properties":{"name":"","kind":"park","road":"","osm":490359823},"geometry":{"type":"Polygon","coordinates":[[[-4.42047,36.72936],[-4.42045,36.72938],[-4.42042,36.72935],[-4.42044,36.72934],[-4.42047,36.72936]]]}},{"type":"Feature","properties":{"name":"","kind":"park","road":"","osm":490359824},"geometry":{"type":"Polygon","coordinates":[[[-4.42041,36.7293],[-4.42039,36.72932],[-4.42037,36.7293],[-4.42039,36.72929],[-4.42041,36.7293]]]}},{"type":"Feature","properties":{"name":"Calle Fernando Rey","kind":"road","road":"pedestrian","osm":490514343},"geometry":{"type":"LineString","coordinates":[[-4.41622,36.72447],[-4.41637,36.72435],[-4.41639,36.72432],[-4.41651,36.72422],[-4.41668,36.72408],[-4.41674,36.72404]]}},{"type":"Feature","properties":{"name":"","kind":"park","road":"","osm":491834362},"geometry":{"type":"Polygon","coordinates":[[[-4.42508,36.72176],[-4.42504,36.72175],[-4.42505,36.72174],[-4.42509,36.72175],[-4.42508,36.72176]]]}},{"type":"Feature","properties":{"name":"","kind":"park","road":"","osm":491834363},"geometry":{"type":"Polygon","coordinates":[[[-4.42514,36.72177],[-4.42509,36.72176],[-4.4251,36.72175],[-4.42514,36.72176],[-4.42514,36.72177]]]}},{"type":"Feature","properties":{"name":"","kind":"park","road":"","osm":491834364},"geometry":{"type":"Polygon","coordinates":[[[-4.42516,36.72174],[-4.42515,36.72175],[-4.42511,36.72172],[-4.42512,36.72172],[-4.42516,36.72174]]]}},{"type":"Feature","properties":{"name":"","kind":"park","road":"","osm":491834365},"geometry":{"type":"Polygon","coordinates":[[[-4.42511,36.72171],[-4.42508,36.72169],[-4.42507,36.7217],[-4.4251,36.72172],[-4.42511,36.72171]]]}},{"type":"Feature","properties":{"name":"","kind":"park","road":"","osm":491834366},"geometry":{"type":"Polygon","coordinates":[[[-4.42515,36.72169],[-4.42514,36.72169],[-4.42512,36.72166],[-4.42513,36.72166],[-4.42515,36.72169]]]}},{"type":"Feature","properties":{"name":"","kind":"park","road":"","osm":491834367},"geometry":{"type":"Polygon","coordinates":[[[-4.42518,36.72173],[-4.42517,36.72173],[-4.42515,36.7217],[-4.42516,36.7217],[-4.42518,36.72173]]]}},{"type":"Feature","properties":{"name":"Calle Goletera","kind":"road","road":"pedestrian","osm":491834380},"geometry":{"type":"LineString","coordinates":[[-4.42503,36.72399],[-4.425,36.72399],[-4.42469,36.72394]]}},{"type":"Feature","properties":{"name":"","kind":"park","road":"","osm":491834392},"geometry":{"type":"Polygon","coordinates":[[[-4.42555,36.72662],[-4.42554,36.72666],[-4.42552,36.72666],[-4.42551,36.72663],[-4.42553,36.72662],[-4.42555,36.72662]]]}},{"type":"Feature","properties":{"name":"","kind":"park","road":"","osm":491834393},"geometry":{"type":"Polygon","coordinates":[[[-4.42545,36.7267],[-4.4255,36.7267],[-4.4255,36.72672],[-4.42548,36.72673],[-4.42546,36.72671],[-4.42545,36.7267]]]}},{"type":"Feature","properties":{"name":"Plaza Escritora Rosa Chacel","kind":"road","road":"pedestrian","osm":491897360},"geometry":{"type":"LineString","coordinates":[[-4.42445,36.72602],[-4.42445,36.72604],[-4.42444,36.72604],[-4.42427,36.72606],[-4.42411,36.72607],[-4.4241,36.72607],[-4.42404,36.72586],[-4.42404,36.72585],[-4.42413,36.72583],[-4.42414,36.72583],[-4.42431,36.72581],[-4.42437,36.7258],[-4.4244,36.72579],[-4.42441,36.72581],[-4.42441,36.72584],[-4.42442,36.72587],[-4.42443,36.72594],[-4.42445,36.72602]]}},{"type":"Feature","properties":{"name":"","kind":"park","road":"","osm":491899631},"geometry":{"type":"Polygon","coordinates":[[[-4.42339,36.72517],[-4.42342,36.72525],[-4.4231,36.72529],[-4.42309,36.72527],[-4.42339,36.72517]]]}},{"type":"Feature","properties":{"name":"","kind":"park","road":"","osm":491899632},"geometry":{"type":"Polygon","coordinates":[[[-4.42305,36.72547],[-4.42306,36.72547],[-4.42317,36.72544],[-4.42318,36.72543],[-4.42319,36.72543],[-4.42319,36.72541],[-4.4232,36.72539],[-4.42321,36.72539],[-4.42322,36.72538],[-4.42321,36.72535],[-4.42319,36.72533],[-4.42318,36.7253],[-4.42298,36.72532],[-4.42305,36.72547]]]}},{"type":"Feature","properties":{"name":"","kind":"park","road":"","osm":491899633},"geometry":{"type":"Polygon","coordinates":[[[-4.42346,36.72535],[-4.42333,36.72539],[-4.42331,36.72539],[-4.42329,36.72538],[-4.42327,36.72537],[-4.42325,36.72537],[-4.42324,36.72536],[-4.42323,36.72534],[-4.42322,36.72532],[-4.42321,36.7253],[-4.42343,36.72528],[-4.42346,36.72535]]]}},{"type":"Feature","properties":{"name":"","kind":"park","road":"","osm":491899634},"geometry":{"type":"Polygon","coordinates":[[[-4.4233,36.72554],[-4.42329,36.72553],[-4.42329,36.72551],[-4.42328,36.7255],[-4.42327,36.72549],[-4.42326,36.72548],[-4.42324,36.72548],[-4.42322,36.72547],[-4.42321,36.72547],[-4.4232,36.72545],[-4.42319,36.72546],[-4.42307,36.72549],[-4.42306,36.7255],[-4.42311,36.7256],[-4.4233,36.72554]]]}},{"type":"Feature","properties":{"name":"","kind":"park","road":"","osm":491899635},"geometry":{"type":"Polygon","coordinates":[[[-4.42333,36.72553],[-4.42331,36.72552],[-4.4233,36.7255],[-4.4233,36.72548],[-4.4233,36.72546],[-4.42331,36.72545],[-4.42332,36.72543],[-4.42332,36.72542],[-4.42332,36.72541],[-4.42346,36.72537],[-4.4235,36.72548],[-4.42333,36.72553]]]}},{"type":"Feature","properties":{"name":"Calle Gaona","kind":"road","road":"pedestrian","osm":491921378},"geometry":{"type":"LineString","coordinates":[[-4.42074,36.72471],[-4.42075,36.72474],[-4.42118,36.72546],[-4.42115,36.72549]]}},{"type":"Feature","properties":{"name":"","kind":"park","road":"","osm":491950734},"geometry":{"type":"Polygon","coordinates":[[[-4.42284,36.72609],[-4.42282,36.72611],[-4.42275,36.72607],[-4.42272,36.72605],[-4.42262,36.72599],[-4.42261,36.72599],[-4.42254,36.72603],[-4.42252,36.726],[-4.42267,36.7259],[-4.42268,36.7259],[-4.42269,36.72589],[-4.42275,36.72594],[-4.42288,36.72606],[-4.42284,36.72609]]]}},{"type":"Feature","properties":{"name":"Plazuela Cristo del Amor","kind":"road","road":"pedestrian","osm":492301117},"geometry":{"type":"LineString","coordinates":[[-4.41334,36.72919],[-4.41339,36.72921],[-4.41346,36.72925],[-4.41352,36.72916],[-4.41332,36.72907],[-4.41331,36.72906],[-4.41332,36.72904],[-4.41333,36.72902],[-4.41335,36.729],[-4.41336,36.72898],[-4.41342,36.72901],[-4.41347,36.72904],[-4.4135,36.72904],[-4.41352,36.72903],[-4.41371,36.72912],[-4.41372,36.72913],[-4.41375,36.72922],[-4.41377,36.72929],[-4.41338,36.72939],[-4.41335,36.72943],[-4.41323,36.72938],[-4.41321,36.72937],[-4.41322,36.72936],[-4.41322,36.72935],[-4.41323,36.72934],[-4.41324,36.72932],[-4.41325,36.72932],[-4.41325,36.72931],[-4.41326,36.72931],[-4.41328,36.72928],[-4.41329,36.72926],[-4.41329,36.72925],[-4.4133,36.72925],[-4.41333,36.72921],[-4.41334,36.72919]]}},{"type":"Feature","properties":{"name":"Calle Gálatas","kind":"road","road":"pedestrian","osm":492319410},"geometry":{"type":"LineString","coordinates":[[-4.4148,36.72718],[-4.41478,36.72718],[-4.41476,36.72718],[-4.41475,36.72718],[-4.4146,36.72717],[-4.41449,36.72716]]}},{"type":"Feature","properties":{"name":"Plaza Benigno Santiago Peña","kind":"road","road":"tertiary","osm":492325152},"geometry":{"type":"LineString","coordinates":[[-4.4155,36.72832],[-4.41493,36.7281]]}},{"type":"Feature","properties":{"name":"","kind":"park","road":"","osm":492325154},"geometry":{"type":"Polygon","coordinates":[[[-4.41531,36.7283],[-4.41504,36.7283],[-4.41502,36.72829],[-4.41501,36.72818],[-4.41503,36.72817],[-4.41531,36.72828],[-4.41531,36.7283]]]}},{"type":"Feature","properties":{"name":"","kind":"park","road":"","osm":492343676},"geometry":{"type":"Polygon","coordinates":[[[-4.42118,36.72914],[-4.42118,36.72916],[-4.42119,36.72919],[-4.4212,36.72925],[-4.42121,36.72928],[-4.42122,36.72929],[-4.42123,36.7293],[-4.42126,36.72933],[-4.4213,36.72936],[-4.42136,36.72939],[-4.42139,36.72939],[-4.42144,36.72939],[-4.42148,36.72938],[-4.42153,36.72936],[-4.42154,36.72935],[-4.42155,36.72934],[-4.42156,36.72934],[-4.42158,36.72932],[-4.42158,36.72929],[-4.42159,36.72927],[-4.4216,36.72913],[-4.4216,36.72911],[-4.42161,36.72908],[-4.42162,36.72892],[-4.42163,36.72886],[-4.4216,36.72883],[-4.42156,36.72881],[-4.42146,36.7288],[-4.42141,36.7288],[-4.42136,36.72882],[-4.42131,36.72884],[-4.42128,36.72887],[-4.42127,36.72888],[-4.42126,36.72889],[-4.42125,36.72891],[-4.42122,36.72896],[-4.4212,36.729],[-4.4212,36.72902],[-4.42119,36.72904],[-4.42118,36.72911],[-4.42118,36.72914]]]}},{"type":"Feature","properties":{"name":"","kind":"road","road":"pedestrian","osm":492424816},"geometry":{"type":"LineString","coordinates":[[-4.42081,36.72664],[-4.4208,36.72663],[-4.42079,36.72663],[-4.42079,36.72664],[-4.42073,36.72658],[-4.42076,36.72657],[-4.42075,36.72655],[-4.42087,36.72657],[-4.42081,36.72664]]}},{"type":"Feature","properties":{"name":"","kind":"water","road":"","osm":492628451},"geometry":{"type":"Polygon","coordinates":[[[-4.41327,36.717],[-4.41328,36.71698],[-4.41313,36.71692],[-4.41312,36.71694],[-4.41327,36.717]]]}},{"type":"Feature","properties":{"name":"","kind":"park","road":"","osm":493203321},"geometry":{"type":"Polygon","coordinates":[[[-4.41598,36.7288],[-4.41599,36.72883],[-4.41602,36.72882],[-4.41601,36.72879],[-4.41598,36.7288]]]}},{"type":"Feature","properties":{"name":"","kind":"park","road":"","osm":493203322},"geometry":{"type":"Polygon","coordinates":[[[-4.41613,36.72874],[-4.4161,36.72878],[-4.41624,36.72913],[-4.41625,36.72913],[-4.41613,36.72874]]]}},{"type":"Feature","properties":{"name":"","kind":"park","road":"","osm":493203323},"geometry":{"type":"Polygon","coordinates":[[[-4.41591,36.72878],[-4.41591,36.72879],[-4.41607,36.72876],[-4.41609,36.72873],[-4.41591,36.72878]]]}},{"type":"Feature","properties":{"name":"Calle Lozano de Torres","kind":"road","road":"pedestrian","osm":493205617},"geometry":{"type":"LineString","coordinates":[[-4.4162,36.73039],[-4.41621,36.73041],[-4.41634,36.73061],[-4.41635,36.73063]]}},{"type":"Feature","properties":{"name":"Glorieta Arquitecto César Olano","kind":"park","road":"","osm":493286700},"geometry":{"type":"Polygon","coordinates":[[[-4.40257,36.72953],[-4.40254,36.72951],[-4.40252,36.72948],[-4.4025,36.72947],[-4.40248,36.72945],[-4.40227,36.72927],[-4.40225,36.72924],[-4.40227,36.72918],[-4.40238,36.72905],[-4.40241,36.72903],[-4.40249,36.72897],[-4.40252,36.72896],[-4.40256,36.72894],[-4.40261,36.72898],[-4.40262,36.72901],[-4.40269,36.72942],[-4.40269,36.72944],[-4.4027,36.72946],[-4.4027,36.72947],[-4.40269,36.72949],[-4.40267,36.72951],[-4.40265,36.72952],[-4.40263,36.72953],[-4.4026,36.72953],[-4.40257,36.72953]]]}},{"type":"Feature","properties":{"name":"Calle Isabel la Católica","kind":"road","road":"pedestrian","osm":493353847},"geometry":{"type":"LineString","coordinates":[[-4.41458,36.73041],[-4.41439,36.72983],[-4.41438,36.72982],[-4.41436,36.72978],[-4.41435,36.72975]]}},{"type":"Feature","properties":{"name":"Plaza Francisco Silvela","kind":"road","road":"tertiary","osm":493711336},"geometry":{"type":"LineString","coordinates":[[-4.41186,36.72822],[-4.41196,36.72826],[-4.41199,36.72826]]}},{"type":"Feature","properties":{"name":"Calle Pedro de Quejana","kind":"road","road":"tertiary","osm":493711339},"geometry":{"type":"LineString","coordinates":[[-4.41061,36.72737],[-4.4108,36.72763],[-4.41131,36.72792],[-4.41172,36.72815],[-4.41175,36.72817]]}},{"type":"Feature","properties":{"name":"","kind":"park","road":"","osm":494146857},"geometry":{"type":"Polygon","coordinates":[[[-4.40388,36.72706],[-4.40391,36.72706],[-4.40393,36.72705],[-4.40396,36.72705],[-4.40398,36.72705],[-4.40399,36.72703],[-4.404,36.72701],[-4.40399,36.727],[-4.40394,36.72696],[-4.40387,36.72693],[-4.40375,36.72683],[-4.40363,36.72668],[-4.4036,36.72669],[-4.40372,36.72693],[-4.40376,36.72707],[-4.40381,36.72707],[-4.40385,36.72707],[-4.40388,36.72706]]]}},{"type":"Feature","properties":{"name":"","kind":"park","road":"","osm":494871143},"geometry":{"type":"Polygon","coordinates":[[[-4.41658,36.72537],[-4.41654,36.72536],[-4.41662,36.72524],[-4.41665,36.72526],[-4.41666,36.72527],[-4.41667,36.72528],[-4.4167,36.72531],[-4.41658,36.72537]]]}},{"type":"Feature","properties":{"name":"Plaza La Paula","kind":"road","road":"pedestrian","osm":494876502},"geometry":{"type":"LineString","coordinates":[[-4.41726,36.7265],[-4.4173,36.72664],[-4.41731,36.72665],[-4.41789,36.72668],[-4.41781,36.72651],[-4.41774,36.72636],[-4.4177,36.72637],[-4.41752,36.72642],[-4.41736,36.72647],[-4.41726,36.7265]]}},{"type":"Feature","properties":{"name":"","kind":"park","road":"","osm":495038705},"geometry":{"type":"Polygon","coordinates":[[[-4.40999,36.71801],[-4.41,36.71801],[-4.41034,36.71772],[-4.41033,36.71771],[-4.40999,36.71801]]]}},{"type":"Feature","properties":{"name":"","kind":"park","road":"","osm":495179457},"geometry":{"type":"Polygon","coordinates":[[[-4.41446,36.72686],[-4.41454,36.72685],[-4.41455,36.72685],[-4.41453,36.72681],[-4.41449,36.72681],[-4.41448,36.72681],[-4.41446,36.72686]]]}},{"type":"Feature","properties":{"name":"Calle Muro de las Catalinas","kind":"road","road":"pedestrian","osm":495629053},"geometry":{"type":"LineString","coordinates":[[-4.42328,36.72329],[-4.42324,36.72322],[-4.42321,36.72319]]}},{"type":"Feature","properties":{"name":"","kind":"road","road":"pedestrian","osm":495632046},"geometry":{"type":"LineString","coordinates":[[-4.42219,36.7234],[-4.42217,36.72341],[-4.42193,36.72355]]}},{"type":"Feature","properties":{"name":"Calle Canasteros","kind":"road","road":"pedestrian","osm":495632049},"geometry":{"type":"LineString","coordinates":[[-4.42129,36.72303],[-4.42174,36.72339]]}},{"type":"Feature","properties":{"name":"","kind":"road","road":"pedestrian","osm":495632051},"geometry":{"type":"LineString","coordinates":[[-4.42302,36.72337],[-4.42301,36.72336],[-4.42282,36.72308],[-4.42286,36.72305]]}},{"type":"Feature","properties":{"name":"Plaza Pintor Eugenio Chicano","kind":"road","road":"pedestrian","osm":495632052},"geometry":{"type":"LineString","coordinates":[[-4.42288,36.72306],[-4.42286,36.72305],[-4.42284,36.72304],[-4.42283,36.72303],[-4.42275,36.72308],[-4.42277,36.72309],[-4.42277,36.7231],[-4.42281,36.72314],[-4.42295,36.7233],[-4.42296,36.72331],[-4.42298,36.72334],[-4.423,36.72336],[-4.42301,36.72336],[-4.42303,36.72335],[-4.42299,36.72327],[-4.42296,36.72321],[-4.42294,36.72317],[-4.42296,36.72315],[-4.42296,36.72314],[-4.42293,36.72311],[-4.42289,36.72307],[-4.42288,36.72306]]}},{"type":"Feature","properties":{"name":"","kind":"park","road":"","osm":495636016},"geometry":{"type":"Polygon","coordinates":[[[-4.42098,36.72395],[-4.4208,36.72385],[-4.42073,36.72394],[-4.42091,36.72396],[-4.42098,36.72395]]]}},{"type":"Feature","properties":{"name":"Calle Muro de San Julián","kind":"road","road":"pedestrian","osm":495636018},"geometry":{"type":"LineString","coordinates":[[-4.42104,36.72396],[-4.42078,36.72381]]}},{"type":"Feature","properties":{"name":"","kind":"park","road":"","osm":495636022},"geometry":{"type":"Polygon","coordinates":[[[-4.42118,36.72342],[-4.42114,36.72339],[-4.42112,36.72339],[-4.42112,36.7234],[-4.42112,36.72344],[-4.42111,36.72348],[-4.42109,36.72352],[-4.42107,36.72356],[-4.42108,36.72357],[-4.42112,36.72352],[-4.42114,36.72349],[-4.42118,36.72346],[-4.42119,36.72345],[-4.42119,36.72343],[-4.42118,36.72342]]]}},{"type":"Feature","properties":{"name":"","kind":"park","road":"","osm":495636845},"geometry":{"type":"Polygon","coordinates":[[[-4.42125,36.72398],[-4.42124,36.72398],[-4.42123,36.72397],[-4.42122,36.72397],[-4.42121,36.72398],[-4.4212,36.72398],[-4.4212,36.72399],[-4.4212,36.724],[-4.42121,36.72401],[-4.42122,36.72402],[-4.42124,36.72401],[-4.42125,36.724],[-4.42125,36.72399],[-4.42125,36.72398]]]}},{"type":"Feature","properties":{"name":"","kind":"park","road":"","osm":495636847},"geometry":{"type":"Polygon","coordinates":[[[-4.42125,36.72412],[-4.42127,36.72412],[-4.42127,36.72413],[-4.42126,36.72414],[-4.42125,36.72412]]]}},{"type":"Feature","properties":{"name":"Calle Hernán Ruiz","kind":"road","road":"pedestrian","osm":495648896},"geometry":{"type":"LineString","coordinates":[[-4.42155,36.72282],[-4.42197,36.72323]]}},{"type":"Feature","properties":{"name":"Calle Casapalma","kind":"road","road":"pedestrian","osm":495661745},"geometry":{"type":"LineString","coordinates":[[-4.42044,36.72286],[-4.42043,36.72288],[-4.42007,36.72331],[-4.42004,36.72334]]}},{"type":"Feature","properties":{"name":"","kind":"road","road":"pedestrian","osm":495661746},"geometry":{"type":"LineString","coordinates":[[-4.42055,36.72252],[-4.42053,36.72273],[-4.42048,36.7228]]}},{"type":"Feature","properties":{"name":"","kind":"road","road":"pedestrian","osm":495663124},"geometry":{"type":"LineString","coordinates":[[-4.42005,36.72254],[-4.42009,36.72249]]}},{"type":"Feature","properties":{"name":"","kind":"park","road":"","osm":495681430},"geometry":{"type":"Polygon","coordinates":[[[-4.42436,36.71965],[-4.42435,36.7196],[-4.42431,36.71961],[-4.42434,36.71966],[-4.42436,36.71965]]]}},{"type":"Feature","properties":{"name":"","kind":"park","road":"","osm":495681431},"geometry":{"type":"Polygon","coordinates":[[[-4.42456,36.71958],[-4.42455,36.71953],[-4.42451,36.71954],[-4.42454,36.71959],[-4.42456,36.71958]]]}},{"type":"Feature","properties":{"name":"","kind":"park","road":"","osm":495681432},"geometry":{"type":"Polygon","coordinates":[[[-4.42429,36.7197],[-4.42425,36.71966],[-4.42423,36.71967],[-4.42426,36.71972],[-4.42429,36.7197]]]}},{"type":"Feature","properties":{"name":"","kind":"park","road":"","osm":495681433},"geometry":{"type":"Polygon","coordinates":[[[-4.42445,36.71965],[-4.4245,36.71964],[-4.42445,36.71959],[-4.42442,36.7196],[-4.42445,36.71965]]]}},{"type":"Feature","properties":{"name":"","kind":"park","road":"","osm":495681435},"geometry":{"type":"Polygon","coordinates":[[[-4.42468,36.71954],[-4.42462,36.71956],[-4.42461,36.71954],[-4.42466,36.71951],[-4.42468,36.71954]]]}},{"type":"Feature","properties":{"name":"","kind":"park","road":"","osm":495681437},"geometry":{"type":"Polygon","coordinates":[[[-4.42433,36.7198],[-4.42431,36.71976],[-4.42429,36.71977],[-4.42431,36.71981],[-4.42433,36.7198]]]}},{"type":"Feature","properties":{"name":"","kind":"park","road":"","osm":495681438},"geometry":{"type":"Polygon","coordinates":[[[-4.42443,36.71976],[-4.4244,36.7197],[-4.42436,36.71972],[-4.42441,36.71976],[-4.42443,36.71976]]]}},{"type":"Feature","properties":{"name":"","kind":"park","road":"","osm":495681439},"geometry":{"type":"Polygon","coordinates":[[[-4.42453,36.71972],[-4.42451,36.7197],[-4.42445,36.71971],[-4.42447,36.71974],[-4.42453,36.71972]]]}},{"type":"Feature","properties":{"name":"","kind":"park","road":"","osm":495681440},"geometry":{"type":"Polygon","coordinates":[[[-4.42462,36.71969],[-4.42461,36.71963],[-4.42457,36.71965],[-4.42459,36.7197],[-4.42462,36.71969]]]}},{"type":"Feature","properties":{"name":"","kind":"park","road":"","osm":495681441},"geometry":{"type":"Polygon","coordinates":[[[-4.42473,36.71965],[-4.42466,36.71966],[-4.42465,36.71964],[-4.42472,36.71962],[-4.42473,36.71965]]]}},{"type":"Feature","properties":{"name":"Calle Castillo de Sohail","kind":"road","road":"pedestrian","osm":495681443},"geometry":{"type":"LineString","coordinates":[[-4.42454,36.72048],[-4.42416,36.72059]]}},{"type":"Feature","properties":{"name":"","kind":"park","road":"","osm":495706024},"geometry":{"type":"Polygon","coordinates":[[[-4.43009,36.7273],[-4.43009,36.72731],[-4.43008,36.72731],[-4.43004,36.72733],[-4.43001,36.72728],[-4.42999,36.72722],[-4.42997,36.72718],[-4.43002,36.72717],[-4.43009,36.7273]]]}},{"type":"Feature","properties":{"name":"","kind":"park","road":"","osm":495706025},"geometry":{"type":"Polygon","coordinates":[[[-4.43016,36.72745],[-4.43009,36.72738],[-4.43011,36.72737],[-4.43013,36.72737],[-4.43016,36.72745]]]}},{"type":"Feature","properties":{"name":"","kind":"park","road":"","osm":495706026},"geometry":{"type":"Polygon","coordinates":[[[-4.43019,36.72763],[-4.43016,36.72762],[-4.43016,36.72761],[-4.43015,36.72761],[-4.43015,36.7276],[-4.43017,36.72754],[-4.43018,36.72754],[-4.43019,36.72757],[-4.43019,36.72763]]]}},{"type":"Feature","properties":{"name":"","kind":"park","road":"","osm":495706027},"geometry":{"type":"Polygon","coordinates":[[[-4.43017,36.72774],[-4.43012,36.72773],[-4.43012,36.72772],[-4.43012,36.72771],[-4.43013,36.72767],[-4.43015,36.72766],[-4.43018,36.72767],[-4.43017,36.72774]]]}},{"type":"Feature","properties":{"name":"","kind":"park","road":"","osm":495706029},"geometry":{"type":"Polygon","coordinates":[[[-4.43009,36.72794],[-4.43006,36.72794],[-4.43004,36.72793],[-4.43008,36.72782],[-4.43013,36.72783],[-4.43012,36.72785],[-4.43014,36.72785],[-4.43013,36.72789],[-4.43011,36.72792],[-4.43009,36.72794]]]}},{"type":"Feature","properties":{"name":"Calle José Álvarez-Net Fonseca","kind":"road","road":"pedestrian","osm":495810205},"geometry":{"type":"LineString","coordinates":[[-4.42167,36.72044],[-4.42176,36.72045],[-4.42199,36.72049]]}},{"type":"Feature","properties":{"name":"Palmeral de las Sorpresas","kind":"road","road":"pedestrian","osm":495937210},"geometry":{"type":"LineString","coordinates":[[-4.4153,36.71824],[-4.41523,36.71826],[-4.41514,36.71829],[-4.41505,36.71831],[-4.41484,36.71837],[-4.41458,36.71844],[-4.41421,36.71855],[-4.41397,36.71861],[-4.41392,36.71862]]}},{"type":"Feature","properties":{"name":"","kind":"park","road":"","osm":496466372},"geometry":{"type":"Polygon","coordinates":[[[-4.42634,36.724],[-4.42629,36.72399],[-4.42629,36.72396],[-4.42634,36.72396],[-4.42634,36.724]]]}},{"type":"Feature","properties":{"name":"","kind":"park","road":"","osm":496466373},"geometry":{"type":"Polygon","coordinates":[[[-4.42633,36.72411],[-4.42633,36.72407],[-4.42629,36.72407],[-4.42629,36.72408],[-4.4263,36.72409],[-4.42631,36.7241],[-4.42632,36.72411],[-4.42633,36.72411]]]}},{"type":"Feature","properties":{"name":"","kind":"park","road":"","osm":496466374},"geometry":{"type":"Polygon","coordinates":[[[-4.42637,36.72411],[-4.42635,36.72411],[-4.42635,36.72409],[-4.42637,36.72409],[-4.42637,36.72411]]]}},{"type":"Feature","properties":{"name":"Plaza de la Aurora","kind":"road","road":"pedestrian","osm":496485333},"geometry":{"type":"LineString","coordinates":[[-4.4261,36.72198],[-4.42611,36.72199],[-4.42611,36.722],[-4.4261,36.722],[-4.42609,36.722],[-4.42608,36.72198],[-4.42607,36.72199],[-4.42608,36.72203],[-4.42605,36.72204],[-4.42607,36.7221],[-4.42606,36.7221],[-4.42603,36.72211],[-4.42602,36.72211],[-4.426,36.72211],[-4.42598,36.72211],[-4.42595,36.7219],[-4.42597,36.7219],[-4.426,36.72189],[-4.42599,36.72185],[-4.42604,36.72184],[-4.42608,36.72184],[-4.4261,36.72193],[-4.4261,36.72198]]}},{"type":"Feature","properties":{"name":"Avenida Ingeniero José María Garnica","kind":"road","road":"primary","osm":511066433},"geometry":{"type":"LineString","coordinates":[[-4.43035,36.71184],[-4.43042,36.71193],[-4.43049,36.71204]]}},{"type":"Feature","properties":{"name":"Plaza del Poeta Manuel Alcántara","kind":"road","road":"secondary","osm":511066469},"geometry":{"type":"LineString","coordinates":[[-4.42926,36.71658],[-4.4292,36.71664],[-4.42916,36.71671]]}},{"type":"Feature","properties":{"name":"Paseo del Parque","kind":"road","road":"tertiary","osm":511066477},"geometry":{"type":"LineString","coordinates":[[-4.41352,36.72019],[-4.4133,36.7202]]}},{"type":"Feature","properties":{"name":"","kind":"park","road":"","osm":516756341},"geometry":{"type":"Polygon","coordinates":[[[-4.41017,36.71774],[-4.4102,36.71777],[-4.40988,36.71801],[-4.40987,36.718],[-4.41017,36.71774]]]}},{"type":"Feature","properties":{"name":"","kind":"park","road":"","osm":516757202},"geometry":{"type":"Polygon","coordinates":[[[-4.40942,36.71818],[-4.40942,36.71817],[-4.40955,36.71816],[-4.40971,36.71811],[-4.40976,36.71808],[-4.40982,36.71804],[-4.40983,36.71805],[-4.40978,36.71808],[-4.40972,36.71811],[-4.40955,36.71817],[-4.40942,36.71818]]]}},{"type":"Feature","properties":{"name":"","kind":"road","road":"pedestrian","osm":529664003},"geometry":{"type":"LineString","coordinates":[[-4.43109,36.72425],[-4.43103,36.7243],[-4.43097,36.72426],[-4.43096,36.72425],[-4.43095,36.72424],[-4.43084,36.72416],[-4.43084,36.72415],[-4.43085,36.72414],[-4.43086,36.72413],[-4.43088,36.72413],[-4.43103,36.72414],[-4.43105,36.72414],[-4.43106,36.72415],[-4.43119,36.72416],[-4.43113,36.72421],[-4.43109,36.72425]]}},{"type":"Feature","properties":{"name":"","kind":"park","road":"","osm":529664005},"geometry":{"type":"Polygon","coordinates":[[[-4.43135,36.72448],[-4.43132,36.72447],[-4.43129,36.7245],[-4.43132,36.72452],[-4.43135,36.72448]]]}},{"type":"Feature","properties":{"name":"","kind":"park","road":"","osm":529664006},"geometry":{"type":"Polygon","coordinates":[[[-4.4314,36.72442],[-4.43137,36.7244],[-4.43133,36.72445],[-4.43136,36.72446],[-4.4314,36.72442]]]}},{"type":"Feature","properties":{"name":"","kind":"park","road":"","osm":529664007},"geometry":{"type":"Polygon","coordinates":[[[-4.43143,36.72437],[-4.43141,36.72436],[-4.43138,36.72439],[-4.43141,36.7244],[-4.43143,36.72437]]]}},{"type":"Feature","properties":{"name":"","kind":"park","road":"","osm":529664008},"geometry":{"type":"Polygon","coordinates":[[[-4.4315,36.72428],[-4.43148,36.72427],[-4.43145,36.72431],[-4.43147,36.72432],[-4.4315,36.72428]]]}},{"type":"Feature","properties":{"name":"","kind":"park","road":"","osm":529664009},"geometry":{"type":"Polygon","coordinates":[[[-4.43154,36.72423],[-4.43152,36.72422],[-4.43149,36.72426],[-4.43151,36.72427],[-4.43154,36.72423]]]}},{"type":"Feature","properties":{"name":"Fuente de Bailén","kind":"water","road":"","osm":529677169},"geometry":{"type":"Polygon","coordinates":[[[-4.43175,36.72395],[-4.43173,36.72397],[-4.43182,36.72405],[-4.43184,36.72404],[-4.43176,36.72397],[-4.43175,36.72395]]]}},{"type":"Feature","properties":{"name":"","kind":"park","road":"","osm":529677179},"geometry":{"type":"Polygon","coordinates":[[[-4.43177,36.72428],[-4.43176,36.72419],[-4.43168,36.7242],[-4.43163,36.7243],[-4.43145,36.72454],[-4.43148,36.72456],[-4.43177,36.72428]]]}},{"type":"Feature","properties":{"name":"","kind":"park","road":"","osm":529714467},"geometry":{"type":"Polygon","coordinates":[[[-4.43126,36.72458],[-4.43123,36.72457],[-4.43123,36.72454],[-4.43127,36.72457],[-4.43127,36.72458],[-4.43126,36.72458]]]}},{"type":"Feature","properties":{"name":"","kind":"park","road":"","osm":529714468},"geometry":{"type":"Polygon","coordinates":[[[-4.43115,36.72473],[-4.4311,36.7247],[-4.43108,36.72471],[-4.43113,36.72474],[-4.43114,36.72474],[-4.43115,36.72474],[-4.43115,36.72473]]]}},{"type":"Feature","properties":{"name":"Plaza Bravo","kind":"road","road":"pedestrian","osm":529727803},"geometry":{"type":"LineString","coordinates":[[-4.43099,36.72323],[-4.43104,36.72308]]}},{"type":"Feature","properties":{"name":"Plaza Bravo","kind":"road","road":"pedestrian","osm":529727806},"geometry":{"type":"LineString","coordinates":[[-4.43121,36.72342],[-4.43112,36.72341],[-4.43105,36.7234],[-4.43098,36.72338],[-4.43092,36.72337],[-4.43093,36.72332],[-4.43094,36.7233],[-4.43094,36.72329],[-4.43095,36.72326],[-4.43096,36.72323],[-4.43099,36.72323],[-4.43102,36.72324],[-4.4311,36.72325],[-4.43109,36.72328],[-4.43108,36.72331],[-4.43119,36.72334],[-4.43123,36.72334],[-4.43122,36.72338],[-4.43121,36.72342]]}},{"type":"Feature","properties":{"name":"Plaza Pepito Vargas","kind":"road","road":"pedestrian","osm":529740159},"geometry":{"type":"LineString","coordinates":[[-4.43081,36.72242],[-4.43061,36.72242],[-4.43044,36.72241],[-4.43043,36.72237],[-4.4305,36.72224],[-4.43056,36.72213],[-4.43069,36.72213],[-4.43083,36.72213],[-4.43083,36.72218],[-4.43082,36.72235],[-4.43081,36.72242]]}},{"type":"Feature","properties":{"name":"","kind":"park","road":"","osm":530823722},"geometry":{"type":"Polygon","coordinates":[[[-4.4313,36.72008],[-4.43126,36.72013],[-4.43113,36.72006],[-4.43117,36.72],[-4.4313,36.72008]]]}},{"type":"Feature","properties":{"name":"","kind":"park","road":"","osm":530847840},"geometry":{"type":"Polygon","coordinates":[[[-4.42803,36.71917],[-4.42805,36.7192],[-4.42806,36.71922],[-4.42805,36.71925],[-4.42804,36.71928],[-4.42801,36.7193],[-4.42797,36.7193],[-4.42794,36.7193],[-4.42791,36.71929],[-4.42788,36.71927],[-4.42787,36.71925],[-4.42787,36.71922],[-4.42788,36.71919],[-4.4279,36.71917],[-4.42792,36.71916],[-4.42795,36.71915],[-4.42798,36.71915],[-4.428,36.71916],[-4.42803,36.71917]]]}},{"type":"Feature","properties":{"name":"","kind":"park","road":"","osm":531934331},"geometry":{"type":"Polygon","coordinates":[[[-4.4265,36.71657],[-4.42648,36.71657],[-4.42648,36.71653],[-4.4265,36.71653],[-4.4265,36.71657]]]}},{"type":"Feature","properties":{"name":"","kind":"park","road":"","osm":531934339},"geometry":{"type":"Polygon","coordinates":[[[-4.42718,36.7165],[-4.42716,36.71648],[-4.42715,36.7165],[-4.42713,36.71652],[-4.42711,36.71651],[-4.42704,36.71652],[-4.42701,36.71653],[-4.42703,36.71656],[-4.42706,36.71657],[-4.42709,36.71656],[-4.42712,36.71654],[-4.42718,36.7165]]]}},{"type":"Feature","properties":{"name":"","kind":"park","road":"","osm":531940808},"geometry":{"type":"Polygon","coordinates":[[[-4.42876,36.71624],[-4.42854,36.71622],[-4.42851,36.71624],[-4.42851,36.71626],[-4.42852,36.71626],[-4.42851,36.71627],[-4.42844,36.71626],[-4.42845,36.71616],[-4.42882,36.71618],[-4.42881,36.71624],[-4.42879,36.71624],[-4.42877,36.71625],[-4.42876,36.71625],[-4.42876,36.71624]]]}},{"type":"Feature","properties":{"name":"Plaza Enrique Navarro","kind":"road","road":"pedestrian","osm":531940812},"geometry":{"type":"LineString","coordinates":[[-4.42947,36.7162],[-4.4293,36.71619],[-4.42924,36.71617],[-4.42895,36.71614],[-4.42884,36.71614],[-4.42853,36.71611],[-4.42843,36.71611],[-4.42812,36.71637],[-4.42812,36.71639],[-4.42811,36.71647]]}},{"type":"Feature","properties":{"name":"","kind":"park","road":"","osm":531940819},"geometry":{"type":"Polygon","coordinates":[[[-4.42843,36.71631],[-4.42843,36.71639],[-4.42862,36.71641],[-4.42863,36.71635],[-4.42843,36.71631]]]}},{"type":"Feature","properties":{"name":"","kind":"park","road":"","osm":531940820},"geometry":{"type":"Polygon","coordinates":[[[-4.42886,36.71619],[-4.42884,36.71636],[-4.42872,36.71636],[-4.42872,36.71641],[-4.42889,36.71643],[-4.42892,36.71619],[-4.42886,36.71619]]]}},{"type":"Feature","properties":{"name":"Jardines de la Catedral","kind":"park","road":"","osm":531951987},"geometry":{"type":"Polygon","coordinates":[[[-4.41869,36.72047],[-4.41866,36.7205],[-4.41867,36.72054],[-4.41867,36.72057],[-4.41869,36.72059],[-4.41872,36.72061],[-4.41881,36.72064],[-4.41913,36.7207],[-4.41919,36.7207],[-4.41919,36.72062],[-4.41918,36.72059],[-4.41918,36.72056],[-4.41918,36.7205],[-4.41902,36.72051],[-4.41902,36.72047],[-4.41901,36.72039],[-4.41888,36.72036],[-4.41875,36.72024],[-4.41875,36.72033],[-4.4187,36.72045],[-4.41869,36.72046],[-4.41869,36.72047]]]}},{"type":"Feature","properties":{"name":"Calle Litoral","kind":"road","road":"pedestrian","osm":531951988},"geometry":{"type":"LineString","coordinates":[[-4.41995,36.71948],[-4.41957,36.7195]]}},{"type":"Feature","properties":{"name":"","kind":"park","road":"","osm":531956844},"geometry":{"type":"Polygon","coordinates":[[[-4.41748,36.71961],[-4.41738,36.71971],[-4.41714,36.71954],[-4.4172,36.71951],[-4.41724,36.7195],[-4.41731,36.7195],[-4.41735,36.71952],[-4.41748,36.71961]]]}},{"type":"Feature","properties":{"name":"","kind":"park","road":"","osm":531956846},"geometry":{"type":"Polygon","coordinates":[[[-4.41755,36.71966],[-4.41751,36.71969],[-4.41773,36.71985],[-4.41774,36.71985],[-4.41776,36.71983],[-4.41777,36.71982],[-4.41755,36.71966]]]}},{"type":"Feature","properties":{"name":"Travesía Pintor Nogales","kind":"road","road":"pedestrian","osm":531965508},"geometry":{"type":"LineString","coordinates":[[-4.41655,36.72001],[-4.41658,36.72004],[-4.41715,36.72043]]}},{"type":"Feature","properties":{"name":"Calle Císter","kind":"road","road":"pedestrian","osm":531965509},"geometry":{"type":"LineString","coordinates":[[-4.41742,36.72032],[-4.41751,36.72035],[-4.41781,36.72047],[-4.418,36.72051],[-4.41822,36.72056],[-4.41857,36.72063],[-4.41869,36.72065],[-4.41922,36.72074],[-4.41931,36.72074],[-4.41938,36.72074]]}},{"type":"Feature","properties":{"name":"","kind":"road","road":"pedestrian","osm":531965510},"geometry":{"type":"LineString","coordinates":[[-4.41733,36.72045],[-4.41733,36.72051]]}},{"type":"Feature","properties":{"name":"Plazuela Jesús Castellanos","kind":"road","road":"pedestrian","osm":531972124},"geometry":{"type":"LineString","coordinates":[[-4.41833,36.72208],[-4.41834,36.7221],[-4.41834,36.72211],[-4.41833,36.72212],[-4.41832,36.72211],[-4.41827,36.72209],[-4.41824,36.72208],[-4.41823,36.72207],[-4.41822,36.72207],[-4.41824,36.72202],[-4.41825,36.72198],[-4.41822,36.72198],[-4.41822,36.72196],[-4.41823,36.72194],[-4.41824,36.72193],[-4.41826,36.72193],[-4.41828,36.72193],[-4.4183,36.72193],[-4.41832,36.72195],[-4.41836,36.72197],[-4.41838,36.72197],[-4.41841,36.72198],[-4.4184,36.722],[-4.41838,36.72204],[-4.41836,36.72204],[-4.41835,36.72205],[-4.41833,36.72207],[-4.41833,36.72208]]}},{"type":"Feature","properties":{"name":"Calle Bolsa","kind":"road","road":"pedestrian","osm":532196425},"geometry":{"type":"LineString","coordinates":[[-4.42076,36.71945],[-4.42082,36.7194],[-4.42098,36.71928]]}},{"type":"Feature","properties":{"name":"","kind":"park","road":"","osm":532196426},"geometry":{"type":"Polygon","coordinates":[[[-4.42114,36.71916],[-4.42112,36.71916],[-4.4211,36.71918],[-4.4211,36.71919],[-4.4211,36.71921],[-4.42111,36.71922],[-4.42113,36.71923],[-4.42116,36.71923],[-4.42118,36.71922],[-4.42119,36.71921],[-4.4212,36.71919],[-4.42119,36.71918],[-4.42118,36.71916],[-4.42116,36.71916],[-4.42114,36.71916]]]}},{"type":"Feature","properties":{"name":"Calle Marqués de Larios","kind":"road","road":"pedestrian","osm":532211894},"geometry":{"type":"LineString","coordinates":[[-4.42145,36.71841],[-4.42133,36.71821]]}},{"type":"Feature","properties":{"name":"","kind":"road","road":"pedestrian","osm":532214884},"geometry":{"type":"LineString","coordinates":[[-4.42171,36.72092],[-4.42222,36.7209],[-4.42238,36.72088]]}},{"type":"Feature","properties":{"name":"","kind":"road","road":"pedestrian","osm":532214886},"geometry":{"type":"LineString","coordinates":[[-4.42164,36.72129],[-4.42165,36.72126],[-4.4217,36.72099],[-4.42171,36.72092],[-4.42172,36.72088]]}},{"type":"Feature","properties":{"name":"","kind":"road","road":"pedestrian","osm":532214890},"geometry":{"type":"LineString","coordinates":[[-4.42158,36.72126],[-4.42165,36.72126],[-4.42187,36.72127],[-4.42222,36.72129],[-4.42238,36.7213]]}},{"type":"Feature","properties":{"name":"Pasaje Chinitas","kind":"road","road":"pedestrian","osm":532214892},"geometry":{"type":"LineString","coordinates":[[-4.42161,36.72099],[-4.42151,36.72097]]}},{"type":"Feature","properties":{"name":"","kind":"road","road":"pedestrian","osm":532215407},"geometry":{"type":"LineString","coordinates":[[-4.42234,36.72021],[-4.42227,36.7202],[-4.42216,36.72002]]}},{"type":"Feature","properties":{"name":"","kind":"road","road":"pedestrian","osm":532215408},"geometry":{"type":"LineString","coordinates":[[-4.42199,36.72049],[-4.42216,36.72052],[-4.42225,36.72053]]}},{"type":"Feature","properties":{"name":"Plaza de la Aduana","kind":"road","road":"pedestrian","osm":532448598},"geometry":{"type":"LineString","coordinates":[[-4.41743,36.72045],[-4.41743,36.7205],[-4.41733,36.72051],[-4.41708,36.72054],[-4.41708,36.72049],[-4.4171,36.72048],[-4.41715,36.72043],[-4.41719,36.7204],[-4.41744,36.72017],[-4.41769,36.71995],[-4.41772,36.71997],[-4.41776,36.72],[-4.41773,36.72004],[-4.41768,36.72011],[-4.41765,36.72016],[-4.41761,36.72022],[-4.41756,36.72027],[-4.41751,36.72035],[-4.41743,36.72045]]}},{"type":"Feature","properties":{"name":"Plaza Zamarrilla","kind":"road","road":"pedestrian","osm":532616219},"geometry":{"type":"LineString","coordinates":[[-4.43203,36.72137],[-4.43204,36.7214],[-4.43205,36.72143],[-4.43199,36.72142],[-4.43194,36.72141],[-4.43195,36.72138],[-4.43195,36.72134],[-4.43201,36.72134],[-4.43206,36.72133],[-4.43207,36.72122],[-4.43207,36.72121],[-4.43212,36.72122],[-4.43215,36.72122],[-4.43215,36.72119],[-4.43216,36.72118],[-4.43217,36.72118],[-4.43221,36.72118],[-4.43226,36.72119],[-4.43235,36.72116],[-4.43237,36.72123],[-4.43238,36.72129],[-4.43237,36.72129],[-4.43228,36.72131],[-4.43204,36.72137],[-4.43203,36.72137]]}},{"type":"Feature","properties":{"name":"","kind":"park","road":"","osm":532927154},"geometry":{"type":"Polygon","coordinates":[[[-4.4321,36.72805],[-4.43224,36.72809],[-4.43229,36.72794],[-4.43214,36.72791],[-4.4321,36.72805]]]}},{"type":"Feature","properties":{"name":"","kind":"park","road":"","osm":532927158},"geometry":{"type":"Polygon","coordinates":[[[-4.43256,36.72885],[-4.4324,36.7288],[-4.4324,36.72879],[-4.43242,36.72877],[-4.43257,36.72883],[-4.43256,36.72885]]]}},{"type":"Feature","properties":{"name":"","kind":"park","road":"","osm":532928484},"geometry":{"type":"Polygon","coordinates":[[[-4.43269,36.72805],[-4.43264,36.72804],[-4.43264,36.72801],[-4.43262,36.72798],[-4.4326,36.72797],[-4.43262,36.72789],[-4.43266,36.7279],[-4.43268,36.72783],[-4.43276,36.72784],[-4.43269,36.72805]]]}},{"type":"Feature","properties":{"name":"","kind":"park","road":"","osm":532929578},"geometry":{"type":"Polygon","coordinates":[[[-4.43188,36.72708],[-4.43202,36.72711],[-4.43211,36.72681],[-4.43197,36.72678],[-4.43188,36.72708]]]}},{"type":"Feature","properties":{"name":"","kind":"park","road":"","osm":532929579},"geometry":{"type":"Polygon","coordinates":[[[-4.43164,36.72674],[-4.43181,36.72677],[-4.43172,36.72705],[-4.43169,36.72704],[-4.43172,36.72695],[-4.4316,36.72693],[-4.43158,36.72702],[-4.43155,36.72701],[-4.43164,36.72674]]]}},{"type":"Feature","properties":{"name":"","kind":"park","road":"","osm":532929580},"geometry":{"type":"Polygon","coordinates":[[[-4.43148,36.7267],[-4.43131,36.72667],[-4.43122,36.72694],[-4.4314,36.72698],[-4.43148,36.7267]]]}},{"type":"Feature","properties":{"name":"","kind":"park","road":"","osm":532929581},"geometry":{"type":"Polygon","coordinates":[[[-4.4312,36.72735],[-4.43095,36.7273],[-4.43106,36.72695],[-4.43131,36.727],[-4.4312,36.72735]]]}},{"type":"Feature","properties":{"name":"","kind":"park","road":"","osm":532929582},"geometry":{"type":"Polygon","coordinates":[[[-4.43117,36.72768],[-4.43099,36.72764],[-4.43108,36.72737],[-4.43126,36.72741],[-4.43117,36.72768]]]}},{"type":"Feature","properties":{"name":"","kind":"park","road":"","osm":532929918},"geometry":{"type":"Polygon","coordinates":[[[-4.43117,36.72661],[-4.43103,36.72658],[-4.43099,36.72668],[-4.43113,36.72671],[-4.43117,36.72661]]]}},{"type":"Feature","properties":{"name":"","kind":"park","road":"","osm":532929919},"geometry":{"type":"Polygon","coordinates":[[[-4.43096,36.72675],[-4.43102,36.72677],[-4.43103,36.72678],[-4.43101,36.72686],[-4.43094,36.72684],[-4.43096,36.72675]]]}},{"type":"Feature","properties":{"name":"","kind":"park","road":"","osm":532933218},"geometry":{"type":"Polygon","coordinates":[[[-4.43257,36.728],[-4.43256,36.728],[-4.43254,36.72801],[-4.43253,36.72802],[-4.43253,36.72803],[-4.43254,36.72805],[-4.43255,36.72805],[-4.43257,36.72806],[-4.43258,36.72805],[-4.43259,36.72804],[-4.4326,36.72803],[-4.43259,36.72801],[-4.43257,36.728]]]}},{"type":"Feature","properties":{"name":"","kind":"park","road":"","osm":532933219},"geometry":{"type":"Polygon","coordinates":[[[-4.43249,36.72825],[-4.43248,36.72825],[-4.43246,36.72825],[-4.43245,36.72826],[-4.43245,36.72828],[-4.43246,36.72829],[-4.43247,36.7283],[-4.43249,36.7283],[-4.4325,36.72829],[-4.43251,36.72828],[-4.43252,36.72827],[-4.43251,36.72826],[-4.43249,36.72825]]]}},{"type":"Feature","properties":{"name":"","kind":"park","road":"","osm":532933220},"geometry":{"type":"Polygon","coordinates":[[[-4.43244,36.72834],[-4.43243,36.72837],[-4.43231,36.72835],[-4.43234,36.72827],[-4.43238,36.72828],[-4.43239,36.7283],[-4.43241,36.72832],[-4.43244,36.72834]]]}},{"type":"Feature","properties":{"name":"","kind":"park","road":"","osm":532933221},"geometry":{"type":"Polygon","coordinates":[[[-4.43258,36.7284],[-4.43261,36.72832],[-4.43256,36.72831],[-4.43254,36.72833],[-4.43251,36.72834],[-4.43248,36.72835],[-4.43248,36.72838],[-4.43258,36.7284]]]}},{"type":"Feature","properties":{"name":"","kind":"park","road":"","osm":532933222},"geometry":{"type":"Polygon","coordinates":[[[-4.43235,36.72823],[-4.43241,36.72802],[-4.43248,36.72804],[-4.43249,36.72806],[-4.4325,36.72807],[-4.43252,36.72808],[-4.43249,36.72819],[-4.43245,36.72819],[-4.43243,36.7282],[-4.4324,36.72822],[-4.43239,36.72824],[-4.43235,36.72823]]]}},{"type":"Feature","properties":{"name":"","kind":"park","road":"","osm":532933223},"geometry":{"type":"Polygon","coordinates":[[[-4.43262,36.72828],[-4.43258,36.72827],[-4.43257,36.72825],[-4.43257,36.72823],[-4.43255,36.72821],[-4.43253,36.7282],[-4.43256,36.72809],[-4.43258,36.72809],[-4.43261,36.72808],[-4.43263,36.72806],[-4.43268,36.72808],[-4.43262,36.72828]]]}},{"type":"Feature","properties":{"name":"","kind":"park","road":"","osm":532933224},"geometry":{"type":"Polygon","coordinates":[[[-4.43242,36.72799],[-4.43249,36.72779],[-4.43256,36.7278],[-4.43253,36.72788],[-4.43258,36.72789],[-4.43256,36.72796],[-4.43253,36.72797],[-4.43251,36.72797],[-4.4325,36.72799],[-4.43248,36.72801],[-4.43242,36.72799]]]}},{"type":"Feature","properties":{"name":"","kind":"park","road":"","osm":532933225},"geometry":{"type":"Polygon","coordinates":[[[-4.4323,36.72841],[-4.43269,36.72849],[-4.43264,36.72867],[-4.43225,36.72859],[-4.43224,36.72859],[-4.4323,36.72841]]]}},{"type":"Feature","properties":{"name":"","kind":"park","road":"","osm":532965200},"geometry":{"type":"Polygon","coordinates":[[[-4.43149,36.72622],[-4.4318,36.72629],[-4.43186,36.72608],[-4.43154,36.72603],[-4.43149,36.72622]]]}},{"type":"Feature","properties":{"name":"Plaza Zumaya","kind":"road","road":"pedestrian","osm":532966577},"geometry":{"type":"LineString","coordinates":[[-4.4316,36.72545],[-4.43164,36.72545],[-4.43168,36.72546],[-4.43177,36.72547],[-4.4318,36.72548],[-4.43192,36.7255],[-4.43193,36.7255],[-4.43193,36.72551],[-4.43194,36.72549],[-4.43194,36.72546],[-4.4319,36.72543],[-4.43187,36.72541],[-4.43184,36.72538],[-4.43183,36.72537],[-4.43179,36.72534],[-4.43176,36.72531],[-4.43171,36.72528],[-4.43167,36.72529],[-4.43163,36.72531],[-4.43162,36.72535],[-4.43162,36.72536],[-4.43162,36.72538],[-4.4316,36.72545]]}},{"type":"Feature","properties":{"name":"Plazuela Compás de la Trinidad","kind":"road","road":"pedestrian","osm":532966580},"geometry":{"type":"LineString","coordinates":[[-4.43211,36.72537],[-4.43212,36.72538],[-4.43226,36.72549],[-4.43224,36.7255],[-4.43225,36.72552],[-4.43225,36.72554],[-4.43224,36.72559],[-4.43222,36.72565],[-4.43218,36.72564],[-4.43212,36.72563],[-4.43212,36.72562],[-4.43211,36.72562],[-4.4321,36.72562],[-4.43208,36.72562],[-4.43206,36.72562],[-4.43204,36.72561],[-4.43203,36.72561],[-4.43202,36.72561],[-4.43201,36.72561],[-4.432,36.72561],[-4.43195,36.7256],[-4.43194,36.72561],[-4.4319,36.72561],[-4.43193,36.72551],[-4.43194,36.72549],[-4.43194,36.72546],[-4.43198,36.72544],[-4.43202,36.72542],[-4.43206,36.72542],[-4.43207,36.72541],[-4.43208,36.7254],[-4.43209,36.7254],[-4.4321,36.7254],[-4.43211,36.72537]]}},{"type":"Feature","properties":{"name":"","kind":"park","road":"","osm":533845209},"geometry":{"type":"Polygon","coordinates":[[[-4.43168,36.72894],[-4.4317,36.7289],[-4.43135,36.72877],[-4.43134,36.72879],[-4.43134,36.72881],[-4.43135,36.72882],[-4.43168,36.72894]]]}},{"type":"Feature","properties":{"name":"","kind":"park","road":"","osm":533845213},"geometry":{"type":"Polygon","coordinates":[[[-4.43231,36.72917],[-4.43233,36.72914],[-4.43174,36.72892],[-4.43172,36.72895],[-4.43231,36.72917]]]}},{"type":"Feature","properties":{"name":"","kind":"park","road":"","osm":533845215},"geometry":{"type":"Polygon","coordinates":[[[-4.43284,36.72933],[-4.43282,36.72936],[-4.43235,36.72919],[-4.43237,36.72915],[-4.43284,36.72933]]]}},{"type":"Feature","properties":{"name":"","kind":"park","road":"","osm":533847833},"geometry":{"type":"Polygon","coordinates":[[[-4.43168,36.72923],[-4.43168,36.72919],[-4.43166,36.72916],[-4.43165,36.72912],[-4.43163,36.72909],[-4.43162,36.72905],[-4.43176,36.7291],[-4.43169,36.72921],[-4.43168,36.72923]]]}},{"type":"Feature","properties":{"name":"","kind":"park","road":"","osm":533847836},"geometry":{"type":"Polygon","coordinates":[[[-4.43145,36.72905],[-4.43143,36.72902],[-4.43145,36.72901],[-4.43148,36.72901],[-4.4315,36.72902],[-4.4315,36.72903],[-4.43145,36.72905]]]}},{"type":"Feature","properties":{"name":"","kind":"park","road":"","osm":533847838},"geometry":{"type":"Polygon","coordinates":[[[-4.43159,36.72938],[-4.43154,36.72939],[-4.43151,36.72939],[-4.43145,36.7294],[-4.43143,36.7294],[-4.43137,36.7295],[-4.43135,36.72956],[-4.43135,36.7296],[-4.43138,36.72965],[-4.43144,36.72967],[-4.4315,36.72968],[-4.43156,36.72967],[-4.43162,36.72964],[-4.43167,36.72963],[-4.43175,36.72966],[-4.43176,36.72963],[-4.43154,36.72955],[-4.43152,36.72958],[-4.43149,36.72957],[-4.43159,36.72938]]]}},{"type":"Feature","properties":{"name":"","kind":"park","road":"","osm":533847839},"geometry":{"type":"Polygon","coordinates":[[[-4.43122,36.72954],[-4.4312,36.72953],[-4.43119,36.72951],[-4.43118,36.72948],[-4.43118,36.72946],[-4.43124,36.72948],[-4.43123,36.72952],[-4.43122,36.72954]]]}},{"type":"Feature","properties":{"name":"","kind":"park","road":"","osm":533847843},"geometry":{"type":"Polygon","coordinates":[[[-4.4316,36.72922],[-4.43155,36.72932],[-4.43153,36.72933],[-4.43151,36.72933],[-4.43148,36.72933],[-4.43147,36.72932],[-4.43156,36.72917],[-4.43157,36.72916],[-4.43158,36.72916],[-4.43159,36.72917],[-4.4316,36.72921],[-4.4316,36.72922]]]}},{"type":"Feature","properties":{"name":"","kind":"park","road":"","osm":534609348},"geometry":{"type":"Polygon","coordinates":[[[-4.41478,36.72052],[-4.41474,36.72053],[-4.41478,36.72062],[-4.41479,36.72063],[-4.4148,36.72064],[-4.41477,36.72057],[-4.41479,36.72056],[-4.41478,36.72052]]]}},{"type":"Feature","properties":{"name":"","kind":"park","road":"","osm":534609349},"geometry":{"type":"Polygon","coordinates":[[[-4.41471,36.72038],[-4.41469,36.72033],[-4.41467,36.72034],[-4.41464,36.72027],[-4.41463,36.72028],[-4.41468,36.72039],[-4.41471,36.72038]]]}},{"type":"Feature","properties":{"name":"","kind":"park","road":"","osm":534609350},"geometry":{"type":"Polygon","coordinates":[[[-4.4148,36.72023],[-4.41474,36.72025],[-4.41474,36.72023],[-4.41463,36.72026],[-4.41463,36.72025],[-4.41463,36.72024],[-4.41464,36.72023],[-4.41466,36.72022],[-4.41478,36.72019],[-4.4148,36.72023]]]}},{"type":"Feature","properties":{"name":"","kind":"park","road":"","osm":534609351},"geometry":{"type":"Polygon","coordinates":[[[-4.41528,36.72022],[-4.41526,36.72018],[-4.41528,36.72017],[-4.41525,36.7201],[-4.41515,36.72012],[-4.41516,36.72014],[-4.4151,36.72016],[-4.41508,36.72011],[-4.4152,36.72007],[-4.41522,36.72007],[-4.41524,36.72007],[-4.41524,36.72008],[-4.41525,36.72009],[-4.41526,36.72009],[-4.41531,36.72021],[-4.41528,36.72022]]]}},{"type":"Feature","properties":{"name":"","kind":"park","road":"","osm":534609352},"geometry":{"type":"Polygon","coordinates":[[[-4.4154,36.72047],[-4.41537,36.7204],[-4.41536,36.72041],[-4.41534,36.72036],[-4.41537,36.72035],[-4.41537,36.72036],[-4.41536,36.72036],[-4.41536,36.72037],[-4.41537,36.72036],[-4.41541,36.72044],[-4.41541,36.72045],[-4.41541,36.72046],[-4.4154,36.72047]]]}},{"type":"Feature","properties":{"name":"","kind":"park","road":"","osm":534609353},"geometry":{"type":"Polygon","coordinates":[[[-4.4168,36.7197],[-4.41681,36.71968],[-4.4168,36.71965],[-4.41678,36.71964],[-4.41675,36.71963],[-4.41673,36.71962],[-4.41687,36.71957],[-4.41699,36.71952],[-4.417,36.71952],[-4.417,36.71953],[-4.4168,36.7197]]]}},{"type":"Feature","properties":{"name":"Calle Manuel Martín Estévez","kind":"road","road":"pedestrian","osm":534612037},"geometry":{"type":"LineString","coordinates":[[-4.41127,36.72085],[-4.41128,36.72083],[-4.41136,36.72032],[-4.41137,36.72021],[-4.41137,36.72016],[-4.41137,36.72012],[-4.41136,36.7201],[-4.41134,36.72007],[-4.41126,36.71998],[-4.41125,36.71995],[-4.41124,36.7199]]}},{"type":"Feature","properties":{"name":"","kind":"park","road":"","osm":534619904},"geometry":{"type":"Polygon","coordinates":[[[-4.41138,36.71765],[-4.4113,36.71763],[-4.41133,36.71761],[-4.41137,36.7176],[-4.41142,36.71758],[-4.41144,36.7176],[-4.41138,36.71765]]]}},{"type":"Feature","properties":{"name":"","kind":"park","road":"","osm":534619905},"geometry":{"type":"Polygon","coordinates":[[[-4.41129,36.71772],[-4.41125,36.71772],[-4.41125,36.7177],[-4.41126,36.71768],[-4.41133,36.71769],[-4.41129,36.71772]]]}},{"type":"Feature","properties":{"name":"Calle Pintor Guerrero del Castillo","kind":"road","road":"pedestrian","osm":534620742},"geometry":{"type":"LineString","coordinates":[[-4.41211,36.71715],[-4.41176,36.7171],[-4.41147,36.71687]]}},{"type":"Feature","properties":{"name":"","kind":"park","road":"","osm":534622711},"geometry":{"type":"Polygon","coordinates":[[[-4.41015,36.71803],[-4.41013,36.718],[-4.41016,36.71798],[-4.41018,36.718],[-4.41015,36.71803]]]}},{"type":"Feature","properties":{"name":"Calle Ruiz Blaser","kind":"road","road":"pedestrian","osm":534626270},"geometry":{"type":"LineString","coordinates":[[-4.40851,36.71896],[-4.40841,36.71963]]}},{"type":"Feature","properties":{"name":"","kind":"park","road":"","osm":534627735},"geometry":{"type":"Polygon","coordinates":[[[-4.40794,36.71908],[-4.40785,36.71915],[-4.40782,36.71917],[-4.40781,36.71921],[-4.40781,36.71923],[-4.40782,36.71926],[-4.40783,36.71928],[-4.40784,36.71929],[-4.40785,36.71928],[-4.40786,36.71928],[-4.40787,36.71922],[-4.40789,36.71917],[-4.40794,36.71908]]]}},{"type":"Feature","properties":{"name":"Plaza Miguel de los Reyes","kind":"road","road":"pedestrian","osm":534904496},"geometry":{"type":"LineString","coordinates":[[-4.41692,36.72521],[-4.41693,36.72522],[-4.41695,36.72524],[-4.41698,36.72528],[-4.41722,36.72551],[-4.41726,36.72554]]}},{"type":"Feature","properties":{"name":"","kind":"park","road":"","osm":536071953},"geometry":{"type":"Polygon","coordinates":[[[-4.43162,36.71806],[-4.43159,36.71806],[-4.43159,36.71805],[-4.43155,36.71805],[-4.43155,36.71807],[-4.43152,36.71807],[-4.43152,36.71799],[-4.43161,36.71799],[-4.4316,36.718],[-4.43162,36.71801],[-4.43162,36.71806]]]}},{"type":"Feature","properties":{"name":"","kind":"park","road":"","osm":536071955},"geometry":{"type":"Polygon","coordinates":[[[-4.43163,36.71814],[-4.43158,36.71814],[-4.43159,36.7181],[-4.43163,36.71811],[-4.43163,36.71814]]]}},{"type":"Feature","properties":{"name":"","kind":"park","road":"","osm":536071970},"geometry":{"type":"Polygon","coordinates":[[[-4.43253,36.71847],[-4.43245,36.71846],[-4.43245,36.71844],[-4.43247,36.71844],[-4.43247,36.71842],[-4.43253,36.71842],[-4.43253,36.71847]]]}},{"type":"Feature","properties":{"name":"","kind":"park","road":"","osm":536071979},"geometry":{"type":"Polygon","coordinates":[[[-4.43271,36.71898],[-4.43267,36.71898],[-4.43267,36.719],[-4.43271,36.719],[-4.43271,36.71898]]]}},{"type":"Feature","properties":{"name":"","kind":"park","road":"","osm":536071985},"geometry":{"type":"Polygon","coordinates":[[[-4.4315,36.71877],[-4.43152,36.71875],[-4.43153,36.71868],[-4.43152,36.71868],[-4.43135,36.71867],[-4.43134,36.71867],[-4.43134,36.71868],[-4.43148,36.71877],[-4.4315,36.71877]]]}},{"type":"Feature","properties":{"name":"","kind":"park","road":"","osm":536071986},"geometry":{"type":"Polygon","coordinates":[[[-4.4316,36.71881],[-4.43157,36.71879],[-4.43156,36.71879],[-4.43155,36.7188],[-4.43155,36.71881],[-4.43157,36.71883],[-4.43159,36.71884],[-4.4316,36.71882],[-4.4316,36.71881]]]}},{"type":"Feature","properties":{"name":"","kind":"park","road":"","osm":536071987},"geometry":{"type":"Polygon","coordinates":[[[-4.43163,36.71877],[-4.43159,36.71876],[-4.43159,36.71875],[-4.4316,36.71869],[-4.43161,36.71868],[-4.43167,36.71869],[-4.43168,36.71871],[-4.43167,36.71871],[-4.43163,36.71877]]]}},{"type":"Feature","properties":{"name":"","kind":"park","road":"","osm":536080435},"geometry":{"type":"Polygon","coordinates":[[[-4.43041,36.71746],[-4.43041,36.71748],[-4.43034,36.71747],[-4.43034,36.71743],[-4.43038,36.71744],[-4.43038,36.71746],[-4.43041,36.71746]]]}},{"type":"Feature","properties":{"name":"","kind":"park","road":"","osm":536080438},"geometry":{"type":"Polygon","coordinates":[[[-4.4304,36.71729],[-4.43036,36.71728],[-4.43036,36.7173],[-4.43039,36.7173],[-4.4304,36.71729]]]}},{"type":"Feature","properties":{"name":"","kind":"park","road":"","osm":536080460},"geometry":{"type":"Polygon","coordinates":[[[-4.43048,36.71757],[-4.43044,36.71756],[-4.43044,36.71753],[-4.43049,36.71753],[-4.43048,36.71757]]]}},{"type":"Feature","properties":{"name":"","kind":"park","road":"","osm":538545514},"geometry":{"type":"Polygon","coordinates":[[[-4.43206,36.71377],[-4.43199,36.7138],[-4.43197,36.71373],[-4.43193,36.71368],[-4.43197,36.71365],[-4.43206,36.71377]]]}},{"type":"Feature","properties":{"name":"","kind":"park","road":"","osm":538545516},"geometry":{"type":"Polygon","coordinates":[[[-4.43181,36.71407],[-4.43176,36.71406],[-4.43173,36.71401],[-4.43182,36.71398],[-4.43181,36.71407]]]}},{"type":"Feature","properties":{"name":"","kind":"park","road":"","osm":538545518},"geometry":{"type":"Polygon","coordinates":[[[-4.432,36.71435],[-4.43189,36.71429],[-4.43184,36.71425],[-4.43179,36.71418],[-4.43177,36.71412],[-4.43183,36.71415],[-4.43187,36.71418],[-4.4319,36.71424],[-4.43195,36.71428],[-4.43199,36.71431],[-4.432,36.71433],[-4.432,36.71435]]]}},{"type":"Feature","properties":{"name":"","kind":"park","road":"","osm":538545520},"geometry":{"type":"Polygon","coordinates":[[[-4.43247,36.71388],[-4.43237,36.7138],[-4.43253,36.71375],[-4.4326,36.7138],[-4.43251,36.71384],[-4.43247,36.71388]]]}},{"type":"Feature","properties":{"name":"","kind":"park","road":"","osm":538545522},"geometry":{"type":"Polygon","coordinates":[[[-4.43258,36.71411],[-4.43254,36.71408],[-4.43254,36.71403],[-4.43253,36.71398],[-4.43252,36.71396],[-4.43255,36.71392],[-4.43257,36.71396],[-4.43259,36.71401],[-4.4326,36.71407],[-4.43258,36.71411]]]}},{"type":"Feature","properties":{"name":"","kind":"park","road":"","osm":538545524},"geometry":{"type":"Polygon","coordinates":[[[-4.43251,36.71426],[-4.43246,36.7143],[-4.4324,36.71433],[-4.43232,36.71436],[-4.43225,36.71437],[-4.43218,36.71438],[-4.43213,36.71438],[-4.43208,36.71437],[-4.43209,36.71433],[-4.43218,36.71434],[-4.43223,36.71434],[-4.43229,36.71433],[-4.43235,36.71431],[-4.43242,36.71427],[-4.43246,36.71425],[-4.43251,36.71426]]]}},{"type":"Feature","properties":{"name":"","kind":"park","road":"","osm":538579692},"geometry":{"type":"Polygon","coordinates":[[[-4.43089,36.71052],[-4.43087,36.71051],[-4.43107,36.71034],[-4.43109,36.71035],[-4.43089,36.71052]]]}},{"type":"Feature","properties":{"name":"","kind":"park","road":"","osm":538579693},"geometry":{"type":"Polygon","coordinates":[[[-4.43112,36.71113],[-4.43108,36.7111],[-4.43101,36.71116],[-4.43104,36.71119],[-4.43112,36.71113]]]}},{"type":"Feature","properties":{"name":"","kind":"park","road":"","osm":538579694},"geometry":{"type":"Polygon","coordinates":[[[-4.43091,36.71093],[-4.43082,36.71086],[-4.43075,36.71092],[-4.43084,36.71099],[-4.43091,36.71093]]]}},{"type":"Feature","properties":{"name":"","kind":"park","road":"","osm":538579695},"geometry":{"type":"Polygon","coordinates":[[[-4.43096,36.71106],[-4.4309,36.71102],[-4.43096,36.71097],[-4.43102,36.71101],[-4.43096,36.71106]]]}},{"type":"Feature","properties":{"name":"","kind":"park","road":"","osm":538579696},"geometry":{"type":"Polygon","coordinates":[[[-4.43064,36.711],[-4.43059,36.71096],[-4.43053,36.71102],[-4.43057,36.71105],[-4.43064,36.711]]]}},{"type":"Feature","properties":{"name":"","kind":"park","road":"","osm":538579697},"geometry":{"type":"Polygon","coordinates":[[[-4.43086,36.71118],[-4.43082,36.71115],[-4.43074,36.71121],[-4.43078,36.71124],[-4.43086,36.71118]]]}},{"type":"Feature","properties":{"name":"","kind":"park","road":"","osm":538579700},"geometry":{"type":"Polygon","coordinates":[[[-4.43109,36.71045],[-4.43108,36.71044],[-4.43093,36.71055],[-4.43094,36.71056],[-4.43109,36.71045]]]}},{"type":"Feature","properties":{"name":"","kind":"park","road":"","osm":538579701},"geometry":{"type":"Polygon","coordinates":[[[-4.4311,36.71062],[-4.43104,36.71062],[-4.431,36.71057],[-4.43107,36.71051],[-4.4311,36.71053],[-4.43114,36.71059],[-4.4311,36.71062]]]}},{"type":"Feature","properties":{"name":"","kind":"park","road":"","osm":538579702},"geometry":{"type":"Polygon","coordinates":[[[-4.43118,36.71075],[-4.4312,36.7107],[-4.43113,36.71064],[-4.43105,36.71065],[-4.43118,36.71075]]]}},{"type":"Feature","properties":{"name":"","kind":"park","road":"","osm":538579703},"geometry":{"type":"Polygon","coordinates":[[[-4.43136,36.71076],[-4.43134,36.71072],[-4.43126,36.71066],[-4.4312,36.71076],[-4.43122,36.71079],[-4.43128,36.71083],[-4.43136,36.71076]]]}},{"type":"Feature","properties":{"name":"","kind":"park","road":"","osm":538579704},"geometry":{"type":"Polygon","coordinates":[[[-4.43143,36.7107],[-4.43115,36.7105],[-4.43113,36.71052],[-4.43119,36.7106],[-4.43126,36.71062],[-4.4314,36.71073],[-4.43143,36.7107]]]}},{"type":"Feature","properties":{"name":"","kind":"park","road":"","osm":540636604},"geometry":{"type":"Polygon","coordinates":[[[-4.42451,36.71405],[-4.42448,36.71405],[-4.42449,36.71404],[-4.42448,36.71403],[-4.42448,36.71402],[-4.42448,36.71401],[-4.42449,36.71401],[-4.42452,36.71402],[-4.42451,36.71405]]]}},{"type":"Feature","properties":{"name":"","kind":"park","road":"","osm":540636605},"geometry":{"type":"Polygon","coordinates":[[[-4.42449,36.71407],[-4.42448,36.71406],[-4.42447,36.71406],[-4.42445,36.71406],[-4.42443,36.71406],[-4.42444,36.71408],[-4.42446,36.71408],[-4.42446,36.71409],[-4.42448,36.71409],[-4.42448,36.71408],[-4.42449,36.71407]]]}},{"type":"Feature","properties":{"name":"","kind":"park","road":"","osm":540638056},"geometry":{"type":"Polygon","coordinates":[[[-4.42531,36.7125],[-4.42516,36.71251],[-4.42531,36.71236],[-4.42531,36.7125]]]}},{"type":"Feature","properties":{"name":"","kind":"road","road":"pedestrian","osm":544984864},"geometry":{"type":"LineString","coordinates":[[-4.42091,36.72183],[-4.42097,36.72189]]}},{"type":"Feature","properties":{"name":"","kind":"road","road":"pedestrian","osm":544987496},"geometry":{"type":"LineString","coordinates":[[-4.42015,36.72165],[-4.42018,36.72144]]}},{"type":"Feature","properties":{"name":"","kind":"road","road":"pedestrian","osm":544987498},"geometry":{"type":"LineString","coordinates":[[-4.41998,36.72151],[-4.42015,36.72165]]}},{"type":"Feature","properties":{"name":"Plaza de la Merced","kind":"road","road":"pedestrian","osm":544994609},"geometry":{"type":"LineString","coordinates":[[-4.41752,36.7228],[-4.4175,36.72285],[-4.41746,36.7229],[-4.4174,36.72293],[-4.41736,36.72298],[-4.41722,36.72315],[-4.41703,36.72338],[-4.41697,36.72345]]}},{"type":"Feature","properties":{"name":"Callejón Callao","kind":"road","road":"pedestrian","osm":545002649},"geometry":{"type":"LineString","coordinates":[[-4.41598,36.72316],[-4.41631,36.7227]]}},{"type":"Feature","properties":{"name":"Pasaje Clemens","kind":"road","road":"pedestrian","osm":545004645},"geometry":{"type":"LineString","coordinates":[[-4.41609,36.72396],[-4.41605,36.72394],[-4.41603,36.72392],[-4.41552,36.72367]]}},{"type":"Feature","properties":{"name":"Calle Picacho","kind":"road","road":"pedestrian","osm":545010848},"geometry":{"type":"LineString","coordinates":[[-4.41529,36.72443],[-4.41485,36.72415]]}},{"type":"Feature","properties":{"name":"Puente de Antonio Machado","kind":"road","road":"primary","osm":545738695},"geometry":{"type":"LineString","coordinates":[[-4.42603,36.71112],[-4.42566,36.7115]]}},{"type":"Feature","properties":{"name":"Calle San Lorenzo","kind":"road","road":"pedestrian","osm":549568407},"geometry":{"type":"LineString","coordinates":[[-4.4249,36.71673],[-4.42492,36.7168]]}},{"type":"Feature","properties":{"name":"Calle Hoyo de Esparteros","kind":"road","road":"pedestrian","osm":549570005},"geometry":{"type":"LineString","coordinates":[[-4.42507,36.71838],[-4.425,36.71825],[-4.42485,36.71793],[-4.42481,36.71785]]}},{"type":"Feature","properties":{"name":"Calle Torregorda","kind":"road","road":"pedestrian","osm":549572462},"geometry":{"type":"LineString","coordinates":[[-4.42392,36.7178],[-4.42378,36.71751]]}},{"type":"Feature","properties":{"name":"Alameda Principal","kind":"road","road":"pedestrian","osm":549574121},"geometry":{"type":"LineString","coordinates":[[-4.42552,36.71705],[-4.4255,36.71706],[-4.42523,36.71712],[-4.42475,36.71722],[-4.42467,36.71724],[-4.42378,36.71751],[-4.42367,36.71754],[-4.42361,36.71756],[-4.42353,36.71758],[-4.42316,36.71769],[-4.42268,36.71783],[-4.42263,36.71784],[-4.42257,36.71786],[-4.42219,36.71796],[-4.42133,36.71821]]}},{"type":"Feature","properties":{"name":"","kind":"road","road":"pedestrian","osm":549629533},"geometry":{"type":"LineString","coordinates":[[-4.42227,36.7202],[-4.42216,36.72052]]}},{"type":"Feature","properties":{"name":"","kind":"road","road":"pedestrian","osm":549631772},"geometry":{"type":"LineString","coordinates":[[-4.42222,36.72129],[-4.42222,36.7209]]}},{"type":"Feature","properties":{"name":"","kind":"road","road":"pedestrian","osm":550176681},"geometry":{"type":"LineString","coordinates":[[-4.42398,36.71963],[-4.42403,36.71964],[-4.42412,36.72018],[-4.42442,36.72007],[-4.42445,36.72013]]}},{"type":"Feature","properties":{"name":"Calle Calderón de la Barca","kind":"road","road":"pedestrian","osm":550176682},"geometry":{"type":"LineString","coordinates":[[-4.42407,36.72025],[-4.42379,36.72036],[-4.42364,36.7204]]}},{"type":"Feature","properties":{"name":"Calle Eduardo Ocón","kind":"road","road":"pedestrian","osm":550176857},"geometry":{"type":"LineString","coordinates":[[-4.42185,36.7245],[-4.42227,36.72438],[-4.42251,36.72431],[-4.4226,36.72429]]}},{"type":"Feature","properties":{"name":"Calle Alcántara","kind":"road","road":"pedestrian","osm":550177085},"geometry":{"type":"LineString","coordinates":[[-4.42127,36.72389],[-4.421,36.72356]]}},{"type":"Feature","properties":{"name":"","kind":"road","road":"pedestrian","osm":550177086},"geometry":{"type":"LineString","coordinates":[[-4.42131,36.72392],[-4.42129,36.72392],[-4.4211,36.72396],[-4.42108,36.72396]]}},{"type":"Feature","properties":{"name":"","kind":"road","road":"pedestrian","osm":551272852},"geometry":{"type":"LineString","coordinates":[[-4.42308,36.71909],[-4.42305,36.71904]]}},{"type":"Feature","properties":{"name":"","kind":"road","road":"pedestrian","osm":551272853},"geometry":{"type":"LineString","coordinates":[[-4.42328,36.71914],[-4.42341,36.71907]]}},{"type":"Feature","properties":{"name":"","kind":"road","road":"pedestrian","osm":551272854},"geometry":{"type":"LineString","coordinates":[[-4.42297,36.71915],[-4.423,36.71916]]}},{"type":"Feature","properties":{"name":"Calle Nueva","kind":"road","road":"pedestrian","osm":551272855},"geometry":{"type":"LineString","coordinates":[[-4.42295,36.71935],[-4.42299,36.71917]]}},{"type":"Feature","properties":{"name":"Calle Zapateros","kind":"road","road":"pedestrian","osm":551272856},"geometry":{"type":"LineString","coordinates":[[-4.42326,36.71936],[-4.42295,36.71935]]}},{"type":"Feature","properties":{"name":"Paseo del Parque","kind":"road","road":"tertiary","osm":551648468},"geometry":{"type":"LineString","coordinates":[[-4.4133,36.7202],[-4.41315,36.72021]]}},{"type":"Feature","properties":{"name":"Alameda Principal","kind":"road","road":"secondary","osm":553295965},"geometry":{"type":"LineString","coordinates":[[-4.42553,36.71677],[-4.42549,36.71677],[-4.42542,36.71677],[-4.42537,36.71676],[-4.42533,36.71675],[-4.4253,36.71673]]}},{"type":"Feature","properties":{"name":"Plaza de la Misericordia","kind":"road","road":"pedestrian","osm":554670192},"geometry":{"type":"LineString","coordinates":[[-4.42911,36.71339],[-4.42889,36.7136]]}},{"type":"Feature","properties":{"name":"Plaza de la Misericordia","kind":"road","road":"pedestrian","osm":554670196},"geometry":{"type":"LineString","coordinates":[[-4.4293,36.7131],[-4.42934,36.71312],[-4.42931,36.71316],[-4.42935,36.71319],[-4.42927,36.71326],[-4.42923,36.71323],[-4.4292,36.71326],[-4.42918,36.71328],[-4.42908,36.71337],[-4.42911,36.71339],[-4.42914,36.7134],[-4.42923,36.71347],[-4.42929,36.71351],[-4.42931,36.71349],[-4.42936,36.71341],[-4.42938,36.71342],[-4.42941,36.71343],[-4.42953,36.71332],[-4.4295,36.7133],[-4.42945,36.71327],[-4.4295,36.71322],[-4.42948,36.71321],[-4.42945,36.71319],[-4.42943,36.71317],[-4.4294,36.71314],[-4.42946,36.71309],[-4.4294,36.71305],[-4.42937,36.71303],[-4.42933,36.71307],[-4.4293,36.7131]]}},{"type":"Feature","properties":{"name":"","kind":"park","road":"","osm":554670818},"geometry":{"type":"Polygon","coordinates":[[[-4.42655,36.71195],[-4.42646,36.71195],[-4.42646,36.71202],[-4.42647,36.71203],[-4.42655,36.71196],[-4.42655,36.71195]]]}},{"type":"Feature","properties":{"name":"","kind":"park","road":"","osm":554671822},"geometry":{"type":"Polygon","coordinates":[[[-4.42687,36.71096],[-4.42674,36.71086],[-4.42679,36.71081],[-4.42684,36.71085],[-4.42684,36.71087],[-4.42683,36.71088],[-4.42683,36.7109],[-4.42689,36.71095],[-4.42687,36.71096]]]}},{"type":"Feature","properties":{"name":"","kind":"park","road":"","osm":554671823},"geometry":{"type":"Polygon","coordinates":[[[-4.42706,36.71112],[-4.42689,36.71098],[-4.42693,36.71095],[-4.42696,36.71095],[-4.427,36.71097],[-4.427,36.711],[-4.42697,36.71101],[-4.42703,36.71106],[-4.42705,36.71104],[-4.42707,36.71103],[-4.42709,36.71104],[-4.42711,36.71106],[-4.42711,36.71108],[-4.42706,36.71112]]]}},{"type":"Feature","properties":{"name":"","kind":"park","road":"","osm":554671824},"geometry":{"type":"Polygon","coordinates":[[[-4.42721,36.71123],[-4.4271,36.71114],[-4.42712,36.71113],[-4.42716,36.71116],[-4.42718,36.71114],[-4.42721,36.71114],[-4.42724,36.71117],[-4.42724,36.7112],[-4.42721,36.71123]]]}},{"type":"Feature","properties":{"name":"Paseo del Parque","kind":"road","road":"tertiary","osm":556769982},"geometry":{"type":"LineString","coordinates":[[-4.41324,36.72035],[-4.41338,36.72027],[-4.41352,36.72019]]}},{"type":"Feature","properties":{"name":"Paseo del Parque","kind":"road","road":"tertiary","osm":556769983},"geometry":{"type":"LineString","coordinates":[[-4.4131,36.72043],[-4.41324,36.72035]]}},{"type":"Feature","properties":{"name":"","kind":"road","road":"primary","osm":557959491},"geometry":{"type":"LineString","coordinates":[[-4.42774,36.70975],[-4.42779,36.70973],[-4.42783,36.70972]]}},{"type":"Feature","properties":{"name":"Avenida Manuel Agustín Heredia","kind":"road","road":"primary","osm":559702823},"geometry":{"type":"LineString","coordinates":[[-4.42198,36.71536],[-4.42202,36.71532],[-4.42205,36.71529],[-4.42225,36.71508],[-4.42232,36.71501],[-4.42239,36.71493],[-4.42278,36.71453],[-4.42335,36.71394],[-4.42367,36.71361],[-4.42382,36.71346]]}},{"type":"Feature","properties":{"name":"","kind":"park","road":"","osm":560456714},"geometry":{"type":"Polygon","coordinates":[[[-4.43037,36.72661],[-4.43037,36.7266],[-4.43035,36.7266],[-4.43032,36.72662],[-4.43027,36.72664],[-4.43021,36.72668],[-4.43016,36.72673],[-4.43012,36.72677],[-4.43013,36.72677],[-4.43016,36.72675],[-4.43022,36.72671],[-4.43028,36.72667],[-4.43033,36.72663],[-4.43037,36.72661]]]}},{"type":"Feature","properties":{"name":"Pasillo de Santo Domingo","kind":"road","road":"pedestrian","osm":560505524},"geometry":{"type":"LineString","coordinates":[[-4.42568,36.72036],[-4.42568,36.72022],[-4.42573,36.71986],[-4.4258,36.71944],[-4.42591,36.71903],[-4.42598,36.71881],[-4.42619,36.71828],[-4.4264,36.71795],[-4.42646,36.71792]]}},{"type":"Feature","properties":{"name":"Pasillo Guimbarda","kind":"road","road":"pedestrian","osm":560505526},"geometry":{"type":"LineString","coordinates":[[-4.42579,36.72173],[-4.42578,36.72169],[-4.42573,36.72143],[-4.42579,36.72139],[-4.42576,36.72124],[-4.42574,36.72109],[-4.42568,36.72048],[-4.42568,36.72036]]}},{"type":"Feature","properties":{"name":"Calle San Pastor","kind":"road","road":"pedestrian","osm":560540079},"geometry":{"type":"LineString","coordinates":[[-4.42162,36.72077],[-4.42159,36.72077],[-4.4214,36.72074]]}},{"type":"Feature","properties":{"name":"","kind":"park","road":"","osm":561050246},"geometry":{"type":"Polygon","coordinates":[[[-4.42032,36.71674],[-4.42017,36.71679],[-4.42015,36.71677],[-4.42019,36.7167],[-4.42017,36.7167],[-4.42016,36.71669],[-4.42015,36.71668],[-4.42014,36.71668],[-4.42011,36.7167],[-4.42004,36.71684],[-4.42006,36.71692],[-4.42012,36.71696],[-4.42014,36.71696],[-4.42027,36.71678],[-4.42032,36.71674]]]}},{"type":"Feature","properties":{"name":"Plaza Carmen Olmedo","kind":"road","road":"pedestrian","osm":565144867},"geometry":{"type":"LineString","coordinates":[[-4.42796,36.71908],[-4.42798,36.7191],[-4.42812,36.71926],[-4.42815,36.7193]]}},{"type":"Feature","properties":{"name":"Avenida Arroyo de los Ángeles","kind":"road","road":"secondary","osm":565147322},"geometry":{"type":"LineString","coordinates":[[-4.42972,36.72804],[-4.42983,36.72805],[-4.42994,36.72807],[-4.43001,36.72806]]}},{"type":"Feature","properties":{"name":"Calle Doctor Fleming","kind":"road","road":"secondary","osm":565147324},"geometry":{"type":"LineString","coordinates":[[-4.43036,36.72807],[-4.43033,36.72802],[-4.43029,36.72793],[-4.43029,36.7277]]}},{"type":"Feature","properties":{"name":"Calle Huerto de los Claveles","kind":"road","road":"secondary","osm":565343925},"geometry":{"type":"LineString","coordinates":[[-4.42526,36.73],[-4.4251,36.73031],[-4.42506,36.73036]]}},{"type":"Feature","properties":{"name":"Calle San Bartolomé","kind":"road","road":"secondary","osm":565366953},"geometry":{"type":"LineString","coordinates":[[-4.42231,36.72755],[-4.42234,36.72755],[-4.42239,36.72754]]}},{"type":"Feature","properties":{"name":"","kind":"road","road":"pedestrian","osm":565510353},"geometry":{"type":"LineString","coordinates":[[-4.42419,36.72327],[-4.42419,36.7234],[-4.42419,36.72341]]}},{"type":"Feature","properties":{"name":"","kind":"road","road":"pedestrian","osm":565510355},"geometry":{"type":"LineString","coordinates":[[-4.42419,36.7234],[-4.42438,36.72338],[-4.4244,36.72337]]}},{"type":"Feature","properties":{"name":"","kind":"road","road":"pedestrian","osm":565528658},"geometry":{"type":"LineString","coordinates":[[-4.42131,36.71693],[-4.42136,36.71692]]}},{"type":"Feature","properties":{"name":"","kind":"road","road":"pedestrian","osm":565528660},"geometry":{"type":"LineString","coordinates":[[-4.42127,36.71665],[-4.4212,36.71667]]}},{"type":"Feature","properties":{"name":"Plaza Poeta Alfonso Canales","kind":"road","road":"pedestrian","osm":565528661},"geometry":{"type":"LineString","coordinates":[[-4.42117,36.7166],[-4.42099,36.71646],[-4.42096,36.71643]]}},{"type":"Feature","properties":{"name":"Plaza Poeta Alfonso Canales","kind":"road","road":"pedestrian","osm":565528663},"geometry":{"type":"LineString","coordinates":[[-4.4212,36.71667],[-4.42131,36.71693]]}},{"type":"Feature","properties":{"name":"","kind":"park","road":"","osm":565528672},"geometry":{"type":"Polygon","coordinates":[[[-4.42102,36.717],[-4.42093,36.71703],[-4.42086,36.71704],[-4.42079,36.71704],[-4.42076,36.71705],[-4.42073,36.71706],[-4.42071,36.71707],[-4.42071,36.71704],[-4.42073,36.717],[-4.42078,36.71696],[-4.42082,36.71694],[-4.42088,36.71693],[-4.42095,36.71694],[-4.42099,36.71696],[-4.42101,36.71699],[-4.42102,36.717]]]}},{"type":"Feature","properties":{"name":"","kind":"park","road":"","osm":565713415},"geometry":{"type":"Polygon","coordinates":[[[-4.42031,36.71722],[-4.42033,36.71723],[-4.42034,36.71726],[-4.42034,36.71729],[-4.42033,36.71731],[-4.42031,36.71733],[-4.42025,36.71743],[-4.42024,36.71746],[-4.42023,36.71749],[-4.42025,36.71754],[-4.42023,36.71755],[-4.42016,36.7174],[-4.42017,36.71737],[-4.42031,36.71722]]]}},{"type":"Feature","properties":{"name":"","kind":"park","road":"","osm":565713422},"geometry":{"type":"Polygon","coordinates":[[[-4.42061,36.71807],[-4.4206,36.71803],[-4.42055,36.71804],[-4.42057,36.71808],[-4.42061,36.71807]]]}},{"type":"Feature","properties":{"name":"","kind":"park","road":"","osm":565713442},"geometry":{"type":"Polygon","coordinates":[[[-4.41987,36.71782],[-4.41989,36.71816],[-4.41997,36.71813],[-4.41996,36.71802],[-4.42005,36.71801],[-4.41993,36.71786],[-4.4202,36.71771],[-4.42017,36.71767],[-4.42008,36.71773],[-4.41999,36.71778],[-4.41991,36.71781],[-4.41987,36.71782]]]}},{"type":"Feature","properties":{"name":"","kind":"park","road":"","osm":565713447},"geometry":{"type":"Polygon","coordinates":[[[-4.42031,36.71747],[-4.42039,36.71731],[-4.4205,36.71728],[-4.42058,36.71728],[-4.42062,36.71732],[-4.42055,36.71735],[-4.4204,36.71742],[-4.42031,36.71747]]]}},{"type":"Feature","properties":{"name":"","kind":"park","road":"","osm":565713449},"geometry":{"type":"Polygon","coordinates":[[[-4.42082,36.71776],[-4.42081,36.71777],[-4.42072,36.71771],[-4.42066,36.7176],[-4.42064,36.71755],[-4.42065,36.71754],[-4.42071,36.71752],[-4.42082,36.71776]]]}},{"type":"Feature","properties":{"name":"Calle Ordóñez","kind":"road","road":"pedestrian","osm":565930941},"geometry":{"type":"LineString","coordinates":[[-4.42489,36.71753],[-4.42475,36.71722]]}},{"type":"Feature","properties":{"name":"Calle Fernando de Lesseps","kind":"road","road":"pedestrian","osm":565932584},"geometry":{"type":"LineString","coordinates":[[-4.42269,36.72065],[-4.42303,36.72065]]}},{"type":"Feature","properties":{"name":"","kind":"road","road":"pedestrian","osm":565933944},"geometry":{"type":"LineString","coordinates":[[-4.42403,36.71964],[-4.42428,36.71983],[-4.42436,36.71997],[-4.42442,36.72007]]}},{"type":"Feature","properties":{"name":"Calle Mezquitilla","kind":"road","road":"pedestrian","osm":565934282},"geometry":{"type":"LineString","coordinates":[[-4.42367,36.71987],[-4.42364,36.71967]]}},{"type":"Feature","properties":{"name":"Pasaje Gordón","kind":"road","road":"pedestrian","osm":565936439},"geometry":{"type":"LineString","coordinates":[[-4.42391,36.72269],[-4.4236,36.72252]]}},{"type":"Feature","properties":{"name":"Calle San Julián","kind":"road","road":"pedestrian","osm":565937017},"geometry":{"type":"LineString","coordinates":[[-4.42243,36.72327],[-4.42219,36.7234]]}},{"type":"Feature","properties":{"name":"","kind":"road","road":"pedestrian","osm":565937019},"geometry":{"type":"LineString","coordinates":[[-4.42174,36.72339],[-4.42193,36.72355]]}},{"type":"Feature","properties":{"name":"","kind":"road","road":"pedestrian","osm":565937020},"geometry":{"type":"LineString","coordinates":[[-4.42197,36.72323],[-4.42217,36.72341]]}},{"type":"Feature","properties":{"name":"","kind":"road","road":"pedestrian","osm":565939575},"geometry":{"type":"LineString","coordinates":[[-4.42009,36.72024],[-4.42045,36.72023],[-4.42049,36.72025]]}},{"type":"Feature","properties":{"name":"","kind":"road","road":"pedestrian","osm":568942997},"geometry":{"type":"LineString","coordinates":[[-4.42796,36.72257],[-4.42793,36.72257],[-4.42783,36.72259],[-4.42769,36.7226],[-4.42766,36.72261]]}},{"type":"Feature","properties":{"name":"Calle Andrés Mérida","kind":"road","road":"pedestrian","osm":570709451},"geometry":{"type":"LineString","coordinates":[[-4.41035,36.72099],[-4.41035,36.72103],[-4.41034,36.72126]]}},{"type":"Feature","properties":{"name":"Calle Zanca","kind":"road","road":"pedestrian","osm":570721907},"geometry":{"type":"LineString","coordinates":[[-4.41603,36.72654],[-4.41602,36.72653],[-4.41601,36.72652],[-4.41599,36.72649],[-4.41583,36.72629],[-4.41556,36.72595],[-4.41555,36.72593],[-4.41554,36.72592]]}},{"type":"Feature","properties":{"name":"Calle Devolx y García","kind":"road","road":"pedestrian","osm":571007134},"geometry":{"type":"LineString","coordinates":[[-4.41175,36.71912],[-4.41146,36.7191],[-4.41149,36.71891],[-4.41103,36.71886]]}},{"type":"Feature","properties":{"name":"","kind":"road","road":"pedestrian","osm":571013994},"geometry":{"type":"LineString","coordinates":[[-4.42128,36.71925],[-4.42115,36.71912]]}},{"type":"Feature","properties":{"name":"Calle Bolsa","kind":"road","road":"pedestrian","osm":571013995},"geometry":{"type":"LineString","coordinates":[[-4.42098,36.71928],[-4.42107,36.71918],[-4.42115,36.71912]]}},{"type":"Feature","properties":{"name":"Plaza Celedonio Romero","kind":"road","road":"pedestrian","osm":571015974},"geometry":{"type":"LineString","coordinates":[[-4.4207,36.72874],[-4.42069,36.72878],[-4.42069,36.7288],[-4.42068,36.72883],[-4.42067,36.72886],[-4.42065,36.7289],[-4.42054,36.72888],[-4.42052,36.72886],[-4.42049,36.72885],[-4.42046,36.72885],[-4.42037,36.72885],[-4.42034,36.72884],[-4.42027,36.72884],[-4.42025,36.72884],[-4.42019,36.72884],[-4.42018,36.72884],[-4.42016,36.72884],[-4.42009,36.72883],[-4.42014,36.72872],[-4.42015,36.72869],[-4.42022,36.72871],[-4.42023,36.72871],[-4.42029,36.72873],[-4.42038,36.72875],[-4.42043,36.72876],[-4.42047,36.72876],[-4.42048,36.72875],[-4.42054,36.72875],[-4.42059,36.72875],[-4.42064,36.72875],[-4.42068,36.72874],[-4.4207,36.72874]]}},{"type":"Feature","properties":{"name":"Plaza de la Ferrería","kind":"road","road":"pedestrian","osm":571666326},"geometry":{"type":"LineString","coordinates":[[-4.42694,36.71299],[-4.42685,36.71292]]}},{"type":"Feature","properties":{"name":"","kind":"road","road":"pedestrian","osm":571666328},"geometry":{"type":"LineString","coordinates":[[-4.42685,36.71292],[-4.42669,36.71281],[-4.42671,36.71262]]}},{"type":"Feature","properties":{"name":"Plaza de la Ferrería","kind":"road","road":"pedestrian","osm":571666330},"geometry":{"type":"LineString","coordinates":[[-4.4268,36.71296],[-4.42685,36.71292],[-4.4269,36.71289],[-4.42683,36.71284],[-4.42676,36.7128],[-4.42678,36.71275],[-4.42685,36.71259],[-4.42688,36.71254],[-4.42687,36.71254],[-4.42661,36.71252],[-4.42661,36.71258],[-4.42661,36.71261],[-4.42661,36.71274],[-4.42661,36.71278],[-4.4266,36.71286],[-4.4266,36.71293],[-4.42663,36.71294],[-4.42669,36.71288],[-4.42674,36.71292],[-4.42677,36.71294],[-4.4268,36.71296]]}},{"type":"Feature","properties":{"name":"Calle Túnel de la Alcazaba","kind":"road","road":"secondary","osm":571676054},"geometry":{"type":"LineString","coordinates":[[-4.41282,36.72114],[-4.4127,36.72111]]}},{"type":"Feature","properties":{"name":"Avenida Cánovas del Castillo","kind":"road","road":"primary","osm":571682578},"geometry":{"type":"LineString","coordinates":[[-4.41111,36.71923],[-4.41099,36.71913]]}},{"type":"Feature","properties":{"name":"Plaza de la Malagueta","kind":"road","road":"primary","osm":571682579},"geometry":{"type":"LineString","coordinates":[[-4.40979,36.71825],[-4.40973,36.71824],[-4.40959,36.71822],[-4.40946,36.71821]]}},{"type":"Feature","properties":{"name":"Plaza de la Malagueta","kind":"road","road":"primary","osm":571682580},"geometry":{"type":"LineString","coordinates":[[-4.40938,36.7183],[-4.40941,36.7183],[-4.40951,36.71831],[-4.40972,36.71833],[-4.40984,36.71835]]}},{"type":"Feature","properties":{"name":"","kind":"park","road":"","osm":580426477},"geometry":{"type":"Polygon","coordinates":[[[-4.42277,36.71516],[-4.42278,36.71518],[-4.42277,36.71519],[-4.42275,36.71521],[-4.42273,36.71521],[-4.42271,36.7152],[-4.42269,36.71519],[-4.42269,36.71517],[-4.4227,36.71515],[-4.42271,36.71514],[-4.42273,36.71514],[-4.42275,36.71515],[-4.42277,36.71516]]]}},{"type":"Feature","properties":{"name":"","kind":"park","road":"","osm":580426480},"geometry":{"type":"Polygon","coordinates":[[[-4.42263,36.71505],[-4.42262,36.71501],[-4.42261,36.71499],[-4.42258,36.71497],[-4.42256,36.71496],[-4.42252,36.71496],[-4.42256,36.71494],[-4.42259,36.71493],[-4.42262,36.71494],[-4.42264,36.71495],[-4.42266,36.71497],[-4.42267,36.715],[-4.42266,36.71502],[-4.42265,36.71504],[-4.42263,36.71505]]]}},{"type":"Feature","properties":{"name":"","kind":"park","road":"","osm":581552574},"geometry":{"type":"Polygon","coordinates":[[[-4.42021,36.71664],[-4.42016,36.71664],[-4.42021,36.71655],[-4.42024,36.71651],[-4.42028,36.71647],[-4.42031,36.71646],[-4.42035,36.71647],[-4.42034,36.71648],[-4.4203,36.71649],[-4.4203,36.71651],[-4.42027,36.71653],[-4.42026,36.71659],[-4.42023,36.71661],[-4.42021,36.71664]]]}},{"type":"Feature","properties":{"name":"","kind":"park","road":"","osm":581578491},"geometry":{"type":"Polygon","coordinates":[[[-4.41243,36.71906],[-4.41241,36.71906],[-4.4124,36.71913],[-4.41242,36.71913],[-4.41243,36.71906]]]}},{"type":"Feature","properties":{"name":"","kind":"park","road":"","osm":581578492},"geometry":{"type":"Polygon","coordinates":[[[-4.41261,36.7193],[-4.41259,36.7193],[-4.41258,36.71937],[-4.4126,36.71937],[-4.41261,36.7193]]]}},{"type":"Feature","properties":{"name":"","kind":"park","road":"","osm":581578493},"geometry":{"type":"Polygon","coordinates":[[[-4.41244,36.71926],[-4.41242,36.71926],[-4.4124,36.71941],[-4.41241,36.71941],[-4.41244,36.71926]]]}},{"type":"Feature","properties":{"name":"","kind":"park","road":"","osm":581578494},"geometry":{"type":"Polygon","coordinates":[[[-4.41253,36.71922],[-4.41251,36.71922],[-4.4125,36.71932],[-4.41252,36.71932],[-4.41253,36.71922]]]}},{"type":"Feature","properties":{"name":"","kind":"park","road":"","osm":581578495},"geometry":{"type":"Polygon","coordinates":[[[-4.41252,36.71899],[-4.4125,36.71899],[-4.41249,36.71912],[-4.41251,36.71912],[-4.41252,36.71899]]]}},{"type":"Feature","properties":{"name":"","kind":"park","road":"","osm":581578496},"geometry":{"type":"Polygon","coordinates":[[[-4.41249,36.71881],[-4.41247,36.71881],[-4.41246,36.71894],[-4.41248,36.71894],[-4.41249,36.71881]]]}},{"type":"Feature","properties":{"name":"","kind":"park","road":"","osm":581578497},"geometry":{"type":"Polygon","coordinates":[[[-4.41272,36.71916],[-4.4127,36.71916],[-4.41272,36.71899],[-4.41274,36.719],[-4.41272,36.71916]]]}},{"type":"Feature","properties":{"name":"","kind":"park","road":"","osm":581578500},"geometry":{"type":"Polygon","coordinates":[[[-4.41255,36.71806],[-4.41245,36.71805],[-4.4124,36.71838],[-4.41251,36.71839],[-4.41255,36.71806]]]}},{"type":"Feature","properties":{"name":"","kind":"park","road":"","osm":581578501},"geometry":{"type":"Polygon","coordinates":[[[-4.41275,36.71759],[-4.41258,36.71753],[-4.41251,36.71769],[-4.41248,36.71791],[-4.41255,36.71792],[-4.41275,36.71759]]]}},{"type":"Feature","properties":{"name":"","kind":"park","road":"","osm":581578502},"geometry":{"type":"Polygon","coordinates":[[[-4.41291,36.71729],[-4.4128,36.71746],[-4.41266,36.71741],[-4.41278,36.71723],[-4.41291,36.71729]]]}},{"type":"Feature","properties":{"name":"","kind":"park","road":"","osm":581578504},"geometry":{"type":"Polygon","coordinates":[[[-4.41331,36.71675],[-4.41313,36.71667],[-4.41333,36.71636],[-4.41351,36.71643],[-4.41331,36.71675]]]}},{"type":"Feature","properties":{"name":"","kind":"park","road":"","osm":581578505},"geometry":{"type":"Polygon","coordinates":[[[-4.41382,36.71579],[-4.41371,36.71575],[-4.41365,36.71584],[-4.41353,36.71603],[-4.41364,36.71607],[-4.41382,36.71579]]]}},{"type":"Feature","properties":{"name":"","kind":"park","road":"","osm":581578506},"geometry":{"type":"Polygon","coordinates":[[[-4.41391,36.7156],[-4.41384,36.71556],[-4.41389,36.71549],[-4.41396,36.71552],[-4.41391,36.7156]]]}},{"type":"Feature","properties":{"name":"","kind":"park","road":"","osm":581578508},"geometry":{"type":"Polygon","coordinates":[[[-4.41482,36.7145],[-4.41477,36.71449],[-4.41482,36.71439],[-4.41486,36.7144],[-4.41484,36.71444],[-4.41482,36.7145]]]}},{"type":"Feature","properties":{"name":"","kind":"coast","road":"","osm":581631018},"geometry":{"type":"LineString","coordinates":[[-4.40748,36.71864],[-4.40698,36.71895],[-4.40625,36.71935],[-4.40544,36.71956],[-4.40502,36.71962],[-4.40489,36.71961],[-4.40487,36.71961],[-4.40485,36.71961],[-4.4046,36.71958],[-4.40426,36.71962],[-4.40332,36.71938],[-4.40284,36.71896],[-4.4026,36.7184],[-4.40236,36.71845],[-4.40191,36.71853],[-4.40192,36.71906],[-4.40184,36.71958],[-4.40118,36.72027],[-4.40061,36.72067],[-4.4001,36.72092],[-4.39987,36.721],[-4.39985,36.721],[-4.39983,36.72101],[-4.39945,36.72114],[-4.39943,36.72114],[-4.39941,36.72115],[-4.39909,36.72127],[-4.39907,36.72128],[-4.39905,36.72129],[-4.39896,36.72131]]}},{"type":"Feature","properties":{"name":"Fuente de Plaza del Obispo","kind":"water","road":"","osm":582970077},"geometry":{"type":"Polygon","coordinates":[[[-4.42031,36.72012],[-4.4203,36.72011],[-4.42029,36.72011],[-4.42029,36.7201],[-4.42028,36.7201],[-4.42027,36.72011],[-4.42026,36.72012],[-4.42026,36.72013],[-4.42027,36.72014],[-4.42028,36.72014],[-4.42029,36.72014],[-4.4203,36.72014],[-4.4203,36.72013],[-4.42031,36.72013],[-4.42031,36.72012]]]}},{"type":"Feature","properties":{"name":"Fuente de la Plaza de la Marina","kind":"water","road":"","osm":582970078},"geometry":{"type":"Polygon","coordinates":[[[-4.42034,36.71783],[-4.42031,36.71782],[-4.42028,36.71782],[-4.42026,36.71783],[-4.42023,36.71785],[-4.42022,36.71787],[-4.42021,36.71789],[-4.42022,36.71792],[-4.42023,36.71794],[-4.42026,36.71795],[-4.42028,36.71796],[-4.42031,36.71796],[-4.42033,36.71796],[-4.42036,36.71795],[-4.42037,36.71793],[-4.42039,36.71792],[-4.42039,36.7179],[-4.42039,36.71788],[-4.42038,36.71786],[-4.42036,36.71784],[-4.42034,36.71783]]]}},{"type":"Feature","properties":{"name":"Fuente del Jardín del Palo Borracho","kind":"water","road":"","osm":582970418},"geometry":{"type":"Polygon","coordinates":[[[-4.42102,36.71684],[-4.42102,36.71685],[-4.42105,36.71685],[-4.42105,36.71683],[-4.42102,36.71684]]]}},{"type":"Feature","properties":{"name":"Fuente de Génova","kind":"water","road":"","osm":582970789},"geometry":{"type":"Polygon","coordinates":[[[-4.42211,36.72102],[-4.42211,36.72103],[-4.4221,36.72104],[-4.4221,36.72105],[-4.42211,36.72106],[-4.42212,36.72107],[-4.42213,36.72108],[-4.42214,36.72108],[-4.42216,36.72108],[-4.42217,36.72108],[-4.42219,36.72107],[-4.42219,36.72106],[-4.4222,36.72104],[-4.42219,36.72103],[-4.42219,36.72102],[-4.42217,36.72101],[-4.42216,36.721],[-4.42214,36.721],[-4.42213,36.72101],[-4.42211,36.72102]]]}},{"type":"Feature","properties":{"name":"Fuente de las Tres Gracias","kind":"water","road":"","osm":582972781},"geometry":{"type":"Polygon","coordinates":[[[-4.41249,36.72041],[-4.41247,36.72043],[-4.41246,36.72045],[-4.41246,36.72048],[-4.41247,36.7205],[-4.41249,36.72052],[-4.41252,36.72053],[-4.41255,36.72053],[-4.41258,36.72053],[-4.41261,36.72052],[-4.41263,36.7205],[-4.41264,36.72048],[-4.41264,36.72046],[-4.41264,36.72043],[-4.41262,36.72041],[-4.4126,36.7204],[-4.41257,36.72039],[-4.41254,36.72039],[-4.41251,36.72039],[-4.41249,36.72041]]]}},{"type":"Feature","properties":{"name":"Fuente de la Ninfa del Cántaro","kind":"water","road":"","osm":583095872},"geometry":{"type":"Polygon","coordinates":[[[-4.41707,36.71887],[-4.41706,36.71887],[-4.41706,36.71888],[-4.41706,36.71889],[-4.41707,36.71889],[-4.41708,36.71889],[-4.41708,36.71888],[-4.41708,36.71887],[-4.41707,36.71887]]]}},{"type":"Feature","properties":{"name":"Fuente de la Ninfa de la Caracola","kind":"water","road":"","osm":583095878},"geometry":{"type":"Polygon","coordinates":[[[-4.41675,36.71896],[-4.41674,36.71897],[-4.41675,36.71898],[-4.41676,36.71898],[-4.41677,36.71897],[-4.41676,36.71896],[-4.41675,36.71896]]]}},{"type":"Feature","properties":{"name":"Fuente de la Plaza de la Aurora","kind":"water","road":"","osm":583153686},"geometry":{"type":"Polygon","coordinates":[[[-4.42608,36.7225],[-4.42608,36.72251],[-4.42608,36.72252],[-4.42609,36.72252],[-4.4261,36.72252],[-4.42611,36.72251],[-4.4261,36.7225],[-4.42609,36.7225],[-4.42608,36.7225]]]}},{"type":"Feature","properties":{"name":"","kind":"water","road":"","osm":583155679},"geometry":{"type":"Polygon","coordinates":[[[-4.42666,36.72775],[-4.42664,36.72774],[-4.42662,36.72776],[-4.42664,36.72777],[-4.42666,36.72775]]]}},{"type":"Feature","properties":{"name":"","kind":"park","road":"","osm":583164212},"geometry":{"type":"Polygon","coordinates":[[[-4.42002,36.71823],[-4.42001,36.7182],[-4.41996,36.71821],[-4.41998,36.71825],[-4.42002,36.71823]]]}},{"type":"Feature","properties":{"name":"","kind":"park","road":"","osm":583164214},"geometry":{"type":"Polygon","coordinates":[[[-4.42053,36.71809],[-4.42051,36.71805],[-4.42047,36.71807],[-4.42048,36.7181],[-4.42053,36.71809]]]}},{"type":"Feature","properties":{"name":"","kind":"park","road":"","osm":583164216},"geometry":{"type":"Polygon","coordinates":[[[-4.42045,36.71811],[-4.42043,36.71808],[-4.42038,36.71809],[-4.4204,36.71813],[-4.42045,36.71811]]]}},{"type":"Feature","properties":{"name":"","kind":"park","road":"","osm":583164217},"geometry":{"type":"Polygon","coordinates":[[[-4.42036,36.71814],[-4.42035,36.7181],[-4.4203,36.71811],[-4.42032,36.71815],[-4.42036,36.71814]]]}},{"type":"Feature","properties":{"name":"","kind":"park","road":"","osm":583164219},"geometry":{"type":"Polygon","coordinates":[[[-4.42028,36.71816],[-4.42026,36.71812],[-4.42021,36.71814],[-4.42023,36.71818],[-4.42028,36.71816]]]}},{"type":"Feature","properties":{"name":"","kind":"park","road":"","osm":583164221},"geometry":{"type":"Polygon","coordinates":[[[-4.42019,36.71819],[-4.42017,36.71815],[-4.42012,36.71816],[-4.42014,36.7182],[-4.42019,36.71819]]]}},{"type":"Feature","properties":{"name":"","kind":"park","road":"","osm":583164222},"geometry":{"type":"Polygon","coordinates":[[[-4.42011,36.71821],[-4.42009,36.71817],[-4.42004,36.71819],[-4.42006,36.71822],[-4.42011,36.71821]]]}},{"type":"Feature","properties":{"name":"Fuente de la Glorieta de Narciso Díaz","kind":"water","road":"","osm":583182604},"geometry":{"type":"Polygon","coordinates":[[[-4.41791,36.71935],[-4.4179,36.71935],[-4.41789,36.71935],[-4.41788,36.71934],[-4.41788,36.71935],[-4.41788,36.71936],[-4.41787,36.71936],[-4.41787,36.71937],[-4.41788,36.71938],[-4.41789,36.71938],[-4.4179,36.71938],[-4.41791,36.71938],[-4.41791,36.71937],[-4.41792,36.71936],[-4.41791,36.71935]]]}},{"type":"Feature","properties":{"name":"Fuente de La Coracha","kind":"water","road":"","osm":583188940},"geometry":{"type":"Polygon","coordinates":[[[-4.41326,36.72138],[-4.41321,36.72135],[-4.41305,36.72132],[-4.41296,36.72128],[-4.4129,36.72127],[-4.41293,36.7213],[-4.41298,36.72133],[-4.41305,36.72136],[-4.41312,36.72138],[-4.41319,36.72139],[-4.41326,36.72138]]]}},{"type":"Feature","properties":{"name":"","kind":"water","road":"","osm":583189837},"geometry":{"type":"Polygon","coordinates":[[[-4.41351,36.72076],[-4.41352,36.72074],[-4.41354,36.72073],[-4.41355,36.72075],[-4.41359,36.72073],[-4.41358,36.72072],[-4.4136,36.72071],[-4.41363,36.72073],[-4.41364,36.72074],[-4.41362,36.72074],[-4.41364,36.72078],[-4.41365,36.72078],[-4.41366,36.72079],[-4.41365,36.72081],[-4.41363,36.72081],[-4.41362,36.7208],[-4.41358,36.72081],[-4.41358,36.72082],[-4.41357,36.72083],[-4.41354,36.72082],[-4.41354,36.72081],[-4.41355,36.7208],[-4.41353,36.72077],[-4.41352,36.72077],[-4.41351,36.72076]]]}},{"type":"Feature","properties":{"name":"","kind":"water","road":"","osm":583191069},"geometry":{"type":"Polygon","coordinates":[[[-4.41438,36.72056],[-4.41437,36.72054],[-4.41415,36.7206],[-4.41416,36.72063],[-4.41438,36.72056]]]}},{"type":"Feature","properties":{"name":"Fuente del Patio de Armas","kind":"water","road":"","osm":583200597},"geometry":{"type":"Polygon","coordinates":[[[-4.41643,36.7207],[-4.41643,36.72069],[-4.41642,36.72069],[-4.41642,36.7207],[-4.41643,36.7207]]]}},{"type":"Feature","properties":{"name":"Fuente de la Diosa Pomona","kind":"water","road":"","osm":583210904},"geometry":{"type":"Polygon","coordinates":[[[-4.4228,36.72414],[-4.4228,36.72415],[-4.42281,36.72416],[-4.42282,36.72416],[-4.42283,36.72415],[-4.42283,36.72414],[-4.42282,36.72413],[-4.42281,36.72413],[-4.4228,36.72414]]]}},{"type":"Feature","properties":{"name":"","kind":"water","road":"","osm":583471494},"geometry":{"type":"Polygon","coordinates":[[[-4.42178,36.72962],[-4.42177,36.72962],[-4.42177,36.72963],[-4.42178,36.72963],[-4.42178,36.72964],[-4.42179,36.72964],[-4.42179,36.72963],[-4.4218,36.72963],[-4.4218,36.72962],[-4.4218,36.72961],[-4.42179,36.72961],[-4.42178,36.72961],[-4.42178,36.72962]]]}},{"type":"Feature","properties":{"name":"Pasillo del Matadero","kind":"road","road":"primary","osm":584518438},"geometry":{"type":"LineString","coordinates":[[-4.42637,36.71109],[-4.42632,36.71107],[-4.42628,36.71106]]}},{"type":"Feature","properties":{"name":"Pasillo del Matadero","kind":"road","road":"secondary","osm":584520468},"geometry":{"type":"LineString","coordinates":[[-4.42661,36.71575],[-4.42655,36.71572],[-4.42651,36.7157],[-4.42647,36.71566],[-4.42643,36.7156]]}},{"type":"Feature","properties":{"name":"Avenida de la Aurora","kind":"road","road":"secondary","osm":585610407},"geometry":{"type":"LineString","coordinates":[[-4.42849,36.71586],[-4.42846,36.71586],[-4.42764,36.7158],[-4.42752,36.71579],[-4.42746,36.71579],[-4.42694,36.71576]]}},{"type":"Feature","properties":{"name":"Calle Hilera","kind":"road","road":"secondary","osm":586298332},"geometry":{"type":"LineString","coordinates":[[-4.43058,36.71822],[-4.43025,36.71805],[-4.43008,36.71799],[-4.4298,36.71793],[-4.42961,36.71792]]}},{"type":"Feature","properties":{"name":"Pasaje Doctor Carrillo Casaux","kind":"road","road":"pedestrian","osm":586909172},"geometry":{"type":"LineString","coordinates":[[-4.41238,36.71855],[-4.41216,36.71854]]}},{"type":"Feature","properties":{"name":"Pasillo de Santa Isabel","kind":"road","road":"primary","osm":587013326},"geometry":{"type":"LineString","coordinates":[[-4.42513,36.72042],[-4.42513,36.72049],[-4.42514,36.72062]]}},{"type":"Feature","properties":{"name":"Alameda de Colón","kind":"road","road":"primary","osm":591569082},"geometry":{"type":"LineString","coordinates":[[-4.42382,36.71346],[-4.42389,36.71348],[-4.42396,36.71348],[-4.42403,36.71347]]}},{"type":"Feature","properties":{"name":"Avenida Manuel Agustín Heredia","kind":"road","road":"primary","osm":591569083},"geometry":{"type":"LineString","coordinates":[[-4.41972,36.71769],[-4.41983,36.71761]]}},{"type":"Feature","properties":{"name":"Calle García Briz","kind":"road","road":"pedestrian","osm":594082341},"geometry":{"type":"LineString","coordinates":[[-4.42485,36.72139],[-4.42483,36.72104]]}},{"type":"Feature","properties":{"name":"","kind":"road","road":"pedestrian","osm":606142382},"geometry":{"type":"LineString","coordinates":[[-4.4171,36.72048],[-4.41723,36.72047]]}},{"type":"Feature","properties":{"name":"","kind":"park","road":"","osm":606316851},"geometry":{"type":"Polygon","coordinates":[[[-4.42859,36.71576],[-4.42853,36.71576],[-4.42856,36.71548],[-4.42875,36.71529],[-4.4288,36.71533],[-4.42862,36.7155],[-4.42859,36.71576]]]}},{"type":"Feature","properties":{"name":"Alameda de Colón","kind":"road","road":"secondary","osm":614779081},"geometry":{"type":"LineString","coordinates":[[-4.4252,36.71664],[-4.42518,36.7166],[-4.42507,36.7163],[-4.42499,36.71606],[-4.42494,36.71594]]}},{"type":"Feature","properties":{"name":"Alameda de Colón","kind":"road","road":"primary","osm":621979905},"geometry":{"type":"LineString","coordinates":[[-4.42374,36.71341],[-4.42378,36.71344],[-4.42382,36.71346]]}},{"type":"Feature","properties":{"name":"Alameda de Colón","kind":"road","road":"primary","osm":621979906},"geometry":{"type":"LineString","coordinates":[[-4.42408,36.71309],[-4.424,36.71306],[-4.42392,36.71306],[-4.42384,36.71307]]}},{"type":"Feature","properties":{"name":"Avenida Cánovas del Castillo","kind":"road","road":"primary","osm":627468528},"geometry":{"type":"LineString","coordinates":[[-4.41099,36.71913],[-4.41059,36.71877],[-4.41055,36.71873],[-4.41026,36.7185]]}},{"type":"Feature","properties":{"name":"Paseo de Reding","kind":"road","road":"secondary","osm":627468924},"geometry":{"type":"LineString","coordinates":[[-4.40962,36.72095],[-4.40975,36.72096]]}},{"type":"Feature","properties":{"name":"Alameda Principal","kind":"road","road":"tertiary","osm":627718562},"geometry":{"type":"LineString","coordinates":[[-4.42145,36.71796],[-4.42177,36.71787],[-4.422,36.71781],[-4.42203,36.7178],[-4.42221,36.71775],[-4.42229,36.71772],[-4.42245,36.71768],[-4.42254,36.71765],[-4.42255,36.71765]]}},{"type":"Feature","properties":{"name":"","kind":"road","road":"pedestrian","osm":628163226},"geometry":{"type":"LineString","coordinates":[[-4.41772,36.71997],[-4.41754,36.72017],[-4.41742,36.72032]]}},{"type":"Feature","properties":{"name":"Jardines de Madre Petra","kind":"park","road":"","osm":629992620},"geometry":{"type":"Polygon","coordinates":[[[-4.42783,36.72722],[-4.42766,36.72716],[-4.42764,36.72715],[-4.42761,36.72714],[-4.42753,36.72711],[-4.4275,36.7271],[-4.42748,36.72709],[-4.42738,36.72705],[-4.42718,36.72697],[-4.42718,36.72692],[-4.42739,36.72693],[-4.4275,36.72694],[-4.42751,36.72694],[-4.42752,36.72694],[-4.42763,36.72694],[-4.42768,36.72695],[-4.42785,36.72696],[-4.42784,36.72701],[-4.42784,36.72704],[-4.42784,36.72706],[-4.42783,36.72722]]]}},{"type":"Feature","properties":{"name":"Plaza de la Merced","kind":"road","road":"pedestrian","osm":630361668},"geometry":{"type":"LineString","coordinates":[[-4.41663,36.72325],[-4.41668,36.72328],[-4.41671,36.72329],[-4.41691,36.72341],[-4.41697,36.72345],[-4.41708,36.72352],[-4.41725,36.72362],[-4.41729,36.72365],[-4.41752,36.72379],[-4.41758,36.72382],[-4.4176,36.72383],[-4.41765,36.72387]]}},{"type":"Feature","properties":{"name":"Calle Vélez Málaga","kind":"road","road":"pedestrian","osm":637631413},"geometry":{"type":"LineString","coordinates":[[-4.41183,36.71855],[-4.41195,36.71852],[-4.41212,36.71853],[-4.41216,36.71854]]}},{"type":"Feature","properties":{"name":"","kind":"park","road":"","osm":637631419},"geometry":{"type":"Polygon","coordinates":[[[-4.41242,36.71798],[-4.41244,36.71782],[-4.41248,36.71768],[-4.41258,36.71747],[-4.41255,36.71746],[-4.41245,36.71768],[-4.41242,36.71781],[-4.4124,36.71798],[-4.41242,36.71798]]]}},{"type":"Feature","properties":{"name":"","kind":"park","road":"","osm":637631420},"geometry":{"type":"Polygon","coordinates":[[[-4.41238,36.71832],[-4.41241,36.71804],[-4.41239,36.71803],[-4.41236,36.71832],[-4.41238,36.71832]]]}},{"type":"Feature","properties":{"name":"","kind":"park","road":"","osm":637631421},"geometry":{"type":"Polygon","coordinates":[[[-4.41305,36.71668],[-4.41307,36.71669],[-4.41266,36.71734],[-4.41264,36.71733],[-4.41305,36.71668]]]}},{"type":"Feature","properties":{"name":"","kind":"park","road":"","osm":637631423},"geometry":{"type":"Polygon","coordinates":[[[-4.41315,36.71654],[-4.41331,36.7163],[-4.4133,36.71629],[-4.41314,36.71653],[-4.41315,36.71654]]]}},{"type":"Feature","properties":{"name":"","kind":"park","road":"","osm":637631425},"geometry":{"type":"Polygon","coordinates":[[[-4.41368,36.71572],[-4.41366,36.71572],[-4.41338,36.71615],[-4.4134,36.71615],[-4.41368,36.71572]]]}},{"type":"Feature","properties":{"name":"Calle Cortina del Muelle","kind":"road","road":"pedestrian","osm":637634304},"geometry":{"type":"LineString","coordinates":[[-4.41865,36.7197],[-4.41856,36.71968],[-4.41848,36.71968],[-4.41826,36.71973],[-4.41799,36.7198],[-4.41792,36.71982],[-4.41783,36.71986],[-4.41776,36.71993],[-4.41772,36.71997]]}},{"type":"Feature","properties":{"name":"","kind":"park","road":"","osm":646975812},"geometry":{"type":"Polygon","coordinates":[[[-4.42913,36.70938],[-4.429,36.70929],[-4.42896,36.70933],[-4.42899,36.70939],[-4.42902,36.70938],[-4.42906,36.70944],[-4.42913,36.70938]]]}},{"type":"Feature","properties":{"name":"","kind":"park","road":"","osm":646975813},"geometry":{"type":"Polygon","coordinates":[[[-4.42897,36.70951],[-4.42893,36.70952],[-4.42888,36.70941],[-4.42881,36.70947],[-4.42895,36.70956],[-4.42901,36.7095],[-4.42897,36.70951]]]}},{"type":"Feature","properties":{"name":"","kind":"park","road":"","osm":647158200},"geometry":{"type":"Polygon","coordinates":[[[-4.43102,36.71169],[-4.43108,36.71169],[-4.43113,36.71171],[-4.43115,36.7117],[-4.43101,36.71151],[-4.431,36.7115],[-4.43093,36.71155],[-4.43093,36.71156],[-4.43102,36.71169]]]}},{"type":"Feature","properties":{"name":"Calle Córdoba","kind":"road","road":"tertiary","osm":654492155},"geometry":{"type":"LineString","coordinates":[[-4.4217,36.71565],[-4.42185,36.71587]]}},{"type":"Feature","properties":{"name":"Avenida Manuel Agustín Heredia","kind":"road","road":"primary","osm":654492156},"geometry":{"type":"LineString","coordinates":[[-4.4217,36.71565],[-4.42175,36.71561],[-4.42184,36.71551],[-4.42197,36.71538]]}},{"type":"Feature","properties":{"name":"Calle Puerta del Mar","kind":"road","road":"tertiary","osm":656659021},"geometry":{"type":"LineString","coordinates":[[-4.42276,36.71819],[-4.42287,36.71847]]}},{"type":"Feature","properties":{"name":"","kind":"park","road":"","osm":664818865},"geometry":{"type":"Polygon","coordinates":[[[-4.41207,36.72012],[-4.41205,36.72012],[-4.41206,36.7201],[-4.41207,36.72011],[-4.41207,36.72012]]]}},{"type":"Feature","properties":{"name":"","kind":"park","road":"","osm":664818866},"geometry":{"type":"Polygon","coordinates":[[[-4.41207,36.72048],[-4.41205,36.72048],[-4.41206,36.72043],[-4.41208,36.72043],[-4.41207,36.72048]]]}},{"type":"Feature","properties":{"name":"","kind":"park","road":"","osm":664818867},"geometry":{"type":"Polygon","coordinates":[[[-4.41205,36.72063],[-4.41203,36.72063],[-4.41204,36.72058],[-4.41206,36.72058],[-4.41205,36.72063]]]}},{"type":"Feature","properties":{"name":"","kind":"park","road":"","osm":664818868},"geometry":{"type":"Polygon","coordinates":[[[-4.41198,36.72062],[-4.41201,36.72063],[-4.41203,36.72043],[-4.41201,36.72043],[-4.41198,36.72062]]]}},{"type":"Feature","properties":{"name":"","kind":"park","road":"","osm":664818869},"geometry":{"type":"Polygon","coordinates":[[[-4.41197,36.7207],[-4.41196,36.72076],[-4.41198,36.72076],[-4.41199,36.7207],[-4.41197,36.7207]]]}},{"type":"Feature","properties":{"name":"","kind":"park","road":"","osm":664818870},"geometry":{"type":"Polygon","coordinates":[[[-4.41209,36.72036],[-4.41206,36.72036],[-4.41206,36.72039],[-4.41208,36.72039],[-4.41209,36.72036]]]}},{"type":"Feature","properties":{"name":"","kind":"park","road":"","osm":664818871},"geometry":{"type":"Polygon","coordinates":[[[-4.41207,36.72015],[-4.41205,36.72015],[-4.41204,36.72018],[-4.41203,36.72026],[-4.41205,36.72026],[-4.41207,36.72015]]]}},{"type":"Feature","properties":{"name":"","kind":"park","road":"","osm":664818872},"geometry":{"type":"Polygon","coordinates":[[[-4.41209,36.7203],[-4.41207,36.7203],[-4.4121,36.72015],[-4.41211,36.72018],[-4.41211,36.72023],[-4.4121,36.72026],[-4.41209,36.7203]]]}},{"type":"Feature","properties":{"name":"","kind":"park","road":"","osm":664824252},"geometry":{"type":"Polygon","coordinates":[[[-4.4118,36.71953],[-4.41179,36.7196],[-4.41185,36.71961],[-4.41192,36.71961],[-4.41196,36.7196],[-4.41198,36.71957],[-4.41197,36.71955],[-4.4118,36.71953]]]}},{"type":"Feature","properties":{"name":"","kind":"park","road":"","osm":664830839},"geometry":{"type":"Polygon","coordinates":[[[-4.41292,36.72014],[-4.41293,36.7201],[-4.41289,36.7201],[-4.41289,36.72011],[-4.41285,36.7201],[-4.41286,36.72009],[-4.41278,36.72008],[-4.41278,36.72009],[-4.41275,36.72008],[-4.41275,36.72007],[-4.41268,36.72005],[-4.41267,36.72006],[-4.41264,36.72005],[-4.41264,36.72004],[-4.41257,36.72002],[-4.41257,36.72003],[-4.41254,36.72001],[-4.41244,36.71996],[-4.41243,36.71998],[-4.41249,36.72001],[-4.4126,36.72006],[-4.4127,36.7201],[-4.41283,36.72013],[-4.41289,36.72014],[-4.41292,36.72014]]]}},{"type":"Feature","properties":{"name":"","kind":"park","road":"","osm":664851006},"geometry":{"type":"Polygon","coordinates":[[[-4.41747,36.71928],[-4.41742,36.7193],[-4.41743,36.71932],[-4.41748,36.7193],[-4.41747,36.71928]]]}},{"type":"Feature","properties":{"name":"","kind":"park","road":"","osm":664851007},"geometry":{"type":"Polygon","coordinates":[[[-4.41777,36.71922],[-4.41776,36.71921],[-4.4175,36.71928],[-4.41751,36.7193],[-4.41777,36.71922]]]}},{"type":"Feature","properties":{"name":"","kind":"park","road":"","osm":664851008},"geometry":{"type":"Polygon","coordinates":[[[-4.41874,36.71895],[-4.41874,36.71893],[-4.41786,36.71917],[-4.41787,36.71919],[-4.41874,36.71895]]]}},{"type":"Feature","properties":{"name":"","kind":"park","road":"","osm":664851009},"geometry":{"type":"Polygon","coordinates":[[[-4.41944,36.71873],[-4.41945,36.71875],[-4.4188,36.71893],[-4.4188,36.71892],[-4.41944,36.71873]]]}},{"type":"Feature","properties":{"name":"","kind":"park","road":"","osm":664851013},"geometry":{"type":"Polygon","coordinates":[[[-4.41775,36.71932],[-4.41761,36.71936],[-4.41761,36.71937],[-4.41762,36.71937],[-4.41773,36.71946],[-4.41774,36.71946],[-4.41774,36.71945],[-4.41773,36.71942],[-4.41773,36.71938],[-4.41774,36.71936],[-4.41776,36.71934],[-4.41777,36.71933],[-4.41776,36.71932],[-4.41775,36.71932]]]}},{"type":"Feature","properties":{"name":"","kind":"park","road":"","osm":664851017},"geometry":{"type":"Polygon","coordinates":[[[-4.41797,36.71928],[-4.41794,36.71927],[-4.41791,36.71927],[-4.41789,36.71929],[-4.41788,36.71929],[-4.4179,36.71931],[-4.41791,36.71931],[-4.41793,36.71931],[-4.41794,36.71932],[-4.41793,36.71933],[-4.41794,36.71933],[-4.41795,36.71934],[-4.41796,36.71935],[-4.41796,36.71936],[-4.41795,36.71937],[-4.41796,36.71937],[-4.41797,36.71937],[-4.41797,36.71938],[-4.41798,36.71939],[-4.41797,36.71939],[-4.41796,36.7194],[-4.41795,36.7194],[-4.41794,36.7194],[-4.41794,36.71939],[-4.41793,36.7194],[-4.41793,36.71941],[-4.41792,36.71942],[-4.4179,36.71942],[-4.41789,36.71941],[-4.41789,36.71942],[-4.41785,36.71942],[-4.41785,36.71941],[-4.41785,36.7194],[-4.41784,36.7194],[-4.41783,36.71939],[-4.41783,36.71938],[-4.41783,36.71937],[-4.41783,36.71936],[-4.41782,36.71936],[-4.41782,36.71935],[-4.41782,36.71934],[-4.41783,36.71934],[-4.41784,36.71933],[-4.41784,36.71932],[-4.41783,36.71931],[-4.41782,36.71931],[-4.41781,36.71932],[-4.41778,36.71936],[-4.41777,36.7194],[-4.41777,36.71943],[-4.41779,36.71947],[-4.41781,36.7195],[-4.41785,36.71952],[-4.41788,36.71954],[-4.41793,36.71955],[-4.41797,36.71955],[-4.41802,36.71954],[-4.41806,36.71952],[-4.41809,36.71949],[-4.41811,36.71946],[-4.41812,36.71943],[-4.41812,36.71938],[-4.4181,36.71935],[-4.41807,36.71932],[-4.41802,36.71929],[-4.41797,36.71928]]]}},{"type":"Feature","properties":{"name":"","kind":"park","road":"","osm":664851018},"geometry":{"type":"Polygon","coordinates":[[[-4.4178,36.71928],[-4.41781,36.71927],[-4.41781,36.71925],[-4.4178,36.71924],[-4.41778,36.71924],[-4.41755,36.7193],[-4.41755,36.71931],[-4.41754,36.71932],[-4.41755,36.71933],[-4.41755,36.71934],[-4.41756,36.71934],[-4.41758,36.71934],[-4.4178,36.71928]]]}},{"type":"Feature","properties":{"name":"","kind":"park","road":"","osm":664851019},"geometry":{"type":"Polygon","coordinates":[[[-4.41794,36.71923],[-4.41789,36.71925],[-4.41787,36.71925],[-4.41786,36.71925],[-4.41785,36.71924],[-4.41786,36.71922],[-4.41787,36.71921],[-4.41793,36.7192],[-4.41794,36.7192],[-4.41795,36.7192],[-4.41796,36.71921],[-4.41796,36.71922],[-4.41795,36.71923],[-4.41794,36.71923]]]}},{"type":"Feature","properties":{"name":"","kind":"park","road":"","osm":664851020},"geometry":{"type":"Polygon","coordinates":[[[-4.41823,36.71916],[-4.41824,36.71915],[-4.41824,36.71913],[-4.41823,36.71912],[-4.41821,36.71912],[-4.4182,36.71912],[-4.418,36.71917],[-4.418,36.71918],[-4.41799,36.71919],[-4.418,36.7192],[-4.418,36.71921],[-4.41802,36.71921],[-4.41803,36.71921],[-4.41823,36.71916]]]}},{"type":"Feature","properties":{"name":"","kind":"park","road":"","osm":664851021},"geometry":{"type":"Polygon","coordinates":[[[-4.4182,36.71928],[-4.41818,36.71928],[-4.41815,36.7193],[-4.41814,36.71931],[-4.41814,36.71932],[-4.41813,36.71932],[-4.41807,36.71927],[-4.41808,36.71925],[-4.41807,36.71924],[-4.41807,36.71923],[-4.41821,36.71919],[-4.41823,36.71919],[-4.41823,36.7192],[-4.41821,36.71922],[-4.41821,36.71925],[-4.41821,36.71927],[-4.4182,36.71928]]]}},{"type":"Feature","properties":{"name":"","kind":"park","road":"","osm":664851022},"geometry":{"type":"Polygon","coordinates":[[[-4.41834,36.71938],[-4.41814,36.71949],[-4.41813,36.71949],[-4.41813,36.71948],[-4.41814,36.71947],[-4.41816,36.71944],[-4.41816,36.71941],[-4.41816,36.71939],[-4.41816,36.71937],[-4.41817,36.71937],[-4.41818,36.71937],[-4.4182,36.71937],[-4.41822,36.71937],[-4.41824,36.71936],[-4.41826,36.71935],[-4.41827,36.71935],[-4.41828,36.71935],[-4.4183,36.71936],[-4.41832,36.71937],[-4.41833,36.71937],[-4.41834,36.71937],[-4.41835,36.71937],[-4.41834,36.71938]]]}},{"type":"Feature","properties":{"name":"","kind":"park","road":"","osm":664851023},"geometry":{"type":"Polygon","coordinates":[[[-4.41782,36.71959],[-4.41784,36.71959],[-4.41785,36.71958],[-4.41785,36.71957],[-4.41784,36.71956],[-4.41777,36.71952],[-4.41772,36.71949],[-4.41751,36.71934],[-4.4175,36.71932],[-4.41746,36.71933],[-4.41751,36.71938],[-4.41774,36.71954],[-4.41779,36.71958],[-4.41782,36.71959]]]}},{"type":"Feature","properties":{"name":"","kind":"park","road":"","osm":664851024},"geometry":{"type":"Polygon","coordinates":[[[-4.41793,36.71959],[-4.41792,36.7196],[-4.41791,36.7196],[-4.4179,36.7196],[-4.41789,36.71959],[-4.41788,36.71958],[-4.41789,36.71957],[-4.41791,36.71957],[-4.41792,36.71958],[-4.41793,36.71959]]]}},{"type":"Feature","properties":{"name":"","kind":"park","road":"","osm":664851025},"geometry":{"type":"Polygon","coordinates":[[[-4.41851,36.71937],[-4.41851,36.71936],[-4.4185,36.71935],[-4.41848,36.71934],[-4.41846,36.71935],[-4.41809,36.71955],[-4.41805,36.71956],[-4.41801,36.71957],[-4.41798,36.71957],[-4.41797,36.71958],[-4.41796,36.71959],[-4.41796,36.7196],[-4.41797,36.71961],[-4.41798,36.71961],[-4.41803,36.71961],[-4.41808,36.71959],[-4.41812,36.71958],[-4.41851,36.71937]]]}},{"type":"Feature","properties":{"name":"","kind":"park","road":"","osm":664851026},"geometry":{"type":"Polygon","coordinates":[[[-4.4189,36.71893],[-4.41889,36.71893],[-4.41882,36.71895],[-4.41884,36.71898],[-4.41885,36.71899],[-4.4189,36.71897],[-4.41891,36.71896],[-4.4189,36.71893]]]}},{"type":"Feature","properties":{"name":"","kind":"park","road":"","osm":664851027},"geometry":{"type":"Polygon","coordinates":[[[-4.41849,36.71908],[-4.41848,36.71908],[-4.41847,36.71907],[-4.41846,36.71906],[-4.41846,36.71905],[-4.41847,36.71904],[-4.41849,36.71903],[-4.41877,36.71895],[-4.41879,36.71896],[-4.4188,36.71897],[-4.4188,36.71898],[-4.41879,36.71899],[-4.41878,36.719],[-4.41849,36.71908]]]}},{"type":"Feature","properties":{"name":"","kind":"park","road":"","osm":664851029},"geometry":{"type":"Polygon","coordinates":[[[-4.41838,36.71907],[-4.4184,36.71906],[-4.41842,36.71906],[-4.41843,36.71907],[-4.41844,36.71909],[-4.41842,36.7191],[-4.41841,36.71911],[-4.41839,36.7191],[-4.41838,36.71909],[-4.41838,36.71908],[-4.41838,36.71907]]]}},{"type":"Feature","properties":{"name":"","kind":"park","road":"","osm":664851031},"geometry":{"type":"Polygon","coordinates":[[[-4.4183,36.71909],[-4.41828,36.71909],[-4.41826,36.71911],[-4.41826,36.71913],[-4.41827,36.71914],[-4.41829,36.71914],[-4.41831,36.71913],[-4.41832,36.71912],[-4.41832,36.71911],[-4.41831,36.7191],[-4.4183,36.71909]]]}},{"type":"Feature","properties":{"name":"","kind":"park","road":"","osm":664851034},"geometry":{"type":"Polygon","coordinates":[[[-4.41882,36.71913],[-4.41879,36.7191],[-4.41871,36.71914],[-4.41871,36.71915],[-4.41871,36.71916],[-4.41872,36.71917],[-4.41874,36.71917],[-4.41882,36.71913]]]}},{"type":"Feature","properties":{"name":"","kind":"park","road":"","osm":664851036},"geometry":{"type":"Polygon","coordinates":[[[-4.41853,36.71917],[-4.4185,36.71918],[-4.41849,36.71916],[-4.41847,36.71915],[-4.41845,36.71914],[-4.41844,36.71913],[-4.41844,36.71912],[-4.41852,36.7191],[-4.41853,36.7191],[-4.41853,36.71911],[-4.41852,36.71914],[-4.41853,36.71915],[-4.41853,36.71917]]]}},{"type":"Feature","properties":{"name":"","kind":"park","road":"","osm":664851053},"geometry":{"type":"Polygon","coordinates":[[[-4.41862,36.71924],[-4.41862,36.71923],[-4.41862,36.71922],[-4.4186,36.71922],[-4.41858,36.71922],[-4.41856,36.71921],[-4.41855,36.7192],[-4.41854,36.7192],[-4.41853,36.7192],[-4.41852,36.7192],[-4.41852,36.71921],[-4.41852,36.71924],[-4.41852,36.71927],[-4.41853,36.71928],[-4.41854,36.71927],[-4.41862,36.71924]]]}},{"type":"Feature","properties":{"name":"","kind":"park","road":"","osm":664851055},"geometry":{"type":"Polygon","coordinates":[[[-4.41886,36.71918],[-4.41886,36.71915],[-4.41885,36.71915],[-4.41884,36.71915],[-4.4186,36.71928],[-4.41859,36.71929],[-4.4186,36.7193],[-4.4186,36.71931],[-4.41862,36.71931],[-4.41886,36.71918]]]}},{"type":"Feature","properties":{"name":"","kind":"park","road":"","osm":664851058},"geometry":{"type":"Polygon","coordinates":[[[-4.41926,36.71897],[-4.41926,36.71895],[-4.41922,36.71895],[-4.41887,36.71913],[-4.41887,36.71915],[-4.41887,36.71916],[-4.41888,36.71916],[-4.41888,36.71917],[-4.41926,36.71897]]]}},{"type":"Feature","properties":{"name":"","kind":"park","road":"","osm":664851062},"geometry":{"type":"Polygon","coordinates":[[[-4.419,36.71903],[-4.41901,36.71902],[-4.419,36.719],[-4.41898,36.71899],[-4.41897,36.71898],[-4.41912,36.71893],[-4.41914,36.71893],[-4.41915,36.71894],[-4.41915,36.71896],[-4.41914,36.71897],[-4.419,36.71903]]]}},{"type":"Feature","properties":{"name":"","kind":"park","road":"","osm":664851064},"geometry":{"type":"Polygon","coordinates":[[[-4.4192,36.71888],[-4.4192,36.71886],[-4.41919,36.71885],[-4.41917,36.71884],[-4.41915,36.71885],[-4.41914,36.71885],[-4.41893,36.71891],[-4.41892,36.71892],[-4.41891,36.71893],[-4.41892,36.71896],[-4.41893,36.71896],[-4.41895,36.71896],[-4.41919,36.71889],[-4.4192,36.71888]]]}},{"type":"Feature","properties":{"name":"","kind":"park","road":"","osm":664851067},"geometry":{"type":"Polygon","coordinates":[[[-4.4186,36.71911],[-4.41863,36.71911],[-4.41865,36.71911],[-4.41867,36.71912],[-4.41868,36.71914],[-4.41868,36.71916],[-4.41867,36.71918],[-4.41865,36.71919],[-4.41863,36.7192],[-4.4186,36.71919],[-4.41858,36.71918],[-4.41857,36.71916],[-4.41857,36.71914],[-4.41859,36.71912],[-4.4186,36.71911]]]}},{"type":"Feature","properties":{"name":"","kind":"park","road":"","osm":664851070},"geometry":{"type":"Polygon","coordinates":[[[-4.41945,36.71885],[-4.41945,36.71883],[-4.41944,36.71881],[-4.41942,36.71879],[-4.4194,36.71878],[-4.41925,36.71882],[-4.41924,36.71883],[-4.41925,36.71885],[-4.41926,36.71885],[-4.41929,36.71887],[-4.4193,36.71888],[-4.4193,36.7189],[-4.41929,36.7189],[-4.41927,36.71893],[-4.41928,36.71894],[-4.41929,36.71895],[-4.4193,36.71895],[-4.41938,36.71891],[-4.41945,36.71885]]]}},{"type":"Feature","properties":{"name":"","kind":"park","road":"","osm":664851073},"geometry":{"type":"Polygon","coordinates":[[[-4.41954,36.71877],[-4.41953,36.71876],[-4.41953,36.71874],[-4.41955,36.71874],[-4.41956,36.71874],[-4.41956,36.71875],[-4.41954,36.71877]]]}},{"type":"Feature","properties":{"name":"","kind":"park","road":"","osm":664855506},"geometry":{"type":"Polygon","coordinates":[[[-4.41614,36.71969],[-4.41613,36.71967],[-4.41738,36.71931],[-4.41739,36.71933],[-4.41735,36.71938],[-4.41727,36.71937],[-4.41722,36.71937],[-4.41708,36.71941],[-4.41614,36.71969]]]}},{"type":"Feature","properties":{"name":"","kind":"park","road":"","osm":664855507},"geometry":{"type":"Polygon","coordinates":[[[-4.41574,36.71977],[-4.41575,36.7198],[-4.41493,36.72003],[-4.41492,36.72],[-4.41574,36.71977]]]}},{"type":"Feature","properties":{"name":"","kind":"park","road":"","osm":664855508},"geometry":{"type":"Polygon","coordinates":[[[-4.41367,36.72041],[-4.41364,36.72036],[-4.41482,36.72003],[-4.41483,36.72006],[-4.41479,36.72007],[-4.41476,36.72006],[-4.41376,36.72035],[-4.41376,36.72038],[-4.41367,36.72041]]]}},{"type":"Feature","properties":{"name":"","kind":"park","road":"","osm":664855509},"geometry":{"type":"Polygon","coordinates":[[[-4.41289,36.72065],[-4.4129,36.7207],[-4.41288,36.72077],[-4.41281,36.72086],[-4.41276,36.7209],[-4.41267,36.72094],[-4.41263,36.72095],[-4.41264,36.72091],[-4.41265,36.72088],[-4.41268,36.72083],[-4.41271,36.72079],[-4.41275,36.72076],[-4.41289,36.72065]]]}},{"type":"Feature","properties":{"name":"","kind":"park","road":"","osm":664855510},"geometry":{"type":"Polygon","coordinates":[[[-4.41356,36.72045],[-4.41353,36.7204],[-4.41342,36.72044],[-4.41329,36.72051],[-4.41313,36.72063],[-4.41304,36.72071],[-4.41297,36.7208],[-4.41291,36.72087],[-4.41286,36.72091],[-4.41284,36.72093],[-4.41283,36.72096],[-4.41285,36.72097],[-4.41288,36.72095],[-4.41295,36.72089],[-4.41305,36.72077],[-4.41313,36.72069],[-4.41318,36.72065],[-4.41334,36.72055],[-4.41342,36.7205],[-4.41344,36.72049],[-4.41356,36.72045]]]}},{"type":"Feature","properties":{"name":"","kind":"park","road":"","osm":664861631},"geometry":{"type":"Polygon","coordinates":[[[-4.41908,36.71805],[-4.4191,36.71808],[-4.41911,36.71811],[-4.4191,36.71813],[-4.41909,36.71816],[-4.41909,36.71818],[-4.41908,36.71819],[-4.41907,36.7182],[-4.41906,36.7182],[-4.41895,36.71818],[-4.41891,36.71818],[-4.41886,36.71819],[-4.41882,36.71821],[-4.41877,36.71824],[-4.41874,36.71827],[-4.41873,36.71829],[-4.41871,36.71829],[-4.4187,36.71829],[-4.41869,36.71828],[-4.41867,36.71828],[-4.41866,36.71827],[-4.41862,36.71819],[-4.41862,36.71818],[-4.41863,36.71816],[-4.41865,36.71815],[-4.41868,36.71815],[-4.41871,36.71815],[-4.41874,36.71814],[-4.41876,36.71813],[-4.41878,36.71811],[-4.41883,36.7181],[-4.41886,36.71809],[-4.4189,36.71809],[-4.41892,36.71809],[-4.41908,36.71805]]]}},{"type":"Feature","properties":{"name":"","kind":"park","road":"","osm":664861634},"geometry":{"type":"Polygon","coordinates":[[[-4.41926,36.71832],[-4.41926,36.71831],[-4.41926,36.7183],[-4.41925,36.71829],[-4.41923,36.7183],[-4.4192,36.71829],[-4.41918,36.71829],[-4.41917,36.71829],[-4.41916,36.71831],[-4.41918,36.71833],[-4.41921,36.71833],[-4.41924,36.71833],[-4.41926,36.71832]]]}},{"type":"Feature","properties":{"name":"","kind":"park","road":"","osm":664861636},"geometry":{"type":"Polygon","coordinates":[[[-4.41913,36.7183],[-4.41907,36.71831],[-4.41906,36.71831],[-4.41906,36.7183],[-4.41909,36.71827],[-4.4191,36.71826],[-4.41912,36.71826],[-4.41914,36.71827],[-4.41915,36.71829],[-4.41913,36.7183]]]}},{"type":"Feature","properties":{"name":"","kind":"park","road":"","osm":664861637},"geometry":{"type":"Polygon","coordinates":[[[-4.41931,36.71812],[-4.41929,36.71812],[-4.41927,36.71811],[-4.41924,36.7181],[-4.41922,36.7181],[-4.41917,36.7181],[-4.41915,36.7181],[-4.41915,36.71809],[-4.41914,36.71803],[-4.4192,36.71801],[-4.41929,36.71805],[-4.41933,36.71809],[-4.41934,36.7181],[-4.41932,36.71812],[-4.41931,36.71812]]]}},{"type":"Feature","properties":{"name":"","kind":"park","road":"","osm":664861638},"geometry":{"type":"Polygon","coordinates":[[[-4.41938,36.71816],[-4.41935,36.71816],[-4.41934,36.71817],[-4.41935,36.7182],[-4.41935,36.71822],[-4.41933,36.71825],[-4.4193,36.71827],[-4.4193,36.71828],[-4.41931,36.71829],[-4.41932,36.71829],[-4.41935,36.71827],[-4.41937,36.71825],[-4.41938,36.71822],[-4.41939,36.71819],[-4.41938,36.71817],[-4.41938,36.71816]]]}},{"type":"Feature","properties":{"name":"","kind":"park","road":"","osm":664861639},"geometry":{"type":"Polygon","coordinates":[[[-4.41917,36.71813],[-4.4192,36.71812],[-4.41923,36.71812],[-4.41926,36.71813],[-4.41929,36.71814],[-4.4193,36.71816],[-4.41931,36.71819],[-4.41931,36.71821],[-4.4193,36.71824],[-4.41928,36.71825],[-4.41925,36.71827],[-4.41922,36.71827],[-4.41919,36.71827],[-4.41916,36.71826],[-4.41914,36.71824],[-4.41913,36.71821],[-4.41912,36.71819],[-4.41913,36.71817],[-4.41915,36.71814],[-4.41917,36.71813]]]}},{"type":"Feature","properties":{"name":"","kind":"park","road":"","osm":664861642},"geometry":{"type":"Polygon","coordinates":[[[-4.41941,36.7183],[-4.4194,36.71828],[-4.41943,36.71823],[-4.41943,36.71817],[-4.41941,36.71812],[-4.41937,36.71807],[-4.41933,36.71804],[-4.41922,36.718],[-4.41955,36.71791],[-4.41959,36.71794],[-4.41962,36.71799],[-4.41966,36.71826],[-4.41958,36.71828],[-4.41957,36.71825],[-4.41941,36.7183]]]}},{"type":"Feature","properties":{"name":"","kind":"park","road":"","osm":664861643},"geometry":{"type":"Polygon","coordinates":[[[-4.41944,36.71843],[-4.41943,36.7184],[-4.41967,36.71833],[-4.41965,36.71835],[-4.41959,36.71839],[-4.41944,36.71843]]]}},{"type":"Feature","properties":{"name":"Palmeral de las Sorpresas","kind":"road","road":"pedestrian","osm":664863268},"geometry":{"type":"LineString","coordinates":[[-4.41948,36.71761],[-4.41946,36.71758],[-4.4194,36.71745]]}},{"type":"Feature","properties":{"name":"","kind":"park","road":"","osm":664867179},"geometry":{"type":"Polygon","coordinates":[[[-4.4179,36.71865],[-4.41789,36.71864],[-4.41788,36.71863],[-4.41788,36.71862],[-4.41789,36.7186],[-4.41789,36.71859],[-4.41791,36.71858],[-4.41793,36.71857],[-4.41795,36.71856],[-4.41798,36.71856],[-4.41804,36.71858],[-4.41805,36.71858],[-4.41806,36.7186],[-4.41805,36.71861],[-4.41802,36.71862],[-4.41799,36.71862],[-4.41796,36.71863],[-4.41792,36.71864],[-4.4179,36.71865]]]}},{"type":"Feature","properties":{"name":"","kind":"park","road":"","osm":664867181},"geometry":{"type":"Polygon","coordinates":[[[-4.41811,36.71858],[-4.41812,36.71857],[-4.41814,36.71855],[-4.41812,36.71853],[-4.41813,36.71851],[-4.41815,36.7185],[-4.41817,36.7185],[-4.41819,36.71847],[-4.41821,36.71844],[-4.41822,36.71841],[-4.41821,36.71839],[-4.41818,36.71839],[-4.4181,36.71841],[-4.41803,36.71852],[-4.41804,36.71853],[-4.41806,36.71854],[-4.41807,36.71855],[-4.41808,36.71856],[-4.41811,36.71858]]]}},{"type":"Feature","properties":{"name":"","kind":"park","road":"","osm":664867182},"geometry":{"type":"Polygon","coordinates":[[[-4.41783,36.71851],[-4.41783,36.71849],[-4.41803,36.71844],[-4.41801,36.71847],[-4.41798,36.71851],[-4.41793,36.71854],[-4.41788,36.71854],[-4.41784,36.71852],[-4.41783,36.71851]]]}},{"type":"Feature","properties":{"name":"","kind":"park","road":"","osm":664867183},"geometry":{"type":"Polygon","coordinates":[[[-4.41829,36.71834],[-4.41829,36.71832],[-4.41827,36.71827],[-4.41783,36.71839],[-4.41784,36.71845],[-4.41786,36.71846],[-4.41829,36.71834]]]}},{"type":"Feature","properties":{"name":"","kind":"park","road":"","osm":664867184},"geometry":{"type":"Polygon","coordinates":[[[-4.41819,36.71863],[-4.41835,36.71858],[-4.41836,36.71857],[-4.41836,36.71856],[-4.41835,36.71855],[-4.41833,36.71855],[-4.41827,36.71856],[-4.41807,36.71862],[-4.41795,36.71866],[-4.41795,36.71867],[-4.41795,36.71868],[-4.41797,36.71869],[-4.41819,36.71863]]]}},{"type":"Feature","properties":{"name":"","kind":"park","road":"","osm":664867185},"geometry":{"type":"Polygon","coordinates":[[[-4.41828,36.71853],[-4.41818,36.71856],[-4.41817,36.71856],[-4.41817,36.71855],[-4.41821,36.7185],[-4.41823,36.71849],[-4.41824,36.7185],[-4.41828,36.71852],[-4.41828,36.71853]]]}},{"type":"Feature","properties":{"name":"","kind":"park","road":"","osm":664867186},"geometry":{"type":"Polygon","coordinates":[[[-4.41792,36.71869],[-4.41791,36.7187],[-4.4179,36.71871],[-4.41788,36.71871],[-4.41787,36.7187],[-4.41787,36.71869],[-4.41788,36.71868],[-4.4179,36.71867],[-4.41791,36.71868],[-4.41792,36.71869]]]}},{"type":"Feature","properties":{"name":"","kind":"park","road":"","osm":664867187},"geometry":{"type":"Polygon","coordinates":[[[-4.41813,36.71869],[-4.41812,36.71867],[-4.41793,36.71873],[-4.41794,36.71875],[-4.41813,36.71869]]]}},{"type":"Feature","properties":{"name":"","kind":"park","road":"","osm":664867188},"geometry":{"type":"Polygon","coordinates":[[[-4.41834,36.71863],[-4.41833,36.71861],[-4.41814,36.71867],[-4.41815,36.71869],[-4.41834,36.71863]]]}},{"type":"Feature","properties":{"name":"","kind":"park","road":"","osm":664867190},"geometry":{"type":"Polygon","coordinates":[[[-4.41845,36.7186],[-4.41844,36.71858],[-4.41835,36.71861],[-4.41836,36.71863],[-4.41845,36.7186]]]}},{"type":"Feature","properties":{"name":"","kind":"park","road":"","osm":664867191},"geometry":{"type":"Polygon","coordinates":[[[-4.41855,36.71857],[-4.41854,36.71855],[-4.41846,36.71858],[-4.41847,36.7186],[-4.41855,36.71857]]]}},{"type":"Feature","properties":{"name":"","kind":"park","road":"","osm":664867193},"geometry":{"type":"Polygon","coordinates":[[[-4.41856,36.71855],[-4.41857,36.71857],[-4.41866,36.71854],[-4.41865,36.71852],[-4.41856,36.71855]]]}},{"type":"Feature","properties":{"name":"","kind":"park","road":"","osm":664867195},"geometry":{"type":"Polygon","coordinates":[[[-4.41876,36.71849],[-4.41867,36.71852],[-4.41867,36.71854],[-4.41876,36.71851],[-4.41876,36.71849]]]}},{"type":"Feature","properties":{"name":"","kind":"park","road":"","osm":664867197},"geometry":{"type":"Polygon","coordinates":[[[-4.41886,36.71846],[-4.41877,36.71849],[-4.41878,36.71851],[-4.41887,36.71848],[-4.41886,36.71846]]]}},{"type":"Feature","properties":{"name":"","kind":"park","road":"","osm":664867199},"geometry":{"type":"Polygon","coordinates":[[[-4.41897,36.71843],[-4.41888,36.71846],[-4.41889,36.71848],[-4.41898,36.71845],[-4.41897,36.71843]]]}},{"type":"Feature","properties":{"name":"","kind":"park","road":"","osm":664867201},"geometry":{"type":"Polygon","coordinates":[[[-4.41907,36.7184],[-4.41898,36.71843],[-4.41899,36.71845],[-4.41908,36.71842],[-4.41907,36.7184]]]}},{"type":"Feature","properties":{"name":"","kind":"park","road":"","osm":664867203},"geometry":{"type":"Polygon","coordinates":[[[-4.41918,36.71837],[-4.41909,36.7184],[-4.4191,36.71842],[-4.41919,36.71839],[-4.41918,36.71837]]]}},{"type":"Feature","properties":{"name":"","kind":"park","road":"","osm":664867205},"geometry":{"type":"Polygon","coordinates":[[[-4.41929,36.71837],[-4.41928,36.71835],[-4.4192,36.71837],[-4.41921,36.71839],[-4.41929,36.71837]]]}},{"type":"Feature","properties":{"name":"","kind":"park","road":"","osm":664867207},"geometry":{"type":"Polygon","coordinates":[[[-4.41951,36.71828],[-4.4193,36.71834],[-4.41931,36.71836],[-4.41952,36.7183],[-4.41951,36.71828]]]}},{"type":"Feature","properties":{"name":"","kind":"park","road":"","osm":664867212},"geometry":{"type":"Polygon","coordinates":[[[-4.41868,36.71845],[-4.41868,36.71846],[-4.41869,36.71847],[-4.4187,36.71848],[-4.41871,36.71848],[-4.41872,36.71847],[-4.41872,36.71846],[-4.41872,36.71845],[-4.41871,36.71845],[-4.41869,36.71845],[-4.41868,36.71845]]]}},{"type":"Feature","properties":{"name":"","kind":"park","road":"","osm":664867214},"geometry":{"type":"Polygon","coordinates":[[[-4.41864,36.7185],[-4.41865,36.71849],[-4.41865,36.71848],[-4.41864,36.71847],[-4.41863,36.71847],[-4.41861,36.71847],[-4.41847,36.71851],[-4.41846,36.71852],[-4.41846,36.71853],[-4.41847,36.71854],[-4.41848,36.71854],[-4.41849,36.71854],[-4.41864,36.7185]]]}},{"type":"Feature","properties":{"name":"","kind":"park","road":"","osm":664867216},"geometry":{"type":"Polygon","coordinates":[[[-4.41831,36.71825],[-4.41834,36.71831],[-4.41836,36.71832],[-4.41854,36.71827],[-4.41855,36.71825],[-4.41853,36.71819],[-4.41831,36.71825]]]}},{"type":"Feature","properties":{"name":"","kind":"park","road":"","osm":664867225},"geometry":{"type":"Polygon","coordinates":[[[-4.41857,36.71829],[-4.41844,36.71833],[-4.41843,36.71833],[-4.41844,36.71834],[-4.4185,36.71837],[-4.41851,36.71838],[-4.41854,36.71838],[-4.41855,36.71837],[-4.41857,36.71829]]]}},{"type":"Feature","properties":{"name":"","kind":"park","road":"","osm":664867226},"geometry":{"type":"Polygon","coordinates":[[[-4.41863,36.71843],[-4.41851,36.71847],[-4.4185,36.71846],[-4.4185,36.71845],[-4.41851,36.7184],[-4.41857,36.71839],[-4.41863,36.71842],[-4.41863,36.71843]]]}},{"type":"Feature","properties":{"name":"","kind":"park","road":"","osm":664867227},"geometry":{"type":"Polygon","coordinates":[[[-4.41866,36.71831],[-4.41862,36.71833],[-4.4186,36.71835],[-4.4186,36.71836],[-4.41863,36.71838],[-4.41865,36.71839],[-4.41868,36.71838],[-4.41869,36.71836],[-4.4187,36.71834],[-4.41869,36.71832],[-4.41866,36.71831]]]}},{"type":"Feature","properties":{"name":"","kind":"park","road":"","osm":664867228},"geometry":{"type":"Polygon","coordinates":[[[-4.41876,36.71836],[-4.41875,36.71836],[-4.41874,36.71836],[-4.41872,36.7184],[-4.41872,36.71841],[-4.41873,36.71841],[-4.41883,36.71838],[-4.41882,36.71837],[-4.41876,36.71836]]]}},{"type":"Feature","properties":{"name":"","kind":"park","road":"","osm":664867229},"geometry":{"type":"Polygon","coordinates":[[[-4.41898,36.71832],[-4.419,36.71831],[-4.41907,36.71824],[-4.41907,36.71823],[-4.41895,36.71821],[-4.41893,36.71822],[-4.41892,36.71822],[-4.4189,36.71824],[-4.41888,36.71825],[-4.41885,36.71825],[-4.41883,36.71825],[-4.41875,36.71832],[-4.41888,36.71835],[-4.41889,36.71835],[-4.41891,36.71832],[-4.41893,36.71831],[-4.41896,36.71831],[-4.41897,36.71831],[-4.41898,36.71832]]]}},{"type":"Feature","properties":{"name":"","kind":"park","road":"","osm":664867230},"geometry":{"type":"Polygon","coordinates":[[[-4.41913,36.71836],[-4.41914,36.71836],[-4.41914,36.71835],[-4.41914,36.71834],[-4.41912,36.71833],[-4.41911,36.71833],[-4.41876,36.71843],[-4.41876,36.71844],[-4.41875,36.71845],[-4.41876,36.71846],[-4.41877,36.71846],[-4.41878,36.71846],[-4.41913,36.71836]]]}},{"type":"Feature","properties":{"name":"","kind":"park","road":"","osm":664869672},"geometry":{"type":"Polygon","coordinates":[[[-4.41299,36.71998],[-4.41303,36.71996],[-4.41306,36.71993],[-4.41309,36.7199],[-4.41309,36.71989],[-4.41308,36.71988],[-4.41301,36.71986],[-4.41299,36.71987],[-4.41298,36.71987],[-4.41295,36.71997],[-4.41296,36.71998],[-4.41297,36.71998],[-4.41299,36.71998]]]}},{"type":"Feature","properties":{"name":"","kind":"park","road":"","osm":664869673},"geometry":{"type":"Polygon","coordinates":[[[-4.41296,36.71971],[-4.41285,36.71974],[-4.41287,36.71978],[-4.41291,36.71981],[-4.41296,36.71982],[-4.41298,36.71982],[-4.413,36.7198],[-4.41301,36.71977],[-4.413,36.71974],[-4.41296,36.71971]]]}},{"type":"Feature","properties":{"name":"","kind":"park","road":"","osm":664869674},"geometry":{"type":"Polygon","coordinates":[[[-4.4129,36.71999],[-4.41291,36.71998],[-4.41292,36.71997],[-4.41292,36.71993],[-4.41294,36.71988],[-4.41294,36.71986],[-4.41294,36.71985],[-4.41293,36.71984],[-4.41286,36.71982],[-4.41284,36.71981],[-4.41281,36.71979],[-4.4128,36.71976],[-4.41268,36.71979],[-4.41249,36.71985],[-4.41252,36.71987],[-4.41255,36.71988],[-4.41259,36.7199],[-4.41268,36.71994],[-4.41287,36.71998],[-4.4129,36.71999]]]}},{"type":"Feature","properties":{"name":"","kind":"park","road":"","osm":664869676},"geometry":{"type":"Polygon","coordinates":[[[-4.41349,36.71995],[-4.41349,36.71994],[-4.41349,36.71993],[-4.41347,36.71992],[-4.41341,36.71994],[-4.41334,36.71995],[-4.41328,36.71995],[-4.41321,36.71994],[-4.41316,36.71993],[-4.41314,36.71992],[-4.41312,36.71992],[-4.4131,36.71993],[-4.41307,36.71996],[-4.41305,36.71997],[-4.41304,36.71998],[-4.41303,36.71999],[-4.41304,36.72],[-4.4131,36.72],[-4.41321,36.72],[-4.41338,36.71998],[-4.41345,36.71996],[-4.41349,36.71995]]]}},{"type":"Feature","properties":{"name":"","kind":"park","road":"","osm":664869677},"geometry":{"type":"Polygon","coordinates":[[[-4.41376,36.71973],[-4.41376,36.71971],[-4.41375,36.7197],[-4.41374,36.71969],[-4.4137,36.71968],[-4.41365,36.71967],[-4.41359,36.71967],[-4.41352,36.71968],[-4.41343,36.71969],[-4.41334,36.71972],[-4.41325,36.71976],[-4.41319,36.71981],[-4.41316,36.71984],[-4.41316,36.71986],[-4.41316,36.71989],[-4.41318,36.7199],[-4.41321,36.71991],[-4.41327,36.71992],[-4.41336,36.71992],[-4.41345,36.7199],[-4.41351,36.71989],[-4.41371,36.7198],[-4.41374,36.71977],[-4.41375,36.71974],[-4.41376,36.71973]]]}},{"type":"Feature","properties":{"name":"","kind":"park","road":"","osm":664869679},"geometry":{"type":"Polygon","coordinates":[[[-4.41336,36.71961],[-4.41308,36.71968],[-4.41306,36.71971],[-4.41304,36.71974],[-4.41303,36.71977],[-4.41303,36.7198],[-4.41302,36.71982],[-4.41303,36.71984],[-4.41304,36.71984],[-4.41307,36.71985],[-4.41309,36.71986],[-4.41311,36.71986],[-4.41313,36.71985],[-4.41315,36.71981],[-4.41317,36.71979],[-4.41321,36.71976],[-4.41325,36.71973],[-4.4133,36.71971],[-4.41335,36.7197],[-4.41337,36.71969],[-4.41338,36.71968],[-4.41339,36.71963],[-4.41339,36.71962],[-4.41337,36.71961],[-4.41336,36.71961]]]}},{"type":"Feature","properties":{"name":"","kind":"park","road":"","osm":664869680},"geometry":{"type":"Polygon","coordinates":[[[-4.41389,36.71954],[-4.41393,36.71952],[-4.41394,36.7195],[-4.41394,36.71948],[-4.41393,36.71947],[-4.41392,36.71946],[-4.4139,36.71946],[-4.41345,36.71958],[-4.41343,36.71962],[-4.41343,36.71965],[-4.41344,36.71966],[-4.41345,36.71966],[-4.41353,36.71965],[-4.4136,36.71964],[-4.41367,36.71964],[-4.41373,36.71965],[-4.41377,36.71967],[-4.41379,36.71966],[-4.41383,36.7196],[-4.41386,36.71957],[-4.41389,36.71954]]]}},{"type":"Feature","properties":{"name":"","kind":"park","road":"","osm":664869681},"geometry":{"type":"Polygon","coordinates":[[[-4.41401,36.71985],[-4.414,36.71983],[-4.41381,36.71988],[-4.41382,36.7199],[-4.41401,36.71985]]]}},{"type":"Feature","properties":{"name":"","kind":"park","road":"","osm":664869682},"geometry":{"type":"Polygon","coordinates":[[[-4.41406,36.71979],[-4.41406,36.71978],[-4.41405,36.71977],[-4.41404,36.71978],[-4.41399,36.71978],[-4.41394,36.71977],[-4.4139,36.71976],[-4.41386,36.71975],[-4.41383,36.71973],[-4.41382,36.71973],[-4.41381,36.71973],[-4.4138,36.71975],[-4.41378,36.71978],[-4.41375,36.7198],[-4.41372,36.71983],[-4.41369,36.71985],[-4.41364,36.71987],[-4.4136,36.71988],[-4.41355,36.7199],[-4.41354,36.71991],[-4.41354,36.71992],[-4.41355,36.71993],[-4.41357,36.71993],[-4.41387,36.71984],[-4.41406,36.71979]]]}},{"type":"Feature","properties":{"name":"","kind":"park","road":"","osm":664869683},"geometry":{"type":"Polygon","coordinates":[[[-4.41261,36.71993],[-4.4125,36.71989],[-4.41248,36.7199],[-4.4126,36.71995],[-4.41261,36.71993]]]}},{"type":"Feature","properties":{"name":"","kind":"park","road":"","osm":664869684},"geometry":{"type":"Polygon","coordinates":[[[-4.41293,36.72001],[-4.41293,36.72003],[-4.41278,36.72001],[-4.41262,36.71996],[-4.41263,36.71994],[-4.41279,36.71999],[-4.41293,36.72001]]]}},{"type":"Feature","properties":{"name":"","kind":"park","road":"","osm":664869685},"geometry":{"type":"Polygon","coordinates":[[[-4.41304,36.72002],[-4.41295,36.72002],[-4.41294,36.72003],[-4.41304,36.72004],[-4.41304,36.72002]]]}},{"type":"Feature","properties":{"name":"","kind":"park","road":"","osm":664869686},"geometry":{"type":"Polygon","coordinates":[[[-4.41337,36.72],[-4.41338,36.72002],[-4.41323,36.72004],[-4.41317,36.72004],[-4.41305,36.72004],[-4.41306,36.72002],[-4.41317,36.72002],[-4.41323,36.72002],[-4.41337,36.72]]]}},{"type":"Feature","properties":{"name":"","kind":"park","road":"","osm":664869687},"geometry":{"type":"Polygon","coordinates":[[[-4.41347,36.71998],[-4.41341,36.71999],[-4.41339,36.72],[-4.41339,36.72002],[-4.41341,36.72001],[-4.41348,36.72],[-4.41347,36.71998]]]}},{"type":"Feature","properties":{"name":"","kind":"park","road":"","osm":664869688},"geometry":{"type":"Polygon","coordinates":[[[-4.41358,36.71995],[-4.41349,36.71997],[-4.4135,36.71999],[-4.41359,36.71996],[-4.41358,36.71995]]]}},{"type":"Feature","properties":{"name":"","kind":"park","road":"","osm":664869689},"geometry":{"type":"Polygon","coordinates":[[[-4.41379,36.71989],[-4.4136,36.71994],[-4.41361,36.71996],[-4.4138,36.71991],[-4.41379,36.71989]]]}},{"type":"Feature","properties":{"name":"","kind":"park","road":"","osm":664871916},"geometry":{"type":"Polygon","coordinates":[[[-4.4155,36.71943],[-4.41549,36.71941],[-4.4154,36.71944],[-4.41541,36.71945],[-4.4155,36.71943]]]}},{"type":"Feature","properties":{"name":"","kind":"park","road":"","osm":664871917},"geometry":{"type":"Polygon","coordinates":[[[-4.41561,36.7194],[-4.4156,36.71938],[-4.41551,36.71941],[-4.41552,36.71942],[-4.41561,36.7194]]]}},{"type":"Feature","properties":{"name":"","kind":"park","road":"","osm":664871918},"geometry":{"type":"Polygon","coordinates":[[[-4.41571,36.71937],[-4.41571,36.71935],[-4.41562,36.71938],[-4.41562,36.71939],[-4.41571,36.71937]]]}},{"type":"Feature","properties":{"name":"","kind":"park","road":"","osm":664871919},"geometry":{"type":"Polygon","coordinates":[[[-4.41582,36.71934],[-4.41581,36.71933],[-4.41572,36.71935],[-4.41573,36.71937],[-4.41582,36.71934]]]}},{"type":"Feature","properties":{"name":"","kind":"park","road":"","osm":664871920},"geometry":{"type":"Polygon","coordinates":[[[-4.41534,36.71937],[-4.41533,36.71929],[-4.41535,36.71928],[-4.41535,36.71924],[-4.41536,36.71924],[-4.41538,36.71936],[-4.41534,36.71937]]]}},{"type":"Feature","properties":{"name":"","kind":"park","road":"","osm":664871921},"geometry":{"type":"Polygon","coordinates":[[[-4.41572,36.71917],[-4.41572,36.71916],[-4.41579,36.71924],[-4.41577,36.71925],[-4.41572,36.71917]]]}},{"type":"Feature","properties":{"name":"","kind":"park","road":"","osm":664871922},"geometry":{"type":"Polygon","coordinates":[[[-4.41561,36.71935],[-4.4156,36.71933],[-4.41579,36.71928],[-4.41579,36.71927],[-4.41581,36.71926],[-4.41583,36.71929],[-4.41561,36.71935]]]}},{"type":"Feature","properties":{"name":"","kind":"park","road":"","osm":664871923},"geometry":{"type":"Polygon","coordinates":[[[-4.41559,36.71934],[-4.4156,36.71936],[-4.41537,36.71942],[-4.41534,36.71939],[-4.41538,36.71938],[-4.4154,36.71939],[-4.41541,36.71939],[-4.41559,36.71934]]]}},{"type":"Feature","properties":{"name":"","kind":"park","road":"","osm":664874866},"geometry":{"type":"Polygon","coordinates":[[[-4.41689,36.71904],[-4.41688,36.71902],[-4.41672,36.71906],[-4.41673,36.71908],[-4.41689,36.71904]]]}},{"type":"Feature","properties":{"name":"","kind":"park","road":"","osm":664874867},"geometry":{"type":"Polygon","coordinates":[[[-4.41666,36.7191],[-4.41665,36.71908],[-4.41633,36.71917],[-4.41634,36.71919],[-4.41666,36.7191]]]}},{"type":"Feature","properties":{"name":"","kind":"park","road":"","osm":664874869},"geometry":{"type":"Polygon","coordinates":[[[-4.41624,36.71922],[-4.41613,36.71925],[-4.41593,36.71931],[-4.41593,36.71929],[-4.41613,36.71923],[-4.41623,36.7192],[-4.41624,36.71922]]]}},{"type":"Feature","properties":{"name":"","kind":"park","road":"","osm":664874871},"geometry":{"type":"Polygon","coordinates":[[[-4.41591,36.7193],[-4.41583,36.71932],[-4.41583,36.71934],[-4.41592,36.71931],[-4.41591,36.7193]]]}},{"type":"Feature","properties":{"name":"","kind":"park","road":"","osm":664874873},"geometry":{"type":"Polygon","coordinates":[[[-4.41584,36.71922],[-4.41585,36.71922],[-4.41587,36.7192],[-4.41589,36.71917],[-4.41588,36.71916],[-4.41587,36.71916],[-4.41584,36.71914],[-4.41583,36.71912],[-4.41584,36.7191],[-4.41585,36.71908],[-4.41583,36.71907],[-4.41578,36.71906],[-4.41574,36.71906],[-4.41572,36.71908],[-4.41571,36.71909],[-4.41572,36.71911],[-4.41582,36.71922],[-4.41584,36.71922]]]}},{"type":"Feature","properties":{"name":"","kind":"park","road":"","osm":664874874},"geometry":{"type":"Polygon","coordinates":[[[-4.41616,36.71911],[-4.41617,36.7191],[-4.41617,36.71908],[-4.41617,36.71907],[-4.41618,36.71906],[-4.41619,36.71906],[-4.41619,36.71905],[-4.41619,36.71903],[-4.41619,36.71902],[-4.41618,36.71902],[-4.41615,36.71901],[-4.41613,36.719],[-4.41611,36.71899],[-4.41609,36.71898],[-4.41607,36.71899],[-4.41599,36.71904],[-4.41595,36.71907],[-4.41595,36.71909],[-4.41595,36.71911],[-4.41597,36.71912],[-4.41602,36.71913],[-4.41608,36.71913],[-4.41613,36.71912],[-4.41616,36.71911]]]}},{"type":"Feature","properties":{"name":"","kind":"park","road":"","osm":664874875},"geometry":{"type":"Polygon","coordinates":[[[-4.41623,36.71919],[-4.41623,36.71918],[-4.41623,36.71917],[-4.41623,36.71916],[-4.41618,36.71913],[-4.41617,36.71913],[-4.41615,36.71913],[-4.41612,36.71914],[-4.41608,36.71915],[-4.41602,36.71915],[-4.41599,36.71914],[-4.41597,36.71914],[-4.41596,36.71914],[-4.41594,36.71914],[-4.41592,36.71916],[-4.41591,36.71918],[-4.4159,36.71921],[-4.41587,36.71923],[-4.41586,36.71924],[-4.41586,36.71925],[-4.41586,36.71927],[-4.41587,36.71928],[-4.41589,36.71928],[-4.41623,36.71919]]]}},{"type":"Feature","properties":{"name":"","kind":"park","road":"","osm":664874876},"geometry":{"type":"Polygon","coordinates":[[[-4.4166,36.71906],[-4.4166,36.71907],[-4.41659,36.71908],[-4.41632,36.71916],[-4.41631,36.71915],[-4.4163,36.71914],[-4.41631,36.71913],[-4.41632,36.71912],[-4.41632,36.7191],[-4.41633,36.71909],[-4.41634,36.71909],[-4.41638,36.71907],[-4.41641,36.71906],[-4.41644,36.71904],[-4.41647,36.71901],[-4.41649,36.719],[-4.4165,36.71899],[-4.41651,36.719],[-4.4166,36.71906]]]}},{"type":"Feature","properties":{"name":"","kind":"park","road":"","osm":664874877},"geometry":{"type":"Polygon","coordinates":[[[-4.41647,36.71897],[-4.41647,36.71895],[-4.41646,36.71894],[-4.41644,36.71893],[-4.41633,36.71893],[-4.41628,36.71893],[-4.41626,36.71894],[-4.41625,36.71896],[-4.41625,36.71898],[-4.41624,36.719],[-4.41623,36.71901],[-4.41623,36.71902],[-4.41624,36.71903],[-4.41625,36.71904],[-4.41627,36.71904],[-4.41629,36.71904],[-4.4163,36.71905],[-4.41631,36.71906],[-4.41632,36.71906],[-4.41634,36.71906],[-4.4164,36.71903],[-4.41645,36.71899],[-4.41647,36.71897]]]}},{"type":"Feature","properties":{"name":"","kind":"park","road":"","osm":664874878},"geometry":{"type":"Polygon","coordinates":[[[-4.41619,36.71898],[-4.41621,36.71897],[-4.41621,36.71895],[-4.41621,36.71894],[-4.41621,36.71893],[-4.4162,36.71893],[-4.4162,36.71892],[-4.4162,36.71891],[-4.41619,36.7189],[-4.41618,36.7189],[-4.41616,36.7189],[-4.41615,36.7189],[-4.41614,36.71891],[-4.41613,36.71892],[-4.41614,36.71893],[-4.41614,36.71894],[-4.41614,36.71895],[-4.41614,36.71896],[-4.41615,36.71897],[-4.41616,36.71898],[-4.41618,36.71898],[-4.41619,36.71898]]]}},{"type":"Feature","properties":{"name":"","kind":"park","road":"","osm":664874881},"geometry":{"type":"Polygon","coordinates":[[[-4.41612,36.71887],[-4.4157,36.71898],[-4.4157,36.71901],[-4.41571,36.71904],[-4.41573,36.71903],[-4.41577,36.71903],[-4.41582,36.71903],[-4.41585,36.71904],[-4.41587,36.71906],[-4.41589,36.71907],[-4.41591,36.71907],[-4.41593,36.71905],[-4.41596,36.71902],[-4.416,36.719],[-4.41604,36.71898],[-4.41607,36.71897],[-4.41608,36.71896],[-4.41609,36.71894],[-4.4161,36.71892],[-4.41611,36.7189],[-4.41612,36.71888],[-4.41612,36.71887]]]}},{"type":"Feature","properties":{"name":"","kind":"park","road":"","osm":664874882},"geometry":{"type":"Polygon","coordinates":[[[-4.41642,36.7189],[-4.41644,36.71889],[-4.41644,36.71887],[-4.41643,36.71885],[-4.41641,36.71882],[-4.4164,36.7188],[-4.41636,36.7188],[-4.41617,36.71885],[-4.41618,36.71887],[-4.41621,36.71888],[-4.41624,36.7189],[-4.41626,36.71891],[-4.41628,36.71891],[-4.41632,36.7189],[-4.41637,36.7189],[-4.4164,36.7189],[-4.41642,36.7189]]]}},{"type":"Feature","properties":{"name":"","kind":"park","road":"","osm":664874884},"geometry":{"type":"Polygon","coordinates":[[[-4.41687,36.7188],[-4.4169,36.7188],[-4.41692,36.71881],[-4.41693,36.71883],[-4.41693,36.71885],[-4.41692,36.71887],[-4.4169,36.71888],[-4.41688,36.71888],[-4.41686,36.71888],[-4.41684,36.71887],[-4.41683,36.71885],[-4.41682,36.71883],[-4.41683,36.71882],[-4.41685,36.7188],[-4.41687,36.7188]]]}},{"type":"Feature","properties":{"name":"","kind":"park","road":"","osm":664874885},"geometry":{"type":"Polygon","coordinates":[[[-4.41682,36.71877],[-4.41683,36.71876],[-4.4168,36.7187],[-4.41679,36.71868],[-4.41645,36.71878],[-4.41645,36.71882],[-4.41648,36.7189],[-4.4165,36.71891],[-4.41653,36.71892],[-4.41655,36.71892],[-4.41677,36.71886],[-4.41677,36.71885],[-4.41677,36.71883],[-4.41678,36.71881],[-4.41679,36.71879],[-4.41681,36.71878],[-4.41682,36.71877]]]}},{"type":"Feature","properties":{"name":"","kind":"park","road":"","osm":664874886},"geometry":{"type":"Polygon","coordinates":[[[-4.41676,36.71889],[-4.41679,36.71888],[-4.41681,36.7189],[-4.41682,36.71891],[-4.41684,36.71892],[-4.41686,36.71892],[-4.41689,36.71892],[-4.41691,36.71898],[-4.41681,36.71901],[-4.41682,36.719],[-4.41683,36.71898],[-4.41683,36.71895],[-4.41683,36.71894],[-4.41682,36.71892],[-4.41681,36.71891],[-4.41679,36.7189],[-4.41677,36.7189],[-4.41676,36.71889]]]}},{"type":"Feature","properties":{"name":"","kind":"park","road":"","osm":664874887},"geometry":{"type":"Polygon","coordinates":[[[-4.4167,36.71891],[-4.41659,36.71894],[-4.41658,36.71895],[-4.41659,36.71896],[-4.41662,36.71898],[-4.41664,36.719],[-4.41666,36.71902],[-4.4167,36.71904],[-4.41672,36.71904],[-4.41674,36.71904],[-4.41675,36.71903],[-4.41672,36.71902],[-4.4167,36.71901],[-4.41668,36.71899],[-4.41667,36.71897],[-4.41667,36.71895],[-4.41668,36.71893],[-4.4167,36.71891]]]}},{"type":"Feature","properties":{"name":"","kind":"park","road":"","osm":664877325},"geometry":{"type":"Polygon","coordinates":[[[-4.41725,36.71857],[-4.4172,36.71858],[-4.41721,36.71861],[-4.41726,36.71859],[-4.41725,36.71857]]]}},{"type":"Feature","properties":{"name":"","kind":"park","road":"","osm":664877328},"geometry":{"type":"Polygon","coordinates":[[[-4.41625,36.71908],[-4.41626,36.71909],[-4.41626,36.7191],[-4.41626,36.71911],[-4.41625,36.71912],[-4.41624,36.71912],[-4.41622,36.71911],[-4.41622,36.71909],[-4.41623,36.71909],[-4.41625,36.71908]]]}},{"type":"Feature","properties":{"name":"","kind":"park","road":"","osm":664877329},"geometry":{"type":"Polygon","coordinates":[[[-4.41706,36.71894],[-4.41704,36.71894],[-4.41702,36.71892],[-4.417,36.71891],[-4.41699,36.71889],[-4.41699,36.71887],[-4.417,36.71885],[-4.41701,36.71883],[-4.41702,36.71883],[-4.41701,36.71882],[-4.41698,36.71883],[-4.41698,36.71884],[-4.41698,36.71886],[-4.41697,36.71888],[-4.41696,36.7189],[-4.41694,36.71891],[-4.41693,36.71891],[-4.41695,36.71897],[-4.41698,36.71897],[-4.41705,36.71895],[-4.41706,36.71894]]]}},{"type":"Feature","properties":{"name":"","kind":"park","road":"","osm":664877330},"geometry":{"type":"Polygon","coordinates":[[[-4.41712,36.71892],[-4.41718,36.71891],[-4.41719,36.71886],[-4.4172,36.71882],[-4.41721,36.71878],[-4.41721,36.71877],[-4.41707,36.7188],[-4.41707,36.71881],[-4.4171,36.71881],[-4.41712,36.71882],[-4.41714,36.71884],[-4.41715,36.71886],[-4.41715,36.71888],[-4.41714,36.7189],[-4.41712,36.71892]]]}},{"type":"Feature","properties":{"name":"","kind":"park","road":"","osm":664877331},"geometry":{"type":"Polygon","coordinates":[[[-4.41718,36.71857],[-4.41684,36.71867],[-4.41684,36.71869],[-4.41686,36.71875],[-4.41687,36.71876],[-4.4169,36.71876],[-4.41692,36.71876],[-4.41695,36.71877],[-4.41696,36.71878],[-4.41697,36.71879],[-4.41698,36.7188],[-4.41719,36.71874],[-4.4172,36.71873],[-4.41721,36.7187],[-4.41721,36.71868],[-4.4172,36.71866],[-4.41721,36.71865],[-4.4172,36.71863],[-4.41718,36.71857]]]}},{"type":"Feature","properties":{"name":"","kind":"park","road":"","osm":664877332},"geometry":{"type":"Polygon","coordinates":[[[-4.41754,36.71881],[-4.41754,36.7188],[-4.41755,36.71878],[-4.41755,36.71876],[-4.41755,36.71874],[-4.41754,36.71872],[-4.41754,36.71871],[-4.41756,36.71871],[-4.41757,36.71871],[-4.41758,36.71873],[-4.4176,36.71874],[-4.41762,36.71876],[-4.41764,36.71876],[-4.41765,36.71877],[-4.41764,36.71878],[-4.41754,36.71881]]]}},{"type":"Feature","properties":{"name":"","kind":"park","road":"","osm":664877333},"geometry":{"type":"Polygon","coordinates":[[[-4.41738,36.71885],[-4.41739,36.71885],[-4.41738,36.71884],[-4.41736,36.71883],[-4.41734,36.71881],[-4.41732,36.71878],[-4.41732,36.71876],[-4.41731,36.71876],[-4.41729,36.71876],[-4.41728,36.71877],[-4.41729,36.71882],[-4.41729,36.71884],[-4.41728,36.71888],[-4.41729,36.71888],[-4.41738,36.71885]]]}},{"type":"Feature","properties":{"name":"","kind":"park","road":"","osm":664877337},"geometry":{"type":"Polygon","coordinates":[[[-4.41725,36.71855],[-4.41728,36.7186],[-4.41726,36.71861],[-4.41725,36.71862],[-4.41725,36.71864],[-4.41727,36.71868],[-4.41727,36.7187],[-4.41734,36.71873],[-4.41736,36.71871],[-4.41738,36.71869],[-4.41741,36.71868],[-4.41745,36.71868],[-4.41748,36.71869],[-4.41749,36.71869],[-4.4175,36.71865],[-4.41752,36.71859],[-4.41755,36.71854],[-4.41757,36.71851],[-4.4176,36.71847],[-4.4176,36.71845],[-4.41725,36.71855]]]}},{"type":"Feature","properties":{"name":"","kind":"park","road":"","osm":664877338},"geometry":{"type":"Polygon","coordinates":[[[-4.4178,36.71866],[-4.41778,36.71867],[-4.41775,36.71867],[-4.41772,36.71867],[-4.4177,36.71866],[-4.41768,36.71865],[-4.41766,36.71864],[-4.41764,36.71865],[-4.41761,36.71865],[-4.4176,36.71866],[-4.41758,36.71865],[-4.41757,36.71863],[-4.41757,36.71859],[-4.41758,36.71856],[-4.41759,36.71854],[-4.41762,36.71851],[-4.41764,36.71848],[-4.41765,36.71846],[-4.41766,36.71844],[-4.41779,36.7184],[-4.41781,36.71846],[-4.41779,36.71849],[-4.41779,36.71852],[-4.41782,36.71854],[-4.41784,36.71856],[-4.41785,36.7186],[-4.41784,36.71863],[-4.4178,36.71866]]]}},{"type":"Feature","properties":{"name":"","kind":"park","road":"","osm":664877341},"geometry":{"type":"Polygon","coordinates":[[[-4.41708,36.71896],[-4.41699,36.71899],[-4.41699,36.71901],[-4.41708,36.71898],[-4.41708,36.71896]]]}},{"type":"Feature","properties":{"name":"","kind":"park","road":"","osm":664877342},"geometry":{"type":"Polygon","coordinates":[[[-4.41718,36.71894],[-4.41709,36.71896],[-4.4171,36.71898],[-4.41718,36.71895],[-4.41718,36.71894]]]}},{"type":"Feature","properties":{"name":"","kind":"park","road":"","osm":664877343},"geometry":{"type":"Polygon","coordinates":[[[-4.41728,36.71891],[-4.41719,36.71893],[-4.4172,36.71895],[-4.41729,36.71893],[-4.41728,36.71891]]]}},{"type":"Feature","properties":{"name":"","kind":"park","road":"","osm":664877344},"geometry":{"type":"Polygon","coordinates":[[[-4.41745,36.71886],[-4.4173,36.7189],[-4.4173,36.71892],[-4.41745,36.71888],[-4.41745,36.71886]]]}},{"type":"Feature","properties":{"name":"","kind":"park","road":"","osm":664877345},"geometry":{"type":"Polygon","coordinates":[[[-4.41759,36.71882],[-4.41751,36.71884],[-4.41752,36.71886],[-4.4176,36.71884],[-4.41759,36.71882]]]}},{"type":"Feature","properties":{"name":"","kind":"park","road":"","osm":664877346},"geometry":{"type":"Polygon","coordinates":[[[-4.41791,36.71873],[-4.41761,36.71881],[-4.41762,36.71883],[-4.41792,36.71875],[-4.41791,36.71873]]]}},{"type":"Feature","properties":{"name":"","kind":"park","road":"","osm":664879682},"geometry":{"type":"Polygon","coordinates":[[[-4.4152,36.71951],[-4.41519,36.7195],[-4.41538,36.71944],[-4.41539,36.71946],[-4.4152,36.71951]]]}},{"type":"Feature","properties":{"name":"","kind":"park","road":"","osm":664879683},"geometry":{"type":"Polygon","coordinates":[[[-4.41499,36.71957],[-4.41498,36.71956],[-4.41517,36.7195],[-4.41518,36.71952],[-4.41499,36.71957]]]}},{"type":"Feature","properties":{"name":"","kind":"park","road":"","osm":664879684},"geometry":{"type":"Polygon","coordinates":[[[-4.41497,36.71958],[-4.41496,36.71956],[-4.41486,36.71959],[-4.41487,36.71961],[-4.41497,36.71958]]]}},{"type":"Feature","properties":{"name":"","kind":"park","road":"","osm":664879685},"geometry":{"type":"Polygon","coordinates":[[[-4.41456,36.71969],[-4.41455,36.71967],[-4.41485,36.71959],[-4.41485,36.71961],[-4.41456,36.71969]]]}},{"type":"Feature","properties":{"name":"","kind":"park","road":"","osm":664879686},"geometry":{"type":"Polygon","coordinates":[[[-4.41434,36.71973],[-4.41454,36.71968],[-4.41454,36.71969],[-4.41435,36.71975],[-4.41434,36.71973]]]}},{"type":"Feature","properties":{"name":"","kind":"park","road":"","osm":664879687},"geometry":{"type":"Polygon","coordinates":[[[-4.41432,36.71974],[-4.41423,36.71976],[-4.41424,36.71978],[-4.41433,36.71976],[-4.41432,36.71974]]]}},{"type":"Feature","properties":{"name":"","kind":"park","road":"","osm":664879688},"geometry":{"type":"Polygon","coordinates":[[[-4.41422,36.71979],[-4.41422,36.71977],[-4.41402,36.71982],[-4.41403,36.71984],[-4.41422,36.71979]]]}},{"type":"Feature","properties":{"name":"","kind":"park","road":"","osm":664881920},"geometry":{"type":"Polygon","coordinates":[[[-4.41459,36.71947],[-4.41465,36.71946],[-4.41465,36.71945],[-4.41465,36.71942],[-4.41466,36.7194],[-4.41465,36.71939],[-4.41465,36.71936],[-4.41462,36.71936],[-4.4146,36.71936],[-4.41458,36.71935],[-4.41455,36.71934],[-4.41452,36.71934],[-4.41451,36.71936],[-4.4145,36.71937],[-4.4145,36.71939],[-4.41451,36.71941],[-4.41453,36.71942],[-4.41455,36.71942],[-4.41457,36.71943],[-4.41458,36.71945],[-4.41459,36.71947]]]}},{"type":"Feature","properties":{"name":"","kind":"park","road":"","osm":664881921},"geometry":{"type":"Polygon","coordinates":[[[-4.41489,36.71952],[-4.41492,36.71952],[-4.41495,36.7195],[-4.41497,36.71949],[-4.41498,36.71948],[-4.41499,36.71946],[-4.41498,36.71945],[-4.41498,36.71944],[-4.41496,36.71944],[-4.41491,36.71942],[-4.41487,36.71942],[-4.41484,36.71943],[-4.41481,36.71944],[-4.41479,36.71945],[-4.41476,36.71947],[-4.41476,36.71949],[-4.41477,36.7195],[-4.41478,36.71951],[-4.41483,36.71952],[-4.41485,36.71953],[-4.41489,36.71952]]]}},{"type":"Feature","properties":{"name":"","kind":"park","road":"","osm":664881922},"geometry":{"type":"Polygon","coordinates":[[[-4.41478,36.71943],[-4.41478,36.71942],[-4.41477,36.71942],[-4.41474,36.71941],[-4.41473,36.71941],[-4.41472,36.71941],[-4.41471,36.71941],[-4.4147,36.71941],[-4.41469,36.71942],[-4.4147,36.71944],[-4.41471,36.71946],[-4.41472,36.71947],[-4.41473,36.71947],[-4.41476,36.71944],[-4.41477,36.71943],[-4.41478,36.71943]]]}},{"type":"Feature","properties":{"name":"","kind":"park","road":"","osm":664881923},"geometry":{"type":"Polygon","coordinates":[[[-4.41482,36.71939],[-4.41485,36.71938],[-4.41488,36.71936],[-4.4149,36.71934],[-4.41492,36.71931],[-4.41492,36.7193],[-4.41491,36.71929],[-4.4149,36.71928],[-4.41488,36.71928],[-4.41485,36.71926],[-4.41484,36.71924],[-4.41482,36.71923],[-4.41476,36.71924],[-4.41476,36.71927],[-4.41474,36.71929],[-4.41472,36.71932],[-4.4147,36.71935],[-4.4147,36.71937],[-4.41471,36.71938],[-4.41474,36.71939],[-4.41477,36.71939],[-4.41482,36.71939]]]}},{"type":"Feature","properties":{"name":"","kind":"park","road":"","osm":664881924},"geometry":{"type":"Polygon","coordinates":[[[-4.41501,36.71942],[-4.41502,36.7194],[-4.41501,36.71938],[-4.415,36.71935],[-4.41498,36.71933],[-4.41497,36.71932],[-4.41496,36.71932],[-4.41494,36.71932],[-4.41494,36.71933],[-4.41493,36.71934],[-4.41492,36.71936],[-4.41491,36.71937],[-4.41489,36.71938],[-4.41488,36.71939],[-4.41488,36.7194],[-4.4149,36.7194],[-4.41491,36.7194],[-4.41493,36.7194],[-4.41495,36.7194],[-4.41497,36.71941],[-4.41498,36.71942],[-4.41499,36.71942],[-4.415,36.71942],[-4.41501,36.71942]]]}},{"type":"Feature","properties":{"name":"","kind":"park","road":"","osm":664881926},"geometry":{"type":"Polygon","coordinates":[[[-4.41529,36.71945],[-4.41531,36.71944],[-4.41532,36.71942],[-4.41532,36.71941],[-4.41531,36.7194],[-4.41529,36.7194],[-4.41528,36.71941],[-4.41526,36.71942],[-4.41523,36.71942],[-4.4152,36.71943],[-4.41517,36.71942],[-4.41514,36.71941],[-4.41511,36.71939],[-4.41509,36.71938],[-4.41506,36.71938],[-4.41505,36.71939],[-4.41504,36.7194],[-4.41503,36.71944],[-4.41502,36.71947],[-4.415,36.7195],[-4.41499,36.71951],[-4.41499,36.71952],[-4.415,36.71953],[-4.41529,36.71945]]]}},{"type":"Feature","properties":{"name":"","kind":"park","road":"","osm":664881927},"geometry":{"type":"Polygon","coordinates":[[[-4.41527,36.7191],[-4.41521,36.71912],[-4.4152,36.71911],[-4.41489,36.7192],[-4.41488,36.71921],[-4.41488,36.71923],[-4.41489,36.71925],[-4.41492,36.71926],[-4.41495,36.71927],[-4.41497,36.71929],[-4.41499,36.7193],[-4.41501,36.71932],[-4.41503,36.71932],[-4.41504,36.71931],[-4.41505,36.71928],[-4.41506,36.71925],[-4.41508,36.71923],[-4.41511,36.71921],[-4.41514,36.7192],[-4.41517,36.71919],[-4.41519,36.71919],[-4.41524,36.71919],[-4.41528,36.7192],[-4.4153,36.71919],[-4.41531,36.71918],[-4.41528,36.71912],[-4.41527,36.7191]]]}},{"type":"Feature","properties":{"name":"","kind":"park","road":"","osm":664881928},"geometry":{"type":"Polygon","coordinates":[[[-4.41524,36.71939],[-4.41524,36.71923],[-4.41517,36.71923],[-4.41514,36.71924],[-4.4151,36.71926],[-4.41509,36.71928],[-4.41509,36.71929],[-4.4151,36.7193],[-4.41512,36.71931],[-4.41513,36.71933],[-4.41513,36.71935],[-4.41512,36.71938],[-4.41515,36.71939],[-4.41518,36.7194],[-4.41521,36.7194],[-4.41524,36.71939]]]}},{"type":"Feature","properties":{"name":"","kind":"park","road":"","osm":664881929},"geometry":{"type":"Polygon","coordinates":[[[-4.41483,36.71957],[-4.41484,36.71957],[-4.41484,36.71956],[-4.41483,36.71955],[-4.41481,36.71954],[-4.41478,36.71954],[-4.41475,36.71953],[-4.41472,36.71952],[-4.41469,36.7195],[-4.41468,36.71948],[-4.41467,36.71948],[-4.41466,36.71947],[-4.41459,36.71949],[-4.41459,36.71951],[-4.41458,36.71953],[-4.41456,36.71956],[-4.41453,36.71958],[-4.4145,36.7196],[-4.41452,36.71962],[-4.41455,36.71964],[-4.41457,36.71964],[-4.41459,36.71964],[-4.41472,36.71961],[-4.41482,36.71958],[-4.41483,36.71957]]]}},{"type":"Feature","properties":{"name":"","kind":"park","road":"","osm":664881930},"geometry":{"type":"Polygon","coordinates":[[[-4.41405,36.71942],[-4.41404,36.71943],[-4.41404,36.71944],[-4.41399,36.71945],[-4.41399,36.71948],[-4.41399,36.7195],[-4.41399,36.71953],[-4.41397,36.71953],[-4.41393,36.71955],[-4.41389,36.71958],[-4.41387,36.71961],[-4.41385,36.71963],[-4.41384,36.71966],[-4.41384,36.71968],[-4.41385,36.7197],[-4.41387,36.71972],[-4.41391,36.71973],[-4.41397,36.71974],[-4.41403,36.71975],[-4.41408,36.71974],[-4.41414,36.71974],[-4.41421,36.71972],[-4.4143,36.7197],[-4.41441,36.71966],[-4.41444,36.71964],[-4.41445,36.71962],[-4.41444,36.71961],[-4.41439,36.7196],[-4.41435,36.71959],[-4.41432,36.71958],[-4.41429,36.71955],[-4.41427,36.71953],[-4.41426,36.71951],[-4.41426,36.71949],[-4.41423,36.71948],[-4.41421,36.71949],[-4.4142,36.71949],[-4.41415,36.71947],[-4.4141,36.71945],[-4.41405,36.71942]]]}},{"type":"Feature","properties":{"name":"","kind":"water","road":"","osm":664882453},"geometry":{"type":"Polygon","coordinates":[[[-4.41428,36.71939],[-4.41427,36.71941],[-4.41423,36.71946],[-4.4142,36.71947],[-4.41414,36.71945],[-4.41408,36.71942],[-4.41474,36.71925],[-4.41472,36.7193],[-4.41469,36.71933],[-4.41466,36.71935],[-4.41463,36.71935],[-4.41461,36.71934],[-4.41456,36.71932],[-4.41452,36.71932],[-4.41449,36.71934],[-4.41438,36.71936],[-4.41442,36.71945],[-4.41441,36.71945],[-4.41438,36.71937],[-4.41431,36.71938],[-4.41428,36.71939]]]}},{"type":"Feature","properties":{"name":"Paseo Matías Prats","kind":"road","road":"pedestrian","osm":665276667},"geometry":{"type":"LineString","coordinates":[[-4.41435,36.7134],[-4.41426,36.71354],[-4.41424,36.71369]]}},{"type":"Feature","properties":{"name":"","kind":"park","road":"","osm":665276686},"geometry":{"type":"Polygon","coordinates":[[[-4.41237,36.71573],[-4.41228,36.71567],[-4.4123,36.71565],[-4.41234,36.71569],[-4.41237,36.71573]]]}},{"type":"Feature","properties":{"name":"","kind":"park","road":"","osm":665319157},"geometry":{"type":"Polygon","coordinates":[[[-4.41092,36.71709],[-4.4109,36.71708],[-4.41086,36.71711],[-4.41084,36.71713],[-4.41039,36.71752],[-4.41041,36.71754],[-4.41092,36.71709]]]}},{"type":"Feature","properties":{"name":"","kind":"park","road":"","osm":665319158},"geometry":{"type":"Polygon","coordinates":[[[-4.41096,36.71706],[-4.41094,36.71705],[-4.41134,36.71669],[-4.41137,36.71671],[-4.41096,36.71706]]]}},{"type":"Feature","properties":{"name":"","kind":"park","road":"","osm":665319164},"geometry":{"type":"Polygon","coordinates":[[[-4.41066,36.71755],[-4.41063,36.71753],[-4.41074,36.71743],[-4.41077,36.71745],[-4.41066,36.71755]]]}},{"type":"Feature","properties":{"name":"","kind":"park","road":"","osm":665319165},"geometry":{"type":"Polygon","coordinates":[[[-4.41053,36.71766],[-4.4105,36.71764],[-4.41057,36.71758],[-4.4106,36.7176],[-4.41053,36.71766]]]}},{"type":"Feature","properties":{"name":"","kind":"park","road":"","osm":665319166},"geometry":{"type":"Polygon","coordinates":[[[-4.41044,36.71774],[-4.41041,36.71772],[-4.41048,36.71766],[-4.4105,36.71768],[-4.41044,36.71774]]]}},{"type":"Feature","properties":{"name":"","kind":"park","road":"","osm":665319168},"geometry":{"type":"Polygon","coordinates":[[[-4.41008,36.71814],[-4.4101,36.71812],[-4.41014,36.71815],[-4.41012,36.71817],[-4.41008,36.71814]]]}},{"type":"Feature","properties":{"name":"","kind":"park","road":"","osm":665522064},"geometry":{"type":"Polygon","coordinates":[[[-4.41271,36.72134],[-4.41267,36.72139],[-4.41265,36.72141],[-4.41268,36.72142],[-4.4127,36.72142],[-4.41273,36.7214],[-4.41276,36.72138],[-4.41271,36.72134]]]}},{"type":"Feature","properties":{"name":"Jardines de Puerta Oscura","kind":"park","road":"","osm":665554340},"geometry":{"type":"Polygon","coordinates":[[[-4.41326,36.72138],[-4.41332,36.7214],[-4.41336,36.7214],[-4.41354,36.7214],[-4.41359,36.7214],[-4.41362,36.7214],[-4.41384,36.72141],[-4.41406,36.7214],[-4.41419,36.7214],[-4.41449,36.72139],[-4.41454,36.72138],[-4.41455,36.72138],[-4.41463,36.72138],[-4.41466,36.72137],[-4.41469,36.72135],[-4.4147,36.72132],[-4.41472,36.72128],[-4.41474,36.72121],[-4.41476,36.72119],[-4.41477,36.72118],[-4.41493,36.72112],[-4.41506,36.72106],[-4.41521,36.721],[-4.41566,36.72074],[-4.41596,36.72058],[-4.41602,36.72055],[-4.41606,36.72053],[-4.41634,36.72039],[-4.41635,36.72033],[-4.41633,36.72032],[-4.41631,36.7203],[-4.41622,36.72035],[-4.41615,36.72039],[-4.41607,36.72042],[-4.4159,36.72048],[-4.4159,36.72047],[-4.41569,36.72052],[-4.41555,36.72056],[-4.41551,36.72057],[-4.41478,36.72077],[-4.41477,36.72077],[-4.41476,36.72078],[-4.41411,36.72095],[-4.41408,36.72096],[-4.41405,36.72097],[-4.41403,36.72098],[-4.41401,36.72098],[-4.4135,36.72113],[-4.41349,36.72113],[-4.41345,36.72116],[-4.41344,36.72119],[-4.41344,36.7212],[-4.41345,36.72121],[-4.41346,36.72123],[-4.41347,36.72125],[-4.41351,36.72126],[-4.41353,36.72127],[-4.4136,36.72126],[-4.41354,36.72128],[-4.41345,36.72132],[-4.41336,36.72136],[-4.41326,36.72138]]]}},{"type":"Feature","properties":{"name":"","kind":"water","road":"","osm":665555088},"geometry":{"type":"Polygon","coordinates":[[[-4.41377,36.72113],[-4.41377,36.72111],[-4.41354,36.72118],[-4.41355,36.72119],[-4.41377,36.72113]]]}},{"type":"Feature","properties":{"name":"","kind":"park","road":"","osm":665556101},"geometry":{"type":"Polygon","coordinates":[[[-4.41272,36.72133],[-4.41277,36.72137],[-4.41279,36.72134],[-4.41279,36.72129],[-4.41277,36.72128],[-4.41272,36.72133]]]}},{"type":"Feature","properties":{"name":"","kind":"park","road":"","osm":665568397},"geometry":{"type":"Polygon","coordinates":[[[-4.41325,36.72142],[-4.41314,36.72148],[-4.41279,36.72145],[-4.4128,36.7214],[-4.41325,36.72142]]]}},{"type":"Feature","properties":{"name":"","kind":"park","road":"","osm":665568399},"geometry":{"type":"Polygon","coordinates":[[[-4.41353,36.72143],[-4.41334,36.72142],[-4.41315,36.72151],[-4.41342,36.7215],[-4.41353,36.72143]]]}},{"type":"Feature","properties":{"name":"","kind":"park","road":"","osm":665568402},"geometry":{"type":"Polygon","coordinates":[[[-4.41379,36.72143],[-4.41362,36.72143],[-4.41346,36.72151],[-4.41345,36.72153],[-4.41341,36.72153],[-4.41341,36.72154],[-4.41359,36.72153],[-4.41379,36.72143]]]}},{"type":"Feature","properties":{"name":"","kind":"park","road":"","osm":665568403},"geometry":{"type":"Polygon","coordinates":[[[-4.41415,36.72143],[-4.41387,36.72143],[-4.41369,36.72152],[-4.41366,36.72153],[-4.41366,36.72154],[-4.41393,36.72153],[-4.41415,36.72143]]]}},{"type":"Feature","properties":{"name":"","kind":"park","road":"","osm":665568406},"geometry":{"type":"Polygon","coordinates":[[[-4.41422,36.72143],[-4.414,36.72154],[-4.41405,36.72155],[-4.41422,36.72143]]]}},{"type":"Feature","properties":{"name":"","kind":"park","road":"","osm":665568408},"geometry":{"type":"Polygon","coordinates":[[[-4.41467,36.72158],[-4.41444,36.72156],[-4.41444,36.72157],[-4.4143,36.72156],[-4.4143,36.72159],[-4.41367,36.72165],[-4.41367,36.72164],[-4.41385,36.72161],[-4.41405,36.72159],[-4.41406,36.72157],[-4.41428,36.72143],[-4.41445,36.72143],[-4.41445,36.72146],[-4.4146,36.72154],[-4.41467,36.72157],[-4.41467,36.72158]]]}},{"type":"Feature","properties":{"name":"","kind":"park","road":"","osm":665568411},"geometry":{"type":"Polygon","coordinates":[[[-4.4147,36.72154],[-4.41469,36.72156],[-4.41462,36.72152],[-4.41447,36.72144],[-4.41456,36.72144],[-4.41464,36.72143],[-4.41466,36.72149],[-4.4147,36.72154]]]}},{"type":"Feature","properties":{"name":"","kind":"park","road":"","osm":665650324},"geometry":{"type":"Polygon","coordinates":[[[-4.41002,36.71769],[-4.41001,36.71768],[-4.40999,36.71769],[-4.41,36.7177],[-4.41002,36.71769]]]}},{"type":"Feature","properties":{"name":"Calle Magallanes","kind":"road","road":"pedestrian","osm":665664506},"geometry":{"type":"LineString","coordinates":[[-4.41215,36.71696],[-4.41171,36.71665]]}},{"type":"Feature","properties":{"name":"","kind":"park","road":"","osm":665664509},"geometry":{"type":"Polygon","coordinates":[[[-4.41216,36.71625],[-4.41212,36.71622],[-4.41217,36.71618],[-4.4122,36.7162],[-4.41216,36.71625]]]}},{"type":"Feature","properties":{"name":"","kind":"park","road":"","osm":665664511},"geometry":{"type":"Polygon","coordinates":[[[-4.41207,36.71632],[-4.41204,36.7163],[-4.41207,36.71627],[-4.4121,36.71629],[-4.41207,36.71632]]]}},{"type":"Feature","properties":{"name":"","kind":"park","road":"","osm":665664512},"geometry":{"type":"Polygon","coordinates":[[[-4.41189,36.71648],[-4.41186,36.71646],[-4.41199,36.71635],[-4.41201,36.71637],[-4.41189,36.71648]]]}},{"type":"Feature","properties":{"name":"","kind":"park","road":"","osm":665664514},"geometry":{"type":"Polygon","coordinates":[[[-4.41175,36.7166],[-4.41173,36.71658],[-4.41182,36.71649],[-4.41185,36.71652],[-4.41175,36.7166]]]}},{"type":"Feature","properties":{"name":"","kind":"park","road":"","osm":665664515},"geometry":{"type":"Polygon","coordinates":[[[-4.41167,36.71667],[-4.41165,36.71665],[-4.4117,36.7166],[-4.41173,36.71662],[-4.41167,36.71667]]]}},{"type":"Feature","properties":{"name":"","kind":"park","road":"","osm":665664516},"geometry":{"type":"Polygon","coordinates":[[[-4.41231,36.71611],[-4.41228,36.71608],[-4.41223,36.71613],[-4.41226,36.71615],[-4.41231,36.71611]]]}},{"type":"Feature","properties":{"name":"","kind":"park","road":"","osm":665664517},"geometry":{"type":"Polygon","coordinates":[[[-4.41236,36.71606],[-4.41237,36.71605],[-4.41236,36.71604],[-4.41235,36.71604],[-4.41233,36.71604],[-4.41229,36.71607],[-4.41233,36.7161],[-4.41236,36.71606]]]}},{"type":"Feature","properties":{"name":"","kind":"park","road":"","osm":665664520},"geometry":{"type":"Polygon","coordinates":[[[-4.41246,36.71598],[-4.41243,36.71596],[-4.41239,36.71599],[-4.41239,36.716],[-4.41239,36.71601],[-4.41241,36.71602],[-4.41242,36.71601],[-4.41246,36.71598]]]}},{"type":"Feature","properties":{"name":"","kind":"park","road":"","osm":665664521},"geometry":{"type":"Polygon","coordinates":[[[-4.41247,36.71597],[-4.41244,36.71595],[-4.41249,36.71591],[-4.41252,36.71593],[-4.41247,36.71597]]]}},{"type":"Feature","properties":{"name":"","kind":"park","road":"","osm":665664522},"geometry":{"type":"Polygon","coordinates":[[[-4.41158,36.71675],[-4.41155,36.71673],[-4.41146,36.71681],[-4.41149,36.71682],[-4.41158,36.71675]]]}},{"type":"Feature","properties":{"name":"","kind":"park","road":"","osm":665664523},"geometry":{"type":"Polygon","coordinates":[[[-4.41165,36.71669],[-4.41162,36.71667],[-4.41157,36.71671],[-4.41159,36.71673],[-4.41165,36.71669]]]}},{"type":"Feature","properties":{"name":"","kind":"park","road":"","osm":665666493},"geometry":{"type":"Polygon","coordinates":[[[-4.41204,36.71703],[-4.41203,36.71702],[-4.41202,36.71702],[-4.41193,36.7171],[-4.41193,36.71711],[-4.41201,36.71712],[-4.41202,36.71711],[-4.41204,36.71703]]]}},{"type":"Feature","properties":{"name":"Plaza de la Malagueta","kind":"road","road":"primary","osm":665676423},"geometry":{"type":"LineString","coordinates":[[-4.41026,36.7185],[-4.41022,36.71847]]}},{"type":"Feature","properties":{"name":"Plaza de la Malagueta","kind":"road","road":"primary","osm":665676424},"geometry":{"type":"LineString","coordinates":[[-4.41022,36.71847],[-4.4102,36.71841],[-4.41014,36.71838],[-4.41,36.71831],[-4.40979,36.71825]]}},{"type":"Feature","properties":{"name":"","kind":"park","road":"","osm":665953565},"geometry":{"type":"Polygon","coordinates":[[[-4.41597,36.72226],[-4.41619,36.72235],[-4.41622,36.72237],[-4.41627,36.7224],[-4.4163,36.72243],[-4.41633,36.72246],[-4.41634,36.72248],[-4.41636,36.72252],[-4.41636,36.72255],[-4.41637,36.72258],[-4.41637,36.7226],[-4.41639,36.72261],[-4.41641,36.72263],[-4.41643,36.72265],[-4.41648,36.72267],[-4.41657,36.72272],[-4.41661,36.72275],[-4.4166,36.72277],[-4.41659,36.72278],[-4.41658,36.72279],[-4.4163,36.72266],[-4.41627,36.72264],[-4.41627,36.72263],[-4.41628,36.72261],[-4.4163,36.72262],[-4.41631,36.72258],[-4.41629,36.72258],[-4.41629,36.72256],[-4.41629,36.72253],[-4.41628,36.72251],[-4.41627,36.72249],[-4.41625,36.72247],[-4.41623,36.72245],[-4.41621,36.72243],[-4.41613,36.72239],[-4.41614,36.72237],[-4.41595,36.72228],[-4.41597,36.72226]]]}},{"type":"Feature","properties":{"name":"","kind":"park","road":"","osm":665953566},"geometry":{"type":"Polygon","coordinates":[[[-4.41595,36.72228],[-4.41592,36.72232],[-4.41597,36.72235],[-4.41594,36.72237],[-4.41591,36.7224],[-4.41606,36.7225],[-4.41609,36.72247],[-4.4162,36.72254],[-4.41617,36.72257],[-4.41625,36.72263],[-4.41627,36.72264],[-4.41627,36.72263],[-4.41628,36.72261],[-4.4163,36.72262],[-4.41631,36.72258],[-4.41629,36.72258],[-4.41629,36.72256],[-4.41629,36.72253],[-4.41628,36.72251],[-4.41627,36.72249],[-4.41625,36.72247],[-4.41623,36.72245],[-4.41621,36.72243],[-4.41613,36.72239],[-4.41614,36.72237],[-4.41595,36.72228]]]}},{"type":"Feature","properties":{"name":"","kind":"park","road":"","osm":666104673},"geometry":{"type":"Polygon","coordinates":[[[-4.41586,36.72087],[-4.41611,36.72077],[-4.41631,36.72072],[-4.4163,36.72076],[-4.41632,36.72081],[-4.41628,36.72085],[-4.41627,36.72086],[-4.41624,36.72083],[-4.41618,36.72088],[-4.4162,36.7209],[-4.41608,36.72092],[-4.41607,36.72089],[-4.41601,36.72091],[-4.41602,36.72094],[-4.41594,36.72096],[-4.41588,36.7209],[-4.41589,36.72089],[-4.41586,36.72087]]]}},{"type":"Feature","properties":{"name":"","kind":"park","road":"","osm":666104674},"geometry":{"type":"Polygon","coordinates":[[[-4.41584,36.72086],[-4.41579,36.72089],[-4.41574,36.72092],[-4.41566,36.72099],[-4.41572,36.72104],[-4.41574,36.72103],[-4.41577,36.72105],[-4.41573,36.72109],[-4.41571,36.72108],[-4.41569,36.72111],[-4.4157,36.72112],[-4.41565,36.72116],[-4.41562,36.72114],[-4.41559,36.72117],[-4.41562,36.72119],[-4.41555,36.72124],[-4.41554,36.72123],[-4.41551,36.72126],[-4.41553,36.72127],[-4.41547,36.72132],[-4.41544,36.72129],[-4.41541,36.72133],[-4.41544,36.72135],[-4.41535,36.72141],[-4.41531,36.72137],[-4.41526,36.72141],[-4.41529,36.72144],[-4.41521,36.7215],[-4.41518,36.72153],[-4.41506,36.72148],[-4.41523,36.72139],[-4.41535,36.72126],[-4.41532,36.72125],[-4.41538,36.7211],[-4.41563,36.72095],[-4.41584,36.72086]]]}},{"type":"Feature","properties":{"name":"","kind":"park","road":"","osm":666108425},"geometry":{"type":"Polygon","coordinates":[[[-4.41637,36.72044],[-4.4164,36.72042],[-4.41643,36.72038],[-4.41647,36.72037],[-4.4165,36.72038],[-4.41647,36.72041],[-4.41648,36.72042],[-4.41647,36.72042],[-4.41642,36.72046],[-4.41636,36.72049],[-4.41635,36.72047],[-4.41631,36.72049],[-4.41632,36.72051],[-4.41617,36.72059],[-4.41606,36.72065],[-4.41599,36.72068],[-4.41602,36.72071],[-4.41603,36.72073],[-4.416,36.72074],[-4.41588,36.7208],[-4.41586,36.72076],[-4.41579,36.72079],[-4.41582,36.72083],[-4.41573,36.72087],[-4.4157,36.72082],[-4.41562,36.72086],[-4.41566,36.7209],[-4.41557,36.72094],[-4.41558,36.72094],[-4.41557,36.72095],[-4.41554,36.72092],[-4.41548,36.72095],[-4.4155,36.72098],[-4.41543,36.72102],[-4.41541,36.72099],[-4.41536,36.72102],[-4.41538,36.72105],[-4.41531,36.72109],[-4.41531,36.7211],[-4.41525,36.72113],[-4.41525,36.72112],[-4.41516,36.72116],[-4.41513,36.72113],[-4.41508,36.72115],[-4.4151,36.72118],[-4.41497,36.72123],[-4.41494,36.72117],[-4.41525,36.72104],[-4.41613,36.72056],[-4.41624,36.7205],[-4.41637,36.72044]]]}},{"type":"Feature","properties":{"name":"","kind":"park","road":"","osm":666109192},"geometry":{"type":"Polygon","coordinates":[[[-4.41718,36.72099],[-4.41724,36.72081],[-4.41727,36.72066],[-4.41719,36.72062],[-4.41715,36.72059],[-4.41702,36.7207],[-4.417,36.72069],[-4.41697,36.72075],[-4.41691,36.72093],[-4.41686,36.72092],[-4.41684,36.72095],[-4.41697,36.72098],[-4.41699,36.72092],[-4.41699,36.7209],[-4.41707,36.72091],[-4.41705,36.72097],[-4.41718,36.72099]]]}},{"type":"Feature","properties":{"name":"","kind":"park","road":"","osm":666441075},"geometry":{"type":"Polygon","coordinates":[[[-4.40726,36.72065],[-4.40731,36.72062],[-4.40758,36.72057],[-4.40759,36.72057],[-4.40759,36.72059],[-4.40758,36.7206],[-4.40756,36.72061],[-4.40727,36.72067],[-4.40726,36.72065]]]}},{"type":"Feature","properties":{"name":"","kind":"park","road":"","osm":666441079},"geometry":{"type":"Polygon","coordinates":[[[-4.40816,36.72078],[-4.40812,36.72076],[-4.40809,36.72075],[-4.4078,36.72073],[-4.40776,36.72073],[-4.40772,36.72071],[-4.40769,36.72069],[-4.40766,36.72066],[-4.40765,36.72063],[-4.40763,36.72062],[-4.40762,36.72062],[-4.40728,36.72069],[-4.40733,36.7208],[-4.40735,36.72084],[-4.40738,36.72086],[-4.40751,36.72085],[-4.40774,36.72083],[-4.40816,36.72081],[-4.40816,36.72078]]]}},{"type":"Feature","properties":{"name":"","kind":"park","road":"","osm":666441080},"geometry":{"type":"Polygon","coordinates":[[[-4.40813,36.72045],[-4.40779,36.72052],[-4.40776,36.72054],[-4.40774,36.72056],[-4.40774,36.72063],[-4.40774,36.72065],[-4.40779,36.72069],[-4.40803,36.7207],[-4.40809,36.72071],[-4.40814,36.72072],[-4.40819,36.72075],[-4.40821,36.72073],[-4.40823,36.72073],[-4.40823,36.72072],[-4.40813,36.72045]]]}},{"type":"Feature","properties":{"name":"","kind":"park","road":"","osm":666470902},"geometry":{"type":"Polygon","coordinates":[[[-4.40688,36.72104],[-4.40684,36.72105],[-4.40684,36.72103],[-4.40687,36.72102],[-4.40688,36.72104]]]}},{"type":"Feature","properties":{"name":"","kind":"park","road":"","osm":666470903},"geometry":{"type":"Polygon","coordinates":[[[-4.40673,36.72107],[-4.4067,36.72108],[-4.40669,36.72106],[-4.40673,36.72105],[-4.40673,36.72107]]]}},{"type":"Feature","properties":{"name":"","kind":"park","road":"","osm":666470904},"geometry":{"type":"Polygon","coordinates":[[[-4.40658,36.7211],[-4.40655,36.72111],[-4.40655,36.72109],[-4.40658,36.72109],[-4.40658,36.7211]]]}},{"type":"Feature","properties":{"name":"","kind":"park","road":"","osm":666470905},"geometry":{"type":"Polygon","coordinates":[[[-4.40644,36.72113],[-4.4064,36.72114],[-4.4064,36.72112],[-4.40643,36.72112],[-4.40644,36.72113]]]}},{"type":"Feature","properties":{"name":"","kind":"park","road":"","osm":666470906},"geometry":{"type":"Polygon","coordinates":[[[-4.40629,36.72116],[-4.40626,36.72117],[-4.40625,36.72115],[-4.40629,36.72115],[-4.40629,36.72116]]]}},{"type":"Feature","properties":{"name":"","kind":"park","road":"","osm":666470907},"geometry":{"type":"Polygon","coordinates":[[[-4.40615,36.72119],[-4.40611,36.7212],[-4.40611,36.72118],[-4.40614,36.72118],[-4.40615,36.72119]]]}},{"type":"Feature","properties":{"name":"","kind":"park","road":"","osm":666470908},"geometry":{"type":"Polygon","coordinates":[[[-4.406,36.72122],[-4.40597,36.72123],[-4.40596,36.72121],[-4.40599,36.72121],[-4.406,36.72122]]]}},{"type":"Feature","properties":{"name":"","kind":"park","road":"","osm":666470909},"geometry":{"type":"Polygon","coordinates":[[[-4.40679,36.72106],[-4.40678,36.72106],[-4.40678,36.72104],[-4.40679,36.72106]]]}},{"type":"Feature","properties":{"name":"","kind":"park","road":"","osm":666470910},"geometry":{"type":"Polygon","coordinates":[[[-4.40664,36.72109],[-4.40663,36.72107],[-4.40664,36.72107],[-4.40664,36.72109]]]}},{"type":"Feature","properties":{"name":"","kind":"park","road":"","osm":666470911},"geometry":{"type":"Polygon","coordinates":[[[-4.4065,36.72112],[-4.40649,36.72112],[-4.40648,36.7211],[-4.40649,36.7211],[-4.4065,36.72112]]]}},{"type":"Feature","properties":{"name":"","kind":"park","road":"","osm":666470912},"geometry":{"type":"Polygon","coordinates":[[[-4.40635,36.72115],[-4.40634,36.72113],[-4.40635,36.72113],[-4.40635,36.72115]]]}},{"type":"Feature","properties":{"name":"","kind":"park","road":"","osm":666470913},"geometry":{"type":"Polygon","coordinates":[[[-4.40621,36.72118],[-4.4062,36.72118],[-4.40619,36.72117],[-4.4062,36.72116],[-4.40621,36.72118]]]}},{"type":"Feature","properties":{"name":"","kind":"park","road":"","osm":666470914},"geometry":{"type":"Polygon","coordinates":[[[-4.40606,36.72121],[-4.40605,36.72121],[-4.40605,36.7212],[-4.40605,36.72119],[-4.40606,36.72121]]]}},{"type":"Feature","properties":{"name":"","kind":"park","road":"","osm":666470915},"geometry":{"type":"Polygon","coordinates":[[[-4.40591,36.72124],[-4.4059,36.72123],[-4.40591,36.72122],[-4.40591,36.72124]]]}},{"type":"Feature","properties":{"name":"","kind":"park","road":"","osm":666470916},"geometry":{"type":"Polygon","coordinates":[[[-4.40585,36.72125],[-4.40582,36.72126],[-4.40582,36.72124],[-4.40585,36.72124],[-4.40585,36.72125]]]}},{"type":"Feature","properties":{"name":"","kind":"park","road":"","osm":666470917},"geometry":{"type":"Polygon","coordinates":[[[-4.40577,36.72127],[-4.40576,36.72127],[-4.40575,36.72126],[-4.40576,36.72125],[-4.40577,36.72127]]]}},{"type":"Feature","properties":{"name":"","kind":"park","road":"","osm":666470918},"geometry":{"type":"Polygon","coordinates":[[[-4.4057,36.72128],[-4.40564,36.72129],[-4.40565,36.7213],[-4.40571,36.72128],[-4.4057,36.72128]]]}},{"type":"Feature","properties":{"name":"","kind":"park","road":"","osm":666915695},"geometry":{"type":"Polygon","coordinates":[[[-4.40297,36.72144],[-4.40297,36.72148],[-4.40286,36.72148],[-4.40286,36.72143],[-4.40297,36.72144]]]}},{"type":"Feature","properties":{"name":"","kind":"park","road":"","osm":666915697},"geometry":{"type":"Polygon","coordinates":[[[-4.4031,36.72148],[-4.40309,36.72144],[-4.403,36.72144],[-4.403,36.72148],[-4.4031,36.72148]]]}},{"type":"Feature","properties":{"name":"","kind":"park","road":"","osm":666915698},"geometry":{"type":"Polygon","coordinates":[[[-4.40316,36.72145],[-4.40312,36.72145],[-4.40313,36.72148],[-4.40316,36.72148],[-4.40316,36.72145]]]}},{"type":"Feature","properties":{"name":"","kind":"park","road":"","osm":666915707},"geometry":{"type":"Polygon","coordinates":[[[-4.40211,36.72107],[-4.40208,36.72107],[-4.40206,36.72104],[-4.40209,36.72102],[-4.40211,36.72107]]]}},{"type":"Feature","properties":{"name":"","kind":"park","road":"","osm":666915708},"geometry":{"type":"Polygon","coordinates":[[[-4.40219,36.72122],[-4.40216,36.72122],[-4.40214,36.7212],[-4.40217,36.72118],[-4.40219,36.72122]]]}},{"type":"Feature","properties":{"name":"","kind":"park","road":"","osm":666915744},"geometry":{"type":"Polygon","coordinates":[[[-4.40487,36.72054],[-4.40486,36.72053],[-4.40486,36.72055],[-4.40487,36.72054]]]}},{"type":"Feature","properties":{"name":"","kind":"park","road":"","osm":666915745},"geometry":{"type":"Polygon","coordinates":[[[-4.40493,36.72053],[-4.40492,36.72053],[-4.40493,36.72051],[-4.40493,36.72053]]]}},{"type":"Feature","properties":{"name":"","kind":"park","road":"","osm":666915746},"geometry":{"type":"Polygon","coordinates":[[[-4.40505,36.72052],[-4.405,36.72053],[-4.40499,36.7205],[-4.405,36.72049],[-4.405,36.72048],[-4.40504,36.72047],[-4.40506,36.7205],[-4.40504,36.72051],[-4.40505,36.72052]]]}},{"type":"Feature","properties":{"name":"","kind":"park","road":"","osm":666915747},"geometry":{"type":"Polygon","coordinates":[[[-4.40509,36.72063],[-4.40507,36.72062],[-4.40507,36.72063],[-4.40509,36.72063]]]}},{"type":"Feature","properties":{"name":"","kind":"park","road":"","osm":666915748},"geometry":{"type":"Polygon","coordinates":[[[-4.405,36.72059],[-4.40494,36.72056],[-4.4049,36.72058],[-4.40493,36.72065],[-4.40502,36.72063],[-4.405,36.72059]]]}},{"type":"Feature","properties":{"name":"","kind":"park","road":"","osm":667004807},"geometry":{"type":"Polygon","coordinates":[[[-4.4171,36.7217],[-4.41692,36.72169],[-4.41688,36.72168],[-4.41688,36.7217],[-4.41709,36.72173],[-4.4171,36.7217]]]}},{"type":"Feature","properties":{"name":"","kind":"water","road":"","osm":667158728},"geometry":{"type":"Polygon","coordinates":[[[-4.40489,36.71961],[-4.40493,36.71979],[-4.40492,36.7198],[-4.40491,36.7198],[-4.40489,36.7198],[-4.40488,36.7198],[-4.40485,36.71961],[-4.40487,36.71961],[-4.40489,36.71961]]]}},{"type":"Feature","properties":{"name":"","kind":"water","road":"","osm":667158807},"geometry":{"type":"Polygon","coordinates":[[[-4.39996,36.7212],[-4.39994,36.72121],[-4.39993,36.72121],[-4.39991,36.72119],[-4.39983,36.72101],[-4.39985,36.721],[-4.39987,36.721],[-4.39996,36.72118],[-4.39996,36.7212]]]}},{"type":"Feature","properties":{"name":"Fuente del Hotel Barceló Málaga","kind":"water","road":"","osm":668782041},"geometry":{"type":"Polygon","coordinates":[[[-4.43186,36.71096],[-4.43191,36.71094],[-4.43188,36.7109],[-4.43183,36.71092],[-4.43186,36.71096]]]}},{"type":"Feature","properties":{"name":"","kind":"water","road":"","osm":668782046},"geometry":{"type":"Polygon","coordinates":[[[-4.42014,36.72245],[-4.42014,36.72246],[-4.42015,36.72246],[-4.42016,36.72245],[-4.42016,36.72244],[-4.42016,36.72243],[-4.42015,36.72243],[-4.42014,36.72243],[-4.42013,36.72244],[-4.42013,36.72245],[-4.42014,36.72245]]]}},{"type":"Feature","properties":{"name":"Calle Marqués de Larios","kind":"road","road":"pedestrian","osm":669143069},"geometry":{"type":"LineString","coordinates":[[-4.42148,36.71846],[-4.42145,36.71841]]}},{"type":"Feature","properties":{"name":"Fuente del Palmeral de las Sorpresas","kind":"water","road":"","osm":669244504},"geometry":{"type":"Polygon","coordinates":[[[-4.41824,36.71783],[-4.41837,36.71779],[-4.41831,36.71765],[-4.41818,36.71769],[-4.41824,36.71783]]]}},{"type":"Feature","properties":{"name":"Palmeral de las Sorpresas","kind":"road","road":"pedestrian","osm":669244505},"geometry":{"type":"LineString","coordinates":[[-4.41847,36.71735],[-4.41822,36.71742]]}},{"type":"Feature","properties":{"name":"Palmeral de las Sorpresas","kind":"road","road":"pedestrian","osm":669244506},"geometry":{"type":"LineString","coordinates":[[-4.41822,36.71742],[-4.418,36.71748],[-4.41797,36.71749]]}},{"type":"Feature","properties":{"name":"Palmeral de las Sorpresas","kind":"road","road":"pedestrian","osm":669244507},"geometry":{"type":"LineString","coordinates":[[-4.41797,36.71749],[-4.41771,36.71756],[-4.4175,36.71762],[-4.41704,36.71775],[-4.41663,36.71787],[-4.41622,36.71798],[-4.41614,36.71801]]}},{"type":"Feature","properties":{"name":"Palmeral de las Sorpresas","kind":"road","road":"pedestrian","osm":669244508},"geometry":{"type":"LineString","coordinates":[[-4.41614,36.71801],[-4.41597,36.71805],[-4.41556,36.71817],[-4.4153,36.71824]]}},{"type":"Feature","properties":{"name":"","kind":"park","road":"","osm":675182267},"geometry":{"type":"Polygon","coordinates":[[[-4.41613,36.72874],[-4.41612,36.72872],[-4.41609,36.72873],[-4.41591,36.72878],[-4.41591,36.72879],[-4.41624,36.72913],[-4.41625,36.72913],[-4.41613,36.72874]]]}},{"type":"Feature","properties":{"name":"Parque Lex Flavia Malacitana","kind":"park","road":"","osm":675182268},"geometry":{"type":"Polygon","coordinates":[[[-4.41848,36.72959],[-4.41834,36.72974],[-4.41834,36.72975],[-4.41833,36.72976],[-4.41822,36.72988],[-4.4182,36.72987],[-4.41809,36.72981],[-4.41798,36.72974],[-4.41796,36.72973],[-4.41806,36.72961],[-4.41807,36.7296],[-4.41808,36.72959],[-4.41818,36.72947],[-4.4182,36.72948],[-4.41833,36.72953],[-4.41841,36.72956],[-4.41848,36.72959]]]}},{"type":"Feature","properties":{"name":"","kind":"water","road":"","osm":675723311},"geometry":{"type":"Polygon","coordinates":[[[-4.41437,36.71949],[-4.41437,36.71951],[-4.41438,36.71953],[-4.4144,36.71954],[-4.41442,36.71955],[-4.41444,36.71955],[-4.41446,36.71954],[-4.41448,36.71954],[-4.41449,36.71952],[-4.4145,36.71951],[-4.4145,36.71949],[-4.41449,36.71947],[-4.41448,36.71946],[-4.41446,36.71945],[-4.41444,36.71944],[-4.41442,36.71945],[-4.41441,36.71945],[-4.4144,36.71945],[-4.41439,36.71946],[-4.41438,36.71948],[-4.41437,36.71949]]]}},{"type":"Feature","properties":{"name":"Calle Carrasco","kind":"road","road":"pedestrian","osm":675814272},"geometry":{"type":"LineString","coordinates":[[-4.41622,36.72598],[-4.41627,36.72583],[-4.41643,36.72556],[-4.41644,36.72549],[-4.41645,36.72547]]}},{"type":"Feature","properties":{"name":"","kind":"road","road":"pedestrian","osm":692734789},"geometry":{"type":"LineString","coordinates":[[-4.42011,36.72009],[-4.42008,36.72009]]}},{"type":"Feature","properties":{"name":"Calle Molina Lario","kind":"road","road":"pedestrian","osm":692874998},"geometry":{"type":"LineString","coordinates":[[-4.42012,36.7208],[-4.42011,36.72069]]}},{"type":"Feature","properties":{"name":"Calle Molina Lario","kind":"road","road":"pedestrian","osm":692874999},"geometry":{"type":"LineString","coordinates":[[-4.42018,36.72144],[-4.42012,36.7208]]}},{"type":"Feature","properties":{"name":"Calle Granada","kind":"road","road":"pedestrian","osm":692875000},"geometry":{"type":"LineString","coordinates":[[-4.41774,36.72234],[-4.4178,36.72224],[-4.41787,36.72208],[-4.41791,36.72203],[-4.41794,36.722],[-4.41798,36.72198],[-4.41801,36.72197],[-4.41807,36.72196],[-4.41809,36.72195],[-4.41813,36.72195],[-4.41822,36.72196],[-4.41828,36.72197]]}},{"type":"Feature","properties":{"name":"Calle Granada","kind":"road","road":"pedestrian","osm":692875001},"geometry":{"type":"LineString","coordinates":[[-4.41752,36.7228],[-4.41757,36.72268],[-4.41774,36.72234]]}},{"type":"Feature","properties":{"name":"","kind":"park","road":"","osm":697812523},"geometry":{"type":"Polygon","coordinates":[[[-4.41019,36.71821],[-4.41014,36.71818],[-4.41016,36.71816],[-4.41021,36.71819],[-4.41019,36.71821]]]}},{"type":"Feature","properties":{"name":"","kind":"park","road":"","osm":697812524},"geometry":{"type":"Polygon","coordinates":[[[-4.40994,36.71805],[-4.40995,36.71806],[-4.40996,36.71805],[-4.40995,36.71804],[-4.40994,36.71805]]]}},{"type":"Feature","properties":{"name":"","kind":"park","road":"","osm":697812529},"geometry":{"type":"Polygon","coordinates":[[[-4.40904,36.71817],[-4.40901,36.71815],[-4.40895,36.71818],[-4.40898,36.71819],[-4.40904,36.71817]]]}},{"type":"Feature","properties":{"name":"","kind":"park","road":"","osm":697812530},"geometry":{"type":"Polygon","coordinates":[[[-4.40916,36.71814],[-4.40911,36.71808],[-4.40907,36.71811],[-4.4091,36.71815],[-4.40916,36.71814]]]}},{"type":"Feature","properties":{"name":"","kind":"park","road":"","osm":697812531},"geometry":{"type":"Polygon","coordinates":[[[-4.40922,36.71808],[-4.4092,36.71807],[-4.40919,36.71809],[-4.40922,36.71808]]]}},{"type":"Feature","properties":{"name":"","kind":"park","road":"","osm":700127880},"geometry":{"type":"Polygon","coordinates":[[[-4.41239,36.72057],[-4.41251,36.72054],[-4.41243,36.72055],[-4.41245,36.72049],[-4.41239,36.72057]]]}},{"type":"Feature","properties":{"name":"","kind":"park","road":"","osm":700127881},"geometry":{"type":"Polygon","coordinates":[[[-4.41234,36.72045],[-4.41245,36.72049],[-4.41239,36.72045],[-4.41246,36.72042],[-4.41234,36.72045]]]}},{"type":"Feature","properties":{"name":"","kind":"park","road":"","osm":700127882},"geometry":{"type":"Polygon","coordinates":[[[-4.41246,36.72042],[-4.41245,36.72037],[-4.41251,36.72038],[-4.41241,36.72034],[-4.41246,36.72042]]]}},{"type":"Feature","properties":{"name":"","kind":"park","road":"","osm":700127883},"geometry":{"type":"Polygon","coordinates":[[[-4.41271,36.72034],[-4.4126,36.72038],[-4.41267,36.72038],[-4.41266,36.72043],[-4.41271,36.72034]]]}},{"type":"Feature","properties":{"name":"","kind":"park","road":"","osm":700127884},"geometry":{"type":"Polygon","coordinates":[[[-4.41256,36.72029],[-4.41251,36.72038],[-4.41256,36.72034],[-4.4126,36.72038],[-4.41256,36.72029]]]}},{"type":"Feature","properties":{"name":"","kind":"park","road":"","osm":700127885},"geometry":{"type":"Polygon","coordinates":[[[-4.41255,36.72063],[-4.41259,36.72054],[-4.41255,36.72059],[-4.41251,36.72054],[-4.41255,36.72063]]]}},{"type":"Feature","properties":{"name":"","kind":"park","road":"","osm":700127886},"geometry":{"type":"Polygon","coordinates":[[[-4.4127,36.72059],[-4.41265,36.72049],[-4.41266,36.72055],[-4.41259,36.72054],[-4.4127,36.72059]]]}},{"type":"Feature","properties":{"name":"","kind":"park","road":"","osm":700127887},"geometry":{"type":"Polygon","coordinates":[[[-4.41277,36.72046],[-4.41266,36.72043],[-4.41271,36.72046],[-4.41265,36.72049],[-4.41277,36.72046]]]}},{"type":"Feature","properties":{"name":"","kind":"park","road":"","osm":731581196},"geometry":{"type":"Polygon","coordinates":[[[-4.42976,36.71373],[-4.42974,36.71371],[-4.42967,36.71378],[-4.42968,36.71379],[-4.42976,36.71373]]]}},{"type":"Feature","properties":{"name":"","kind":"park","road":"","osm":731581197},"geometry":{"type":"Polygon","coordinates":[[[-4.42983,36.71378],[-4.4298,36.71376],[-4.42973,36.71382],[-4.42975,36.71384],[-4.42983,36.71378]]]}},{"type":"Feature","properties":{"name":"","kind":"park","road":"","osm":731581198},"geometry":{"type":"Polygon","coordinates":[[[-4.42988,36.71363],[-4.42985,36.71361],[-4.42977,36.71369],[-4.42979,36.7137],[-4.42988,36.71363]]]}},{"type":"Feature","properties":{"name":"","kind":"park","road":"","osm":731581199},"geometry":{"type":"Polygon","coordinates":[[[-4.42994,36.71367],[-4.42992,36.71366],[-4.42984,36.71373],[-4.42986,36.71375],[-4.42994,36.71367]]]}},{"type":"Feature","properties":{"name":"","kind":"park","road":"","osm":731581200},"geometry":{"type":"Polygon","coordinates":[[[-4.42974,36.71366],[-4.42975,36.71367],[-4.42987,36.71357],[-4.42996,36.71363],[-4.43005,36.71355],[-4.43002,36.71354],[-4.43001,36.71355],[-4.42995,36.71359],[-4.42979,36.71347],[-4.42972,36.71353],[-4.4297,36.71352],[-4.42963,36.71358],[-4.42967,36.71358],[-4.42969,36.7136],[-4.42969,36.71363],[-4.42973,36.71363],[-4.42974,36.71366]]]}},{"type":"Feature","properties":{"name":"","kind":"park","road":"","osm":731581201},"geometry":{"type":"Polygon","coordinates":[[[-4.42957,36.71369],[-4.42958,36.7137],[-4.42957,36.71371],[-4.42964,36.71377],[-4.42971,36.71371],[-4.4297,36.7137],[-4.42971,36.71368],[-4.42968,36.71368],[-4.42967,36.71368],[-4.42964,36.71371],[-4.42959,36.71367],[-4.42957,36.71369]]]}},{"type":"Feature","properties":{"name":"Avenida Manuel Agustín Heredia","kind":"road","road":"primary","osm":756195260},"geometry":{"type":"LineString","coordinates":[[-4.4219,36.7153],[-4.42164,36.71557],[-4.42162,36.71559]]}},{"type":"Feature","properties":{"name":"","kind":"park","road":"","osm":759209170},"geometry":{"type":"Polygon","coordinates":[[[-4.41972,36.71738],[-4.41969,36.71736],[-4.41961,36.71744],[-4.41964,36.71746],[-4.41972,36.71738]]]}},{"type":"Feature","properties":{"name":"","kind":"park","road":"","osm":759209171},"geometry":{"type":"Polygon","coordinates":[[[-4.41998,36.71706],[-4.4199,36.71714],[-4.41994,36.71717],[-4.42002,36.71709],[-4.41998,36.71706]]]}},{"type":"Feature","properties":{"name":"Puente de Tetuán","kind":"road","road":"secondary","osm":760003374},"geometry":{"type":"LineString","coordinates":[[-4.42557,36.71677],[-4.42553,36.71677]]}},{"type":"Feature","properties":{"name":"Calle Hilera","kind":"road","road":"secondary","osm":760004442},"geometry":{"type":"LineString","coordinates":[[-4.42672,36.7178],[-4.42684,36.71782],[-4.42697,36.71782]]}},{"type":"Feature","properties":{"name":"Calle Hilera","kind":"road","road":"secondary","osm":760004443},"geometry":{"type":"LineString","coordinates":[[-4.427,36.71775],[-4.42672,36.7178]]}},{"type":"Feature","properties":{"name":"","kind":"park","road":"","osm":764347714},"geometry":{"type":"Polygon","coordinates":[[[-4.43271,36.71317],[-4.4323,36.71328],[-4.43229,36.71327],[-4.43228,36.71325],[-4.43269,36.71315],[-4.43271,36.71317]]]}},{"type":"Feature","properties":{"name":"","kind":"park","road":"","osm":764350674},"geometry":{"type":"Polygon","coordinates":[[[-4.43137,36.7147],[-4.43126,36.71462],[-4.43134,36.71455],[-4.43145,36.71462],[-4.43137,36.7147]]]}},{"type":"Feature","properties":{"name":"","kind":"park","road":"","osm":764350675},"geometry":{"type":"Polygon","coordinates":[[[-4.43139,36.71476],[-4.43132,36.71473],[-4.4312,36.71463],[-4.43115,36.71468],[-4.43121,36.71472],[-4.43127,36.71479],[-4.43133,36.71478],[-4.43139,36.71476]]]}},{"type":"Feature","properties":{"name":"","kind":"park","road":"","osm":764350676},"geometry":{"type":"Polygon","coordinates":[[[-4.43138,36.71492],[-4.43135,36.7149],[-4.43132,36.71487],[-4.43128,36.71482],[-4.43134,36.71481],[-4.43139,36.71479],[-4.43142,36.71478],[-4.43144,36.71479],[-4.43138,36.71492]]]}},{"type":"Feature","properties":{"name":"","kind":"park","road":"","osm":764350677},"geometry":{"type":"Polygon","coordinates":[[[-4.43112,36.71491],[-4.43116,36.71487],[-4.43119,36.71485],[-4.43125,36.71483],[-4.43129,36.71489],[-4.43133,36.71492],[-4.43137,36.71493],[-4.43133,36.71502],[-4.4313,36.71501],[-4.43132,36.71498],[-4.4313,36.71497],[-4.43128,36.715],[-4.43112,36.71491]]]}},{"type":"Feature","properties":{"name":"","kind":"park","road":"","osm":764350678},"geometry":{"type":"Polygon","coordinates":[[[-4.4311,36.7149],[-4.43103,36.71484],[-4.43105,36.71482],[-4.43103,36.71481],[-4.43101,36.71483],[-4.43099,36.71482],[-4.43113,36.71469],[-4.43118,36.71473],[-4.43121,36.71477],[-4.43123,36.7148],[-4.43117,36.71483],[-4.43113,36.71486],[-4.4311,36.7149]]]}},{"type":"Feature","properties":{"name":"","kind":"park","road":"","osm":764352014},"geometry":{"type":"Polygon","coordinates":[[[-4.42843,36.716],[-4.42842,36.71601],[-4.42841,36.71602],[-4.42842,36.71603],[-4.42843,36.71604],[-4.42844,36.71603],[-4.42845,36.71603],[-4.42845,36.71602],[-4.42845,36.71601],[-4.42843,36.716]]]}},{"type":"Feature","properties":{"name":"","kind":"park","road":"","osm":764355055},"geometry":{"type":"Polygon","coordinates":[[[-4.42675,36.71707],[-4.42676,36.71699],[-4.42682,36.71701],[-4.42689,36.71703],[-4.42694,36.71705],[-4.42697,36.71708],[-4.42702,36.71711],[-4.42707,36.71717],[-4.4271,36.7172],[-4.42706,36.7172],[-4.42675,36.71719],[-4.42675,36.71707]]]}},{"type":"Feature","properties":{"name":"","kind":"park","road":"","osm":764355056},"geometry":{"type":"Polygon","coordinates":[[[-4.42643,36.71718],[-4.42648,36.7171],[-4.42648,36.717],[-4.42665,36.71699],[-4.42664,36.71707],[-4.42664,36.71718],[-4.42643,36.71718]]]}},{"type":"Feature","properties":{"name":"","kind":"park","road":"","osm":764357955},"geometry":{"type":"Polygon","coordinates":[[[-4.42845,36.71616],[-4.42882,36.71618],[-4.42884,36.71619],[-4.42886,36.71619],[-4.42892,36.71619],[-4.42889,36.71643],[-4.42872,36.71641],[-4.42867,36.71641],[-4.42862,36.71641],[-4.42843,36.71639],[-4.42843,36.71631],[-4.42844,36.71629],[-4.42844,36.71626],[-4.42845,36.71616]]]}},{"type":"Feature","properties":{"name":"Calle Córdoba","kind":"road","road":"tertiary","osm":765527988},"geometry":{"type":"LineString","coordinates":[[-4.42212,36.71656],[-4.42218,36.7167],[-4.42229,36.717],[-4.42231,36.71705],[-4.42243,36.71735],[-4.42248,36.71747]]}},{"type":"Feature","properties":{"name":"Paseo del Parque","kind":"road","road":"tertiary","osm":766243192},"geometry":{"type":"LineString","coordinates":[[-4.41977,36.71843],[-4.41929,36.71857],[-4.41927,36.71858],[-4.41918,36.7186],[-4.4191,36.71863],[-4.41904,36.71864],[-4.41889,36.71869],[-4.41887,36.71869],[-4.41867,36.71875],[-4.41773,36.71901],[-4.41696,36.71923]]}},{"type":"Feature","properties":{"name":"","kind":"park","road":"","osm":766488353},"geometry":{"type":"Polygon","coordinates":[[[-4.42901,36.70946],[-4.42893,36.70941],[-4.42893,36.7094],[-4.42902,36.70945],[-4.42901,36.70946]]]}},{"type":"Feature","properties":{"name":"","kind":"park","road":"","osm":766648440},"geometry":{"type":"Polygon","coordinates":[[[-4.42817,36.71558],[-4.42811,36.71557],[-4.42814,36.71532],[-4.42823,36.71524],[-4.42826,36.71525],[-4.42832,36.71525],[-4.42819,36.71537],[-4.42817,36.71558]]]}},{"type":"Feature","properties":{"name":"","kind":"park","road":"","osm":766648442},"geometry":{"type":"Polygon","coordinates":[[[-4.42852,36.71505],[-4.42835,36.71521],[-4.42834,36.71523],[-4.42826,36.71524],[-4.42824,36.71523],[-4.4283,36.71518],[-4.42843,36.71505],[-4.42852,36.71505]]]}},{"type":"Feature","properties":{"name":"","kind":"park","road":"","osm":766648445},"geometry":{"type":"Polygon","coordinates":[[[-4.42872,36.71524],[-4.42852,36.71511],[-4.42855,36.71508],[-4.42874,36.71522],[-4.42872,36.71524]]]}},{"type":"Feature","properties":{"name":"","kind":"park","road":"","osm":766648452},"geometry":{"type":"Polygon","coordinates":[[[-4.42771,36.7157],[-4.42776,36.71569],[-4.42777,36.71568],[-4.42781,36.71571],[-4.42771,36.7157]]]}},{"type":"Feature","properties":{"name":"","kind":"park","road":"","osm":766648454},"geometry":{"type":"Polygon","coordinates":[[[-4.42775,36.71567],[-4.42774,36.71568],[-4.4277,36.71568],[-4.42767,36.7157],[-4.42761,36.7157],[-4.42758,36.71566],[-4.4276,36.71549],[-4.4277,36.71556],[-4.42766,36.7156],[-4.42775,36.71567]]]}},{"type":"Feature","properties":{"name":"","kind":"park","road":"","osm":766648455},"geometry":{"type":"Polygon","coordinates":[[[-4.42766,36.71543],[-4.42762,36.71547],[-4.4277,36.71553],[-4.42774,36.71549],[-4.42766,36.71543]]]}},{"type":"Feature","properties":{"name":"","kind":"park","road":"","osm":766655382},"geometry":{"type":"Polygon","coordinates":[[[-4.42774,36.71716],[-4.42775,36.71711],[-4.42768,36.7171],[-4.42767,36.71715],[-4.42774,36.71716]]]}},{"type":"Feature","properties":{"name":"","kind":"park","road":"","osm":766655383},"geometry":{"type":"Polygon","coordinates":[[[-4.42739,36.71749],[-4.42744,36.71745],[-4.42744,36.71744],[-4.42738,36.71744],[-4.42737,36.71749],[-4.42737,36.71754],[-4.42738,36.71757],[-4.42739,36.71761],[-4.4274,36.7176],[-4.42739,36.71757],[-4.42738,36.71754],[-4.42739,36.71749]]]}},{"type":"Feature","properties":{"name":"","kind":"park","road":"","osm":766655384},"geometry":{"type":"Polygon","coordinates":[[[-4.42739,36.71732],[-4.42745,36.71733],[-4.42745,36.71729],[-4.4274,36.71724],[-4.42739,36.71732]]]}},{"type":"Feature","properties":{"name":"","kind":"park","road":"","osm":766655385},"geometry":{"type":"Polygon","coordinates":[[[-4.42958,36.71799],[-4.42959,36.718],[-4.42976,36.718],[-4.42976,36.71798],[-4.4296,36.71796],[-4.42958,36.71799]]]}},{"type":"Feature","properties":{"name":"","kind":"park","road":"","osm":766655386},"geometry":{"type":"Polygon","coordinates":[[[-4.42906,36.71795],[-4.42906,36.71793],[-4.42927,36.71795],[-4.42928,36.71798],[-4.42906,36.71795]]]}},{"type":"Feature","properties":{"name":"","kind":"park","road":"","osm":766655388},"geometry":{"type":"Polygon","coordinates":[[[-4.42742,36.71783],[-4.42742,36.71781],[-4.42895,36.71792],[-4.42895,36.71794],[-4.42742,36.71783]]]}},{"type":"Feature","properties":{"name":"","kind":"park","road":"","osm":766879442},"geometry":{"type":"Polygon","coordinates":[[[-4.42988,36.71636],[-4.42987,36.71643],[-4.42988,36.71648],[-4.42991,36.71651],[-4.43,36.7166],[-4.43002,36.71658],[-4.42993,36.71649],[-4.4299,36.71647],[-4.4299,36.71643],[-4.42991,36.71637],[-4.42988,36.71636]]]}},{"type":"Feature","properties":{"name":"","kind":"park","road":"","osm":766879444},"geometry":{"type":"Polygon","coordinates":[[[-4.43044,36.71663],[-4.4304,36.71663],[-4.4304,36.71659],[-4.43045,36.7166],[-4.43044,36.71663]]]}},{"type":"Feature","properties":{"name":"","kind":"park","road":"","osm":766879445},"geometry":{"type":"Polygon","coordinates":[[[-4.43055,36.71664],[-4.43051,36.71664],[-4.43051,36.7166],[-4.43056,36.71661],[-4.43055,36.71664]]]}},{"type":"Feature","properties":{"name":"","kind":"park","road":"","osm":766879446},"geometry":{"type":"Polygon","coordinates":[[[-4.43067,36.71665],[-4.43062,36.71665],[-4.43063,36.71661],[-4.43067,36.71661],[-4.43067,36.71665]]]}},{"type":"Feature","properties":{"name":"","kind":"park","road":"","osm":766879447},"geometry":{"type":"Polygon","coordinates":[[[-4.43078,36.71666],[-4.43073,36.71665],[-4.43074,36.71662],[-4.43078,36.71662],[-4.43078,36.71666]]]}},{"type":"Feature","properties":{"name":"","kind":"park","road":"","osm":766879448},"geometry":{"type":"Polygon","coordinates":[[[-4.43089,36.71667],[-4.43084,36.71666],[-4.43085,36.71663],[-4.43089,36.71663],[-4.43089,36.71667]]]}},{"type":"Feature","properties":{"name":"","kind":"park","road":"","osm":766879449},"geometry":{"type":"Polygon","coordinates":[[[-4.43111,36.71668],[-4.43107,36.71668],[-4.43107,36.71664],[-4.43112,36.71665],[-4.43111,36.71668]]]}},{"type":"Feature","properties":{"name":"","kind":"park","road":"","osm":766879450},"geometry":{"type":"Polygon","coordinates":[[[-4.43133,36.7167],[-4.43129,36.71669],[-4.43129,36.71666],[-4.43134,36.71666],[-4.43133,36.7167]]]}},{"type":"Feature","properties":{"name":"","kind":"park","road":"","osm":766879451},"geometry":{"type":"Polygon","coordinates":[[[-4.43144,36.7167],[-4.4314,36.7167],[-4.4314,36.71667],[-4.43145,36.71667],[-4.43144,36.7167]]]}},{"type":"Feature","properties":{"name":"","kind":"park","road":"","osm":766879452},"geometry":{"type":"Polygon","coordinates":[[[-4.43156,36.71671],[-4.43151,36.71671],[-4.43152,36.71668],[-4.43156,36.71668],[-4.43156,36.71671]]]}},{"type":"Feature","properties":{"name":"","kind":"park","road":"","osm":766879453},"geometry":{"type":"Polygon","coordinates":[[[-4.43167,36.71672],[-4.43162,36.71672],[-4.43163,36.71668],[-4.43167,36.71668],[-4.43167,36.71672]]]}},{"type":"Feature","properties":{"name":"","kind":"park","road":"","osm":766879454},"geometry":{"type":"Polygon","coordinates":[[[-4.43189,36.71674],[-4.43185,36.71673],[-4.43185,36.7167],[-4.4319,36.7167],[-4.43189,36.71674]]]}},{"type":"Feature","properties":{"name":"","kind":"park","road":"","osm":766879455},"geometry":{"type":"Polygon","coordinates":[[[-4.43212,36.71675],[-4.43207,36.71675],[-4.43207,36.71671],[-4.43212,36.71672],[-4.43212,36.71675]]]}},{"type":"Feature","properties":{"name":"","kind":"park","road":"","osm":766879456},"geometry":{"type":"Polygon","coordinates":[[[-4.43223,36.71676],[-4.43218,36.71676],[-4.43219,36.71672],[-4.43223,36.71672],[-4.43223,36.71676]]]}},{"type":"Feature","properties":{"name":"","kind":"park","road":"","osm":766879457},"geometry":{"type":"Polygon","coordinates":[[[-4.43234,36.71677],[-4.43229,36.71677],[-4.4323,36.71673],[-4.43234,36.71673],[-4.43234,36.71677]]]}},{"type":"Feature","properties":{"name":"","kind":"park","road":"","osm":766879458},"geometry":{"type":"Polygon","coordinates":[[[-4.43245,36.71678],[-4.4324,36.71677],[-4.43241,36.71674],[-4.43245,36.71674],[-4.43245,36.71678]]]}},{"type":"Feature","properties":{"name":"","kind":"park","road":"","osm":766879459},"geometry":{"type":"Polygon","coordinates":[[[-4.43256,36.71678],[-4.43252,36.71678],[-4.43252,36.71675],[-4.43256,36.71675],[-4.43256,36.71678]]]}},{"type":"Feature","properties":{"name":"","kind":"park","road":"","osm":766879460},"geometry":{"type":"Polygon","coordinates":[[[-4.4328,36.7168],[-4.43276,36.7168],[-4.43276,36.71676],[-4.4328,36.71677],[-4.4328,36.7168]]]}},{"type":"Feature","properties":{"name":"","kind":"park","road":"","osm":767768283},"geometry":{"type":"Polygon","coordinates":[[[-4.42833,36.7102],[-4.42831,36.71022],[-4.4284,36.71029],[-4.42842,36.71027],[-4.42833,36.7102]]]}},{"type":"Feature","properties":{"name":"","kind":"park","road":"","osm":767768284},"geometry":{"type":"Polygon","coordinates":[[[-4.428,36.70995],[-4.42799,36.70996],[-4.42826,36.71017],[-4.42828,36.71016],[-4.428,36.70995]]]}},{"type":"Feature","properties":{"name":"","kind":"park","road":"","osm":767768285},"geometry":{"type":"Polygon","coordinates":[[[-4.42795,36.7099],[-4.42793,36.70992],[-4.42797,36.70995],[-4.42799,36.70993],[-4.42795,36.7099]]]}},{"type":"Feature","properties":{"name":"","kind":"park","road":"","osm":767768286},"geometry":{"type":"Polygon","coordinates":[[[-4.42752,36.71003],[-4.42748,36.70999],[-4.42738,36.71008],[-4.42737,36.7101],[-4.42737,36.71013],[-4.42737,36.71014],[-4.42739,36.71014],[-4.42752,36.71003]]]}},{"type":"Feature","properties":{"name":"","kind":"park","road":"","osm":767768287},"geometry":{"type":"Polygon","coordinates":[[[-4.4276,36.70991],[-4.4277,36.70984],[-4.42781,36.70979],[-4.42785,36.70979],[-4.42789,36.70979],[-4.42792,36.7098],[-4.42795,36.70982],[-4.42794,36.70983],[-4.42791,36.70981],[-4.42789,36.7098],[-4.42785,36.7098],[-4.42782,36.70981],[-4.42777,36.70983],[-4.42763,36.70994],[-4.4276,36.70991]]]}},{"type":"Feature","properties":{"name":"","kind":"park","road":"","osm":767768288},"geometry":{"type":"Polygon","coordinates":[[[-4.42799,36.70986],[-4.42798,36.70987],[-4.42819,36.71003],[-4.42824,36.71006],[-4.42799,36.70986]]]}},{"type":"Feature","properties":{"name":"","kind":"park","road":"","osm":770568090},"geometry":{"type":"Polygon","coordinates":[[[-4.42735,36.71353],[-4.42737,36.71355],[-4.42758,36.71335],[-4.42756,36.71334],[-4.42755,36.71333],[-4.42735,36.71353]]]}},{"type":"Feature","properties":{"name":"","kind":"park","road":"","osm":770568091},"geometry":{"type":"Polygon","coordinates":[[[-4.42689,36.71399],[-4.4269,36.714],[-4.42692,36.71401],[-4.42732,36.7136],[-4.42729,36.71358],[-4.42689,36.71399]]]}},{"type":"Feature","properties":{"name":"Paseo de los Curas","kind":"road","road":"primary","osm":770855631},"geometry":{"type":"LineString","coordinates":[[-4.41953,36.71775],[-4.41972,36.71769]]}},{"type":"Feature","properties":{"name":"Paseo de los Curas","kind":"road","road":"primary","osm":770855632},"geometry":{"type":"LineString","coordinates":[[-4.41983,36.71749],[-4.4197,36.71758],[-4.41961,36.71763],[-4.4195,36.71766]]}},{"type":"Feature","properties":{"name":"Alameda de Colón","kind":"road","road":"secondary","osm":770855633},"geometry":{"type":"LineString","coordinates":[[-4.42416,36.71386],[-4.42408,36.71363],[-4.42403,36.71347]]}},{"type":"Feature","properties":{"name":"Avenida Manuel Agustín Heredia","kind":"road","road":"primary","osm":770855639},"geometry":{"type":"LineString","coordinates":[[-4.42517,36.71198],[-4.42508,36.71207]]}},{"type":"Feature","properties":{"name":"Avenida Manuel Agustín Heredia","kind":"road","road":"primary","osm":770855640},"geometry":{"type":"LineString","coordinates":[[-4.42515,36.71213],[-4.42525,36.71204],[-4.42538,36.71192]]}},{"type":"Feature","properties":{"name":"Paseo Antonio Machado","kind":"road","road":"primary","osm":770855641},"geometry":{"type":"LineString","coordinates":[[-4.42795,36.70948],[-4.42798,36.70937],[-4.42802,36.70929]]}},{"type":"Feature","properties":{"name":"Paseo Antonio Machado","kind":"road","road":"primary","osm":770855642},"geometry":{"type":"LineString","coordinates":[[-4.42785,36.70919],[-4.42783,36.70922],[-4.42773,36.70932],[-4.42765,36.70941]]}},{"type":"Feature","properties":{"name":"","kind":"park","road":"","osm":775983937},"geometry":{"type":"Polygon","coordinates":[[[-4.43172,36.71768],[-4.43167,36.71768],[-4.43167,36.71764],[-4.43172,36.71764],[-4.43172,36.71768]]]}},{"type":"Feature","properties":{"name":"","kind":"park","road":"","osm":775983938},"geometry":{"type":"Polygon","coordinates":[[[-4.43173,36.71761],[-4.43168,36.71761],[-4.43168,36.71758],[-4.43173,36.71758],[-4.43173,36.71761]]]}},{"type":"Feature","properties":{"name":"","kind":"park","road":"","osm":775983939},"geometry":{"type":"Polygon","coordinates":[[[-4.43174,36.71741],[-4.4317,36.71741],[-4.4317,36.71737],[-4.43175,36.71737],[-4.43174,36.71741]]]}},{"type":"Feature","properties":{"name":"","kind":"park","road":"","osm":775983940},"geometry":{"type":"Polygon","coordinates":[[[-4.43174,36.71748],[-4.43169,36.71747],[-4.4317,36.71744],[-4.43174,36.71744],[-4.43174,36.71748]]]}},{"type":"Feature","properties":{"name":"","kind":"park","road":"","osm":775983941},"geometry":{"type":"Polygon","coordinates":[[[-4.43173,36.71753],[-4.43169,36.71753],[-4.43169,36.7175],[-4.43174,36.7175],[-4.43173,36.71753]]]}},{"type":"Feature","properties":{"name":"","kind":"park","road":"","osm":775983942},"geometry":{"type":"Polygon","coordinates":[[[-4.43163,36.71751],[-4.43159,36.71751],[-4.43159,36.71748],[-4.43164,36.71748],[-4.43163,36.71751]]]}},{"type":"Feature","properties":{"name":"","kind":"park","road":"","osm":775983943},"geometry":{"type":"Polygon","coordinates":[[[-4.43183,36.71729],[-4.43179,36.71728],[-4.43179,36.71725],[-4.43183,36.71725],[-4.43183,36.71729]]]}},{"type":"Feature","properties":{"name":"","kind":"park","road":"","osm":775983945},"geometry":{"type":"Polygon","coordinates":[[[-4.43083,36.71722],[-4.43079,36.71722],[-4.43079,36.71719],[-4.43083,36.71719],[-4.43083,36.71722]]]}},{"type":"Feature","properties":{"name":"","kind":"park","road":"","osm":775983946},"geometry":{"type":"Polygon","coordinates":[[[-4.43072,36.71722],[-4.43067,36.71722],[-4.43068,36.71718],[-4.43072,36.71719],[-4.43072,36.71722]]]}},{"type":"Feature","properties":{"name":"","kind":"park","road":"","osm":775983947},"geometry":{"type":"Polygon","coordinates":[[[-4.43061,36.71721],[-4.43056,36.71721],[-4.43057,36.71717],[-4.43061,36.71717],[-4.43061,36.71721]]]}},{"type":"Feature","properties":{"name":"","kind":"park","road":"","osm":775983948},"geometry":{"type":"Polygon","coordinates":[[[-4.4305,36.7172],[-4.43045,36.7172],[-4.43045,36.71717],[-4.4305,36.71717],[-4.4305,36.7172]]]}},{"type":"Feature","properties":{"name":"","kind":"park","road":"","osm":775983949},"geometry":{"type":"Polygon","coordinates":[[[-4.43038,36.71719],[-4.43034,36.71719],[-4.43034,36.71716],[-4.43038,36.71716],[-4.43038,36.71719]]]}},{"type":"Feature","properties":{"name":"","kind":"park","road":"","osm":775983950},"geometry":{"type":"Polygon","coordinates":[[[-4.43105,36.71724],[-4.431,36.71724],[-4.43101,36.7172],[-4.43105,36.7172],[-4.43105,36.71724]]]}},{"type":"Feature","properties":{"name":"","kind":"park","road":"","osm":775983951},"geometry":{"type":"Polygon","coordinates":[[[-4.43127,36.71726],[-4.43123,36.71725],[-4.43123,36.71722],[-4.43128,36.71722],[-4.43127,36.71726]]]}},{"type":"Feature","properties":{"name":"","kind":"park","road":"","osm":775983952},"geometry":{"type":"Polygon","coordinates":[[[-4.43139,36.71726],[-4.43134,36.71726],[-4.43134,36.71723],[-4.43139,36.71723],[-4.43139,36.71726]]]}},{"type":"Feature","properties":{"name":"","kind":"park","road":"","osm":775983953},"geometry":{"type":"Polygon","coordinates":[[[-4.4315,36.71727],[-4.43145,36.71727],[-4.43145,36.71723],[-4.4315,36.71724],[-4.4315,36.71727]]]}},{"type":"Feature","properties":{"name":"","kind":"park","road":"","osm":775983956},"geometry":{"type":"Polygon","coordinates":[[[-4.43161,36.71728],[-4.43156,36.71727],[-4.43156,36.71724],[-4.43161,36.71724],[-4.43161,36.71728]]]}},{"type":"Feature","properties":{"name":"","kind":"park","road":"","osm":775983957},"geometry":{"type":"Polygon","coordinates":[[[-4.43205,36.71731],[-4.43201,36.7173],[-4.43201,36.71727],[-4.43206,36.71727],[-4.43205,36.71731]]]}},{"type":"Feature","properties":{"name":"","kind":"park","road":"","osm":775983958},"geometry":{"type":"Polygon","coordinates":[[[-4.43217,36.71732],[-4.43212,36.71731],[-4.43212,36.71728],[-4.43217,36.71728],[-4.43217,36.71732]]]}},{"type":"Feature","properties":{"name":"","kind":"park","road":"","osm":775983959},"geometry":{"type":"Polygon","coordinates":[[[-4.43228,36.71732],[-4.43223,36.71732],[-4.43223,36.71729],[-4.43228,36.71729],[-4.43228,36.71732]]]}},{"type":"Feature","properties":{"name":"","kind":"park","road":"","osm":775983960},"geometry":{"type":"Polygon","coordinates":[[[-4.43239,36.71733],[-4.43234,36.71733],[-4.43235,36.71729],[-4.43239,36.7173],[-4.43239,36.71733]]]}},{"type":"Feature","properties":{"name":"","kind":"park","road":"","osm":775983961},"geometry":{"type":"Polygon","coordinates":[[[-4.4325,36.71734],[-4.43246,36.71734],[-4.43246,36.7173],[-4.4325,36.7173],[-4.4325,36.71734]]]}},{"type":"Feature","properties":{"name":"","kind":"park","road":"","osm":775983963},"geometry":{"type":"Polygon","coordinates":[[[-4.43274,36.71735],[-4.4327,36.71735],[-4.4327,36.71732],[-4.43274,36.71732],[-4.43274,36.71735]]]}},{"type":"Feature","properties":{"name":"Calle Callejones del Perchel","kind":"road","road":"secondary","osm":776946826},"geometry":{"type":"LineString","coordinates":[[-4.42953,36.71572],[-4.42951,36.71576],[-4.42949,36.71581]]}},{"type":"Feature","properties":{"name":"Glorieta Albert Camus","kind":"road","road":"secondary","osm":776946827},"geometry":{"type":"LineString","coordinates":[[-4.42959,36.71575],[-4.42953,36.71572]]}},{"type":"Feature","properties":{"name":"Paseo del Parque","kind":"road","road":"pedestrian","osm":779542898},"geometry":{"type":"LineString","coordinates":[[-4.41358,36.72034],[-4.41485,36.71998]]}},{"type":"Feature","properties":{"name":"Paseo del Parque","kind":"road","road":"pedestrian","osm":779542899},"geometry":{"type":"LineString","coordinates":[[-4.41274,36.72095],[-4.41289,36.72084],[-4.41302,36.72067],[-4.41325,36.72049],[-4.41341,36.72041],[-4.41358,36.72034]]}},{"type":"Feature","properties":{"name":"Fuente del Limonar","kind":"water","road":"","osm":779988340},"geometry":{"type":"Polygon","coordinates":[[[-4.40258,36.72945],[-4.40258,36.72946],[-4.40258,36.72948],[-4.40259,36.72948],[-4.40261,36.72949],[-4.40263,36.72949],[-4.40264,36.72948],[-4.40265,36.72946],[-4.40264,36.72945],[-4.40263,36.72944],[-4.40261,36.72944],[-4.40259,36.72944],[-4.40258,36.72945]]]}},{"type":"Feature","properties":{"name":"","kind":"park","road":"","osm":796933891},"geometry":{"type":"Polygon","coordinates":[[[-4.42543,36.73232],[-4.42545,36.73232],[-4.42566,36.72958],[-4.42578,36.7281],[-4.42585,36.72714],[-4.42585,36.72696],[-4.42581,36.72683],[-4.4258,36.72681],[-4.42584,36.72677],[-4.42579,36.72679],[-4.42577,36.72679],[-4.42575,36.72681],[-4.42574,36.72702],[-4.42581,36.72702],[-4.42583,36.72704],[-4.42583,36.72714],[-4.42573,36.7284],[-4.42543,36.73232]]]}},{"type":"Feature","properties":{"name":"","kind":"park","road":"","osm":797580720},"geometry":{"type":"Polygon","coordinates":[[[-4.41011,36.72357],[-4.41007,36.72355],[-4.41005,36.72357],[-4.41005,36.72361],[-4.41007,36.72362],[-4.41011,36.72357]]]}},{"type":"Feature","properties":{"name":"","kind":"park","road":"","osm":797580721},"geometry":{"type":"Polygon","coordinates":[[[-4.41035,36.72357],[-4.41028,36.72353],[-4.4103,36.72345],[-4.41034,36.72344],[-4.41035,36.72345],[-4.4104,36.72355],[-4.41035,36.72357]]]}},{"type":"Feature","properties":{"name":"","kind":"park","road":"","osm":800039571},"geometry":{"type":"Polygon","coordinates":[[[-4.41193,36.73114],[-4.41192,36.73118],[-4.41195,36.73121],[-4.41195,36.73118],[-4.41195,36.73116],[-4.41193,36.73114]]]}},{"type":"Feature","properties":{"name":"","kind":"park","road":"","osm":800039572},"geometry":{"type":"Polygon","coordinates":[[[-4.41181,36.73116],[-4.41183,36.73114],[-4.41185,36.73113],[-4.41187,36.73113],[-4.41185,36.73117],[-4.41181,36.73116]]]}},{"type":"Feature","properties":{"name":"","kind":"park","road":"","osm":804281396},"geometry":{"type":"Polygon","coordinates":[[[-4.40314,36.7244],[-4.40323,36.72442],[-4.40326,36.72433],[-4.40327,36.72428],[-4.40321,36.72426],[-4.40314,36.7244]]]}},{"type":"Feature","properties":{"name":"","kind":"park","road":"","osm":804281402},"geometry":{"type":"Polygon","coordinates":[[[-4.40191,36.72349],[-4.40179,36.72356],[-4.40177,36.72359],[-4.40213,36.72366],[-4.40223,36.72368],[-4.4022,36.72376],[-4.40239,36.72384],[-4.4024,36.72381],[-4.40237,36.7238],[-4.40239,36.72366],[-4.40229,36.72366],[-4.4023,36.72356],[-4.40231,36.72356],[-4.40237,36.72356],[-4.40237,36.72353],[-4.40229,36.72351],[-4.40225,36.72349],[-4.40222,36.72349],[-4.40191,36.72349]]]}},{"type":"Feature","properties":{"name":"","kind":"park","road":"","osm":804292862},"geometry":{"type":"Polygon","coordinates":[[[-4.40338,36.72543],[-4.40338,36.72545],[-4.40422,36.72551],[-4.40433,36.72553],[-4.40444,36.72556],[-4.40446,36.72555],[-4.4043,36.7255],[-4.40403,36.72547],[-4.40354,36.72544],[-4.40345,36.72544],[-4.40338,36.72543]]]}},{"type":"Feature","properties":{"name":"","kind":"road","road":"tertiary","osm":804570172},"geometry":{"type":"LineString","coordinates":[[-4.40572,36.72718],[-4.40574,36.7272],[-4.4058,36.72722]]}},{"type":"Feature","properties":{"name":"Calle Sierra del Co","kind":"road","road":"tertiary","osm":804570173},"geometry":{"type":"LineString","coordinates":[[-4.40565,36.72727],[-4.4058,36.72722]]}},{"type":"Feature","properties":{"name":"Calle Sierra del Co","kind":"road","road":"tertiary","osm":804570174},"geometry":{"type":"LineString","coordinates":[[-4.40576,36.72709],[-4.40574,36.72714],[-4.40572,36.72718]]}},{"type":"Feature","properties":{"name":"","kind":"park","road":"","osm":804570177},"geometry":{"type":"Polygon","coordinates":[[[-4.40622,36.72662],[-4.40624,36.72639],[-4.40624,36.72638],[-4.40624,36.72637],[-4.40622,36.72636],[-4.4062,36.72636],[-4.40618,36.72637],[-4.40616,36.72639],[-4.40616,36.72643],[-4.40612,36.72653],[-4.40607,36.72661],[-4.40615,36.72662],[-4.40622,36.72662]]]}},{"type":"Feature","properties":{"name":"","kind":"park","road":"","osm":804570183},"geometry":{"type":"Polygon","coordinates":[[[-4.40534,36.72635],[-4.40544,36.72642],[-4.40552,36.72649],[-4.4055,36.7265],[-4.40549,36.7265],[-4.40545,36.72646],[-4.40542,36.72644],[-4.40538,36.72641],[-4.40534,36.72635]]]}},{"type":"Feature","properties":{"name":"","kind":"park","road":"","osm":804570184},"geometry":{"type":"Polygon","coordinates":[[[-4.40565,36.72671],[-4.40562,36.72672],[-4.40571,36.72688],[-4.40572,36.72687],[-4.40565,36.72671]]]}},{"type":"Feature","properties":{"name":"","kind":"park","road":"","osm":804570185},"geometry":{"type":"Polygon","coordinates":[[[-4.40557,36.72654],[-4.40555,36.72655],[-4.40555,36.72656],[-4.40558,36.72662],[-4.40561,36.72668],[-4.40564,36.72668],[-4.40561,36.72662],[-4.40557,36.72654]]]}},{"type":"Feature","properties":{"name":"","kind":"park","road":"","osm":804578604},"geometry":{"type":"Polygon","coordinates":[[[-4.40511,36.72622],[-4.40513,36.72621],[-4.40505,36.72616],[-4.40499,36.72612],[-4.40495,36.72606],[-4.40484,36.72585],[-4.40482,36.72586],[-4.40493,36.72608],[-4.40498,36.72613],[-4.40504,36.72618],[-4.40511,36.72622]]]}},{"type":"Feature","properties":{"name":"","kind":"park","road":"","osm":804621901},"geometry":{"type":"Polygon","coordinates":[[[-4.4046,36.72562],[-4.40459,36.72564],[-4.40454,36.72561],[-4.40456,36.72559],[-4.4046,36.72562]]]}},{"type":"Feature","properties":{"name":"","kind":"park","road":"","osm":804621902},"geometry":{"type":"Polygon","coordinates":[[[-4.40475,36.72568],[-4.40473,36.72567],[-4.40472,36.72568],[-4.40462,36.72564],[-4.40462,36.72565],[-4.40472,36.7257],[-4.40483,36.72577],[-4.40485,36.72575],[-4.40475,36.72568]]]}},{"type":"Feature","properties":{"name":"","kind":"park","road":"","osm":804621916},"geometry":{"type":"Polygon","coordinates":[[[-4.40124,36.72464],[-4.40137,36.7247],[-4.40137,36.72476],[-4.4014,36.7248],[-4.4014,36.72481],[-4.40138,36.72481],[-4.40133,36.72482],[-4.40124,36.72473],[-4.40124,36.72472],[-4.40123,36.72471],[-4.40124,36.72464]]]}},{"type":"Feature","properties":{"name":"","kind":"park","road":"","osm":804621917},"geometry":{"type":"Polygon","coordinates":[[[-4.40116,36.72481],[-4.40115,36.7248],[-4.40122,36.72473],[-4.40131,36.72482],[-4.4013,36.72482],[-4.40127,36.72482],[-4.40122,36.72482],[-4.40116,36.72481]]]}},{"type":"Feature","properties":{"name":"","kind":"park","road":"","osm":804621918},"geometry":{"type":"Polygon","coordinates":[[[-4.40113,36.72463],[-4.40121,36.72464],[-4.40121,36.7247],[-4.40119,36.72471],[-4.40119,36.72473],[-4.40113,36.72478],[-4.40112,36.72476],[-4.40113,36.72463]]]}},{"type":"Feature","properties":{"name":"","kind":"park","road":"","osm":804621919},"geometry":{"type":"Polygon","coordinates":[[[-4.40168,36.72488],[-4.40141,36.7248],[-4.40139,36.72475],[-4.40139,36.72472],[-4.4014,36.72469],[-4.40166,36.72479],[-4.40168,36.72488]]]}},{"type":"Feature","properties":{"name":"","kind":"park","road":"","osm":804861918},"geometry":{"type":"Polygon","coordinates":[[[-4.40237,36.72578],[-4.40234,36.72571],[-4.40228,36.72576],[-4.40237,36.72578]]]}},{"type":"Feature","properties":{"name":"","kind":"park","road":"","osm":804869437},"geometry":{"type":"Polygon","coordinates":[[[-4.40066,36.72513],[-4.40034,36.72505],[-4.4002,36.72501],[-4.40013,36.72496],[-4.40007,36.72491],[-4.4001,36.72499],[-4.40018,36.72504],[-4.40033,36.72509],[-4.40064,36.72517],[-4.40066,36.72513]]]}},{"type":"Feature","properties":{"name":"","kind":"park","road":"","osm":805370306},"geometry":{"type":"Polygon","coordinates":[[[-4.40573,36.72487],[-4.40566,36.72487],[-4.40565,36.72486],[-4.40563,36.72485],[-4.40562,36.72483],[-4.40562,36.72481],[-4.40569,36.72481],[-4.40575,36.72482],[-4.40573,36.72487]]]}},{"type":"Feature","properties":{"name":"","kind":"park","road":"","osm":805461994},"geometry":{"type":"Polygon","coordinates":[[[-4.40549,36.72151],[-4.40542,36.72152],[-4.40543,36.72153],[-4.40549,36.72151]]]}},{"type":"Feature","properties":{"name":"","kind":"park","road":"","osm":805461995},"geometry":{"type":"Polygon","coordinates":[[[-4.40553,36.72151],[-4.40552,36.72147],[-4.40571,36.72144],[-4.40575,36.72146],[-4.40565,36.72148],[-4.40553,36.72151]]]}},{"type":"Feature","properties":{"name":"","kind":"park","road":"","osm":805461999},"geometry":{"type":"Polygon","coordinates":[[[-4.40711,36.72118],[-4.4071,36.72114],[-4.40644,36.72128],[-4.40646,36.72132],[-4.40699,36.7212],[-4.40708,36.7212],[-4.40711,36.72119],[-4.40711,36.72118]]]}},{"type":"Feature","properties":{"name":"","kind":"park","road":"","osm":805462000},"geometry":{"type":"Polygon","coordinates":[[[-4.40609,36.72139],[-4.40605,36.7214],[-4.40604,36.72137],[-4.40608,36.72136],[-4.40609,36.72139]]]}},{"type":"Feature","properties":{"name":"","kind":"park","road":"","osm":805462001},"geometry":{"type":"Polygon","coordinates":[[[-4.40603,36.7214],[-4.40599,36.72141],[-4.40598,36.72138],[-4.40602,36.72137],[-4.40603,36.7214]]]}},{"type":"Feature","properties":{"name":"","kind":"park","road":"","osm":805462002},"geometry":{"type":"Polygon","coordinates":[[[-4.40596,36.72142],[-4.40593,36.72142],[-4.40592,36.72139],[-4.40595,36.72139],[-4.40596,36.72142]]]}},{"type":"Feature","properties":{"name":"","kind":"park","road":"","osm":805462003},"geometry":{"type":"Polygon","coordinates":[[[-4.4059,36.72143],[-4.40587,36.72144],[-4.40586,36.72141],[-4.40589,36.7214],[-4.4059,36.72143]]]}},{"type":"Feature","properties":{"name":"","kind":"park","road":"","osm":805491279},"geometry":{"type":"Polygon","coordinates":[[[-4.40974,36.72164],[-4.40975,36.72164],[-4.40975,36.72165],[-4.40975,36.72166],[-4.40974,36.72165],[-4.40973,36.72165],[-4.40974,36.72164]]]}},{"type":"Feature","properties":{"name":"","kind":"road","road":"pedestrian","osm":805501472},"geometry":{"type":"LineString","coordinates":[[-4.40747,36.72166],[-4.40745,36.72162],[-4.40744,36.72161],[-4.40745,36.72158],[-4.40747,36.72157],[-4.4075,36.72154],[-4.4075,36.7215],[-4.4075,36.72148],[-4.4075,36.72147],[-4.40753,36.72146],[-4.40763,36.72147],[-4.4079,36.72153],[-4.40794,36.72153],[-4.40796,36.72156],[-4.40793,36.72156],[-4.40777,36.72164],[-4.40778,36.72165],[-4.40773,36.72167],[-4.4077,36.72165],[-4.40762,36.72162],[-4.40754,36.72163],[-4.40747,36.72166]]}},{"type":"Feature","properties":{"name":"Plaza Virgen del Rocío","kind":"road","road":"pedestrian","osm":805987253},"geometry":{"type":"LineString","coordinates":[[-4.41118,36.72691],[-4.41119,36.7269],[-4.41121,36.72686],[-4.41122,36.72685],[-4.41123,36.72684],[-4.41125,36.72684],[-4.41134,36.72678],[-4.41146,36.72669],[-4.41147,36.72668],[-4.4115,36.7267],[-4.41149,36.72671],[-4.41154,36.72674],[-4.41156,36.72676],[-4.41157,36.72676],[-4.4116,36.72677],[-4.41165,36.72672],[-4.41166,36.72673],[-4.41167,36.72674],[-4.41162,36.72679],[-4.41162,36.72682],[-4.41166,36.72691],[-4.41167,36.72692],[-4.41166,36.72693],[-4.41163,36.72693],[-4.41163,36.72694],[-4.41151,36.72693],[-4.41151,36.72692],[-4.41118,36.72691]]}},{"type":"Feature","properties":{"name":"","kind":"park","road":"","osm":806034017},"geometry":{"type":"Polygon","coordinates":[[[-4.41252,36.7288],[-4.41256,36.72881],[-4.41259,36.72877],[-4.41258,36.72876],[-4.41247,36.72877],[-4.41243,36.72882],[-4.41249,36.72885],[-4.41252,36.7288]]]}},{"type":"Feature","properties":{"name":"","kind":"park","road":"","osm":806034025},"geometry":{"type":"Polygon","coordinates":[[[-4.41259,36.72845],[-4.41262,36.72849],[-4.41258,36.72852],[-4.41252,36.7286],[-4.41251,36.7286],[-4.41251,36.72859],[-4.41249,36.72859],[-4.41248,36.72859],[-4.41247,36.72861],[-4.41247,36.72862],[-4.41248,36.72863],[-4.41249,36.72862],[-4.41249,36.72863],[-4.41249,36.72864],[-4.41243,36.72873],[-4.41242,36.72875],[-4.41243,36.72876],[-4.41243,36.72877],[-4.41243,36.72878],[-4.41241,36.72881],[-4.41233,36.72878],[-4.41258,36.72845],[-4.41259,36.72845]]]}},{"type":"Feature","properties":{"name":"","kind":"park","road":"","osm":806034026},"geometry":{"type":"Polygon","coordinates":[[[-4.41263,36.72843],[-4.41266,36.72848],[-4.41267,36.72847],[-4.41269,36.72847],[-4.41308,36.72856],[-4.41311,36.72855],[-4.41313,36.72854],[-4.41313,36.72853],[-4.41263,36.72843]]]}},{"type":"Feature","properties":{"name":"","kind":"park","road":"","osm":806034027},"geometry":{"type":"Polygon","coordinates":[[[-4.41297,36.72879],[-4.41294,36.72881],[-4.4129,36.7288],[-4.41284,36.72872],[-4.41285,36.72871],[-4.41286,36.7287],[-4.41286,36.72869],[-4.41286,36.72868],[-4.41302,36.72864],[-4.41303,36.72864],[-4.41304,36.72865],[-4.41304,36.72866],[-4.41297,36.72879]]]}},{"type":"Feature","properties":{"name":"","kind":"park","road":"","osm":806034028},"geometry":{"type":"Polygon","coordinates":[[[-4.41311,36.72875],[-4.41304,36.72873],[-4.41304,36.72874],[-4.41303,36.72874],[-4.413,36.72879],[-4.41298,36.72881],[-4.41295,36.72883],[-4.41293,36.72884],[-4.41294,36.72885],[-4.4131,36.72876],[-4.41311,36.72875]]]}},{"type":"Feature","properties":{"name":"","kind":"park","road":"","osm":806034032},"geometry":{"type":"Polygon","coordinates":[[[-4.41315,36.72857],[-4.41312,36.72859],[-4.41311,36.7286],[-4.4131,36.7286],[-4.41305,36.7287],[-4.41305,36.72871],[-4.41306,36.72871],[-4.41311,36.72872],[-4.41316,36.72857],[-4.41315,36.72857]]]}},{"type":"Feature","properties":{"name":"","kind":"park","road":"","osm":806034034},"geometry":{"type":"Polygon","coordinates":[[[-4.41284,36.72865],[-4.41282,36.72865],[-4.41281,36.72864],[-4.4128,36.72864],[-4.41278,36.72864],[-4.41267,36.7285],[-4.41268,36.72849],[-4.41302,36.72856],[-4.41302,36.72857],[-4.41303,36.72858],[-4.41303,36.7286],[-4.41303,36.72861],[-4.41301,36.72861],[-4.41284,36.72865]]]}},{"type":"Feature","properties":{"name":"","kind":"park","road":"","osm":806034056},"geometry":{"type":"Polygon","coordinates":[[[-4.41291,36.72886],[-4.4129,36.72885],[-4.41287,36.72884],[-4.41286,36.72884],[-4.41281,36.72886],[-4.4128,36.72888],[-4.4128,36.72889],[-4.41281,36.72889],[-4.41283,36.7289],[-4.41287,36.72892],[-4.4129,36.72887],[-4.41291,36.72886]]]}},{"type":"Feature","properties":{"name":"","kind":"park","road":"","osm":806034060},"geometry":{"type":"Polygon","coordinates":[[[-4.41258,36.72882],[-4.41273,36.72888],[-4.41284,36.72882],[-4.41287,36.72882],[-4.41286,36.72879],[-4.41285,36.72879],[-4.41281,36.72874],[-4.41279,36.72874],[-4.41278,36.72873],[-4.41277,36.72873],[-4.41276,36.72872],[-4.41265,36.72875],[-4.41265,36.72876],[-4.41264,36.72877],[-4.41263,36.72877],[-4.41261,36.72877],[-4.41258,36.72882]]]}},{"type":"Feature","properties":{"name":"","kind":"park","road":"","osm":806034061},"geometry":{"type":"Polygon","coordinates":[[[-4.41253,36.72865],[-4.41252,36.72865],[-4.41251,36.72865],[-4.41246,36.72872],[-4.41246,36.72873],[-4.41247,36.72874],[-4.41248,36.72875],[-4.41249,36.72875],[-4.41258,36.72873],[-4.41259,36.72873],[-4.41258,36.72872],[-4.41257,36.72873],[-4.41256,36.72873],[-4.41255,36.72872],[-4.41255,36.72871],[-4.41256,36.7287],[-4.41256,36.72869],[-4.41253,36.72865]]]}},{"type":"Feature","properties":{"name":"","kind":"park","road":"","osm":806034062},"geometry":{"type":"Polygon","coordinates":[[[-4.41274,36.7287],[-4.41274,36.72869],[-4.41274,36.72868],[-4.41275,36.72867],[-4.41275,36.72866],[-4.41264,36.72851],[-4.4126,36.72854],[-4.41254,36.72861],[-4.41254,36.72862],[-4.41261,36.72871],[-4.41263,36.72871],[-4.41264,36.72872],[-4.41265,36.72872],[-4.41274,36.7287]]]}},{"type":"Feature","properties":{"name":"","kind":"park","road":"","osm":806078215},"geometry":{"type":"Polygon","coordinates":[[[-4.41555,36.72215],[-4.41505,36.7218],[-4.41507,36.72179],[-4.41524,36.72179],[-4.41524,36.72182],[-4.4153,36.72182],[-4.4153,36.72178],[-4.41549,36.72179],[-4.41549,36.72183],[-4.41555,36.72182],[-4.41555,36.72179],[-4.41575,36.72179],[-4.41575,36.72183],[-4.41581,36.72184],[-4.41581,36.72179],[-4.41602,36.7218],[-4.41604,36.72184],[-4.41566,36.72196],[-4.41561,36.72207],[-4.41555,36.72215]]]}},{"type":"Feature","properties":{"name":"","kind":"park","road":"","osm":806078218},"geometry":{"type":"Polygon","coordinates":[[[-4.41611,36.72182],[-4.41614,36.72179],[-4.41617,36.72169],[-4.41612,36.72165],[-4.41614,36.7214],[-4.4161,36.72139],[-4.41609,36.72144],[-4.41611,36.72144],[-4.4161,36.72147],[-4.41608,36.72146],[-4.41605,36.72154],[-4.41608,36.72155],[-4.41608,36.72157],[-4.41604,36.72157],[-4.41602,36.72164],[-4.41603,36.72165],[-4.41601,36.72173],[-4.41607,36.72177],[-4.41609,36.72176],[-4.41611,36.7218],[-4.41611,36.72182]]]}},{"type":"Feature","properties":{"name":"","kind":"park","road":"","osm":806373778},"geometry":{"type":"Polygon","coordinates":[[[-4.39992,36.72242],[-4.39996,36.72249],[-4.39988,36.72252],[-4.39984,36.72245],[-4.39992,36.72242]]]}},{"type":"Feature","properties":{"name":"","kind":"park","road":"","osm":806373779},"geometry":{"type":"Polygon","coordinates":[[[-4.4002,36.72232],[-4.40022,36.72236],[-4.40021,36.72237],[-4.40021,36.72238],[-4.40021,36.7224],[-4.4001,36.72244],[-4.40006,36.72237],[-4.4002,36.72232]]]}},{"type":"Feature","properties":{"name":"","kind":"park","road":"","osm":806373780},"geometry":{"type":"Polygon","coordinates":[[[-4.40031,36.72243],[-4.4003,36.72241],[-4.40031,36.72239],[-4.40031,36.72237],[-4.40029,36.72235],[-4.40027,36.72235],[-4.40026,36.72235],[-4.40023,36.72231],[-4.40032,36.72228],[-4.4004,36.72242],[-4.40034,36.72245],[-4.40033,36.72244],[-4.40033,36.72243],[-4.40031,36.72243]]]}},{"type":"Feature","properties":{"name":"","kind":"park","road":"","osm":806373781},"geometry":{"type":"Polygon","coordinates":[[[-4.39983,36.72271],[-4.39989,36.72269],[-4.39993,36.72266],[-4.39995,36.72262],[-4.39996,36.72259],[-4.39995,36.72255],[-4.39996,36.72253],[-4.39998,36.72252],[-4.40026,36.72242],[-4.40027,36.72245],[-4.40025,36.72245],[-4.40026,36.72247],[-4.40019,36.7225],[-4.40018,36.72249],[-4.40016,36.72249],[-4.40015,36.72249],[-4.40014,36.7225],[-4.40014,36.72251],[-4.40014,36.72252],[-4.40015,36.72253],[-4.40016,36.72253],[-4.4002,36.72261],[-4.40027,36.72259],[-4.40029,36.72262],[-4.40031,36.72266],[-4.39995,36.72278],[-4.3999,36.72278],[-4.39987,36.72278],[-4.39983,36.72271]]]}},{"type":"Feature","properties":{"name":"","kind":"park","road":"","osm":806383888},"geometry":{"type":"Polygon","coordinates":[[[-4.40255,36.72167],[-4.40255,36.72166],[-4.40258,36.72164],[-4.40258,36.72166],[-4.40258,36.72167],[-4.40255,36.72167]]]}},{"type":"Feature","properties":{"name":"","kind":"park","road":"","osm":806412383},"geometry":{"type":"Polygon","coordinates":[[[-4.4062,36.72181],[-4.40615,36.72182],[-4.40612,36.72183],[-4.40616,36.72178],[-4.4062,36.72181]]]}},{"type":"Feature","properties":{"name":"Calle Paraguay","kind":"road","road":"pedestrian","osm":806646243},"geometry":{"type":"LineString","coordinates":[[-4.41269,36.71617],[-4.41307,36.71631]]}},{"type":"Feature","properties":{"name":"","kind":"park","road":"","osm":807270455},"geometry":{"type":"Polygon","coordinates":[[[-4.42322,36.71484],[-4.42324,36.71486],[-4.42327,36.71492],[-4.4231,36.71496],[-4.42322,36.71484]]]}},{"type":"Feature","properties":{"name":"Jardines Alfonso Canales","kind":"park","road":"","osm":807283399},"geometry":{"type":"Polygon","coordinates":[[[-4.42093,36.71652],[-4.42096,36.71652],[-4.42102,36.71653],[-4.42105,36.71654],[-4.42107,36.71656],[-4.42109,36.71659],[-4.4211,36.71661],[-4.42115,36.71671],[-4.42121,36.71685],[-4.42122,36.71688],[-4.42119,36.71691],[-4.42117,36.71693],[-4.42106,36.71698],[-4.42102,36.717],[-4.42093,36.71703],[-4.42086,36.71704],[-4.42079,36.71704],[-4.42076,36.71705],[-4.42073,36.71706],[-4.42071,36.71707],[-4.42064,36.7171],[-4.42057,36.71713],[-4.42054,36.71714],[-4.42048,36.71715],[-4.42043,36.71714],[-4.4204,36.7171],[-4.42061,36.71684],[-4.42093,36.71652]]]}},{"type":"Feature","properties":{"name":"","kind":"park","road":"","osm":807519564},"geometry":{"type":"Polygon","coordinates":[[[-4.39996,36.72445],[-4.39999,36.72444],[-4.39984,36.72423],[-4.39983,36.72424],[-4.39996,36.72445]]]}},{"type":"Feature","properties":{"name":"","kind":"park","road":"","osm":807519565},"geometry":{"type":"Polygon","coordinates":[[[-4.40004,36.72451],[-4.40001,36.72453],[-4.39997,36.72447],[-4.4,36.72445],[-4.40001,36.72447],[-4.40003,36.72451],[-4.40004,36.72451]]]}},{"type":"Feature","properties":{"name":"","kind":"park","road":"","osm":807519566},"geometry":{"type":"Polygon","coordinates":[[[-4.40001,36.72453],[-4.40003,36.72457],[-4.40003,36.72458],[-4.40006,36.72456],[-4.40004,36.72452],[-4.40001,36.72453]]]}},{"type":"Feature","properties":{"name":"","kind":"park","road":"","osm":807726897},"geometry":{"type":"Polygon","coordinates":[[[-4.40719,36.72784],[-4.4072,36.72785],[-4.4071,36.72799],[-4.4071,36.72809],[-4.40709,36.72809],[-4.40709,36.7281],[-4.40705,36.72811],[-4.40705,36.72798],[-4.40706,36.72795],[-4.40711,36.72792],[-4.40719,36.72784]]]}},{"type":"Feature","properties":{"name":"","kind":"park","road":"","osm":807726898},"geometry":{"type":"Polygon","coordinates":[[[-4.40728,36.7279],[-4.40724,36.72791],[-4.40722,36.72796],[-4.4072,36.72797],[-4.40718,36.72799],[-4.40716,36.72803],[-4.40714,36.72808],[-4.40713,36.72808],[-4.40713,36.72807],[-4.40713,36.728],[-4.40717,36.72793],[-4.40722,36.72786],[-4.40723,36.72785],[-4.40723,36.72784],[-4.40721,36.72781],[-4.40726,36.72775],[-4.40728,36.72788],[-4.40728,36.7279]]]}},{"type":"Feature","properties":{"name":"","kind":"park","road":"","osm":807726899},"geometry":{"type":"Polygon","coordinates":[[[-4.40726,36.72817],[-4.40724,36.72814],[-4.40724,36.7281],[-4.4073,36.72806],[-4.40731,36.72814],[-4.40726,36.72817]]]}},{"type":"Feature","properties":{"name":"","kind":"park","road":"","osm":807726900},"geometry":{"type":"Polygon","coordinates":[[[-4.40704,36.72815],[-4.40709,36.72814],[-4.4071,36.72814],[-4.40712,36.72814],[-4.40716,36.72815],[-4.4072,36.72817],[-4.40724,36.72819],[-4.40705,36.7283],[-4.40704,36.72815]]]}},{"type":"Feature","properties":{"name":"","kind":"park","road":"","osm":807733604},"geometry":{"type":"Polygon","coordinates":[[[-4.40713,36.72937],[-4.4071,36.72935],[-4.4071,36.7293],[-4.40712,36.7292],[-4.40698,36.72902],[-4.40699,36.72901],[-4.40712,36.72903],[-4.40713,36.72903],[-4.40716,36.72904],[-4.40718,36.72905],[-4.40717,36.72908],[-4.40716,36.72912],[-4.40716,36.72916],[-4.40715,36.7292],[-4.4074,36.72924],[-4.40741,36.72925],[-4.40727,36.72927],[-4.4072,36.72928],[-4.40713,36.72929],[-4.40713,36.72937]]]}},{"type":"Feature","properties":{"name":"","kind":"park","road":"","osm":807733605},"geometry":{"type":"Polygon","coordinates":[[[-4.40712,36.72937],[-4.40711,36.72943],[-4.40704,36.72943],[-4.40697,36.72942],[-4.40692,36.7294],[-4.40685,36.72937],[-4.40696,36.72889],[-4.40697,36.72887],[-4.40697,36.72886],[-4.40699,36.72889],[-4.407,36.72891],[-4.40704,36.72894],[-4.40712,36.72902],[-4.40711,36.72902],[-4.40698,36.72899],[-4.40696,36.729],[-4.40695,36.72902],[-4.40696,36.72904],[-4.4071,36.7292],[-4.40708,36.7293],[-4.40708,36.72936],[-4.40712,36.72937]]]}},{"type":"Feature","properties":{"name":"","kind":"park","road":"","osm":807738354},"geometry":{"type":"Polygon","coordinates":[[[-4.40747,36.72893],[-4.40743,36.72897],[-4.40748,36.72896],[-4.40756,36.72891],[-4.4076,36.72887],[-4.40751,36.72881],[-4.40749,36.72883],[-4.40746,36.72886],[-4.40751,36.72889],[-4.40747,36.72893]]]}},{"type":"Feature","properties":{"name":"Pasillo del Matadero","kind":"road","road":"primary","osm":824122900},"geometry":{"type":"LineString","coordinates":[[-4.42639,36.71575],[-4.42641,36.71569],[-4.42642,36.71565],[-4.42643,36.7156]]}},{"type":"Feature","properties":{"name":"Avenida Arroyo de los Ángeles","kind":"road","road":"secondary","osm":831698013},"geometry":{"type":"LineString","coordinates":[[-4.42689,36.72696],[-4.42703,36.72703],[-4.42708,36.72705],[-4.42788,36.72738]]}},{"type":"Feature","properties":{"name":"Avenida Doctor Gálvez Ginachero","kind":"road","road":"tertiary","osm":831698014},"geometry":{"type":"LineString","coordinates":[[-4.42869,36.72688],[-4.4286,36.72688],[-4.42854,36.72687],[-4.42785,36.72683],[-4.42779,36.72683],[-4.42745,36.72681],[-4.42731,36.7268],[-4.42709,36.72679],[-4.42704,36.72678],[-4.427,36.72678],[-4.42683,36.72677]]}},{"type":"Feature","properties":{"name":"Plaza del Poeta Manuel Alcántara","kind":"road","road":"secondary","osm":832892260},"geometry":{"type":"LineString","coordinates":[[-4.4294,36.71651],[-4.42933,36.71654],[-4.42926,36.71658]]}},{"type":"Feature","properties":{"name":"Glorieta Albert Camus","kind":"road","road":"secondary","osm":832892261},"geometry":{"type":"LineString","coordinates":[[-4.42947,36.71599],[-4.4295,36.71604]]}},{"type":"Feature","properties":{"name":"Glorieta Albert Camus","kind":"road","road":"secondary","osm":832892262},"geometry":{"type":"LineString","coordinates":[[-4.42979,36.71607],[-4.42984,36.71603]]}},{"type":"Feature","properties":{"name":"Plaza del Poeta Manuel Alcántara","kind":"road","road":"secondary","osm":832892263},"geometry":{"type":"LineString","coordinates":[[-4.42978,36.71654],[-4.4296,36.71649],[-4.4294,36.71651]]}},{"type":"Feature","properties":{"name":"Avenida de la Aurora","kind":"road","road":"secondary","osm":832892264},"geometry":{"type":"LineString","coordinates":[[-4.42849,36.71586],[-4.42875,36.7159],[-4.42925,36.71593],[-4.42928,36.71593],[-4.42935,36.71595],[-4.42939,36.71595],[-4.42947,36.71599]]}},{"type":"Feature","properties":{"name":"Glorieta Albert Camus","kind":"road","road":"secondary","osm":832892265},"geometry":{"type":"LineString","coordinates":[[-4.42949,36.71581],[-4.42945,36.7159],[-4.42947,36.71599]]}},{"type":"Feature","properties":{"name":"","kind":"park","road":"","osm":832967585},"geometry":{"type":"Polygon","coordinates":[[[-4.42954,36.71613],[-4.42963,36.71615],[-4.42971,36.71615],[-4.42971,36.71619],[-4.42953,36.71618],[-4.42954,36.71613]]]}},{"type":"Feature","properties":{"name":"Avenida Andalucía","kind":"road","road":"secondary","osm":832977690},"geometry":{"type":"LineString","coordinates":[[-4.42996,36.71677],[-4.42976,36.71673],[-4.42955,36.7167]]}},{"type":"Feature","properties":{"name":"Fuente de las Tres Gitanillas","kind":"water","road":"","osm":832977693},"geometry":{"type":"Polygon","coordinates":[[[-4.42957,36.71681],[-4.42955,36.7168],[-4.42953,36.7168],[-4.42951,36.7168],[-4.4295,36.71681],[-4.42949,36.71682],[-4.42948,36.71684],[-4.42949,36.71686],[-4.4295,36.71687],[-4.42952,36.71688],[-4.42954,36.71688],[-4.42956,36.71688],[-4.42957,36.71687],[-4.42958,36.71685],[-4.42959,36.71684],[-4.42958,36.71682],[-4.42957,36.71681]]]}},{"type":"Feature","properties":{"name":"Avenida Andalucía","kind":"road","road":"secondary","osm":832977694},"geometry":{"type":"LineString","coordinates":[[-4.4264,36.71684],[-4.42652,36.71684],[-4.42676,36.71683]]}},{"type":"Feature","properties":{"name":"Alameda Principal","kind":"road","road":"tertiary","osm":832977696},"geometry":{"type":"LineString","coordinates":[[-4.42501,36.71696],[-4.42513,36.71695],[-4.42524,36.71694],[-4.42538,36.71693],[-4.42545,36.71693],[-4.42553,36.71692]]}},{"type":"Feature","properties":{"name":"Puente de Tetuán","kind":"road","road":"secondary","osm":832977699},"geometry":{"type":"LineString","coordinates":[[-4.42553,36.71692],[-4.4256,36.71692],[-4.4264,36.71684]]}},{"type":"Feature","properties":{"name":"","kind":"park","road":"","osm":833135987},"geometry":{"type":"Polygon","coordinates":[[[-4.42799,36.71696],[-4.42863,36.717],[-4.42851,36.71695],[-4.42846,36.71693],[-4.42838,36.71693],[-4.42838,36.71695],[-4.42838,36.71697],[-4.42817,36.71696],[-4.42813,36.71695],[-4.42799,36.71696]]]}},{"type":"Feature","properties":{"name":"","kind":"park","road":"","osm":833135990},"geometry":{"type":"Polygon","coordinates":[[[-4.42734,36.71691],[-4.42734,36.71688],[-4.42747,36.71688],[-4.42744,36.71691],[-4.42734,36.71691]]]}},{"type":"Feature","properties":{"name":"","kind":"park","road":"","osm":833135991},"geometry":{"type":"Polygon","coordinates":[[[-4.42727,36.7169],[-4.42727,36.71688],[-4.42699,36.71687],[-4.42702,36.71689],[-4.42727,36.7169]]]}},{"type":"Feature","properties":{"name":"","kind":"park","road":"","osm":833135998},"geometry":{"type":"Polygon","coordinates":[[[-4.42894,36.71681],[-4.42904,36.71683],[-4.42905,36.71682],[-4.42906,36.7168],[-4.42905,36.71679],[-4.42905,36.71678],[-4.42894,36.71678],[-4.42894,36.71681]]]}},{"type":"Feature","properties":{"name":"Avenida Andalucía","kind":"road","road":"secondary","osm":833135999},"geometry":{"type":"LineString","coordinates":[[-4.42822,36.71669],[-4.42801,36.71668]]}},{"type":"Feature","properties":{"name":"","kind":"park","road":"","osm":833136001},"geometry":{"type":"Polygon","coordinates":[[[-4.42895,36.71658],[-4.42895,36.71666],[-4.42902,36.71665],[-4.42904,36.71663],[-4.42904,36.71661],[-4.42903,36.71659],[-4.42895,36.71658]]]}},{"type":"Feature","properties":{"name":"","kind":"park","road":"","osm":833138397},"geometry":{"type":"Polygon","coordinates":[[[-4.42832,36.71655],[-4.42834,36.71654],[-4.42875,36.71658],[-4.42876,36.71659],[-4.42882,36.71659],[-4.42882,36.71661],[-4.42832,36.71658],[-4.42796,36.71657],[-4.42757,36.71654],[-4.4275,36.71654],[-4.42747,36.71652],[-4.42749,36.7165],[-4.42758,36.71647],[-4.4276,36.71648],[-4.4277,36.71649],[-4.42811,36.71653],[-4.42812,36.71651],[-4.42814,36.71649],[-4.42831,36.71651],[-4.42831,36.71653],[-4.42832,36.71655]]]}},{"type":"Feature","properties":{"name":"","kind":"park","road":"","osm":833139426},"geometry":{"type":"Polygon","coordinates":[[[-4.42893,36.71695],[-4.42904,36.71698],[-4.42905,36.71701],[-4.42903,36.71702],[-4.429,36.71702],[-4.42892,36.71702],[-4.42893,36.71695]]]}},{"type":"Feature","properties":{"name":"","kind":"park","road":"","osm":833139427},"geometry":{"type":"Polygon","coordinates":[[[-4.42772,36.71687],[-4.42812,36.71688],[-4.42831,36.71689],[-4.42831,36.7169],[-4.42812,36.71689],[-4.42804,36.71689],[-4.428,36.7169],[-4.42805,36.71692],[-4.42771,36.71692],[-4.42754,36.71692],[-4.42757,36.71689],[-4.42759,36.71688],[-4.42772,36.71687]]]}},{"type":"Feature","properties":{"name":"","kind":"park","road":"","osm":833139429},"geometry":{"type":"Polygon","coordinates":[[[-4.42859,36.7169],[-4.42859,36.71694],[-4.4288,36.71695],[-4.4288,36.71701],[-4.42871,36.717],[-4.42865,36.71698],[-4.42858,36.71694],[-4.42849,36.71691],[-4.42831,36.7169],[-4.42831,36.71689],[-4.42859,36.7169]]]}},{"type":"Feature","properties":{"name":"Avenida Andalucía","kind":"road","road":"secondary","osm":833142499},"geometry":{"type":"LineString","coordinates":[[-4.42798,36.71668],[-4.42788,36.71668],[-4.42778,36.71669],[-4.42766,36.7167],[-4.42731,36.71669],[-4.42699,36.71667]]}},{"type":"Feature","properties":{"name":"Avenida Andalucía","kind":"road","road":"secondary","osm":833143544},"geometry":{"type":"LineString","coordinates":[[-4.42952,36.71697],[-4.42968,36.71698],[-4.42993,36.71696]]}},{"type":"Feature","properties":{"name":"Plaza del Poeta Manuel Alcántara","kind":"road","road":"secondary","osm":833143545},"geometry":{"type":"LineString","coordinates":[[-4.42915,36.7169],[-4.42921,36.71701]]}},{"type":"Feature","properties":{"name":"Paseo del Parque","kind":"road","road":"tertiary","osm":833238120},"geometry":{"type":"LineString","coordinates":[[-4.41428,36.71998],[-4.41405,36.72004],[-4.41364,36.72016]]}},{"type":"Feature","properties":{"name":"Calle Hilera","kind":"road","road":"secondary","osm":833462419},"geometry":{"type":"LineString","coordinates":[[-4.42854,36.71794],[-4.4287,36.71795],[-4.42897,36.71797]]}},{"type":"Feature","properties":{"name":"Pasillo del Matadero","kind":"road","road":"primary","osm":833511036},"geometry":{"type":"LineString","coordinates":[[-4.42637,36.7159],[-4.42638,36.71586],[-4.42639,36.71583],[-4.42639,36.71575]]}},{"type":"Feature","properties":{"name":"Avenida Andalucía","kind":"road","road":"primary","osm":835227997},"geometry":{"type":"LineString","coordinates":[[-4.43014,36.71681],[-4.42996,36.71677]]}},{"type":"Feature","properties":{"name":"Plaza del Poeta Manuel Alcántara","kind":"road","road":"secondary","osm":835227998},"geometry":{"type":"LineString","coordinates":[[-4.42996,36.71677],[-4.4299,36.71664],[-4.42978,36.71654]]}},{"type":"Feature","properties":{"name":"Avenida Andalucía","kind":"road","road":"secondary","osm":835227999},"geometry":{"type":"LineString","coordinates":[[-4.42867,36.71671],[-4.42843,36.7167]]}},{"type":"Feature","properties":{"name":"Calle Explanada de la Estación","kind":"road","road":"primary","osm":835482866},"geometry":{"type":"LineString","coordinates":[[-4.43106,36.71231],[-4.43104,36.71229],[-4.43083,36.71198],[-4.43076,36.71189]]}},{"type":"Feature","properties":{"name":"Avenida Manuel Agustín Heredia","kind":"road","road":"primary","osm":835536544},"geometry":{"type":"LineString","coordinates":[[-4.42197,36.71538],[-4.42198,36.71536]]}},{"type":"Feature","properties":{"name":"Paseo del Parque","kind":"road","road":"tertiary","osm":835771553},"geometry":{"type":"LineString","coordinates":[[-4.41364,36.72016],[-4.41352,36.72019]]}},{"type":"Feature","properties":{"name":"Avenida Andalucía","kind":"road","road":"secondary","osm":836068940},"geometry":{"type":"LineString","coordinates":[[-4.42843,36.7167],[-4.42822,36.71669]]}},{"type":"Feature","properties":{"name":"Paseo del Parque","kind":"road","road":"tertiary","osm":836662623},"geometry":{"type":"LineString","coordinates":[[-4.41305,36.72046],[-4.4131,36.72043]]}},{"type":"Feature","properties":{"name":"Paseo del Parque","kind":"road","road":"tertiary","osm":838127293},"geometry":{"type":"LineString","coordinates":[[-4.41696,36.71923],[-4.41665,36.71931],[-4.41639,36.71938],[-4.41622,36.71943],[-4.41621,36.71944],[-4.41597,36.7195],[-4.41591,36.71952],[-4.41589,36.71953],[-4.4157,36.71958],[-4.4156,36.71961],[-4.41556,36.71962],[-4.41496,36.71979],[-4.41479,36.71983],[-4.41468,36.71986]]}},{"type":"Feature","properties":{"name":"Alameda Principal","kind":"road","road":"tertiary","osm":838607006},"geometry":{"type":"LineString","coordinates":[[-4.42112,36.71805],[-4.42145,36.71796]]}},{"type":"Feature","properties":{"name":"","kind":"park","road":"","osm":839857767},"geometry":{"type":"Polygon","coordinates":[[[-4.42722,36.71646],[-4.42725,36.71643],[-4.42727,36.71639],[-4.42729,36.71635],[-4.4273,36.7163],[-4.42731,36.71625],[-4.42729,36.71626],[-4.42728,36.71629],[-4.42726,36.71632],[-4.42721,36.71639],[-4.42719,36.71644],[-4.42722,36.71646]]]}},{"type":"Feature","properties":{"name":"Avenida de la Aurora","kind":"road","road":"primary","osm":839879314},"geometry":{"type":"LineString","coordinates":[[-4.42639,36.71575],[-4.42627,36.71575]]}},{"type":"Feature","properties":{"name":"Pasillo del Matadero","kind":"road","road":"primary","osm":839879315},"geometry":{"type":"LineString","coordinates":[[-4.42643,36.7156],[-4.42641,36.71551]]}},{"type":"Feature","properties":{"name":"Avenida de la Aurora","kind":"road","road":"secondary","osm":839879316},"geometry":{"type":"LineString","coordinates":[[-4.42639,36.71575],[-4.42661,36.71575]]}},{"type":"Feature","properties":{"name":"Avenida Andalucía","kind":"road","road":"secondary","osm":839882731},"geometry":{"type":"LineString","coordinates":[[-4.42801,36.71668],[-4.42798,36.71668]]}},{"type":"Feature","properties":{"name":"Avenida Andalucía","kind":"road","road":"secondary","osm":843593899},"geometry":{"type":"LineString","coordinates":[[-4.42699,36.71667],[-4.42689,36.71666],[-4.4268,36.71666],[-4.42667,36.71666],[-4.42655,36.71667],[-4.42641,36.71668]]}},{"type":"Feature","properties":{"name":"Puente de Tetuán","kind":"road","road":"secondary","osm":843593900},"geometry":{"type":"LineString","coordinates":[[-4.42641,36.71668],[-4.42557,36.71677]]}},{"type":"Feature","properties":{"name":"","kind":"park","road":"","osm":850164224},"geometry":{"type":"Polygon","coordinates":[[[-4.41907,36.7274],[-4.4191,36.72739],[-4.41908,36.72736],[-4.41905,36.72738],[-4.41907,36.7274]]]}},{"type":"Feature","properties":{"name":"","kind":"park","road":"","osm":850164225},"geometry":{"type":"Polygon","coordinates":[[[-4.41907,36.7274],[-4.4191,36.72743],[-4.41907,36.72745],[-4.41905,36.72742],[-4.41907,36.7274]]]}},{"type":"Feature","properties":{"name":"","kind":"park","road":"","osm":850164226},"geometry":{"type":"Polygon","coordinates":[[[-4.41881,36.7275],[-4.41883,36.72751],[-4.41885,36.7274],[-4.41883,36.7274],[-4.41881,36.7275]]]}},{"type":"Feature","properties":{"name":"","kind":"park","road":"","osm":850164227},"geometry":{"type":"Polygon","coordinates":[[[-4.41879,36.72759],[-4.41882,36.72759],[-4.4188,36.7277],[-4.41878,36.7277],[-4.41879,36.72759]]]}},{"type":"Feature","properties":{"name":"","kind":"park","road":"","osm":850164228},"geometry":{"type":"Polygon","coordinates":[[[-4.4193,36.72756],[-4.41927,36.72756],[-4.41929,36.72745],[-4.41931,36.72746],[-4.4193,36.72756]]]}},{"type":"Feature","properties":{"name":"","kind":"park","road":"","osm":850164229},"geometry":{"type":"Polygon","coordinates":[[[-4.41926,36.72775],[-4.41924,36.72774],[-4.41926,36.72763],[-4.41928,36.72764],[-4.41926,36.72775]]]}},{"type":"Feature","properties":{"name":"","kind":"park","road":"","osm":850164231},"geometry":{"type":"Polygon","coordinates":[[[-4.41915,36.72722],[-4.41915,36.72723],[-4.41929,36.72725],[-4.41929,36.72726],[-4.41932,36.72727],[-4.41929,36.72742],[-4.41932,36.72742],[-4.41935,36.72724],[-4.41915,36.72722]]]}},{"type":"Feature","properties":{"name":"","kind":"park","road":"","osm":850164232},"geometry":{"type":"Polygon","coordinates":[[[-4.41906,36.72721],[-4.41906,36.72722],[-4.41892,36.72721],[-4.41891,36.72722],[-4.41888,36.72722],[-4.41886,36.72737],[-4.41883,36.72737],[-4.41887,36.72719],[-4.41906,36.72721]]]}},{"type":"Feature","properties":{"name":"","kind":"park","road":"","osm":850164233},"geometry":{"type":"Polygon","coordinates":[[[-4.41903,36.72795],[-4.41903,36.72794],[-4.41917,36.72795],[-4.41917,36.72794],[-4.4192,36.72794],[-4.41923,36.72779],[-4.41925,36.72779],[-4.41922,36.72797],[-4.41903,36.72795]]]}},{"type":"Feature","properties":{"name":"","kind":"park","road":"","osm":850164234},"geometry":{"type":"Polygon","coordinates":[[[-4.41893,36.72794],[-4.41893,36.72793],[-4.41879,36.72791],[-4.4188,36.7279],[-4.41877,36.72789],[-4.41879,36.72774],[-4.41877,36.72774],[-4.41874,36.72792],[-4.41893,36.72794]]]}},{"type":"Feature","properties":{"name":"","kind":"park","road":"","osm":850164235},"geometry":{"type":"Polygon","coordinates":[[[-4.41913,36.72787],[-4.41911,36.72788],[-4.41909,36.72787],[-4.41908,36.72788],[-4.41909,36.72789],[-4.41912,36.72789],[-4.41914,36.72788],[-4.41915,36.72785],[-4.41913,36.72784],[-4.41912,36.72785],[-4.41913,36.72787]]]}},{"type":"Feature","properties":{"name":"","kind":"park","road":"","osm":850164236},"geometry":{"type":"Polygon","coordinates":[[[-4.41886,36.72784],[-4.41888,36.72786],[-4.41889,36.72785],[-4.41891,36.72786],[-4.41889,36.72787],[-4.41886,36.72787],[-4.41884,36.72785],[-4.41885,36.72782],[-4.41887,36.72781],[-4.41888,36.72783],[-4.41886,36.72784]]]}},{"type":"Feature","properties":{"name":"","kind":"park","road":"","osm":850164237},"geometry":{"type":"Polygon","coordinates":[[[-4.41923,36.72732],[-4.41921,36.7273],[-4.41919,36.72731],[-4.41918,36.7273],[-4.4192,36.72729],[-4.41923,36.72729],[-4.41924,36.72731],[-4.41924,36.72734],[-4.41922,36.72735],[-4.41921,36.72733],[-4.41923,36.72732]]]}},{"type":"Feature","properties":{"name":"","kind":"park","road":"","osm":850164238},"geometry":{"type":"Polygon","coordinates":[[[-4.41898,36.72728],[-4.41895,36.72729],[-4.41897,36.72731],[-4.41895,36.72732],[-4.41894,36.7273],[-4.41894,36.72728],[-4.41897,36.72726],[-4.41899,36.72727],[-4.41901,36.72728],[-4.41899,36.72729],[-4.41898,36.72728]]]}},{"type":"Feature","properties":{"name":"","kind":"park","road":"","osm":850164239},"geometry":{"type":"Polygon","coordinates":[[[-4.41921,36.72753],[-4.41922,36.7275],[-4.4192,36.72748],[-4.41918,36.72749],[-4.4192,36.72751],[-4.41918,36.72752],[-4.41919,36.72754],[-4.41921,36.72753]]]}},{"type":"Feature","properties":{"name":"","kind":"park","road":"","osm":850164240},"geometry":{"type":"Polygon","coordinates":[[[-4.41918,36.72771],[-4.41919,36.72768],[-4.41918,36.72766],[-4.41916,36.72768],[-4.41917,36.72769],[-4.41915,36.7277],[-4.41916,36.72772],[-4.41918,36.72771]]]}},{"type":"Feature","properties":{"name":"","kind":"park","road":"","osm":850164241},"geometry":{"type":"Polygon","coordinates":[[[-4.41889,36.72745],[-4.41889,36.72748],[-4.4189,36.72749],[-4.41892,36.72748],[-4.41891,36.72746],[-4.41893,36.72745],[-4.41891,36.72744],[-4.41889,36.72745]]]}},{"type":"Feature","properties":{"name":"","kind":"park","road":"","osm":850164242},"geometry":{"type":"Polygon","coordinates":[[[-4.41887,36.72764],[-4.41886,36.72767],[-4.41888,36.72768],[-4.4189,36.72767],[-4.41888,36.72765],[-4.4189,36.72764],[-4.41889,36.72762],[-4.41887,36.72764]]]}},{"type":"Feature","properties":{"name":"","kind":"park","road":"","osm":850164243},"geometry":{"type":"Polygon","coordinates":[[[-4.4191,36.72755],[-4.41908,36.72753],[-4.41906,36.72752],[-4.41903,36.72752],[-4.41901,36.72753],[-4.41899,36.72755],[-4.41898,36.72757],[-4.41898,36.72758],[-4.41899,36.7276],[-4.419,36.72761],[-4.41902,36.72762],[-4.41904,36.72763],[-4.41907,36.72762],[-4.41909,36.72761],[-4.41911,36.72759],[-4.41911,36.72757],[-4.4191,36.72755]]]}},{"type":"Feature","properties":{"name":"","kind":"park","road":"","osm":850164244},"geometry":{"type":"Polygon","coordinates":[[[-4.41901,36.72775],[-4.41904,36.72773],[-4.41901,36.72771],[-4.41899,36.72773],[-4.41901,36.72775]]]}},{"type":"Feature","properties":{"name":"","kind":"park","road":"","osm":850164245},"geometry":{"type":"Polygon","coordinates":[[[-4.41901,36.72775],[-4.41903,36.72777],[-4.41901,36.72779],[-4.41898,36.72777],[-4.41901,36.72775]]]}},{"type":"Feature","properties":{"name":"Parque del Ejido","kind":"park","road":"","osm":850164248},"geometry":{"type":"Polygon","coordinates":[[[-4.41874,36.72792],[-4.41893,36.72794],[-4.41898,36.72795],[-4.41903,36.72795],[-4.41922,36.72797],[-4.41925,36.72779],[-4.41926,36.72777],[-4.41926,36.72775],[-4.41928,36.72764],[-4.41929,36.7276],[-4.4193,36.72756],[-4.41931,36.72746],[-4.41932,36.72744],[-4.41932,36.72742],[-4.41933,36.72736],[-4.41935,36.72724],[-4.41915,36.72722],[-4.41912,36.72722],[-4.41906,36.72721],[-4.41887,36.72719],[-4.41883,36.72737],[-4.41883,36.72738],[-4.41883,36.7274],[-4.41881,36.7275],[-4.4188,36.72754],[-4.41879,36.72759],[-4.41878,36.7277],[-4.41877,36.72772],[-4.41877,36.72774],[-4.41874,36.72792]]]}},{"type":"Feature","properties":{"name":"","kind":"park","road":"","osm":850193689},"geometry":{"type":"Polygon","coordinates":[[[-4.42339,36.72517],[-4.42309,36.72527],[-4.423,36.7253],[-4.42297,36.7253],[-4.42298,36.72532],[-4.42305,36.72547],[-4.42306,36.72549],[-4.42306,36.7255],[-4.42311,36.7256],[-4.4233,36.72554],[-4.42331,36.72554],[-4.42333,36.72553],[-4.4235,36.72548],[-4.42346,36.72537],[-4.42346,36.72536],[-4.42346,36.72535],[-4.42343,36.72528],[-4.42343,36.72526],[-4.42342,36.72525],[-4.42339,36.72517]]]}},{"type":"Feature","properties":{"name":"","kind":"park","road":"","osm":867757802},"geometry":{"type":"Polygon","coordinates":[[[-4.41004,36.71809],[-4.41001,36.71807],[-4.41006,36.71802],[-4.41009,36.71805],[-4.41004,36.71809]]]}},{"type":"Feature","properties":{"name":"","kind":"park","road":"","osm":867757803},"geometry":{"type":"Polygon","coordinates":[[[-4.41015,36.71806],[-4.41013,36.71804],[-4.4101,36.71806],[-4.41013,36.71808],[-4.41015,36.71806]]]}},{"type":"Feature","properties":{"name":"","kind":"park","road":"","osm":867757804},"geometry":{"type":"Polygon","coordinates":[[[-4.41016,36.71808],[-4.41013,36.71811],[-4.41016,36.71813],[-4.41019,36.7181],[-4.41016,36.71808]]]}},{"type":"Feature","properties":{"name":"","kind":"park","road":"","osm":867955996},"geometry":{"type":"Polygon","coordinates":[[[-4.40723,36.72157],[-4.40719,36.72154],[-4.40725,36.72118],[-4.40724,36.72116],[-4.40722,36.72116],[-4.40717,36.72153],[-4.40715,36.72154],[-4.40713,36.72155],[-4.4071,36.72155],[-4.40706,36.72154],[-4.40704,36.72152],[-4.40702,36.7215],[-4.407,36.72148],[-4.40699,36.72148],[-4.40696,36.72147],[-4.40694,36.72147],[-4.40693,36.72148],[-4.40692,36.7215],[-4.40693,36.72151],[-4.40694,36.72149],[-4.40698,36.72149],[-4.40699,36.72151],[-4.40699,36.72152],[-4.40698,36.72155],[-4.40696,36.72156],[-4.40694,36.72157],[-4.40695,36.7216],[-4.40695,36.72161],[-4.40696,36.72161],[-4.40697,36.7216],[-4.40696,36.72158],[-4.40706,36.72157],[-4.40707,36.72158],[-4.40707,36.72159],[-4.40708,36.72159],[-4.40723,36.72157]]]}},{"type":"Feature","properties":{"name":"","kind":"park","road":"","osm":867955998},"geometry":{"type":"Polygon","coordinates":[[[-4.40697,36.72142],[-4.40697,36.72141],[-4.40696,36.7214],[-4.40698,36.72138],[-4.40707,36.72138],[-4.40707,36.72128],[-4.40686,36.72129],[-4.40685,36.72126],[-4.40668,36.72129],[-4.40663,36.7213],[-4.4066,36.72132],[-4.40648,36.72135],[-4.40646,36.72132],[-4.40699,36.7212],[-4.40708,36.7212],[-4.4071,36.72127],[-4.40713,36.72126],[-4.40713,36.72128],[-4.40713,36.72131],[-4.40716,36.72131],[-4.40713,36.72152],[-4.4071,36.72152],[-4.40708,36.72151],[-4.40706,36.7215],[-4.40702,36.72146],[-4.40699,36.72144],[-4.40697,36.72142]]]}},{"type":"Feature","properties":{"name":"","kind":"park","road":"","osm":872312674},"geometry":{"type":"Polygon","coordinates":[[[-4.40679,36.72148],[-4.40682,36.72147],[-4.40681,36.72146],[-4.40679,36.72147],[-4.40678,36.72147],[-4.40679,36.72148]]]}},{"type":"Feature","properties":{"name":"","kind":"park","road":"","osm":872312675},"geometry":{"type":"Polygon","coordinates":[[[-4.40688,36.72145],[-4.40688,36.72146],[-4.40687,36.72147],[-4.40686,36.72146],[-4.40686,36.72145],[-4.40687,36.72145],[-4.40688,36.72145]]]}},{"type":"Feature","properties":{"name":"","kind":"park","road":"","osm":872312676},"geometry":{"type":"Polygon","coordinates":[[[-4.40693,36.72144],[-4.40693,36.72145],[-4.40692,36.72146],[-4.40691,36.72145],[-4.40691,36.72144],[-4.40693,36.72144]]]}},{"type":"Feature","properties":{"name":"","kind":"park","road":"","osm":872312677},"geometry":{"type":"Polygon","coordinates":[[[-4.40666,36.72149],[-4.40663,36.7215],[-4.40663,36.72152],[-4.40664,36.72152],[-4.40667,36.72152],[-4.40668,36.72151],[-4.40668,36.7215],[-4.40666,36.72149]]]}},{"type":"Feature","properties":{"name":"","kind":"park","road":"","osm":878862680},"geometry":{"type":"Polygon","coordinates":[[[-4.40667,36.72175],[-4.40658,36.72177],[-4.40658,36.72176],[-4.40666,36.72175],[-4.40667,36.72175]]]}},{"type":"Feature","properties":{"name":"","kind":"park","road":"","osm":878862683},"geometry":{"type":"Polygon","coordinates":[[[-4.40747,36.72191],[-4.4072,36.72199],[-4.40687,36.72213],[-4.40685,36.72213],[-4.40684,36.72213],[-4.40685,36.72212],[-4.4072,36.72198],[-4.40746,36.7219],[-4.40747,36.72191]]]}},{"type":"Feature","properties":{"name":"","kind":"park","road":"","osm":878862684},"geometry":{"type":"Polygon","coordinates":[[[-4.40715,36.72191],[-4.40743,36.72184],[-4.40744,36.72185],[-4.40718,36.72191],[-4.40716,36.72192],[-4.40715,36.72191]]]}},{"type":"Feature","properties":{"name":"","kind":"park","road":"","osm":878862685},"geometry":{"type":"Polygon","coordinates":[[[-4.40717,36.72194],[-4.40717,36.72193],[-4.40715,36.72193],[-4.40714,36.72193],[-4.40712,36.72192],[-4.40703,36.72194],[-4.40693,36.72195],[-4.40668,36.722],[-4.40669,36.72202],[-4.40693,36.72196],[-4.40711,36.72194],[-4.40712,36.72195],[-4.40714,36.72195],[-4.40717,36.72194]]]}},{"type":"Feature","properties":{"name":"","kind":"park","road":"","osm":878862688},"geometry":{"type":"Polygon","coordinates":[[[-4.40653,36.72163],[-4.40653,36.72162],[-4.40658,36.72161],[-4.40653,36.72163]]]}},{"type":"Feature","properties":{"name":"","kind":"park","road":"","osm":878862690},"geometry":{"type":"Polygon","coordinates":[[[-4.40689,36.72152],[-4.40687,36.72152],[-4.40688,36.72155],[-4.40661,36.7216],[-4.40662,36.72161],[-4.40688,36.72155],[-4.4069,36.72155],[-4.40689,36.72152]]]}},{"type":"Feature","properties":{"name":"","kind":"park","road":"","osm":878862691},"geometry":{"type":"Polygon","coordinates":[[[-4.40691,36.72159],[-4.4069,36.72159],[-4.40689,36.72159],[-4.4069,36.7216],[-4.40693,36.7217],[-4.40671,36.72174],[-4.40667,36.72175],[-4.40658,36.72177],[-4.40657,36.72177],[-4.40657,36.72178],[-4.40658,36.72178],[-4.40687,36.72173],[-4.40695,36.72171],[-4.40691,36.72159]]]}},{"type":"Feature","properties":{"name":"","kind":"park","road":"","osm":878862692},"geometry":{"type":"Polygon","coordinates":[[[-4.40733,36.72165],[-4.40732,36.72162],[-4.40699,36.72168],[-4.40698,36.72163],[-4.40697,36.72163],[-4.40696,36.72164],[-4.40698,36.72171],[-4.40706,36.72169],[-4.40733,36.72165]]]}},{"type":"Feature","properties":{"name":"Jardin Vertical en la Plaza del Pericón","kind":"park","road":"","osm":879067677},"geometry":{"type":"Polygon","coordinates":[[[-4.42346,36.72248],[-4.42347,36.72249],[-4.42336,36.72261],[-4.42346,36.72248]]]}},{"type":"Feature","properties":{"name":"","kind":"park","road":"","osm":881977199},"geometry":{"type":"Polygon","coordinates":[[[-4.42673,36.72967],[-4.42682,36.72967],[-4.4268,36.72994],[-4.42671,36.72993],[-4.42672,36.72992],[-4.42673,36.72991],[-4.42675,36.72972],[-4.42674,36.72971],[-4.42673,36.7297],[-4.42673,36.72967]]]}},{"type":"Feature","properties":{"name":"","kind":"park","road":"","osm":881977200},"geometry":{"type":"Polygon","coordinates":[[[-4.42673,36.72942],[-4.42668,36.72942],[-4.42669,36.72935],[-4.42673,36.72935],[-4.42674,36.72922],[-4.42686,36.72923],[-4.42683,36.72964],[-4.42673,36.72963],[-4.42674,36.72951],[-4.42672,36.72951],[-4.42673,36.72942]]]}},{"type":"Feature","properties":{"name":"","kind":"park","road":"","osm":881977207},"geometry":{"type":"Polygon","coordinates":[[[-4.4268,36.72829],[-4.42681,36.72845],[-4.42691,36.72845],[-4.42691,36.7283],[-4.4268,36.72829]]]}},{"type":"Feature","properties":{"name":"","kind":"park","road":"","osm":881977208},"geometry":{"type":"Polygon","coordinates":[[[-4.42681,36.72865],[-4.42691,36.72864],[-4.42691,36.72847],[-4.42681,36.72847],[-4.42681,36.72865]]]}},{"type":"Feature","properties":{"name":"","kind":"road","road":"pedestrian","osm":883325787},"geometry":{"type":"LineString","coordinates":[[-4.42769,36.7226],[-4.4277,36.72274]]}},{"type":"Feature","properties":{"name":"","kind":"road","road":"pedestrian","osm":883325788},"geometry":{"type":"LineString","coordinates":[[-4.42793,36.72257],[-4.42796,36.72271]]}},{"type":"Feature","properties":{"name":"Plaza Bailén","kind":"road","road":"secondary","osm":890126841},"geometry":{"type":"LineString","coordinates":[[-4.43166,36.7238],[-4.43165,36.72406],[-4.43163,36.72415]]}},{"type":"Feature","properties":{"name":"Plaza Bailén","kind":"road","road":"secondary","osm":890126842},"geometry":{"type":"LineString","coordinates":[[-4.43142,36.72467],[-4.43149,36.7246],[-4.43175,36.72435],[-4.43185,36.72425],[-4.43195,36.72416],[-4.4322,36.7239],[-4.43226,36.72383]]}},{"type":"Feature","properties":{"name":"","kind":"park","road":"","osm":890126849},"geometry":{"type":"Polygon","coordinates":[[[-4.43173,36.72382],[-4.43194,36.72383],[-4.43197,36.72383],[-4.43199,36.72384],[-4.43215,36.72385],[-4.43216,36.72386],[-4.43216,36.72388],[-4.4321,36.72394],[-4.43209,36.72394],[-4.43208,36.72395],[-4.43206,36.72397],[-4.43206,36.72398],[-4.43197,36.72407],[-4.4319,36.72409],[-4.43187,36.72409],[-4.43186,36.72409],[-4.43183,36.72409],[-4.43181,36.72409],[-4.4318,36.72409],[-4.43175,36.72409],[-4.43172,36.72407],[-4.43173,36.72397],[-4.43173,36.72395],[-4.43173,36.72394],[-4.43173,36.72392],[-4.43173,36.72382]]]}},{"type":"Feature","properties":{"name":"","kind":"park","road":"","osm":890126860},"geometry":{"type":"Polygon","coordinates":[[[-4.43199,36.72308],[-4.43188,36.72308],[-4.43189,36.72283],[-4.432,36.72284],[-4.43199,36.72308]]]}},{"type":"Feature","properties":{"name":"","kind":"park","road":"","osm":890640218},"geometry":{"type":"Polygon","coordinates":[[[-4.42577,36.71998],[-4.42577,36.72007],[-4.42582,36.72009],[-4.42586,36.7201],[-4.42583,36.72014],[-4.42579,36.72013],[-4.42581,36.7201],[-4.42576,36.72008],[-4.42574,36.72041],[-4.42589,36.72041],[-4.42592,36.72041],[-4.42592,36.7204],[-4.42592,36.72038],[-4.42592,36.72036],[-4.42594,36.72017],[-4.42598,36.72009],[-4.42577,36.71998]]]}},{"type":"Feature","properties":{"name":"Calle Jiménez","kind":"road","road":"pedestrian","osm":890750462},"geometry":{"type":"LineString","coordinates":[[-4.42764,36.71872],[-4.42796,36.71908]]}},{"type":"Feature","properties":{"name":"","kind":"park","road":"","osm":890963262},"geometry":{"type":"Polygon","coordinates":[[[-4.41919,36.72062],[-4.41881,36.72064],[-4.41913,36.7207],[-4.41919,36.7207],[-4.41919,36.72062]]]}},{"type":"Feature","properties":{"name":"","kind":"water","road":"","osm":890963267},"geometry":{"type":"Polygon","coordinates":[[[-4.41883,36.72046],[-4.41887,36.72046],[-4.41888,36.72056],[-4.41884,36.72056],[-4.41883,36.72046]]]}},{"type":"Feature","properties":{"name":"","kind":"park","road":"","osm":890965161},"geometry":{"type":"Polygon","coordinates":[[[-4.41869,36.72047],[-4.41866,36.7205],[-4.41867,36.72054],[-4.41867,36.72057],[-4.41869,36.72059],[-4.41871,36.72059],[-4.41869,36.72046],[-4.41869,36.72047]]]}},{"type":"Feature","properties":{"name":"","kind":"park","road":"","osm":890965163},"geometry":{"type":"Polygon","coordinates":[[[-4.41895,36.72047],[-4.41896,36.72046],[-4.41896,36.72045],[-4.41897,36.72045],[-4.41898,36.72047],[-4.41898,36.72048],[-4.41898,36.7205],[-4.41899,36.7205],[-4.41899,36.72051],[-4.41899,36.72052],[-4.41898,36.72052],[-4.41899,36.72054],[-4.41899,36.72055],[-4.41899,36.72056],[-4.41899,36.72057],[-4.41918,36.72056],[-4.41918,36.7205],[-4.41902,36.72051],[-4.41902,36.72047],[-4.41901,36.72039],[-4.41888,36.72036],[-4.41875,36.72024],[-4.41875,36.72033],[-4.4187,36.72045],[-4.41877,36.72044],[-4.41877,36.72042],[-4.41882,36.72042],[-4.41882,36.7204],[-4.41884,36.72038],[-4.41887,36.72038],[-4.41889,36.7204],[-4.41889,36.72041],[-4.41893,36.72041],[-4.41893,36.72047],[-4.41895,36.72047]]]}},{"type":"Feature","properties":{"name":"","kind":"park","road":"","osm":891033873},"geometry":{"type":"Polygon","coordinates":[[[-4.41875,36.71958],[-4.41873,36.71956],[-4.41871,36.71955],[-4.41868,36.71955],[-4.41865,36.71956],[-4.41863,36.71957],[-4.41861,36.7196],[-4.41862,36.71962],[-4.41863,36.71964],[-4.41864,36.71965],[-4.41866,36.71966],[-4.41868,36.71966],[-4.41871,36.71966],[-4.41874,36.71964],[-4.41875,36.71963],[-4.41876,36.7196],[-4.41875,36.71958]]]}},{"type":"Feature","properties":{"name":"Calle Zegri","kind":"road","road":"pedestrian","osm":891086715},"geometry":{"type":"LineString","coordinates":[[-4.41717,36.72174],[-4.41754,36.7218],[-4.41761,36.72174],[-4.41767,36.72169]]}},{"type":"Feature","properties":{"name":"Calle Pedro de Toledo","kind":"road","road":"pedestrian","osm":891092487},"geometry":{"type":"LineString","coordinates":[[-4.41822,36.72056],[-4.4181,36.72099]]}},{"type":"Feature","properties":{"name":"","kind":"road","road":"pedestrian","osm":891452186},"geometry":{"type":"LineString","coordinates":[[-4.42078,36.72232],[-4.42093,36.72241],[-4.42103,36.72231],[-4.42104,36.7223]]}},{"type":"Feature","properties":{"name":"","kind":"park","road":"","osm":899294589},"geometry":{"type":"Polygon","coordinates":[[[-4.42893,36.73137],[-4.42892,36.73132],[-4.42884,36.73133],[-4.42883,36.73141],[-4.42884,36.73141],[-4.42888,36.73141],[-4.42889,36.73141],[-4.42889,36.7314],[-4.4289,36.73138],[-4.42892,36.73137],[-4.42893,36.73137]]]}},{"type":"Feature","properties":{"name":"","kind":"park","road":"","osm":899294590},"geometry":{"type":"Polygon","coordinates":[[[-4.42902,36.7314],[-4.42901,36.73138],[-4.42899,36.73137],[-4.42897,36.73137],[-4.42897,36.73132],[-4.42901,36.73132],[-4.42904,36.7314],[-4.42902,36.7314]]]}},{"type":"Feature","properties":{"name":"","kind":"park","road":"","osm":899577838},"geometry":{"type":"Polygon","coordinates":[[[-4.43206,36.73156],[-4.4321,36.73122],[-4.43216,36.73122],[-4.43261,36.73125],[-4.43265,36.73125],[-4.43291,36.73127],[-4.43291,36.73125],[-4.43309,36.73127],[-4.43306,36.73163],[-4.43304,36.73163],[-4.433,36.73162],[-4.43263,36.7316],[-4.4326,36.7316],[-4.43258,36.7316],[-4.43213,36.73157],[-4.43209,36.73157],[-4.43206,36.73156]]]}},{"type":"Feature","properties":{"name":"","kind":"park","road":"","osm":899594871},"geometry":{"type":"Polygon","coordinates":[[[-4.43259,36.73137],[-4.43261,36.73125],[-4.43216,36.73122],[-4.43215,36.73134],[-4.43217,36.73135],[-4.43218,36.73137],[-4.43219,36.73139],[-4.43255,36.73141],[-4.43256,36.73139],[-4.43259,36.73137]]]}},{"type":"Feature","properties":{"name":"","kind":"park","road":"","osm":899594872},"geometry":{"type":"Polygon","coordinates":[[[-4.43287,36.73143],[-4.43298,36.73144],[-4.43302,36.7314],[-4.43303,36.73128],[-4.43291,36.73127],[-4.43265,36.73125],[-4.43264,36.73137],[-4.43266,36.73138],[-4.43268,36.7314],[-4.43269,36.73142],[-4.43277,36.73142],[-4.43278,36.73132],[-4.43288,36.73133],[-4.43287,36.73143]]]}},{"type":"Feature","properties":{"name":"","kind":"park","road":"","osm":902310012},"geometry":{"type":"Polygon","coordinates":[[[-4.41134,36.72985],[-4.41134,36.72988],[-4.41137,36.72988],[-4.41145,36.72982],[-4.41145,36.72979],[-4.41141,36.72978],[-4.41134,36.72985]]]}},{"type":"Feature","properties":{"name":"","kind":"road","road":"pedestrian","osm":906364636},"geometry":{"type":"LineString","coordinates":[[-4.42402,36.72224],[-4.42416,36.72235],[-4.42415,36.72243]]}},{"type":"Feature","properties":{"name":"","kind":"road","road":"pedestrian","osm":906364637},"geometry":{"type":"LineString","coordinates":[[-4.4239,36.72219],[-4.42402,36.72224]]}},{"type":"Feature","properties":{"name":"","kind":"road","road":"pedestrian","osm":907045656},"geometry":{"type":"LineString","coordinates":[[-4.41896,36.72704],[-4.41899,36.7269],[-4.419,36.72684],[-4.41892,36.72684],[-4.41882,36.72683],[-4.41881,36.7269],[-4.41881,36.72693],[-4.4188,36.72699],[-4.41886,36.727],[-4.41889,36.72701],[-4.41889,36.72703],[-4.41891,36.72703],[-4.41896,36.72704]]}},{"type":"Feature","properties":{"name":"","kind":"road","road":"pedestrian","osm":907045658},"geometry":{"type":"LineString","coordinates":[[-4.4199,36.72693],[-4.41989,36.727],[-4.41989,36.72703],[-4.41979,36.72702],[-4.4195,36.72699],[-4.41949,36.72705],[-4.4194,36.72704],[-4.41941,36.72698],[-4.41908,36.72694],[-4.41906,36.72701],[-4.41905,36.72705],[-4.41947,36.72711],[-4.41951,36.72711],[-4.4195,36.72713],[-4.4195,36.72714],[-4.41981,36.72718],[-4.41985,36.72718],[-4.41989,36.72718],[-4.41993,36.72716],[-4.41996,36.72714],[-4.41998,36.72711],[-4.41999,36.72709],[-4.42,36.72705],[-4.42,36.72702],[-4.41998,36.727],[-4.41996,36.72696],[-4.41993,36.72694],[-4.41992,36.72694],[-4.4199,36.72693]]}},{"type":"Feature","properties":{"name":"","kind":"park","road":"","osm":907045660},"geometry":{"type":"Polygon","coordinates":[[[-4.4195,36.72698],[-4.41979,36.72701],[-4.41979,36.72702],[-4.4195,36.72699],[-4.4195,36.72698]]]}},{"type":"Feature","properties":{"name":"","kind":"park","road":"","osm":907045661},"geometry":{"type":"Polygon","coordinates":[[[-4.41908,36.72693],[-4.41942,36.72697],[-4.41941,36.72698],[-4.41908,36.72694],[-4.41908,36.72693]]]}},{"type":"Feature","properties":{"name":"","kind":"park","road":"","osm":907045669},"geometry":{"type":"Polygon","coordinates":[[[-4.41967,36.72697],[-4.41978,36.72698],[-4.41979,36.72691],[-4.41969,36.7269],[-4.41967,36.72697]]]}},{"type":"Feature","properties":{"name":"","kind":"park","road":"","osm":907045670},"geometry":{"type":"Polygon","coordinates":[[[-4.41951,36.72695],[-4.41961,36.72696],[-4.41963,36.72689],[-4.41952,36.72688],[-4.41951,36.72695]]]}},{"type":"Feature","properties":{"name":"","kind":"park","road":"","osm":907045671},"geometry":{"type":"Polygon","coordinates":[[[-4.41935,36.72693],[-4.41945,36.72694],[-4.41946,36.72688],[-4.41936,36.72687],[-4.41935,36.72693]]]}},{"type":"Feature","properties":{"name":"","kind":"park","road":"","osm":907045672},"geometry":{"type":"Polygon","coordinates":[[[-4.4193,36.72692],[-4.41919,36.72691],[-4.4192,36.72686],[-4.41931,36.72687],[-4.4193,36.72692]]]}},{"type":"Feature","properties":{"name":"","kind":"park","road":"","osm":907045677},"geometry":{"type":"Polygon","coordinates":[[[-4.41845,36.72699],[-4.41843,36.72699],[-4.41844,36.7269],[-4.41846,36.7269],[-4.41845,36.72699]]]}},{"type":"Feature","properties":{"name":"","kind":"park","road":"","osm":907045683},"geometry":{"type":"Polygon","coordinates":[[[-4.41731,36.72674],[-4.41745,36.72689],[-4.41709,36.72686],[-4.41703,36.72683],[-4.41673,36.7268],[-4.41674,36.72677],[-4.41677,36.72675],[-4.4169,36.72673],[-4.41731,36.72674]]]}},{"type":"Feature","properties":{"name":"","kind":"park","road":"","osm":907045684},"geometry":{"type":"Polygon","coordinates":[[[-4.41754,36.7269],[-4.41797,36.72693],[-4.41828,36.72685],[-4.41847,36.72686],[-4.41848,36.7268],[-4.41741,36.72675],[-4.41754,36.7269]]]}},{"type":"Feature","properties":{"name":"","kind":"road","road":"pedestrian","osm":911054756},"geometry":{"type":"LineString","coordinates":[[-4.42412,36.72018],[-4.42411,36.72024]]}},{"type":"Feature","properties":{"name":"","kind":"park","road":"","osm":912498699},"geometry":{"type":"Polygon","coordinates":[[[-4.43111,36.72986],[-4.43106,36.72987],[-4.43118,36.73014],[-4.43141,36.73032],[-4.43157,36.73039],[-4.43168,36.73043],[-4.43167,36.73028],[-4.43176,36.73027],[-4.43174,36.73003],[-4.43192,36.73002],[-4.43191,36.72994],[-4.43201,36.72994],[-4.43207,36.73001],[-4.43239,36.72999],[-4.43255,36.73024],[-4.43263,36.73037],[-4.43265,36.73044],[-4.43268,36.7306],[-4.43284,36.73059],[-4.43278,36.7301],[-4.43189,36.72977],[-4.43166,36.72978],[-4.43139,36.72978],[-4.43166,36.72985],[-4.43174,36.72986],[-4.43176,36.72991],[-4.43172,36.72996],[-4.43162,36.73001],[-4.43149,36.73004],[-4.43138,36.73005],[-4.43127,36.73003],[-4.43119,36.72999],[-4.43115,36.72994],[-4.43111,36.72986]]]}},{"type":"Feature","properties":{"name":"","kind":"park","road":"","osm":912498700},"geometry":{"type":"Polygon","coordinates":[[[-4.43062,36.72979],[-4.43098,36.7298],[-4.43098,36.72973],[-4.43096,36.72958],[-4.43102,36.72943],[-4.431,36.72943],[-4.43069,36.72968],[-4.43062,36.72979]]]}},{"type":"Feature","properties":{"name":"","kind":"park","road":"","osm":912498701},"geometry":{"type":"Polygon","coordinates":[[[-4.432,36.73102],[-4.43203,36.73103],[-4.43217,36.73104],[-4.43226,36.73102],[-4.43236,36.73096],[-4.43236,36.73092],[-4.43211,36.73094],[-4.43212,36.73099],[-4.43199,36.731],[-4.432,36.73102]]]}},{"type":"Feature","properties":{"name":"","kind":"park","road":"","osm":912498702},"geometry":{"type":"Polygon","coordinates":[[[-4.43097,36.73064],[-4.43104,36.7307],[-4.43114,36.73077],[-4.43135,36.73084],[-4.43158,36.73086],[-4.43172,36.73089],[-4.43186,36.73097],[-4.43197,36.73101],[-4.43195,36.73083],[-4.43171,36.73085],[-4.4317,36.73072],[-4.43172,36.73072],[-4.43169,36.73049],[-4.43162,36.73047],[-4.43144,36.73039],[-4.43125,36.73028],[-4.43114,36.73019],[-4.43106,36.73005],[-4.43099,36.7299],[-4.43095,36.72986],[-4.4309,36.72985],[-4.43059,36.72984],[-4.43054,36.72984],[-4.43053,36.72994],[-4.43055,36.73006],[-4.43061,36.7302],[-4.43064,36.73019],[-4.43084,36.73009],[-4.43109,36.73041],[-4.43089,36.73051],[-4.43086,36.73053],[-4.43097,36.73064]]]}},{"type":"Feature","properties":{"name":"","kind":"park","road":"","osm":912498703},"geometry":{"type":"Polygon","coordinates":[[[-4.43047,36.72983],[-4.43032,36.72983],[-4.43007,36.72994],[-4.43006,36.72997],[-4.43024,36.73026],[-4.43018,36.73029],[-4.43042,36.73066],[-4.43073,36.73067],[-4.43075,36.73114],[-4.43097,36.73115],[-4.43124,36.73117],[-4.43128,36.73117],[-4.4321,36.73122],[-4.43228,36.73108],[-4.43226,36.73107],[-4.43216,36.73108],[-4.43201,36.73107],[-4.43185,36.73101],[-4.43171,36.73092],[-4.43157,36.73089],[-4.43135,36.73087],[-4.43121,36.73084],[-4.43108,36.73077],[-4.43095,36.73067],[-4.43085,36.7306],[-4.43078,36.73051],[-4.43071,36.73043],[-4.43057,36.73023],[-4.43052,36.73011],[-4.43048,36.73002],[-4.43047,36.72983]]]}},{"type":"Feature","properties":{"name":"","kind":"road","road":"pedestrian","osm":916173055},"geometry":{"type":"LineString","coordinates":[[-4.42244,36.72248],[-4.42252,36.72253]]}},{"type":"Feature","properties":{"name":"","kind":"road","road":"pedestrian","osm":916173056},"geometry":{"type":"LineString","coordinates":[[-4.42219,36.72233],[-4.42226,36.72237],[-4.42244,36.72248]]}},{"type":"Feature","properties":{"name":"","kind":"road","road":"pedestrian","osm":916173057},"geometry":{"type":"LineString","coordinates":[[-4.42273,36.72216],[-4.42257,36.72243],[-4.42244,36.72248],[-4.42242,36.72249]]}},{"type":"Feature","properties":{"name":"Calle Andrés Pérez","kind":"road","road":"pedestrian","osm":916184147},"geometry":{"type":"LineString","coordinates":[[-4.42373,36.72324],[-4.42352,36.72311]]}},{"type":"Feature","properties":{"name":"Calle Méndez Núñez","kind":"road","road":"pedestrian","osm":916600783},"geometry":{"type":"LineString","coordinates":[[-4.41982,36.72229],[-4.4198,36.72227],[-4.41945,36.72195]]}},{"type":"Feature","properties":{"name":"","kind":"road","road":"pedestrian","osm":916600784},"geometry":{"type":"LineString","coordinates":[[-4.42048,36.7228],[-4.42009,36.72249],[-4.41982,36.72229]]}},{"type":"Feature","properties":{"name":"","kind":"park","road":"","osm":916756202},"geometry":{"type":"Polygon","coordinates":[[[-4.41901,36.72293],[-4.41902,36.72293],[-4.41902,36.72294],[-4.41902,36.72295],[-4.41901,36.72295],[-4.419,36.72295],[-4.419,36.72294],[-4.419,36.72293],[-4.41901,36.72293]]]}},{"type":"Feature","properties":{"name":"","kind":"water","road":"","osm":923092169},"geometry":{"type":"Polygon","coordinates":[[[-4.40012,36.72913],[-4.40042,36.72911],[-4.40059,36.72912],[-4.40073,36.72915],[-4.40095,36.72927],[-4.40114,36.72949],[-4.40138,36.7301],[-4.40161,36.73066],[-4.40171,36.73107],[-4.4018,36.73135],[-4.402,36.73162],[-4.40218,36.73182],[-4.40226,36.73192],[-4.40236,36.73219],[-4.40228,36.73241],[-4.40204,36.73258],[-4.4018,36.73264],[-4.40143,36.73275],[-4.40122,36.73282],[-4.40107,36.73299],[-4.40097,36.73325],[-4.40099,36.7333],[-4.40098,36.73345],[-4.40093,36.73346],[-4.40088,36.73346],[-4.40085,36.73331],[-4.40092,36.73323],[-4.40101,36.73295],[-4.4012,36.73275],[-4.40149,36.73266],[-4.40182,36.73258],[-4.40204,36.73249],[-4.40221,36.73235],[-4.40225,36.73224],[-4.40226,36.73214],[-4.40219,36.73195],[-4.40206,36.73181],[-4.40192,36.73165],[-4.40172,36.73139],[-4.40162,36.73107],[-4.40151,36.73066],[-4.40135,36.73032],[-4.40113,36.72972],[-4.40104,36.72957],[-4.40085,36.72938],[-4.40074,36.72929],[-4.4006,36.72924],[-4.40043,36.72922],[-4.40027,36.72922],[-4.40018,36.72922],[-4.39997,36.72928],[-4.3989,36.72969],[-4.3988,36.72971],[-4.39835,36.72965],[-4.39828,36.72962],[-4.3979,36.72928],[-4.39779,36.72916],[-4.39776,36.72913],[-4.39772,36.7291],[-4.39769,36.72906],[-4.39766,36.72902],[-4.39762,36.72898],[-4.39759,36.72893],[-4.39757,36.72892],[-4.39755,36.7289],[-4.39753,36.72886],[-4.39747,36.72879],[-4.39743,36.72878],[-4.39744,36.72866],[-4.39744,36.72857],[-4.39746,36.7286],[-4.39749,36.72862],[-4.3981,36.72928],[-4.39816,36.72935],[-4.39821,36.72939],[-4.39829,36.72943],[-4.39842,36.72951],[-4.39859,36.72954],[-4.39881,36.72954],[-4.39891,36.72955],[-4.39896,36.72953],[-4.39946,36.72937],[-4.40012,36.72913]]]}},{"type":"Feature","properties":{"name":"Fuente de la Lex Flavia","kind":"water","road":"","osm":925749834},"geometry":{"type":"Polygon","coordinates":[[[-4.41812,36.72986],[-4.41813,36.72989],[-4.41808,36.72987],[-4.41805,36.72985],[-4.41801,36.72982],[-4.41798,36.7298],[-4.41801,36.72979],[-4.41804,36.7298],[-4.41806,36.7298],[-4.41809,36.72982],[-4.41811,36.72984],[-4.41812,36.72986]]]}},{"type":"Feature","properties":{"name":"Avenida Manuel Agustín Heredia","kind":"road","road":"primary","osm":925891964},"geometry":{"type":"LineString","coordinates":[[-4.42155,36.71582],[-4.4217,36.71565]]}},{"type":"Feature","properties":{"name":"","kind":"park","road":"","osm":926615674},"geometry":{"type":"Polygon","coordinates":[[[-4.40209,36.72796],[-4.40207,36.72797],[-4.40213,36.7281],[-4.40215,36.72827],[-4.40213,36.72836],[-4.40206,36.72844],[-4.4021,36.72849],[-4.40223,36.72841],[-4.40228,36.72837],[-4.40232,36.72835],[-4.40226,36.72826],[-4.40221,36.72826],[-4.40219,36.7282],[-4.40223,36.7282],[-4.40223,36.72818],[-4.40223,36.72812],[-4.40222,36.7281],[-4.40221,36.72807],[-4.4022,36.72803],[-4.40215,36.72802],[-4.40209,36.72796]]]}},{"type":"Feature","properties":{"name":"","kind":"park","road":"","osm":926615676},"geometry":{"type":"Polygon","coordinates":[[[-4.40104,36.72837],[-4.40101,36.7284],[-4.40097,36.72843],[-4.40097,36.72844],[-4.40101,36.72846],[-4.40102,36.72848],[-4.40109,36.72854],[-4.40119,36.72856],[-4.4013,36.72852],[-4.40125,36.72843],[-4.40114,36.72841],[-4.40112,36.72837],[-4.40108,36.72832],[-4.40104,36.72837]]]}},{"type":"Feature","properties":{"name":"","kind":"park","road":"","osm":926615678},"geometry":{"type":"Polygon","coordinates":[[[-4.40149,36.72808],[-4.4015,36.72811],[-4.4015,36.72813],[-4.40148,36.72816],[-4.40146,36.72817],[-4.40143,36.72818],[-4.40139,36.72818],[-4.40136,36.72817],[-4.40135,36.72816],[-4.40133,36.72814],[-4.40133,36.72812],[-4.40133,36.72809],[-4.40135,36.72808],[-4.40137,36.72806],[-4.40139,36.72805],[-4.40142,36.72805],[-4.40145,36.72805],[-4.40147,36.72807],[-4.40149,36.72808]]]}},{"type":"Feature","properties":{"name":"","kind":"park","road":"","osm":926615679},"geometry":{"type":"Polygon","coordinates":[[[-4.40161,36.72818],[-4.40156,36.72818],[-4.40157,36.72813],[-4.40155,36.72807],[-4.4015,36.72802],[-4.40145,36.728],[-4.40139,36.72799],[-4.40133,36.728],[-4.40128,36.72802],[-4.40126,36.72804],[-4.40125,36.72807],[-4.4012,36.72807],[-4.40116,36.72809],[-4.40103,36.72819],[-4.40108,36.72811],[-4.40121,36.7279],[-4.40133,36.72777],[-4.4015,36.72766],[-4.40159,36.72769],[-4.40169,36.72773],[-4.40176,36.72777],[-4.40183,36.72782],[-4.40186,36.72785],[-4.40191,36.72794],[-4.40191,36.72802],[-4.40187,36.72808],[-4.40181,36.72813],[-4.40174,36.72817],[-4.40168,36.72817],[-4.40161,36.72818]]]}},{"type":"Feature","properties":{"name":"","kind":"park","road":"","osm":926615680},"geometry":{"type":"Polygon","coordinates":[[[-4.4014,36.72848],[-4.40143,36.72849],[-4.40144,36.72847],[-4.40145,36.72843],[-4.40148,36.72843],[-4.40149,36.72838],[-4.40147,36.72838],[-4.40148,36.72833],[-4.4015,36.72833],[-4.40152,36.72832],[-4.40152,36.72831],[-4.40152,36.7283],[-4.40152,36.72829],[-4.40151,36.72828],[-4.4015,36.72827],[-4.4015,36.72826],[-4.40157,36.72828],[-4.40163,36.72835],[-4.40167,36.7284],[-4.40171,36.72843],[-4.40179,36.72847],[-4.40184,36.72848],[-4.40187,36.72848],[-4.40188,36.72849],[-4.40188,36.7285],[-4.40186,36.72853],[-4.40183,36.72854],[-4.40178,36.72856],[-4.40174,36.72857],[-4.4017,36.72857],[-4.40156,36.72856],[-4.4014,36.72851],[-4.4014,36.72848]]]}},{"type":"Feature","properties":{"name":"","kind":"park","road":"","osm":926615682},"geometry":{"type":"Polygon","coordinates":[[[-4.40177,36.72842],[-4.40181,36.72843],[-4.40186,36.72844],[-4.40191,36.72843],[-4.40197,36.72841],[-4.402,36.72839],[-4.40204,36.72836],[-4.40206,36.72833],[-4.40207,36.7283],[-4.40208,36.72827],[-4.40208,36.72821],[-4.40201,36.72802],[-4.402,36.728],[-4.40199,36.728],[-4.40198,36.728],[-4.40197,36.72803],[-4.40194,36.72809],[-4.40191,36.72813],[-4.40187,36.72817],[-4.40182,36.7282],[-4.40177,36.72821],[-4.40172,36.72822],[-4.40171,36.72823],[-4.40169,36.72825],[-4.40168,36.72828],[-4.40168,36.72832],[-4.40169,36.72834],[-4.4017,36.72836],[-4.40172,36.72839],[-4.40174,36.7284],[-4.40177,36.72842]]]}},{"type":"Feature","properties":{"name":"","kind":"park","road":"","osm":928375179},"geometry":{"type":"Polygon","coordinates":[[[-4.40365,36.72976],[-4.40362,36.72976],[-4.40365,36.72979],[-4.40365,36.72976]]]}},{"type":"Feature","properties":{"name":"Calle Sierra del Co","kind":"road","road":"tertiary","osm":928933211},"geometry":{"type":"LineString","coordinates":[[-4.40224,36.72913],[-4.40221,36.72921],[-4.40222,36.72927],[-4.40226,36.72932]]}},{"type":"Feature","properties":{"name":"Avenida Manuel Agustín Heredia","kind":"road","road":"primary","osm":929226387},"geometry":{"type":"LineString","coordinates":[[-4.41983,36.71761],[-4.42013,36.7173],[-4.4203,36.71711],[-4.42057,36.71683],[-4.42063,36.71677]]}},{"type":"Feature","properties":{"name":"Paseo de Reding","kind":"road","road":"secondary","osm":929335440},"geometry":{"type":"LineString","coordinates":[[-4.40952,36.72095],[-4.40954,36.72095],[-4.40962,36.72095]]}},{"type":"Feature","properties":{"name":"","kind":"road","road":"primary","osm":929372880},"geometry":{"type":"LineString","coordinates":[[-4.41226,36.71984],[-4.41227,36.71981],[-4.41228,36.71978],[-4.41229,36.71976],[-4.41232,36.71973],[-4.41236,36.7197]]}},{"type":"Feature","properties":{"name":"Avenida Cánovas del Castillo","kind":"road","road":"primary","osm":929372881},"geometry":{"type":"LineString","coordinates":[[-4.41193,36.71966],[-4.41178,36.71964],[-4.41168,36.71962],[-4.41156,36.71957],[-4.41148,36.7195],[-4.41142,36.71945],[-4.41136,36.7194],[-4.41124,36.71931],[-4.41111,36.71923]]}},{"type":"Feature","properties":{"name":"","kind":"park","road":"","osm":929736509},"geometry":{"type":"Polygon","coordinates":[[[-4.4006,36.72883],[-4.40063,36.72887],[-4.40066,36.72886],[-4.4006,36.72883]]]}},{"type":"Feature","properties":{"name":"Alameda de Colón","kind":"road","road":"secondary","osm":930763810},"geometry":{"type":"LineString","coordinates":[[-4.4253,36.71673],[-4.42525,36.7167],[-4.42522,36.71667],[-4.4252,36.71664]]}},{"type":"Feature","properties":{"name":"Alameda de Colón","kind":"road","road":"primary","osm":931536312},"geometry":{"type":"LineString","coordinates":[[-4.42421,36.71326],[-4.42419,36.7132],[-4.42417,36.71317],[-4.42415,36.71313]]}},{"type":"Feature","properties":{"name":"Alameda de Colón","kind":"road","road":"primary","osm":931536313},"geometry":{"type":"LineString","coordinates":[[-4.42415,36.71313],[-4.42411,36.71311],[-4.42408,36.71309]]}},{"type":"Feature","properties":{"name":"Alameda de Colón","kind":"road","road":"primary","osm":931536314},"geometry":{"type":"LineString","coordinates":[[-4.42384,36.71307],[-4.42378,36.7131],[-4.42374,36.71313],[-4.4237,36.71318],[-4.42368,36.71324],[-4.42368,36.7133],[-4.4237,36.71336],[-4.42374,36.71341]]}},{"type":"Feature","properties":{"name":"Paseo Marítimo Pablo Ruiz Picasso","kind":"road","road":"primary","osm":931968432},"geometry":{"type":"LineString","coordinates":[[-4.40769,36.71917],[-4.40784,36.71907],[-4.40831,36.71876],[-4.40884,36.71843],[-4.40911,36.71834],[-4.40932,36.71831]]}},{"type":"Feature","properties":{"name":"Paseo Marítimo Pablo Ruiz Picasso","kind":"road","road":"primary","osm":931968433},"geometry":{"type":"LineString","coordinates":[[-4.40757,36.71914],[-4.40718,36.71938],[-4.40658,36.71965],[-4.40633,36.71976],[-4.40569,36.72003],[-4.40524,36.72018],[-4.40502,36.72025]]}},{"type":"Feature","properties":{"name":"Paseo Marítimo Pablo Ruiz Picasso","kind":"road","road":"primary","osm":931968434},"geometry":{"type":"LineString","coordinates":[[-4.40515,36.72031],[-4.40528,36.72027],[-4.40546,36.72022]]}},{"type":"Feature","properties":{"name":"Paseo Marítimo Pablo Ruiz Picasso","kind":"road","road":"primary","osm":931968435},"geometry":{"type":"LineString","coordinates":[[-4.40502,36.72025],[-4.40483,36.7203],[-4.40452,36.72036],[-4.40399,36.72041],[-4.40353,36.72044],[-4.40308,36.72046],[-4.40265,36.72058],[-4.40115,36.72111],[-4.40076,36.72124],[-4.39995,36.72149],[-4.39962,36.72158],[-4.39945,36.72162],[-4.39918,36.7217]]}},{"type":"Feature","properties":{"name":"Paseo Marítimo Pablo Ruiz Picasso","kind":"road","road":"primary","osm":931968436},"geometry":{"type":"LineString","coordinates":[[-4.40546,36.72022],[-4.40556,36.72018],[-4.40574,36.72011],[-4.40636,36.71983],[-4.40654,36.71975],[-4.40662,36.71972]]}},{"type":"Feature","properties":{"name":"Paseo Marítimo Pablo Ruiz Picasso","kind":"road","road":"primary","osm":931968437},"geometry":{"type":"LineString","coordinates":[[-4.39933,36.72176],[-4.39949,36.72171],[-4.39965,36.72167],[-4.39999,36.72156],[-4.4008,36.72132],[-4.40118,36.72119],[-4.40183,36.72096],[-4.40197,36.72091],[-4.40243,36.72074],[-4.40269,36.72065],[-4.40276,36.72063],[-4.40314,36.72054]]}},{"type":"Feature","properties":{"name":"","kind":"park","road":"","osm":931988860},"geometry":{"type":"Polygon","coordinates":[[[-4.4134,36.72945],[-4.41344,36.72947],[-4.41349,36.72948],[-4.41353,36.72939],[-4.41343,36.72941],[-4.4134,36.72945]]]}},{"type":"Feature","properties":{"name":"","kind":"park","road":"","osm":932009463},"geometry":{"type":"Polygon","coordinates":[[[-4.41226,36.72983],[-4.41226,36.72987],[-4.4123,36.72986],[-4.41231,36.72985],[-4.41229,36.72983],[-4.41226,36.72983]]]}},{"type":"Feature","properties":{"name":"","kind":"park","road":"","osm":932925804},"geometry":{"type":"Polygon","coordinates":[[[-4.409,36.72932],[-4.40908,36.72933],[-4.40908,36.72929],[-4.40909,36.72912],[-4.40905,36.72912],[-4.409,36.72932]]]}},{"type":"Feature","properties":{"name":"","kind":"park","road":"","osm":932930917},"geometry":{"type":"Polygon","coordinates":[[[-4.41127,36.72857],[-4.41124,36.72856],[-4.41123,36.72858],[-4.41123,36.72861],[-4.41124,36.72862],[-4.41125,36.72861],[-4.41127,36.72857]]]}},{"type":"Feature","properties":{"name":"","kind":"park","road":"","osm":932930918},"geometry":{"type":"Polygon","coordinates":[[[-4.41132,36.72853],[-4.4113,36.72853],[-4.41125,36.72865],[-4.41126,36.72865],[-4.41132,36.72853]]]}},{"type":"Feature","properties":{"name":"","kind":"park","road":"","osm":932930919},"geometry":{"type":"Polygon","coordinates":[[[-4.41129,36.72852],[-4.41126,36.72851],[-4.41125,36.72855],[-4.41128,36.72856],[-4.41129,36.72852]]]}},{"type":"Feature","properties":{"name":"","kind":"park","road":"","osm":932930920},"geometry":{"type":"Polygon","coordinates":[[[-4.41121,36.7285],[-4.41118,36.72848],[-4.41117,36.72849],[-4.41119,36.72853],[-4.4112,36.72853],[-4.41121,36.7285]]]}},{"type":"Feature","properties":{"name":"Calle Luis de Maceda","kind":"road","road":"tertiary","osm":933351272},"geometry":{"type":"LineString","coordinates":[[-4.41199,36.72826],[-4.41258,36.72837]]}},{"type":"Feature","properties":{"name":"Plaza Francisco Silvela","kind":"road","road":"tertiary","osm":933351274},"geometry":{"type":"LineString","coordinates":[[-4.41175,36.72817],[-4.41186,36.72822]]}},{"type":"Feature","properties":{"name":"","kind":"park","road":"","osm":933518086},"geometry":{"type":"Polygon","coordinates":[[[-4.42747,36.72961],[-4.42725,36.7296],[-4.42723,36.7297],[-4.42724,36.72972],[-4.42725,36.72971],[-4.42726,36.72973],[-4.42725,36.72974],[-4.42726,36.72978],[-4.42735,36.72978],[-4.42736,36.7297],[-4.42747,36.72971],[-4.42747,36.72961]]]}},{"type":"Feature","properties":{"name":"","kind":"park","road":"","osm":933518087},"geometry":{"type":"Polygon","coordinates":[[[-4.42798,36.72973],[-4.42798,36.72963],[-4.42753,36.72961],[-4.42752,36.72971],[-4.42798,36.72973]]]}},{"type":"Feature","properties":{"name":"","kind":"park","road":"","osm":933518089},"geometry":{"type":"Polygon","coordinates":[[[-4.42824,36.72964],[-4.42805,36.72963],[-4.42804,36.72973],[-4.42811,36.72973],[-4.42811,36.72968],[-4.42823,36.72968],[-4.42824,36.72964]]]}},{"type":"Feature","properties":{"name":"","kind":"park","road":"","osm":933518090},"geometry":{"type":"Polygon","coordinates":[[[-4.42777,36.72987],[-4.42776,36.72989],[-4.42825,36.72992],[-4.42826,36.72981],[-4.42788,36.7298],[-4.42788,36.72988],[-4.42781,36.72988],[-4.42777,36.72987]]]}},{"type":"Feature","properties":{"name":"Calle Martínez Maldonado","kind":"road","road":"secondary","osm":934705775},"geometry":{"type":"LineString","coordinates":[[-4.43291,36.72148],[-4.43265,36.72148]]}},{"type":"Feature","properties":{"name":"","kind":"park","road":"","osm":936340889},"geometry":{"type":"Polygon","coordinates":[[[-4.4103,36.72891],[-4.41029,36.72893],[-4.41027,36.72895],[-4.41026,36.72896],[-4.41023,36.72897],[-4.4102,36.72898],[-4.41018,36.72898],[-4.41019,36.72898],[-4.41025,36.72894],[-4.41026,36.72893],[-4.41026,36.72892],[-4.41026,36.72891],[-4.41025,36.72889],[-4.4103,36.72888],[-4.4103,36.72889],[-4.4103,36.72891]]]}},{"type":"Feature","properties":{"name":"","kind":"park","road":"","osm":936340890},"geometry":{"type":"Polygon","coordinates":[[[-4.41027,36.72883],[-4.41023,36.72887],[-4.41029,36.72886],[-4.41027,36.72883]]]}},{"type":"Feature","properties":{"name":"","kind":"park","road":"","osm":936340915},"geometry":{"type":"Polygon","coordinates":[[[-4.40935,36.72982],[-4.40941,36.72972],[-4.40944,36.72974],[-4.40943,36.72974],[-4.40943,36.72976],[-4.40944,36.72977],[-4.40945,36.72978],[-4.40947,36.72979],[-4.40952,36.72979],[-4.40955,36.72979],[-4.40956,36.72979],[-4.40955,36.72981],[-4.40953,36.72983],[-4.40951,36.72983],[-4.40948,36.72983],[-4.40948,36.72984],[-4.40935,36.72982]]]}},{"type":"Feature","properties":{"name":"","kind":"park","road":"","osm":948232977},"geometry":{"type":"Polygon","coordinates":[[[-4.41462,36.72681],[-4.41463,36.72682],[-4.41463,36.72683],[-4.41462,36.72683],[-4.41461,36.72683],[-4.41461,36.72682],[-4.4146,36.72682],[-4.4146,36.72681],[-4.41462,36.72681]]]}},{"type":"Feature","properties":{"name":"Plaza de la Victoria","kind":"road","road":"tertiary","osm":948232978},"geometry":{"type":"LineString","coordinates":[[-4.41456,36.72686],[-4.41457,36.72683],[-4.41457,36.72679]]}},{"type":"Feature","properties":{"name":"","kind":"park","road":"","osm":948496517},"geometry":{"type":"Polygon","coordinates":[[[-4.42728,36.73108],[-4.42728,36.73115],[-4.4273,36.73115],[-4.42737,36.73116],[-4.42738,36.73108],[-4.42741,36.73109],[-4.42741,36.73102],[-4.42733,36.73101],[-4.42733,36.73108],[-4.42728,36.73108]]]}},{"type":"Feature","properties":{"name":"","kind":"park","road":"","osm":952293992},"geometry":{"type":"Polygon","coordinates":[[[-4.43258,36.7284],[-4.43248,36.72838],[-4.43245,36.72837],[-4.43243,36.72837],[-4.43231,36.72835],[-4.43234,36.72827],[-4.43234,36.72825],[-4.43235,36.72823],[-4.43241,36.72802],[-4.43242,36.728],[-4.43242,36.72799],[-4.43249,36.72779],[-4.43256,36.7278],[-4.43253,36.72788],[-4.4326,36.72789],[-4.43262,36.72789],[-4.43266,36.7279],[-4.43268,36.72783],[-4.43276,36.72784],[-4.43269,36.72805],[-4.43269,36.72806],[-4.43268,36.72808],[-4.43262,36.72828],[-4.43261,36.7283],[-4.43261,36.72832],[-4.43258,36.7284]]]}},{"type":"Feature","properties":{"name":"Calle Miguel de Buero Lara","kind":"road","road":"tertiary","osm":958196191},"geometry":{"type":"LineString","coordinates":[[-4.41885,36.72958],[-4.41864,36.7295]]}},{"type":"Feature","properties":{"name":"Calle Miguel de Buero Lara","kind":"road","road":"tertiary","osm":958198746},"geometry":{"type":"LineString","coordinates":[[-4.41903,36.72975],[-4.41954,36.73024],[-4.41961,36.73029]]}},{"type":"Feature","properties":{"name":"Calle Julio Mathias","kind":"road","road":"tertiary","osm":958198749},"geometry":{"type":"LineString","coordinates":[[-4.41734,36.72906],[-4.41771,36.7292],[-4.41778,36.72923]]}},{"type":"Feature","properties":{"name":"Calle Julio Mathias","kind":"road","road":"tertiary","osm":958198750},"geometry":{"type":"LineString","coordinates":[[-4.41778,36.72923],[-4.41786,36.72927],[-4.41817,36.72939],[-4.41821,36.72941],[-4.4183,36.72944],[-4.41835,36.72946]]}},{"type":"Feature","properties":{"name":"Calle Miguel de Buero Lara","kind":"road","road":"tertiary","osm":958201702},"geometry":{"type":"LineString","coordinates":[[-4.41845,36.72949],[-4.41881,36.72963],[-4.41894,36.7297],[-4.41903,36.72975]]}},{"type":"Feature","properties":{"name":"","kind":"park","road":"","osm":960133043},"geometry":{"type":"Polygon","coordinates":[[[-4.41478,36.72748],[-4.41476,36.72745],[-4.41473,36.72744],[-4.41467,36.7274],[-4.41466,36.7274],[-4.41464,36.72741],[-4.41463,36.72741],[-4.41459,36.72743],[-4.41458,36.72748],[-4.41478,36.72748]]]}},{"type":"Feature","properties":{"name":"","kind":"park","road":"","osm":960133044},"geometry":{"type":"Polygon","coordinates":[[[-4.41479,36.72737],[-4.41475,36.72738],[-4.41473,36.72738],[-4.41471,36.7274],[-4.41472,36.7274],[-4.41474,36.72742],[-4.41478,36.72745],[-4.41479,36.72746],[-4.41481,36.72747],[-4.41479,36.72737]]]}},{"type":"Feature","properties":{"name":"","kind":"park","road":"","osm":960133045},"geometry":{"type":"Polygon","coordinates":[[[-4.4146,36.72732],[-4.41459,36.7274],[-4.41461,36.7274],[-4.41464,36.72739],[-4.41465,36.72738],[-4.41467,36.72737],[-4.41466,36.72736],[-4.41465,36.72736],[-4.41464,36.72735],[-4.41462,36.72732],[-4.4146,36.72732]]]}},{"type":"Feature","properties":{"name":"","kind":"park","road":"","osm":960133046},"geometry":{"type":"Polygon","coordinates":[[[-4.41461,36.72723],[-4.4146,36.72729],[-4.41467,36.72733],[-4.41468,36.72733],[-4.41469,36.72732],[-4.41469,36.7273],[-4.41468,36.72728],[-4.41466,36.72726],[-4.41461,36.72723]]]}},{"type":"Feature","properties":{"name":"","kind":"park","road":"","osm":960133047},"geometry":{"type":"Polygon","coordinates":[[[-4.41475,36.7272],[-4.41461,36.72719],[-4.41461,36.72721],[-4.41467,36.72725],[-4.4147,36.72727],[-4.41472,36.7273],[-4.41474,36.72734],[-4.41475,36.72735],[-4.41477,36.72735],[-4.41478,36.72735],[-4.41475,36.7272]]]}},{"type":"Feature","properties":{"name":"","kind":"park","road":"","osm":961369241},"geometry":{"type":"Polygon","coordinates":[[[-4.42734,36.73045],[-4.42737,36.73003],[-4.42751,36.73004],[-4.42748,36.73046],[-4.42744,36.73046],[-4.42744,36.73047],[-4.42739,36.73047],[-4.42737,36.73047],[-4.42737,36.73045],[-4.42734,36.73045]]]}},{"type":"Feature","properties":{"name":"","kind":"park","road":"","osm":961369242},"geometry":{"type":"Polygon","coordinates":[[[-4.42733,36.73062],[-4.42734,36.73062],[-4.42734,36.73065],[-4.42739,36.73065],[-4.42745,36.73066],[-4.42745,36.73057],[-4.42743,36.73057],[-4.42743,36.73053],[-4.42739,36.73053],[-4.42736,36.73053],[-4.42736,36.73057],[-4.42733,36.73057],[-4.42733,36.73062]]]}},{"type":"Feature","properties":{"name":"","kind":"park","road":"","osm":961369243},"geometry":{"type":"Polygon","coordinates":[[[-4.42736,36.73124],[-4.42729,36.73124],[-4.42727,36.73124],[-4.42727,36.73131],[-4.42729,36.73131],[-4.42729,36.73136],[-4.42731,36.73136],[-4.42734,36.73136],[-4.42734,36.73131],[-4.42736,36.73131],[-4.42736,36.73124]]]}},{"type":"Feature","properties":{"name":"","kind":"park","road":"","osm":961369249},"geometry":{"type":"Polygon","coordinates":[[[-4.42726,36.73066],[-4.42725,36.73066],[-4.42725,36.73071],[-4.42726,36.73071],[-4.42724,36.73094],[-4.42723,36.73094],[-4.42722,36.73101],[-4.42724,36.73101],[-4.42723,36.73116],[-4.42721,36.73116],[-4.42721,36.73122],[-4.42722,36.73122],[-4.42721,36.73136],[-4.4272,36.73136],[-4.42719,36.73143],[-4.42721,36.73143],[-4.4272,36.73155],[-4.42715,36.73155],[-4.42715,36.7316],[-4.42713,36.7316],[-4.42726,36.72989],[-4.42752,36.7299],[-4.42751,36.72999],[-4.42731,36.72998],[-4.42728,36.73047],[-4.42727,36.73047],[-4.42726,36.73052],[-4.42727,36.73052],[-4.42726,36.73066]]]}},{"type":"Feature","properties":{"name":"","kind":"water","road":"","osm":961369250},"geometry":{"type":"Polygon","coordinates":[[[-4.42739,36.73065],[-4.42745,36.73066],[-4.42745,36.73057],[-4.42743,36.73057],[-4.42743,36.73053],[-4.42739,36.73053],[-4.42739,36.73047],[-4.42744,36.73047],[-4.42744,36.73046],[-4.42748,36.73046],[-4.42751,36.73004],[-4.42751,36.73002],[-4.42751,36.73001],[-4.42751,36.73],[-4.42751,36.72999],[-4.42752,36.7299],[-4.42726,36.72989],[-4.42713,36.7316],[-4.42715,36.7316],[-4.42715,36.73164],[-4.42709,36.73164],[-4.42704,36.73163],[-4.42705,36.7316],[-4.42711,36.7316],[-4.42712,36.73139],[-4.42713,36.73136],[-4.42715,36.73096],[-4.42716,36.73086],[-4.42719,36.73044],[-4.42721,36.73021],[-4.42723,36.72989],[-4.42721,36.72989],[-4.4272,36.72989],[-4.4272,36.72985],[-4.42757,36.72987],[-4.42756,36.72988],[-4.42756,36.7299],[-4.42755,36.73],[-4.42755,36.73001],[-4.42755,36.73003],[-4.42755,36.73012],[-4.42754,36.73013],[-4.42753,36.73034],[-4.42751,36.73055],[-4.4275,36.73076],[-4.42749,36.73097],[-4.42746,36.73129],[-4.42745,36.73147],[-4.42744,36.73158],[-4.42741,36.73158],[-4.42741,36.73147],[-4.4273,36.73146],[-4.42731,36.73136],[-4.42734,36.73136],[-4.42734,36.73131],[-4.42736,36.73131],[-4.42736,36.73124],[-4.42729,36.73124],[-4.4273,36.73115],[-4.42737,36.73116],[-4.42738,36.73108],[-4.42741,36.73109],[-4.42741,36.73102],[-4.42733,36.73101],[-4.42734,36.73095],[-4.4274,36.73095],[-4.42741,36.73087],[-4.42743,36.73087],[-4.42744,36.73078],[-4.42742,36.73078],[-4.42742,36.73074],[-4.42738,36.73073],[-4.42739,36.73065]]]}},{"type":"Feature","properties":{"name":"","kind":"park","road":"","osm":961592726},"geometry":{"type":"Polygon","coordinates":[[[-4.42722,36.72903],[-4.42724,36.72903],[-4.42722,36.72912],[-4.42722,36.72928],[-4.42719,36.72946],[-4.42719,36.7296],[-4.42716,36.7297],[-4.42722,36.72903]]]}},{"type":"Feature","properties":{"name":"","kind":"park","road":"","osm":961592727},"geometry":{"type":"Polygon","coordinates":[[[-4.42708,36.72977],[-4.42712,36.72977],[-4.42718,36.72903],[-4.42714,36.72903],[-4.42708,36.72977]]]}},{"type":"Feature","properties":{"name":"","kind":"park","road":"","osm":967594830},"geometry":{"type":"Polygon","coordinates":[[[-4.41716,36.72571],[-4.41733,36.72564],[-4.41726,36.72558],[-4.41715,36.72567],[-4.41716,36.72571]]]}},{"type":"Feature","properties":{"name":"","kind":"park","road":"","osm":967594831},"geometry":{"type":"Polygon","coordinates":[[[-4.41723,36.72554],[-4.41707,36.72567],[-4.41703,36.72561],[-4.4172,36.72552],[-4.41723,36.72554]]]}},{"type":"Feature","properties":{"name":"","kind":"road","road":"pedestrian","osm":969846658},"geometry":{"type":"LineString","coordinates":[[-4.42014,36.72651],[-4.42012,36.72654],[-4.42009,36.72662],[-4.42005,36.72669],[-4.42008,36.7267],[-4.42011,36.72671],[-4.42016,36.72673],[-4.42017,36.72673],[-4.42019,36.72674],[-4.42022,36.72676],[-4.42022,36.72675],[-4.42025,36.72676],[-4.42025,36.72677],[-4.42031,36.72679],[-4.42033,36.72681],[-4.42035,36.72681],[-4.42042,36.7267],[-4.42045,36.72668],[-4.42039,36.72664],[-4.42033,36.72661],[-4.42025,36.72657],[-4.42018,36.72654],[-4.42014,36.72651]]}},{"type":"Feature","properties":{"name":"Plaza Maestro Artola","kind":"road","road":"tertiary","osm":969851809},"geometry":{"type":"LineString","coordinates":[[-4.41835,36.72946],[-4.41845,36.72949]]}},{"type":"Feature","properties":{"name":"","kind":"park","road":"","osm":970828146},"geometry":{"type":"Polygon","coordinates":[[[-4.4255,36.72965],[-4.42547,36.72964],[-4.42546,36.72964],[-4.42547,36.72959],[-4.42549,36.72959],[-4.42549,36.7296],[-4.42548,36.72963],[-4.42549,36.72963],[-4.4255,36.72963],[-4.4255,36.72965]]]}},{"type":"Feature","properties":{"name":"","kind":"park","road":"","osm":970828147},"geometry":{"type":"Polygon","coordinates":[[[-4.42547,36.72974],[-4.42544,36.72974],[-4.42544,36.72973],[-4.42547,36.72973],[-4.42547,36.72974]]]}},{"type":"Feature","properties":{"name":"","kind":"park","road":"","osm":970828148},"geometry":{"type":"Polygon","coordinates":[[[-4.42549,36.72974],[-4.42554,36.72975],[-4.42554,36.72972],[-4.42552,36.72972],[-4.42551,36.72973],[-4.42549,36.72973],[-4.42549,36.72974]]]}},{"type":"Feature","properties":{"name":"","kind":"park","road":"","osm":970828149},"geometry":{"type":"Polygon","coordinates":[[[-4.42556,36.7293],[-4.42554,36.7293],[-4.42554,36.72928],[-4.42556,36.72928],[-4.42556,36.7293]]]}},{"type":"Feature","properties":{"name":"","kind":"park","road":"","osm":970828150},"geometry":{"type":"Polygon","coordinates":[[[-4.42554,36.72939],[-4.42557,36.72939],[-4.42557,36.72936],[-4.42555,36.72936],[-4.42555,36.72938],[-4.42554,36.72938],[-4.42554,36.72939]]]}},{"type":"Feature","properties":{"name":"","kind":"park","road":"","osm":970828151},"geometry":{"type":"Polygon","coordinates":[[[-4.42553,36.72947],[-4.4255,36.72947],[-4.42551,36.72943],[-4.42552,36.72943],[-4.42552,36.72945],[-4.42552,36.72946],[-4.42553,36.72946],[-4.42553,36.72947]]]}},{"type":"Feature","properties":{"name":"Calle Biedmas","kind":"road","road":"pedestrian","osm":971564944},"geometry":{"type":"LineString","coordinates":[[-4.42418,36.72326],[-4.42389,36.72309]]}},{"type":"Feature","properties":{"name":"Calle Gigantes","kind":"road","road":"pedestrian","osm":972217022},"geometry":{"type":"LineString","coordinates":[[-4.42376,36.7239],[-4.42383,36.72411],[-4.4239,36.72428]]}},{"type":"Feature","properties":{"name":"Calle Pastora","kind":"road","road":"pedestrian","osm":975768571},"geometry":{"type":"LineString","coordinates":[[-4.42316,36.71769],[-4.42318,36.71772],[-4.42333,36.71798]]}},{"type":"Feature","properties":{"name":"Calle Pastora","kind":"road","road":"pedestrian","osm":975768572},"geometry":{"type":"LineString","coordinates":[[-4.42337,36.71804],[-4.42352,36.71829]]}},{"type":"Feature","properties":{"name":"Calle Abadía Santa Ana","kind":"road","road":"pedestrian","osm":975787255},"geometry":{"type":"LineString","coordinates":[[-4.41797,36.72064],[-4.41793,36.72074]]}},{"type":"Feature","properties":{"name":"Fuente del Monumento a Enrique Navarro","kind":"water","road":"","osm":979385906},"geometry":{"type":"Polygon","coordinates":[[[-4.42876,36.71624],[-4.42876,36.71625],[-4.42855,36.71624],[-4.42852,36.71626],[-4.42851,36.71626],[-4.42851,36.71624],[-4.42854,36.71622],[-4.42876,36.71624]]]}},{"type":"Feature","properties":{"name":"Calle Cruz del Molinillo","kind":"road","road":"secondary","osm":989194621},"geometry":{"type":"LineString","coordinates":[[-4.42359,36.72678],[-4.42354,36.72676],[-4.42353,36.72676],[-4.42349,36.72676],[-4.4233,36.72684],[-4.42308,36.72695],[-4.42295,36.727]]}},{"type":"Feature","properties":{"name":"","kind":"park","road":"","osm":991532671},"geometry":{"type":"Polygon","coordinates":[[[-4.42121,36.72946],[-4.42106,36.72935],[-4.42109,36.72948],[-4.42121,36.72946]]]}},{"type":"Feature","properties":{"name":"","kind":"park","road":"","osm":992770080},"geometry":{"type":"Polygon","coordinates":[[[-4.43204,36.72527],[-4.43205,36.72528],[-4.43206,36.72526],[-4.43204,36.72527]]]}},{"type":"Feature","properties":{"name":"","kind":"park","road":"","osm":992770081},"geometry":{"type":"Polygon","coordinates":[[[-4.43196,36.7252],[-4.43197,36.72521],[-4.43198,36.72519],[-4.43196,36.7252]]]}},{"type":"Feature","properties":{"name":"","kind":"park","road":"","osm":992770082},"geometry":{"type":"Polygon","coordinates":[[[-4.43188,36.72513],[-4.43189,36.72514],[-4.4319,36.72513],[-4.4319,36.72512],[-4.43188,36.72513]]]}},{"type":"Feature","properties":{"name":"","kind":"park","road":"","osm":992770083},"geometry":{"type":"Polygon","coordinates":[[[-4.43179,36.72507],[-4.43181,36.72508],[-4.43182,36.72506],[-4.43181,36.72506],[-4.43179,36.72507]]]}},{"type":"Feature","properties":{"name":"","kind":"park","road":"","osm":992770084},"geometry":{"type":"Polygon","coordinates":[[[-4.43171,36.725],[-4.43172,36.72501],[-4.43173,36.72499],[-4.43171,36.725]]]}},{"type":"Feature","properties":{"name":"","kind":"park","road":"","osm":992770085},"geometry":{"type":"Polygon","coordinates":[[[-4.43163,36.72493],[-4.43164,36.72494],[-4.43165,36.72493],[-4.43164,36.72492],[-4.43163,36.72493]]]}},{"type":"Feature","properties":{"name":"","kind":"park","road":"","osm":992770086},"geometry":{"type":"Polygon","coordinates":[[[-4.43178,36.72488],[-4.43177,36.72487],[-4.43176,36.72489],[-4.43178,36.72488]]]}},{"type":"Feature","properties":{"name":"","kind":"park","road":"","osm":992770087},"geometry":{"type":"Polygon","coordinates":[[[-4.43187,36.72495],[-4.43186,36.72494],[-4.43184,36.72495],[-4.43185,36.72496],[-4.43187,36.72495]]]}},{"type":"Feature","properties":{"name":"","kind":"park","road":"","osm":992770088},"geometry":{"type":"Polygon","coordinates":[[[-4.43195,36.72501],[-4.43194,36.725],[-4.43192,36.72502],[-4.43193,36.72502],[-4.43195,36.72501]]]}},{"type":"Feature","properties":{"name":"","kind":"park","road":"","osm":992770089},"geometry":{"type":"Polygon","coordinates":[[[-4.43203,36.72508],[-4.43202,36.72507],[-4.43201,36.72508],[-4.43201,36.72509],[-4.43203,36.72508]]]}},{"type":"Feature","properties":{"name":"","kind":"park","road":"","osm":992770090},"geometry":{"type":"Polygon","coordinates":[[[-4.43211,36.72514],[-4.4321,36.72514],[-4.43209,36.72515],[-4.43211,36.72514]]]}},{"type":"Feature","properties":{"name":"","kind":"park","road":"","osm":992770091},"geometry":{"type":"Polygon","coordinates":[[[-4.4322,36.72521],[-4.43219,36.7252],[-4.43217,36.72522],[-4.43218,36.72522],[-4.4322,36.72521]]]}},{"type":"Feature","properties":{"name":"Calle Calzada de la Trinidad","kind":"road","road":"secondary","osm":1050008657},"geometry":{"type":"LineString","coordinates":[[-4.43242,36.72544],[-4.43237,36.72542],[-4.43229,36.72537]]}},{"type":"Feature","properties":{"name":"","kind":"park","road":"","osm":1051143135},"geometry":{"type":"Polygon","coordinates":[[[-4.42279,36.72592],[-4.42279,36.72593],[-4.42285,36.72588],[-4.42288,36.72585],[-4.42291,36.72583],[-4.4229,36.72583],[-4.42288,36.72585],[-4.42279,36.72592]]]}},{"type":"Feature","properties":{"name":"Parque Eliseo Vicente Hipólito","kind":"park","road":"","osm":1051281035},"geometry":{"type":"Polygon","coordinates":[[[-4.42549,36.72985],[-4.42548,36.72985],[-4.42547,36.72984],[-4.42546,36.72984],[-4.42542,36.72983],[-4.42538,36.72976],[-4.42538,36.72974],[-4.4254,36.72975],[-4.42542,36.72975],[-4.42544,36.72975],[-4.42544,36.72974],[-4.42544,36.72973],[-4.42545,36.72972],[-4.42546,36.72964],[-4.42547,36.72959],[-4.42548,36.72958],[-4.4255,36.72947],[-4.42553,36.72947],[-4.4256,36.72948],[-4.42558,36.72976],[-4.42557,36.72977],[-4.42557,36.72981],[-4.42549,36.72985]]]}},{"type":"Feature","properties":{"name":"","kind":"park","road":"","osm":1055674318},"geometry":{"type":"Polygon","coordinates":[[[-4.41796,36.72139],[-4.41794,36.72138],[-4.41793,36.72138],[-4.41791,36.72139],[-4.41791,36.7214],[-4.41791,36.72141],[-4.41793,36.72142],[-4.41794,36.72142],[-4.41796,36.72141],[-4.41796,36.7214],[-4.41796,36.72139]]]}},{"type":"Feature","properties":{"name":"Pasaje Doctor Carrillo Casaux","kind":"road","road":"pedestrian","osm":1058508632},"geometry":{"type":"LineString","coordinates":[[-4.41392,36.71862],[-4.41382,36.71862],[-4.41371,36.7186],[-4.41352,36.71855]]}},{"type":"Feature","properties":{"name":"Calle Túnel de la Alcazaba","kind":"road","road":"secondary","osm":1062136828},"geometry":{"type":"LineString","coordinates":[[-4.41345,36.72132],[-4.41342,36.72131]]}},{"type":"Feature","properties":{"name":"","kind":"park","road":"","osm":1062136838},"geometry":{"type":"Polygon","coordinates":[[[-4.41461,36.72112],[-4.41459,36.72112],[-4.41457,36.72113],[-4.41452,36.72118],[-4.41451,36.72119],[-4.41454,36.72119],[-4.41457,36.72116],[-4.4146,36.72113],[-4.41461,36.72112]]]}},{"type":"Feature","properties":{"name":"","kind":"park","road":"","osm":1062136842},"geometry":{"type":"Polygon","coordinates":[[[-4.41413,36.721],[-4.41418,36.72099],[-4.41419,36.72101],[-4.41426,36.72099],[-4.41425,36.72097],[-4.41433,36.72095],[-4.41434,36.72096],[-4.41435,36.72096],[-4.41436,36.72096],[-4.41437,36.72098],[-4.41418,36.72103],[-4.41414,36.72102],[-4.41413,36.721]]]}},{"type":"Feature","properties":{"name":"","kind":"park","road":"","osm":1062136843},"geometry":{"type":"Polygon","coordinates":[[[-4.41413,36.72099],[-4.41411,36.72095],[-4.41476,36.72078],[-4.4148,36.72086],[-4.41439,36.72098],[-4.41438,36.72096],[-4.41438,36.72095],[-4.41439,36.72095],[-4.41439,36.72094],[-4.41439,36.72093],[-4.41439,36.72092],[-4.41438,36.72092],[-4.41437,36.72091],[-4.41436,36.72091],[-4.41435,36.72091],[-4.41434,36.72091],[-4.41433,36.72092],[-4.41432,36.72093],[-4.41432,36.72094],[-4.41425,36.72096],[-4.41424,36.72094],[-4.41417,36.72096],[-4.41418,36.72098],[-4.41413,36.72099]]]}},{"type":"Feature","properties":{"name":"","kind":"park","road":"","osm":1062136844},"geometry":{"type":"Polygon","coordinates":[[[-4.41414,36.72134],[-4.4138,36.72137],[-4.41362,36.7214],[-4.41384,36.72141],[-4.41406,36.7214],[-4.41405,36.72137],[-4.41415,36.72135],[-4.41414,36.72134]]]}},{"type":"Feature","properties":{"name":"","kind":"park","road":"","osm":1062136845},"geometry":{"type":"Polygon","coordinates":[[[-4.41415,36.72136],[-4.41416,36.72134],[-4.41421,36.72133],[-4.41451,36.7213],[-4.41451,36.72131],[-4.41445,36.72132],[-4.41446,36.72136],[-4.41448,36.72138],[-4.41449,36.72139],[-4.41419,36.7214],[-4.41418,36.72137],[-4.41417,36.72136],[-4.41412,36.72137],[-4.41413,36.72136],[-4.41415,36.72136]]]}},{"type":"Feature","properties":{"name":"","kind":"park","road":"","osm":1062136846},"geometry":{"type":"Polygon","coordinates":[[[-4.41476,36.72119],[-4.41473,36.72116],[-4.41478,36.72115],[-4.41478,36.7211],[-4.41485,36.72107],[-4.41484,36.72105],[-4.41467,36.72112],[-4.41465,36.72111],[-4.41463,36.72115],[-4.41468,36.72117],[-4.41467,36.72118],[-4.41464,36.72127],[-4.41461,36.72129],[-4.41457,36.72129],[-4.41453,36.72129],[-4.41455,36.72137],[-4.41455,36.72138],[-4.41463,36.72138],[-4.41466,36.72137],[-4.41469,36.72135],[-4.4147,36.72132],[-4.41472,36.72128],[-4.41474,36.72121],[-4.41476,36.72119]]]}},{"type":"Feature","properties":{"name":"","kind":"park","road":"","osm":1062136847},"geometry":{"type":"Polygon","coordinates":[[[-4.41602,36.72055],[-4.41598,36.7205],[-4.41591,36.72055],[-4.41532,36.72074],[-4.41498,36.72085],[-4.41496,36.72086],[-4.41473,36.72093],[-4.41474,36.72095],[-4.41461,36.72109],[-4.41462,36.72109],[-4.41464,36.7211],[-4.41465,36.72109],[-4.41467,36.7211],[-4.41478,36.72105],[-4.41485,36.72102],[-4.41502,36.72098],[-4.41504,36.72103],[-4.41502,36.72104],[-4.41503,36.72105],[-4.41491,36.7211],[-4.41493,36.72112],[-4.41506,36.72106],[-4.41521,36.721],[-4.41566,36.72074],[-4.41596,36.72058],[-4.41602,36.72055]]]}},{"type":"Feature","properties":{"name":"","kind":"park","road":"","osm":1062136848},"geometry":{"type":"Polygon","coordinates":[[[-4.41633,36.72034],[-4.41618,36.72042],[-4.41619,36.72043],[-4.41604,36.7205],[-4.41606,36.72053],[-4.41634,36.72039],[-4.41635,36.72033],[-4.41633,36.72034]]]}},{"type":"Feature","properties":{"name":"","kind":"park","road":"","osm":1062136849},"geometry":{"type":"Polygon","coordinates":[[[-4.41478,36.72077],[-4.41551,36.72057],[-4.41555,36.72056],[-4.41569,36.72052],[-4.4159,36.72047],[-4.4159,36.72048],[-4.41589,36.72051],[-4.41482,36.72085],[-4.41478,36.72077]]]}},{"type":"Feature","properties":{"name":"","kind":"park","road":"","osm":1062136850},"geometry":{"type":"Polygon","coordinates":[[[-4.41472,36.72094],[-4.41443,36.72102],[-4.41416,36.7211],[-4.41414,36.7211],[-4.41412,36.72109],[-4.41411,36.72106],[-4.41409,36.72106],[-4.41407,36.72106],[-4.41406,36.72107],[-4.41407,36.7211],[-4.41407,36.72112],[-4.41404,36.72115],[-4.414,36.72117],[-4.4138,36.72125],[-4.41381,36.72123],[-4.41354,36.72132],[-4.41336,36.72139],[-4.41336,36.7214],[-4.41354,36.7214],[-4.41378,36.72136],[-4.41451,36.72127],[-4.4145,36.72124],[-4.41445,36.72125],[-4.41444,36.72116],[-4.41447,36.72115],[-4.41447,36.72113],[-4.4145,36.72112],[-4.41452,36.72111],[-4.41455,36.72111],[-4.41472,36.72095],[-4.41472,36.72094]]]}},{"type":"Feature","properties":{"name":"","kind":"park","road":"","osm":1062136857},"geometry":{"type":"Polygon","coordinates":[[[-4.41385,36.72111],[-4.41381,36.72112],[-4.41383,36.72116],[-4.41353,36.72124],[-4.41352,36.72121],[-4.41346,36.72123],[-4.41347,36.72125],[-4.41351,36.72126],[-4.41353,36.72127],[-4.4136,36.72126],[-4.41398,36.72112],[-4.414,36.72109],[-4.414,36.72107],[-4.41395,36.72108],[-4.41396,36.72111],[-4.41386,36.72113],[-4.41385,36.72111]]]}},{"type":"Feature","properties":{"name":"","kind":"park","road":"","osm":1062136858},"geometry":{"type":"Polygon","coordinates":[[[-4.41401,36.72098],[-4.414,36.72104],[-4.41394,36.72106],[-4.41394,36.72104],[-4.41383,36.72107],[-4.41384,36.72109],[-4.4138,36.7211],[-4.41379,36.72107],[-4.4135,36.72115],[-4.41349,36.72113],[-4.4135,36.72113],[-4.41401,36.72098]]]}},{"type":"Feature","properties":{"name":"","kind":"park","road":"","osm":1062136859},"geometry":{"type":"Polygon","coordinates":[[[-4.41376,36.72111],[-4.41378,36.7211],[-4.41377,36.72109],[-4.41352,36.72116],[-4.41353,36.72117],[-4.41354,36.72117],[-4.41354,36.72118],[-4.41377,36.72111],[-4.41376,36.72111]]]}},{"type":"Feature","properties":{"name":"","kind":"park","road":"","osm":1062136860},"geometry":{"type":"Polygon","coordinates":[[[-4.41378,36.72114],[-4.41379,36.72113],[-4.4138,36.72115],[-4.41355,36.72122],[-4.41354,36.7212],[-4.41355,36.7212],[-4.41355,36.72119],[-4.41377,36.72113],[-4.41378,36.72114]]]}},{"type":"Feature","properties":{"name":"","kind":"park","road":"","osm":1062535829},"geometry":{"type":"Polygon","coordinates":[[[-4.41363,36.72081],[-4.41361,36.72082],[-4.4136,36.72082],[-4.41358,36.72082],[-4.41358,36.72081],[-4.41362,36.7208],[-4.41363,36.72081]]]}},{"type":"Feature","properties":{"name":"","kind":"park","road":"","osm":1062535830},"geometry":{"type":"Polygon","coordinates":[[[-4.41365,36.72078],[-4.41365,36.72076],[-4.41365,36.72075],[-4.41364,36.72075],[-4.41364,36.72074],[-4.41362,36.72074],[-4.41364,36.72078],[-4.41365,36.72078]]]}},{"type":"Feature","properties":{"name":"","kind":"park","road":"","osm":1062535831},"geometry":{"type":"Polygon","coordinates":[[[-4.41358,36.72072],[-4.41357,36.72072],[-4.41356,36.72072],[-4.41355,36.72073],[-4.41354,36.72073],[-4.41355,36.72075],[-4.41359,36.72073],[-4.41358,36.72072]]]}},{"type":"Feature","properties":{"name":"","kind":"park","road":"","osm":1062535844},"geometry":{"type":"Polygon","coordinates":[[[-4.41372,36.72072],[-4.41368,36.72062],[-4.41356,36.72066],[-4.41356,36.72067],[-4.41361,36.72066],[-4.41363,36.72067],[-4.41364,36.72066],[-4.41368,36.72067],[-4.41367,36.72068],[-4.41369,36.7207],[-4.4137,36.72073],[-4.41372,36.72072]]]}},{"type":"Feature","properties":{"name":"","kind":"park","road":"","osm":1062535845},"geometry":{"type":"Polygon","coordinates":[[[-4.41352,36.72066],[-4.4134,36.7207],[-4.41344,36.72079],[-4.41346,36.72079],[-4.41345,36.72076],[-4.41345,36.72074],[-4.41343,36.72073],[-4.41346,36.7207],[-4.41347,36.72071],[-4.41349,36.72069],[-4.41353,36.72068],[-4.41352,36.72066]]]}},{"type":"Feature","properties":{"name":"","kind":"park","road":"","osm":1062535846},"geometry":{"type":"Polygon","coordinates":[[[-4.41345,36.72083],[-4.41349,36.72092],[-4.41361,36.72089],[-4.4136,36.72087],[-4.41356,36.72088],[-4.41355,36.72088],[-4.41354,36.72089],[-4.4135,36.72087],[-4.41351,36.72086],[-4.41349,36.72085],[-4.41348,36.72082],[-4.41345,36.72083]]]}},{"type":"Feature","properties":{"name":"","kind":"park","road":"","osm":1062535847},"geometry":{"type":"Polygon","coordinates":[[[-4.41365,36.72088],[-4.41377,36.72084],[-4.41373,36.72075],[-4.41371,36.72076],[-4.41372,36.72079],[-4.41372,36.7208],[-4.41373,36.72081],[-4.41371,36.72084],[-4.4137,36.72084],[-4.41368,36.72085],[-4.41365,36.72086],[-4.41365,36.72088]]]}},{"type":"Feature","properties":{"name":"","kind":"park","road":"","osm":1062535850},"geometry":{"type":"Polygon","coordinates":[[[-4.4143,36.72049],[-4.4143,36.72048],[-4.41427,36.72049],[-4.41428,36.72051],[-4.4143,36.7205],[-4.41429,36.7205],[-4.4143,36.72049]]]}},{"type":"Feature","properties":{"name":"","kind":"park","road":"","osm":1062535851},"geometry":{"type":"Polygon","coordinates":[[[-4.4143,36.72051],[-4.41428,36.72052],[-4.41429,36.72054],[-4.41432,36.72053],[-4.41431,36.72051],[-4.4143,36.72052],[-4.4143,36.72051]]]}},{"type":"Feature","properties":{"name":"","kind":"park","road":"","osm":1062535852},"geometry":{"type":"Polygon","coordinates":[[[-4.41432,36.72049],[-4.41434,36.72049],[-4.41433,36.72047],[-4.4143,36.72048],[-4.41431,36.72049],[-4.41432,36.72049]]]}},{"type":"Feature","properties":{"name":"","kind":"park","road":"","osm":1062535853},"geometry":{"type":"Polygon","coordinates":[[[-4.41432,36.72051],[-4.41433,36.72053],[-4.41435,36.72052],[-4.41434,36.7205],[-4.41432,36.7205],[-4.41433,36.72051],[-4.41432,36.72051]]]}},{"type":"Feature","properties":{"name":"","kind":"park","road":"","osm":1062535854},"geometry":{"type":"Polygon","coordinates":[[[-4.41435,36.72061],[-4.41435,36.72059],[-4.41432,36.7206],[-4.41433,36.72062],[-4.41435,36.72062],[-4.41434,36.72061],[-4.41435,36.72061]]]}},{"type":"Feature","properties":{"name":"","kind":"park","road":"","osm":1062535855},"geometry":{"type":"Polygon","coordinates":[[[-4.41435,36.72063],[-4.41433,36.72063],[-4.41434,36.72065],[-4.41437,36.72064],[-4.41436,36.72063],[-4.41435,36.72063]]]}},{"type":"Feature","properties":{"name":"","kind":"park","road":"","osm":1062535856},"geometry":{"type":"Polygon","coordinates":[[[-4.41437,36.72061],[-4.41439,36.7206],[-4.41438,36.72058],[-4.41436,36.72059],[-4.41436,36.72061],[-4.41437,36.72061]]]}},{"type":"Feature","properties":{"name":"","kind":"park","road":"","osm":1062535857},"geometry":{"type":"Polygon","coordinates":[[[-4.41437,36.72063],[-4.41438,36.72064],[-4.4144,36.72063],[-4.41439,36.72061],[-4.41437,36.72062],[-4.41438,36.72063],[-4.41437,36.72063]]]}},{"type":"Feature","properties":{"name":"","kind":"park","road":"","osm":1062535858},"geometry":{"type":"Polygon","coordinates":[[[-4.41421,36.72065],[-4.4142,36.72064],[-4.41417,36.72065],[-4.41418,36.72067],[-4.4142,36.72066],[-4.4142,36.72065],[-4.41421,36.72065]]]}},{"type":"Feature","properties":{"name":"","kind":"park","road":"","osm":1062535859},"geometry":{"type":"Polygon","coordinates":[[[-4.4142,36.72067],[-4.41418,36.72067],[-4.41419,36.72069],[-4.41422,36.72069],[-4.41422,36.72067],[-4.41421,36.72067],[-4.4142,36.72067]]]}},{"type":"Feature","properties":{"name":"","kind":"park","road":"","osm":1062535860},"geometry":{"type":"Polygon","coordinates":[[[-4.41422,36.72065],[-4.41424,36.72065],[-4.41424,36.72063],[-4.41421,36.72064],[-4.41421,36.72065],[-4.41422,36.72065]]]}},{"type":"Feature","properties":{"name":"","kind":"park","road":"","osm":1062535861},"geometry":{"type":"Polygon","coordinates":[[[-4.41422,36.72067],[-4.41423,36.72068],[-4.41426,36.72068],[-4.41425,36.72066],[-4.41423,36.72066],[-4.41423,36.72067],[-4.41422,36.72067]]]}},{"type":"Feature","properties":{"name":"","kind":"park","road":"","osm":1062535862},"geometry":{"type":"Polygon","coordinates":[[[-4.41416,36.72054],[-4.41415,36.72052],[-4.41412,36.72053],[-4.41413,36.72055],[-4.41415,36.72054],[-4.41416,36.72054]]]}},{"type":"Feature","properties":{"name":"","kind":"park","road":"","osm":1062535863},"geometry":{"type":"Polygon","coordinates":[[[-4.41418,36.72054],[-4.4142,36.72053],[-4.41419,36.72051],[-4.41416,36.72052],[-4.41417,36.72053],[-4.41418,36.72054]]]}},{"type":"Feature","properties":{"name":"","kind":"park","road":"","osm":1062535864},"geometry":{"type":"Polygon","coordinates":[[[-4.41418,36.72055],[-4.41418,36.72057],[-4.41421,36.72056],[-4.4142,36.72054],[-4.41418,36.72054],[-4.41418,36.72055]]]}},{"type":"Feature","properties":{"name":"","kind":"park","road":"","osm":1062535865},"geometry":{"type":"Polygon","coordinates":[[[-4.41416,36.72055],[-4.41413,36.72056],[-4.41414,36.72058],[-4.41417,36.72057],[-4.41417,36.72056],[-4.41416,36.72056],[-4.41416,36.72055]]]}},{"type":"Feature","properties":{"name":"","kind":"park","road":"","osm":1062535866},"geometry":{"type":"Polygon","coordinates":[[[-4.41414,36.72065],[-4.41416,36.72065],[-4.41419,36.7207],[-4.41429,36.72068],[-4.4143,36.7207],[-4.41417,36.72073],[-4.41414,36.72065]]]}},{"type":"Feature","properties":{"name":"","kind":"park","road":"","osm":1062535867},"geometry":{"type":"Polygon","coordinates":[[[-4.41439,36.72051],[-4.41437,36.72052],[-4.41434,36.72046],[-4.41424,36.72048],[-4.41423,36.72046],[-4.41436,36.72043],[-4.41439,36.72051]]]}},{"type":"Feature","properties":{"name":"","kind":"park","road":"","osm":1062535868},"geometry":{"type":"Polygon","coordinates":[[[-4.41411,36.72059],[-4.41413,36.72058],[-4.41411,36.72052],[-4.41421,36.72049],[-4.4142,36.72047],[-4.41408,36.7205],[-4.41411,36.72059]]]}},{"type":"Feature","properties":{"name":"","kind":"park","road":"","osm":1062535869},"geometry":{"type":"Polygon","coordinates":[[[-4.41442,36.72058],[-4.41439,36.72058],[-4.41442,36.72064],[-4.41432,36.72067],[-4.41433,36.72069],[-4.41445,36.72066],[-4.41442,36.72058]]]}},{"type":"Feature","properties":{"name":"","kind":"park","road":"","osm":1062535873},"geometry":{"type":"Polygon","coordinates":[[[-4.41354,36.72101],[-4.41351,36.72096],[-4.41379,36.72088],[-4.41381,36.72093],[-4.41372,36.72096],[-4.41362,36.72099],[-4.41354,36.72101]]]}},{"type":"Feature","properties":{"name":"","kind":"park","road":"","osm":1062535874},"geometry":{"type":"Polygon","coordinates":[[[-4.41344,36.72095],[-4.41339,36.72096],[-4.41338,36.72094],[-4.41337,36.72095],[-4.41334,36.72088],[-4.41335,36.72087],[-4.41334,36.72085],[-4.41339,36.72084],[-4.41344,36.72095]]]}},{"type":"Feature","properties":{"name":"","kind":"park","road":"","osm":1062535875},"geometry":{"type":"Polygon","coordinates":[[[-4.41327,36.72097],[-4.41325,36.72098],[-4.41322,36.72091],[-4.41324,36.7209],[-4.41323,36.72088],[-4.41327,36.72087],[-4.41328,36.72089],[-4.4133,36.72089],[-4.41333,36.72096],[-4.41331,36.72096],[-4.41332,36.72098],[-4.41328,36.72099],[-4.41327,36.72097]]]}},{"type":"Feature","properties":{"name":"","kind":"park","road":"","osm":1062535876},"geometry":{"type":"Polygon","coordinates":[[[-4.41318,36.72092],[-4.41316,36.72092],[-4.41313,36.72098],[-4.4131,36.72104],[-4.4132,36.72101],[-4.4132,36.72099],[-4.41322,36.72099],[-4.41318,36.72092]]]}},{"type":"Feature","properties":{"name":"","kind":"park","road":"","osm":1062535877},"geometry":{"type":"Polygon","coordinates":[[[-4.41309,36.72107],[-4.41311,36.72108],[-4.41324,36.72108],[-4.41332,36.72107],[-4.41348,36.72103],[-4.41345,36.72097],[-4.4134,36.72098],[-4.41341,36.721],[-4.41334,36.72102],[-4.41333,36.721],[-4.41329,36.72101],[-4.41329,36.72103],[-4.41322,36.72105],[-4.41321,36.72104],[-4.41309,36.72107]]]}},{"type":"Feature","properties":{"name":"","kind":"park","road":"","osm":1062535878},"geometry":{"type":"Polygon","coordinates":[[[-4.41319,36.7208],[-4.41323,36.72076],[-4.41332,36.72067],[-4.41338,36.72082],[-4.41334,36.72083],[-4.41333,36.72081],[-4.41326,36.72083],[-4.41326,36.72085],[-4.41322,36.72086],[-4.41322,36.72085],[-4.4132,36.72085],[-4.41318,36.72085],[-4.41316,36.72085],[-4.41316,36.72086],[-4.41316,36.72088],[-4.41307,36.72102],[-4.41306,36.72103],[-4.41304,36.72101],[-4.41307,36.72095],[-4.41314,36.72086],[-4.41319,36.7208]]]}},{"type":"Feature","properties":{"name":"","kind":"park","road":"","osm":1062535879},"geometry":{"type":"Polygon","coordinates":[[[-4.41362,36.72052],[-4.41365,36.72059],[-4.41339,36.72066],[-4.41337,36.72063],[-4.41347,36.72058],[-4.41355,36.72055],[-4.41362,36.72052]]]}},{"type":"Feature","properties":{"name":"","kind":"park","road":"","osm":1062535880},"geometry":{"type":"Polygon","coordinates":[[[-4.4145,36.72034],[-4.41439,36.72037],[-4.41437,36.7203],[-4.41444,36.72029],[-4.41447,36.7203],[-4.41448,36.72031],[-4.4145,36.72034]]]}},{"type":"Feature","properties":{"name":"","kind":"park","road":"","osm":1062535881},"geometry":{"type":"Polygon","coordinates":[[[-4.41461,36.72061],[-4.41451,36.72064],[-4.41442,36.72041],[-4.41451,36.72039],[-4.41455,36.72047],[-4.41458,36.72054],[-4.41461,36.72061]]]}},{"type":"Feature","properties":{"name":"","kind":"park","road":"","osm":1062535882},"geometry":{"type":"Polygon","coordinates":[[[-4.41455,36.72072],[-4.41453,36.72068],[-4.41462,36.72065],[-4.41463,36.72067],[-4.41463,36.72069],[-4.41461,36.72071],[-4.41455,36.72072]]]}},{"type":"Feature","properties":{"name":"","kind":"park","road":"","osm":1062535883},"geometry":{"type":"Polygon","coordinates":[[[-4.41448,36.72074],[-4.41447,36.7207],[-4.41419,36.72077],[-4.41421,36.72082],[-4.4143,36.72079],[-4.41439,36.72077],[-4.41448,36.72074]]]}},{"type":"Feature","properties":{"name":"","kind":"park","road":"","osm":1062535884},"geometry":{"type":"Polygon","coordinates":[[[-4.4143,36.72032],[-4.41433,36.72039],[-4.41406,36.72047],[-4.41403,36.7204],[-4.41417,36.72036],[-4.4143,36.72032]]]}},{"type":"Feature","properties":{"name":"","kind":"park","road":"","osm":1062535885},"geometry":{"type":"Polygon","coordinates":[[[-4.41397,36.72042],[-4.41399,36.72049],[-4.41372,36.72056],[-4.41369,36.72049],[-4.41382,36.72046],[-4.41397,36.72042]]]}},{"type":"Feature","properties":{"name":"","kind":"park","road":"","osm":1062535886},"geometry":{"type":"Polygon","coordinates":[[[-4.41388,36.72091],[-4.41386,36.72087],[-4.41413,36.72079],[-4.41415,36.72084],[-4.41405,36.72087],[-4.41396,36.72089],[-4.41388,36.72091]]]}},{"type":"Feature","properties":{"name":"","kind":"park","road":"","osm":1062535887},"geometry":{"type":"Polygon","coordinates":[[[-4.41388,36.72056],[-4.41389,36.72058],[-4.41397,36.72056],[-4.414,36.72056],[-4.41404,36.72064],[-4.41406,36.72063],[-4.41401,36.72052],[-4.41388,36.72056]]]}},{"type":"Feature","properties":{"name":"","kind":"park","road":"","osm":1062535888},"geometry":{"type":"Polygon","coordinates":[[[-4.41379,36.72073],[-4.41381,36.72072],[-4.41384,36.72079],[-4.41386,36.7208],[-4.41395,36.72077],[-4.41396,36.72079],[-4.41383,36.72083],[-4.41379,36.72073]]]}},{"type":"Feature","properties":{"name":"","kind":"park","road":"","osm":1062535889},"geometry":{"type":"Polygon","coordinates":[[[-4.41386,36.72057],[-4.41374,36.7206],[-4.41378,36.72071],[-4.4138,36.7207],[-4.41377,36.72063],[-4.41379,36.72061],[-4.41387,36.72058],[-4.41386,36.72057]]]}},{"type":"Feature","properties":{"name":"","kind":"park","road":"","osm":1062535890},"geometry":{"type":"Polygon","coordinates":[[[-4.41399,36.72078],[-4.41411,36.72075],[-4.41407,36.72065],[-4.41405,36.72066],[-4.41408,36.72072],[-4.41407,36.72074],[-4.41398,36.72077],[-4.41399,36.72078]]]}},{"type":"Feature","properties":{"name":"","kind":"park","road":"","osm":1062535891},"geometry":{"type":"Polygon","coordinates":[[[-4.41395,36.72067],[-4.41395,36.72069],[-4.41394,36.7207],[-4.41392,36.7207],[-4.4139,36.7207],[-4.4139,36.72068],[-4.4139,36.72067],[-4.4139,36.72066],[-4.41392,36.72066],[-4.41394,36.72066],[-4.41395,36.72067]]]}},{"type":"Feature","properties":{"name":"","kind":"park","road":"","osm":1062535896},"geometry":{"type":"Polygon","coordinates":[[[-4.41401,36.72067],[-4.41399,36.72068],[-4.41398,36.7207],[-4.41397,36.72071],[-4.41396,36.72072],[-4.41397,36.72074],[-4.414,36.72072],[-4.41401,36.7207],[-4.41401,36.72067]]]}},{"type":"Feature","properties":{"name":"","kind":"park","road":"","osm":1062535897},"geometry":{"type":"Polygon","coordinates":[[[-4.41391,36.72061],[-4.41392,36.72063],[-4.41393,36.72063],[-4.41396,36.72064],[-4.41398,36.72065],[-4.414,36.72064],[-4.41398,36.72062],[-4.41395,36.72061],[-4.41391,36.72061]]]}},{"type":"Feature","properties":{"name":"","kind":"park","road":"","osm":1062535898},"geometry":{"type":"Polygon","coordinates":[[[-4.4139,36.72064],[-4.41388,36.72062],[-4.41386,36.72064],[-4.41384,36.72066],[-4.41384,36.72069],[-4.41386,36.72069],[-4.41387,36.72066],[-4.41388,36.72065],[-4.4139,36.72064]]]}},{"type":"Feature","properties":{"name":"","kind":"park","road":"","osm":1062535899},"geometry":{"type":"Polygon","coordinates":[[[-4.41393,36.72073],[-4.41391,36.72073],[-4.41389,36.72072],[-4.41387,36.7207],[-4.41385,36.72072],[-4.41386,36.72073],[-4.41389,36.72075],[-4.41392,36.72075],[-4.41394,36.72075],[-4.41393,36.72073]]]}},{"type":"Feature","properties":{"name":"","kind":"water","road":"","osm":1062558994},"geometry":{"type":"Polygon","coordinates":[[[-4.41502,36.72104],[-4.41491,36.72108],[-4.41491,36.7211],[-4.41503,36.72105],[-4.41502,36.72104]]]}},{"type":"Feature","properties":{"name":"Calle Pedro de Quejana","kind":"road","road":"tertiary","osm":1062870005},"geometry":{"type":"LineString","coordinates":[[-4.41049,36.72726],[-4.41057,36.72731],[-4.41061,36.72737]]}},{"type":"Feature","properties":{"name":"Calle Pedro de Quejana","kind":"road","road":"tertiary","osm":1062870006},"geometry":{"type":"LineString","coordinates":[[-4.41069,36.72728],[-4.41065,36.7273],[-4.41062,36.72733],[-4.41061,36.72737]]}},{"type":"Feature","properties":{"name":"","kind":"park","road":"","osm":1063920415},"geometry":{"type":"Polygon","coordinates":[[[-4.40887,36.72305],[-4.40885,36.72304],[-4.40884,36.72303],[-4.40883,36.72302],[-4.40881,36.723],[-4.4088,36.72299],[-4.40879,36.72298],[-4.40878,36.72296],[-4.40877,36.72295],[-4.40876,36.72294],[-4.40874,36.72292],[-4.40874,36.72291],[-4.40873,36.72289],[-4.40887,36.72305]]]}},{"type":"Feature","properties":{"name":"","kind":"park","road":"","osm":1063920416},"geometry":{"type":"Polygon","coordinates":[[[-4.40877,36.72312],[-4.40877,36.7231],[-4.40877,36.72307],[-4.40875,36.72306],[-4.40873,36.72305],[-4.40873,36.72303],[-4.40872,36.72302],[-4.40871,36.72302],[-4.4087,36.72302],[-4.40869,36.72301],[-4.40869,36.72299],[-4.40868,36.72299],[-4.40867,36.72297],[-4.40866,36.72297],[-4.40865,36.72296],[-4.40864,36.72295],[-4.40864,36.72294],[-4.40861,36.72293],[-4.40877,36.72312]]]}},{"type":"Feature","properties":{"name":"","kind":"park","road":"","osm":1064255974},"geometry":{"type":"Polygon","coordinates":[[[-4.42003,36.71671],[-4.41995,36.71679],[-4.41999,36.7168],[-4.42004,36.71672],[-4.42003,36.71671]]]}},{"type":"Feature","properties":{"name":"","kind":"park","road":"","osm":1064276500},"geometry":{"type":"Polygon","coordinates":[[[-4.41032,36.72336],[-4.41034,36.72342],[-4.41036,36.72341],[-4.41037,36.72342],[-4.41044,36.72338],[-4.41032,36.72336]]]}},{"type":"Feature","properties":{"name":"","kind":"park","road":"","osm":1064276502},"geometry":{"type":"Polygon","coordinates":[[[-4.41063,36.72334],[-4.41053,36.72333],[-4.41048,36.72333],[-4.4104,36.72334],[-4.41043,36.72335],[-4.41048,36.72336],[-4.41052,36.72336],[-4.41058,36.72335],[-4.41063,36.72334]]]}},{"type":"Feature","properties":{"name":"Calle San Agustín","kind":"road","road":"pedestrian","osm":1072180653},"geometry":{"type":"LineString","coordinates":[[-4.41938,36.72074],[-4.41937,36.72081],[-4.41925,36.72096]]}},{"type":"Feature","properties":{"name":"","kind":"road","road":"pedestrian","osm":1072181144},"geometry":{"type":"LineString","coordinates":[[-4.41733,36.72045],[-4.41739,36.72036],[-4.41742,36.72032]]}},{"type":"Feature","properties":{"name":"Calle Andrés Pérez","kind":"road","road":"pedestrian","osm":1072184026},"geometry":{"type":"LineString","coordinates":[[-4.42352,36.72311],[-4.42342,36.72306]]}},{"type":"Feature","properties":{"name":"Calle Muro de las Catalinas","kind":"road","road":"pedestrian","osm":1072184027},"geometry":{"type":"LineString","coordinates":[[-4.42302,36.72337],[-4.42266,36.72349]]}},{"type":"Feature","properties":{"name":"Calle Comedias","kind":"road","road":"pedestrian","osm":1072184931},"geometry":{"type":"LineString","coordinates":[[-4.42226,36.72237],[-4.42222,36.72239],[-4.42181,36.7227]]}},{"type":"Feature","properties":{"name":"","kind":"road","road":"pedestrian","osm":1072185034},"geometry":{"type":"LineString","coordinates":[[-4.42054,36.72286],[-4.42048,36.7228]]}},{"type":"Feature","properties":{"name":"","kind":"park","road":"","osm":1073030230},"geometry":{"type":"Polygon","coordinates":[[[-4.41144,36.71683],[-4.41142,36.71685],[-4.41145,36.71688],[-4.41148,36.71686],[-4.41144,36.71683]]]}},{"type":"Feature","properties":{"name":"","kind":"park","road":"","osm":1073892579},"geometry":{"type":"Polygon","coordinates":[[[-4.41225,36.7155],[-4.41223,36.71551],[-4.41232,36.71558],[-4.41226,36.71562],[-4.41228,36.71563],[-4.41235,36.71558],[-4.41225,36.7155]]]}},{"type":"Feature","properties":{"name":"","kind":"park","road":"","osm":1074302031},"geometry":{"type":"Polygon","coordinates":[[[-4.41337,36.71811],[-4.41338,36.7181],[-4.41327,36.71797],[-4.41326,36.71798],[-4.41337,36.71811]]]}},{"type":"Feature","properties":{"name":"","kind":"park","road":"","osm":1074302032},"geometry":{"type":"Polygon","coordinates":[[[-4.41348,36.71825],[-4.41352,36.71824],[-4.41343,36.71813],[-4.41339,36.71815],[-4.41348,36.71825]]]}},{"type":"Feature","properties":{"name":"","kind":"park","road":"","osm":1074302033},"geometry":{"type":"Polygon","coordinates":[[[-4.41357,36.71837],[-4.41359,36.71836],[-4.41353,36.71829],[-4.41352,36.7183],[-4.41357,36.71837]]]}},{"type":"Feature","properties":{"name":"Calle Granados","kind":"road","road":"pedestrian","osm":1076770657},"geometry":{"type":"LineString","coordinates":[[-4.41962,36.72299],[-4.42005,36.72254]]}},{"type":"Feature","properties":{"name":"","kind":"water","road":"","osm":1076770659},"geometry":{"type":"Polygon","coordinates":[[[-4.41961,36.723],[-4.41961,36.72301],[-4.4196,36.72302],[-4.41959,36.72301],[-4.41958,36.72301],[-4.41959,36.723],[-4.4196,36.723],[-4.41961,36.723]]]}},{"type":"Feature","properties":{"name":"","kind":"road","road":"pedestrian","osm":1086664473},"geometry":{"type":"LineString","coordinates":[[-4.42502,36.7179],[-4.42485,36.71793],[-4.42468,36.71796],[-4.42472,36.71801],[-4.42476,36.71806],[-4.42482,36.71813],[-4.42483,36.71814],[-4.42487,36.71818],[-4.4249,36.71822],[-4.42494,36.71828],[-4.42496,36.71829],[-4.42499,36.71833],[-4.42502,36.71836],[-4.42506,36.71841],[-4.42507,36.71842],[-4.42508,36.71842],[-4.4251,36.71842],[-4.42512,36.71841],[-4.42511,36.71839],[-4.42511,36.71837],[-4.4251,36.71837],[-4.42509,36.71831],[-4.42509,36.71827],[-4.42508,36.71824],[-4.42507,36.71817],[-4.42503,36.71795],[-4.42502,36.7179]]}},{"type":"Feature","properties":{"name":"","kind":"park","road":"","osm":1100869873},"geometry":{"type":"Polygon","coordinates":[[[-4.42532,36.71858],[-4.4253,36.71857],[-4.42529,36.71858],[-4.42529,36.71862],[-4.4253,36.71863],[-4.42531,36.71862],[-4.42532,36.71859],[-4.42532,36.71858]]]}},{"type":"Feature","properties":{"name":"","kind":"park","road":"","osm":1106119952},"geometry":{"type":"Polygon","coordinates":[[[-4.41012,36.72716],[-4.41012,36.72708],[-4.41011,36.72704],[-4.40958,36.72701],[-4.40931,36.7271],[-4.4093,36.72713],[-4.40951,36.72713],[-4.41012,36.72717],[-4.41012,36.72716]]]}},{"type":"Feature","properties":{"name":"Fuente de la Judería","kind":"water","road":"","osm":1121166189},"geometry":{"type":"Polygon","coordinates":[[[-4.41783,36.72191],[-4.41782,36.72192],[-4.41783,36.72193],[-4.41784,36.72192],[-4.41785,36.72192],[-4.41784,36.72191],[-4.41783,36.72191]]]}},{"type":"Feature","properties":{"name":"Glorieta Albert Camus","kind":"road","road":"secondary","osm":1121712447},"geometry":{"type":"LineString","coordinates":[[-4.42988,36.71586],[-4.42987,36.71584]]}},{"type":"Feature","properties":{"name":"","kind":"park","road":"","osm":1122254734},"geometry":{"type":"Polygon","coordinates":[[[-4.41462,36.7268],[-4.41463,36.72679],[-4.41463,36.72678],[-4.41462,36.72678],[-4.41461,36.72678],[-4.4146,36.72679],[-4.4146,36.7268],[-4.41462,36.7268]]]}},{"type":"Feature","properties":{"name":"","kind":"park","road":"","osm":1122254735},"geometry":{"type":"Polygon","coordinates":[[[-4.41465,36.7268],[-4.41467,36.7268],[-4.41466,36.72679],[-4.41465,36.72678],[-4.41464,36.72678],[-4.41464,36.72679],[-4.41465,36.7268]]]}},{"type":"Feature","properties":{"name":"","kind":"park","road":"","osm":1122254736},"geometry":{"type":"Polygon","coordinates":[[[-4.41464,36.72682],[-4.41465,36.72681],[-4.41467,36.72681],[-4.41467,36.72682],[-4.41466,36.72682],[-4.41466,36.72683],[-4.41464,36.72683],[-4.41464,36.72682]]]}},{"type":"Feature","properties":{"name":"","kind":"park","road":"","osm":1123911619},"geometry":{"type":"Polygon","coordinates":[[[-4.42572,36.71342],[-4.42572,36.71344],[-4.42569,36.71344],[-4.42569,36.71342],[-4.42572,36.71342]]]}},{"type":"Feature","properties":{"name":"Calle Guillén Sotelo","kind":"road","road":"pedestrian","osm":1124782337},"geometry":{"type":"LineString","coordinates":[[-4.41646,36.72007],[-4.41655,36.72001]]}},{"type":"Feature","properties":{"name":"","kind":"water","road":"","osm":1125895464},"geometry":{"type":"Polygon","coordinates":[[[-4.41874,36.72052],[-4.41874,36.72049],[-4.41873,36.72049],[-4.4187,36.72049],[-4.41873,36.72049],[-4.41873,36.72048],[-4.41874,36.72048],[-4.41873,36.72046],[-4.41874,36.72046],[-4.41874,36.72048],[-4.41875,36.72048],[-4.41875,36.72049],[-4.41878,36.72048],[-4.41878,36.72049],[-4.41875,36.72049],[-4.41874,36.72049],[-4.41875,36.72052],[-4.41878,36.72052],[-4.41875,36.72052],[-4.41875,36.72053],[-4.41875,36.72055],[-4.41876,36.72055],[-4.41876,36.72056],[-4.41879,36.72055],[-4.41879,36.72056],[-4.41876,36.72056],[-4.41876,36.72057],[-4.41875,36.72057],[-4.41876,36.72059],[-4.41875,36.72059],[-4.41875,36.72057],[-4.41874,36.72057],[-4.41874,36.72056],[-4.41871,36.72056],[-4.41874,36.72056],[-4.41874,36.72055],[-4.41875,36.72055],[-4.41874,36.72053],[-4.41871,36.72053],[-4.41874,36.72052]]]}},{"type":"Feature","properties":{"name":"","kind":"park","road":"","osm":1125895465},"geometry":{"type":"Polygon","coordinates":[[[-4.41872,36.72048],[-4.41873,36.72048],[-4.41873,36.72046],[-4.4187,36.72046],[-4.4187,36.72049],[-4.41872,36.72048]]]}},{"type":"Feature","properties":{"name":"","kind":"park","road":"","osm":1125895466},"geometry":{"type":"Polygon","coordinates":[[[-4.41874,36.72051],[-4.41873,36.72051],[-4.41873,36.72052],[-4.41871,36.72052],[-4.4187,36.7205],[-4.41872,36.72049],[-4.41873,36.7205],[-4.41874,36.7205],[-4.41874,36.72051]]]}},{"type":"Feature","properties":{"name":"","kind":"park","road":"","osm":1125895467},"geometry":{"type":"Polygon","coordinates":[[[-4.41874,36.72055],[-4.41873,36.72055],[-4.41874,36.72056],[-4.41871,36.72056],[-4.41871,36.72053],[-4.41873,36.72053],[-4.41873,36.72054],[-4.41874,36.72054],[-4.41874,36.72055]]]}},{"type":"Feature","properties":{"name":"","kind":"park","road":"","osm":1125895468},"geometry":{"type":"Polygon","coordinates":[[[-4.41875,36.72057],[-4.41874,36.72057],[-4.41874,36.72056],[-4.41871,36.72057],[-4.41872,36.72059],[-4.41875,36.72059],[-4.41875,36.72057]]]}},{"type":"Feature","properties":{"name":"","kind":"park","road":"","osm":1125895469},"geometry":{"type":"Polygon","coordinates":[[[-4.41877,36.72056],[-4.41877,36.72057],[-4.41876,36.72057],[-4.41876,36.72059],[-4.41879,36.72058],[-4.41879,36.72056],[-4.41877,36.72056]]]}},{"type":"Feature","properties":{"name":"","kind":"park","road":"","osm":1125895470},"geometry":{"type":"Polygon","coordinates":[[[-4.41875,36.72054],[-4.41876,36.72054],[-4.41876,36.72053],[-4.41878,36.72052],[-4.41879,36.72055],[-4.41876,36.72055],[-4.41875,36.72055],[-4.41875,36.72054]]]}},{"type":"Feature","properties":{"name":"","kind":"park","road":"","osm":1125895471},"geometry":{"type":"Polygon","coordinates":[[[-4.41874,36.72048],[-4.41875,36.72048],[-4.41878,36.72048],[-4.41877,36.72046],[-4.41874,36.72046],[-4.41874,36.72048]]]}},{"type":"Feature","properties":{"name":"","kind":"park","road":"","osm":1125895472},"geometry":{"type":"Polygon","coordinates":[[[-4.41875,36.7205],[-4.41876,36.7205],[-4.41876,36.72049],[-4.41878,36.72049],[-4.41878,36.72052],[-4.41876,36.72052],[-4.41876,36.72051],[-4.41875,36.72051],[-4.41875,36.7205]]]}},{"type":"Feature","properties":{"name":"","kind":"park","road":"","osm":1125897101},"geometry":{"type":"Polygon","coordinates":[[[-4.41897,36.7205],[-4.41896,36.7205],[-4.41896,36.72051],[-4.41894,36.72051],[-4.41894,36.72048],[-4.41895,36.72048],[-4.41896,36.72049],[-4.41897,36.72049],[-4.41897,36.7205]]]}},{"type":"Feature","properties":{"name":"","kind":"park","road":"","osm":1125897102},"geometry":{"type":"Polygon","coordinates":[[[-4.41898,36.72054],[-4.41897,36.72054],[-4.41894,36.72055],[-4.41894,36.72052],[-4.41896,36.72052],[-4.41896,36.72053],[-4.41897,36.72052],[-4.41898,36.72054]]]}},{"type":"Feature","properties":{"name":"","kind":"park","road":"","osm":1125897103},"geometry":{"type":"Polygon","coordinates":[[[-4.41898,36.72056],[-4.41897,36.72056],[-4.41897,36.72055],[-4.41895,36.72055],[-4.41895,36.72058],[-4.41898,36.72057],[-4.41898,36.72056]]]}},{"type":"Feature","properties":{"name":"","kind":"water","road":"","osm":1125897104},"geometry":{"type":"Polygon","coordinates":[[[-4.41897,36.72051],[-4.41897,36.7205],[-4.41897,36.72048],[-4.41896,36.72048],[-4.41894,36.72048],[-4.41896,36.72047],[-4.41897,36.72047],[-4.41897,36.72045],[-4.41897,36.72047],[-4.41898,36.72047],[-4.41898,36.72048],[-4.41897,36.72048],[-4.41898,36.7205],[-4.41898,36.72051],[-4.41899,36.72051],[-4.41898,36.72052],[-4.41898,36.72054],[-4.41899,36.72054],[-4.41899,36.72055],[-4.41899,36.72057],[-4.41898,36.72057],[-4.41898,36.72056],[-4.41898,36.72055],[-4.41897,36.72055],[-4.41895,36.72055],[-4.41897,36.72055],[-4.41898,36.72054],[-4.41898,36.72052],[-4.41897,36.72052],[-4.41897,36.72051],[-4.41894,36.72052],[-4.41894,36.72051],[-4.41897,36.72051]]]}},{"type":"Feature","properties":{"name":"","kind":"water","road":"","osm":1127960965},"geometry":{"type":"Polygon","coordinates":[[[-4.40254,36.72899],[-4.40261,36.72944],[-4.40259,36.72932],[-4.40257,36.72932],[-4.40241,36.72934],[-4.4024,36.72934],[-4.40241,36.72933],[-4.40241,36.72934],[-4.40257,36.72932],[-4.40259,36.72932],[-4.40256,36.72918],[-4.40255,36.72918],[-4.4023,36.72921],[-4.40229,36.72921],[-4.40229,36.7292],[-4.4023,36.7292],[-4.40255,36.72918],[-4.40256,36.72918],[-4.40255,36.72911],[-4.40254,36.72911],[-4.40242,36.72912],[-4.40242,36.72913],[-4.40241,36.72912],[-4.40242,36.72912],[-4.40254,36.72911],[-4.40255,36.72911],[-4.40253,36.72899],[-4.40253,36.72898],[-4.40254,36.72898],[-4.40254,36.72899]]]}},{"type":"Feature","properties":{"name":"Paseo Salvador Rueda","kind":"road","road":"secondary","osm":1132444885},"geometry":{"type":"LineString","coordinates":[[-4.40576,36.72709],[-4.40567,36.72696],[-4.40558,36.72671]]}},{"type":"Feature","properties":{"name":"Paseo Salvador Rueda","kind":"road","road":"secondary","osm":1132444887},"geometry":{"type":"LineString","coordinates":[[-4.40133,36.72511],[-4.40113,36.72515],[-4.401,36.72515],[-4.40033,36.72499],[-4.4002,36.72494],[-4.4001,36.72484],[-4.4,36.72469],[-4.3998,36.72436],[-4.39962,36.72405],[-4.39947,36.72381],[-4.39941,36.72372],[-4.39935,36.72359],[-4.39935,36.72346],[-4.3995,36.72285],[-4.39952,36.72274]]}},{"type":"Feature","properties":{"name":"Avenida Doctor Marañón","kind":"road","road":"secondary","osm":1133100484},"geometry":{"type":"LineString","coordinates":[[-4.42844,36.72975],[-4.42843,36.72991]]}},{"type":"Feature","properties":{"name":"Avenida Doctor Marañón","kind":"road","road":"secondary","osm":1133100485},"geometry":{"type":"LineString","coordinates":[[-4.42851,36.72905],[-4.42844,36.72973],[-4.42844,36.72975]]}},{"type":"Feature","properties":{"name":"Avenida Doctor Marañón","kind":"road","road":"secondary","osm":1133100486},"geometry":{"type":"LineString","coordinates":[[-4.42844,36.72975],[-4.42846,36.72973],[-4.42853,36.72908],[-4.42851,36.72905]]}},{"type":"Feature","properties":{"name":"Avenida Doctor Marañón","kind":"road","road":"secondary","osm":1133100487},"geometry":{"type":"LineString","coordinates":[[-4.42851,36.72905],[-4.42849,36.72907],[-4.42842,36.72973],[-4.42844,36.72975]]}},{"type":"Feature","properties":{"name":"Avenida Doctor Marañón","kind":"road","road":"secondary","osm":1133100489},"geometry":{"type":"LineString","coordinates":[[-4.42835,36.73112],[-4.42835,36.73115],[-4.42834,36.73131]]}},{"type":"Feature","properties":{"name":"Avenida Doctor Marañón","kind":"road","road":"secondary","osm":1133100490},"geometry":{"type":"LineString","coordinates":[[-4.4284,36.73042],[-4.42836,36.73073],[-4.42836,36.73081],[-4.42835,36.73112]]}},{"type":"Feature","properties":{"name":"Avenida Doctor Marañón","kind":"road","road":"secondary","osm":1133100492},"geometry":{"type":"LineString","coordinates":[[-4.4284,36.73042],[-4.42833,36.73053],[-4.42832,36.7306],[-4.42827,36.7307],[-4.42826,36.73077],[-4.42826,36.73085],[-4.4283,36.73094],[-4.4283,36.73102],[-4.42835,36.73112]]}},{"type":"Feature","properties":{"name":"Avenida Doctor Marañón","kind":"road","road":"secondary","osm":1133100496},"geometry":{"type":"LineString","coordinates":[[-4.42853,36.72877],[-4.42852,36.72887]]}},{"type":"Feature","properties":{"name":"Avenida Doctor Marañón","kind":"road","road":"secondary","osm":1133100497},"geometry":{"type":"LineString","coordinates":[[-4.42835,36.73112],[-4.42841,36.73101],[-4.42842,36.73091],[-4.42845,36.73082],[-4.42846,36.73072],[-4.42844,36.73063],[-4.42845,36.73053],[-4.4284,36.73042]]}},{"type":"Feature","properties":{"name":"","kind":"park","road":"","osm":1134546988},"geometry":{"type":"Polygon","coordinates":[[[-4.41844,36.72831],[-4.41844,36.7283],[-4.41843,36.7283],[-4.41842,36.7283],[-4.41841,36.72831],[-4.41841,36.72832],[-4.41843,36.72833],[-4.41844,36.72832],[-4.41844,36.72831]]]}},{"type":"Feature","properties":{"name":"","kind":"water","road":"","osm":1138456286},"geometry":{"type":"Polygon","coordinates":[[[-4.42044,36.7218],[-4.42044,36.72179],[-4.42045,36.72179],[-4.42045,36.7218],[-4.42044,36.7218]]]}},{"type":"Feature","properties":{"name":"","kind":"water","road":"","osm":1138456287},"geometry":{"type":"Polygon","coordinates":[[[-4.42038,36.72178],[-4.42038,36.72177],[-4.42039,36.72177],[-4.4204,36.72177],[-4.4204,36.72178],[-4.42039,36.72178],[-4.42038,36.72178]]]}},{"type":"Feature","properties":{"name":"","kind":"water","road":"","osm":1138456288},"geometry":{"type":"LineString","coordinates":[[-4.42038,36.7218],[-4.42039,36.7218],[-4.42038,36.7218]]}},{"type":"Feature","properties":{"name":"Plaza de la Victoria","kind":"road","road":"tertiary","osm":1147926266},"geometry":{"type":"LineString","coordinates":[[-4.41436,36.7269],[-4.41456,36.72686]]}},{"type":"Feature","properties":{"name":"Plaza de la Victoria","kind":"road","road":"tertiary","osm":1147926267},"geometry":{"type":"LineString","coordinates":[[-4.41422,36.72708],[-4.41425,36.72704],[-4.41436,36.7269]]}},{"type":"Feature","properties":{"name":"Plaza de la Victoria","kind":"road","road":"tertiary","osm":1147926268},"geometry":{"type":"LineString","coordinates":[[-4.41436,36.7269],[-4.41445,36.7268],[-4.41447,36.72675]]}},{"type":"Feature","properties":{"name":"","kind":"water","road":"","osm":1148248495},"geometry":{"type":"Polygon","coordinates":[[[-4.41985,36.71652],[-4.41985,36.71651],[-4.41986,36.71651],[-4.41987,36.71651],[-4.41987,36.71652],[-4.41986,36.71653],[-4.41985,36.71652]]]}},{"type":"Feature","properties":{"name":"Calle Victoria","kind":"road","road":"secondary","osm":1153422818},"geometry":{"type":"LineString","coordinates":[[-4.41683,36.72296],[-4.41665,36.72323],[-4.41663,36.72325],[-4.41647,36.72347],[-4.41635,36.72362],[-4.41626,36.72375],[-4.41609,36.72396],[-4.41603,36.72403],[-4.41589,36.72419],[-4.4156,36.72456],[-4.41555,36.72462]]}},{"type":"Feature","properties":{"name":"","kind":"park","road":"","osm":1154826319},"geometry":{"type":"Polygon","coordinates":[[[-4.4178,36.72195],[-4.4178,36.72196],[-4.41781,36.72197],[-4.41782,36.72197],[-4.41782,36.72196],[-4.41782,36.72195],[-4.41781,36.72195],[-4.4178,36.72195]]]}},{"type":"Feature","properties":{"name":"Paseo del Parque","kind":"road","road":"tertiary","osm":1157163401},"geometry":{"type":"LineString","coordinates":[[-4.41452,36.71991],[-4.41428,36.71998]]}},{"type":"Feature","properties":{"name":"Paseo del Parque","kind":"road","road":"tertiary","osm":1157164102},"geometry":{"type":"LineString","coordinates":[[-4.41468,36.71986],[-4.41452,36.71991]]}},{"type":"Feature","properties":{"name":"Paseo Salvador Rueda","kind":"road","road":"secondary","osm":1159213773},"geometry":{"type":"LineString","coordinates":[[-4.40391,36.72556],[-4.40389,36.72556],[-4.40328,36.72552],[-4.40321,36.72551],[-4.40278,36.72535],[-4.40217,36.72512],[-4.402,36.72506],[-4.40191,36.72504],[-4.40182,36.72504],[-4.40161,36.72507],[-4.40158,36.72507],[-4.40156,36.72507],[-4.40133,36.72511]]}},{"type":"Feature","properties":{"name":"Paseo Salvador Rueda","kind":"road","road":"secondary","osm":1159213774},"geometry":{"type":"LineString","coordinates":[[-4.40558,36.72671],[-4.40555,36.72664],[-4.40548,36.72655]]}},{"type":"Feature","properties":{"name":"Calle Sierra del Co","kind":"road","road":"tertiary","osm":1159213775},"geometry":{"type":"LineString","coordinates":[[-4.40412,36.72699],[-4.40427,36.72687],[-4.40443,36.72681],[-4.40453,36.7268],[-4.40462,36.72681],[-4.40484,36.72689],[-4.40514,36.72705],[-4.40525,36.72713],[-4.40536,36.72725],[-4.40544,36.72729],[-4.40552,36.7273],[-4.40557,36.7273],[-4.4056,36.72729],[-4.40565,36.72727]]}},{"type":"Feature","properties":{"name":"","kind":"road","road":"primary","osm":1162445368},"geometry":{"type":"LineString","coordinates":[[-4.42584,36.72183],[-4.42583,36.72178]]}},{"type":"Feature","properties":{"name":"Fuente de la Plaza Legión Española","kind":"water","road":"","osm":1163888515},"geometry":{"type":"Polygon","coordinates":[[[-4.42707,36.71884],[-4.42709,36.71885],[-4.42709,36.71887],[-4.42709,36.71889],[-4.42707,36.7189],[-4.42705,36.7189],[-4.42703,36.7189],[-4.42701,36.71889],[-4.42701,36.71887],[-4.42701,36.71885],[-4.42703,36.71884],[-4.42705,36.71884],[-4.42707,36.71884]]]}},{"type":"Feature","properties":{"name":"","kind":"park","road":"","osm":1176902947},"geometry":{"type":"Polygon","coordinates":[[[-4.41813,36.71758],[-4.41812,36.71755],[-4.41825,36.71752],[-4.41826,36.71755],[-4.41813,36.71758]]]}},{"type":"Feature","properties":{"name":"","kind":"park","road":"","osm":1176902948},"geometry":{"type":"Polygon","coordinates":[[[-4.41828,36.71761],[-4.41827,36.71757],[-4.41814,36.7176],[-4.41816,36.71764],[-4.41828,36.71761]]]}},{"type":"Feature","properties":{"name":"Plaza del Poeta Manuel Alcántara","kind":"road","road":"secondary","osm":1180720953},"geometry":{"type":"LineString","coordinates":[[-4.42993,36.71696],[-4.42996,36.71687],[-4.42996,36.71677]]}},{"type":"Feature","properties":{"name":"Avenida Andalucía","kind":"road","road":"primary","osm":1180720954},"geometry":{"type":"LineString","coordinates":[[-4.42993,36.71696],[-4.43017,36.71696],[-4.43025,36.71696],[-4.43029,36.71696]]}},{"type":"Feature","properties":{"name":"Calle Armengual de la Mota","kind":"road","road":"tertiary","osm":1181227216},"geometry":{"type":"LineString","coordinates":[[-4.42924,36.71972],[-4.42927,36.71941],[-4.42928,36.71935],[-4.4293,36.71917],[-4.42933,36.71888],[-4.42934,36.7188]]}},{"type":"Feature","properties":{"name":"Calle Armengual de la Mota","kind":"road","road":"tertiary","osm":1181227495},"geometry":{"type":"LineString","coordinates":[[-4.42911,36.72088],[-4.42916,36.72042],[-4.42916,36.72035]]}},{"type":"Feature","properties":{"name":"Calle Armengual de la Mota","kind":"road","road":"tertiary","osm":1181227611},"geometry":{"type":"LineString","coordinates":[[-4.42916,36.72035],[-4.42921,36.71996],[-4.42922,36.71985],[-4.42924,36.71972]]}},{"type":"Feature","properties":{"name":"Avenida Barcelona","kind":"road","road":"secondary","osm":1182395575},"geometry":{"type":"LineString","coordinates":[[-4.43094,36.7253],[-4.4307,36.72614]]}},{"type":"Feature","properties":{"name":"Calle Benjamín Palencia","kind":"road","road":"pedestrian","osm":1183878431},"geometry":{"type":"LineString","coordinates":[[-4.42475,36.7282],[-4.42471,36.72821],[-4.42419,36.72832],[-4.42418,36.72832]]}},{"type":"Feature","properties":{"name":"Avenida Doctor Gálvez Ginachero","kind":"road","road":"tertiary","osm":1184082622},"geometry":{"type":"LineString","coordinates":[[-4.42655,36.72675],[-4.42647,36.72676]]}},{"type":"Feature","properties":{"name":"Calle Hilera","kind":"road","road":"secondary","osm":1184490256},"geometry":{"type":"LineString","coordinates":[[-4.4293,36.71791],[-4.42904,36.71789],[-4.42902,36.71789]]}},{"type":"Feature","properties":{"name":"Paseo de Sancha","kind":"road","road":"secondary","osm":1184836111},"geometry":{"type":"LineString","coordinates":[[-4.39956,36.72246],[-4.39968,36.72242],[-4.39983,36.72237],[-4.40001,36.72231],[-4.40046,36.72217],[-4.40092,36.72199],[-4.40118,36.72189],[-4.40156,36.72176],[-4.40208,36.72159],[-4.40231,36.72155],[-4.40244,36.72154],[-4.40254,36.72154],[-4.40277,36.72154],[-4.40281,36.72154],[-4.40331,36.72156],[-4.4035,36.72157],[-4.40356,36.72158],[-4.40374,36.7216],[-4.40377,36.7216],[-4.40406,36.72162],[-4.40417,36.72162],[-4.40447,36.72161],[-4.40476,36.72156],[-4.40503,36.7215],[-4.40561,36.72138]]}},{"type":"Feature","properties":{"name":"","kind":"road","road":"pedestrian","osm":1185375547},"geometry":{"type":"LineString","coordinates":[[-4.42048,36.7228],[-4.42044,36.72286]]}},{"type":"Feature","properties":{"name":"Calle Hilera","kind":"road","road":"secondary","osm":1185468977},"geometry":{"type":"LineString","coordinates":[[-4.43266,36.71951],[-4.43293,36.71957]]}},{"type":"Feature","properties":{"name":"Calle Alonso de Palencia","kind":"road","road":"secondary","osm":1185468978},"geometry":{"type":"LineString","coordinates":[[-4.43266,36.71951],[-4.4325,36.71935]]}},{"type":"Feature","properties":{"name":"Calle Ollerías","kind":"road","road":"tertiary","osm":1185661834},"geometry":{"type":"LineString","coordinates":[[-4.42178,36.72433],[-4.42171,36.72415],[-4.42169,36.72408]]}},{"type":"Feature","properties":{"name":"Calle Muro de San Julián","kind":"road","road":"pedestrian","osm":1185661835},"geometry":{"type":"LineString","coordinates":[[-4.42164,36.72382],[-4.42131,36.72392]]}},{"type":"Feature","properties":{"name":"Calle Armengual de la Mota","kind":"road","road":"tertiary","osm":1185737185},"geometry":{"type":"LineString","coordinates":[[-4.42937,36.71855],[-4.4294,36.71823]]}},{"type":"Feature","properties":{"name":"Calle Armengual de la Mota","kind":"road","road":"tertiary","osm":1185737186},"geometry":{"type":"LineString","coordinates":[[-4.42935,36.71869],[-4.42937,36.71855]]}},{"type":"Feature","properties":{"name":"Calle Armengual de la Mota","kind":"road","road":"tertiary","osm":1185737187},"geometry":{"type":"LineString","coordinates":[[-4.42934,36.7188],[-4.42935,36.71869]]}},{"type":"Feature","properties":{"name":"Calle Hilera","kind":"road","road":"secondary","osm":1188462842},"geometry":{"type":"LineString","coordinates":[[-4.42644,36.71781],[-4.42628,36.71783]]}},{"type":"Feature","properties":{"name":"Calle Actriz Rosario Pino","kind":"road","road":"secondary","osm":1188465725},"geometry":{"type":"LineString","coordinates":[[-4.42497,36.73049],[-4.42486,36.73073],[-4.42471,36.7311],[-4.42468,36.73119]]}},{"type":"Feature","properties":{"name":"Avenida Jorge Silvela","kind":"road","road":"primary","osm":1188465726},"geometry":{"type":"LineString","coordinates":[[-4.42522,36.73053],[-4.42521,36.73073],[-4.42513,36.73174],[-4.42511,36.73209],[-4.42507,36.73254],[-4.42506,36.73272],[-4.42504,36.73295]]}},{"type":"Feature","properties":{"name":"Calle Cruz del Molinillo","kind":"road","road":"secondary","osm":1188491376},"geometry":{"type":"LineString","coordinates":[[-4.42427,36.72701],[-4.42405,36.72693],[-4.42367,36.7268],[-4.42359,36.72678]]}},{"type":"Feature","properties":{"name":"Puente de Antonio Machado","kind":"road","road":"primary","osm":1188686206},"geometry":{"type":"LineString","coordinates":[[-4.42628,36.71106],[-4.4262,36.71106],[-4.42612,36.71108],[-4.42603,36.71112]]}},{"type":"Feature","properties":{"name":"Puente de Antonio Machado","kind":"road","road":"primary","osm":1188686207},"geometry":{"type":"LineString","coordinates":[[-4.42628,36.71106],[-4.42633,36.71101]]}},{"type":"Feature","properties":{"name":"Paseo Antonio Machado","kind":"road","road":"primary","osm":1188686208},"geometry":{"type":"LineString","coordinates":[[-4.42644,36.71091],[-4.4267,36.71066],[-4.42723,36.71015],[-4.42747,36.70994],[-4.4275,36.70992],[-4.42774,36.70975]]}},{"type":"Feature","properties":{"name":"Calle Sierra del Co","kind":"road","road":"tertiary","osm":1189325417},"geometry":{"type":"LineString","coordinates":[[-4.40572,36.72718],[-4.40565,36.72727]]}},{"type":"Feature","properties":{"name":"Calle Sierra del Co","kind":"road","road":"tertiary","osm":1189325418},"geometry":{"type":"LineString","coordinates":[[-4.4058,36.72722],[-4.40585,36.72721],[-4.40601,36.7272]]}},{"type":"Feature","properties":{"name":"Pasillo de Santa Isabel","kind":"road","road":"primary","osm":1189949001},"geometry":{"type":"LineString","coordinates":[[-4.42515,36.72074],[-4.42516,36.72076],[-4.42518,36.72099],[-4.42526,36.72168],[-4.42527,36.72176]]}},{"type":"Feature","properties":{"name":"Calle Ollerías","kind":"road","road":"tertiary","osm":1190124732},"geometry":{"type":"LineString","coordinates":[[-4.42354,36.72676],[-4.42354,36.72672],[-4.42353,36.72669],[-4.42351,36.72664],[-4.4233,36.72628],[-4.42324,36.72619],[-4.42323,36.72617],[-4.42321,36.72616],[-4.42294,36.72583]]}},{"type":"Feature","properties":{"name":"Avenida Comandante Benítez","kind":"road","road":"primary","osm":1190848561},"geometry":{"type":"LineString","coordinates":[[-4.42567,36.71593],[-4.42567,36.71609],[-4.42566,36.71621],[-4.42563,36.71666]]}},{"type":"Feature","properties":{"name":"Avenida Doctor Marañón","kind":"road","road":"secondary","osm":1191277722},"geometry":{"type":"LineString","coordinates":[[-4.42852,36.72887],[-4.42852,36.72899]]}},{"type":"Feature","properties":{"name":"Avenida Doctor Marañón","kind":"road","road":"secondary","osm":1191277723},"geometry":{"type":"LineString","coordinates":[[-4.42852,36.72899],[-4.42851,36.72905]]}},{"type":"Feature","properties":{"name":"Avenida Doctor Marañón","kind":"road","road":"secondary","osm":1191277943},"geometry":{"type":"LineString","coordinates":[[-4.42843,36.72991],[-4.42842,36.73003],[-4.4284,36.73042]]}},{"type":"Feature","properties":{"name":"Avenida Doctor Marañón","kind":"road","road":"secondary","osm":1191278361},"geometry":{"type":"LineString","coordinates":[[-4.42834,36.73131],[-4.42834,36.73139]]}},{"type":"Feature","properties":{"name":"Avenida Jorge Silvela","kind":"road","road":"primary","osm":1191741664},"geometry":{"type":"LineString","coordinates":[[-4.42537,36.72984],[-4.42537,36.72981],[-4.42536,36.72979],[-4.42534,36.72976],[-4.42531,36.72974]]}},{"type":"Feature","properties":{"name":"Calle Latorre","kind":"road","road":"pedestrian","osm":1194903165},"geometry":{"type":"LineString","coordinates":[[-4.4236,36.71577],[-4.4233,36.71585]]}},{"type":"Feature","properties":{"name":"Calle Repeso","kind":"road","road":"pedestrian","osm":1194903166},"geometry":{"type":"LineString","coordinates":[[-4.42323,36.7157],[-4.42325,36.71573]]}},{"type":"Feature","properties":{"name":"Calle Repeso","kind":"road","road":"pedestrian","osm":1194903167},"geometry":{"type":"LineString","coordinates":[[-4.42337,36.71602],[-4.42339,36.71606]]}},{"type":"Feature","properties":{"name":"Plaza Poeta Alfonso Canales","kind":"road","road":"pedestrian","osm":1195043489},"geometry":{"type":"LineString","coordinates":[[-4.4212,36.71667],[-4.42117,36.7166]]}},{"type":"Feature","properties":{"name":"Calle Esperanza","kind":"road","road":"pedestrian","osm":1196105628},"geometry":{"type":"LineString","coordinates":[[-4.41507,36.72585],[-4.41477,36.7257],[-4.41473,36.72568]]}},{"type":"Feature","properties":{"name":"Calle Martínez","kind":"road","road":"pedestrian","osm":1202569532},"geometry":{"type":"LineString","coordinates":[[-4.42288,36.71851],[-4.4228,36.71848]]}},{"type":"Feature","properties":{"name":"","kind":"road","road":"pedestrian","osm":1202569533},"geometry":{"type":"LineString","coordinates":[[-4.41988,36.71873],[-4.41968,36.71874]]}},{"type":"Feature","properties":{"name":"Calle Mármoles","kind":"road","road":"secondary","osm":1202721775},"geometry":{"type":"LineString","coordinates":[[-4.42779,36.72164],[-4.42818,36.72162],[-4.42847,36.7216],[-4.42866,36.72159],[-4.42889,36.72158],[-4.42894,36.72158],[-4.42904,36.72157]]}},{"type":"Feature","properties":{"name":"","kind":"road","road":"pedestrian","osm":1204844426},"geometry":{"type":"LineString","coordinates":[[-4.42783,36.72259],[-4.42776,36.72229],[-4.42776,36.72226]]}},{"type":"Feature","properties":{"name":"Paseo Marítimo Pablo Ruiz Picasso","kind":"road","road":"primary","osm":1205421083},"geometry":{"type":"LineString","coordinates":[[-4.40662,36.71972],[-4.40723,36.71944],[-4.40769,36.71917]]}},{"type":"Feature","properties":{"name":"","kind":"park","road":"","osm":1217482096},"geometry":{"type":"Polygon","coordinates":[[[-4.41674,36.71823],[-4.41641,36.71832],[-4.41641,36.71833],[-4.41674,36.71823]]]}},{"type":"Feature","properties":{"name":"","kind":"park","road":"","osm":1217482097},"geometry":{"type":"LineString","coordinates":[[-4.41673,36.71821],[-4.4164,36.7183],[-4.41673,36.71821]]}},{"type":"Feature","properties":{"name":"","kind":"park","road":"","osm":1217483832},"geometry":{"type":"Polygon","coordinates":[[[-4.41814,36.71784],[-4.41814,36.71785],[-4.41768,36.71797],[-4.41814,36.71784]]]}},{"type":"Feature","properties":{"name":"","kind":"park","road":"","osm":1217483833},"geometry":{"type":"Polygon","coordinates":[[[-4.41815,36.71786],[-4.41815,36.71787],[-4.41769,36.71799],[-4.41815,36.71786]]]}},{"type":"Feature","properties":{"name":"","kind":"park","road":"","osm":1217485574},"geometry":{"type":"Polygon","coordinates":[[[-4.41485,36.71855],[-4.41472,36.71858],[-4.41469,36.7185],[-4.41481,36.71847],[-4.41485,36.71855]]]}},{"type":"Feature","properties":{"name":"","kind":"park","road":"","osm":1217485576},"geometry":{"type":"Polygon","coordinates":[[[-4.41556,36.71834],[-4.41544,36.71838],[-4.41542,36.71833],[-4.41554,36.7183],[-4.41556,36.71834]]]}},{"type":"Feature","properties":{"name":"","kind":"park","road":"","osm":1217488832},"geometry":{"type":"Polygon","coordinates":[[[-4.41501,36.71864],[-4.415,36.71864],[-4.41504,36.71873],[-4.41505,36.71873],[-4.41501,36.71864]]]}},{"type":"Feature","properties":{"name":"","kind":"park","road":"","osm":1217488833},"geometry":{"type":"Polygon","coordinates":[[[-4.41509,36.71862],[-4.41508,36.71862],[-4.41512,36.71871],[-4.41513,36.71871],[-4.41509,36.71862]]]}},{"type":"Feature","properties":{"name":"","kind":"park","road":"","osm":1217488834},"geometry":{"type":"Polygon","coordinates":[[[-4.41505,36.71863],[-4.41504,36.71863],[-4.41508,36.71872],[-4.41509,36.71872],[-4.41505,36.71863]]]}},{"type":"Feature","properties":{"name":"","kind":"park","road":"","osm":1217489107},"geometry":{"type":"Polygon","coordinates":[[[-4.4158,36.71851],[-4.41607,36.71843],[-4.41607,36.71844],[-4.4158,36.71851]]]}},{"type":"Feature","properties":{"name":"","kind":"park","road":"","osm":1217489108},"geometry":{"type":"Polygon","coordinates":[[[-4.41579,36.71849],[-4.41579,36.71848],[-4.41606,36.71841],[-4.41579,36.71849]]]}},{"type":"Feature","properties":{"name":"","kind":"park","road":"","osm":1217489109},"geometry":{"type":"Polygon","coordinates":[[[-4.41578,36.71846],[-4.41578,36.71845],[-4.41605,36.71838],[-4.41605,36.71839],[-4.41578,36.71846]]]}},{"type":"Feature","properties":{"name":"","kind":"park","road":"","osm":1217561777},"geometry":{"type":"Polygon","coordinates":[[[-4.41738,36.71809],[-4.41737,36.71809],[-4.41736,36.71804],[-4.41738,36.71809]]]}},{"type":"Feature","properties":{"name":"","kind":"park","road":"","osm":1217561778},"geometry":{"type":"Polygon","coordinates":[[[-4.41735,36.7181],[-4.41734,36.7181],[-4.41732,36.71805],[-4.41733,36.71805],[-4.41735,36.7181]]]}},{"type":"Feature","properties":{"name":"","kind":"park","road":"","osm":1217561779},"geometry":{"type":"Polygon","coordinates":[[[-4.41729,36.71811],[-4.41728,36.71812],[-4.41726,36.71807],[-4.41727,36.71807],[-4.41729,36.71811]]]}},{"type":"Feature","properties":{"name":"","kind":"park","road":"","osm":1217561780},"geometry":{"type":"Polygon","coordinates":[[[-4.41732,36.7181],[-4.41731,36.71811],[-4.41729,36.71806],[-4.4173,36.71806],[-4.41732,36.7181]]]}},{"type":"Feature","properties":{"name":"","kind":"park","road":"","osm":1218791755},"geometry":{"type":"Polygon","coordinates":[[[-4.40533,36.72134],[-4.40534,36.72135],[-4.40534,36.72136],[-4.40533,36.72136],[-4.40532,36.72136],[-4.40531,36.72135],[-4.40532,36.72134],[-4.40533,36.72134]]]}},{"type":"Feature","properties":{"name":"","kind":"park","road":"","osm":1218791758},"geometry":{"type":"Polygon","coordinates":[[[-4.4055,36.72131],[-4.40551,36.72131],[-4.40551,36.72129],[-4.40551,36.72128],[-4.4055,36.72124],[-4.40549,36.72123],[-4.40546,36.72123],[-4.40544,36.72124],[-4.40543,36.72125],[-4.40542,36.72128],[-4.40542,36.7213],[-4.40542,36.72131],[-4.40544,36.72132],[-4.40545,36.72132],[-4.4055,36.72131]]]}},{"type":"Feature","properties":{"name":"","kind":"park","road":"","osm":1221771373},"geometry":{"type":"Polygon","coordinates":[[[-4.41978,36.72887],[-4.41977,36.72887],[-4.41977,36.72888],[-4.41977,36.72889],[-4.41978,36.72887]]]}},{"type":"Feature","properties":{"name":"","kind":"park","road":"","osm":1221771374},"geometry":{"type":"Polygon","coordinates":[[[-4.41983,36.72877],[-4.4198,36.72877],[-4.41978,36.72886],[-4.41979,36.72886],[-4.41983,36.72877]]]}},{"type":"Feature","properties":{"name":"","kind":"park","road":"","osm":1221771375},"geometry":{"type":"Polygon","coordinates":[[[-4.41986,36.72869],[-4.41981,36.72869],[-4.41983,36.72858],[-4.41988,36.72859],[-4.41986,36.72869]]]}},{"type":"Feature","properties":{"name":"","kind":"park","road":"","osm":1223804512},"geometry":{"type":"Polygon","coordinates":[[[-4.41995,36.72682],[-4.41994,36.72682],[-4.41993,36.72682],[-4.41993,36.72683],[-4.41995,36.72683],[-4.41995,36.72682]]]}},{"type":"Feature","properties":{"name":"","kind":"park","road":"","osm":1223804513},"geometry":{"type":"Polygon","coordinates":[[[-4.41995,36.72682],[-4.41994,36.72682],[-4.41995,36.7268],[-4.41996,36.72681],[-4.41995,36.72682]]]}},{"type":"Feature","properties":{"name":"","kind":"park","road":"","osm":1223804514},"geometry":{"type":"Polygon","coordinates":[[[-4.41997,36.72679],[-4.41996,36.72679],[-4.41995,36.7268],[-4.41996,36.72681],[-4.41997,36.72679]]]}},{"type":"Feature","properties":{"name":"","kind":"park","road":"","osm":1223804515},"geometry":{"type":"Polygon","coordinates":[[[-4.41998,36.72679],[-4.41996,36.72678],[-4.41997,36.72678],[-4.41998,36.72678],[-4.41998,36.72679]]]}},{"type":"Feature","properties":{"name":"","kind":"park","road":"","osm":1223804516},"geometry":{"type":"Polygon","coordinates":[[[-4.41998,36.72678],[-4.41997,36.72678],[-4.41998,36.72676],[-4.41999,36.72677],[-4.41998,36.72678]]]}},{"type":"Feature","properties":{"name":"","kind":"park","road":"","osm":1223804517},"geometry":{"type":"Polygon","coordinates":[[[-4.42,36.72675],[-4.41999,36.72675],[-4.41998,36.72676],[-4.41999,36.72677],[-4.42,36.72675]]]}},{"type":"Feature","properties":{"name":"","kind":"park","road":"","osm":1223804518},"geometry":{"type":"Polygon","coordinates":[[[-4.42001,36.72674],[-4.42,36.72673],[-4.41999,36.72675],[-4.42,36.72675],[-4.42001,36.72674]]]}},{"type":"Feature","properties":{"name":"","kind":"park","road":"","osm":1223804519},"geometry":{"type":"Polygon","coordinates":[[[-4.42001,36.72674],[-4.42,36.72673],[-4.42001,36.72672],[-4.42002,36.72673],[-4.42001,36.72674]]]}},{"type":"Feature","properties":{"name":"","kind":"park","road":"","osm":1223804520},"geometry":{"type":"Polygon","coordinates":[[[-4.42002,36.72671],[-4.42003,36.72671],[-4.42002,36.72673],[-4.42001,36.72672],[-4.42002,36.72671]]]}},{"type":"Feature","properties":{"name":"","kind":"park","road":"","osm":1223804521},"geometry":{"type":"Polygon","coordinates":[[[-4.42007,36.72665],[-4.42006,36.72665],[-4.42004,36.72668],[-4.42002,36.72671],[-4.42003,36.72671],[-4.42005,36.72669],[-4.42007,36.72665]]]}},{"type":"Feature","properties":{"name":"","kind":"park","road":"","osm":1224018184},"geometry":{"type":"Polygon","coordinates":[[[-4.41746,36.72826],[-4.41734,36.72836],[-4.41731,36.72841],[-4.41731,36.72846],[-4.41733,36.7285],[-4.41775,36.72866],[-4.41776,36.72865],[-4.41771,36.72862],[-4.41772,36.72857],[-4.4177,36.72855],[-4.4176,36.72854],[-4.41757,36.72854],[-4.41753,36.72853],[-4.41749,36.72853],[-4.4175,36.72842],[-4.41752,36.72834],[-4.41746,36.72826]]]}},{"type":"Feature","properties":{"name":"","kind":"park","road":"","osm":1224018185},"geometry":{"type":"Polygon","coordinates":[[[-4.41604,36.72779],[-4.4159,36.72778],[-4.41587,36.7278],[-4.41591,36.728],[-4.41599,36.72816],[-4.41643,36.72837],[-4.4166,36.72813],[-4.41645,36.72811],[-4.41624,36.72808],[-4.4162,36.72808],[-4.41605,36.72807],[-4.41607,36.72797],[-4.41602,36.72797],[-4.41604,36.72779]]]}},{"type":"Feature","properties":{"name":"","kind":"park","road":"","osm":1224018186},"geometry":{"type":"Polygon","coordinates":[[[-4.4172,36.72818],[-4.41722,36.72815],[-4.41713,36.72814],[-4.41713,36.72815],[-4.4172,36.72818]]]}},{"type":"Feature","properties":{"name":"","kind":"park","road":"","osm":1224018187},"geometry":{"type":"Polygon","coordinates":[[[-4.41706,36.72816],[-4.41707,36.72813],[-4.41698,36.72812],[-4.41697,36.72812],[-4.41698,36.72813],[-4.41706,36.72816]]]}},{"type":"Feature","properties":{"name":"","kind":"park","road":"","osm":1224018188},"geometry":{"type":"Polygon","coordinates":[[[-4.4169,36.72814],[-4.41692,36.72811],[-4.41682,36.7281],[-4.41682,36.72811],[-4.41683,36.72812],[-4.4169,36.72814]]]}},{"type":"Feature","properties":{"name":"","kind":"park","road":"","osm":1224018189},"geometry":{"type":"Polygon","coordinates":[[[-4.41666,36.72705],[-4.41664,36.727],[-4.41674,36.72697],[-4.41681,36.72697],[-4.41799,36.72709],[-4.41799,36.7271],[-4.41672,36.72703],[-4.41666,36.72705]]]}},{"type":"Feature","properties":{"name":"","kind":"park","road":"","osm":1224018190},"geometry":{"type":"Polygon","coordinates":[[[-4.41663,36.72696],[-4.41671,36.72694],[-4.41671,36.72693],[-4.4167,36.72692],[-4.41667,36.7269],[-4.41665,36.72688],[-4.4166,36.72689],[-4.41663,36.72696]]]}},{"type":"Feature","properties":{"name":"","kind":"park","road":"","osm":1224018213},"geometry":{"type":"Polygon","coordinates":[[[-4.4177,36.7279],[-4.41787,36.72792],[-4.41787,36.72793],[-4.41787,36.72795],[-4.41789,36.72797],[-4.41791,36.72797],[-4.41787,36.72822],[-4.41786,36.72833],[-4.41782,36.72828],[-4.41779,36.7282],[-4.41781,36.72809],[-4.41777,36.72808],[-4.41778,36.72806],[-4.41781,36.72806],[-4.41783,36.72795],[-4.4177,36.72794],[-4.4177,36.7279]]]}},{"type":"Feature","properties":{"name":"","kind":"park","road":"","osm":1224018215},"geometry":{"type":"Polygon","coordinates":[[[-4.41789,36.72783],[-4.41795,36.72743],[-4.41798,36.72743],[-4.41798,36.72745],[-4.418,36.72745],[-4.41794,36.7278],[-4.41792,36.7278],[-4.4179,36.72781],[-4.41789,36.72783]]]}},{"type":"Feature","properties":{"name":"","kind":"park","road":"","osm":1224018217},"geometry":{"type":"Polygon","coordinates":[[[-4.41748,36.72719],[-4.41745,36.72719],[-4.41745,36.7272],[-4.41744,36.7272],[-4.41744,36.72718],[-4.41737,36.72718],[-4.41736,36.72719],[-4.417,36.72715],[-4.41699,36.72725],[-4.41692,36.72725],[-4.41694,36.72711],[-4.41696,36.7271],[-4.41776,36.72716],[-4.41773,36.72718],[-4.4177,36.72721],[-4.41769,36.72723],[-4.41748,36.7272],[-4.41748,36.72719]]]}},{"type":"Feature","properties":{"name":"","kind":"park","road":"","osm":1224018218},"geometry":{"type":"Polygon","coordinates":[[[-4.41798,36.72737],[-4.41796,36.72737],[-4.41798,36.72726],[-4.41788,36.72725],[-4.41785,36.72717],[-4.41805,36.72718],[-4.41802,36.72735],[-4.418,36.72736],[-4.41798,36.72737]]]}},{"type":"Feature","properties":{"name":"","kind":"park","road":"","osm":1227283977},"geometry":{"type":"Polygon","coordinates":[[[-4.41697,36.72549],[-4.41695,36.72547],[-4.41691,36.7255],[-4.41693,36.72552],[-4.41697,36.72549]]]}},{"type":"Feature","properties":{"name":"","kind":"park","road":"","osm":1227283979},"geometry":{"type":"Polygon","coordinates":[[[-4.41698,36.7253],[-4.41717,36.72549],[-4.41711,36.72548],[-4.41707,36.72544],[-4.41701,36.72547],[-4.41699,36.72545],[-4.41704,36.72542],[-4.41695,36.72532],[-4.41698,36.7253]]]}},{"type":"Feature","properties":{"name":"","kind":"park","road":"","osm":1227283980},"geometry":{"type":"Polygon","coordinates":[[[-4.41695,36.72528],[-4.41693,36.72526],[-4.41677,36.72536],[-4.41681,36.72537],[-4.41695,36.72528]]]}},{"type":"Feature","properties":{"name":"","kind":"park","road":"","osm":1227599185},"geometry":{"type":"Polygon","coordinates":[[[-4.41582,36.71975],[-4.41596,36.71971],[-4.41597,36.71974],[-4.41583,36.71978],[-4.41582,36.71975]]]}},{"type":"Feature","properties":{"name":"","kind":"park","road":"","osm":1234860115},"geometry":{"type":"Polygon","coordinates":[[[-4.41003,36.7181],[-4.41002,36.71811],[-4.41004,36.71813],[-4.41005,36.71812],[-4.41003,36.7181]]]}},{"type":"Feature","properties":{"name":"","kind":"park","road":"","osm":1234860116},"geometry":{"type":"Polygon","coordinates":[[[-4.40932,36.71818],[-4.40927,36.71819],[-4.4091,36.71821],[-4.40909,36.71821],[-4.40926,36.71818],[-4.40932,36.71818]]]}},{"type":"Feature","properties":{"name":"Avenida Doctor Gálvez Ginachero","kind":"road","road":"tertiary","osm":1234999198},"geometry":{"type":"LineString","coordinates":[[-4.42939,36.72693],[-4.42886,36.72689],[-4.42883,36.72689],[-4.42869,36.72688]]}},{"type":"Feature","properties":{"name":"Calle Victoria","kind":"road","road":"secondary","osm":1235568536},"geometry":{"type":"LineString","coordinates":[[-4.41555,36.72462],[-4.41486,36.72551],[-4.41473,36.72568],[-4.41457,36.72589],[-4.41408,36.72653]]}},{"type":"Feature","properties":{"name":"","kind":"park","road":"","osm":1236272364},"geometry":{"type":"Polygon","coordinates":[[[-4.42557,36.72977],[-4.42557,36.72981],[-4.42557,36.72985],[-4.42536,36.73232],[-4.42538,36.73232],[-4.42558,36.72978],[-4.42557,36.72977]]]}},{"type":"Feature","properties":{"name":"","kind":"park","road":"","osm":1236272365},"geometry":{"type":"Polygon","coordinates":[[[-4.42558,36.72976],[-4.42568,36.7284],[-4.42576,36.72709],[-4.42576,36.72708],[-4.42574,36.72707],[-4.42567,36.7284],[-4.4256,36.72948],[-4.42558,36.72976]]]}},{"type":"Feature","properties":{"name":"Calle Ferrándiz","kind":"road","road":"secondary","osm":1242225920},"geometry":{"type":"LineString","coordinates":[[-4.41374,36.72703],[-4.41357,36.72701]]}},{"type":"Feature","properties":{"name":"Paseo Marítimo Pablo Ruiz Picasso","kind":"road","road":"pedestrian","osm":1245110499},"geometry":{"type":"LineString","coordinates":[[-4.41004,36.7178],[-4.40998,36.71777],[-4.40991,36.71773],[-4.40982,36.71763],[-4.40976,36.71762],[-4.4092,36.71798],[-4.40917,36.718],[-4.40908,36.71806],[-4.40889,36.71819],[-4.40869,36.71831]]}},{"type":"Feature","properties":{"name":"","kind":"park","road":"","osm":1256463555},"geometry":{"type":"Polygon","coordinates":[[[-4.41557,36.72767],[-4.41559,36.72764],[-4.41559,36.72759],[-4.41559,36.72754],[-4.41558,36.72744],[-4.41555,36.72746],[-4.41555,36.72749],[-4.41556,36.72752],[-4.41557,36.72767]]]}},{"type":"Feature","properties":{"name":"","kind":"park","road":"","osm":1256463557},"geometry":{"type":"Polygon","coordinates":[[[-4.41556,36.72734],[-4.41554,36.72734],[-4.41553,36.72724],[-4.41554,36.72724],[-4.41556,36.72734]]]}},{"type":"Feature","properties":{"name":"","kind":"park","road":"","osm":1256463559},"geometry":{"type":"Polygon","coordinates":[[[-4.41565,36.72797],[-4.41565,36.72793],[-4.4157,36.72792],[-4.41575,36.72791],[-4.41575,36.72795],[-4.41565,36.72797]]]}},{"type":"Feature","properties":{"name":"Calle Paraguay","kind":"road","road":"pedestrian","osm":1263806694},"geometry":{"type":"LineString","coordinates":[[-4.41265,36.71615],[-4.41269,36.71617]]}},{"type":"Feature","properties":{"name":"Avenida Andalucía","kind":"road","road":"secondary","osm":1266100696},"geometry":{"type":"LineString","coordinates":[[-4.42915,36.7169],[-4.42952,36.71697]]}},{"type":"Feature","properties":{"name":"Avenida Andalucía","kind":"road","road":"secondary","osm":1266100697},"geometry":{"type":"LineString","coordinates":[[-4.42955,36.7167],[-4.42938,36.7167],[-4.42916,36.71671]]}},{"type":"Feature","properties":{"name":"","kind":"park","road":"","osm":1268315220},"geometry":{"type":"Polygon","coordinates":[[[-4.43186,36.72409],[-4.43187,36.72408],[-4.43184,36.72408],[-4.43183,36.72409],[-4.43186,36.72409]]]}},{"type":"Feature","properties":{"name":"","kind":"park","road":"","osm":1268315226},"geometry":{"type":"Polygon","coordinates":[[[-4.43215,36.72385],[-4.43193,36.72389],[-4.43199,36.72384],[-4.43215,36.72385]]]}},{"type":"Feature","properties":{"name":"","kind":"park","road":"","osm":1268315227},"geometry":{"type":"Polygon","coordinates":[[[-4.4321,36.72394],[-4.43204,36.7239],[-4.43216,36.72388],[-4.4321,36.72394]]]}},{"type":"Feature","properties":{"name":"","kind":"park","road":"","osm":1268315228},"geometry":{"type":"Polygon","coordinates":[[[-4.4319,36.72409],[-4.43203,36.72394],[-4.43204,36.72395],[-4.43203,36.72396],[-4.43206,36.72398],[-4.43197,36.72407],[-4.4319,36.72409]]]}},{"type":"Feature","properties":{"name":"","kind":"park","road":"","osm":1268315229},"geometry":{"type":"Polygon","coordinates":[[[-4.43184,36.72404],[-4.43186,36.72405],[-4.4318,36.72409],[-4.43175,36.72409],[-4.43172,36.72407],[-4.43173,36.72397],[-4.43182,36.72405],[-4.43184,36.72404]]]}},{"type":"Feature","properties":{"name":"","kind":"park","road":"","osm":1268315230},"geometry":{"type":"Polygon","coordinates":[[[-4.43173,36.72392],[-4.43187,36.7239],[-4.43194,36.72383],[-4.43173,36.72382],[-4.43173,36.72392]]]}},{"type":"Feature","properties":{"name":"","kind":"park","road":"","osm":1268315231},"geometry":{"type":"Polygon","coordinates":[[[-4.43175,36.72395],[-4.43193,36.72392],[-4.43176,36.72397],[-4.43175,36.72395]]]}},{"type":"Feature","properties":{"name":"","kind":"park","road":"","osm":1268315232},"geometry":{"type":"Polygon","coordinates":[[[-4.43175,36.72395],[-4.43173,36.72397],[-4.43173,36.72395],[-4.43175,36.72395]]]}},{"type":"Feature","properties":{"name":"Alameda Principal","kind":"road","road":"tertiary","osm":1280111588},"geometry":{"type":"LineString","coordinates":[[-4.42255,36.71765],[-4.42281,36.71758],[-4.4229,36.71756],[-4.42315,36.71749],[-4.42337,36.71743],[-4.42344,36.71741]]}},{"type":"Feature","properties":{"name":"","kind":"park","road":"","osm":1281137594},"geometry":{"type":"Polygon","coordinates":[[[-4.43141,36.71049],[-4.43142,36.71048],[-4.43141,36.71047],[-4.4314,36.71048],[-4.43141,36.71049]]]}},{"type":"Feature","properties":{"name":"","kind":"park","road":"","osm":1292387692},"geometry":{"type":"Polygon","coordinates":[[[-4.43173,36.73064],[-4.43178,36.73064],[-4.4318,36.73062],[-4.4318,36.73058],[-4.43173,36.73059],[-4.43173,36.73064]]]}},{"type":"Feature","properties":{"name":"","kind":"park","road":"","osm":1292387693},"geometry":{"type":"Polygon","coordinates":[[[-4.43179,36.73066],[-4.43181,36.73067],[-4.43181,36.73071],[-4.43174,36.73071],[-4.43174,36.73066],[-4.43179,36.73066]]]}},{"type":"Feature","properties":{"name":"","kind":"park","road":"","osm":1292387694},"geometry":{"type":"Polygon","coordinates":[[[-4.43185,36.73063],[-4.43183,36.73062],[-4.43182,36.73058],[-4.43189,36.73058],[-4.4319,36.73063],[-4.43185,36.73063]]]}},{"type":"Feature","properties":{"name":"","kind":"park","road":"","osm":1292387695},"geometry":{"type":"Polygon","coordinates":[[[-4.4319,36.73065],[-4.43185,36.73065],[-4.43183,36.73067],[-4.43184,36.73071],[-4.43191,36.7307],[-4.4319,36.73065]]]}},{"type":"Feature","properties":{"name":"","kind":"park","road":"","osm":1292389032},"geometry":{"type":"Polygon","coordinates":[[[-4.4318,36.7304],[-4.43182,36.73038],[-4.43182,36.73035],[-4.43176,36.73036],[-4.43177,36.7304],[-4.4318,36.7304]]]}},{"type":"Feature","properties":{"name":"","kind":"park","road":"","osm":1292389033},"geometry":{"type":"Polygon","coordinates":[[[-4.43183,36.73038],[-4.43185,36.73039],[-4.43188,36.73039],[-4.43188,36.73035],[-4.43183,36.73035],[-4.43183,36.73038]]]}},{"type":"Feature","properties":{"name":"","kind":"park","road":"","osm":1292389034},"geometry":{"type":"Polygon","coordinates":[[[-4.43185,36.7304],[-4.43183,36.73042],[-4.43184,36.73045],[-4.43189,36.73044],[-4.43189,36.7304],[-4.43185,36.7304]]]}},{"type":"Feature","properties":{"name":"","kind":"park","road":"","osm":1292389035},"geometry":{"type":"Polygon","coordinates":[[[-4.43182,36.73042],[-4.4318,36.73041],[-4.43177,36.73041],[-4.43177,36.73045],[-4.43182,36.73045],[-4.43182,36.73042]]]}},{"type":"Feature","properties":{"name":"Calle Armengual de la Mota","kind":"road","road":"secondary","osm":1295345968},"geometry":{"type":"LineString","coordinates":[[-4.42966,36.71748],[-4.42967,36.7174],[-4.4297,36.71727]]}},{"type":"Feature","properties":{"name":"Calle Rita Luna","kind":"road","road":"pedestrian","osm":1303742629},"geometry":{"type":"LineString","coordinates":[[-4.42809,36.7209],[-4.42819,36.72117]]}},{"type":"Feature","properties":{"name":"","kind":"road","road":"pedestrian","osm":1303742630},"geometry":{"type":"LineString","coordinates":[[-4.42802,36.72083],[-4.42796,36.72089]]}},{"type":"Feature","properties":{"name":"","kind":"water","road":"","osm":1303958336},"geometry":{"type":"Polygon","coordinates":[[[-4.40171,36.72805],[-4.40173,36.72805],[-4.40174,36.72804],[-4.40176,36.72802],[-4.40177,36.728],[-4.40176,36.72799],[-4.40175,36.72798],[-4.40173,36.72799],[-4.40172,36.72799],[-4.40171,36.728],[-4.4017,36.72799],[-4.40169,36.72798],[-4.40167,36.72797],[-4.40167,36.72796],[-4.40167,36.72794],[-4.40166,36.72792],[-4.40164,36.72791],[-4.40164,36.72789],[-4.40163,36.72787],[-4.40161,36.72786],[-4.4016,36.72785],[-4.40159,36.72784],[-4.40158,36.72784],[-4.40156,36.72784],[-4.40155,36.72784],[-4.40154,36.72785],[-4.40153,36.72787],[-4.40153,36.72788],[-4.40154,36.7279],[-4.40156,36.72791],[-4.40158,36.72793],[-4.40159,36.72793],[-4.40162,36.72795],[-4.40164,36.72796],[-4.40165,36.72797],[-4.40167,36.72799],[-4.40169,36.728],[-4.4017,36.72802],[-4.4017,36.72803],[-4.40171,36.72804],[-4.40171,36.72805]]]}},{"type":"Feature","properties":{"name":"Calle Túnel de la Alcazaba","kind":"road","road":"secondary","osm":1306227350},"geometry":{"type":"LineString","coordinates":[[-4.41563,36.72206],[-4.41345,36.72132]]}},{"type":"Feature","properties":{"name":"","kind":"park","road":"","osm":1312383853},"geometry":{"type":"Polygon","coordinates":[[[-4.42711,36.728],[-4.42704,36.728],[-4.42704,36.72803],[-4.42706,36.72805],[-4.42708,36.72805],[-4.4271,36.72804],[-4.42711,36.728]]]}},{"type":"Feature","properties":{"name":"","kind":"park","road":"","osm":1312383871},"geometry":{"type":"Polygon","coordinates":[[[-4.42707,36.72987],[-4.42711,36.72988],[-4.42697,36.73158],[-4.42692,36.73158],[-4.42707,36.72987]]]}},{"type":"Feature","properties":{"name":"","kind":"park","road":"","osm":1312383872},"geometry":{"type":"Polygon","coordinates":[[[-4.42713,36.73011],[-4.4271,36.73047],[-4.42715,36.73036],[-4.42713,36.73011]]]}},{"type":"Feature","properties":{"name":"","kind":"park","road":"","osm":1312383873},"geometry":{"type":"Polygon","coordinates":[[[-4.42719,36.73044],[-4.42714,36.7306],[-4.42716,36.73086],[-4.42719,36.73044]]]}},{"type":"Feature","properties":{"name":"","kind":"park","road":"","osm":1312383874},"geometry":{"type":"Polygon","coordinates":[[[-4.42721,36.73021],[-4.4272,36.72995],[-4.42721,36.72989],[-4.42723,36.72989],[-4.42721,36.73021]]]}},{"type":"Feature","properties":{"name":"","kind":"park","road":"","osm":1312383875},"geometry":{"type":"Polygon","coordinates":[[[-4.42715,36.73096],[-4.4271,36.73109],[-4.42712,36.73118],[-4.42709,36.73126],[-4.42713,36.73136],[-4.42715,36.73096]]]}},{"type":"Feature","properties":{"name":"","kind":"park","road":"","osm":1312383877},"geometry":{"type":"Polygon","coordinates":[[[-4.4273,36.73095],[-4.42734,36.73095],[-4.4274,36.73095],[-4.42741,36.73087],[-4.42743,36.73087],[-4.42744,36.73078],[-4.42742,36.73078],[-4.42742,36.73074],[-4.42738,36.73073],[-4.42736,36.73073],[-4.42736,36.73078],[-4.42733,36.73078],[-4.42733,36.73086],[-4.42731,36.73086],[-4.4273,36.73095]]]}},{"type":"Feature","properties":{"name":"","kind":"park","road":"","osm":1312383878},"geometry":{"type":"Polygon","coordinates":[[[-4.42758,36.73072],[-4.4276,36.73072],[-4.42761,36.73054],[-4.42759,36.73054],[-4.42759,36.73055],[-4.42758,36.73072]]]}},{"type":"Feature","properties":{"name":"","kind":"park","road":"","osm":1312383879},"geometry":{"type":"Polygon","coordinates":[[[-4.4278,36.73078],[-4.4278,36.73076],[-4.42763,36.73075],[-4.42763,36.73077],[-4.4278,36.73078]]]}},{"type":"Feature","properties":{"name":"","kind":"park","road":"","osm":1312383880},"geometry":{"type":"Polygon","coordinates":[[[-4.42769,36.73093],[-4.42769,36.73092],[-4.42777,36.73092],[-4.42778,36.7308],[-4.4278,36.7308],[-4.42779,36.73094],[-4.42769,36.73093]]]}},{"type":"Feature","properties":{"name":"","kind":"park","road":"","osm":1312383881},"geometry":{"type":"Polygon","coordinates":[[[-4.42757,36.73093],[-4.42757,36.73091],[-4.42766,36.73091],[-4.42766,36.73093],[-4.42757,36.73093]]]}},{"type":"Feature","properties":{"name":"","kind":"park","road":"","osm":1312383882},"geometry":{"type":"Polygon","coordinates":[[[-4.42759,36.73089],[-4.42757,36.73089],[-4.42758,36.73076],[-4.42758,36.73075],[-4.4276,36.73075],[-4.42759,36.73089]]]}},{"type":"Feature","properties":{"name":"","kind":"park","road":"","osm":1312383883},"geometry":{"type":"Polygon","coordinates":[[[-4.42769,36.73098],[-4.42769,36.73096],[-4.42778,36.73097],[-4.42778,36.73098],[-4.42769,36.73098]]]}},{"type":"Feature","properties":{"name":"","kind":"park","road":"","osm":1312383884},"geometry":{"type":"Polygon","coordinates":[[[-4.42764,36.73098],[-4.4276,36.73098],[-4.4276,36.73096],[-4.42764,36.73096],[-4.42764,36.73098]]]}},{"type":"Feature","properties":{"name":"","kind":"park","road":"","osm":1312383885},"geometry":{"type":"Polygon","coordinates":[[[-4.42757,36.73114],[-4.42755,36.73114],[-4.42756,36.73097],[-4.42756,36.73096],[-4.42758,36.73096],[-4.42758,36.73101],[-4.42757,36.73114]]]}},{"type":"Feature","properties":{"name":"","kind":"park","road":"","osm":1312383886},"geometry":{"type":"Polygon","coordinates":[[[-4.42777,36.73114],[-4.42775,36.73114],[-4.42776,36.73101],[-4.42778,36.73101],[-4.42777,36.73114]]]}},{"type":"Feature","properties":{"name":"","kind":"park","road":"","osm":1312383888},"geometry":{"type":"Polygon","coordinates":[[[-4.42776,36.73135],[-4.42774,36.73135],[-4.42775,36.73118],[-4.42777,36.73118],[-4.42776,36.73135]]]}},{"type":"Feature","properties":{"name":"","kind":"park","road":"","osm":1312383891},"geometry":{"type":"Polygon","coordinates":[[[-4.4276,36.7304],[-4.4276,36.73051],[-4.42775,36.73052],[-4.42775,36.73049],[-4.42772,36.73049],[-4.42768,36.73049],[-4.42765,36.73046],[-4.42764,36.73044],[-4.42764,36.73041],[-4.4276,36.7304]]]}},{"type":"Feature","properties":{"name":"","kind":"park","road":"","osm":1312383892},"geometry":{"type":"Polygon","coordinates":[[[-4.42783,36.73034],[-4.42769,36.73034],[-4.42769,36.73035],[-4.42772,36.73036],[-4.42776,36.73037],[-4.42779,36.73039],[-4.42779,36.73042],[-4.42778,36.73045],[-4.42777,36.73047],[-4.42777,36.7305],[-4.42778,36.73051],[-4.42782,36.73052],[-4.42783,36.73034]]]}},{"type":"Feature","properties":{"name":"","kind":"park","road":"","osm":1312383893},"geometry":{"type":"Polygon","coordinates":[[[-4.42776,36.73013],[-4.42775,36.73015],[-4.42782,36.73015],[-4.42781,36.73029],[-4.4277,36.73029],[-4.4277,36.7303],[-4.42783,36.73031],[-4.42784,36.73013],[-4.42776,36.73013]]]}},{"type":"Feature","properties":{"name":"","kind":"park","road":"","osm":1312383894},"geometry":{"type":"Polygon","coordinates":[[[-4.42767,36.73013],[-4.42762,36.73012],[-4.42762,36.73013],[-4.42761,36.7303],[-4.42766,36.7303],[-4.42767,36.73013]]]}},{"type":"Feature","properties":{"name":"","kind":"park","road":"","osm":1312389150},"geometry":{"type":"Polygon","coordinates":[[[-4.42772,36.73045],[-4.42773,36.73045],[-4.42774,36.73044],[-4.42774,36.73043],[-4.42773,36.73041],[-4.42772,36.7304],[-4.4277,36.7304],[-4.42769,36.73041],[-4.42769,36.73042],[-4.4277,36.73044],[-4.42772,36.73045]]]}},{"type":"Feature","properties":{"name":"","kind":"park","road":"","osm":1313027200},"geometry":{"type":"Polygon","coordinates":[[[-4.42788,36.73011],[-4.4279,36.72992],[-4.42777,36.72991],[-4.42775,36.7301],[-4.42788,36.73011]]]}},{"type":"Feature","properties":{"name":"","kind":"park","road":"","osm":1313029287},"geometry":{"type":"Polygon","coordinates":[[[-4.4276,36.73039],[-4.42761,36.73034],[-4.42761,36.73033],[-4.42766,36.73033],[-4.42766,36.73037],[-4.42765,36.73039],[-4.4276,36.73039]]]}},{"type":"Feature","properties":{"name":"Avenida Comandante Benítez","kind":"road","road":"pedestrian","osm":1344356754},"geometry":{"type":"LineString","coordinates":[[-4.42566,36.71345],[-4.42567,36.71357]]}},{"type":"Feature","properties":{"name":"Calle Compañía","kind":"road","road":"pedestrian","osm":1344358714},"geometry":{"type":"LineString","coordinates":[[-4.4231,36.72136],[-4.42303,36.72135],[-4.42292,36.72133],[-4.42272,36.72131],[-4.42259,36.72131],[-4.42238,36.7213]]}},{"type":"Feature","properties":{"name":"Plaza de la Malagueta","kind":"road","road":"primary","osm":1348707507},"geometry":{"type":"LineString","coordinates":[[-4.40932,36.71831],[-4.40938,36.7183]]}},{"type":"Feature","properties":{"name":"Plaza de la Malagueta","kind":"road","road":"primary","osm":1348707509},"geometry":{"type":"LineString","coordinates":[[-4.40937,36.71821],[-4.40932,36.71821]]}},{"type":"Feature","properties":{"name":"Plaza de la Malagueta","kind":"road","road":"primary","osm":1348707510},"geometry":{"type":"LineString","coordinates":[[-4.40946,36.71821],[-4.4094,36.71821],[-4.40938,36.71821]]}},{"type":"Feature","properties":{"name":"Plaza de la Malagueta","kind":"road","road":"primary","osm":1348707512},"geometry":{"type":"LineString","coordinates":[[-4.40938,36.71821],[-4.40937,36.71821]]}},{"type":"Feature","properties":{"name":"","kind":"park","road":"","osm":1388150894},"geometry":{"type":"Polygon","coordinates":[[[-4.40189,36.72874],[-4.4019,36.7287],[-4.40189,36.72868],[-4.40184,36.72868],[-4.4018,36.72868],[-4.40179,36.72869],[-4.40179,36.72871],[-4.40185,36.72875],[-4.40187,36.72875],[-4.40189,36.72874]]]}},{"type":"Feature","properties":{"name":"","kind":"park","road":"","osm":1388150902},"geometry":{"type":"Polygon","coordinates":[[[-4.40093,36.72841],[-4.40097,36.7284],[-4.401,36.72838],[-4.40102,36.72835],[-4.40103,36.72833],[-4.40103,36.7283],[-4.40103,36.72828],[-4.40094,36.72831],[-4.40092,36.72833],[-4.40093,36.72841]]]}},{"type":"Feature","properties":{"name":"","kind":"park","road":"","osm":1428542409},"geometry":{"type":"Polygon","coordinates":[[[-4.41634,36.73039],[-4.41633,36.73041],[-4.41642,36.73056],[-4.41642,36.73057],[-4.41636,36.73059],[-4.41625,36.73041],[-4.41634,36.73039]]]}},{"type":"Feature","properties":{"name":"","kind":"park","road":"","osm":1430034628},"geometry":{"type":"Polygon","coordinates":[[[-4.41682,36.72285],[-4.41661,36.72275],[-4.41657,36.72272],[-4.41683,36.72285],[-4.41682,36.72285]]]}},{"type":"Feature","properties":{"name":"","kind":"park","road":"","osm":1430034629},"geometry":{"type":"Polygon","coordinates":[[[-4.4168,36.72288],[-4.41659,36.72278],[-4.41658,36.72279],[-4.41679,36.72289],[-4.4168,36.72288]]]}},{"type":"Feature","properties":{"name":"","kind":"park","road":"","osm":1496077972},"geometry":{"type":"Polygon","coordinates":[[[-4.41685,36.71976],[-4.41683,36.71974],[-4.41692,36.71966],[-4.41695,36.71968],[-4.41685,36.71976]]]}},{"type":"Feature","properties":{"name":"","kind":"park","road":"","osm":1496077973},"geometry":{"type":"Polygon","coordinates":[[[-4.41684,36.71977],[-4.41681,36.71975],[-4.41657,36.71996],[-4.4166,36.71998],[-4.41684,36.71977]]]}},{"type":"Feature","properties":{"name":"Calle Héroe de Sostoa","kind":"road","road":"primary","osm":1514038303},"geometry":{"type":"LineString","coordinates":[[-4.43151,36.71095],[-4.43164,36.71085]]}},{"type":"Feature","properties":{"name":"Calle Héroe de Sostoa","kind":"road","road":"primary","osm":1514038304},"geometry":{"type":"LineString","coordinates":[[-4.43105,36.71131],[-4.4311,36.71128],[-4.43127,36.71115],[-4.43147,36.71099],[-4.43151,36.71095]]}},{"type":"Feature","properties":{"name":"Calle Sierra de Grazalema","kind":"road","road":"tertiary","osm":1514052123},"geometry":{"type":"LineString","coordinates":[[-4.4027,36.72914],[-4.40267,36.72896],[-4.40266,36.72887]]}},{"type":"Feature","properties":{"name":"","kind":"park","road":"","osm":1548909466},"geometry":{"type":"Polygon","coordinates":[[[-4.41172,36.7203],[-4.41176,36.7201],[-4.41193,36.72011],[-4.41189,36.72032],[-4.41172,36.7203]]]}}]}