{"bounds":[39.55575,2.60934,39.5755,2.65814],"date":"2026-09-18T17:01:27Z","type":"FeatureCollection","features":[{"type":"Feature","properties":{"name":"Parc de la Mar","kind":"park","road":"","osm":5229049},"geometry":{"type":"Polygon","coordinates":[[[2.65604,39.56475],[2.65588,39.56479],[2.65494,39.56507],[2.65498,39.5652],[2.65495,39.56523],[2.65498,39.56532],[2.65465,39.56532],[2.65455,39.56532],[2.65448,39.56532],[2.65258,39.56532],[2.6526,39.56502],[2.65223,39.56493],[2.65182,39.56483],[2.65146,39.56509],[2.6515,39.56557],[2.65042,39.56599],[2.6504,39.566],[2.65038,39.56601],[2.64936,39.56641],[2.64887,39.56661],[2.64876,39.56645],[2.64873,39.56645],[2.64808,39.56662],[2.64813,39.56677],[2.64814,39.56681],[2.64615,39.56713],[2.64611,39.56709],[2.64588,39.56688],[2.64586,39.56671],[2.646,39.56654],[2.64596,39.56652],[2.64581,39.56644],[2.64599,39.56613],[2.64602,39.56607],[2.64596,39.56605],[2.64613,39.56591],[2.64628,39.5658],[2.64649,39.56567],[2.64663,39.5656],[2.6467,39.56558],[2.64677,39.56557],[2.64683,39.56556],[2.6469,39.56553],[2.64718,39.56546],[2.64717,39.56541],[2.64757,39.56532],[2.64759,39.56538],[2.64786,39.56532],[2.64905,39.56506],[2.64922,39.56502],[2.64949,39.56495],[2.64964,39.56492],[2.64981,39.56488],[2.64995,39.56486],[2.65049,39.56477],[2.6509,39.56471],[2.65131,39.56466],[2.65181,39.56462],[2.65228,39.56458],[2.65273,39.56455],[2.65301,39.56454],[2.65349,39.56453],[2.65373,39.56453],[2.65409,39.56454],[2.65452,39.56457],[2.65481,39.56458],[2.65538,39.5646],[2.65604,39.56462],[2.65604,39.56475]]]}},{"type":"Feature","properties":{"name":"Plaça de la Reina","kind":"road","road":"tertiary","osm":14493327},"geometry":{"type":"LineString","coordinates":[[2.64646,39.5692],[2.64639,39.5692]]}},{"type":"Feature","properties":{"name":"Passeig del Born","kind":"road","road":"tertiary","osm":14493332},"geometry":{"type":"LineString","coordinates":[[2.64673,39.57104],[2.64671,39.57096],[2.64645,39.56993],[2.64638,39.56969],[2.64634,39.56952],[2.64634,39.56951],[2.64631,39.56936],[2.64633,39.56925],[2.64639,39.5692]]}},{"type":"Feature","properties":{"name":"Passeig Mallorca","kind":"road","road":"tertiary","osm":14493338},"geometry":{"type":"LineString","coordinates":[[2.64437,39.57495],[2.64433,39.57486],[2.64427,39.57469],[2.6442,39.57449],[2.64412,39.57424],[2.64398,39.57395],[2.64367,39.57378],[2.64353,39.5737],[2.64334,39.57359],[2.64308,39.57344],[2.64267,39.57318],[2.64244,39.57305],[2.64238,39.57299],[2.64236,39.57289]]}},{"type":"Feature","properties":{"name":"Camí dels Reis","kind":"road","road":"tertiary","osm":23249118},"geometry":{"type":"LineString","coordinates":[[2.61005,39.57335],[2.61012,39.57344],[2.61019,39.57355],[2.61021,39.5736],[2.61023,39.57365],[2.61024,39.57372],[2.61025,39.57382],[2.61026,39.57391],[2.61026,39.57392],[2.61026,39.57402],[2.61027,39.57406],[2.61029,39.5741]]}},{"type":"Feature","properties":{"name":"Carrer del Baró de Pinopar","kind":"road","road":"tertiary","osm":23256555},"geometry":{"type":"LineString","coordinates":[[2.64829,39.5749],[2.64814,39.57527],[2.64804,39.57551],[2.6479,39.57587],[2.64788,39.57591],[2.64787,39.57592],[2.64787,39.57594],[2.64766,39.57645],[2.64744,39.57699]]}},{"type":"Feature","properties":{"name":"Carrer d'en Ramón y Cajal","kind":"road","road":"secondary","osm":23256577},"geometry":{"type":"LineString","coordinates":[[2.64324,39.57614],[2.64269,39.5758],[2.6423,39.57557],[2.64227,39.57554],[2.64195,39.57536],[2.64158,39.57514],[2.64154,39.57511]]}},{"type":"Feature","properties":{"name":"Avinguda de l'Argentina","kind":"road","road":"secondary","osm":23267451},"geometry":{"type":"LineString","coordinates":[[2.64072,39.57462],[2.64065,39.57377],[2.64061,39.57346]]}},{"type":"Feature","properties":{"name":"Carrer de la Indústria","kind":"road","road":"tertiary","osm":23267453},"geometry":{"type":"LineString","coordinates":[[2.64057,39.57305],[2.64047,39.5732],[2.64037,39.57327],[2.63985,39.57364]]}},{"type":"Feature","properties":{"name":"Carrer de la Fàbrica","kind":"road","road":"pedestrian","osm":23267458},"geometry":{"type":"LineString","coordinates":[[2.63763,39.5726],[2.63836,39.57243],[2.63908,39.57226],[2.64015,39.57202]]}},{"type":"Feature","properties":{"name":"Avinguda de Jaume III","kind":"road","road":"tertiary","osm":23267461},"geometry":{"type":"LineString","coordinates":[[2.64228,39.57254],[2.64216,39.57255],[2.64206,39.57257]]}},{"type":"Feature","properties":{"name":"Plaça de sa Feixina","kind":"park","road":"","osm":23267464},"geometry":{"type":"Polygon","coordinates":[[[2.64017,39.57152],[2.64022,39.57158],[2.64032,39.57163],[2.64043,39.57164],[2.64051,39.57164],[2.64072,39.57157],[2.641,39.5715],[2.64117,39.57146],[2.6414,39.5714],[2.64145,39.57137],[2.64114,39.57105],[2.63978,39.56962],[2.63964,39.56956],[2.63956,39.56956],[2.6395,39.56957],[2.63946,39.56961],[2.63943,39.56968],[2.63962,39.57014],[2.64017,39.57152]]]}},{"type":"Feature","properties":{"name":"Porta de Santa Catalina","kind":"park","road":"","osm":23267467},"geometry":{"type":"Polygon","coordinates":[[[2.64207,39.57119],[2.64181,39.57132],[2.64132,39.57075],[2.64189,39.57057],[2.64198,39.57062],[2.64257,39.57066],[2.64283,39.57067],[2.64278,39.57079],[2.64251,39.57099],[2.64207,39.57119]]]}},{"type":"Feature","properties":{"name":"Avinguda de Jaume III","kind":"road","road":"tertiary","osm":23267468},"geometry":{"type":"LineString","coordinates":[[2.64228,39.57254],[2.64293,39.57246],[2.64332,39.57241],[2.64346,39.5724],[2.64354,39.57238],[2.64373,39.57236],[2.64383,39.57235]]}},{"type":"Feature","properties":{"name":"Carrer del Comte de Barcelona","kind":"road","road":"tertiary","osm":23545162},"geometry":{"type":"LineString","coordinates":[[2.64072,39.57462],[2.6401,39.57424],[2.63965,39.57396],[2.63957,39.57391]]}},{"type":"Feature","properties":{"name":"Carrer d'Aragó","kind":"road","road":"secondary","osm":24336916},"geometry":{"type":"LineString","coordinates":[[2.6569,39.57272],[2.65705,39.57285],[2.65709,39.5729],[2.65745,39.57332],[2.65746,39.57333],[2.65752,39.57341]]}},{"type":"Feature","properties":{"name":"Carrer de Manacor","kind":"road","road":"secondary","osm":24349134},"geometry":{"type":"LineString","coordinates":[[2.65679,39.57134],[2.65698,39.57134],[2.65714,39.57134]]}},{"type":"Feature","properties":{"name":"Carrer del General Ricardo Ortega","kind":"road","road":"tertiary","osm":24749411},"geometry":{"type":"LineString","coordinates":[[2.65744,39.57012],[2.65758,39.5701],[2.65815,39.57002],[2.65904,39.5699],[2.65976,39.5698],[2.66056,39.56966],[2.66068,39.56964],[2.66178,39.56953],[2.66274,39.56942],[2.66371,39.56934],[2.66459,39.56924],[2.66465,39.56923]]}},{"type":"Feature","properties":{"name":"Carrer de Joan Maragall","kind":"road","road":"tertiary","osm":24749493},"geometry":{"type":"LineString","coordinates":[[2.65679,39.56598],[2.65694,39.56593],[2.65876,39.56505],[2.65893,39.56497],[2.65906,39.56492],[2.66082,39.56426],[2.66104,39.56418],[2.66209,39.56378],[2.66227,39.56373]]}},{"type":"Feature","properties":{"name":"Carrer del Pare Nadal","kind":"road","road":"pedestrian","osm":25883696},"geometry":{"type":"LineString","coordinates":[[2.65149,39.56814],[2.65197,39.56858]]}},{"type":"Feature","properties":{"name":"","kind":"road","road":"pedestrian","osm":25884646},"geometry":{"type":"LineString","coordinates":[[2.64807,39.56959],[2.64794,39.5696]]}},{"type":"Feature","properties":{"name":"Carrer de Can Verí","kind":"road","road":"pedestrian","osm":25884651},"geometry":{"type":"LineString","coordinates":[[2.64822,39.56973],[2.64824,39.56984],[2.64832,39.57037],[2.64839,39.57053]]}},{"type":"Feature","properties":{"name":"Plaça de Frederic Chopin","kind":"road","road":"pedestrian","osm":25884654},"geometry":{"type":"LineString","coordinates":[[2.64821,39.57063],[2.64789,39.57024]]}},{"type":"Feature","properties":{"name":"Carrer Jovellanos","kind":"road","road":"pedestrian","osm":25884659},"geometry":{"type":"LineString","coordinates":[[2.64733,39.57066],[2.64703,39.57093]]}},{"type":"Feature","properties":{"name":"Carrer dels Paraires","kind":"road","road":"pedestrian","osm":25884660},"geometry":{"type":"LineString","coordinates":[[2.64782,39.57081],[2.64761,39.57074],[2.64733,39.57066]]}},{"type":"Feature","properties":{"name":"Carrer dels Set Cantons","kind":"road","road":"pedestrian","osm":25884715},"geometry":{"type":"LineString","coordinates":[[2.65097,39.57035],[2.65136,39.57015]]}},{"type":"Feature","properties":{"name":"Carrer del Sindicat","kind":"road","road":"pedestrian","osm":25884762},"geometry":{"type":"LineString","coordinates":[[2.6519,39.57076],[2.65221,39.57085],[2.65231,39.57088],[2.65241,39.57092],[2.65254,39.57096],[2.65285,39.57109],[2.65293,39.57111],[2.65303,39.57114],[2.65319,39.57119],[2.65337,39.57125],[2.65371,39.57134],[2.65382,39.57138],[2.65413,39.57151],[2.65416,39.57152],[2.65425,39.57156],[2.6545,39.57168],[2.65461,39.57175],[2.65471,39.57181],[2.65477,39.57184],[2.65496,39.57193],[2.65537,39.57214],[2.65542,39.57214],[2.6555,39.57214],[2.65552,39.57215],[2.65559,39.57217]]}},{"type":"Feature","properties":{"name":"Avinguda de l'Argentina","kind":"road","road":"tertiary","osm":25884812},"geometry":{"type":"LineString","coordinates":[[2.64102,39.57731],[2.64101,39.57722],[2.64098,39.57701],[2.64095,39.57671],[2.64088,39.5762],[2.64083,39.57568],[2.64078,39.57518],[2.64072,39.57462]]}},{"type":"Feature","properties":{"name":"Carrer de Veneçuela","kind":"road","road":"tertiary","osm":25884953},"geometry":{"type":"LineString","coordinates":[[2.62367,39.57168],[2.62368,39.57204],[2.62365,39.57257],[2.62369,39.5729],[2.62369,39.57299]]}},{"type":"Feature","properties":{"name":"","kind":"road","road":"motorway","osm":26425172},"geometry":{"type":"LineString","coordinates":[[2.60546,39.56433],[2.60554,39.56442],[2.60564,39.56456],[2.60574,39.56468],[2.60585,39.56481],[2.60606,39.56506],[2.60627,39.56532],[2.60648,39.56557],[2.60668,39.56583],[2.60689,39.56608],[2.60709,39.56633],[2.6072,39.56646],[2.60741,39.56671],[2.60761,39.56696],[2.60783,39.56723],[2.60803,39.56747],[2.60824,39.56773],[2.60855,39.56811],[2.60875,39.56836],[2.60906,39.56874],[2.60927,39.569],[2.60937,39.56913],[2.60948,39.56927],[2.60966,39.56952],[2.60975,39.56965],[2.60984,39.56979],[2.60992,39.56992],[2.61,39.57006],[2.61008,39.5702],[2.61015,39.57034],[2.61022,39.57048],[2.61028,39.57062]]}},{"type":"Feature","properties":{"name":"","kind":"road","road":"tertiary","osm":26585853},"geometry":{"type":"LineString","coordinates":[[2.61172,39.57388],[2.61174,39.57384],[2.61176,39.57381],[2.61179,39.57377],[2.61184,39.57375],[2.61188,39.57372]]}},{"type":"Feature","properties":{"name":"","kind":"road","road":"tertiary","osm":26585854},"geometry":{"type":"LineString","coordinates":[[2.61035,39.57415],[2.61038,39.57417],[2.61041,39.57418],[2.61046,39.57418],[2.61049,39.57419],[2.61051,39.57418]]}},{"type":"Feature","properties":{"name":"","kind":"road","road":"tertiary","osm":26585900},"geometry":{"type":"LineString","coordinates":[[2.61038,39.57438],[2.61036,39.57441],[2.61034,39.57444],[2.61031,39.57446],[2.61027,39.57449],[2.61024,39.57451],[2.6102,39.57452],[2.61015,39.57453],[2.61012,39.57454],[2.61006,39.57454],[2.61001,39.57453],[2.60996,39.57452],[2.60991,39.5745],[2.60986,39.57448],[2.60983,39.57445],[2.6098,39.57442],[2.60977,39.57438],[2.60976,39.57434],[2.60975,39.5743],[2.60975,39.57426],[2.60976,39.57421],[2.60978,39.57418],[2.60981,39.57414],[2.60985,39.57411],[2.60988,39.57409],[2.60992,39.57407],[2.60995,39.57405]]}},{"type":"Feature","properties":{"name":"","kind":"road","road":"tertiary","osm":26585904},"geometry":{"type":"LineString","coordinates":[[2.61107,39.57409],[2.61117,39.57408],[2.61134,39.57405],[2.61142,39.57402],[2.61155,39.57398],[2.61167,39.57393],[2.61169,39.57391],[2.6117,39.5739],[2.61172,39.57388]]}},{"type":"Feature","properties":{"name":"Carrer del Marquès de la Sènia","kind":"road","road":"tertiary","osm":26717838},"geometry":{"type":"LineString","coordinates":[[2.63293,39.57007],[2.63287,39.57003],[2.63279,39.56999],[2.63276,39.56997],[2.63239,39.56975],[2.63188,39.56947],[2.6314,39.5692],[2.63124,39.56911],[2.63092,39.56893],[2.63023,39.56859],[2.62961,39.5683],[2.62905,39.56801]]}},{"type":"Feature","properties":{"name":"Carrer del Marquès de la Fontsanta","kind":"road","road":"tertiary","osm":26998768},"geometry":{"type":"LineString","coordinates":[[2.65679,39.57699],[2.65623,39.57661],[2.65605,39.57648],[2.65595,39.5764],[2.65545,39.57604],[2.65474,39.57551],[2.6546,39.57541]]}},{"type":"Feature","properties":{"name":"Carrer dels Oms","kind":"road","road":"pedestrian","osm":27102625},"geometry":{"type":"LineString","coordinates":[[2.65215,39.57519],[2.65127,39.57515],[2.65059,39.57509],[2.64998,39.57504],[2.64941,39.575],[2.64853,39.57493],[2.64829,39.5749]]}},{"type":"Feature","properties":{"name":"","kind":"road","road":"tertiary","osm":27575159},"geometry":{"type":"LineString","coordinates":[[2.6348,39.56888],[2.63485,39.56883],[2.63487,39.56881],[2.6349,39.5688],[2.63495,39.56879]]}},{"type":"Feature","properties":{"name":"Avinguda de Picasso","kind":"road","road":"tertiary","osm":27575224},"geometry":{"type":"LineString","coordinates":[[2.62542,39.57131],[2.62543,39.57187],[2.62487,39.5724],[2.62458,39.57262],[2.62432,39.57274],[2.62396,39.57283],[2.62369,39.57299]]}},{"type":"Feature","properties":{"name":"Carrer de Sant Francesc","kind":"road","road":"pedestrian","osm":27743501},"geometry":{"type":"LineString","coordinates":[[2.65109,39.56902],[2.65111,39.56896],[2.65115,39.56894],[2.65141,39.56883],[2.65197,39.56858],[2.65209,39.56853],[2.65223,39.5686]]}},{"type":"Feature","properties":{"name":"Carrer de Can Martí Feliu","kind":"road","road":"pedestrian","osm":27743536},"geometry":{"type":"LineString","coordinates":[[2.65416,39.57152],[2.65381,39.57193],[2.65367,39.5721],[2.65346,39.57228],[2.65328,39.57242]]}},{"type":"Feature","properties":{"name":"Carrer d'en Rubí","kind":"road","road":"pedestrian","osm":27743538},"geometry":{"type":"LineString","coordinates":[[2.65285,39.57109],[2.65249,39.57149],[2.65191,39.57168]]}},{"type":"Feature","properties":{"name":"carrer de Costa i Llobera","kind":"road","road":"pedestrian","osm":27743655},"geometry":{"type":"LineString","coordinates":[[2.65581,39.57362],[2.65656,39.57423]]}},{"type":"Feature","properties":{"name":"","kind":"road","road":"tertiary","osm":28036244},"geometry":{"type":"LineString","coordinates":[[2.60977,39.57438],[2.60975,39.57436],[2.60973,39.57435],[2.60969,39.57434],[2.60958,39.57431],[2.60953,39.57431],[2.60948,39.57431],[2.60943,39.57431],[2.60939,39.57431],[2.60932,39.57432],[2.6092,39.57432]]}},{"type":"Feature","properties":{"name":"s'Hort del Rei","kind":"park","road":"","osm":28474609},"geometry":{"type":"Polygon","coordinates":[[[2.64617,39.56724],[2.64616,39.56724],[2.64618,39.56728],[2.64615,39.56729],[2.64614,39.56729],[2.64613,39.56729],[2.64605,39.56732],[2.64598,39.56734],[2.64586,39.56739],[2.64618,39.56794],[2.64652,39.56851],[2.64658,39.56853],[2.64661,39.56853],[2.64661,39.56854],[2.64665,39.56855],[2.64665,39.56854],[2.64671,39.56856],[2.64684,39.56859],[2.64684,39.56861],[2.64695,39.56863],[2.64696,39.56862],[2.64695,39.56861],[2.64695,39.5686],[2.64686,39.5684],[2.64659,39.56776],[2.64648,39.56779],[2.64643,39.5677],[2.64642,39.56769],[2.6462,39.56729],[2.64617,39.56724]]]}},{"type":"Feature","properties":{"name":"Plaça de la Reina","kind":"park","road":"","osm":28474611},"geometry":{"type":"Polygon","coordinates":[[[2.64663,39.56911],[2.64663,39.56893],[2.64656,39.5687],[2.64704,39.56882],[2.64703,39.56893],[2.64663,39.56911]]]}},{"type":"Feature","properties":{"name":"Passeig des Born","kind":"park","road":"","osm":28474613},"geometry":{"type":"Polygon","coordinates":[[[2.64656,39.56928],[2.64648,39.56929],[2.64638,39.56932],[2.64634,39.56935],[2.64648,39.56991],[2.64673,39.57095],[2.64673,39.57098],[2.64689,39.57102],[2.64699,39.57108],[2.64705,39.57122],[2.64708,39.57131],[2.64709,39.57135],[2.64721,39.57137],[2.64738,39.57136],[2.64703,39.57093],[2.64688,39.57053],[2.64679,39.57018],[2.64673,39.56991],[2.6467,39.5698],[2.64667,39.56966],[2.64661,39.56927],[2.64656,39.56928]]]}},{"type":"Feature","properties":{"name":"Plaça de Cort","kind":"road","road":"pedestrian","osm":28475200},"geometry":{"type":"LineString","coordinates":[[2.65037,39.56962],[2.65035,39.56967],[2.65034,39.56967],[2.65033,39.56966],[2.65028,39.56966],[2.65028,39.56967],[2.65012,39.5697],[2.65,39.56972],[2.64976,39.56976],[2.64966,39.5698],[2.64958,39.56984],[2.64954,39.56984],[2.64949,39.56981],[2.64946,39.5698],[2.64946,39.56979],[2.64948,39.56978],[2.64952,39.56979],[2.64954,39.56979],[2.64957,39.56976],[2.64957,39.56977],[2.64968,39.56967],[2.64978,39.56958],[2.64979,39.56957],[2.6498,39.56957],[2.64985,39.56951],[2.64984,39.56951],[2.64986,39.5695],[2.64988,39.56948],[2.6499,39.56945],[2.64992,39.56943],[2.64996,39.56938],[2.65029,39.56941],[2.65036,39.56942],[2.65042,39.56944],[2.6504,39.56961],[2.65037,39.56962]]}},{"type":"Feature","properties":{"name":"Carrer de Jaume II","kind":"road","road":"pedestrian","osm":28475201},"geometry":{"type":"LineString","coordinates":[[2.64971,39.57],[2.64958,39.56987],[2.64954,39.56984],[2.64949,39.56981]]}},{"type":"Feature","properties":{"name":"Carrer de Sant Domingo","kind":"road","road":"pedestrian","osm":28475202},"geometry":{"type":"LineString","coordinates":[[2.64949,39.56981],[2.64946,39.5698],[2.64931,39.56975],[2.64921,39.56972],[2.64905,39.56961],[2.64894,39.56954],[2.6486,39.56935],[2.64838,39.56949]]}},{"type":"Feature","properties":{"name":"La Rambla","kind":"road","road":"tertiary","osm":28476816},"geometry":{"type":"LineString","coordinates":[[2.64812,39.57476],[2.64825,39.57464],[2.64874,39.57417],[2.64922,39.57371],[2.64926,39.57367],[2.64933,39.57361],[2.64942,39.57352],[2.65004,39.57293],[2.65055,39.57245]]}},{"type":"Feature","properties":{"name":"Carrer dels Paners","kind":"road","road":"pedestrian","osm":28552780},"geometry":{"type":"LineString","coordinates":[[2.64992,39.57008],[2.65002,39.57],[2.6501,39.56997],[2.65022,39.56993],[2.65034,39.5699]]}},{"type":"Feature","properties":{"name":"Carrer de Ca'n Brondo","kind":"road","road":"pedestrian","osm":28914381},"geometry":{"type":"LineString","coordinates":[[2.64782,39.57081],[2.64796,39.57091],[2.6476,39.57116],[2.6475,39.57124],[2.64738,39.57136]]}},{"type":"Feature","properties":{"name":"Plaça del Pont","kind":"road","road":"tertiary","osm":31960513},"geometry":{"type":"LineString","coordinates":[[2.63352,39.57041],[2.63329,39.57028]]}},{"type":"Feature","properties":{"name":"Avinguda Adolfo Suárez","kind":"road","road":"trunk","osm":32515468},"geometry":{"type":"LineString","coordinates":[[2.64499,39.56683],[2.64529,39.56647]]}},{"type":"Feature","properties":{"name":"Avinguda de Gabriel Roca","kind":"road","road":"trunk","osm":32515478},"geometry":{"type":"LineString","coordinates":[[2.6451,39.56686],[2.64501,39.56698]]}},{"type":"Feature","properties":{"name":"Carrer Catalunya","kind":"road","road":"tertiary","osm":32516597},"geometry":{"type":"LineString","coordinates":[[2.64161,39.57262],[2.64107,39.57286],[2.6407,39.57301],[2.64067,39.57302],[2.64057,39.57305]]}},{"type":"Feature","properties":{"name":"Carrer d'Avinyó","kind":"road","road":"tertiary","osm":32516843},"geometry":{"type":"LineString","coordinates":[[2.63205,39.57344],[2.63335,39.57267]]}},{"type":"Feature","properties":{"name":"Avinguda d'Alexandre Rosselló","kind":"road","road":"secondary","osm":32517232},"geometry":{"type":"LineString","coordinates":[[2.65452,39.5753],[2.65513,39.57503],[2.65525,39.57498],[2.65532,39.57494],[2.65533,39.57493]]}},{"type":"Feature","properties":{"name":"Plaça d'Espanya","kind":"road","road":"secondary","osm":32517252},"geometry":{"type":"LineString","coordinates":[[2.6546,39.57541],[2.65438,39.57557]]}},{"type":"Feature","properties":{"name":"Plaça d'Espanya","kind":"road","road":"secondary","osm":32517261},"geometry":{"type":"LineString","coordinates":[[2.6534,39.57625],[2.65346,39.57618],[2.65363,39.57599],[2.65364,39.57598],[2.65382,39.57583],[2.65414,39.57555],[2.65417,39.57552],[2.65419,39.5755],[2.65438,39.57537],[2.65452,39.5753]]}},{"type":"Feature","properties":{"name":"Passeig Mallorca","kind":"road","road":"secondary","osm":32517794},"geometry":{"type":"LineString","coordinates":[[2.64151,39.57145],[2.64144,39.57151],[2.64139,39.57167]]}},{"type":"Feature","properties":{"name":"Plaça del Progrés","kind":"road","road":"tertiary","osm":32517916},"geometry":{"type":"LineString","coordinates":[[2.63679,39.57233],[2.63664,39.57224],[2.63653,39.57217]]}},{"type":"Feature","properties":{"name":"Carrer d'Espartero","kind":"road","road":"tertiary","osm":32517919},"geometry":{"type":"LineString","coordinates":[[2.63562,39.57164],[2.63552,39.57158],[2.63482,39.57117],[2.63456,39.57101],[2.63373,39.57053],[2.63352,39.57041]]}},{"type":"Feature","properties":{"name":"Carrer de Mir","kind":"road","road":"pedestrian","osm":32619138},"geometry":{"type":"LineString","coordinates":[[2.63563,39.5705],[2.6357,39.57065],[2.63578,39.57086],[2.63579,39.57088],[2.6358,39.57092]]}},{"type":"Feature","properties":{"name":"Carrer d'Andrea Doria","kind":"road","road":"tertiary","osm":32619213},"geometry":{"type":"LineString","coordinates":[[2.63293,39.57007],[2.63284,39.57014],[2.63281,39.57017],[2.63248,39.57048],[2.63158,39.57056],[2.63076,39.57063],[2.63047,39.57066]]}},{"type":"Feature","properties":{"name":"Carrer Joan Crespí","kind":"road","road":"tertiary","osm":32619746},"geometry":{"type":"LineString","coordinates":[[2.63501,39.57689],[2.63484,39.57646],[2.63462,39.57588],[2.63446,39.57545],[2.63432,39.57508],[2.63428,39.575]]}},{"type":"Feature","properties":{"name":"Carrer de Bartomeu Rosselló-Pòrcel","kind":"road","road":"tertiary","osm":32619819},"geometry":{"type":"LineString","coordinates":[[2.63205,39.57344],[2.63199,39.57334],[2.63171,39.5729],[2.6314,39.57242],[2.63108,39.57191],[2.63076,39.57141],[2.63035,39.57077]]}},{"type":"Feature","properties":{"name":"","kind":"road","road":"tertiary","osm":32692509},"geometry":{"type":"LineString","coordinates":[[2.62001,39.57228],[2.61995,39.57221],[2.61993,39.57213]]}},{"type":"Feature","properties":{"name":"Camí de Gènova","kind":"road","road":"tertiary","osm":32692788},"geometry":{"type":"LineString","coordinates":[[2.61229,39.57378],[2.61234,39.57381],[2.61237,39.57382],[2.6124,39.57383],[2.61245,39.57383],[2.61249,39.57383],[2.61255,39.57383],[2.61318,39.5737],[2.61321,39.57369],[2.614,39.57354],[2.61439,39.57345],[2.61609,39.57321],[2.61619,39.5732],[2.61635,39.57318],[2.61666,39.57308],[2.61677,39.57303],[2.61721,39.57285],[2.61842,39.57251],[2.61854,39.57247],[2.61878,39.57242],[2.61972,39.57219],[2.61993,39.57213]]}},{"type":"Feature","properties":{"name":"Camí dels Reis","kind":"road","road":"tertiary","osm":32723674},"geometry":{"type":"LineString","coordinates":[[2.61012,39.57454],[2.61009,39.57455],[2.61007,39.57457],[2.61006,39.57458],[2.61004,39.57461],[2.61003,39.57465],[2.61002,39.57468],[2.61002,39.57471],[2.61002,39.57473],[2.61003,39.57476],[2.61005,39.57478],[2.6105,39.57536],[2.61084,39.5758],[2.6111,39.57612],[2.61119,39.57622],[2.61127,39.57631],[2.6114,39.57645],[2.61158,39.57664],[2.61171,39.57677],[2.61193,39.57696],[2.61197,39.57699],[2.61217,39.57716],[2.61233,39.57728],[2.6125,39.5774],[2.61269,39.57754],[2.61284,39.57763],[2.61305,39.57776],[2.61328,39.5779],[2.61349,39.57801],[2.61362,39.57808],[2.61386,39.57819],[2.61411,39.5783],[2.61427,39.57837],[2.61444,39.57844],[2.61458,39.57849],[2.61469,39.57854],[2.61481,39.57862],[2.61489,39.57869],[2.61496,39.57876]]}},{"type":"Feature","properties":{"name":"","kind":"road","road":"motorway","osm":32723884},"geometry":{"type":"LineString","coordinates":[[2.6113,39.57535],[2.61137,39.57548],[2.61146,39.57562],[2.61154,39.57576],[2.61163,39.57589],[2.61173,39.57602],[2.61183,39.57615],[2.61193,39.57627],[2.61204,39.5764],[2.61216,39.57652],[2.61228,39.57664],[2.6124,39.57675],[2.61253,39.57687],[2.61268,39.577],[2.6128,39.57711],[2.61294,39.57721],[2.61309,39.57731],[2.61323,39.57741],[2.61339,39.57751],[2.61354,39.5776],[2.6137,39.57769],[2.61386,39.57778],[2.61403,39.57786],[2.61419,39.57793],[2.61436,39.57801],[2.61454,39.57808],[2.61471,39.57814],[2.61489,39.57821],[2.61506,39.57826],[2.61524,39.57832],[2.61543,39.57837],[2.61561,39.57841],[2.6158,39.57846],[2.616,39.5785],[2.61618,39.57853],[2.61637,39.57856],[2.61657,39.57859],[2.61676,39.57861],[2.61695,39.57863],[2.61714,39.57864],[2.61732,39.57866],[2.61752,39.57868],[2.61772,39.5787],[2.6179,39.57872],[2.6181,39.57875],[2.61829,39.57878],[2.61847,39.57881],[2.61866,39.57885],[2.61886,39.57889],[2.61903,39.57893],[2.61922,39.57899],[2.61941,39.57904],[2.61958,39.5791],[2.61976,39.57916],[2.61994,39.57923],[2.62011,39.57929],[2.62028,39.57937],[2.62044,39.57944],[2.62061,39.57952],[2.62077,39.5796],[2.62092,39.57968],[2.62107,39.57977],[2.62123,39.57987],[2.62137,39.57996],[2.62152,39.58006],[2.62166,39.58017],[2.6218,39.58027],[2.62194,39.58038]]}},{"type":"Feature","properties":{"name":"","kind":"road","road":"motorway","osm":32723885},"geometry":{"type":"LineString","coordinates":[[2.61076,39.57298],[2.61077,39.57313],[2.61077,39.57329],[2.61078,39.57344],[2.61079,39.57359],[2.61081,39.57374],[2.61083,39.5739],[2.61085,39.57404],[2.61091,39.57434],[2.61095,39.57449],[2.611,39.57464],[2.61105,39.57478],[2.61111,39.57492],[2.61117,39.57507],[2.61123,39.57521],[2.6113,39.57535]]}},{"type":"Feature","properties":{"name":"","kind":"road","road":"motorway","osm":32723890},"geometry":{"type":"LineString","coordinates":[[2.61052,39.57322],[2.61052,39.57306],[2.61051,39.57291],[2.6105,39.57277],[2.61049,39.57261],[2.61049,39.57246],[2.61047,39.57232],[2.61046,39.57216],[2.61044,39.57201],[2.61041,39.57186],[2.61038,39.57172],[2.61035,39.57157],[2.61031,39.57142],[2.61026,39.57127],[2.61022,39.57113],[2.61017,39.57098],[2.61011,39.57084],[2.61005,39.57069],[2.60999,39.57055],[2.60992,39.57041],[2.60985,39.57026]]}},{"type":"Feature","properties":{"name":"","kind":"road","road":"motorway","osm":32723891},"geometry":{"type":"LineString","coordinates":[[2.6111,39.57541],[2.61103,39.57527],[2.61096,39.57513],[2.6109,39.57499],[2.61084,39.57485],[2.61079,39.57471],[2.61074,39.57456],[2.61069,39.57441],[2.61062,39.57409],[2.61059,39.57397],[2.61057,39.57382],[2.61056,39.57367],[2.61054,39.57351],[2.61053,39.57336],[2.61052,39.57322]]}},{"type":"Feature","properties":{"name":"","kind":"road","road":"motorway","osm":32724000},"geometry":{"type":"LineString","coordinates":[[2.6082,39.55802],[2.60841,39.55798],[2.60861,39.55794],[2.60882,39.55789],[2.60902,39.55783],[2.60921,39.55777],[2.60941,39.55771],[2.6096,39.55763],[2.60979,39.55755],[2.60997,39.55747],[2.61015,39.55737],[2.61032,39.55727],[2.61048,39.55718],[2.61064,39.55706],[2.6108,39.55695],[2.61096,39.55684],[2.61111,39.55673],[2.61142,39.5565],[2.61189,39.55616],[2.61219,39.55593],[2.6125,39.5557],[2.6128,39.55548],[2.61312,39.55524],[2.61327,39.55513],[2.61358,39.5549],[2.61389,39.55467]]}},{"type":"Feature","properties":{"name":"","kind":"road","road":"pedestrian","osm":32727518},"geometry":{"type":"LineString","coordinates":[[2.65231,39.57135],[2.65234,39.57138]]}},{"type":"Feature","properties":{"name":"Plaça del Marquès del Palmer","kind":"road","road":"pedestrian","osm":32727615},"geometry":{"type":"LineString","coordinates":[[2.65131,39.57125],[2.65127,39.57124],[2.65131,39.57119],[2.65131,39.57118],[2.65132,39.57117],[2.65133,39.57115],[2.65136,39.5711],[2.65139,39.57106],[2.65139,39.57105],[2.65139,39.57104],[2.65139,39.57098],[2.65135,39.57097],[2.65137,39.57096],[2.6514,39.57095],[2.65134,39.57088],[2.65129,39.57082],[2.65124,39.5708],[2.65131,39.57077],[2.65136,39.57078],[2.65145,39.57078],[2.65146,39.57083],[2.65145,39.57083],[2.65147,39.5709],[2.6515,39.57094],[2.65151,39.57094],[2.65153,39.57097],[2.65158,39.57103],[2.65168,39.57115],[2.65166,39.57116],[2.65165,39.57116],[2.65162,39.57113],[2.65156,39.57116],[2.65138,39.57125],[2.65131,39.57125]]}},{"type":"Feature","properties":{"name":"Carrer de l'Argenteria","kind":"road","road":"pedestrian","osm":32728016},"geometry":{"type":"LineString","coordinates":[[2.65126,39.56988],[2.65136,39.57015],[2.65146,39.57041],[2.65149,39.57051],[2.65155,39.57078]]}},{"type":"Feature","properties":{"name":"Plaça d'en Coll","kind":"road","road":"pedestrian","osm":32728059},"geometry":{"type":"LineString","coordinates":[[2.65216,39.57059],[2.6521,39.5705],[2.65208,39.57046],[2.65201,39.57036],[2.65199,39.57033],[2.65191,39.57037],[2.65178,39.57044],[2.65202,39.57069],[2.65214,39.57063],[2.65218,39.57061],[2.65216,39.57059]]}},{"type":"Feature","properties":{"name":"Avinguda de Gabriel Roca","kind":"road","road":"trunk","osm":32728571},"geometry":{"type":"LineString","coordinates":[[2.64011,39.56948],[2.6399,39.56947],[2.63978,39.56946],[2.63966,39.56945],[2.63964,39.56945],[2.6396,39.56944]]}},{"type":"Feature","properties":{"name":"Avinguda de l'Argentina","kind":"road","road":"secondary","osm":32735492},"geometry":{"type":"LineString","coordinates":[[2.64057,39.57305],[2.64053,39.57296],[2.64048,39.57286],[2.64037,39.57258]]}},{"type":"Feature","properties":{"name":"Carrer de Teodor Llorente","kind":"road","road":"tertiary","osm":32735524},"geometry":{"type":"LineString","coordinates":[[2.64037,39.57258],[2.64153,39.57231]]}},{"type":"Feature","properties":{"name":"Carrer del Comte de Barcelona","kind":"road","road":"tertiary","osm":32735538},"geometry":{"type":"LineString","coordinates":[[2.63679,39.57233],[2.63691,39.5724],[2.63737,39.57267],[2.63741,39.5727],[2.63776,39.5729],[2.63803,39.57306],[2.63813,39.57312]]}},{"type":"Feature","properties":{"name":"Plaça de la Feixina","kind":"road","road":"secondary","osm":32735571},"geometry":{"type":"LineString","coordinates":[[2.64018,39.57161],[2.64029,39.57169],[2.64047,39.57172],[2.64055,39.57171],[2.64065,39.57168],[2.64113,39.57158],[2.6412,39.57157],[2.64126,39.57157],[2.6413,39.57157],[2.64134,39.57159],[2.64138,39.57163],[2.64139,39.57167]]}},{"type":"Feature","properties":{"name":"Avinguda d'Antoni Maura","kind":"road","road":"tertiary","osm":32735685},"geometry":{"type":"LineString","coordinates":[[2.64642,39.56862],[2.6464,39.5686],[2.64604,39.56795],[2.64569,39.56734]]}},{"type":"Feature","properties":{"name":"Pont de la Policia Nacional","kind":"road","road":"pedestrian","osm":32766683},"geometry":{"type":"LineString","coordinates":[[2.64346,39.57439],[2.64364,39.57438]]}},{"type":"Feature","properties":{"name":"Pont de la Policia Nacional","kind":"road","road":"pedestrian","osm":32766692},"geometry":{"type":"LineString","coordinates":[[2.64394,39.57432],[2.64412,39.57424]]}},{"type":"Feature","properties":{"name":"Pont de la Policia Nacional","kind":"road","road":"pedestrian","osm":32766694},"geometry":{"type":"LineString","coordinates":[[2.64364,39.57438],[2.64394,39.57432]]}},{"type":"Feature","properties":{"name":"Carrer de Son Armadans","kind":"road","road":"tertiary","osm":32899497},"geometry":{"type":"LineString","coordinates":[[2.62542,39.57131],[2.6253,39.56959],[2.62528,39.56942],[2.62524,39.5686],[2.62521,39.56788],[2.62517,39.56706]]}},{"type":"Feature","properties":{"name":"Carrer de Manacor","kind":"road","road":"secondary","osm":33169288},"geometry":{"type":"LineString","coordinates":[[2.6566,39.57137],[2.65679,39.57134]]}},{"type":"Feature","properties":{"name":"Carrer Dels Guixers","kind":"road","road":"pedestrian","osm":33204328},"geometry":{"type":"LineString","coordinates":[[2.64796,39.57091],[2.64864,39.57125]]}},{"type":"Feature","properties":{"name":"Carrer de Santa Bàrbara","kind":"road","road":"pedestrian","osm":33204374},"geometry":{"type":"LineString","coordinates":[[2.64939,39.57019],[2.64961,39.57039]]}},{"type":"Feature","properties":{"name":"Carrer de Can Poderós","kind":"road","road":"pedestrian","osm":33204395},"geometry":{"type":"LineString","coordinates":[[2.64953,39.57044],[2.6494,39.57054]]}},{"type":"Feature","properties":{"name":"Carrer de Pere Fraga","kind":"road","road":"pedestrian","osm":33205430},"geometry":{"type":"LineString","coordinates":[[2.64332,39.57318],[2.64308,39.57344]]}},{"type":"Feature","properties":{"name":"Carrer Jaume Duràn","kind":"road","road":"pedestrian","osm":33205455},"geometry":{"type":"LineString","coordinates":[[2.64358,39.57332],[2.64334,39.57359]]}},{"type":"Feature","properties":{"name":"Carrer de la Misericòrdia","kind":"road","road":"pedestrian","osm":33205488},"geometry":{"type":"LineString","coordinates":[[2.64616,39.57487],[2.64592,39.57499]]}},{"type":"Feature","properties":{"name":"","kind":"road","road":"pedestrian","osm":33205644},"geometry":{"type":"LineString","coordinates":[[2.64469,39.57463],[2.64427,39.57469]]}},{"type":"Feature","properties":{"name":"","kind":"road","road":"pedestrian","osm":33205677},"geometry":{"type":"LineString","coordinates":[[2.64462,39.57437],[2.6442,39.57449]]}},{"type":"Feature","properties":{"name":"","kind":"road","road":"pedestrian","osm":33205710},"geometry":{"type":"LineString","coordinates":[[2.64452,39.57411],[2.64412,39.57424]]}},{"type":"Feature","properties":{"name":"carrer de Velázquez","kind":"road","road":"pedestrian","osm":33209802},"geometry":{"type":"LineString","coordinates":[[2.65418,39.57367],[2.65446,39.57329],[2.6545,39.57324],[2.65457,39.57314],[2.65478,39.57285],[2.65495,39.57259],[2.6552,39.57267],[2.65529,39.57271],[2.65534,39.57273]]}},{"type":"Feature","properties":{"name":"Carrer de Federico García Lorca","kind":"road","road":"tertiary","osm":33212353},"geometry":{"type":"LineString","coordinates":[[2.6271,39.56515],[2.62725,39.56522],[2.62736,39.5653],[2.62759,39.56547],[2.6277,39.56557],[2.62774,39.56562],[2.62778,39.56567],[2.62785,39.56578],[2.62791,39.56589],[2.62819,39.56661],[2.62824,39.5667],[2.62851,39.56717],[2.62862,39.56736],[2.6287,39.56746],[2.62878,39.56754],[2.62884,39.56761],[2.62885,39.56764],[2.62885,39.56767]]}},{"type":"Feature","properties":{"name":"Plaça de Francesc Rosselló, pintor","kind":"road","road":"tertiary","osm":33212403},"geometry":{"type":"LineString","coordinates":[[2.62633,39.56491],[2.62636,39.56495],[2.62639,39.56498],[2.62644,39.56502],[2.62647,39.56503],[2.62679,39.56507],[2.62699,39.56511],[2.6271,39.56515]]}},{"type":"Feature","properties":{"name":"Plaça de Francesc Rosselló, pintor","kind":"road","road":"tertiary","osm":33212663},"geometry":{"type":"LineString","coordinates":[[2.6266,39.5656],[2.6266,39.56548],[2.62661,39.56545],[2.62663,39.56542],[2.6271,39.56515]]}},{"type":"Feature","properties":{"name":"Plaça de l'Ecònom Parera","kind":"road","road":"pedestrian","osm":33213141},"geometry":{"type":"LineString","coordinates":[[2.62531,39.5602],[2.62555,39.56018],[2.62553,39.56005],[2.62551,39.56001],[2.62537,39.55996],[2.62523,39.55994],[2.62531,39.5602]]}},{"type":"Feature","properties":{"name":"Plaça de Francesc Rosselló, pintor","kind":"park","road":"","osm":33213195},"geometry":{"type":"Polygon","coordinates":[[[2.62661,39.56545],[2.62663,39.56542],[2.6271,39.56515],[2.62699,39.56511],[2.62679,39.56507],[2.62647,39.56503],[2.62646,39.56507],[2.62661,39.56545]]]}},{"type":"Feature","properties":{"name":"Plaça de l'Olivar","kind":"road","road":"pedestrian","osm":33516118},"geometry":{"type":"LineString","coordinates":[[2.65268,39.57373],[2.65281,39.57371],[2.65293,39.57376],[2.65292,39.57377],[2.65327,39.57392],[2.65324,39.57396],[2.65329,39.57397],[2.65316,39.57416],[2.65315,39.57416],[2.65317,39.57417],[2.65318,39.57417],[2.6532,39.57418],[2.65315,39.57425],[2.65317,39.57426],[2.65314,39.5743],[2.65311,39.57434],[2.65303,39.57428],[2.65273,39.57401],[2.6527,39.57403],[2.65267,39.57409],[2.65264,39.57407],[2.65249,39.57401],[2.65238,39.57396],[2.65219,39.57396],[2.65212,39.57394],[2.65212,39.57386],[2.65212,39.57377],[2.65222,39.57376],[2.65248,39.57374],[2.65258,39.57368],[2.65268,39.57373]]}},{"type":"Feature","properties":{"name":"Plaça de la Mare de Déu de la Salut","kind":"road","road":"pedestrian","osm":33516204},"geometry":{"type":"LineString","coordinates":[[2.65243,39.57295],[2.65251,39.57297],[2.65258,39.57298],[2.65261,39.57284],[2.65259,39.57283],[2.65253,39.57282],[2.65211,39.57291],[2.65211,39.57309],[2.65242,39.57295],[2.65243,39.57295]]}},{"type":"Feature","properties":{"name":"Costa de la Pols","kind":"road","road":"pedestrian","osm":33516205},"geometry":{"type":"LineString","coordinates":[[2.65211,39.57309],[2.65188,39.57306],[2.65165,39.57301],[2.65155,39.57291],[2.65155,39.57283],[2.65094,39.57245],[2.65089,39.57241],[2.65087,39.5724]]}},{"type":"Feature","properties":{"name":"Carrer de Can Carrió","kind":"road","road":"pedestrian","osm":33516302},"geometry":{"type":"LineString","coordinates":[[2.65202,39.57198],[2.65181,39.57205],[2.65161,39.57212],[2.65159,39.57215],[2.65147,39.57219]]}},{"type":"Feature","properties":{"name":"","kind":"road","road":"pedestrian","osm":33516382},"geometry":{"type":"LineString","coordinates":[[2.65139,39.57171],[2.65123,39.57187]]}},{"type":"Feature","properties":{"name":"","kind":"road","road":"pedestrian","osm":33516396},"geometry":{"type":"LineString","coordinates":[[2.65125,39.57202],[2.65126,39.57201],[2.65134,39.57194],[2.65132,39.57192],[2.65123,39.57187],[2.65116,39.57183],[2.65116,39.57182],[2.65115,39.57182],[2.65114,39.57182],[2.65105,39.5719],[2.65115,39.57196],[2.65123,39.57201],[2.65125,39.57202]]}},{"type":"Feature","properties":{"name":"Carrer de Camilo José Cela","kind":"road","road":"tertiary","osm":33630255},"geometry":{"type":"LineString","coordinates":[[2.62517,39.56706],[2.62672,39.56701],[2.62711,39.567]]}},{"type":"Feature","properties":{"name":"Carrer de Santa Catalina de Sena","kind":"road","road":"pedestrian","osm":33845051},"geometry":{"type":"LineString","coordinates":[[2.65264,39.57489],[2.65302,39.57486],[2.65304,39.57479],[2.653,39.57475]]}},{"type":"Feature","properties":{"name":"Plaça del Comptat del Rosselló","kind":"road","road":"pedestrian","osm":33845073},"geometry":{"type":"LineString","coordinates":[[2.65455,39.57414],[2.65475,39.57392],[2.65471,39.5739],[2.65421,39.57369],[2.6541,39.57385],[2.65416,39.57388],[2.65439,39.57398],[2.65436,39.57402],[2.65413,39.57393],[2.65407,39.5739],[2.65385,39.5742],[2.65388,39.57422],[2.65421,39.57441],[2.65426,39.57444],[2.65428,39.57445],[2.65435,39.57438],[2.65437,39.57435],[2.65436,39.57434],[2.65435,39.57431],[2.65432,39.57426],[2.65424,39.57422],[2.6543,39.57419],[2.65453,39.57415],[2.65455,39.57414]]}},{"type":"Feature","properties":{"name":"Passatge Eduardo Bonnin","kind":"road","road":"pedestrian","osm":33845267},"geometry":{"type":"LineString","coordinates":[[2.65326,39.57458],[2.65339,39.57449],[2.65356,39.57428],[2.65369,39.57423],[2.65385,39.57417]]}},{"type":"Feature","properties":{"name":"carrer de Joan XXIII","kind":"road","road":"pedestrian","osm":33845318},"geometry":{"type":"LineString","coordinates":[[2.65268,39.57442],[2.65259,39.57441]]}},{"type":"Feature","properties":{"name":"Carrer de Ca'n Petit","kind":"road","road":"pedestrian","osm":33845385},"geometry":{"type":"LineString","coordinates":[[2.65346,39.57228],[2.6538,39.57258]]}},{"type":"Feature","properties":{"name":"Carrer dels Frares","kind":"road","road":"pedestrian","osm":33845386},"geometry":{"type":"LineString","coordinates":[[2.65426,39.57259],[2.65451,39.57233],[2.65496,39.57193]]}},{"type":"Feature","properties":{"name":"Carrer de Can Espanya","kind":"road","road":"pedestrian","osm":33845398},"geometry":{"type":"LineString","coordinates":[[2.65308,39.57162],[2.65317,39.57154],[2.65298,39.57144],[2.65319,39.57119]]}},{"type":"Feature","properties":{"name":"carrer del Banc de l'Oli","kind":"road","road":"pedestrian","osm":33845399},"geometry":{"type":"LineString","coordinates":[[2.65268,39.57151],[2.6527,39.57148],[2.65274,39.57145],[2.65303,39.57114]]}},{"type":"Feature","properties":{"name":"Carrer de Can Tamorer","kind":"road","road":"pedestrian","osm":33845410},"geometry":{"type":"LineString","coordinates":[[2.65256,39.57168],[2.65242,39.57177],[2.65225,39.57184],[2.65213,39.5719],[2.652,39.57193]]}},{"type":"Feature","properties":{"name":"Carrer de Can Gater","kind":"road","road":"pedestrian","osm":33845457},"geometry":{"type":"LineString","coordinates":[[2.65294,39.57201],[2.65263,39.57212],[2.65244,39.5722],[2.65224,39.57224],[2.65208,39.57226]]}},{"type":"Feature","properties":{"name":"Carrer de la Quartereta","kind":"road","road":"pedestrian","osm":33845472},"geometry":{"type":"LineString","coordinates":[[2.65381,39.57193],[2.65428,39.5722]]}},{"type":"Feature","properties":{"name":"Plaça de la Mercè","kind":"road","road":"pedestrian","osm":33845483},"geometry":{"type":"LineString","coordinates":[[2.65401,39.57267],[2.65407,39.57259],[2.65406,39.57258],[2.65409,39.57255],[2.65416,39.57251],[2.65403,39.5724],[2.65385,39.57254],[2.65388,39.57257],[2.65397,39.57264],[2.65401,39.57267]]}},{"type":"Feature","properties":{"name":"Carrer de Francesc Vidal Sureda","kind":"road","road":"tertiary","osm":34176488},"geometry":{"type":"LineString","coordinates":[[2.60671,39.56073],[2.60694,39.56064],[2.60735,39.56058],[2.6079,39.5605],[2.60806,39.56047],[2.60811,39.56046],[2.60884,39.56026],[2.60919,39.56017],[2.60957,39.56003],[2.60988,39.55987],[2.61015,39.55971],[2.61025,39.55964],[2.61083,39.55923],[2.6114,39.55885],[2.61187,39.55861],[2.61288,39.55804],[2.61318,39.55801],[2.61474,39.55799],[2.61496,39.558],[2.61524,39.55798],[2.61544,39.55795],[2.61605,39.55785],[2.61617,39.55783],[2.61674,39.55735],[2.61727,39.55695],[2.6175,39.55676],[2.61797,39.55636],[2.61882,39.5557],[2.61901,39.55563]]}},{"type":"Feature","properties":{"name":"Avinguda de Jaume III","kind":"road","road":"tertiary","osm":34237044},"geometry":{"type":"LineString","coordinates":[[2.64175,39.5726],[2.64167,39.57261],[2.64161,39.57262]]}},{"type":"Feature","properties":{"name":"Passeig des Born","kind":"road","road":"pedestrian","osm":41126084},"geometry":{"type":"LineString","coordinates":[[2.64738,39.57136],[2.64746,39.57146]]}},{"type":"Feature","properties":{"name":"","kind":"road","road":"motorway","osm":43995722},"geometry":{"type":"LineString","coordinates":[[2.6153,39.55375],[2.61522,39.55383],[2.61508,39.55395],[2.61495,39.55406],[2.61482,39.55417],[2.61468,39.55428],[2.61454,39.55438],[2.6144,39.5545],[2.61398,39.55481],[2.61313,39.55543],[2.61285,39.55564],[2.61256,39.55585],[2.61228,39.55606],[2.61185,39.55638],[2.61158,39.55658],[2.61129,39.5568],[2.61087,39.5571],[2.61057,39.5573],[2.61042,39.55739],[2.61026,39.55748],[2.6101,39.55757],[2.60993,39.55765],[2.60977,39.55772],[2.6096,39.55779],[2.60942,39.55786],[2.60924,39.55792],[2.60906,39.55798],[2.60888,39.55803],[2.60869,39.55807],[2.6085,39.55811],[2.60831,39.55814]]}},{"type":"Feature","properties":{"name":"carrer del Pa","kind":"road","road":"pedestrian","osm":52245429},"geometry":{"type":"LineString","coordinates":[[2.65097,39.56942],[2.6508,39.56949]]}},{"type":"Feature","properties":{"name":"Carrer de l'Hostal de Santanyí","kind":"road","road":"pedestrian","osm":53574335},"geometry":{"type":"LineString","coordinates":[[2.65491,39.57114],[2.65526,39.57094],[2.6553,39.57093],[2.65541,39.57086],[2.65546,39.57085],[2.65547,39.57084],[2.65559,39.57084],[2.65593,39.57089]]}},{"type":"Feature","properties":{"name":"Carrer del Forn del Vidre Vell","kind":"road","road":"pedestrian","osm":53574339},"geometry":{"type":"LineString","coordinates":[[2.65515,39.57145],[2.65532,39.57137],[2.65553,39.57114]]}},{"type":"Feature","properties":{"name":"Carrer de la Justícia","kind":"road","road":"pedestrian","osm":53574340},"geometry":{"type":"LineString","coordinates":[[2.65477,39.57184],[2.65521,39.57154]]}},{"type":"Feature","properties":{"name":"Carrer del Miracle","kind":"road","road":"pedestrian","osm":53575632},"geometry":{"type":"LineString","coordinates":[[2.65221,39.57085],[2.65255,39.57054]]}},{"type":"Feature","properties":{"name":"Carrer de Can Arboç","kind":"road","road":"pedestrian","osm":53575635},"geometry":{"type":"LineString","coordinates":[[2.65312,39.5708],[2.65326,39.57056]]}},{"type":"Feature","properties":{"name":"Carrer de Sant Andreu","kind":"road","road":"pedestrian","osm":53575637},"geometry":{"type":"LineString","coordinates":[[2.65413,39.57151],[2.65441,39.57118]]}},{"type":"Feature","properties":{"name":"Carrer de la Llotgeta","kind":"road","road":"pedestrian","osm":53575773},"geometry":{"type":"LineString","coordinates":[[2.65337,39.57125],[2.65358,39.57101]]}},{"type":"Feature","properties":{"name":"Carrer Gavarrera","kind":"road","road":"pedestrian","osm":53576706},"geometry":{"type":"LineString","coordinates":[[2.64706,39.5729],[2.64716,39.57281],[2.64761,39.57262]]}},{"type":"Feature","properties":{"name":"carrer de Ca'n Cifre","kind":"road","road":"pedestrian","osm":53577017},"geometry":{"type":"LineString","coordinates":[[2.64609,39.57103],[2.64673,39.57104]]}},{"type":"Feature","properties":{"name":"Carrer de les Corralasses","kind":"road","road":"pedestrian","osm":53577026},"geometry":{"type":"LineString","coordinates":[[2.6427,39.57026],[2.6428,39.57012],[2.64279,39.56991],[2.64279,39.56979],[2.64276,39.56976],[2.64244,39.56968],[2.64224,39.56965]]}},{"type":"Feature","properties":{"name":"Carrer d'Orfila","kind":"road","road":"pedestrian","osm":54937339},"geometry":{"type":"LineString","coordinates":[[2.64887,39.571],[2.64865,39.57078],[2.64836,39.57055]]}},{"type":"Feature","properties":{"name":"Pas d'en Quint","kind":"road","road":"pedestrian","osm":54937340},"geometry":{"type":"LineString","coordinates":[[2.64909,39.5704],[2.64893,39.57027],[2.64889,39.57022],[2.64883,39.57016],[2.64907,39.57],[2.64911,39.56998]]}},{"type":"Feature","properties":{"name":"Carrer de Sant Nicolau","kind":"road","road":"pedestrian","osm":55501347},"geometry":{"type":"LineString","coordinates":[[2.64889,39.57022],[2.64839,39.57053],[2.64836,39.57055],[2.64821,39.57063],[2.64817,39.57066],[2.64782,39.57081]]}},{"type":"Feature","properties":{"name":"Carrer de Joan Maragall","kind":"road","road":"tertiary","osm":55509679},"geometry":{"type":"LineString","coordinates":[[2.65658,39.5661],[2.65662,39.56604],[2.65664,39.56602],[2.65665,39.56601],[2.65667,39.566],[2.65671,39.566],[2.65679,39.56598]]}},{"type":"Feature","properties":{"name":"","kind":"road","road":"pedestrian","osm":55611006},"geometry":{"type":"LineString","coordinates":[[2.63558,39.5705],[2.63556,39.57045],[2.63555,39.57038],[2.63555,39.57035],[2.63568,39.57032]]}},{"type":"Feature","properties":{"name":"Carrer de Monsenyor Palmer","kind":"road","road":"tertiary","osm":55694219},"geometry":{"type":"LineString","coordinates":[[2.63357,39.57013],[2.63352,39.57041]]}},{"type":"Feature","properties":{"name":"Plaça del Pont","kind":"road","road":"tertiary","osm":55694220},"geometry":{"type":"LineString","coordinates":[[2.63357,39.57013],[2.63351,39.5702],[2.63344,39.57023],[2.63329,39.57028]]}},{"type":"Feature","properties":{"name":"Pasaje Galerias Jaime III","kind":"road","road":"pedestrian","osm":55762168},"geometry":{"type":"LineString","coordinates":[[2.64234,39.57282],[2.64293,39.57275],[2.643,39.57272],[2.64305,39.5727]]}},{"type":"Feature","properties":{"name":"Carrer de la Reixa","kind":"road","road":"pedestrian","osm":55762176},"geometry":{"type":"LineString","coordinates":[[2.64962,39.57007],[2.6496,39.57005],[2.64971,39.57]]}},{"type":"Feature","properties":{"name":"Carrer de Ca'n Pisà","kind":"road","road":"pedestrian","osm":55762177},"geometry":{"type":"LineString","coordinates":[[2.64905,39.56961],[2.64908,39.56967],[2.64916,39.56975],[2.64916,39.56976],[2.64915,39.56978],[2.64899,39.56989],[2.64899,39.5699],[2.64907,39.57]]}},{"type":"Feature","properties":{"name":"Carrer de La Previsió","kind":"road","road":"pedestrian","osm":55762178},"geometry":{"type":"LineString","coordinates":[[2.65062,39.56992],[2.65066,39.56989],[2.65096,39.56972]]}},{"type":"Feature","properties":{"name":"","kind":"road","road":"pedestrian","osm":55762181},"geometry":{"type":"LineString","coordinates":[[2.65234,39.57111],[2.65219,39.57117]]}},{"type":"Feature","properties":{"name":"Carrer del Capità Maura","kind":"road","road":"pedestrian","osm":55762182},"geometry":{"type":"LineString","coordinates":[[2.65073,39.5705],[2.65095,39.57032]]}},{"type":"Feature","properties":{"name":"Carrer de n'Enric","kind":"road","road":"pedestrian","osm":55762183},"geometry":{"type":"LineString","coordinates":[[2.65083,39.57055],[2.65099,39.57042],[2.65101,39.5704]]}},{"type":"Feature","properties":{"name":"","kind":"road","road":"pedestrian","osm":55762186},"geometry":{"type":"LineString","coordinates":[[2.65089,39.57241],[2.65116,39.57214]]}},{"type":"Feature","properties":{"name":"Plaça de la Porta Pintada","kind":"road","road":"pedestrian","osm":55762189},"geometry":{"type":"LineString","coordinates":[[2.65269,39.57517],[2.65286,39.57519],[2.65322,39.57522],[2.65335,39.57523],[2.65336,39.57523],[2.65337,39.57523],[2.65338,39.57522],[2.65307,39.57551],[2.65306,39.57548],[2.65293,39.57543],[2.65268,39.57535],[2.65251,39.5753],[2.65242,39.57529],[2.65234,39.57529],[2.65232,39.57529],[2.65228,39.57528],[2.65227,39.5753],[2.65225,39.57531],[2.65224,39.5752],[2.65228,39.57513],[2.65263,39.5751],[2.65267,39.57517],[2.65269,39.57517]]}},{"type":"Feature","properties":{"name":"Passeig de La Rambla","kind":"park","road":"","osm":67487547},"geometry":{"type":"Polygon","coordinates":[[[2.64816,39.57475],[2.64823,39.57481],[2.64824,39.57482],[2.6483,39.57487],[2.64893,39.57427],[2.64931,39.57389],[2.64962,39.57359],[2.65018,39.57305],[2.65036,39.57287],[2.6507,39.57255],[2.65071,39.57253],[2.65072,39.57252],[2.65073,39.57251],[2.65073,39.57249],[2.65073,39.57248],[2.65073,39.57246],[2.65072,39.57245],[2.65071,39.57244],[2.65069,39.57243],[2.65068,39.57242],[2.65066,39.57242],[2.65064,39.57242],[2.65062,39.57242],[2.6506,39.57242],[2.65059,39.57243],[2.65056,39.57246],[2.65006,39.57292],[2.65005,39.57294],[2.64945,39.5735],[2.64827,39.57465],[2.64816,39.57475]]]}},{"type":"Feature","properties":{"name":"Carrer de Bernat d'Enveig","kind":"road","road":"pedestrian","osm":67487548},"geometry":{"type":"LineString","coordinates":[[2.64304,39.57268],[2.64297,39.57254],[2.64293,39.57246]]}},{"type":"Feature","properties":{"name":"Pasaje Galerias Jaime III","kind":"road","road":"pedestrian","osm":67487549},"geometry":{"type":"LineString","coordinates":[[2.64304,39.57268],[2.64375,39.57248],[2.64387,39.57244]]}},{"type":"Feature","properties":{"name":"","kind":"road","road":"pedestrian","osm":67487551},"geometry":{"type":"LineString","coordinates":[[2.64922,39.57371],[2.64918,39.57367],[2.64909,39.57355],[2.64909,39.57354],[2.64933,39.57345],[2.64942,39.57352],[2.64926,39.57367],[2.64922,39.57371]]}},{"type":"Feature","properties":{"name":"","kind":"road","road":"pedestrian","osm":67487552},"geometry":{"type":"LineString","coordinates":[[2.64304,39.57268],[2.64297,39.57254],[2.6434,39.57248],[2.64374,39.57243],[2.64375,39.57248],[2.64304,39.57268]]}},{"type":"Feature","properties":{"name":"","kind":"road","road":"pedestrian","osm":68415672},"geometry":{"type":"LineString","coordinates":[[2.64624,39.57003],[2.64643,39.56996],[2.64669,39.57096],[2.64664,39.57091],[2.6465,39.57059],[2.64633,39.5702],[2.64624,39.57003]]}},{"type":"Feature","properties":{"name":"Jardins de la Misericòrdia","kind":"park","road":"","osm":68536044},"geometry":{"type":"Polygon","coordinates":[[[2.64675,39.57516],[2.64742,39.57524],[2.64752,39.57525],[2.64774,39.57506],[2.64796,39.57486],[2.64797,39.57483],[2.64797,39.5748],[2.64784,39.5746],[2.6477,39.5744],[2.64757,39.5742],[2.64746,39.57401],[2.64738,39.57388],[2.64734,39.57381],[2.6473,39.57376],[2.64727,39.57372],[2.64724,39.57372],[2.64718,39.57373],[2.64711,39.5738],[2.6471,39.57382],[2.6471,39.57385],[2.64733,39.57414],[2.64726,39.5742],[2.64778,39.57459],[2.64778,39.57465],[2.64675,39.57516]]]}},{"type":"Feature","properties":{"name":"","kind":"road","road":"pedestrian","osm":68542956},"geometry":{"type":"LineString","coordinates":[[2.64722,39.5758],[2.64723,39.5758],[2.64731,39.57582],[2.64734,39.57583],[2.64735,39.57582],[2.64746,39.57577],[2.64761,39.57562],[2.64764,39.57559],[2.64782,39.57542],[2.64784,39.57542],[2.64783,39.57541],[2.64783,39.5754],[2.64784,39.5754],[2.64786,39.57539],[2.64787,39.57539],[2.64789,39.57539],[2.64789,39.5754],[2.6479,39.5754],[2.64792,39.57542],[2.64795,39.57537],[2.64795,39.57536],[2.64795,39.57528],[2.64798,39.57528],[2.64798,39.57523],[2.64803,39.5751],[2.64807,39.5751],[2.64802,39.57524],[2.64803,39.57531],[2.64803,39.57532],[2.64804,39.57533],[2.64819,39.57498],[2.64821,39.57492],[2.64817,39.57487],[2.64813,39.57481],[2.64807,39.57488],[2.64763,39.57536],[2.64733,39.57568],[2.64722,39.5758]]}},{"type":"Feature","properties":{"name":"Plaça del Cavall encabritat","kind":"park","road":"","osm":71532392},"geometry":{"type":"Polygon","coordinates":[[[2.65719,39.57122],[2.6579,39.57104],[2.65808,39.5713],[2.65719,39.5713],[2.65719,39.57122]]]}},{"type":"Feature","properties":{"name":"Carrer dels Foners","kind":"road","road":"tertiary","osm":71532394},"geometry":{"type":"LineString","coordinates":[[2.65798,39.57106],[2.65804,39.57105],[2.65855,39.57091],[2.65898,39.57079],[2.65993,39.57016],[2.66068,39.56964],[2.66161,39.56881],[2.6624,39.5681],[2.66268,39.56755],[2.663,39.56691],[2.66329,39.56649],[2.66343,39.56636]]}},{"type":"Feature","properties":{"name":"Passeig de Sagrera","kind":"road","road":"pedestrian","osm":72852604},"geometry":{"type":"LineString","coordinates":[[2.64528,39.56727],[2.64433,39.56789],[2.64394,39.56815],[2.64325,39.5686]]}},{"type":"Feature","properties":{"name":"","kind":"road","road":"pedestrian","osm":73011240},"geometry":{"type":"LineString","coordinates":[[2.65426,39.56536],[2.6546,39.56536],[2.65477,39.56536]]}},{"type":"Feature","properties":{"name":"Plaça de la Porta del Camp","kind":"park","road":"","osm":73019985},"geometry":{"type":"Polygon","coordinates":[[[2.65592,39.56689],[2.65661,39.56683],[2.65652,39.56624],[2.65583,39.56631],[2.65592,39.56689]]]}},{"type":"Feature","properties":{"name":"Jardins del palau March","kind":"park","road":"","osm":73039792},"geometry":{"type":"Polygon","coordinates":[[[2.6474,39.56855],[2.64786,39.56832],[2.64812,39.56877],[2.64791,39.56871],[2.64767,39.56863],[2.6474,39.56855]]]}},{"type":"Feature","properties":{"name":"plaça del Mercat","kind":"park","road":"","osm":73043456},"geometry":{"type":"Polygon","coordinates":[[[2.64865,39.57148],[2.64864,39.57125],[2.64867,39.57113],[2.64887,39.571],[2.64911,39.5712],[2.64921,39.57128],[2.64951,39.57136],[2.64951,39.57139],[2.64953,39.57146],[2.64953,39.57149],[2.64865,39.57148]]]}},{"type":"Feature","properties":{"name":"Plaça d'en Weyler","kind":"road","road":"pedestrian","osm":73043461},"geometry":{"type":"LineString","coordinates":[[2.64973,39.57173],[2.64973,39.57175],[2.64977,39.57175],[2.64987,39.57175],[2.64989,39.57175],[2.64992,39.57176],[2.64993,39.5717],[2.64994,39.57165],[2.64999,39.57165],[2.65008,39.57166],[2.65018,39.57166],[2.65018,39.57167],[2.65024,39.57166],[2.65029,39.57166],[2.65035,39.57166],[2.65042,39.57166],[2.65043,39.57165],[2.65043,39.57161],[2.64992,39.57158],[2.64977,39.57157],[2.64973,39.5716],[2.64972,39.57171],[2.64973,39.57173]]}},{"type":"Feature","properties":{"name":"pont d'en Moranta","kind":"road","road":"tertiary","osm":85728911},"geometry":{"type":"LineString","coordinates":[[2.64206,39.57257],[2.64175,39.5726]]}},{"type":"Feature","properties":{"name":"plaça del Sitjar","kind":"road","road":"pedestrian","osm":88505863},"geometry":{"type":"LineString","coordinates":[[2.64575,39.57507],[2.64577,39.57501],[2.6458,39.57494],[2.64582,39.57488],[2.64562,39.57487],[2.64554,39.57486],[2.64558,39.57494],[2.64562,39.57498],[2.64566,39.57502],[2.64575,39.57507]]}},{"type":"Feature","properties":{"name":"","kind":"road","road":"pedestrian","osm":89068144},"geometry":{"type":"LineString","coordinates":[[2.64249,39.56991],[2.64263,39.56991],[2.64279,39.56991]]}},{"type":"Feature","properties":{"name":"Carrer de la Midonera","kind":"road","road":"pedestrian","osm":89068150},"geometry":{"type":"LineString","coordinates":[[2.64247,39.57017],[2.64251,39.57006],[2.64249,39.56991],[2.64246,39.56977],[2.64244,39.56968]]}},{"type":"Feature","properties":{"name":"Carrer dels Moliners","kind":"road","road":"pedestrian","osm":91487958},"geometry":{"type":"LineString","coordinates":[[2.65328,39.57242],[2.6529,39.57255],[2.65253,39.57263],[2.65212,39.57268]]}},{"type":"Feature","properties":{"name":"Plaça de Ca'n Tagamanent","kind":"road","road":"pedestrian","osm":91487968},"geometry":{"type":"LineString","coordinates":[[2.64998,39.5707],[2.65018,39.57065],[2.6501,39.57053],[2.64995,39.57059],[2.64997,39.57065],[2.64998,39.5707]]}},{"type":"Feature","properties":{"name":"Plaça de Quadrado","kind":"park","road":"","osm":91487979},"geometry":{"type":"Polygon","coordinates":[[[2.65318,39.56936],[2.65367,39.56957],[2.65391,39.56967],[2.65406,39.56968],[2.65416,39.56965],[2.65424,39.56952],[2.65431,39.56949],[2.65369,39.56921],[2.65362,39.56923],[2.65346,39.56934],[2.65327,39.56926],[2.65318,39.56936]]]}},{"type":"Feature","properties":{"name":"Carrer Estret de Sant Nicolau","kind":"road","road":"pedestrian","osm":91487981},"geometry":{"type":"LineString","coordinates":[[2.64817,39.57066],[2.64856,39.57104],[2.64867,39.57113]]}},{"type":"Feature","properties":{"name":"Carrer de Can Poderós","kind":"road","road":"pedestrian","osm":91487985},"geometry":{"type":"LineString","coordinates":[[2.6499,39.57025],[2.64961,39.57039]]}},{"type":"Feature","properties":{"name":"Plaça de Llorenç Villalonga","kind":"park","road":"","osm":91487991},"geometry":{"type":"Polygon","coordinates":[[[2.65329,39.56572],[2.6531,39.56567],[2.65298,39.56558],[2.65295,39.56547],[2.65285,39.56538],[2.6529,39.56536],[2.65426,39.56536],[2.65427,39.56547],[2.65343,39.56569],[2.65329,39.56572]]]}},{"type":"Feature","properties":{"name":"Plaça del Pes de la Palla","kind":"road","road":"pedestrian","osm":91487995},"geometry":{"type":"LineString","coordinates":[[2.65476,39.56838],[2.6549,39.56827],[2.65478,39.5682],[2.65465,39.56808],[2.65453,39.56791],[2.65441,39.56793],[2.65458,39.56819],[2.65471,39.5684],[2.65476,39.56838]]}},{"type":"Feature","properties":{"name":"Carrer Impremta","kind":"road","road":"pedestrian","osm":91487996},"geometry":{"type":"LineString","coordinates":[[2.64871,39.5702],[2.64883,39.57016]]}},{"type":"Feature","properties":{"name":"carrer dels Argenters","kind":"road","road":"pedestrian","osm":91487998},"geometry":{"type":"LineString","coordinates":[[2.65149,39.57051],[2.65178,39.57044]]}},{"type":"Feature","properties":{"name":"","kind":"park","road":"","osm":91488000},"geometry":{"type":"Polygon","coordinates":[[[2.65265,39.57169],[2.65271,39.57174],[2.65281,39.57179],[2.65287,39.57176],[2.65287,39.57172],[2.65278,39.57167],[2.65272,39.57164],[2.65266,39.57165],[2.65265,39.57169]]]}},{"type":"Feature","properties":{"name":"Carrer de Port Fangos","kind":"road","road":"pedestrian","osm":91488011},"geometry":{"type":"LineString","coordinates":[[2.64782,39.57081],[2.64782,39.57077],[2.64774,39.57066],[2.64764,39.57056]]}},{"type":"Feature","properties":{"name":"Plaça de l'Artesania","kind":"road","road":"pedestrian","osm":91488018},"geometry":{"type":"LineString","coordinates":[[2.65481,39.56912],[2.65479,39.56913],[2.65446,39.56913],[2.65445,39.56913],[2.65444,39.56907],[2.65443,39.56896],[2.6548,39.56892],[2.65481,39.56912]]}},{"type":"Feature","properties":{"name":"Carrer Ample de la Mercè","kind":"road","road":"pedestrian","osm":91488020},"geometry":{"type":"LineString","coordinates":[[2.65403,39.5724],[2.65428,39.5722],[2.65429,39.57219],[2.65447,39.57202],[2.65471,39.57181]]}},{"type":"Feature","properties":{"name":"Passatge particular de Guillem de Torrella","kind":"road","road":"pedestrian","osm":91640424},"geometry":{"type":"LineString","coordinates":[[2.653,39.57475],[2.65268,39.57442]]}},{"type":"Feature","properties":{"name":"Carrer de Joan XXIII","kind":"road","road":"pedestrian","osm":91870056},"geometry":{"type":"LineString","coordinates":[[2.65259,39.57441],[2.65264,39.57489]]}},{"type":"Feature","properties":{"name":"Passatge particular Joan Despuig","kind":"road","road":"pedestrian","osm":91870057},"geometry":{"type":"LineString","coordinates":[[2.65259,39.57441],[2.65258,39.57435],[2.65238,39.57434]]}},{"type":"Feature","properties":{"name":"Plaça de la Pescateria","kind":"road","road":"pedestrian","osm":91872283},"geometry":{"type":"LineString","coordinates":[[2.6505,39.57002],[2.65053,39.57],[2.65058,39.56996],[2.65062,39.56992],[2.65054,39.56982],[2.65049,39.56986],[2.65033,39.56989],[2.65034,39.5699],[2.65036,39.56992],[2.65039,39.56994],[2.65046,39.56999],[2.65047,39.57],[2.6505,39.57002]]}},{"type":"Feature","properties":{"name":"Plaça d'Alexandre Jaume","kind":"road","road":"pedestrian","osm":93322563},"geometry":{"type":"LineString","coordinates":[[2.65513,39.5726],[2.65522,39.57263],[2.6553,39.57265],[2.6555,39.57225],[2.6555,39.57214],[2.65542,39.57214],[2.65536,39.57218],[2.65528,39.57234],[2.65523,39.57241],[2.65523,39.57242],[2.65521,39.57245],[2.65521,39.57246],[2.65519,39.57249],[2.65513,39.5726]]}},{"type":"Feature","properties":{"name":"","kind":"road","road":"pedestrian","osm":93322567},"geometry":{"type":"LineString","coordinates":[[2.65597,39.57128],[2.65603,39.57128],[2.65603,39.57126],[2.65604,39.5712],[2.65596,39.57119],[2.65595,39.57119],[2.65597,39.57128]]}},{"type":"Feature","properties":{"name":"plaça de Sant Antoni","kind":"road","road":"pedestrian","osm":93322572},"geometry":{"type":"LineString","coordinates":[[2.65539,39.57168],[2.6556,39.5715],[2.65561,39.57151],[2.65565,39.57153],[2.65559,39.57165],[2.6555,39.57179],[2.65544,39.5718],[2.65533,39.57172],[2.65538,39.57169],[2.65539,39.57168]]}},{"type":"Feature","properties":{"name":"Plaça de l'Hospital","kind":"road","road":"pedestrian","osm":103910196},"geometry":{"type":"LineString","coordinates":[[2.64695,39.57407],[2.64694,39.57409],[2.64693,39.57411],[2.64693,39.57413],[2.64694,39.57415],[2.64696,39.57417],[2.64699,39.57418],[2.64702,39.57418],[2.64705,39.57418],[2.64707,39.57417],[2.64709,39.57415],[2.6471,39.57413],[2.6471,39.57411],[2.6471,39.57409],[2.64708,39.57407],[2.64706,39.57405],[2.64703,39.57405],[2.647,39.57405],[2.64698,39.57406],[2.64695,39.57407]]}},{"type":"Feature","properties":{"name":"Jardins de Sant Domènec de la Calçada","kind":"park","road":"","osm":106429377},"geometry":{"type":"Polygon","coordinates":[[[2.63514,39.56905],[2.63528,39.56916],[2.63544,39.56932],[2.63548,39.56941],[2.63546,39.56944],[2.63568,39.56951],[2.63604,39.5696],[2.63622,39.56962],[2.63638,39.5696],[2.63662,39.56956],[2.63676,39.56953],[2.63683,39.5695],[2.63685,39.56945],[2.63685,39.56941],[2.63742,39.56924],[2.63743,39.56918],[2.63678,39.56912],[2.63668,39.56917],[2.63656,39.56915],[2.63574,39.56909],[2.63568,39.56903],[2.63517,39.569],[2.63514,39.56905]]]}},{"type":"Feature","properties":{"name":"Carrer del Sardinal","kind":"road","road":"pedestrian","osm":106429382},"geometry":{"type":"LineString","coordinates":[[2.63754,39.56977],[2.63755,39.56973],[2.63758,39.56938],[2.63758,39.56937]]}},{"type":"Feature","properties":{"name":"","kind":"park","road":"","osm":106430881},"geometry":{"type":"Polygon","coordinates":[[[2.63995,39.56928],[2.63975,39.56908],[2.63986,39.56899],[2.63997,39.56903],[2.64006,39.56903],[2.64033,39.56929],[2.64019,39.5693],[2.63995,39.56928]]]}},{"type":"Feature","properties":{"name":"","kind":"park","road":"","osm":106430884},"geometry":{"type":"Polygon","coordinates":[[[2.6404,39.56921],[2.64014,39.56896],[2.64014,39.56889],[2.64012,39.56884],[2.64025,39.56876],[2.64063,39.56911],[2.6404,39.56921]]]}},{"type":"Feature","properties":{"name":"Avinguda de Picasso","kind":"road","road":"tertiary","osm":108941304},"geometry":{"type":"LineString","coordinates":[[2.62404,39.57389],[2.62453,39.57396],[2.62491,39.57401],[2.62529,39.57412],[2.62561,39.57435],[2.6257,39.57442]]}},{"type":"Feature","properties":{"name":"Avinguda de Picasso","kind":"road","road":"tertiary","osm":108941327},"geometry":{"type":"LineString","coordinates":[[2.62373,39.57375],[2.62385,39.57384],[2.62404,39.57389]]}},{"type":"Feature","properties":{"name":"parc de convivència del Sagrat Cor","kind":"park","road":"","osm":108941339},"geometry":{"type":"Polygon","coordinates":[[[2.62653,39.57703],[2.62647,39.57687],[2.62694,39.57648],[2.62735,39.57614],[2.62784,39.57571],[2.62796,39.57561],[2.62803,39.57548],[2.62808,39.57535],[2.62767,39.57529],[2.62769,39.57522],[2.6277,39.57513],[2.6277,39.57503],[2.62768,39.57495],[2.62765,39.5749],[2.62794,39.57464],[2.62829,39.57434],[2.62813,39.5742],[2.62875,39.57372],[2.62916,39.57403],[2.62872,39.57437],[2.62871,39.57443],[2.6287,39.57548],[2.62871,39.57559],[2.62871,39.5757],[2.62823,39.57605],[2.62811,39.57608],[2.62791,39.57607],[2.6276,39.57627],[2.62713,39.57657],[2.62677,39.57686],[2.62653,39.57703]]]}},{"type":"Feature","properties":{"name":"Plaça Gomila","kind":"road","road":"pedestrian","osm":109385618},"geometry":{"type":"LineString","coordinates":[[2.62569,39.56309],[2.62571,39.56315],[2.62586,39.56313],[2.62593,39.56314],[2.62595,39.5629],[2.62592,39.56287],[2.62595,39.56277],[2.62559,39.56284],[2.62564,39.56297],[2.62569,39.56309]]}},{"type":"Feature","properties":{"name":"Avinguda de Gabriel Roca","kind":"road","road":"trunk","osm":110042663},"geometry":{"type":"LineString","coordinates":[[2.63788,39.56916],[2.63773,39.56914],[2.63761,39.56912],[2.63752,39.56911],[2.63742,39.56909],[2.63704,39.56906],[2.63685,39.56905],[2.63665,39.56903],[2.63647,39.56901],[2.63627,39.569],[2.63608,39.56898],[2.63589,39.56897],[2.6357,39.56895],[2.63551,39.56894],[2.63533,39.56892],[2.63499,39.56889]]}},{"type":"Feature","properties":{"name":"","kind":"road","road":"pedestrian","osm":112974151},"geometry":{"type":"LineString","coordinates":[[2.65352,39.57474],[2.65384,39.57443],[2.65375,39.57435]]}},{"type":"Feature","properties":{"name":"Plaça dels Caputxins","kind":"road","road":"pedestrian","osm":112974154},"geometry":{"type":"LineString","coordinates":[[2.65352,39.57426],[2.65356,39.57428],[2.6536,39.57431],[2.65368,39.57435],[2.6537,39.57432],[2.65373,39.57434],[2.65382,39.57424],[2.65388,39.57422],[2.65385,39.5742],[2.65385,39.57417],[2.65374,39.57412],[2.65365,39.57408],[2.65362,39.57412],[2.65352,39.57426]]}},{"type":"Feature","properties":{"name":"","kind":"road","road":"pedestrian","osm":112974156},"geometry":{"type":"LineString","coordinates":[[2.65375,39.57435],[2.65373,39.57434]]}},{"type":"Feature","properties":{"name":"Placeta de Son Espanyolet","kind":"park","road":"","osm":112974655},"geometry":{"type":"Polygon","coordinates":[[[2.63276,39.57548],[2.63278,39.5755],[2.63296,39.57565],[2.63325,39.57529],[2.63321,39.57524],[2.63318,39.57522],[2.63308,39.57528],[2.6329,39.57539],[2.63281,39.57545],[2.63276,39.57548]]]}},{"type":"Feature","properties":{"name":"Carrer de Borguny","kind":"road","road":"pedestrian","osm":112991865},"geometry":{"type":"LineString","coordinates":[[2.63737,39.57479],[2.63739,39.57478],[2.63764,39.57471],[2.63827,39.57424],[2.63828,39.57423],[2.63847,39.57409],[2.6385,39.57407],[2.63856,39.57403]]}},{"type":"Feature","properties":{"name":"","kind":"park","road":"","osm":113164218},"geometry":{"type":"Polygon","coordinates":[[[2.65035,39.5734],[2.65052,39.57343],[2.65055,39.57328],[2.6504,39.57326],[2.65035,39.5734]]]}},{"type":"Feature","properties":{"name":"","kind":"road","road":"pedestrian","osm":115392400},"geometry":{"type":"LineString","coordinates":[[2.65642,39.57405],[2.65654,39.57417],[2.65701,39.57376],[2.65698,39.57374],[2.657,39.57368],[2.65729,39.57339],[2.65724,39.57343],[2.65672,39.57387],[2.65656,39.57402],[2.65655,39.57403],[2.65647,39.57396],[2.65645,39.57397],[2.65648,39.574],[2.65644,39.57404],[2.65642,39.57405]]}},{"type":"Feature","properties":{"name":"pati de les dones","kind":"road","road":"pedestrian","osm":116953294},"geometry":{"type":"LineString","coordinates":[[2.64617,39.57501],[2.64654,39.57507],[2.64685,39.5749],[2.64673,39.57475],[2.64617,39.57501]]}},{"type":"Feature","properties":{"name":"Pati dels homes","kind":"road","road":"pedestrian","osm":116953295},"geometry":{"type":"LineString","coordinates":[[2.64697,39.57481],[2.64753,39.57452],[2.64724,39.57431],[2.64683,39.57466],[2.64697,39.57481]]}},{"type":"Feature","properties":{"name":"Carrer de Can Espanyol","kind":"road","road":"pedestrian","osm":118198243},"geometry":{"type":"LineString","coordinates":[[2.65293,39.57111],[2.65312,39.5708]]}},{"type":"Feature","properties":{"name":"Avinguda de Gabriel Roca","kind":"road","road":"trunk","osm":120305832},"geometry":{"type":"LineString","coordinates":[[2.63939,39.56933],[2.63961,39.56935],[2.63965,39.56935],[2.63977,39.56936],[2.63994,39.56937]]}},{"type":"Feature","properties":{"name":"carrer de Federico García Lorca","kind":"road","road":"tertiary","osm":120305836},"geometry":{"type":"LineString","coordinates":[[2.62885,39.56767],[2.62871,39.56785],[2.6287,39.56788],[2.6287,39.56795]]}},{"type":"Feature","properties":{"name":"","kind":"road","road":"tertiary","osm":121541828},"geometry":{"type":"LineString","coordinates":[[2.6092,39.57432],[2.6093,39.57429],[2.60937,39.57428],[2.60948,39.57425],[2.60958,39.57422],[2.60965,39.5742],[2.60971,39.57417],[2.60985,39.57411]]}},{"type":"Feature","properties":{"name":"Camí dels Reis","kind":"road","road":"tertiary","osm":122231041},"geometry":{"type":"LineString","coordinates":[[2.61005,39.57335],[2.61003,39.57332]]}},{"type":"Feature","properties":{"name":"","kind":"road","road":"tertiary","osm":122231043},"geometry":{"type":"LineString","coordinates":[[2.61177,39.57412],[2.61173,39.5741],[2.61169,39.57409],[2.61165,39.57408],[2.61159,39.57409],[2.61153,39.57409],[2.61144,39.5741],[2.61109,39.57415]]}},{"type":"Feature","properties":{"name":"Camí de Gènova","kind":"road","road":"tertiary","osm":122231045},"geometry":{"type":"LineString","coordinates":[[2.62001,39.57228],[2.61991,39.57227],[2.61975,39.57226],[2.61935,39.57235],[2.61884,39.57248],[2.61858,39.57255],[2.61801,39.5727],[2.6175,39.57285],[2.61722,39.57294],[2.6169,39.57308],[2.61665,39.57319],[2.61652,39.57323],[2.61621,39.57329],[2.61605,39.5733],[2.61523,39.57341],[2.61448,39.57353],[2.61324,39.57376],[2.61321,39.57377],[2.61313,39.57378],[2.61294,39.57384],[2.61257,39.57391],[2.61252,39.57392],[2.61249,39.57393],[2.61245,39.57395],[2.61242,39.57397],[2.61239,39.57399],[2.61236,39.57403]]}},{"type":"Feature","properties":{"name":"Camí dels Reis","kind":"road","road":"tertiary","osm":122231046},"geometry":{"type":"LineString","coordinates":[[2.60995,39.57405],[2.61007,39.57395],[2.61012,39.57389],[2.61013,39.57387],[2.61015,39.57383],[2.61017,39.57379],[2.61017,39.57376],[2.61017,39.57372],[2.61016,39.57368],[2.61015,39.57364],[2.61012,39.57354],[2.61008,39.57344],[2.61005,39.57335]]}},{"type":"Feature","properties":{"name":"carrer d'en Móra","kind":"road","road":"pedestrian","osm":122385959},"geometry":{"type":"LineString","coordinates":[[2.65369,39.57158],[2.65382,39.57138]]}},{"type":"Feature","properties":{"name":"plaça dels Capellers","kind":"road","road":"pedestrian","osm":122385960},"geometry":{"type":"LineString","coordinates":[[2.65228,39.57091],[2.65227,39.57094],[2.65227,39.57096],[2.65227,39.57097],[2.65227,39.571],[2.65228,39.57103],[2.65234,39.57111],[2.65239,39.57116],[2.65239,39.57117],[2.65245,39.5711],[2.65248,39.57104],[2.65252,39.57098],[2.65253,39.57097],[2.65254,39.57096],[2.65241,39.57092],[2.65231,39.57088],[2.65228,39.57091]]}},{"type":"Feature","properties":{"name":"Carrer d'Estade","kind":"road","road":"pedestrian","osm":122388417},"geometry":{"type":"LineString","coordinates":[[2.65234,39.57138],[2.65249,39.57149],[2.65261,39.57159]]}},{"type":"Feature","properties":{"name":"","kind":"road","road":"pedestrian","osm":123181774},"geometry":{"type":"LineString","coordinates":[[2.63742,39.57264],[2.63774,39.57283],[2.63763,39.5726],[2.63742,39.57264]]}},{"type":"Feature","properties":{"name":"","kind":"water","road":"","osm":126601831},"geometry":{"type":"Polygon","coordinates":[[[2.62446,39.5555],[2.62448,39.55549],[2.6249,39.55619],[2.62505,39.55643],[2.62519,39.55667],[2.62544,39.55707],[2.6255,39.55717],[2.62552,39.55719],[2.62567,39.55744],[2.62563,39.55747],[2.62553,39.5575],[2.62544,39.55753],[2.62536,39.55753],[2.6253,39.5575],[2.62522,39.55751],[2.62515,39.55749],[2.62509,39.55749],[2.62501,39.55745],[2.62493,39.55741],[2.62481,39.5574],[2.62467,39.55741],[2.62455,39.55741],[2.62445,39.55745],[2.62435,39.55747],[2.62427,39.55746],[2.62424,39.55741],[2.62421,39.55737],[2.62417,39.55733],[2.62415,39.55731],[2.62411,39.55724],[2.62403,39.55709],[2.62399,39.55698],[2.62398,39.55695],[2.62397,39.55693],[2.62394,39.55687],[2.62386,39.55678],[2.62385,39.55672],[2.6238,39.55668],[2.62376,39.55666],[2.62371,39.55662],[2.62368,39.55658],[2.62367,39.55653],[2.62371,39.55646],[2.62371,39.55638],[2.62368,39.55633],[2.62378,39.55617],[2.62389,39.55615],[2.62388,39.5561],[2.62389,39.55602],[2.62397,39.55591],[2.62403,39.55587],[2.62406,39.55585],[2.62412,39.55582],[2.62414,39.55577],[2.62418,39.55574],[2.6242,39.55565],[2.62423,39.55561],[2.62429,39.55551],[2.62446,39.5555]]]}},{"type":"Feature","properties":{"name":"Avinguda de Gabriel Roca","kind":"road","road":"trunk","osm":126602294},"geometry":{"type":"LineString","coordinates":[[2.62579,39.55738],[2.62565,39.55715]]}},{"type":"Feature","properties":{"name":"Avinguda de Gabriel Roca","kind":"road","road":"trunk","osm":126602296},"geometry":{"type":"LineString","coordinates":[[2.62573,39.55712],[2.62588,39.55737]]}},{"type":"Feature","properties":{"name":"Avinguda de Gabriel Roca","kind":"road","road":"trunk","osm":126602297},"geometry":{"type":"LineString","coordinates":[[2.62565,39.55715],[2.62553,39.55695],[2.62542,39.55677],[2.62534,39.55665],[2.62527,39.55652],[2.62519,39.5564],[2.62512,39.55628],[2.62501,39.5561],[2.62493,39.55598],[2.62485,39.55585],[2.62479,39.55573]]}},{"type":"Feature","properties":{"name":"","kind":"water","road":"","osm":126602304},"geometry":{"type":"Polygon","coordinates":[[[2.62611,39.55727],[2.62605,39.5573],[2.62602,39.55731],[2.626,39.55732],[2.62588,39.55737],[2.62584,39.55739],[2.6258,39.5574],[2.62567,39.55744],[2.62552,39.55719],[2.62565,39.55715],[2.62573,39.55712],[2.62585,39.55708],[2.62588,39.55707],[2.62591,39.55706],[2.62597,39.55704],[2.62611,39.55727]]]}},{"type":"Feature","properties":{"name":"Parc de la Quarentena","kind":"park","road":"","osm":126771493},"geometry":{"type":"Polygon","coordinates":[[[2.62597,39.56132],[2.62595,39.56139],[2.62593,39.56146],[2.62599,39.56146],[2.62607,39.56145],[2.62676,39.56142],[2.6268,39.56133],[2.62669,39.56085],[2.62663,39.56084],[2.62649,39.56084],[2.62637,39.56084],[2.62634,39.56084],[2.62586,39.56084],[2.62586,39.5609],[2.62596,39.56094],[2.62597,39.56097],[2.62599,39.561],[2.62599,39.56109],[2.62599,39.56116],[2.62597,39.5613],[2.62597,39.56132]]]}},{"type":"Feature","properties":{"name":"Plaça de Es Baluard","kind":"park","road":"","osm":126968890},"geometry":{"type":"Polygon","coordinates":[[[2.64067,39.56983],[2.64039,39.56987],[2.64031,39.56982],[2.6403,39.56978],[2.64041,39.56973],[2.64072,39.56966],[2.64098,39.56959],[2.64123,39.56956],[2.64133,39.56971],[2.64135,39.56973],[2.64151,39.56966],[2.64156,39.57001],[2.64163,39.57023],[2.64144,39.57028],[2.64133,39.5703],[2.64128,39.57004],[2.64127,39.56992],[2.64082,39.56996],[2.64067,39.56983]]]}},{"type":"Feature","properties":{"name":"pont d'Andratx","kind":"road","road":"pedestrian","osm":126975040},"geometry":{"type":"LineString","coordinates":[[2.6401,39.56988],[2.64029,39.56976]]}},{"type":"Feature","properties":{"name":"ronda de Migjorn","kind":"road","road":"pedestrian","osm":126975041},"geometry":{"type":"LineString","coordinates":[[2.64029,39.56976],[2.64037,39.56973]]}},{"type":"Feature","properties":{"name":"Passeig de Sagrera","kind":"road","road":"pedestrian","osm":126975042},"geometry":{"type":"LineString","coordinates":[[2.64325,39.5686],[2.64297,39.56876],[2.64302,39.5688],[2.64288,39.5689],[2.64265,39.56903],[2.64238,39.56916],[2.64217,39.56923],[2.6416,39.56937],[2.64144,39.56941],[2.64115,39.56949],[2.64064,39.56961],[2.64034,39.56968],[2.64037,39.56973],[2.64041,39.56978],[2.64123,39.56956],[2.64143,39.5695],[2.64175,39.56943],[2.64212,39.56933],[2.64228,39.56928],[2.64258,39.56916],[2.64281,39.56906],[2.64311,39.56887],[2.64316,39.56891],[2.64342,39.5688],[2.64331,39.56866],[2.64325,39.5686]]}},{"type":"Feature","properties":{"name":"","kind":"water","road":"","osm":126975049},"geometry":{"type":"Polygon","coordinates":[[[2.64015,39.57065],[2.64027,39.57095],[2.64044,39.57091],[2.64032,39.57061],[2.64015,39.57065]]]}},{"type":"Feature","properties":{"name":"","kind":"road","road":"pedestrian","osm":126987153},"geometry":{"type":"LineString","coordinates":[[2.6389,39.56908],[2.63897,39.56912],[2.63903,39.56916],[2.63906,39.56913],[2.6391,39.56909],[2.63903,39.56905],[2.63897,39.56901],[2.63894,39.56904],[2.6389,39.56908]]}},{"type":"Feature","properties":{"name":"","kind":"park","road":"","osm":126987155},"geometry":{"type":"Polygon","coordinates":[[[2.64123,39.56956],[2.64133,39.56971],[2.64146,39.56966],[2.64154,39.56963],[2.64164,39.56959],[2.64229,39.56932],[2.64228,39.56928],[2.64143,39.5695],[2.64123,39.56956]]]}},{"type":"Feature","properties":{"name":"","kind":"road","road":"pedestrian","osm":126988818},"geometry":{"type":"LineString","coordinates":[[2.64088,39.56929],[2.64087,39.5693],[2.64086,39.5693],[2.64085,39.56931],[2.64083,39.56931],[2.64082,39.5693],[2.64081,39.5693],[2.64081,39.56929],[2.6408,39.56928],[2.6408,39.56927],[2.64081,39.56926],[2.64082,39.56925],[2.64083,39.56925],[2.64084,39.56925],[2.64086,39.56925],[2.64087,39.56925],[2.64087,39.56926],[2.64088,39.56927],[2.64088,39.56928],[2.64088,39.56929]]}},{"type":"Feature","properties":{"name":"","kind":"road","road":"pedestrian","osm":126995359},"geometry":{"type":"LineString","coordinates":[[2.64121,39.56902],[2.64122,39.56903],[2.64124,39.56903],[2.64126,39.56903],[2.64127,39.56902],[2.64128,39.56901],[2.64129,39.569],[2.64129,39.56899],[2.64129,39.56898],[2.64128,39.56897],[2.64127,39.56896],[2.64126,39.56895],[2.64124,39.56895],[2.64122,39.56895],[2.64121,39.56896],[2.6412,39.56897],[2.64119,39.56898],[2.64119,39.56899],[2.64119,39.569],[2.6412,39.56901],[2.64121,39.56902]]}},{"type":"Feature","properties":{"name":"","kind":"road","road":"pedestrian","osm":127051536},"geometry":{"type":"LineString","coordinates":[[2.6381,39.56991],[2.6381,39.56992],[2.63809,39.56998]]}},{"type":"Feature","properties":{"name":"","kind":"road","road":"pedestrian","osm":127051544},"geometry":{"type":"LineString","coordinates":[[2.63853,39.56988],[2.63855,39.56987],[2.63861,39.56987],[2.63863,39.56993],[2.63864,39.56995],[2.63864,39.56999],[2.63859,39.56998],[2.63852,39.56999],[2.63851,39.56998],[2.6385,39.56996],[2.63849,39.56994],[2.6385,39.5699],[2.63853,39.56988]]}},{"type":"Feature","properties":{"name":"","kind":"park","road":"","osm":127053183},"geometry":{"type":"Polygon","coordinates":[[[2.63824,39.56934],[2.63839,39.56942],[2.63855,39.56953],[2.63868,39.56962],[2.63875,39.56966],[2.63883,39.56967],[2.63889,39.56967],[2.63889,39.56964],[2.63886,39.56957],[2.63888,39.56953],[2.63882,39.5695],[2.63887,39.56947],[2.63876,39.56945],[2.63866,39.56942],[2.63857,39.56941],[2.63845,39.56939],[2.63837,39.56937],[2.63824,39.56934]]]}},{"type":"Feature","properties":{"name":"","kind":"road","road":"pedestrian","osm":127055326},"geometry":{"type":"LineString","coordinates":[[2.63599,39.56989],[2.63589,39.56978],[2.63602,39.56972],[2.6361,39.56983],[2.63608,39.56984],[2.63601,39.56988],[2.63599,39.56989]]}},{"type":"Feature","properties":{"name":"Carrer del Torrent","kind":"road","road":"pedestrian","osm":127097537},"geometry":{"type":"LineString","coordinates":[[2.63371,39.56906],[2.63377,39.56909],[2.63374,39.56912],[2.6338,39.56915],[2.63383,39.56912],[2.63389,39.56915],[2.634,39.56922],[2.63423,39.56898],[2.63398,39.56894],[2.63385,39.56891],[2.63373,39.56903],[2.63371,39.56906]]}},{"type":"Feature","properties":{"name":"","kind":"road","road":"pedestrian","osm":127101625},"geometry":{"type":"LineString","coordinates":[[2.62928,39.56749],[2.62934,39.56752],[2.62939,39.56755],[2.62937,39.56757],[2.62946,39.56763],[2.6295,39.56761],[2.62953,39.56758],[2.62962,39.56754],[2.6297,39.56753],[2.62948,39.56733],[2.62925,39.56745],[2.62928,39.56749]]}},{"type":"Feature","properties":{"name":"","kind":"road","road":"pedestrian","osm":127236619},"geometry":{"type":"LineString","coordinates":[[2.62601,39.56109],[2.62605,39.5611],[2.62608,39.56111],[2.62609,39.56116],[2.62607,39.56123],[2.62604,39.56128],[2.62601,39.56129],[2.62597,39.5613],[2.62599,39.56116],[2.62599,39.56109],[2.62601,39.56109]]}},{"type":"Feature","properties":{"name":"","kind":"road","road":"pedestrian","osm":127236620},"geometry":{"type":"LineString","coordinates":[[2.6262,39.56104],[2.6262,39.56096],[2.62619,39.56094],[2.62618,39.56091],[2.62619,39.56086],[2.62621,39.56085],[2.62628,39.56084],[2.62634,39.56084],[2.62638,39.56086],[2.62638,39.5609],[2.62637,39.56093],[2.62634,39.56099],[2.62634,39.56102],[2.62631,39.56105],[2.62629,39.56108],[2.62627,39.5611],[2.62624,39.5611],[2.62621,39.56107],[2.6262,39.56104]]}},{"type":"Feature","properties":{"name":"","kind":"road","road":"pedestrian","osm":127236635},"geometry":{"type":"LineString","coordinates":[[2.62597,39.56093],[2.62592,39.56093],[2.62596,39.56097],[2.62597,39.56097],[2.62597,39.56094],[2.62597,39.56093]]}},{"type":"Feature","properties":{"name":"","kind":"road","road":"pedestrian","osm":127236636},"geometry":{"type":"LineString","coordinates":[[2.62671,39.56136],[2.62666,39.56136],[2.62667,39.56128],[2.6267,39.56127],[2.62672,39.56128],[2.62674,39.56134],[2.62671,39.56136]]}},{"type":"Feature","properties":{"name":"","kind":"road","road":"pedestrian","osm":127236638},"geometry":{"type":"LineString","coordinates":[[2.6266,39.56132],[2.62656,39.56132],[2.62654,39.56129],[2.62658,39.56127],[2.62659,39.56127],[2.62662,39.56127],[2.62663,39.5613],[2.6266,39.56132]]}},{"type":"Feature","properties":{"name":"","kind":"road","road":"pedestrian","osm":127236639},"geometry":{"type":"LineString","coordinates":[[2.62637,39.56124],[2.62641,39.56126],[2.62645,39.56126],[2.62648,39.56124],[2.62649,39.56121],[2.62645,39.56118],[2.62641,39.5612],[2.62638,39.56121],[2.62637,39.56124]]}},{"type":"Feature","properties":{"name":"","kind":"road","road":"pedestrian","osm":127236640},"geometry":{"type":"LineString","coordinates":[[2.62652,39.5609],[2.62647,39.56088],[2.62648,39.56085],[2.62649,39.56084],[2.62663,39.56084],[2.62664,39.56086],[2.62662,39.56089],[2.62659,39.5609],[2.62652,39.5609]]}},{"type":"Feature","properties":{"name":"","kind":"road","road":"pedestrian","osm":127236641},"geometry":{"type":"LineString","coordinates":[[2.62677,39.56136],[2.62675,39.56134],[2.62675,39.56132],[2.62676,39.56132],[2.62677,39.56131],[2.62678,39.56133],[2.62679,39.56134],[2.62679,39.56135],[2.62677,39.56136]]}},{"type":"Feature","properties":{"name":"Avinguda de Joan Miró","kind":"road","road":"tertiary","osm":127238962},"geometry":{"type":"LineString","coordinates":[[2.62288,39.55754],[2.6229,39.5575],[2.62298,39.55731],[2.62305,39.55718],[2.62308,39.55709],[2.6231,39.55704],[2.62311,39.55698],[2.62312,39.55691],[2.62312,39.55684],[2.62312,39.55678],[2.62311,39.5567],[2.62309,39.55661],[2.62308,39.55653],[2.62308,39.55649],[2.62308,39.55645],[2.6231,39.55639],[2.62313,39.55633],[2.62337,39.55593],[2.62342,39.55583],[2.62345,39.55576],[2.62347,39.55569],[2.62349,39.55562],[2.62349,39.55554],[2.62349,39.55546],[2.62346,39.5553],[2.62342,39.55518],[2.62336,39.55505],[2.62328,39.55487],[2.62325,39.55481],[2.62291,39.55404],[2.62269,39.55354],[2.62264,39.55345],[2.6226,39.55339],[2.62256,39.55332],[2.62235,39.55312]]}},{"type":"Feature","properties":{"name":"Avinguda de Joan Miró","kind":"road","road":"tertiary","osm":127238963},"geometry":{"type":"LineString","coordinates":[[2.62294,39.5579],[2.62291,39.55786],[2.62289,39.55782],[2.62287,39.55779],[2.62285,39.55772]]}},{"type":"Feature","properties":{"name":"","kind":"road","road":"tertiary","osm":127238964},"geometry":{"type":"LineString","coordinates":[[2.62262,39.55766],[2.62285,39.55772]]}},{"type":"Feature","properties":{"name":"","kind":"road","road":"motorway","osm":141250059},"geometry":{"type":"LineString","coordinates":[[2.6135,39.57773],[2.61334,39.57764],[2.61319,39.57755],[2.61304,39.57745],[2.61289,39.57735],[2.61275,39.57725],[2.61261,39.57714],[2.61248,39.57704],[2.61235,39.57693],[2.61222,39.57681],[2.61209,39.57669],[2.61198,39.57658],[2.61186,39.57645],[2.61174,39.57632],[2.61165,39.57621],[2.61154,39.57607],[2.61144,39.57594],[2.61135,39.57581],[2.61126,39.57568],[2.61118,39.57555],[2.6111,39.57541]]}},{"type":"Feature","properties":{"name":"carrer Miquel Àngel Llauger","kind":"road","road":"pedestrian","osm":154863648},"geometry":{"type":"LineString","coordinates":[[2.63755,39.5703],[2.63769,39.5703],[2.63768,39.57003],[2.6381,39.56992]]}},{"type":"Feature","properties":{"name":"Carrer del Celler d'en Miró","kind":"road","road":"pedestrian","osm":156121252},"geometry":{"type":"LineString","coordinates":[[2.65479,39.57143],[2.6545,39.57168]]}},{"type":"Feature","properties":{"name":"Carrer de la Sala dels Flassaders","kind":"road","road":"pedestrian","osm":156121260},"geometry":{"type":"LineString","coordinates":[[2.65454,39.57068],[2.65483,39.57054]]}},{"type":"Feature","properties":{"name":"Carrer de Ca'n Salat","kind":"road","road":"pedestrian","osm":156121264},"geometry":{"type":"LineString","coordinates":[[2.65589,39.57135],[2.65586,39.57133],[2.65553,39.57114],[2.65532,39.57095]]}},{"type":"Feature","properties":{"name":"carrer del Senyal del Peix","kind":"road","road":"pedestrian","osm":156121267},"geometry":{"type":"LineString","coordinates":[[2.655,39.57025],[2.65499,39.57048]]}},{"type":"Feature","properties":{"name":"Carrer de l'Estacada","kind":"road","road":"pedestrian","osm":156402427},"geometry":{"type":"LineString","coordinates":[[2.65543,39.5705],[2.65589,39.57048]]}},{"type":"Feature","properties":{"name":"Plaça Raimundo Clar","kind":"road","road":"pedestrian","osm":156491737},"geometry":{"type":"LineString","coordinates":[[2.65529,39.57097],[2.65526,39.57094],[2.65525,39.57093],[2.65503,39.57073],[2.65485,39.57056],[2.65483,39.57054],[2.65483,39.57051],[2.65486,39.57049],[2.65496,39.57049],[2.65499,39.57048],[2.65503,39.57049],[2.65543,39.57048],[2.65543,39.5705],[2.65543,39.57053],[2.65542,39.57081],[2.65546,39.57085],[2.65548,39.57087],[2.65535,39.57094],[2.65532,39.57095],[2.65529,39.57097]]}},{"type":"Feature","properties":{"name":"Carrer de Jaume II","kind":"road","road":"pedestrian","osm":157747489},"geometry":{"type":"LineString","coordinates":[[2.65128,39.57075],[2.65113,39.57071],[2.65083,39.57055],[2.65073,39.5705],[2.65047,39.57037],[2.65022,39.57024],[2.64992,39.57008],[2.64971,39.57]]}},{"type":"Feature","properties":{"name":"Carrer de la Volta d'en Reus","kind":"road","road":"pedestrian","osm":158208997},"geometry":{"type":"LineString","coordinates":[[2.65381,39.57122],[2.65383,39.5712],[2.6541,39.57097]]}},{"type":"Feature","properties":{"name":"Avinguda de Gabriel Alomar i Villalonga","kind":"road","road":"secondary","osm":160126580},"geometry":{"type":"LineString","coordinates":[[2.65658,39.5661],[2.65657,39.56584],[2.65656,39.56574]]}},{"type":"Feature","properties":{"name":"Avinguda de Gabriel Alomar i Villalonga","kind":"road","road":"secondary","osm":160131349},"geometry":{"type":"LineString","coordinates":[[2.65679,39.56598],[2.6568,39.56608]]}},{"type":"Feature","properties":{"name":"Avinguda Félix Pons Irazazábal","kind":"road","road":"trunk","osm":160131353},"geometry":{"type":"LineString","coordinates":[[2.66195,39.56306],[2.66174,39.56312],[2.66171,39.56313],[2.66165,39.56315],[2.66138,39.56323],[2.66114,39.56331],[2.66087,39.5634],[2.66061,39.56349],[2.66035,39.56358],[2.66008,39.56368],[2.65996,39.56372],[2.65983,39.56377],[2.6597,39.56381],[2.65957,39.56386],[2.65944,39.5639],[2.65931,39.56395],[2.65918,39.56399],[2.65905,39.56404],[2.65892,39.56408],[2.65879,39.56413],[2.65866,39.56418],[2.65853,39.56422],[2.65841,39.56427],[2.65827,39.56431],[2.65815,39.56436],[2.65801,39.5644],[2.65788,39.56444],[2.65774,39.56447],[2.6576,39.5645],[2.65745,39.56452],[2.65732,39.56454]]}},{"type":"Feature","properties":{"name":"Passeig Mallorca","kind":"road","road":"secondary","osm":162191256},"geometry":{"type":"LineString","coordinates":[[2.64151,39.57225],[2.64153,39.57231]]}},{"type":"Feature","properties":{"name":"Carrer Joan Crespí","kind":"road","road":"tertiary","osm":162191257},"geometry":{"type":"LineString","coordinates":[[2.63408,39.57448],[2.63393,39.5741]]}},{"type":"Feature","properties":{"name":"Passeig Mallorca","kind":"road","road":"secondary","osm":162191258},"geometry":{"type":"LineString","coordinates":[[2.64161,39.57262],[2.64168,39.57308],[2.64171,39.57323],[2.64172,39.57326],[2.64175,39.57329],[2.64179,39.57333],[2.64209,39.57352]]}},{"type":"Feature","properties":{"name":"Carrer Joan Crespí","kind":"road","road":"tertiary","osm":162191259},"geometry":{"type":"LineString","coordinates":[[2.63393,39.5741],[2.63371,39.57356]]}},{"type":"Feature","properties":{"name":"La Rambla","kind":"road","road":"tertiary","osm":162193373},"geometry":{"type":"LineString","coordinates":[[2.65073,39.57254],[2.65071,39.57256],[2.65038,39.57289],[2.65024,39.57304],[2.6502,39.57308],[2.64998,39.57329],[2.64975,39.5735]]}},{"type":"Feature","properties":{"name":"Rambla dels Ducs de Palma de Mallorca","kind":"road","road":"tertiary","osm":162193380},"geometry":{"type":"LineString","coordinates":[[2.65059,39.57241],[2.6506,39.57241],[2.65061,39.5724],[2.65062,39.5724],[2.65063,39.5724],[2.65064,39.5724],[2.65065,39.5724],[2.65066,39.5724],[2.65067,39.5724],[2.65068,39.5724],[2.65069,39.57241],[2.6507,39.57241],[2.65071,39.57242],[2.65072,39.57242],[2.65073,39.57243],[2.65075,39.57245],[2.65075,39.57246],[2.65075,39.57247],[2.65076,39.57248],[2.65076,39.57249],[2.65075,39.5725],[2.65075,39.57251],[2.65075,39.57252],[2.65073,39.57254]]}},{"type":"Feature","properties":{"name":"Avinguda d'Alexandre Rosselló","kind":"road","road":"secondary","osm":162194405},"geometry":{"type":"LineString","coordinates":[[2.65677,39.57143],[2.65677,39.57151],[2.65679,39.57168],[2.65684,39.57204],[2.65689,39.5724],[2.65692,39.57259],[2.65692,39.57265]]}},{"type":"Feature","properties":{"name":"Avinguda Adolfo Suárez","kind":"road","road":"trunk","osm":164722662},"geometry":{"type":"LineString","coordinates":[[2.65592,39.56431],[2.65599,39.56431],[2.65645,39.56432],[2.65649,39.56432],[2.65696,39.56432]]}},{"type":"Feature","properties":{"name":"Avinguda Adolfo Suárez","kind":"road","road":"trunk","osm":164722663},"geometry":{"type":"LineString","coordinates":[[2.64647,39.56546],[2.64654,39.56543],[2.64662,39.5654],[2.6467,39.56537],[2.64686,39.56532],[2.64702,39.56528],[2.64718,39.56524],[2.64744,39.56518],[2.64769,39.56513],[2.64794,39.56508],[2.64921,39.56482],[2.64985,39.5647],[2.65001,39.56467],[2.65035,39.56461],[2.6506,39.56457],[2.65103,39.56451],[2.65146,39.56446],[2.65172,39.56443],[2.65207,39.5644],[2.65241,39.56437],[2.65268,39.56435],[2.65294,39.56434],[2.6532,39.56432],[2.65364,39.56431],[2.65398,39.56431],[2.65434,39.56431],[2.65495,39.56431]]}},{"type":"Feature","properties":{"name":"Avinguda Adolfo Suárez","kind":"road","road":"trunk","osm":164722664},"geometry":{"type":"LineString","coordinates":[[2.64529,39.56647],[2.64548,39.56625],[2.64556,39.56617],[2.64563,39.56608],[2.64568,39.56602],[2.64576,39.56595],[2.64582,39.56589],[2.64588,39.56583],[2.64595,39.56578],[2.64601,39.56573],[2.64606,39.56569],[2.64612,39.56565],[2.64619,39.56561],[2.64625,39.56557],[2.64632,39.56553],[2.64639,39.5655],[2.64647,39.56546]]}},{"type":"Feature","properties":{"name":"","kind":"park","road":"","osm":165495829},"geometry":{"type":"Polygon","coordinates":[[[2.63412,39.57139],[2.63472,39.57124],[2.63486,39.57158],[2.63437,39.57169],[2.63436,39.57151],[2.63416,39.57149],[2.63412,39.57139]]]}},{"type":"Feature","properties":{"name":"","kind":"road","road":"pedestrian","osm":168546434},"geometry":{"type":"LineString","coordinates":[[2.65033,39.57083],[2.65038,39.57089],[2.65043,39.57094],[2.65044,39.57093],[2.65043,39.57093],[2.65046,39.57091],[2.65047,39.57091],[2.65047,39.5709],[2.65046,39.57089],[2.65048,39.57086],[2.65049,39.57087],[2.6505,39.57086],[2.65048,39.57086],[2.65051,39.57083],[2.65052,39.57083],[2.65053,39.57083],[2.65052,39.57083],[2.65054,39.5708],[2.65055,39.5708],[2.65056,39.5708],[2.65057,39.57079],[2.65056,39.57079],[2.65058,39.57077],[2.65059,39.57077],[2.6506,39.57077],[2.65046,39.57069],[2.65033,39.57083]]}},{"type":"Feature","properties":{"name":"Plaça de Santa Eulàlia","kind":"park","road":"","osm":173188628},"geometry":{"type":"Polygon","coordinates":[[[2.65064,39.56926],[2.65061,39.56923],[2.65054,39.5691],[2.65047,39.56897],[2.65052,39.56893],[2.65069,39.56879],[2.65076,39.56873],[2.65082,39.56869],[2.65082,39.56868],[2.65085,39.56867],[2.65088,39.56867],[2.65092,39.56874],[2.65092,39.56875],[2.65093,39.56876],[2.65094,39.56878],[2.6509,39.5688],[2.65094,39.56891],[2.65096,39.56898],[2.65111,39.56894],[2.65111,39.56896],[2.65111,39.56898],[2.65117,39.56906],[2.65122,39.56914],[2.65121,39.56916],[2.65119,39.56917],[2.6511,39.5692],[2.65112,39.56923],[2.65103,39.56926],[2.65101,39.56923],[2.65092,39.56927],[2.65089,39.56928],[2.65085,39.5693],[2.65084,39.5693],[2.65081,39.56925],[2.6508,39.56925],[2.65075,39.56927],[2.65068,39.5693],[2.65065,39.56928],[2.65064,39.56926]]]}},{"type":"Feature","properties":{"name":"Carrer de la Pescateria","kind":"road","road":"pedestrian","osm":173776525},"geometry":{"type":"LineString","coordinates":[[2.65047,39.57],[2.65044,39.57003],[2.65022,39.57024]]}},{"type":"Feature","properties":{"name":"Carrer dels Llums","kind":"road","road":"pedestrian","osm":173776532},"geometry":{"type":"LineString","coordinates":[[2.6508,39.56949],[2.65041,39.56967]]}},{"type":"Feature","properties":{"name":"plaça de la Portella","kind":"road","road":"pedestrian","osm":174308932},"geometry":{"type":"LineString","coordinates":[[2.65052,39.5661],[2.65057,39.56607],[2.65058,39.5661],[2.6506,39.56612],[2.65069,39.56624],[2.65064,39.56628],[2.65057,39.5663],[2.65048,39.56633],[2.65046,39.56633],[2.65044,39.56634],[2.65033,39.56619],[2.65032,39.56618],[2.6503,39.56617],[2.65029,39.56615],[2.65039,39.56611],[2.65042,39.56611],[2.65052,39.5661]]}},{"type":"Feature","properties":{"name":"Carrer de Can Andreu","kind":"road","road":"pedestrian","osm":174308934},"geometry":{"type":"LineString","coordinates":[[2.65107,39.5685],[2.65116,39.56847],[2.65136,39.56839]]}},{"type":"Feature","properties":{"name":"Plaça de Sant Jeroni","kind":"road","road":"pedestrian","osm":174308936},"geometry":{"type":"LineString","coordinates":[[2.6542,39.56684],[2.6542,39.56685],[2.6542,39.56688],[2.65422,39.56696],[2.65465,39.56694],[2.65473,39.56694],[2.6547,39.56682],[2.6547,39.5668],[2.65453,39.56681],[2.65447,39.56682],[2.65442,39.56682],[2.65435,39.56683],[2.65423,39.56684],[2.6542,39.56684]]}},{"type":"Feature","properties":{"name":"","kind":"water","road":"","osm":181767869},"geometry":{"type":"Polygon","coordinates":[[[2.64632,39.56704],[2.6462,39.56682],[2.64701,39.56619],[2.64768,39.56606],[2.64796,39.56584],[2.64841,39.56575],[2.64849,39.56568],[2.64932,39.56552],[2.65005,39.56495],[2.65078,39.56484],[2.64879,39.56639],[2.64874,39.56637],[2.6484,39.56645],[2.648,39.56658],[2.64804,39.56674],[2.64633,39.56705],[2.64632,39.56704]]]}},{"type":"Feature","properties":{"name":"Dalt Murada","kind":"park","road":"","osm":181767877},"geometry":{"type":"Polygon","coordinates":[[[2.64772,39.56692],[2.64774,39.56693],[2.64774,39.56694],[2.64782,39.56693],[2.64782,39.56695],[2.64786,39.56714],[2.64748,39.56727],[2.64747,39.56726],[2.64745,39.56726],[2.64734,39.5673],[2.64733,39.56728],[2.6473,39.56729],[2.64725,39.56721],[2.6468,39.56719],[2.64678,39.5671],[2.64772,39.56692]]]}},{"type":"Feature","properties":{"name":"costa d'en Brossa","kind":"road","road":"pedestrian","osm":191263513},"geometry":{"type":"LineString","coordinates":[[2.64929,39.57004],[2.64937,39.57015]]}},{"type":"Feature","properties":{"name":"Bastió del Príncep","kind":"park","road":"","osm":201811616},"geometry":{"type":"Polygon","coordinates":[[[2.65575,39.56621],[2.65574,39.5658],[2.65607,39.56574],[2.65608,39.56538],[2.65608,39.56506],[2.65608,39.56478],[2.65627,39.5648],[2.6563,39.56486],[2.65642,39.56615],[2.65575,39.56621]]]}},{"type":"Feature","properties":{"name":"","kind":"road","road":"pedestrian","osm":218519357},"geometry":{"type":"LineString","coordinates":[[2.61951,39.56419],[2.61945,39.56418]]}},{"type":"Feature","properties":{"name":"","kind":"road","road":"pedestrian","osm":218519358},"geometry":{"type":"LineString","coordinates":[[2.61945,39.56418],[2.61945,39.56421],[2.61942,39.56427],[2.61934,39.5643],[2.61926,39.56431],[2.61921,39.5643],[2.61913,39.56426],[2.61908,39.5642],[2.61906,39.56413],[2.61902,39.5641],[2.61898,39.56405],[2.61896,39.56398],[2.6189,39.56391],[2.61879,39.56384],[2.61875,39.5638],[2.61879,39.56374],[2.61885,39.56369],[2.61889,39.56366],[2.61898,39.56357],[2.61907,39.5635],[2.61916,39.56345],[2.61925,39.56341],[2.61935,39.56341],[2.61939,39.56344],[2.61944,39.56347],[2.61952,39.56352],[2.61961,39.5636],[2.6197,39.56371],[2.61976,39.56374],[2.61977,39.56386],[2.61971,39.5639],[2.61963,39.56403],[2.61953,39.56408],[2.61947,39.5641],[2.61945,39.56418]]}},{"type":"Feature","properties":{"name":"Punta des Gas","kind":"beach","road":"","osm":225106219},"geometry":{"type":"Polygon","coordinates":[[[2.65806,39.56368],[2.65803,39.56377],[2.65806,39.56395],[2.65795,39.564],[2.65766,39.56406],[2.65745,39.56407],[2.65723,39.56405],[2.6577,39.56393],[2.65806,39.56368]]]}},{"type":"Feature","properties":{"name":"Avinguda Adolfo Suárez","kind":"road","road":"trunk","osm":234741400},"geometry":{"type":"LineString","coordinates":[[2.64571,39.56619],[2.64562,39.56628]]}},{"type":"Feature","properties":{"name":"Avinguda Adolfo Suárez","kind":"road","road":"trunk","osm":234741402},"geometry":{"type":"LineString","coordinates":[[2.64685,39.56543],[2.64672,39.56548],[2.64661,39.56553],[2.64633,39.56569],[2.64622,39.56576]]}},{"type":"Feature","properties":{"name":"Avinguda de l'Argentina","kind":"road","road":"secondary","osm":234766043},"geometry":{"type":"LineString","coordinates":[[2.63934,39.56966],[2.63954,39.57014],[2.63955,39.57017],[2.63956,39.57018],[2.63963,39.57036]]}},{"type":"Feature","properties":{"name":"Avinguda de Jaume III","kind":"road","road":"tertiary","osm":235505130},"geometry":{"type":"LineString","coordinates":[[2.64383,39.57235],[2.64404,39.57231],[2.64476,39.57212],[2.64481,39.5721],[2.6454,39.57193],[2.64549,39.57191],[2.64607,39.57174],[2.64623,39.57169],[2.64643,39.57164],[2.64672,39.57155],[2.64686,39.57151]]}},{"type":"Feature","properties":{"name":"Carrer de Caro","kind":"road","road":"tertiary","osm":235505164},"geometry":{"type":"LineString","coordinates":[[2.63813,39.57312],[2.63822,39.57309],[2.63858,39.573],[2.63931,39.57282],[2.63955,39.57276],[2.64037,39.57258]]}},{"type":"Feature","properties":{"name":"Carrer de Son Espanyolet","kind":"road","road":"tertiary","osm":235505173},"geometry":{"type":"LineString","coordinates":[[2.6284,39.57596],[2.62884,39.57565],[2.62885,39.57563],[2.62894,39.57557],[2.62927,39.57534],[2.6293,39.57531],[2.62962,39.57509],[2.63003,39.57482],[2.63043,39.57453],[2.6308,39.57428],[2.63118,39.57401],[2.63164,39.57371],[2.63202,39.57346],[2.63205,39.57344]]}},{"type":"Feature","properties":{"name":"Plaça de la Verge del Miracle","kind":"park","road":"","osm":244546992},"geometry":{"type":"Polygon","coordinates":[[[2.63519,39.57101],[2.6353,39.5706],[2.63563,39.57065],[2.63572,39.57088],[2.63519,39.57101]]]}},{"type":"Feature","properties":{"name":"Avinguda de Gabriel Roca","kind":"road","road":"trunk","osm":274240105},"geometry":{"type":"LineString","coordinates":[[2.63994,39.56937],[2.64011,39.56938],[2.64028,39.56939],[2.64046,39.56939],[2.64055,39.56939],[2.64063,39.56939],[2.64072,39.56938],[2.64081,39.56937],[2.64092,39.56936],[2.64106,39.56934],[2.64118,39.56931],[2.64148,39.56925],[2.64151,39.56924],[2.64156,39.56923],[2.64181,39.56916],[2.64197,39.56911],[2.64206,39.56908],[2.64214,39.56905],[2.64222,39.56902],[2.64229,39.56899],[2.64237,39.56896],[2.64244,39.56891],[2.64265,39.56878],[2.64278,39.56869],[2.64304,39.56852],[2.64317,39.56843],[2.64331,39.56834],[2.64351,39.56821],[2.64364,39.56812],[2.64379,39.56802],[2.64383,39.56799],[2.64397,39.5679],[2.64403,39.56785],[2.64409,39.5678],[2.64416,39.56775],[2.64422,39.5677],[2.64427,39.56765],[2.64433,39.5676],[2.64438,39.56754],[2.64444,39.56749],[2.64453,39.56738],[2.64463,39.56726],[2.64478,39.56708],[2.64485,39.567],[2.64499,39.56683]]}},{"type":"Feature","properties":{"name":"Moll de Ponent","kind":"coast","road":"","osm":295661055},"geometry":{"type":"LineString","coordinates":[[2.63311,39.55286],[2.63645,39.55508],[2.63622,39.55528],[2.63397,39.55378],[2.63384,39.5539],[2.63371,39.55402],[2.63364,39.55402],[2.63143,39.55409],[2.62938,39.55416],[2.6281,39.5542],[2.62687,39.55423],[2.62689,39.55455],[2.62654,39.55456],[2.62653,39.55465],[2.62731,39.55592],[2.62736,39.5559],[2.62743,39.55602],[2.62727,39.55608],[2.62712,39.55582],[2.62675,39.55524],[2.6264,39.55467],[2.62617,39.55428],[2.626,39.55401],[2.62449,39.55457],[2.62464,39.55483],[2.6248,39.55509],[2.62504,39.55548],[2.62528,39.55587],[2.62552,39.55626],[2.62593,39.55693],[2.62836,39.55685],[2.6283,39.55577],[2.62848,39.55576],[2.62848,39.5559],[2.6284,39.5559],[2.62847,39.55728],[2.62856,39.55728],[2.62856,39.55741],[2.62839,39.55742],[2.62836,39.55697],[2.62604,39.55705],[2.62597,39.55704],[2.62611,39.55727],[2.62617,39.55727],[2.6266,39.55798],[2.62676,39.55833],[2.62824,39.55813],[2.62823,39.55809],[2.62829,39.55808],[2.62833,39.55825],[2.62827,39.55826],[2.62826,39.55822],[2.62679,39.55841],[2.62688,39.5587],[2.62693,39.55901],[2.62851,39.55879],[2.6285,39.55874],[2.62857,39.55873],[2.62859,39.55891],[2.62854,39.55892],[2.62853,39.55888],[2.62695,39.5591],[2.62706,39.55981],[2.62944,39.55949],[2.62939,39.55929],[2.6297,39.55929],[2.62975,39.55685],[2.62993,39.55685],[2.62992,39.55698],[2.62983,39.55698],[2.62977,39.56001],[2.62956,39.56004],[2.62946,39.55958],[2.62709,39.5599],[2.62757,39.5616],[2.62899,39.56134],[2.62893,39.56115],[2.62901,39.56113],[2.62916,39.56163],[2.62909,39.56164],[2.62901,39.56139],[2.62759,39.56165],[2.62779,39.56235],[2.62986,39.56199],[2.62988,39.56196],[2.62963,39.56115],[2.62973,39.56114],[2.63008,39.56226],[2.62998,39.56228],[2.62991,39.56204],[2.62781,39.5624],[2.62792,39.56278],[2.62809,39.56318],[2.62816,39.56318],[2.63003,39.56285],[2.63001,39.56265],[2.63018,39.56264],[2.63045,39.56535],[2.63029,39.56536],[2.63022,39.56508],[2.63021,39.56506],[2.63028,39.56505],[2.63019,39.56418],[2.63012,39.56347],[2.63007,39.56296],[2.63005,39.56295],[2.62817,39.56327],[2.62812,39.56327],[2.62916,39.56588],[2.62952,39.56641],[2.62965,39.5663],[2.62969,39.56634],[2.62986,39.56621],[2.62989,39.56624],[2.6301,39.56608],[2.63017,39.56613],[2.63046,39.5659],[2.63088,39.56624],[2.63123,39.56661],[2.63089,39.5668],[2.63095,39.56685],[2.63071,39.56698],[2.63074,39.56702],[2.63055,39.56712],[2.63058,39.56716],[2.63039,39.56726],[2.63047,39.56734],[2.63049,39.56733],[2.63077,39.56756],[2.63094,39.56767],[2.63116,39.5678],[2.63143,39.56795],[2.63166,39.56805],[2.63194,39.56775],[2.63196,39.56773],[2.63207,39.5678],[2.6321,39.56781],[2.63209,39.56783],[2.63189,39.56815],[2.63232,39.56828],[2.63295,39.56843],[2.63412,39.56854],[2.63415,39.56831],[2.63293,39.56796],[2.63289,39.56801],[2.63276,39.56797],[2.63277,39.56794],[2.6327,39.56792],[2.63276,39.5678],[2.63442,39.56828],[2.63442,39.56831],[2.63438,39.56847],[2.63451,39.5685],[2.63463,39.56853],[2.63474,39.56841],[2.63481,39.56843],[2.63483,39.56841],[2.6359,39.56872],[2.63603,39.56876],[2.63738,39.56887],[2.63879,39.56888],[2.6389,39.56877],[2.63895,39.56871],[2.63901,39.56866],[2.63826,39.56844],[2.63819,39.56843],[2.63806,39.56843],[2.63798,39.56843],[2.63792,39.56845],[2.63785,39.56849],[2.63782,39.56849],[2.63785,39.56841],[2.63603,39.56787],[2.63589,39.5678],[2.63567,39.5676],[2.63552,39.56752],[2.63483,39.56712],[2.63426,39.56679],[2.6342,39.56685],[2.6341,39.56679],[2.6341,39.56678],[2.63407,39.56677],[2.63361,39.56729],[2.63365,39.56731],[2.63361,39.56736],[2.63343,39.56727],[2.63348,39.56722],[2.63352,39.56724],[2.63404,39.56666],[2.63304,39.56609],[2.63297,39.56616],[2.6327,39.566],[2.63271,39.56599],[2.63398,39.56463],[2.63417,39.56474],[2.63415,39.56476],[2.6338,39.56513],[2.63379,39.56515],[2.63373,39.56511],[2.63336,39.56551],[2.63298,39.56592],[2.63423,39.56663],[2.63488,39.56701],[2.63536,39.56729],[2.63598,39.56766],[2.63618,39.56771],[2.63625,39.56783],[2.63689,39.56801],[2.6369,39.568],[2.63691,39.568],[2.63751,39.56818],[2.63795,39.56831],[2.63807,39.56834],[2.63816,39.56834],[2.6384,39.56841],[2.63874,39.5685],[2.63893,39.56819],[2.63911,39.56829],[2.63916,39.56823],[2.63898,39.56812],[2.63908,39.56795],[2.63934,39.56771],[2.63917,39.56762],[2.63909,39.56768],[2.6389,39.56758],[2.6385,39.56734],[2.63834,39.56751],[2.63833,39.56751],[2.6381,39.56737],[2.63805,39.56742],[2.63768,39.5672],[2.63804,39.56682],[2.63803,39.56681],[2.63824,39.56661],[2.63679,39.56575],[2.63674,39.5658],[2.63667,39.56576],[2.63683,39.5656],[2.6369,39.56564],[2.63685,39.56569],[2.6383,39.56654],[2.63867,39.56676],[2.63891,39.56658],[2.63941,39.56701],[2.64007,39.56658],[2.63932,39.56615],[2.63943,39.56604],[2.6404,39.5666],[2.64058,39.56659],[2.64077,39.56824],[2.6414,39.56885],[2.64184,39.56856],[2.64186,39.56858],[2.64207,39.56843],[2.64236,39.56824],[2.64259,39.56808],[2.64265,39.56804],[2.64307,39.56777],[2.64314,39.56772],[2.64354,39.56746],[2.64413,39.56707],[2.64373,39.56678],[2.64245,39.56589],[2.64232,39.56593],[2.64223,39.56574],[2.64215,39.56576],[2.64224,39.56596],[2.6422,39.56597],[2.64211,39.56577],[2.64108,39.56606],[2.64104,39.56606],[2.641,39.56605],[2.64075,39.56592],[2.64073,39.5659],[2.64073,39.56586],[2.64131,39.56544],[2.64115,39.56533],[2.64127,39.56519],[2.64122,39.56517],[2.64105,39.56535],[2.64102,39.56534],[2.64119,39.56515],[2.64113,39.56512],[2.64095,39.56531],[2.64093,39.5653],[2.6409,39.56533],[2.64086,39.56531],[2.64106,39.56508],[2.64098,39.56504],[2.64078,39.56526],[2.64075,39.56525],[2.64094,39.56502],[2.6409,39.56499],[2.64005,39.56561],[2.64,39.56557],[2.64085,39.56496],[2.63964,39.56435],[2.63858,39.56491],[2.63856,39.56491],[2.63852,39.56491],[2.6385,39.56491],[2.63809,39.56469],[2.63809,39.56468],[2.63809,39.56466],[2.6381,39.56465],[2.63886,39.56412],[2.63877,39.56403],[2.6387,39.56402],[2.63821,39.56436],[2.63818,39.56433],[2.63865,39.56399],[2.63866,39.56395],[2.63857,39.56391],[2.63808,39.56425],[2.63805,39.56422],[2.63851,39.56389],[2.63643,39.56281],[2.6356,39.5638],[2.63502,39.5635],[2.63586,39.56251],[2.6331,39.56114],[2.63434,39.55964],[2.63388,39.55941],[2.63422,39.55901],[2.63511,39.55946],[2.63601,39.55992],[2.637,39.56039],[2.63726,39.56007],[2.63757,39.56022],[2.63777,39.56012],[2.64022,39.56137],[2.64181,39.56214],[2.64213,39.5623],[2.64234,39.56249],[2.64211,39.56354],[2.64217,39.56366],[2.6422,39.56381],[2.64214,39.56407],[2.64514,39.56557],[2.6454,39.56565],[2.64567,39.56562],[2.64634,39.56513],[2.64676,39.56499],[2.65056,39.56423],[2.65231,39.56407],[2.65537,39.56402],[2.65566,39.56401],[2.65619,39.56391],[2.65658,39.56392],[2.65682,39.56405],[2.65723,39.56405],[2.6577,39.56393],[2.65806,39.56368],[2.65808,39.56354],[2.65821,39.56342],[2.6583,39.56329],[2.65847,39.56348]]}},{"type":"Feature","properties":{"name":"Avinguda d'Alexandre Rosselló","kind":"road","road":"secondary","osm":296035267},"geometry":{"type":"LineString","coordinates":[[2.65663,39.57169],[2.6566,39.5715],[2.65659,39.57142],[2.6566,39.57137]]}},{"type":"Feature","properties":{"name":"Avinguda de Gabriel Alomar i Villalonga","kind":"road","road":"secondary","osm":296035272},"geometry":{"type":"LineString","coordinates":[[2.65698,39.56895],[2.65702,39.56909],[2.65723,39.5695],[2.65744,39.56991],[2.65744,39.56992],[2.65745,39.56992],[2.65746,39.57004],[2.65744,39.57012]]}},{"type":"Feature","properties":{"name":"Avinguda de Gabriel Alomar i Villalonga","kind":"road","road":"secondary","osm":296035275},"geometry":{"type":"LineString","coordinates":[[2.65697,39.56682],[2.65705,39.5669],[2.65747,39.56731],[2.6575,39.56736],[2.65753,39.56741],[2.65754,39.56745]]}},{"type":"Feature","properties":{"name":"Avinguda d'Alexandre Rosselló","kind":"road","road":"secondary","osm":296433383},"geometry":{"type":"LineString","coordinates":[[2.6552,39.57514],[2.65464,39.57539],[2.6546,39.57541]]}},{"type":"Feature","properties":{"name":"Avinguda de Gabriel Alomar i Villalonga","kind":"road","road":"secondary","osm":296433384},"geometry":{"type":"LineString","coordinates":[[2.65688,39.57114],[2.65683,39.57124],[2.65679,39.57134]]}},{"type":"Feature","properties":{"name":"Avinguda d'Alexandre Rosselló","kind":"road","road":"secondary","osm":296433386},"geometry":{"type":"LineString","coordinates":[[2.65533,39.57493],[2.65539,39.57485],[2.65542,39.57479],[2.65548,39.57451],[2.6555,39.57435],[2.65557,39.5738],[2.65558,39.57375]]}},{"type":"Feature","properties":{"name":"Avinguda d'Alexandre Rosselló","kind":"road","road":"secondary","osm":296433388},"geometry":{"type":"LineString","coordinates":[[2.65673,39.57241],[2.65669,39.57214]]}},{"type":"Feature","properties":{"name":"Avinguda d'Alexandre Rosselló","kind":"road","road":"secondary","osm":296433390},"geometry":{"type":"LineString","coordinates":[[2.65655,39.57304],[2.65629,39.57323],[2.65604,39.57342],[2.65588,39.57355],[2.65585,39.57358],[2.65581,39.57362],[2.65578,39.57368],[2.65575,39.57378],[2.65575,39.57381],[2.65567,39.57432],[2.65558,39.57481],[2.65556,39.5749],[2.65552,39.57495],[2.6555,39.57498],[2.65543,39.57503],[2.65532,39.57509],[2.6552,39.57514]]}},{"type":"Feature","properties":{"name":"Avinguda de Gabriel Alomar i Villalonga","kind":"road","road":"secondary","osm":296433391},"geometry":{"type":"LineString","coordinates":[[2.65718,39.57036],[2.6572,39.57033],[2.65721,39.57031],[2.65724,39.57021],[2.65727,39.57014]]}},{"type":"Feature","properties":{"name":"","kind":"park","road":"","osm":296812985},"geometry":{"type":"Polygon","coordinates":[[[2.63192,39.57117],[2.63193,39.57118],[2.63281,39.57146],[2.6327,39.57131],[2.63234,39.57113],[2.63192,39.57117]]]}},{"type":"Feature","properties":{"name":"Carrer de Joan Maragall","kind":"road","road":"tertiary","osm":301759691},"geometry":{"type":"LineString","coordinates":[[2.66123,39.56418],[2.66101,39.56425],[2.66087,39.56432],[2.66079,39.56435],[2.65996,39.56467],[2.6591,39.56499],[2.65908,39.565],[2.65897,39.56505],[2.65881,39.56512],[2.65769,39.56565],[2.65694,39.566],[2.6568,39.56608]]}},{"type":"Feature","properties":{"name":"Jardins de Can Rubert","kind":"park","road":"","osm":302720427},"geometry":{"type":"Polygon","coordinates":[[[2.62531,39.55787],[2.62533,39.55773],[2.62562,39.5578],[2.62565,39.55786],[2.62594,39.55806],[2.62594,39.55814],[2.62597,39.55821],[2.62607,39.55838],[2.6259,39.55837],[2.62577,39.5584],[2.62576,39.55845],[2.62576,39.55867],[2.62577,39.5588],[2.62522,39.55875],[2.62522,39.55854],[2.62526,39.55809],[2.62531,39.55787]]]}},{"type":"Feature","properties":{"name":"","kind":"park","road":"","osm":302722076},"geometry":{"type":"Polygon","coordinates":[[[2.62814,39.56742],[2.62775,39.56717],[2.62757,39.56696],[2.62789,39.56685],[2.62822,39.56738],[2.62814,39.56742]]]}},{"type":"Feature","properties":{"name":"","kind":"park","road":"","osm":302722080},"geometry":{"type":"Polygon","coordinates":[[[2.62826,39.5677],[2.62807,39.56762],[2.62796,39.56758],[2.62814,39.56742],[2.62822,39.56738],[2.62849,39.56729],[2.62852,39.56735],[2.62854,39.56739],[2.6285,39.56743],[2.62826,39.5677]]]}},{"type":"Feature","properties":{"name":"Plaça de l'Almirall Churruca","kind":"road","road":"pedestrian","osm":311100419},"geometry":{"type":"LineString","coordinates":[[2.62813,39.56924],[2.62813,39.56923],[2.62812,39.56922],[2.62817,39.5692],[2.62814,39.56879],[2.6281,39.56881],[2.62809,39.5688],[2.62813,39.56877],[2.62815,39.56875],[2.62821,39.56874],[2.62825,39.56875],[2.62826,39.56877],[2.62827,39.56879],[2.62822,39.5688],[2.62825,39.56921],[2.62829,39.5692],[2.62829,39.56923],[2.6283,39.56924],[2.62813,39.56924]]}},{"type":"Feature","properties":{"name":"Avinguda de Gabriel Alomar i Villalonga","kind":"road","road":"secondary","osm":311140379},"geometry":{"type":"LineString","coordinates":[[2.65675,39.56896],[2.65675,39.56889],[2.65678,39.56884],[2.65725,39.56764],[2.65725,39.56763],[2.65728,39.56756],[2.65728,39.5675],[2.65726,39.56743],[2.65688,39.567],[2.65684,39.56695],[2.65673,39.56685]]}},{"type":"Feature","properties":{"name":"Parc dels Ceibos","kind":"park","road":"","osm":338839857},"geometry":{"type":"Polygon","coordinates":[[[2.65697,39.56586],[2.65803,39.56532],[2.6577,39.56472],[2.65768,39.56469],[2.65682,39.5649],[2.65682,39.56512],[2.65684,39.56533],[2.65688,39.56567],[2.6569,39.56585],[2.65692,39.56588],[2.65697,39.56586]]]}},{"type":"Feature","properties":{"name":"Avinguda d'Alexandre Rosselló","kind":"road","road":"secondary","osm":345303269},"geometry":{"type":"LineString","coordinates":[[2.65674,39.57261],[2.65674,39.57257],[2.65673,39.57241]]}},{"type":"Feature","properties":{"name":"Avinguda de Gabriel Alomar i Villalonga","kind":"road","road":"secondary","osm":345303281},"geometry":{"type":"LineString","coordinates":[[2.65679,39.57134],[2.65678,39.57138],[2.65677,39.57143]]}},{"type":"Feature","properties":{"name":"Avinguda de Gabriel Alomar i Villalonga","kind":"road","road":"secondary","osm":353074179},"geometry":{"type":"LineString","coordinates":[[2.6566,39.57137],[2.65673,39.57113],[2.6569,39.57085],[2.65718,39.57036]]}},{"type":"Feature","properties":{"name":"Carrer de Manacor","kind":"road","road":"secondary","osm":353196206},"geometry":{"type":"LineString","coordinates":[[2.65677,39.57143],[2.6566,39.57137]]}},{"type":"Feature","properties":{"name":"Carrer de Manacor","kind":"road","road":"secondary","osm":353222273},"geometry":{"type":"LineString","coordinates":[[2.65808,39.57144],[2.65715,39.57143],[2.65713,39.57143],[2.65677,39.57143]]}},{"type":"Feature","properties":{"name":"Passeig des Born","kind":"road","road":"pedestrian","osm":353877440},"geometry":{"type":"LineString","coordinates":[[2.64646,39.5692],[2.64648,39.56929]]}},{"type":"Feature","properties":{"name":"","kind":"road","road":"pedestrian","osm":353877441},"geometry":{"type":"LineString","coordinates":[[2.64669,39.57096],[2.64671,39.57096],[2.64673,39.57095]]}},{"type":"Feature","properties":{"name":"","kind":"road","road":"pedestrian","osm":353877442},"geometry":{"type":"LineString","coordinates":[[2.64643,39.56996],[2.64645,39.56993]]}},{"type":"Feature","properties":{"name":"","kind":"road","road":"pedestrian","osm":353877443},"geometry":{"type":"LineString","coordinates":[[2.64631,39.56936],[2.64634,39.56935]]}},{"type":"Feature","properties":{"name":"Avinguda de l'Argentina","kind":"road","road":"secondary","osm":354849161},"geometry":{"type":"LineString","coordinates":[[2.64037,39.57258],[2.64015,39.57202],[2.6401,39.57187],[2.63998,39.57157],[2.63982,39.57118],[2.63979,39.57112],[2.63969,39.57086]]}},{"type":"Feature","properties":{"name":"","kind":"road","road":"secondary","osm":354849162},"geometry":{"type":"LineString","coordinates":[[2.63913,39.56953],[2.63914,39.56948],[2.63916,39.56945],[2.63917,39.56942],[2.6392,39.5694]]}},{"type":"Feature","properties":{"name":"Avinguda de l'Argentina","kind":"road","road":"secondary","osm":354849163},"geometry":{"type":"LineString","coordinates":[[2.63943,39.57024],[2.63941,39.57021],[2.6394,39.57019],[2.63917,39.56961],[2.63914,39.56954],[2.63913,39.56953]]}},{"type":"Feature","properties":{"name":"Avinguda de l'Argentina","kind":"road","road":"secondary","osm":354849164},"geometry":{"type":"LineString","coordinates":[[2.63961,39.57067],[2.63947,39.57034],[2.63943,39.57024]]}},{"type":"Feature","properties":{"name":"Passeig Mallorca","kind":"road","road":"secondary","osm":354862868},"geometry":{"type":"LineString","coordinates":[[2.64145,39.57198],[2.64151,39.57225]]}},{"type":"Feature","properties":{"name":"Avinguda de Gabriel Alomar i Villalonga","kind":"road","road":"secondary","osm":360768126},"geometry":{"type":"LineString","coordinates":[[2.65673,39.56685],[2.65669,39.56674],[2.65666,39.5666],[2.65665,39.56652],[2.65664,39.56651],[2.65661,39.56632],[2.65661,39.56626],[2.6566,39.56618],[2.65658,39.5661]]}},{"type":"Feature","properties":{"name":"Avinguda de Gabriel Alomar i Villalonga","kind":"road","road":"secondary","osm":360768127},"geometry":{"type":"LineString","coordinates":[[2.65656,39.56574],[2.6565,39.56497]]}},{"type":"Feature","properties":{"name":"Avinguda de Gabriel Alomar i Villalonga","kind":"road","road":"secondary","osm":360768129},"geometry":{"type":"LineString","coordinates":[[2.65668,39.56509],[2.65677,39.56583],[2.65679,39.56598]]}},{"type":"Feature","properties":{"name":"Avinguda Félix Pons Irazazábal","kind":"road","road":"trunk","osm":360768130},"geometry":{"type":"LineString","coordinates":[[2.65791,39.56428],[2.65804,39.56426],[2.65818,39.56422],[2.65832,39.56418],[2.65846,39.56413],[2.65859,39.56409],[2.65873,39.56404],[2.65887,39.56399],[2.65901,39.56394],[2.65914,39.56389],[2.65927,39.56385],[2.65955,39.56375],[2.65982,39.56366],[2.66009,39.56356],[2.66023,39.56351],[2.66036,39.56347],[2.66049,39.56342],[2.66077,39.56332],[2.6609,39.56327],[2.66104,39.56323]]}},{"type":"Feature","properties":{"name":"Avinguda de Gabriel Roca","kind":"road","road":"trunk","osm":360936770},"geometry":{"type":"LineString","coordinates":[[2.6396,39.56944],[2.6392,39.5694]]}},{"type":"Feature","properties":{"name":"Avinguda de Gabriel Roca","kind":"road","road":"trunk","osm":360936771},"geometry":{"type":"LineString","coordinates":[[2.63898,39.56928],[2.63939,39.56933]]}},{"type":"Feature","properties":{"name":"Avinguda de Gabriel Roca","kind":"road","road":"trunk","osm":360936772},"geometry":{"type":"LineString","coordinates":[[2.63755,39.56902],[2.63778,39.56906],[2.63791,39.56908],[2.63806,39.56911]]}},{"type":"Feature","properties":{"name":"Avinguda de Gabriel Roca","kind":"road","road":"trunk","osm":360936773},"geometry":{"type":"LineString","coordinates":[[2.63806,39.56911],[2.63824,39.56914],[2.63859,39.56921],[2.63895,39.56927],[2.63898,39.56928]]}},{"type":"Feature","properties":{"name":"Avinguda Adolfo Suárez","kind":"road","road":"trunk","osm":363619869},"geometry":{"type":"LineString","coordinates":[[2.65416,39.56447],[2.65399,39.56446],[2.65375,39.56446],[2.6535,39.56446],[2.65325,39.56447],[2.65308,39.56447],[2.653,39.56448],[2.65283,39.56448],[2.65266,39.56449],[2.6525,39.5645],[2.65227,39.56451],[2.65179,39.56455],[2.65156,39.56457],[2.65133,39.56459],[2.65111,39.56462],[2.65086,39.56465],[2.65063,39.56468],[2.65038,39.56472],[2.65004,39.56477],[2.64989,39.5648],[2.64979,39.56482],[2.64962,39.56485],[2.64946,39.56488],[2.64895,39.56498],[2.64845,39.56508],[2.6482,39.56513],[2.64791,39.56519],[2.64765,39.56524],[2.64739,39.56529],[2.6472,39.56534],[2.64702,39.56538],[2.64693,39.5654],[2.64685,39.56543]]}},{"type":"Feature","properties":{"name":"","kind":"road","road":"motorway","osm":364027353},"geometry":{"type":"LineString","coordinates":[[2.60985,39.57026],[2.60977,39.57013],[2.6097,39.57],[2.60961,39.56986],[2.60952,39.56972],[2.60943,39.56959],[2.60931,39.56942],[2.60911,39.56917],[2.6089,39.56891],[2.60869,39.56866],[2.60859,39.56853],[2.60848,39.5684],[2.60827,39.56815]]}},{"type":"Feature","properties":{"name":"Camí dels Reis","kind":"road","road":"tertiary","osm":364027354},"geometry":{"type":"LineString","coordinates":[[2.61003,39.57332],[2.60995,39.57316],[2.60984,39.57294]]}},{"type":"Feature","properties":{"name":"","kind":"road","road":"motorway","osm":364027355},"geometry":{"type":"LineString","coordinates":[[2.61028,39.57062],[2.61034,39.57077],[2.6104,39.57091],[2.61045,39.57105],[2.61049,39.57119],[2.61054,39.57135],[2.61058,39.57149],[2.61061,39.57164],[2.61064,39.57179],[2.61067,39.57194],[2.61069,39.57209],[2.61071,39.57224],[2.61072,39.57238],[2.61073,39.57253],[2.61074,39.57269],[2.61075,39.57284],[2.61076,39.57298]]}},{"type":"Feature","properties":{"name":"Passeig Mallorca","kind":"road","road":"secondary","osm":365562237},"geometry":{"type":"LineString","coordinates":[[2.64153,39.57231],[2.64159,39.57255]]}},{"type":"Feature","properties":{"name":"carrer de Fra Juníper Serra","kind":"road","road":"tertiary","osm":365708374},"geometry":{"type":"LineString","coordinates":[[2.63035,39.57077],[2.63028,39.57065]]}},{"type":"Feature","properties":{"name":"Via Roma","kind":"road","road":"tertiary","osm":367449309},"geometry":{"type":"LineString","coordinates":[[2.64667,39.5763],[2.64669,39.57625],[2.64673,39.5762],[2.64675,39.57618],[2.64713,39.57584],[2.64714,39.57583],[2.64716,39.5758],[2.64729,39.57567],[2.64738,39.57558],[2.64764,39.57532],[2.64775,39.57519],[2.64805,39.57486],[2.64812,39.57476]]}},{"type":"Feature","properties":{"name":"Avinguda de Joan Miró","kind":"road","road":"tertiary","osm":371203641},"geometry":{"type":"LineString","coordinates":[[2.62633,39.56491],[2.62612,39.56427],[2.62581,39.5634],[2.62571,39.56315],[2.62569,39.56309],[2.62564,39.56297]]}},{"type":"Feature","properties":{"name":"Carrer d'Aragó","kind":"road","road":"secondary","osm":373321463},"geometry":{"type":"LineString","coordinates":[[2.65794,39.57389],[2.65786,39.57384],[2.6578,39.57379],[2.65772,39.5737],[2.65759,39.57356],[2.65757,39.57352],[2.65754,39.57347],[2.65752,39.57341]]}},{"type":"Feature","properties":{"name":"Carrer d'Aragó","kind":"road","road":"secondary","osm":373321932},"geometry":{"type":"LineString","coordinates":[[2.65794,39.57389],[2.6584,39.57444],[2.65888,39.57499],[2.65899,39.57511]]}},{"type":"Feature","properties":{"name":"Carrer d'Aragó","kind":"road","road":"secondary","osm":373321934},"geometry":{"type":"LineString","coordinates":[[2.65752,39.57341],[2.6576,39.57344],[2.65766,39.57348],[2.65768,39.5735],[2.65781,39.57365],[2.65787,39.57374],[2.65792,39.57382],[2.65794,39.57389]]}},{"type":"Feature","properties":{"name":"Carrer de Nuredduna","kind":"road","road":"pedestrian","osm":373367357},"geometry":{"type":"LineString","coordinates":[[2.65692,39.57265],[2.65709,39.57268],[2.65713,39.57269],[2.65811,39.57282]]}},{"type":"Feature","properties":{"name":"Carrer de Ca'n Troncoso","kind":"road","road":"pedestrian","osm":374019538},"geometry":{"type":"LineString","coordinates":[[2.6528,39.56901],[2.65327,39.56926]]}},{"type":"Feature","properties":{"name":"","kind":"park","road":"","osm":374259650},"geometry":{"type":"Polygon","coordinates":[[[2.65364,39.57024],[2.65384,39.57029],[2.65389,39.57027],[2.65398,39.57012],[2.65362,39.5702],[2.65364,39.57024]]]}},{"type":"Feature","properties":{"name":"Avinguda de Joan Miró","kind":"road","road":"tertiary","osm":374808807},"geometry":{"type":"LineString","coordinates":[[2.6287,39.56795],[2.62841,39.56786],[2.62828,39.56782],[2.62823,39.5678],[2.6281,39.56775],[2.62798,39.56771],[2.62773,39.56757],[2.62752,39.56743],[2.62742,39.56735],[2.62734,39.56727],[2.62722,39.56715],[2.62711,39.567]]}},{"type":"Feature","properties":{"name":"Avinguda de Jaume III","kind":"road","road":"tertiary","osm":374831338},"geometry":{"type":"LineString","coordinates":[[2.64686,39.57151],[2.64699,39.57148],[2.6471,39.57147]]}},{"type":"Feature","properties":{"name":"Avinguda d'Alexandre Rosselló","kind":"road","road":"secondary","osm":374831341},"geometry":{"type":"LineString","coordinates":[[2.6569,39.57272],[2.65684,39.57279],[2.65675,39.57288],[2.65664,39.57297],[2.65655,39.57304]]}},{"type":"Feature","properties":{"name":"Avinguda de Joan Miró","kind":"road","road":"tertiary","osm":374831343},"geometry":{"type":"LineString","coordinates":[[2.62564,39.56297],[2.62559,39.56284],[2.62521,39.56193],[2.62508,39.56163],[2.62482,39.56099],[2.6248,39.56093],[2.62465,39.56057],[2.6246,39.56045],[2.62442,39.56001],[2.62434,39.55983],[2.6243,39.55975],[2.62426,39.55964],[2.62424,39.55955],[2.62423,39.55945],[2.62433,39.55897],[2.62433,39.55896],[2.62443,39.55847],[2.62446,39.55828],[2.62448,39.55816],[2.62448,39.55814],[2.62447,39.55811],[2.62446,39.55808],[2.62444,39.55805],[2.6244,39.55802],[2.62434,39.55799],[2.6243,39.55798],[2.62426,39.55798],[2.62415,39.55797],[2.62349,39.558],[2.62331,39.55801],[2.62323,39.55801],[2.62319,39.558],[2.62315,39.558],[2.62309,39.55798],[2.62303,39.55796],[2.62298,39.55793],[2.62294,39.5579]]}},{"type":"Feature","properties":{"name":"Avinguda de Joan Miró","kind":"road","road":"tertiary","osm":374831359},"geometry":{"type":"LineString","coordinates":[[2.62711,39.567],[2.62706,39.5669],[2.62702,39.56679],[2.62689,39.56641],[2.62664,39.56573],[2.6266,39.5656]]}},{"type":"Feature","properties":{"name":"Carrer del Comte de Barcelona","kind":"road","road":"tertiary","osm":374831371},"geometry":{"type":"LineString","coordinates":[[2.63947,39.57386],[2.63941,39.57383],[2.63907,39.57365],[2.63889,39.57356],[2.6387,39.57346]]}},{"type":"Feature","properties":{"name":"Carrer de la Indústria","kind":"road","road":"tertiary","osm":374831373},"geometry":{"type":"LineString","coordinates":[[2.63957,39.57391],[2.63951,39.57396],[2.63929,39.57413],[2.63879,39.5745],[2.63835,39.57483],[2.63789,39.57517],[2.63761,39.57537],[2.63739,39.5755],[2.63731,39.57556]]}},{"type":"Feature","properties":{"name":"Avinguda d'Alexandre Rosselló","kind":"road","road":"secondary","osm":374836858},"geometry":{"type":"LineString","coordinates":[[2.65558,39.57375],[2.65561,39.57362],[2.65565,39.57354],[2.65576,39.57345],[2.65642,39.57295],[2.65659,39.5728],[2.65662,39.57278],[2.65668,39.57271],[2.65671,39.57267],[2.65674,39.57261]]}},{"type":"Feature","properties":{"name":"Carrer del Marquès de la Sènia","kind":"road","road":"tertiary","osm":374836876},"geometry":{"type":"LineString","coordinates":[[2.62905,39.56801],[2.62888,39.56799],[2.6287,39.56795]]}},{"type":"Feature","properties":{"name":"La Rambla","kind":"road","road":"tertiary","osm":374836878},"geometry":{"type":"LineString","coordinates":[[2.64946,39.57378],[2.6494,39.57384],[2.64895,39.57429],[2.64892,39.57431],[2.64837,39.57484],[2.64829,39.5749]]}},{"type":"Feature","properties":{"name":"Avinguda d'Alexandre Rosselló","kind":"road","road":"secondary","osm":374946107},"geometry":{"type":"LineString","coordinates":[[2.65669,39.57214],[2.65663,39.57169]]}},{"type":"Feature","properties":{"name":"Carrer de la Indústria","kind":"road","road":"tertiary","osm":374946123},"geometry":{"type":"LineString","coordinates":[[2.63985,39.57364],[2.6397,39.57379],[2.63962,39.57386],[2.63957,39.57391]]}},{"type":"Feature","properties":{"name":"Carrer de Manacor","kind":"road","road":"secondary","osm":374946140},"geometry":{"type":"LineString","coordinates":[[2.65964,39.57147],[2.65905,39.57146],[2.65896,39.57146],[2.65817,39.57144],[2.65808,39.57144]]}},{"type":"Feature","properties":{"name":"Avinguda Adolfo Suárez","kind":"road","road":"trunk","osm":377192384},"geometry":{"type":"LineString","coordinates":[[2.64551,39.56639],[2.64542,39.5665],[2.6451,39.56686]]}},{"type":"Feature","properties":{"name":"Avinguda de Gabriel Alomar i Villalonga","kind":"road","road":"secondary","osm":377192392},"geometry":{"type":"LineString","coordinates":[[2.65684,39.56638],[2.65687,39.56664],[2.65689,39.56669]]}},{"type":"Feature","properties":{"name":"Avinguda de Gabriel Roca","kind":"road","road":"trunk","osm":377192393},"geometry":{"type":"LineString","coordinates":[[2.6272,39.56283],[2.62718,39.56276],[2.62716,39.56269],[2.62714,39.56261],[2.6271,39.56247],[2.62708,39.56232],[2.62705,39.56217],[2.62705,39.56216],[2.62703,39.56202],[2.627,39.56188],[2.62698,39.56173],[2.62697,39.56166],[2.62696,39.56162],[2.62694,39.56152],[2.62692,39.56137],[2.62689,39.56123],[2.62689,39.56119],[2.62688,39.56115],[2.62685,39.561],[2.62683,39.56085],[2.62675,39.56043],[2.62669,39.56003],[2.62667,39.55993],[2.62666,39.55988]]}},{"type":"Feature","properties":{"name":"Avinguda de Gabriel Roca","kind":"road","road":"trunk","osm":377192397},"geometry":{"type":"LineString","coordinates":[[2.63394,39.56881],[2.63365,39.56879],[2.63337,39.56876],[2.63318,39.56875],[2.63299,39.56873],[2.6328,39.5687],[2.63262,39.56866],[2.63253,39.56865],[2.63243,39.56862],[2.63225,39.56858],[2.63217,39.56856],[2.63207,39.56853],[2.63199,39.5685],[2.6319,39.56847],[2.63172,39.56841],[2.63164,39.56838],[2.63155,39.56834],[2.63151,39.56832],[2.63145,39.5683],[2.63139,39.56827],[2.63125,39.5682],[2.63117,39.56817],[2.63103,39.56809],[2.63089,39.56802],[2.63069,39.5679],[2.6306,39.56785],[2.63055,39.56782],[2.63042,39.56775],[2.63029,39.56768],[2.63016,39.56761],[2.63005,39.56755],[2.62997,39.56751],[2.62987,39.56745],[2.6298,39.56741],[2.62972,39.56736],[2.62965,39.56732],[2.62958,39.56727],[2.62946,39.56716],[2.62939,39.5671],[2.62933,39.56704],[2.62928,39.56698],[2.62924,39.56693],[2.62918,39.56685],[2.62914,39.56677],[2.6291,39.56671],[2.62907,39.56664],[2.62904,39.56657],[2.62898,39.56643],[2.62895,39.56636],[2.62891,39.56628],[2.62886,39.56614]]}},{"type":"Feature","properties":{"name":"Avinguda de Gabriel Roca","kind":"road","road":"trunk","osm":377192401},"geometry":{"type":"LineString","coordinates":[[2.62658,39.55933],[2.62654,39.55913],[2.62652,39.55899],[2.6265,39.55886],[2.62648,39.55879],[2.62645,39.55866],[2.62644,39.55863],[2.62643,39.5586],[2.62641,39.55853],[2.62639,39.55847],[2.62637,39.5584],[2.62634,39.55834],[2.62631,39.55827],[2.62628,39.55821],[2.62625,39.55815],[2.62621,39.55808],[2.62614,39.55796],[2.62607,39.55784],[2.62603,39.55778],[2.62596,39.55766],[2.62593,39.55762],[2.62586,39.55749],[2.6258,39.5574]]}},{"type":"Feature","properties":{"name":"Avinguda de Gabriel Roca","kind":"road","road":"trunk","osm":377192402},"geometry":{"type":"LineString","coordinates":[[2.62682,39.56],[2.62689,39.56025],[2.62696,39.56058],[2.62698,39.56065],[2.62709,39.56117],[2.6271,39.56124],[2.62714,39.56138],[2.62718,39.56155],[2.6272,39.56167],[2.62721,39.56169],[2.62725,39.56184],[2.6273,39.56198],[2.62733,39.56217],[2.62738,39.56238],[2.62739,39.56246],[2.62744,39.5626],[2.62751,39.56278],[2.62757,39.56286],[2.6276,39.56294],[2.62768,39.56309],[2.62792,39.56346],[2.62793,39.56348],[2.62798,39.56363],[2.628,39.56369],[2.62802,39.56374],[2.6281,39.56392],[2.62817,39.56409],[2.62838,39.56461],[2.62845,39.56481],[2.62853,39.56501],[2.62855,39.56504],[2.62858,39.56513],[2.62864,39.56526],[2.62869,39.56539],[2.62874,39.56552],[2.62879,39.56565],[2.62885,39.56578],[2.62891,39.5659],[2.62896,39.56601],[2.62897,39.56603],[2.62901,39.56609],[2.62905,39.56616],[2.62908,39.56622],[2.62916,39.56634],[2.62921,39.5664],[2.62925,39.56646],[2.62934,39.56656],[2.62939,39.56662],[2.62945,39.56668],[2.6295,39.56674],[2.62955,39.5668],[2.6296,39.56685],[2.62968,39.56692],[2.62974,39.56697],[2.62981,39.56704],[2.62992,39.56714],[2.63002,39.56723],[2.63004,39.56726],[2.63007,39.56728],[2.63011,39.56732],[2.63017,39.56737],[2.63027,39.56747],[2.63042,39.56759],[2.63058,39.56772],[2.63064,39.56776],[2.63068,39.56779],[2.63071,39.56781],[2.63077,39.56785],[2.63084,39.56789],[2.63091,39.56793],[2.63098,39.56797],[2.63105,39.56801],[2.63112,39.56805],[2.63119,39.56809],[2.63127,39.56812],[2.63141,39.5682],[2.63146,39.56821],[2.6315,39.56823],[2.63157,39.56826],[2.63164,39.56829],[2.6318,39.56836],[2.63188,39.56838],[2.63196,39.56841],[2.63204,39.56844],[2.63212,39.56846],[2.6322,39.56848],[2.63237,39.56852]]}},{"type":"Feature","properties":{"name":"Carrer de Joan Santaner","kind":"road","road":"pedestrian","osm":381634366},"geometry":{"type":"LineString","coordinates":[[2.63917,39.57077],[2.6392,39.57027]]}},{"type":"Feature","properties":{"name":"Avinguda de Gabriel Alomar i Villalonga","kind":"road","road":"secondary","osm":386401783},"geometry":{"type":"LineString","coordinates":[[2.65727,39.57014],[2.65724,39.57],[2.65723,39.56999],[2.65723,39.56998],[2.657,39.56951],[2.65682,39.56913],[2.65675,39.56896]]}},{"type":"Feature","properties":{"name":"Avinguda de Gabriel Alomar i Villalonga","kind":"road","road":"secondary","osm":389582963},"geometry":{"type":"LineString","coordinates":[[2.65744,39.57012],[2.65734,39.57036],[2.657,39.57093]]}},{"type":"Feature","properties":{"name":"Passeig Mallorca","kind":"road","road":"tertiary","osm":389582970},"geometry":{"type":"LineString","coordinates":[[2.6447,39.576],[2.64468,39.57584],[2.64468,39.57574],[2.64467,39.5757],[2.64465,39.57564],[2.64437,39.57495]]}},{"type":"Feature","properties":{"name":"Plaça Joan Carles I","kind":"road","road":"tertiary","osm":389582973},"geometry":{"type":"LineString","coordinates":[[2.64686,39.57151],[2.6468,39.57135],[2.64676,39.57118],[2.64673,39.57104]]}},{"type":"Feature","properties":{"name":"Plaça de la Reina","kind":"road","road":"tertiary","osm":389582977},"geometry":{"type":"LineString","coordinates":[[2.64628,39.56893],[2.64639,39.56872],[2.64642,39.56862]]}},{"type":"Feature","properties":{"name":"Plaça de la Reina","kind":"road","road":"tertiary","osm":389582979},"geometry":{"type":"LineString","coordinates":[[2.64642,39.56862],[2.64651,39.56889],[2.64651,39.56894]]}},{"type":"Feature","properties":{"name":"Plaça de la Reina","kind":"road","road":"tertiary","osm":389582980},"geometry":{"type":"LineString","coordinates":[[2.64629,39.56907],[2.64626,39.56904],[2.64625,39.56901],[2.64625,39.56897],[2.64627,39.56894],[2.64628,39.56893]]}},{"type":"Feature","properties":{"name":"Avinguda de l'Argentina","kind":"road","road":"secondary","osm":390464406},"geometry":{"type":"LineString","coordinates":[[2.64061,39.57346],[2.64057,39.57305]]}},{"type":"Feature","properties":{"name":"Avinguda de Gabriel Alomar i Villalonga","kind":"road","road":"secondary","osm":390464408},"geometry":{"type":"LineString","coordinates":[[2.65744,39.56784],[2.65737,39.568]]}},{"type":"Feature","properties":{"name":"Carrer d'en Ramón y Cajal","kind":"road","road":"secondary","osm":390464410},"geometry":{"type":"LineString","coordinates":[[2.64154,39.57511],[2.64124,39.57493],[2.64094,39.57475],[2.64072,39.57462]]}},{"type":"Feature","properties":{"name":"Avinguda de l'Argentina","kind":"road","road":"secondary","osm":390466178},"geometry":{"type":"LineString","coordinates":[[2.63969,39.57086],[2.63961,39.57067]]}},{"type":"Feature","properties":{"name":"Avinguda de Gabriel Roca","kind":"road","road":"trunk","osm":390466179},"geometry":{"type":"LineString","coordinates":[[2.6284,39.56509],[2.62839,39.56507],[2.62833,39.56495],[2.62826,39.56482],[2.62823,39.56475],[2.62792,39.56413],[2.62784,39.56401],[2.62776,39.56388],[2.62772,39.56382],[2.6277,39.56379],[2.62768,39.56376],[2.62766,39.56373]]}},{"type":"Feature","properties":{"name":"Avinguda de Gabriel Roca","kind":"road","road":"trunk","osm":390466180},"geometry":{"type":"LineString","coordinates":[[2.6258,39.5574],[2.62579,39.55738]]}},{"type":"Feature","properties":{"name":"Avinguda de Gabriel Roca","kind":"road","road":"trunk","osm":390466185},"geometry":{"type":"LineString","coordinates":[[2.62886,39.56614],[2.62882,39.56605],[2.62879,39.566],[2.62873,39.56586],[2.6287,39.56579],[2.62864,39.56565],[2.62858,39.56552],[2.62852,39.56537],[2.62846,39.56523],[2.6284,39.56509]]}},{"type":"Feature","properties":{"name":"Avinguda de Gabriel Roca","kind":"road","road":"trunk","osm":390466186},"geometry":{"type":"LineString","coordinates":[[2.63888,39.56935],[2.63865,39.56931],[2.6384,39.56926],[2.63823,39.56923],[2.63805,39.56919],[2.63788,39.56916]]}},{"type":"Feature","properties":{"name":"Passeig Mallorca","kind":"road","road":"secondary","osm":390483302},"geometry":{"type":"LineString","coordinates":[[2.64139,39.57167],[2.64145,39.57198]]}},{"type":"Feature","properties":{"name":"Camí dels Reis","kind":"road","road":"tertiary","osm":392456936},"geometry":{"type":"LineString","coordinates":[[2.60984,39.57294],[2.60959,39.57247],[2.60945,39.57217],[2.6094,39.57211],[2.60935,39.57205],[2.6093,39.572],[2.60923,39.57196],[2.60916,39.57191],[2.60912,39.5719],[2.60903,39.57186],[2.60889,39.57181],[2.60844,39.57165],[2.60828,39.57159],[2.60819,39.57155],[2.6081,39.57151],[2.60803,39.57147],[2.60797,39.57143],[2.6079,39.57139],[2.60783,39.57132],[2.60767,39.57116],[2.6076,39.5711],[2.60752,39.57104],[2.60743,39.57098],[2.60731,39.57093],[2.60659,39.57059],[2.60599,39.5703],[2.60448,39.56956],[2.6044,39.56951],[2.60431,39.56944],[2.60421,39.56932],[2.60411,39.56918],[2.60385,39.56879],[2.60361,39.56843],[2.60336,39.56805],[2.60289,39.56736],[2.60272,39.56714],[2.60249,39.56682],[2.60244,39.56677],[2.6024,39.56672],[2.60222,39.56652],[2.60191,39.56621],[2.60162,39.56592],[2.60156,39.56586],[2.6015,39.56579],[2.60125,39.56557],[2.60119,39.5655],[2.60114,39.56544],[2.6011,39.56538],[2.60107,39.56532],[2.60103,39.5652],[2.60099,39.56504],[2.60089,39.56445],[2.60088,39.56437],[2.60087,39.56428],[2.60083,39.56385],[2.60083,39.56376],[2.60079,39.56371],[2.60074,39.56366],[2.60067,39.56363],[2.60065,39.56362],[2.6006,39.56354],[2.60055,39.56337],[2.60048,39.56314],[2.60041,39.56302],[2.60037,39.56293],[2.60035,39.56284],[2.60035,39.56277],[2.60035,39.5627],[2.60035,39.56264],[2.60034,39.56257],[2.60032,39.56253],[2.59978,39.56158],[2.59968,39.5614],[2.59965,39.56134],[2.59958,39.56114]]}},{"type":"Feature","properties":{"name":"","kind":"road","road":"trunk","osm":392578625},"geometry":{"type":"LineString","coordinates":[[2.65653,39.56453],[2.65631,39.56453],[2.65617,39.56452],[2.65601,39.56452],[2.65592,39.56451]]}},{"type":"Feature","properties":{"name":"Plaça Miquel Maura","kind":"road","road":"pedestrian","osm":422507465},"geometry":{"type":"LineString","coordinates":[[2.65332,39.5663],[2.65326,39.56611],[2.65344,39.56605],[2.65345,39.56608],[2.65351,39.56625],[2.65352,39.56626],[2.65332,39.5663]]}},{"type":"Feature","properties":{"name":"Plaça del Vapor","kind":"road","road":"pedestrian","osm":425952863},"geometry":{"type":"LineString","coordinates":[[2.63732,39.56983],[2.63755,39.56984],[2.63755,39.57012],[2.63745,39.57012],[2.63737,39.56994],[2.63732,39.56983]]}},{"type":"Feature","properties":{"name":"","kind":"road","road":"pedestrian","osm":425954264},"geometry":{"type":"LineString","coordinates":[[2.63661,39.5701],[2.63657,39.56991],[2.63661,39.5699],[2.63674,39.56988],[2.63665,39.5701],[2.63661,39.5701]]}},{"type":"Feature","properties":{"name":"Moll Vell","kind":"road","road":"pedestrian","osm":428447485},"geometry":{"type":"LineString","coordinates":[[2.64224,39.56553],[2.64325,39.56605],[2.64445,39.56666],[2.6445,39.56668],[2.64442,39.56678],[2.64417,39.56708],[2.64373,39.56678],[2.64387,39.56665],[2.6439,39.56661],[2.64396,39.56655],[2.64323,39.56613],[2.64313,39.56623],[2.64311,39.56621],[2.64232,39.5656],[2.64224,39.56553]]}},{"type":"Feature","properties":{"name":"Avinguda de Gabriel Alomar i Villalonga","kind":"road","road":"secondary","osm":430045140},"geometry":{"type":"LineString","coordinates":[[2.6568,39.56608],[2.65684,39.56638]]}},{"type":"Feature","properties":{"name":"","kind":"road","road":"pedestrian","osm":443456853},"geometry":{"type":"LineString","coordinates":[[2.65575,39.56625],[2.65616,39.56622],[2.65646,39.56619],[2.65651,39.56619],[2.6566,39.56618]]}},{"type":"Feature","properties":{"name":"","kind":"road","road":"pedestrian","osm":445347137},"geometry":{"type":"LineString","coordinates":[[2.62409,39.55757],[2.624,39.55746],[2.62398,39.55741],[2.62397,39.55738],[2.62383,39.55707],[2.62384,39.55686],[2.62379,39.55677],[2.62367,39.55665],[2.62362,39.55659],[2.62364,39.55649]]}},{"type":"Feature","properties":{"name":"Avinguda de Joan Miró","kind":"road","road":"tertiary","osm":445349137},"geometry":{"type":"LineString","coordinates":[[2.62285,39.55772],[2.62285,39.55771],[2.62285,39.55768],[2.62285,39.55764],[2.62285,39.5576],[2.62288,39.55754]]}},{"type":"Feature","properties":{"name":"plaça de la Quartera","kind":"park","road":"","osm":448051097},"geometry":{"type":"Polygon","coordinates":[[[2.65305,39.57049],[2.65326,39.57056],[2.65345,39.57061],[2.65353,39.57046],[2.65314,39.57048],[2.65305,39.57049]]]}},{"type":"Feature","properties":{"name":"plaça del Mercadal","kind":"park","road":"","osm":448051331},"geometry":{"type":"Polygon","coordinates":[[[2.65381,39.57052],[2.65402,39.57053],[2.65416,39.57046],[2.65385,39.57039],[2.65381,39.57052]]]}},{"type":"Feature","properties":{"name":"","kind":"road","road":"tertiary","osm":451062962},"geometry":{"type":"LineString","coordinates":[[2.6205,39.57193],[2.62079,39.57198],[2.62129,39.57199],[2.62147,39.57198],[2.62196,39.57197]]}},{"type":"Feature","properties":{"name":"","kind":"road","road":"tertiary","osm":451062968},"geometry":{"type":"LineString","coordinates":[[2.61236,39.57403],[2.61234,39.57407],[2.61231,39.57411],[2.61227,39.57414],[2.61222,39.57417],[2.61217,39.57419],[2.61211,39.57421],[2.61206,39.57421],[2.612,39.57421],[2.61195,39.57421],[2.6119,39.57419],[2.61185,39.57417],[2.61181,39.57415],[2.61177,39.57412]]}},{"type":"Feature","properties":{"name":"","kind":"road","road":"tertiary","osm":451062970},"geometry":{"type":"LineString","coordinates":[[2.61035,39.57415],[2.61038,39.57419],[2.6104,39.57424],[2.6104,39.57428],[2.6104,39.57433],[2.61038,39.57438]]}},{"type":"Feature","properties":{"name":"","kind":"road","road":"tertiary","osm":451062971},"geometry":{"type":"LineString","coordinates":[[2.61177,39.57412],[2.61174,39.57408],[2.61172,39.57404],[2.61171,39.574],[2.6117,39.57396],[2.61171,39.57392],[2.61172,39.57388]]}},{"type":"Feature","properties":{"name":"","kind":"road","road":"tertiary","osm":451062973},"geometry":{"type":"LineString","coordinates":[[2.61193,39.57371],[2.61199,39.57369],[2.61204,39.57369],[2.6121,39.57369],[2.61215,39.57371],[2.6122,39.57372],[2.61225,39.57375],[2.61229,39.57378]]}},{"type":"Feature","properties":{"name":"","kind":"road","road":"tertiary","osm":451062974},"geometry":{"type":"LineString","coordinates":[[2.6206,39.57216],[2.62056,39.57224],[2.62052,39.57228],[2.6205,39.57231],[2.6204,39.57235],[2.6203,39.57237],[2.62019,39.57237],[2.62009,39.57234],[2.62001,39.57228]]}},{"type":"Feature","properties":{"name":"","kind":"road","road":"tertiary","osm":451069305},"geometry":{"type":"LineString","coordinates":[[2.62026,39.57185],[2.62033,39.57186],[2.6204,39.57187],[2.6205,39.57193]]}},{"type":"Feature","properties":{"name":"","kind":"road","road":"tertiary","osm":451069306},"geometry":{"type":"LineString","coordinates":[[2.6205,39.57193],[2.62057,39.57199],[2.6206,39.57207],[2.6206,39.57216]]}},{"type":"Feature","properties":{"name":"Carrer de Nuredduna","kind":"road","road":"pedestrian","osm":451093278},"geometry":{"type":"LineString","coordinates":[[2.65811,39.57282],[2.65818,39.57283],[2.65885,39.57292],[2.65974,39.57303],[2.66029,39.57311],[2.66043,39.57313]]}},{"type":"Feature","properties":{"name":"jardí del Bisbe","kind":"park","road":"","osm":452329468},"geometry":{"type":"Polygon","coordinates":[[[2.64963,39.56766],[2.64972,39.56764],[2.64978,39.56762],[2.65002,39.56753],[2.65,39.56747],[2.64996,39.56748],[2.64995,39.56745],[2.64994,39.56743],[2.64992,39.5674],[2.64991,39.56737],[2.64989,39.56732],[2.64987,39.56729],[2.64985,39.56725],[2.64981,39.56717],[2.64979,39.56715],[2.64978,39.56712],[2.64974,39.56706],[2.64973,39.56705],[2.64972,39.56705],[2.6497,39.56702],[2.64932,39.56719],[2.64936,39.56724],[2.6494,39.56722],[2.64945,39.56728],[2.64957,39.56724],[2.64961,39.56732],[2.64957,39.56733],[2.64963,39.56745],[2.64956,39.56748],[2.64958,39.56752],[2.64954,39.56753],[2.6496,39.56765],[2.64963,39.56766]]]}},{"type":"Feature","properties":{"name":"Carrer del Forn de l'Olivera","kind":"road","road":"pedestrian","osm":453678320},"geometry":{"type":"LineString","coordinates":[[2.64216,39.57004],[2.64214,39.57003],[2.64187,39.56989]]}},{"type":"Feature","properties":{"name":"Avinguda de Gabriel Alomar i Villalonga","kind":"road","road":"secondary","osm":455122825},"geometry":{"type":"LineString","coordinates":[[2.65754,39.56745],[2.65754,39.56753],[2.65751,39.56763],[2.6575,39.56766],[2.65749,39.56767],[2.65744,39.56784]]}},{"type":"Feature","properties":{"name":"Plaça de la Reina","kind":"road","road":"tertiary","osm":462076720},"geometry":{"type":"LineString","coordinates":[[2.64652,39.56905],[2.64647,39.56909],[2.64641,39.56911],[2.64634,39.5691],[2.64629,39.56907]]}},{"type":"Feature","properties":{"name":"Plaça de la Reina","kind":"road","road":"tertiary","osm":462076721},"geometry":{"type":"LineString","coordinates":[[2.64628,39.56893],[2.64634,39.5689],[2.6464,39.56889],[2.64647,39.5689],[2.64651,39.56894]]}},{"type":"Feature","properties":{"name":"Plaça de la Reina","kind":"road","road":"tertiary","osm":466043163},"geometry":{"type":"LineString","coordinates":[[2.64651,39.56894],[2.64654,39.56899],[2.64652,39.56905]]}},{"type":"Feature","properties":{"name":"Carrer de Manacor","kind":"road","road":"secondary","osm":466630267},"geometry":{"type":"LineString","coordinates":[[2.65765,39.57135],[2.65808,39.57135],[2.65818,39.57135]]}},{"type":"Feature","properties":{"name":"Carrer de Valdés Leal","kind":"road","road":"pedestrian","osm":466689233},"geometry":{"type":"LineString","coordinates":[[2.63775,39.57086],[2.63765,39.57075],[2.6376,39.57069],[2.63754,39.57062],[2.63746,39.57051]]}},{"type":"Feature","properties":{"name":"","kind":"park","road":"","osm":472251698},"geometry":{"type":"Polygon","coordinates":[[[2.64054,39.56929],[2.64071,39.56921],[2.64066,39.56916],[2.64085,39.56905],[2.64092,39.56906],[2.6411,39.56926],[2.64084,39.56932],[2.64077,39.56927],[2.6406,39.56932],[2.64054,39.56929]]]}},{"type":"Feature","properties":{"name":"","kind":"park","road":"","osm":472251699},"geometry":{"type":"Polygon","coordinates":[[[2.64106,39.56897],[2.6413,39.56883],[2.64147,39.56902],[2.64147,39.56905],[2.64139,39.56907],[2.64129,39.56909],[2.64121,39.56911],[2.64114,39.56907],[2.64106,39.56897]]]}},{"type":"Feature","properties":{"name":"","kind":"park","road":"","osm":472251859},"geometry":{"type":"Polygon","coordinates":[[[2.63763,39.56894],[2.63879,39.56895],[2.6389,39.56877],[2.63939,39.56909],[2.63953,39.56922],[2.63926,39.56921],[2.63894,39.56918],[2.63763,39.56894]]]}},{"type":"Feature","properties":{"name":"Plaça de la Reina","kind":"road","road":"tertiary","osm":473973247},"geometry":{"type":"LineString","coordinates":[[2.64652,39.56905],[2.64646,39.5692]]}},{"type":"Feature","properties":{"name":"Avinguda de Picasso","kind":"road","road":"tertiary","osm":478112246},"geometry":{"type":"LineString","coordinates":[[2.62369,39.57299],[2.6236,39.57325],[2.62359,39.57333],[2.62358,39.57355],[2.62363,39.57367],[2.62366,39.5737],[2.62373,39.57375]]}},{"type":"Feature","properties":{"name":"Carrer de Monsenyor Palmer","kind":"road","road":"tertiary","osm":478112248},"geometry":{"type":"LineString","coordinates":[[2.6348,39.56888],[2.63469,39.56899],[2.63467,39.569]]}},{"type":"Feature","properties":{"name":"Plaça del Pont","kind":"road","road":"tertiary","osm":478112249},"geometry":{"type":"LineString","coordinates":[[2.63329,39.57028],[2.63305,39.57014]]}},{"type":"Feature","properties":{"name":"Avinguda de Gabriel Roca","kind":"road","road":"trunk","osm":478112250},"geometry":{"type":"LineString","coordinates":[[2.6348,39.56888],[2.6347,39.56887],[2.63445,39.56885]]}},{"type":"Feature","properties":{"name":"Avinguda de Gabriel Alomar i Villalonga","kind":"road","road":"secondary","osm":478141503},"geometry":{"type":"LineString","coordinates":[[2.65689,39.56669],[2.65692,39.56676],[2.65697,39.56682]]}},{"type":"Feature","properties":{"name":"Avinguda Adolfo Suárez","kind":"road","road":"trunk","osm":478141505},"geometry":{"type":"LineString","coordinates":[[2.64622,39.56576],[2.64606,39.56587],[2.64595,39.56597],[2.64591,39.56601],[2.64588,39.56603],[2.64571,39.56619]]}},{"type":"Feature","properties":{"name":"","kind":"road","road":"tertiary","osm":478275096},"geometry":{"type":"LineString","coordinates":[[2.61993,39.57213],[2.61994,39.57204],[2.61999,39.57196],[2.62007,39.5719],[2.62017,39.57186],[2.62026,39.57185]]}},{"type":"Feature","properties":{"name":"","kind":"road","road":"tertiary","osm":478706473},"geometry":{"type":"LineString","coordinates":[[2.61229,39.57378],[2.61233,39.57382],[2.61235,39.57385],[2.61237,39.5739],[2.61238,39.57394],[2.61238,39.57399],[2.61236,39.57403]]}},{"type":"Feature","properties":{"name":"Carrer d'Andrea Doria","kind":"road","road":"tertiary","osm":478706475},"geometry":{"type":"LineString","coordinates":[[2.62196,39.57197],[2.62133,39.57206],[2.62097,39.57207],[2.6208,39.57209],[2.6206,39.57216]]}},{"type":"Feature","properties":{"name":"","kind":"road","road":"tertiary","osm":478706478},"geometry":{"type":"LineString","coordinates":[[2.61188,39.57372],[2.61193,39.57371]]}},{"type":"Feature","properties":{"name":"Plaça del Pont","kind":"road","road":"tertiary","osm":478712097},"geometry":{"type":"LineString","coordinates":[[2.63293,39.57007],[2.63311,39.57011],[2.63318,39.57013],[2.63324,39.57015],[2.63336,39.57017],[2.63357,39.57013]]}},{"type":"Feature","properties":{"name":"","kind":"road","road":"tertiary","osm":478712098},"geometry":{"type":"LineString","coordinates":[[2.60995,39.57405],[2.61001,39.57404],[2.61007,39.57404],[2.61013,39.57404],[2.61019,39.57405],[2.61024,39.57407],[2.61029,39.5741]]}},{"type":"Feature","properties":{"name":"","kind":"road","road":"tertiary","osm":482037898},"geometry":{"type":"LineString","coordinates":[[2.61029,39.5741],[2.61032,39.57412],[2.61035,39.57415]]}},{"type":"Feature","properties":{"name":"Carrer d'Andrea Doria","kind":"road","road":"tertiary","osm":482220091},"geometry":{"type":"LineString","coordinates":[[2.63047,39.57066],[2.63036,39.57066],[2.63028,39.57065]]}},{"type":"Feature","properties":{"name":"Avinguda de Picasso","kind":"road","road":"tertiary","osm":482305790},"geometry":{"type":"LineString","coordinates":[[2.6257,39.57442],[2.62575,39.57446],[2.62602,39.57474],[2.62613,39.57491],[2.62615,39.57512],[2.62612,39.57531],[2.62611,39.57536],[2.626,39.57555],[2.62583,39.57578],[2.62579,39.57584],[2.62572,39.57595],[2.62567,39.57613],[2.62567,39.57619],[2.62568,39.5763],[2.62573,39.57651],[2.62609,39.57743],[2.62611,39.5775],[2.62646,39.57833],[2.62652,39.57843],[2.62665,39.57864],[2.62668,39.57869],[2.62686,39.57895],[2.6269,39.57908],[2.62692,39.57914]]}},{"type":"Feature","properties":{"name":"Carrer de Son Armadans","kind":"road","road":"tertiary","osm":482305792},"geometry":{"type":"LineString","coordinates":[[2.62517,39.56706],[2.62507,39.56592]]}},{"type":"Feature","properties":{"name":"","kind":"road","road":"pedestrian","osm":492400284},"geometry":{"type":"LineString","coordinates":[[2.65517,39.5654],[2.65506,39.5655],[2.65507,39.56553],[2.65475,39.56565],[2.65506,39.56558],[2.6551,39.56557],[2.65514,39.56555],[2.65544,39.56547],[2.65551,39.56552],[2.65565,39.566],[2.6557,39.56597],[2.65564,39.56565],[2.65566,39.56554],[2.65547,39.56529],[2.65539,39.56526],[2.65517,39.5654]]}},{"type":"Feature","properties":{"name":"","kind":"road","road":"pedestrian","osm":492400286},"geometry":{"type":"LineString","coordinates":[[2.65255,39.56536],[2.6529,39.56536],[2.65426,39.56536]]}},{"type":"Feature","properties":{"name":"","kind":"road","road":"pedestrian","osm":492400290},"geometry":{"type":"LineString","coordinates":[[2.65472,39.56564],[2.65487,39.56555],[2.65486,39.56552],[2.65484,39.56548],[2.655,39.56536],[2.655,39.56534],[2.65484,39.56534],[2.65477,39.56536],[2.65477,39.56539],[2.65478,39.56542],[2.6547,39.56545],[2.65472,39.56564]]}},{"type":"Feature","properties":{"name":"baluard del Príncep","kind":"road","road":"pedestrian","osm":492400293},"geometry":{"type":"LineString","coordinates":[[2.65599,39.56505],[2.65597,39.56508],[2.65592,39.56507],[2.65582,39.56509],[2.65572,39.56509],[2.65562,39.56509],[2.65551,39.5651],[2.65542,39.56513],[2.65508,39.56526],[2.65504,39.56513],[2.65527,39.56507],[2.65529,39.56511],[2.65539,39.56509],[2.65537,39.56504],[2.65555,39.56499],[2.6556,39.56497],[2.65559,39.56495],[2.65599,39.56483],[2.65599,39.56505]]}},{"type":"Feature","properties":{"name":"","kind":"road","road":"pedestrian","osm":492400296},"geometry":{"type":"LineString","coordinates":[[2.65599,39.56556],[2.65572,39.56511],[2.65562,39.56512],[2.65555,39.56513],[2.65551,39.56522],[2.65546,39.56525],[2.65543,39.56524],[2.65551,39.5651],[2.65562,39.56509],[2.65572,39.56509],[2.65582,39.56509],[2.65592,39.56507],[2.65597,39.56515],[2.65599,39.56556]]}},{"type":"Feature","properties":{"name":"","kind":"road","road":"trunk","osm":509612080},"geometry":{"type":"LineString","coordinates":[[2.65732,39.56454],[2.65718,39.56454],[2.65703,39.56455],[2.65689,39.56455],[2.65675,39.56454],[2.65669,39.56454],[2.65653,39.56453]]}},{"type":"Feature","properties":{"name":"Carrer d'Andrea Doria","kind":"road","road":"tertiary","osm":546069946},"geometry":{"type":"LineString","coordinates":[[2.62542,39.57131],[2.62488,39.57148],[2.62454,39.57155],[2.62367,39.57168]]}},{"type":"Feature","properties":{"name":"Carrer d'Andrea Doria","kind":"road","road":"tertiary","osm":546069950},"geometry":{"type":"LineString","coordinates":[[2.62367,39.57168],[2.62305,39.57179],[2.62244,39.5719],[2.62226,39.57193],[2.62221,39.57194],[2.62196,39.57197]]}},{"type":"Feature","properties":{"name":"","kind":"park","road":"","osm":571052415},"geometry":{"type":"Polygon","coordinates":[[[2.63992,39.57025],[2.64004,39.57019],[2.63995,39.5701],[2.63984,39.57017],[2.63992,39.57025]]]}},{"type":"Feature","properties":{"name":"","kind":"water","road":"","osm":571052416},"geometry":{"type":"Polygon","coordinates":[[[2.6402,39.57049],[2.64016,39.57039],[2.6401,39.57033],[2.64009,39.57033],[2.64008,39.57033],[2.64007,39.57034],[2.64007,39.57035],[2.64013,39.57041],[2.64016,39.5705],[2.64017,39.5705],[2.64018,39.5705],[2.64019,39.5705],[2.6402,39.57049]]]}},{"type":"Feature","properties":{"name":"","kind":"water","road":"","osm":571052419},"geometry":{"type":"Polygon","coordinates":[[[2.64041,39.57101],[2.64041,39.57102],[2.64048,39.5712],[2.64048,39.57121],[2.64047,39.57121],[2.64047,39.57122],[2.64046,39.57122],[2.64045,39.57121],[2.64044,39.57121],[2.64037,39.57103],[2.64037,39.57102],[2.64038,39.57102],[2.64038,39.57101],[2.64039,39.57101],[2.6404,39.57101],[2.64041,39.57101]]]}},{"type":"Feature","properties":{"name":"","kind":"park","road":"","osm":571052422},"geometry":{"type":"Polygon","coordinates":[[[2.64052,39.57134],[2.6405,39.57134],[2.64048,39.57136],[2.64047,39.57137],[2.64046,39.57139],[2.64046,39.57141],[2.64047,39.57142],[2.64048,39.57144],[2.6405,39.57145],[2.64052,39.57146],[2.64054,39.57146],[2.64057,39.57146],[2.64059,39.57145],[2.64061,39.57144],[2.64062,39.57142],[2.64063,39.5714],[2.64062,39.57138],[2.64061,39.57136],[2.6406,39.57135],[2.64057,39.57134],[2.64055,39.57133],[2.64052,39.57134]]]}},{"type":"Feature","properties":{"name":"","kind":"water","road":"","osm":571052423},"geometry":{"type":"Polygon","coordinates":[[[2.64058,39.57137],[2.64059,39.57138],[2.64059,39.57139],[2.64059,39.57141],[2.64059,39.57142],[2.64058,39.57143],[2.64056,39.57143],[2.64054,39.57144],[2.64053,39.57143],[2.64051,39.57143],[2.6405,39.57142],[2.6405,39.57141],[2.6405,39.5714],[2.6405,39.57139],[2.64051,39.57138],[2.64052,39.57137],[2.64053,39.57136],[2.64054,39.57136],[2.64056,39.57136],[2.64057,39.57136],[2.64058,39.57137]]]}},{"type":"Feature","properties":{"name":"","kind":"water","road":"","osm":571052425},"geometry":{"type":"Polygon","coordinates":[[[2.63997,39.57015],[2.63998,39.57016],[2.63999,39.57017],[2.63998,39.57018],[2.63998,39.5702],[2.63997,39.57021],[2.63995,39.57021],[2.63994,39.57021],[2.63992,39.57021],[2.63991,39.57021],[2.63989,39.5702],[2.63989,39.57019],[2.63989,39.57017],[2.63989,39.57016],[2.6399,39.57015],[2.63991,39.57015],[2.63992,39.57014],[2.63993,39.57014],[2.63995,39.57014],[2.63996,39.57014],[2.63997,39.57015]]]}},{"type":"Feature","properties":{"name":"Carrer del Comte de Barcelona","kind":"road","road":"tertiary","osm":573026781},"geometry":{"type":"LineString","coordinates":[[2.6387,39.57346],[2.63813,39.57312]]}},{"type":"Feature","properties":{"name":"","kind":"water","road":"","osm":578944362},"geometry":{"type":"Polygon","coordinates":[[[2.64372,39.56919],[2.64373,39.56919],[2.64374,39.56921],[2.64374,39.56922],[2.64374,39.56923],[2.64373,39.56924],[2.64372,39.56925],[2.64371,39.56926],[2.64369,39.56926],[2.64367,39.56925],[2.64366,39.56925],[2.64365,39.56924],[2.64364,39.56923],[2.64364,39.56921],[2.64365,39.5692],[2.64366,39.56919],[2.64367,39.56918],[2.64369,39.56918],[2.6437,39.56918],[2.64372,39.56919]]]}},{"type":"Feature","properties":{"name":"","kind":"water","road":"","osm":578950117},"geometry":{"type":"Polygon","coordinates":[[[2.64123,39.56893],[2.64122,39.56893],[2.64122,39.56894],[2.64121,39.56894],[2.6412,39.56893],[2.64121,39.56892],[2.64122,39.56892],[2.64123,39.56893]]]}},{"type":"Feature","properties":{"name":"Plaça Progrés","kind":"park","road":"","osm":578966097},"geometry":{"type":"Polygon","coordinates":[[[2.63614,39.57242],[2.63619,39.5724],[2.63656,39.57232],[2.63658,39.57231],[2.63657,39.5723],[2.63638,39.5722],[2.63627,39.57214],[2.63607,39.57203],[2.63585,39.5719],[2.63583,39.57188],[2.63578,39.57183],[2.63577,39.57182],[2.63576,39.57183],[2.63596,39.57233],[2.63599,39.57238],[2.63605,39.5724],[2.63605,39.57241],[2.63614,39.57242]]]}},{"type":"Feature","properties":{"name":"","kind":"water","road":"","osm":581724377},"geometry":{"type":"Polygon","coordinates":[[[2.64688,39.57126],[2.64687,39.57127],[2.64687,39.57128],[2.64687,39.57129],[2.64687,39.5713],[2.64688,39.57131],[2.64689,39.57131],[2.6469,39.57131],[2.64691,39.57131],[2.64693,39.57131],[2.64694,39.5713],[2.64695,39.57129],[2.64694,39.57128],[2.64694,39.57127],[2.64693,39.57126],[2.64692,39.57126],[2.64691,39.57125],[2.64689,39.57126],[2.64688,39.57126]]]}},{"type":"Feature","properties":{"name":"","kind":"water","road":"","osm":581726628},"geometry":{"type":"Polygon","coordinates":[[[2.64634,39.56896],[2.64633,39.56897],[2.64633,39.56899],[2.64633,39.56901],[2.64634,39.56902],[2.64635,39.56903],[2.64637,39.56904],[2.6464,39.56905],[2.64642,39.56904],[2.64644,39.56903],[2.64645,39.56902],[2.64646,39.569],[2.64646,39.56899],[2.64645,39.56897],[2.64644,39.56896],[2.64642,39.56895],[2.6464,39.56894],[2.64638,39.56894],[2.64636,39.56895],[2.64634,39.56896]]]}},{"type":"Feature","properties":{"name":"","kind":"water","road":"","osm":581726629},"geometry":{"type":"Polygon","coordinates":[[[2.64685,39.56889],[2.64685,39.5689],[2.64684,39.5689],[2.64683,39.56889],[2.64683,39.56888],[2.64684,39.56888],[2.64685,39.56888],[2.64685,39.56889]]]}},{"type":"Feature","properties":{"name":"","kind":"water","road":"","osm":581726630},"geometry":{"type":"Polygon","coordinates":[[[2.64652,39.56826],[2.64656,39.56824],[2.64646,39.56808],[2.64642,39.56809],[2.64652,39.56826]]]}},{"type":"Feature","properties":{"name":"","kind":"water","road":"","osm":581726631},"geometry":{"type":"Polygon","coordinates":[[[2.64639,39.56804],[2.64643,39.56802],[2.64634,39.56786],[2.64629,39.56787],[2.64639,39.56804]]]}},{"type":"Feature","properties":{"name":"","kind":"water","road":"","osm":581726701},"geometry":{"type":"Polygon","coordinates":[[[2.65672,39.56608],[2.65672,39.56609],[2.65671,39.5661],[2.6567,39.5661],[2.65669,39.56611],[2.65668,39.56611],[2.65667,39.5661],[2.65666,39.5661],[2.65665,39.56609],[2.65665,39.56608],[2.65665,39.56607],[2.65666,39.56606],[2.65666,39.56605],[2.65668,39.56605],[2.65669,39.56605],[2.6567,39.56605],[2.65671,39.56606],[2.65672,39.56606],[2.65672,39.56607],[2.65672,39.56608]]]}},{"type":"Feature","properties":{"name":"Avinguda d'Alexandre Rosselló","kind":"road","road":"secondary","osm":601325293},"geometry":{"type":"LineString","coordinates":[[2.65692,39.57265],[2.6569,39.57272]]}},{"type":"Feature","properties":{"name":"Avinguda de Gabriel Roca","kind":"road","road":"trunk","osm":627289875},"geometry":{"type":"LineString","coordinates":[[2.6392,39.5694],[2.63896,39.56937]]}},{"type":"Feature","properties":{"name":"Avinguda de l'Argentina","kind":"road","road":"secondary","osm":627289876},"geometry":{"type":"LineString","coordinates":[[2.6392,39.5694],[2.63924,39.56944],[2.63927,39.56949],[2.6393,39.56956],[2.63934,39.56966]]}},{"type":"Feature","properties":{"name":"carrer de Fra Juníper Serra","kind":"road","road":"tertiary","osm":660544603},"geometry":{"type":"LineString","coordinates":[[2.63028,39.57065],[2.63015,39.57044]]}},{"type":"Feature","properties":{"name":"Carrer d'Andrea Doria","kind":"road","road":"tertiary","osm":660544604},"geometry":{"type":"LineString","coordinates":[[2.63028,39.57065],[2.62989,39.57063],[2.62927,39.5706],[2.62919,39.5706],[2.62851,39.57057],[2.62779,39.57065],[2.62735,39.57071],[2.62637,39.57099],[2.62542,39.57131]]}},{"type":"Feature","properties":{"name":"carrer de Fra Juníper Serra","kind":"road","road":"tertiary","osm":660544605},"geometry":{"type":"LineString","coordinates":[[2.63015,39.57044],[2.62989,39.56998],[2.6295,39.56931],[2.62946,39.56925],[2.62939,39.56913],[2.62918,39.56877],[2.6287,39.56795]]}},{"type":"Feature","properties":{"name":"","kind":"park","road":"","osm":660685148},"geometry":{"type":"Polygon","coordinates":[[[2.61769,39.57184],[2.61786,39.57171],[2.61817,39.57168],[2.6185,39.57191],[2.6186,39.57191],[2.6184,39.57243],[2.61769,39.57184]]]}},{"type":"Feature","properties":{"name":"carrer de Sant Miquel","kind":"road","road":"pedestrian","osm":667437511},"geometry":{"type":"LineString","coordinates":[[2.65186,39.57157],[2.65188,39.57162]]}},{"type":"Feature","properties":{"name":"Carrer 129","kind":"road","road":"pedestrian","osm":680427727},"geometry":{"type":"LineString","coordinates":[[2.62574,39.56214],[2.62605,39.56209]]}},{"type":"Feature","properties":{"name":"Carrer de Bernat d'Enveig","kind":"road","road":"pedestrian","osm":680541715},"geometry":{"type":"LineString","coordinates":[[2.64304,39.57268],[2.64304,39.57269],[2.64305,39.5727],[2.64313,39.57286],[2.64294,39.57291],[2.64279,39.57306]]}},{"type":"Feature","properties":{"name":"Carrer Botaló","kind":"road","road":"pedestrian","osm":680602217},"geometry":{"type":"LineString","coordinates":[[2.63881,39.57032],[2.63883,39.57053],[2.63885,39.57076]]}},{"type":"Feature","properties":{"name":"Carrer de Crist Verd","kind":"road","road":"pedestrian","osm":680879085},"geometry":{"type":"LineString","coordinates":[[2.65238,39.57434],[2.65213,39.57435]]}},{"type":"Feature","properties":{"name":"Carrer de Gregori Sallambre","kind":"road","road":"pedestrian","osm":681196456},"geometry":{"type":"LineString","coordinates":[[2.64391,39.57351],[2.64367,39.57378]]}},{"type":"Feature","properties":{"name":"Carrer Mestra","kind":"road","road":"pedestrian","osm":681415192},"geometry":{"type":"LineString","coordinates":[[2.64278,39.56963],[2.64273,39.56951]]}},{"type":"Feature","properties":{"name":"Carrer Nigul","kind":"road","road":"pedestrian","osm":681432117},"geometry":{"type":"LineString","coordinates":[[2.62595,39.56277],[2.62634,39.56276]]}},{"type":"Feature","properties":{"name":"Carrer Xarxa","kind":"road","road":"pedestrian","osm":682403847},"geometry":{"type":"LineString","coordinates":[[2.6376,39.57069],[2.63742,39.57076]]}},{"type":"Feature","properties":{"name":"Carrer de Sant Miquel","kind":"road","road":"pedestrian","osm":682817263},"geometry":{"type":"LineString","coordinates":[[2.65188,39.57162],[2.65191,39.57168],[2.652,39.57193],[2.65202,39.57198],[2.65204,39.57207],[2.65208,39.57226],[2.65212,39.57268],[2.65211,39.57274],[2.65211,39.57291],[2.65211,39.57309],[2.65212,39.57377],[2.65212,39.57386],[2.65212,39.57394],[2.65213,39.57405],[2.65213,39.57435],[2.65213,39.57443],[2.65214,39.57494]]}},{"type":"Feature","properties":{"name":"Plaça de Sant Jeroni","kind":"road","road":"pedestrian","osm":696730865},"geometry":{"type":"LineString","coordinates":[[2.6542,39.56685],[2.6547,39.56682]]}},{"type":"Feature","properties":{"name":"","kind":"water","road":"","osm":696730866},"geometry":{"type":"Polygon","coordinates":[[[2.65447,39.56691],[2.65446,39.56691],[2.65445,39.5669],[2.65444,39.56689],[2.65444,39.56688],[2.65444,39.56687],[2.65445,39.56687],[2.65445,39.56686],[2.65446,39.56686],[2.65447,39.56686],[2.65448,39.56686],[2.65449,39.56686],[2.6545,39.56687],[2.6545,39.56688],[2.6545,39.56689],[2.65449,39.5669],[2.65447,39.56691]]]}},{"type":"Feature","properties":{"name":"Avinguda de l'Argentina","kind":"road","road":"secondary","osm":697553396},"geometry":{"type":"LineString","coordinates":[[2.63963,39.57036],[2.63976,39.57068],[2.6398,39.57078],[2.63993,39.57109],[2.63996,39.57114],[2.64014,39.57157],[2.64018,39.57161]]}},{"type":"Feature","properties":{"name":"Passeig Mallorca","kind":"road","road":"secondary","osm":697561976},"geometry":{"type":"LineString","coordinates":[[2.64209,39.57352],[2.64252,39.57377],[2.64326,39.57423],[2.64337,39.5743],[2.64342,39.57434],[2.64346,39.57439],[2.64352,39.57459],[2.64402,39.57598],[2.644,39.57612]]}},{"type":"Feature","properties":{"name":"Passeig Mallorca","kind":"road","road":"tertiary","osm":703826066},"geometry":{"type":"LineString","coordinates":[[2.64236,39.57289],[2.64234,39.57282],[2.64231,39.57268],[2.64228,39.57254]]}},{"type":"Feature","properties":{"name":"Plaça del Progrés","kind":"road","road":"tertiary","osm":703952062},"geometry":{"type":"LineString","coordinates":[[2.63653,39.57217],[2.63633,39.57205]]}},{"type":"Feature","properties":{"name":"","kind":"park","road":"","osm":717559613},"geometry":{"type":"Polygon","coordinates":[[[2.64747,39.56575],[2.64708,39.56583],[2.64697,39.56591],[2.64665,39.56617],[2.6467,39.56621],[2.64675,39.56618],[2.64692,39.56605],[2.64696,39.56601],[2.64703,39.56596],[2.64727,39.56591],[2.64747,39.56575]]]}},{"type":"Feature","properties":{"name":"Avinguda de Gabriel Roca","kind":"road","road":"trunk","osm":722670494},"geometry":{"type":"LineString","coordinates":[[2.64501,39.56698],[2.64496,39.56705],[2.64488,39.56714],[2.6447,39.56735],[2.64461,39.56746],[2.64456,39.56752],[2.6445,39.56758],[2.64439,39.56769],[2.64433,39.56774],[2.64421,39.56783],[2.64409,39.56792],[2.64395,39.56801],[2.64386,39.56807],[2.64368,39.56819],[2.64348,39.56832],[2.64334,39.56842],[2.64308,39.56858],[2.64282,39.56876],[2.64269,39.56885],[2.64255,39.56894],[2.64248,39.56898],[2.64241,39.56901],[2.64233,39.56905],[2.64226,39.56908],[2.64211,39.56914],[2.64186,39.56921],[2.64158,39.56929],[2.64154,39.5693],[2.64131,39.56937],[2.64114,39.5694],[2.64097,39.56944],[2.64089,39.56945],[2.64081,39.56946]]}},{"type":"Feature","properties":{"name":"Carrer Francesc Vidal i Sureda","kind":"road","road":"tertiary","osm":729245075},"geometry":{"type":"LineString","coordinates":[[2.6213,39.55568],[2.6213,39.55577],[2.6213,39.55587],[2.62128,39.55593],[2.62125,39.55598],[2.62121,39.55602],[2.62114,39.55606],[2.62107,39.55608],[2.62062,39.55613],[2.62051,39.55615],[2.62046,39.55617],[2.62042,39.5562],[2.62039,39.55624],[2.62037,39.55628]]}},{"type":"Feature","properties":{"name":"Carrer Francesc Vidal i Sureda","kind":"road","road":"tertiary","osm":729245076},"geometry":{"type":"LineString","coordinates":[[2.61931,39.55587],[2.61925,39.55613],[2.61924,39.55622],[2.61929,39.55634],[2.61943,39.55638],[2.61955,39.55635],[2.61962,39.55631],[2.61966,39.55626],[2.61968,39.5562],[2.6197,39.55612]]}},{"type":"Feature","properties":{"name":"Carrer Francesc Vidal i Sureda","kind":"road","road":"tertiary","osm":729245079},"geometry":{"type":"LineString","coordinates":[[2.6197,39.55612],[2.61968,39.55598],[2.61971,39.55582],[2.61978,39.55573],[2.62017,39.55569],[2.62097,39.55563],[2.62115,39.55564],[2.6213,39.55568]]}},{"type":"Feature","properties":{"name":"Carrer Francesc Vidal i Sureda","kind":"road","road":"tertiary","osm":729245081},"geometry":{"type":"LineString","coordinates":[[2.61925,39.55574],[2.6193,39.55581],[2.61931,39.55587]]}},{"type":"Feature","properties":{"name":"Carrer Francesc Vidal i Sureda","kind":"road","road":"tertiary","osm":729248283},"geometry":{"type":"LineString","coordinates":[[2.62037,39.55628],[2.62036,39.55635],[2.62038,39.55643],[2.62043,39.55653],[2.62073,39.55703],[2.62075,39.55716],[2.6206,39.55732],[2.61962,39.55768],[2.61954,39.55775],[2.61953,39.55783],[2.61955,39.55792],[2.61964,39.55798],[2.61977,39.55798],[2.61985,39.55793],[2.61987,39.55788],[2.61998,39.55768],[2.62025,39.55754],[2.62039,39.5575],[2.62047,39.55748],[2.62056,39.55748],[2.62064,39.55749],[2.62073,39.55751],[2.62108,39.55766],[2.62125,39.55772],[2.6214,39.55773],[2.62163,39.55771],[2.62235,39.55766],[2.62262,39.55766]]}},{"type":"Feature","properties":{"name":"","kind":"park","road":"","osm":750534611},"geometry":{"type":"Polygon","coordinates":[[[2.6496,39.56602],[2.6496,39.56603],[2.64949,39.56612],[2.64934,39.56615],[2.64933,39.56614],[2.64945,39.56605],[2.6496,39.56602]]]}},{"type":"Feature","properties":{"name":"","kind":"park","road":"","osm":750534613},"geometry":{"type":"Polygon","coordinates":[[[2.64979,39.56587],[2.6498,39.56588],[2.64968,39.56597],[2.64953,39.56601],[2.64952,39.56599],[2.64964,39.5659],[2.64979,39.56587]]]}},{"type":"Feature","properties":{"name":"Llac dels Cignes","kind":"water","road":"","osm":750534615},"geometry":{"type":"Polygon","coordinates":[[[2.64657,39.56749],[2.64675,39.5674],[2.64672,39.56719],[2.64647,39.5672],[2.64645,39.56721],[2.64645,39.56729],[2.64657,39.56749]]]}},{"type":"Feature","properties":{"name":"","kind":"park","road":"","osm":750534619},"geometry":{"type":"Polygon","coordinates":[[[2.64941,39.56616],[2.64942,39.56618],[2.6493,39.56627],[2.64915,39.5663],[2.64915,39.56628],[2.64926,39.56619],[2.64941,39.56616]]]}},{"type":"Feature","properties":{"name":"","kind":"park","road":"","osm":750545632},"geometry":{"type":"Polygon","coordinates":[[[2.64648,39.56779],[2.64643,39.5677],[2.64648,39.56769],[2.64641,39.56757],[2.6464,39.56755],[2.64642,39.56755],[2.64642,39.56753],[2.64634,39.56739],[2.64627,39.56727],[2.64625,39.56724],[2.64631,39.56724],[2.64631,39.56723],[2.64632,39.56722],[2.64645,39.56721],[2.64647,39.5672],[2.64669,39.56719],[2.64672,39.56719],[2.6468,39.56719],[2.64684,39.56738],[2.64682,39.56737],[2.6468,39.56737],[2.64675,39.5674],[2.64656,39.5675],[2.64646,39.56755],[2.64653,39.56764],[2.64659,39.56776],[2.64648,39.56779]]]}},{"type":"Feature","properties":{"name":"","kind":"park","road":"","osm":750545633},"geometry":{"type":"Polygon","coordinates":[[[2.64614,39.5672],[2.64611,39.56721],[2.64609,39.56717],[2.64611,39.56716],[2.64614,39.5672]]]}},{"type":"Feature","properties":{"name":"","kind":"park","road":"","osm":750545637},"geometry":{"type":"Polygon","coordinates":[[[2.64608,39.56722],[2.64601,39.56724],[2.64598,39.56719],[2.64606,39.56718],[2.64608,39.56722]]]}},{"type":"Feature","properties":{"name":"","kind":"park","road":"","osm":750545639},"geometry":{"type":"Polygon","coordinates":[[[2.64586,39.56739],[2.64584,39.56735],[2.64597,39.56731],[2.64598,39.56734],[2.64586,39.56739]]]}},{"type":"Feature","properties":{"name":"","kind":"park","road":"","osm":750545642},"geometry":{"type":"Polygon","coordinates":[[[2.64594,39.56727],[2.64582,39.56731],[2.64577,39.56723],[2.64591,39.5672],[2.64594,39.56727]]]}},{"type":"Feature","properties":{"name":"","kind":"park","road":"","osm":750545644},"geometry":{"type":"Polygon","coordinates":[[[2.64616,39.56724],[2.64613,39.56725],[2.64615,39.56729],[2.64618,39.56728],[2.64616,39.56724]]]}},{"type":"Feature","properties":{"name":"","kind":"park","road":"","osm":750545646},"geometry":{"type":"Polygon","coordinates":[[[2.64605,39.56732],[2.64603,39.56728],[2.64611,39.56726],[2.64613,39.56729],[2.64605,39.56732]]]}},{"type":"Feature","properties":{"name":"","kind":"road","road":"pedestrian","osm":750771296},"geometry":{"type":"LineString","coordinates":[[2.64625,39.56724],[2.64631,39.56724],[2.64631,39.56723],[2.64632,39.56722],[2.64645,39.56721],[2.64645,39.56729],[2.64657,39.56749],[2.64646,39.56755],[2.64641,39.56757],[2.6464,39.56755],[2.64642,39.56755],[2.64634,39.56739],[2.64627,39.56727],[2.64625,39.56724]]}},{"type":"Feature","properties":{"name":"","kind":"park","road":"","osm":750771299},"geometry":{"type":"Polygon","coordinates":[[[2.64672,39.56719],[2.6468,39.56719],[2.64684,39.56738],[2.64682,39.56737],[2.6468,39.56737],[2.64675,39.5674],[2.64672,39.56719]]]}},{"type":"Feature","properties":{"name":"","kind":"road","road":"pedestrian","osm":751009621},"geometry":{"type":"LineString","coordinates":[[2.64859,39.56932],[2.64864,39.56934],[2.64869,39.56937],[2.64897,39.56951],[2.64904,39.56957],[2.64903,39.56958],[2.64904,39.56959],[2.64905,39.56959],[2.64907,39.56956],[2.64908,39.56956],[2.64909,39.56955],[2.64913,39.56951],[2.64914,39.56951],[2.64913,39.5695],[2.64921,39.56941],[2.64913,39.56945],[2.64909,39.56944],[2.64902,39.56944],[2.64892,39.56941],[2.64879,39.56937],[2.6486,39.56931],[2.64859,39.56932]]}},{"type":"Feature","properties":{"name":"","kind":"road","road":"pedestrian","osm":753349781},"geometry":{"type":"LineString","coordinates":[[2.64826,39.56958],[2.64807,39.56959]]}},{"type":"Feature","properties":{"name":"","kind":"road","road":"pedestrian","osm":753349782},"geometry":{"type":"LineString","coordinates":[[2.64808,39.56963],[2.64796,39.56964],[2.64795,39.56964],[2.64794,39.5696],[2.64794,39.56955],[2.64795,39.56955],[2.64807,39.56954],[2.64808,39.56963]]}},{"type":"Feature","properties":{"name":"","kind":"road","road":"pedestrian","osm":753349783},"geometry":{"type":"LineString","coordinates":[[2.64822,39.56973],[2.64826,39.56958],[2.64838,39.56949]]}},{"type":"Feature","properties":{"name":"","kind":"road","road":"pedestrian","osm":775327632},"geometry":{"type":"LineString","coordinates":[[2.63774,39.57071],[2.63765,39.57075]]}},{"type":"Feature","properties":{"name":"Carrer del Salt del Ca","kind":"road","road":"pedestrian","osm":781289113},"geometry":{"type":"LineString","coordinates":[[2.63113,39.56872],[2.631,39.56885]]}},{"type":"Feature","properties":{"name":"placeta de Sant Feliu","kind":"road","road":"pedestrian","osm":788152954},"geometry":{"type":"LineString","coordinates":[[2.64538,39.57042],[2.64541,39.57042],[2.64545,39.57046],[2.64549,39.57043],[2.64555,39.5704],[2.64557,39.57038],[2.64551,39.57033],[2.64538,39.57039],[2.64538,39.57042]]}},{"type":"Feature","properties":{"name":"","kind":"road","road":"pedestrian","osm":789702842},"geometry":{"type":"LineString","coordinates":[[2.63302,39.57398],[2.63288,39.57383],[2.6328,39.57375],[2.63267,39.57361],[2.63241,39.57377],[2.6328,39.57412],[2.63285,39.57409],[2.63297,39.57401],[2.63302,39.57398]]}},{"type":"Feature","properties":{"name":"Sa Pedrera","kind":"road","road":"pedestrian","osm":792621266},"geometry":{"type":"LineString","coordinates":[[2.62637,39.56084],[2.62649,39.56084],[2.62663,39.56084],[2.62669,39.56085],[2.62654,39.55994],[2.62623,39.55997],[2.62624,39.56004],[2.62628,39.56027],[2.62629,39.56032],[2.62633,39.5606],[2.62637,39.56077],[2.62637,39.56084]]}},{"type":"Feature","properties":{"name":"Avinguda de Gabriel Roca","kind":"road","road":"trunk","osm":838560259},"geometry":{"type":"LineString","coordinates":[[2.62422,39.55464],[2.62428,39.55474],[2.62434,39.55484],[2.62445,39.55502],[2.62453,39.55515],[2.6246,39.55526],[2.62479,39.55557],[2.62493,39.55581],[2.62501,39.55594],[2.62509,39.55606],[2.6252,39.55624],[2.62527,39.55636],[2.62534,39.55648],[2.62542,39.5566],[2.62553,39.55679],[2.62561,39.55691],[2.62573,39.55712]]}},{"type":"Feature","properties":{"name":"Avinguda de Gabriel Roca","kind":"road","road":"trunk","osm":838560261},"geometry":{"type":"LineString","coordinates":[[2.62588,39.55737],[2.62597,39.55751],[2.62602,39.55758],[2.62605,39.55764],[2.62612,39.55775],[2.62619,39.55788],[2.62627,39.558],[2.62634,39.55812],[2.6264,39.55825],[2.62646,39.55837],[2.6265,39.5585],[2.62653,39.55861],[2.62654,39.55864],[2.62658,39.55877],[2.6266,39.5589],[2.62662,39.55903],[2.62664,39.55917],[2.62668,39.55936],[2.62672,39.55957],[2.62675,39.55971],[2.62677,39.55979],[2.62679,39.55987]]}},{"type":"Feature","properties":{"name":"Passeig del Born","kind":"road","road":"pedestrian","osm":840484171},"geometry":{"type":"LineString","coordinates":[[2.64645,39.56993],[2.64648,39.56991],[2.6467,39.5698]]}},{"type":"Feature","properties":{"name":"","kind":"road","road":"pedestrian","osm":840484172},"geometry":{"type":"LineString","coordinates":[[2.64673,39.57095],[2.64684,39.57095],[2.64703,39.57093]]}},{"type":"Feature","properties":{"name":"Carrer de Ca'n Berga","kind":"road","road":"pedestrian","osm":840484722},"geometry":{"type":"LineString","coordinates":[[2.64951,39.57139],[2.64974,39.57135]]}},{"type":"Feature","properties":{"name":"Plaça Major","kind":"road","road":"pedestrian","osm":840488169},"geometry":{"type":"LineString","coordinates":[[2.65162,39.57123],[2.65196,39.57129],[2.65231,39.57135]]}},{"type":"Feature","properties":{"name":"Plaça Major","kind":"road","road":"pedestrian","osm":840488170},"geometry":{"type":"LineString","coordinates":[[2.65174,39.57141],[2.65196,39.57129],[2.65219,39.57117]]}},{"type":"Feature","properties":{"name":"Plaça del Marquès del Palmer","kind":"road","road":"pedestrian","osm":840488172},"geometry":{"type":"LineString","coordinates":[[2.65156,39.57116],[2.65153,39.57109]]}},{"type":"Feature","properties":{"name":"Plaça Major","kind":"road","road":"pedestrian","osm":840488173},"geometry":{"type":"LineString","coordinates":[[2.65162,39.57123],[2.65156,39.57116]]}},{"type":"Feature","properties":{"name":"Plaça Major","kind":"road","road":"pedestrian","osm":840488174},"geometry":{"type":"LineString","coordinates":[[2.65186,39.57157],[2.65174,39.57141]]}},{"type":"Feature","properties":{"name":"","kind":"road","road":"pedestrian","osm":840488175},"geometry":{"type":"LineString","coordinates":[[2.65153,39.57109],[2.65139,39.57119],[2.65131,39.57125]]}},{"type":"Feature","properties":{"name":"Plaça del Marquès del Palmer","kind":"road","road":"pedestrian","osm":840488176},"geometry":{"type":"LineString","coordinates":[[2.65136,39.57078],[2.65137,39.57081],[2.6515,39.57104],[2.65153,39.57109]]}},{"type":"Feature","properties":{"name":"","kind":"park","road":"","osm":849514326},"geometry":{"type":"Polygon","coordinates":[[[2.64395,39.57544],[2.64391,39.57543],[2.6437,39.57485],[2.64372,39.57482],[2.64376,39.57483],[2.64397,39.57541],[2.64395,39.57544]]]}},{"type":"Feature","properties":{"name":"","kind":"park","road":"","osm":849514328},"geometry":{"type":"Polygon","coordinates":[[[2.64369,39.57477],[2.64367,39.57477],[2.64358,39.57451],[2.64362,39.57447],[2.64363,39.57449],[2.64372,39.57474],[2.64369,39.57477]]]}},{"type":"Feature","properties":{"name":"","kind":"park","road":"","osm":849514329},"geometry":{"type":"Polygon","coordinates":[[[2.64425,39.57494],[2.64421,39.57492],[2.64407,39.57454],[2.64409,39.57452],[2.64413,39.57452],[2.64428,39.57491],[2.64425,39.57494]]]}},{"type":"Feature","properties":{"name":"","kind":"park","road":"","osm":849514330},"geometry":{"type":"Polygon","coordinates":[[[2.6444,39.57532],[2.64435,39.57531],[2.64424,39.57501],[2.64427,39.57498],[2.6443,39.57497],[2.64442,39.57529],[2.6444,39.57532]]]}},{"type":"Feature","properties":{"name":"","kind":"park","road":"","osm":849514331},"geometry":{"type":"Polygon","coordinates":[[[2.6445,39.57567],[2.64456,39.57565],[2.64445,39.57537],[2.64441,39.57537],[2.64438,39.57539],[2.6445,39.57567]]]}},{"type":"Feature","properties":{"name":"","kind":"water","road":"","osm":862476367},"geometry":{"type":"Polygon","coordinates":[[[2.64701,39.5684],[2.64713,39.56837],[2.6471,39.56827],[2.64698,39.5683],[2.64701,39.5684]]]}},{"type":"Feature","properties":{"name":"","kind":"water","road":"","osm":862476368},"geometry":{"type":"Polygon","coordinates":[[[2.64702,39.56841],[2.64705,39.56851],[2.64717,39.56848],[2.64713,39.56838],[2.64702,39.56841]]]}},{"type":"Feature","properties":{"name":"","kind":"water","road":"","osm":870028117},"geometry":{"type":"Polygon","coordinates":[[[2.63901,39.56866],[2.63925,39.56883],[2.63952,39.569],[2.63972,39.56924],[2.63963,39.56923],[2.63953,39.56922],[2.63939,39.56909],[2.6389,39.56877],[2.63895,39.56871],[2.63901,39.56866]]]}},{"type":"Feature","properties":{"name":"","kind":"water","road":"","osm":870028118},"geometry":{"type":"Polygon","coordinates":[[[2.63985,39.56957],[2.64016,39.56992],[2.64029,39.56984],[2.64014,39.56966],[2.64007,39.56957],[2.63985,39.56957]]]}},{"type":"Feature","properties":{"name":"","kind":"water","road":"","osm":870028119},"geometry":{"type":"Polygon","coordinates":[[[2.64016,39.56992],[2.64029,39.56984],[2.64178,39.5714],[2.64158,39.57147],[2.64153,39.57141],[2.64129,39.57108],[2.64016,39.56992]]]}},{"type":"Feature","properties":{"name":"","kind":"water","road":"","osm":870028120},"geometry":{"type":"Polygon","coordinates":[[[2.64158,39.57147],[2.64178,39.5714],[2.64196,39.5724],[2.64201,39.57249],[2.64205,39.57267],[2.64187,39.57269],[2.64165,39.57156],[2.64158,39.57147]]]}},{"type":"Feature","properties":{"name":"","kind":"water","road":"","osm":870028121},"geometry":{"type":"Polygon","coordinates":[[[2.64187,39.57269],[2.64196,39.57316],[2.64362,39.57422],[2.6437,39.5744],[2.64379,39.57438],[2.64385,39.57437],[2.64377,39.57417],[2.64358,39.57402],[2.64216,39.57315],[2.64211,39.5731],[2.64209,39.57304],[2.64204,39.57277],[2.64205,39.57267],[2.64187,39.57269]]]}},{"type":"Feature","properties":{"name":"","kind":"water","road":"","osm":870028122},"geometry":{"type":"Polygon","coordinates":[[[2.6437,39.5744],[2.64379,39.57438],[2.64385,39.57437],[2.64435,39.57567],[2.64436,39.57591],[2.6444,39.57604],[2.64418,39.57603],[2.64423,39.57591],[2.64421,39.5757],[2.6437,39.5744]]]}},{"type":"Feature","properties":{"name":"Avinguda de Gabriel Roca","kind":"road","road":"trunk","osm":883136124},"geometry":{"type":"LineString","coordinates":[[2.62766,39.56373],[2.62756,39.56357],[2.62743,39.56332],[2.62735,39.56318],[2.62732,39.56311],[2.62729,39.56305],[2.62725,39.56297],[2.62723,39.5629],[2.6272,39.56283]]}},{"type":"Feature","properties":{"name":"Avinguda de Gabriel Roca","kind":"road","road":"trunk","osm":883136134},"geometry":{"type":"LineString","coordinates":[[2.63445,39.56885],[2.63441,39.56885],[2.63432,39.56884],[2.63404,39.56882],[2.63394,39.56881]]}},{"type":"Feature","properties":{"name":"Carrer de Monsenyor Palmer","kind":"road","road":"tertiary","osm":883136135},"geometry":{"type":"LineString","coordinates":[[2.63467,39.569],[2.63465,39.56902],[2.63462,39.56905],[2.63393,39.56974],[2.63384,39.56984],[2.63362,39.57007],[2.6336,39.57009],[2.63357,39.57013]]}},{"type":"Feature","properties":{"name":"Avinguda de Gabriel Roca","kind":"road","road":"trunk","osm":883136136},"geometry":{"type":"LineString","coordinates":[[2.63499,39.56889],[2.63496,39.56889],[2.6348,39.56888]]}},{"type":"Feature","properties":{"name":"Avinguda de Gabriel Roca","kind":"road","road":"trunk","osm":883150625},"geometry":{"type":"LineString","coordinates":[[2.62666,39.55988],[2.62665,39.55981],[2.62664,39.55972],[2.6266,39.55945],[2.62658,39.55933]]}},{"type":"Feature","properties":{"name":"","kind":"road","road":"tertiary","osm":886138745},"geometry":{"type":"LineString","coordinates":[[2.61053,39.57425],[2.61051,39.57426],[2.61048,39.57427],[2.61045,39.57429],[2.61043,39.57432],[2.61041,39.57434],[2.61038,39.57438]]}},{"type":"Feature","properties":{"name":"","kind":"road","road":"tertiary","osm":886138746},"geometry":{"type":"LineString","coordinates":[[2.61109,39.57415],[2.61053,39.57425]]}},{"type":"Feature","properties":{"name":"","kind":"road","road":"tertiary","osm":886138747},"geometry":{"type":"LineString","coordinates":[[2.61051,39.57418],[2.61107,39.57409]]}},{"type":"Feature","properties":{"name":"Carrer de Bernat d'Enveig","kind":"road","road":"pedestrian","osm":910945879},"geometry":{"type":"LineString","coordinates":[[2.64278,39.57307],[2.64267,39.57318]]}},{"type":"Feature","properties":{"name":"Avinguda de Gabriel Roca","kind":"road","road":"primary","osm":925480126},"geometry":{"type":"LineString","coordinates":[[2.63896,39.56937],[2.63888,39.56935]]}},{"type":"Feature","properties":{"name":"Avinguda de Gabriel Roca","kind":"road","road":"trunk","osm":925817839},"geometry":{"type":"LineString","coordinates":[[2.63495,39.56879],[2.63498,39.56879],[2.63544,39.56883],[2.63556,39.56884],[2.63564,39.56885],[2.63573,39.56887],[2.63581,39.56887],[2.6359,39.56888],[2.63599,39.56889],[2.63608,39.5689],[2.63625,39.56891],[2.63642,39.56893],[2.6366,39.56894],[2.63677,39.56896],[2.63695,39.56897],[2.63712,39.56899],[2.63729,39.569],[2.63738,39.56901],[2.63755,39.56902]]}},{"type":"Feature","properties":{"name":"Avinguda Adolfo Suárez","kind":"road","road":"trunk","osm":926114667},"geometry":{"type":"LineString","coordinates":[[2.64562,39.56628],[2.64551,39.56639]]}},{"type":"Feature","properties":{"name":"Carrer de Camilo José Cela","kind":"road","road":"tertiary","osm":926124608},"geometry":{"type":"LineString","coordinates":[[2.62407,39.56711],[2.62517,39.56706]]}},{"type":"Feature","properties":{"name":"","kind":"road","road":"tertiary","osm":929341104},"geometry":{"type":"LineString","coordinates":[[2.63458,39.56876],[2.63465,39.56881],[2.63468,39.56884],[2.6347,39.56887],[2.63467,39.569]]}},{"type":"Feature","properties":{"name":"Avinguda de Gabriel Roca","kind":"road","road":"trunk","osm":929341105},"geometry":{"type":"LineString","coordinates":[[2.63237,39.56852],[2.63254,39.56856],[2.63271,39.56858],[2.63288,39.56861],[2.63313,39.56864],[2.63322,39.56865],[2.63331,39.56866],[2.63339,39.56867],[2.63348,39.56867],[2.63357,39.56868],[2.63375,39.56869],[2.63392,39.56871],[2.63409,39.56872],[2.63438,39.56875],[2.63442,39.56875],[2.63458,39.56876]]}},{"type":"Feature","properties":{"name":"","kind":"road","road":"tertiary","osm":929363116},"geometry":{"type":"LineString","coordinates":[[2.63467,39.569],[2.63464,39.56894],[2.63459,39.5689],[2.63453,39.56888],[2.63445,39.56885]]}},{"type":"Feature","properties":{"name":"Plaça Miramar","kind":"park","road":"","osm":931936070},"geometry":{"type":"Polygon","coordinates":[[[2.63198,39.57344],[2.63185,39.57322],[2.63176,39.57309],[2.63169,39.57297],[2.63157,39.57304],[2.63152,39.57308],[2.63153,39.57309],[2.63161,39.57315],[2.63166,39.57318],[2.63169,39.57321],[2.63177,39.57327],[2.63186,39.57334],[2.63198,39.57344]]]}},{"type":"Feature","properties":{"name":"Carrer del passadís","kind":"road","road":"pedestrian","osm":933229102},"geometry":{"type":"LineString","coordinates":[[2.651,39.57103],[2.65102,39.57105]]}},{"type":"Feature","properties":{"name":"","kind":"road","road":"pedestrian","osm":933229103},"geometry":{"type":"LineString","coordinates":[[2.65132,39.57117],[2.65139,39.57119]]}},{"type":"Feature","properties":{"name":"Carrer del Passadís","kind":"road","road":"pedestrian","osm":933229104},"geometry":{"type":"LineString","coordinates":[[2.65132,39.57117],[2.65115,39.5711],[2.65102,39.57105]]}},{"type":"Feature","properties":{"name":"","kind":"road","road":"pedestrian","osm":933344643},"geometry":{"type":"LineString","coordinates":[[2.65461,39.57175],[2.6547,39.57165]]}},{"type":"Feature","properties":{"name":"","kind":"road","road":"pedestrian","osm":933344666},"geometry":{"type":"LineString","coordinates":[[2.65381,39.57122],[2.65376,39.57129]]}},{"type":"Feature","properties":{"name":"","kind":"road","road":"pedestrian","osm":933344667},"geometry":{"type":"LineString","coordinates":[[2.65376,39.57129],[2.65371,39.57134]]}},{"type":"Feature","properties":{"name":"","kind":"road","road":"pedestrian","osm":933742635},"geometry":{"type":"LineString","coordinates":[[2.64941,39.575],[2.6494,39.57505]]}},{"type":"Feature","properties":{"name":"Passatge d'Antoni Torrandell","kind":"road","road":"pedestrian","osm":933742636},"geometry":{"type":"LineString","coordinates":[[2.6494,39.57505],[2.64935,39.57535],[2.64931,39.57546]]}},{"type":"Feature","properties":{"name":"","kind":"road","road":"pedestrian","osm":933742637},"geometry":{"type":"LineString","coordinates":[[2.64931,39.57546],[2.6493,39.5755]]}},{"type":"Feature","properties":{"name":"Plaça de Can Cavalleria","kind":"road","road":"pedestrian","osm":933809226},"geometry":{"type":"LineString","coordinates":[[2.64667,39.57283],[2.64682,39.5729],[2.64684,39.57287],[2.64687,39.57284],[2.64686,39.57284],[2.6469,39.5728],[2.64692,39.57279],[2.64693,39.57278],[2.64709,39.57265],[2.64695,39.57255],[2.6468,39.57268],[2.64679,39.57269],[2.64677,39.57271],[2.64667,39.57283]]}},{"type":"Feature","properties":{"name":"Carrer de la Sagristia de Sant Jaume","kind":"road","road":"pedestrian","osm":933904228},"geometry":{"type":"LineString","coordinates":[[2.64864,39.57244],[2.64868,39.57243]]}},{"type":"Feature","properties":{"name":"Carrer de la Sagristia de Sant Jaume","kind":"road","road":"pedestrian","osm":933904229},"geometry":{"type":"LineString","coordinates":[[2.64868,39.57243],[2.64883,39.57242]]}},{"type":"Feature","properties":{"name":"","kind":"road","road":"pedestrian","osm":935344048},"geometry":{"type":"LineString","coordinates":[[2.653,39.57475],[2.65301,39.57474]]}},{"type":"Feature","properties":{"name":"","kind":"road","road":"pedestrian","osm":935344049},"geometry":{"type":"LineString","coordinates":[[2.65301,39.57474],[2.65321,39.57461]]}},{"type":"Feature","properties":{"name":"Passatge particular de Santa Catalina Sena","kind":"road","road":"pedestrian","osm":935344050},"geometry":{"type":"LineString","coordinates":[[2.65321,39.57461],[2.65326,39.57458]]}},{"type":"Feature","properties":{"name":"","kind":"road","road":"pedestrian","osm":935344051},"geometry":{"type":"LineString","coordinates":[[2.65268,39.57442],[2.65274,39.57439]]}},{"type":"Feature","properties":{"name":"Carrer de Joan XXIII","kind":"road","road":"pedestrian","osm":935344052},"geometry":{"type":"LineString","coordinates":[[2.65274,39.57439],[2.65289,39.5743]]}},{"type":"Feature","properties":{"name":"","kind":"road","road":"pedestrian","osm":935344053},"geometry":{"type":"LineString","coordinates":[[2.65289,39.5743],[2.65296,39.57427]]}},{"type":"Feature","properties":{"name":"Can Perpinyà","kind":"road","road":"pedestrian","osm":935363136},"geometry":{"type":"LineString","coordinates":[[2.65213,39.57443],[2.65196,39.57442]]}},{"type":"Feature","properties":{"name":"Carrer de Can Perpinyà","kind":"road","road":"pedestrian","osm":935363137},"geometry":{"type":"LineString","coordinates":[[2.65196,39.57442],[2.6519,39.57442],[2.65185,39.57442]]}},{"type":"Feature","properties":{"name":"Carrer de Can Perpinyà","kind":"road","road":"pedestrian","osm":935363138},"geometry":{"type":"LineString","coordinates":[[2.65168,39.57442],[2.65185,39.57442]]}},{"type":"Feature","properties":{"name":"Carrer de l'Ancla","kind":"road","road":"pedestrian","osm":937063123},"geometry":{"type":"LineString","coordinates":[[2.63883,39.57053],[2.63884,39.57053],[2.63892,39.57053],[2.63895,39.57055],[2.63901,39.57055]]}},{"type":"Feature","properties":{"name":"","kind":"road","road":"pedestrian","osm":953959756},"geometry":{"type":"LineString","coordinates":[[2.65369,39.57423],[2.65373,39.57434]]}},{"type":"Feature","properties":{"name":"Avinguda de Gabriel Roca","kind":"road","road":"trunk","osm":960333342},"geometry":{"type":"LineString","coordinates":[[2.64081,39.56946],[2.64072,39.56947],[2.64063,39.56948],[2.64054,39.56948],[2.64046,39.56949],[2.64037,39.56949],[2.64028,39.56949],[2.64018,39.56948],[2.64011,39.56948]]}},{"type":"Feature","properties":{"name":"Avinguda de Gabriel Roca","kind":"road","road":"trunk","osm":960374490},"geometry":{"type":"LineString","coordinates":[[2.63458,39.56876],[2.63466,39.56877],[2.63495,39.56879]]}},{"type":"Feature","properties":{"name":"Claustre de Sant Francesc","kind":"park","road":"","osm":962195381},"geometry":{"type":"Polygon","coordinates":[[[2.653,39.56867],[2.65327,39.56887],[2.65356,39.56873],[2.65338,39.56849],[2.653,39.56867]]]}},{"type":"Feature","properties":{"name":"","kind":"park","road":"","osm":962239924},"geometry":{"type":"Polygon","coordinates":[[[2.63828,39.57423],[2.63827,39.57423],[2.63815,39.57412],[2.63828,39.57408],[2.63825,39.57401],[2.63863,39.57392],[2.63891,39.57372],[2.63899,39.57374],[2.6383,39.57425],[2.63828,39.57423]]]}},{"type":"Feature","properties":{"name":"Plaza can Baró","kind":"park","road":"","osm":962257018},"geometry":{"type":"Polygon","coordinates":[[[2.63292,39.57144],[2.63283,39.57123],[2.63288,39.5712],[2.63291,39.57126],[2.63325,39.57119],[2.63333,39.57139],[2.63294,39.57147],[2.63292,39.57144]]]}},{"type":"Feature","properties":{"name":"Parc infantil Canblanc","kind":"park","road":"","osm":962257380},"geometry":{"type":"Polygon","coordinates":[[[2.63468,39.5686],[2.63461,39.56856],[2.63465,39.56853],[2.63473,39.56856],[2.63468,39.5686]]]}},{"type":"Feature","properties":{"name":"Parc Infantil Morlà","kind":"park","road":"","osm":962258087},"geometry":{"type":"Polygon","coordinates":[[[2.63243,39.57377],[2.63314,39.57335],[2.63321,39.57343],[2.63293,39.57359],[2.63296,39.57361],[2.63277,39.57372],[2.6328,39.57375],[2.63288,39.57383],[2.63302,39.57398],[2.63297,39.57401],[2.63285,39.57409],[2.6328,39.57412],[2.63243,39.57377]]]}},{"type":"Feature","properties":{"name":"","kind":"park","road":"","osm":962260585},"geometry":{"type":"Polygon","coordinates":[[[2.64381,39.56931],[2.64376,39.56933],[2.64371,39.56935],[2.64365,39.56934],[2.6436,39.56933],[2.64356,39.5693],[2.64353,39.56926],[2.64352,39.56922],[2.64353,39.56918],[2.64355,39.56914],[2.64359,39.56911],[2.64364,39.56909],[2.6437,39.56909],[2.64375,39.5691],[2.6438,39.56912],[2.64383,39.56915],[2.64385,39.56919],[2.64386,39.56923],[2.64384,39.56928],[2.64381,39.56931]]]}},{"type":"Feature","properties":{"name":"Plaza Marques de la Senia","kind":"park","road":"","osm":962263079},"geometry":{"type":"Polygon","coordinates":[[[2.62901,39.56795],[2.62896,39.56785],[2.629,39.5677],[2.62907,39.56771],[2.62909,39.56767],[2.62918,39.56771],[2.6292,39.56769],[2.62951,39.56786],[2.62995,39.56816],[2.62983,39.56833],[2.62901,39.56795]]]}},{"type":"Feature","properties":{"name":"Parc infantil Jovellanos","kind":"park","road":"","osm":962679332},"geometry":{"type":"Polygon","coordinates":[[[2.62031,39.56764],[2.62039,39.56739],[2.62064,39.5674],[2.62073,39.56752],[2.62084,39.56753],[2.62079,39.5676],[2.62085,39.56764],[2.62073,39.56779],[2.62062,39.56784],[2.62044,39.56785],[2.62031,39.56778],[2.6203,39.56772],[2.62031,39.56764]]]}},{"type":"Feature","properties":{"name":"Placeta Varadero","kind":"park","road":"","osm":962894865},"geometry":{"type":"Polygon","coordinates":[[[2.6437,39.56506],[2.64374,39.56502],[2.64396,39.56513],[2.64392,39.56517],[2.6437,39.56506]]]}},{"type":"Feature","properties":{"name":"Hort comunitari de Son Espanyolet","kind":"park","road":"","osm":963300587},"geometry":{"type":"Polygon","coordinates":[[[2.62923,39.57474],[2.6289,39.57447],[2.62895,39.57444],[2.62907,39.57454],[2.62911,39.57451],[2.62915,39.57455],[2.62971,39.57416],[2.62965,39.57411],[2.62969,39.57408],[2.62956,39.57398],[2.62959,39.57395],[2.62992,39.57421],[2.62923,39.57474]]]}},{"type":"Feature","properties":{"name":"Carrer Joan Crespí","kind":"road","road":"tertiary","osm":968289170},"geometry":{"type":"LineString","coordinates":[[2.63428,39.575],[2.63426,39.57492],[2.63413,39.57461],[2.63412,39.57456],[2.63408,39.57448]]}},{"type":"Feature","properties":{"name":"Avinguda Félix Pons Irazazábal","kind":"road","road":"trunk","osm":1070760644},"geometry":{"type":"LineString","coordinates":[[2.65696,39.56432],[2.65733,39.56433],[2.65754,39.56432],[2.65776,39.5643],[2.65791,39.56428]]}},{"type":"Feature","properties":{"name":"Avinguda Adolfo Suárez","kind":"road","road":"trunk","osm":1070760645},"geometry":{"type":"LineString","coordinates":[[2.65592,39.56451],[2.65416,39.56447]]}},{"type":"Feature","properties":{"name":"Avinguda Adolfo Suárez","kind":"road","road":"trunk","osm":1070760646},"geometry":{"type":"LineString","coordinates":[[2.65495,39.56431],[2.65592,39.56431]]}},{"type":"Feature","properties":{"name":"Plaça del Progrés","kind":"road","road":"tertiary","osm":1103426357},"geometry":{"type":"LineString","coordinates":[[2.6362,39.57198],[2.63586,39.57178],[2.63581,39.57175],[2.63562,39.57164]]}},{"type":"Feature","properties":{"name":"","kind":"road","road":"pedestrian","osm":1110878889},"geometry":{"type":"LineString","coordinates":[[2.65726,39.57286],[2.6572,39.57285],[2.65716,39.57282],[2.65714,39.5728],[2.65711,39.57277],[2.65709,39.57275],[2.6571,39.57273],[2.65709,39.57268],[2.65709,39.57261],[2.65714,39.57262],[2.65723,39.57261],[2.65723,39.57263],[2.65728,39.57264],[2.65756,39.57261],[2.65776,39.57269],[2.65788,39.57268],[2.65788,39.57269],[2.65792,39.57268],[2.65792,39.57269],[2.65804,39.57268],[2.65812,39.57273],[2.65816,39.57276],[2.65832,39.57278],[2.65853,39.5728],[2.65876,39.57283],[2.65885,39.57284],[2.65891,39.57285],[2.65915,39.57288],[2.65931,39.5729],[2.65948,39.57293],[2.65951,39.57293],[2.65966,39.57295],[2.65975,39.57296],[2.65981,39.57297],[2.65986,39.57298],[2.6601,39.57301],[2.66031,39.57304],[2.66032,39.57301],[2.66034,39.57298],[2.66036,39.57295],[2.6604,39.57291],[2.66043,39.57288],[2.66046,39.57286],[2.6605,39.57284],[2.66053,39.57282],[2.66055,39.57281],[2.66059,39.57279],[2.66061,39.57278],[2.66067,39.57277],[2.66073,39.57275],[2.66078,39.57274],[2.66083,39.57274],[2.66086,39.57274],[2.66087,39.57286],[2.66087,39.57294],[2.66077,39.57295],[2.66068,39.57298],[2.6606,39.57304],[2.66055,39.5731],[2.66053,39.57318],[2.66053,39.57322],[2.66054,39.57326],[2.66058,39.57334],[2.66051,39.57339],[2.66041,39.57348],[2.6604,39.57348],[2.66039,39.57347],[2.66037,39.57345],[2.66035,39.57342],[2.66033,39.5734],[2.66032,39.57337],[2.6603,39.57334],[2.66029,39.57332],[2.66028,39.57329],[2.66027,39.57324],[2.66027,39.57322],[2.66027,39.57321],[2.66002,39.57318],[2.6599,39.57316],[2.65979,39.57315],[2.65972,39.57314],[2.65965,39.57313],[2.65955,39.57312],[2.65929,39.57308],[2.6591,39.57306],[2.65887,39.57303],[2.65876,39.57302],[2.65867,39.573],[2.65851,39.57298],[2.65811,39.57293],[2.65801,39.57292],[2.6579,39.57291],[2.65762,39.57287],[2.65729,39.57283],[2.65726,39.57286]]}},{"type":"Feature","properties":{"name":"Carrer del Comte de Barcelona","kind":"road","road":"tertiary","osm":1121023045},"geometry":{"type":"LineString","coordinates":[[2.63957,39.57391],[2.63947,39.57386]]}},{"type":"Feature","properties":{"name":"Plaça del Pont","kind":"road","road":"tertiary","osm":1123143854},"geometry":{"type":"LineString","coordinates":[[2.63305,39.57014],[2.63293,39.57007]]}},{"type":"Feature","properties":{"name":"Passeig Mallorca","kind":"road","road":"secondary","osm":1125427520},"geometry":{"type":"LineString","coordinates":[[2.64159,39.57255],[2.64161,39.57262]]}},{"type":"Feature","properties":{"name":"Plaça de la Reina","kind":"road","road":"tertiary","osm":1148817737},"geometry":{"type":"LineString","coordinates":[[2.64639,39.5692],[2.64633,39.56914],[2.64629,39.56907]]}},{"type":"Feature","properties":{"name":"Plaça de l'Olivar","kind":"road","road":"pedestrian","osm":1198249478},"geometry":{"type":"LineString","coordinates":[[2.65212,39.57386],[2.6526,39.57386]]}},{"type":"Feature","properties":{"name":"Plaça de la Mare de Déu de la Salut","kind":"road","road":"pedestrian","osm":1198249555},"geometry":{"type":"LineString","coordinates":[[2.65211,39.57309],[2.65242,39.57295],[2.65251,39.57298]]}},{"type":"Feature","properties":{"name":"","kind":"park","road":"","osm":1205235210},"geometry":{"type":"Polygon","coordinates":[[[2.62717,39.57187],[2.62726,39.5719],[2.62737,39.57185],[2.62735,39.57165],[2.62725,39.57165],[2.62725,39.57168],[2.62717,39.57169],[2.62717,39.57166],[2.62698,39.57166],[2.62699,39.57169],[2.6269,39.57169],[2.6269,39.57166],[2.62672,39.57167],[2.62672,39.5717],[2.62663,39.5717],[2.62663,39.57167],[2.62654,39.57167],[2.62654,39.5716],[2.62648,39.5716],[2.62647,39.57154],[2.62634,39.57156],[2.62637,39.57165],[2.62629,39.57167],[2.62631,39.5717],[2.62621,39.57172],[2.6262,39.5717],[2.62604,39.57173],[2.62605,39.57176],[2.62596,39.57178],[2.62594,39.57176],[2.62573,39.57182],[2.62577,39.57191],[2.62597,39.57188],[2.62605,39.57183],[2.62617,39.57181],[2.62623,39.5718],[2.62627,39.5718],[2.62635,39.57178],[2.62631,39.57187],[2.62642,39.57185],[2.62663,39.57177],[2.6268,39.57175],[2.62697,39.57178],[2.62708,39.57182],[2.62717,39.57187]]]}},{"type":"Feature","properties":{"name":"","kind":"park","road":"","osm":1205235211},"geometry":{"type":"Polygon","coordinates":[[[2.62727,39.57208],[2.62759,39.57195],[2.6276,39.57196],[2.62768,39.57208],[2.62804,39.57201],[2.62818,39.57198],[2.62845,39.57188],[2.62848,39.5719],[2.62823,39.572],[2.62789,39.57207],[2.62768,39.57212],[2.62748,39.57215],[2.62736,39.57213],[2.62727,39.57208]]]}},{"type":"Feature","properties":{"name":"","kind":"park","road":"","osm":1205236525},"geometry":{"type":"Polygon","coordinates":[[[2.63747,39.57488],[2.6374,39.57472],[2.63763,39.57466],[2.63773,39.57459],[2.63807,39.57433],[2.63809,39.57434],[2.63825,39.57424],[2.63827,39.57423],[2.6383,39.57425],[2.63747,39.57488]]]}},{"type":"Feature","properties":{"name":"","kind":"water","road":"","osm":1205642785},"geometry":{"type":"Polygon","coordinates":[[[2.6334,39.5713],[2.63345,39.57124],[2.63349,39.57115],[2.6335,39.57106],[2.63353,39.57085],[2.63347,39.57085],[2.6334,39.57123],[2.63337,39.57125],[2.6334,39.5713]]]}},{"type":"Feature","properties":{"name":"","kind":"water","road":"","osm":1205642786},"geometry":{"type":"Polygon","coordinates":[[[2.63245,39.57141],[2.63248,39.57137],[2.63193,39.57118],[2.6319,39.57122],[2.63245,39.57141]]]}},{"type":"Feature","properties":{"name":"","kind":"water","road":"","osm":1205642787},"geometry":{"type":"Polygon","coordinates":[[[2.63053,39.57154],[2.63059,39.5715],[2.6299,39.57134],[2.62978,39.57135],[2.6296,39.57139],[2.62962,39.57145],[2.62979,39.57141],[2.6299,39.57141],[2.63009,39.57145],[2.63053,39.57154]]]}},{"type":"Feature","properties":{"name":"","kind":"water","road":"","osm":1205642788},"geometry":{"type":"Polygon","coordinates":[[[2.62952,39.57148],[2.62949,39.57143],[2.62938,39.57147],[2.62917,39.57157],[2.62889,39.57172],[2.62876,39.5718],[2.62866,39.57184],[2.62858,39.57187],[2.62863,39.57191],[2.62879,39.57184],[2.62892,39.57176],[2.62908,39.57168],[2.62921,39.57161],[2.62933,39.57155],[2.62948,39.5715],[2.62952,39.57148]]]}},{"type":"Feature","properties":{"name":"","kind":"water","road":"","osm":1205642789},"geometry":{"type":"Polygon","coordinates":[[[2.62854,39.57195],[2.62849,39.5719],[2.62821,39.57201],[2.62802,39.57206],[2.62776,39.57211],[2.62752,39.57215],[2.62744,39.57215],[2.62737,39.57214],[2.62728,39.57209],[2.62725,39.57212],[2.62732,39.57217],[2.62742,39.57219],[2.62755,39.57219],[2.62784,39.57215],[2.62798,39.57211],[2.62814,39.57207],[2.62827,39.57204],[2.62839,39.572],[2.6285,39.57196],[2.62854,39.57195]]]}},{"type":"Feature","properties":{"name":"","kind":"water","road":"","osm":1205642790},"geometry":{"type":"Polygon","coordinates":[[[2.62705,39.57192],[2.6271,39.57188],[2.62701,39.57184],[2.62691,39.57181],[2.62684,39.57179],[2.62676,39.57179],[2.62668,39.57179],[2.6266,39.57182],[2.62654,39.57184],[2.62647,39.57187],[2.62638,39.57195],[2.62625,39.57206],[2.62629,39.57209],[2.62652,39.57189],[2.62662,39.57185],[2.62671,39.57184],[2.6268,39.57183],[2.62692,39.57185],[2.62701,39.57188],[2.62705,39.57192]]]}},{"type":"Feature","properties":{"name":"","kind":"water","road":"","osm":1205642791},"geometry":{"type":"Polygon","coordinates":[[[2.62551,39.57279],[2.62614,39.57223],[2.62609,39.5722],[2.62546,39.57276],[2.62551,39.57279]]]}},{"type":"Feature","properties":{"name":"","kind":"water","road":"","osm":1205642792},"geometry":{"type":"Polygon","coordinates":[[[2.62545,39.57284],[2.6254,39.57281],[2.62506,39.57311],[2.6249,39.57322],[2.62476,39.57328],[2.62454,39.57336],[2.62456,39.57341],[2.62482,39.57331],[2.62501,39.5732],[2.62518,39.57307],[2.62532,39.57296],[2.62545,39.57284]]]}},{"type":"Feature","properties":{"name":"","kind":"water","road":"","osm":1205642793},"geometry":{"type":"Polygon","coordinates":[[[2.62451,39.57342],[2.62448,39.57338],[2.62424,39.57348],[2.62409,39.57356],[2.62398,39.57369],[2.62403,39.5737],[2.62423,39.57354],[2.62439,39.57347],[2.62451,39.57342]]]}},{"type":"Feature","properties":{"name":"","kind":"water","road":"","osm":1205642794},"geometry":{"type":"Polygon","coordinates":[[[2.62382,39.57394],[2.62372,39.57405],[2.62362,39.57413],[2.62347,39.57419],[2.62329,39.57425],[2.62305,39.57426],[2.62293,39.57426],[2.62272,39.57426],[2.62251,39.57426],[2.62218,39.57425],[2.62197,39.57425],[2.62176,39.5743],[2.62142,39.57438],[2.62119,39.57444],[2.62095,39.5745],[2.62059,39.57462],[2.62018,39.57475],[2.62008,39.57514],[2.62003,39.57533],[2.61995,39.57545],[2.6198,39.57566],[2.61961,39.57576],[2.6193,39.57593],[2.61901,39.57608],[2.61895,39.57631],[2.61884,39.5767],[2.61876,39.57697],[2.61861,39.57709],[2.6179,39.5771],[2.61713,39.57713],[2.61665,39.57729],[2.61623,39.57762],[2.61578,39.57777],[2.61556,39.5777],[2.61528,39.57721],[2.61533,39.57692],[2.61525,39.57663],[2.61506,39.57651],[2.61471,39.57646],[2.61433,39.57651],[2.6139,39.57666],[2.61351,39.5769],[2.61338,39.57719],[2.61335,39.57732],[2.61331,39.5773],[2.61334,39.57721],[2.61346,39.57689],[2.61388,39.57663],[2.61428,39.57649],[2.61472,39.57642],[2.61508,39.57648],[2.61528,39.57662],[2.61537,39.57692],[2.61532,39.57721],[2.61559,39.57767],[2.61578,39.57773],[2.6162,39.57759],[2.61663,39.57726],[2.61713,39.5771],[2.61792,39.57706],[2.6186,39.57706],[2.61871,39.57694],[2.61896,39.57604],[2.61976,39.57564],[2.61999,39.57529],[2.62006,39.57505],[2.62016,39.57471],[2.62096,39.57445],[2.62156,39.57431],[2.62197,39.57422],[2.62222,39.57422],[2.62252,39.57423],[2.62294,39.57423],[2.62306,39.57423],[2.62328,39.57422],[2.62346,39.57416],[2.6236,39.5741],[2.62378,39.57392],[2.62382,39.57394]]]}},{"type":"Feature","properties":{"name":"","kind":"park","road":"","osm":1247801068},"geometry":{"type":"Polygon","coordinates":[[[2.65095,39.56678],[2.65086,39.56655],[2.65108,39.56644],[2.65113,39.56648],[2.65112,39.56649],[2.6512,39.56655],[2.65121,39.56657],[2.65116,39.5666],[2.65118,39.56662],[2.65108,39.56669],[2.65114,39.56674],[2.65111,39.56676],[2.65107,39.56678],[2.65106,39.56677],[2.65101,39.56679],[2.651,39.56677],[2.65095,39.56678]]]}},{"type":"Feature","properties":{"name":"Plaça del Progrés","kind":"road","road":"tertiary","osm":1265816524},"geometry":{"type":"LineString","coordinates":[[2.63633,39.57205],[2.6362,39.57198]]}},{"type":"Feature","properties":{"name":"Avinguda de Gabriel Alomar i Villalonga","kind":"road","road":"secondary","osm":1269142880},"geometry":{"type":"LineString","coordinates":[[2.657,39.57093],[2.65688,39.57114]]}},{"type":"Feature","properties":{"name":"Passeig del Born","kind":"road","road":"pedestrian","osm":1288732764},"geometry":{"type":"LineString","coordinates":[[2.64703,39.57093],[2.64688,39.57053],[2.64679,39.57018],[2.6467,39.5698],[2.64667,39.56966],[2.64656,39.56928]]}},{"type":"Feature","properties":{"name":"","kind":"park","road":"","osm":1333207140},"geometry":{"type":"Polygon","coordinates":[[[2.64394,39.56879],[2.64404,39.56873],[2.64426,39.56859],[2.64403,39.5684],[2.64391,39.56849],[2.64381,39.56855],[2.64389,39.56863],[2.64377,39.5687],[2.64384,39.56876],[2.64388,39.56874],[2.64394,39.56879]]]}},{"type":"Feature","properties":{"name":"Avinguda de Joan Miró","kind":"road","road":"tertiary","osm":1347291294},"geometry":{"type":"LineString","coordinates":[[2.6266,39.5656],[2.62654,39.56549],[2.62648,39.56532],[2.62634,39.56497],[2.62633,39.56491]]}},{"type":"Feature","properties":{"name":"Plaça Major","kind":"road","road":"pedestrian","osm":1359844116},"geometry":{"type":"LineString","coordinates":[[2.65174,39.57141],[2.65162,39.57123]]}},{"type":"Feature","properties":{"name":"Plaça Major","kind":"road","road":"pedestrian","osm":1359844117},"geometry":{"type":"LineString","coordinates":[[2.65139,39.57171],[2.65174,39.57141]]}},{"type":"Feature","properties":{"name":"","kind":"road","road":"pedestrian","osm":1359844118},"geometry":{"type":"LineString","coordinates":[[2.65123,39.57187],[2.65115,39.57196]]}},{"type":"Feature","properties":{"name":"La Rambla","kind":"road","road":"tertiary","osm":1367645802},"geometry":{"type":"LineString","coordinates":[[2.65055,39.57245],[2.65059,39.57241]]}},{"type":"Feature","properties":{"name":"Carrer Joan Crespí","kind":"road","road":"tertiary","osm":1387350245},"geometry":{"type":"LineString","coordinates":[[2.63371,39.57356],[2.63353,39.57311]]}},{"type":"Feature","properties":{"name":"Carrer Joan Crespí","kind":"road","road":"tertiary","osm":1387350246},"geometry":{"type":"LineString","coordinates":[[2.63353,39.57311],[2.63335,39.57267]]}},{"type":"Feature","properties":{"name":"Carrer Joan Crespí","kind":"road","road":"tertiary","osm":1387350247},"geometry":{"type":"LineString","coordinates":[[2.63335,39.57267],[2.63317,39.57222]]}},{"type":"Feature","properties":{"name":"Carrer de Federico García Lorca","kind":"road","road":"tertiary","osm":1387355580},"geometry":{"type":"LineString","coordinates":[[2.62885,39.56767],[2.62886,39.56777],[2.62888,39.56785],[2.62893,39.56793],[2.62905,39.56801]]}},{"type":"Feature","properties":{"name":"Avinguda de Gabriel Alomar i Villalonga","kind":"road","road":"secondary","osm":1388839136},"geometry":{"type":"LineString","coordinates":[[2.65737,39.568],[2.65721,39.56835],[2.65704,39.56877],[2.65698,39.56895]]}},{"type":"Feature","properties":{"name":"","kind":"road","road":"pedestrian","osm":1389197559},"geometry":{"type":"LineString","coordinates":[[2.62877,39.56687],[2.62891,39.56683],[2.62894,39.5668],[2.62897,39.56675],[2.62922,39.56707],[2.629,39.56723],[2.62888,39.56706],[2.62877,39.56687]]}},{"type":"Feature","properties":{"name":"Carrer de Manacor","kind":"road","road":"secondary","osm":1409558827},"geometry":{"type":"LineString","coordinates":[[2.65714,39.57134],[2.65765,39.57135]]}},{"type":"Feature","properties":{"name":"","kind":"water","road":"","osm":1432573272},"geometry":{"type":"Polygon","coordinates":[[[2.62776,39.57245],[2.62773,39.57233],[2.62777,39.57232],[2.6278,39.57245],[2.62776,39.57245]]]}},{"type":"Feature","properties":{"name":"","kind":"road","road":"pedestrian","osm":1432573303},"geometry":{"type":"LineString","coordinates":[[2.62791,39.57268],[2.62787,39.57262],[2.6279,39.5726],[2.62795,39.57258],[2.62799,39.57264],[2.62794,39.57266],[2.62791,39.57268]]}},{"type":"Feature","properties":{"name":"Plaza Mayor (reproduction)","kind":"road","road":"pedestrian","osm":1432573325},"geometry":{"type":"LineString","coordinates":[[2.62739,39.57246],[2.62737,39.57245],[2.6273,39.57241],[2.62726,39.57227],[2.62726,39.57226],[2.62736,39.57226],[2.62754,39.57227],[2.62755,39.57235],[2.62739,39.57246]]}},{"type":"Feature","properties":{"name":"","kind":"road","road":"pedestrian","osm":1432573351},"geometry":{"type":"LineString","coordinates":[[2.62793,39.57254],[2.62794,39.57254],[2.62795,39.57252],[2.62796,39.57239],[2.62799,39.57239],[2.62806,39.5724],[2.62806,39.57242],[2.62805,39.57252],[2.62804,39.57252],[2.62804,39.57255],[2.62793,39.57254]]}},{"type":"Feature","properties":{"name":"Plaza de Santa María (reproduction)","kind":"road","road":"pedestrian","osm":1432573354},"geometry":{"type":"LineString","coordinates":[[2.6273,39.57255],[2.62741,39.57263],[2.62751,39.57257],[2.62749,39.57255],[2.62748,39.57254],[2.62739,39.57246],[2.62737,39.57248],[2.62736,39.57249],[2.62735,39.5725],[2.62733,39.5725],[2.62726,39.57254],[2.62728,39.57255],[2.6273,39.57255]]}},{"type":"Feature","properties":{"name":"Plaza de Luis Vives (reproduction)","kind":"road","road":"pedestrian","osm":1432573355},"geometry":{"type":"LineString","coordinates":[[2.62691,39.57222],[2.62689,39.57222],[2.62687,39.5722],[2.62687,39.57219],[2.62685,39.57217],[2.62686,39.57216],[2.62683,39.57212],[2.62681,39.57211],[2.6268,39.5721],[2.62681,39.57209],[2.62684,39.57208],[2.62686,39.57208],[2.62687,39.57207],[2.62696,39.57213],[2.627,39.57209],[2.627,39.5721],[2.62705,39.57214],[2.627,39.57217],[2.627,39.57218],[2.62699,39.57219],[2.62691,39.57222]]}},{"type":"Feature","properties":{"name":"Barrio Andaluz (reproduction)","kind":"road","road":"pedestrian","osm":1432573358},"geometry":{"type":"LineString","coordinates":[[2.62652,39.57224],[2.62654,39.57224],[2.62656,39.57224],[2.62662,39.5722],[2.62663,39.57221],[2.62667,39.57219],[2.62668,39.57219],[2.62669,39.57219],[2.62658,39.57209],[2.62657,39.57209],[2.62657,39.57207],[2.62655,39.57204],[2.62653,39.57204],[2.62652,39.57205],[2.62654,39.57206],[2.62651,39.57208],[2.6265,39.57207],[2.62649,39.57208],[2.62655,39.57213],[2.62651,39.57218],[2.62648,39.57221],[2.62652,39.57224]]}},{"type":"Feature","properties":{"name":"","kind":"road","road":"pedestrian","osm":1432573361},"geometry":{"type":"LineString","coordinates":[[2.62708,39.57258],[2.62708,39.57259],[2.62709,39.5726],[2.62719,39.57257],[2.62718,39.57256],[2.62709,39.57247],[2.62707,39.57245],[2.62706,39.57245],[2.62705,39.57245],[2.627,39.57247],[2.62708,39.57258]]}},{"type":"Feature","properties":{"name":"La Rambla","kind":"road","road":"tertiary","osm":1459404769},"geometry":{"type":"LineString","coordinates":[[2.64975,39.5735],[2.64964,39.5736],[2.64946,39.57378]]}},{"type":"Feature","properties":{"name":"Avinguda de Gabriel Roca","kind":"road","road":"trunk","osm":1517378392},"geometry":{"type":"LineString","coordinates":[[2.62679,39.55987],[2.62682,39.56]]}},{"type":"Feature","properties":{"name":"","kind":"park","road":"","osm":1537438249},"geometry":{"type":"Polygon","coordinates":[[[2.64356,39.56802],[2.64351,39.56798],[2.64366,39.56788],[2.64371,39.56792],[2.64356,39.56802]]]}}]}