{"bounds":[37.16265,-3.61931,37.1897,-3.57528],"date":"2026-09-18T16:56:21Z","type":"FeatureCollection","features":[{"type":"Feature","properties":{"name":"Glorieta Víctimas del Terrorismo","kind":"road","road":"primary","osm":4050337},"geometry":{"type":"LineString","coordinates":[[-3.60919,37.168],[-3.60931,37.16799],[-3.60945,37.16799]]}},{"type":"Feature","properties":{"name":"Circunvalación de Granada","kind":"road","road":"motorway","osm":4993742},"geometry":{"type":"LineString","coordinates":[[-3.61063,37.16283],[-3.61077,37.16241],[-3.61091,37.162]]}},{"type":"Feature","properties":{"name":"Plaza de Mariana Pineda","kind":"road","road":"tertiary","osm":6065710},"geometry":{"type":"LineString","coordinates":[[-3.59735,37.17259],[-3.59717,37.1725],[-3.59712,37.1725],[-3.59708,37.1725]]}},{"type":"Feature","properties":{"name":"Calle Pavaneras","kind":"road","road":"secondary","osm":6065716},"geometry":{"type":"LineString","coordinates":[[-3.59663,37.17553],[-3.59655,37.1755]]}},{"type":"Feature","properties":{"name":"Calle Puerta Real de España","kind":"road","road":"primary","osm":6065718},"geometry":{"type":"LineString","coordinates":[[-3.59967,37.17344],[-3.59952,37.1736],[-3.59948,37.17365],[-3.59947,37.17366]]}},{"type":"Feature","properties":{"name":"Avenida del Hospicio","kind":"road","road":"secondary","osm":6065721},"geometry":{"type":"LineString","coordinates":[[-3.60202,37.183],[-3.60191,37.18308],[-3.60187,37.18312],[-3.60176,37.18323]]}},{"type":"Feature","properties":{"name":"Plaza Pescadería","kind":"road","road":"pedestrian","osm":6065724},"geometry":{"type":"LineString","coordinates":[[-3.60069,37.17618],[-3.60072,37.17627],[-3.60071,37.1763]]}},{"type":"Feature","properties":{"name":"Calle Tablas","kind":"road","road":"tertiary","osm":6065726},"geometry":{"type":"LineString","coordinates":[[-3.60393,37.17579],[-3.60387,37.17576],[-3.60382,37.17575],[-3.60377,37.17575],[-3.60336,37.17588],[-3.60328,37.17591],[-3.60295,37.17601],[-3.60288,37.17604],[-3.60248,37.17616],[-3.6023,37.17622],[-3.60222,37.17623]]}},{"type":"Feature","properties":{"name":"Calle Oficios","kind":"road","road":"pedestrian","osm":6065736},"geometry":{"type":"LineString","coordinates":[[-3.59905,37.17568],[-3.59901,37.17569],[-3.59893,37.17575],[-3.59875,37.17589],[-3.5987,37.17593],[-3.59869,37.17594],[-3.59855,37.17605],[-3.59816,37.17634]]}},{"type":"Feature","properties":{"name":"Calle Joaquín Sorolla","kind":"road","road":"pedestrian","osm":6065745},"geometry":{"type":"LineString","coordinates":[[-3.59812,37.17289],[-3.59824,37.17266],[-3.59829,37.17259],[-3.59836,37.17248]]}},{"type":"Feature","properties":{"name":"Plaza Nueva","kind":"road","road":"tertiary","osm":6065748},"geometry":{"type":"LineString","coordinates":[[-3.59574,37.17683],[-3.59554,37.17696],[-3.59525,37.17711]]}},{"type":"Feature","properties":{"name":"Calle Cárcel Baja","kind":"road","road":"pedestrian","osm":6066194},"geometry":{"type":"LineString","coordinates":[[-3.60006,37.17644],[-3.60003,37.17645]]}},{"type":"Feature","properties":{"name":"Plaza de Isabel la Católica","kind":"road","road":"secondary","osm":6066195},"geometry":{"type":"LineString","coordinates":[[-3.59709,37.17562],[-3.59706,37.1756],[-3.59679,37.17554]]}},{"type":"Feature","properties":{"name":"Calle Carrera de la Virgen","kind":"road","road":"secondary","osm":6066208},"geometry":{"type":"LineString","coordinates":[[-3.59829,37.17165],[-3.59822,37.17158],[-3.59745,37.17083],[-3.59741,37.17079],[-3.59708,37.17047],[-3.59619,37.1696],[-3.59617,37.16958],[-3.59614,37.16952],[-3.59613,37.16945]]}},{"type":"Feature","properties":{"name":"Calle Cocheras de San Cecilio","kind":"road","road":"tertiary","osm":6067237},"geometry":{"type":"LineString","coordinates":[[-3.59261,37.17348],[-3.59283,37.17361],[-3.59309,37.1738],[-3.59311,37.17381],[-3.59314,37.17382]]}},{"type":"Feature","properties":{"name":"Calle Peso de la Harina","kind":"road","road":"tertiary","osm":6554792},"geometry":{"type":"LineString","coordinates":[[-3.58869,37.18119],[-3.58867,37.18119],[-3.58865,37.18119],[-3.58859,37.18119],[-3.58855,37.18119]]}},{"type":"Feature","properties":{"name":"Calle Verea de Enmedio","kind":"road","road":"pedestrian","osm":6554801},"geometry":{"type":"LineString","coordinates":[[-3.58838,37.1822],[-3.58832,37.18218],[-3.5882,37.1821],[-3.58803,37.18195],[-3.58801,37.18185],[-3.58797,37.18179],[-3.58783,37.18167],[-3.58764,37.18157],[-3.58757,37.18157],[-3.58751,37.18159],[-3.5872,37.18164],[-3.58704,37.18168],[-3.58689,37.18173],[-3.58669,37.18175],[-3.58648,37.18163],[-3.58627,37.18147],[-3.58616,37.18144],[-3.58612,37.18143],[-3.58597,37.18146],[-3.5858,37.18151],[-3.58573,37.18157],[-3.58569,37.18159],[-3.58548,37.18171],[-3.58537,37.18176],[-3.58526,37.18184],[-3.58521,37.1819],[-3.58518,37.18195],[-3.58518,37.18199],[-3.58519,37.18207],[-3.58518,37.18214],[-3.58514,37.18219],[-3.5851,37.18222],[-3.58507,37.18224],[-3.58501,37.18224]]}},{"type":"Feature","properties":{"name":"Paseo de la Bomba","kind":"road","road":"primary","osm":8313828},"geometry":{"type":"LineString","coordinates":[[-3.59122,37.16911],[-3.59129,37.16912],[-3.59139,37.16916],[-3.59203,37.16946],[-3.5923,37.16958],[-3.59247,37.16963],[-3.59283,37.16975],[-3.59309,37.16983],[-3.5932,37.16985],[-3.59342,37.16983],[-3.59353,37.16982],[-3.59364,37.1698]]}},{"type":"Feature","properties":{"name":"Carretera de Murcia","kind":"road","road":"secondary","osm":8617663},"geometry":{"type":"LineString","coordinates":[[-3.59995,37.188],[-3.59982,37.18799],[-3.59979,37.18799],[-3.59971,37.18797]]}},{"type":"Feature","properties":{"name":"Camino de San Antonio","kind":"road","road":"secondary","osm":9037258},"geometry":{"type":"LineString","coordinates":[[-3.59309,37.18684],[-3.59314,37.18684],[-3.59318,37.18684],[-3.5938,37.18683]]}},{"type":"Feature","properties":{"name":"Plaza Rotary","kind":"road","road":"primary","osm":9712679},"geometry":{"type":"LineString","coordinates":[[-3.59815,37.16675],[-3.59821,37.16676],[-3.59827,37.16677],[-3.59833,37.16677]]}},{"type":"Feature","properties":{"name":"Calle San Antón","kind":"road","road":"secondary","osm":9714276},"geometry":{"type":"LineString","coordinates":[[-3.59867,37.1674],[-3.59863,37.16733]]}},{"type":"Feature","properties":{"name":"Plaza de San Isidro","kind":"road","road":"primary","osm":9776992},"geometry":{"type":"LineString","coordinates":[[-3.60379,37.18686],[-3.60371,37.18694],[-3.60369,37.18696],[-3.60359,37.18705]]}},{"type":"Feature","properties":{"name":"Avenida Capitán Moreno","kind":"road","road":"secondary","osm":9779634},"geometry":{"type":"LineString","coordinates":[[-3.60074,37.18363],[-3.60071,37.1836],[-3.60041,37.1833]]}},{"type":"Feature","properties":{"name":"Calle Acera de San Ildefonso","kind":"road","road":"tertiary","osm":9779635},"geometry":{"type":"LineString","coordinates":[[-3.59978,37.18284],[-3.59979,37.1829],[-3.59981,37.18301],[-3.59989,37.18351],[-3.59993,37.18373],[-3.60007,37.18459],[-3.60008,37.18465]]}},{"type":"Feature","properties":{"name":"Calle Abanilla","kind":"road","road":"tertiary","osm":9832715},"geometry":{"type":"LineString","coordinates":[[-3.60154,37.18873],[-3.60154,37.18869],[-3.6015,37.18851],[-3.60143,37.1883],[-3.60142,37.18826],[-3.60139,37.1881],[-3.60154,37.18804],[-3.60161,37.18802]]}},{"type":"Feature","properties":{"name":"Calle Pizarro Cenjor","kind":"road","road":"tertiary","osm":9832718},"geometry":{"type":"LineString","coordinates":[[-3.60132,37.18754],[-3.60136,37.1876],[-3.60137,37.18762],[-3.60161,37.18802]]}},{"type":"Feature","properties":{"name":"Cuesta de San Antonio","kind":"road","road":"tertiary","osm":9834999},"geometry":{"type":"LineString","coordinates":[[-3.60007,37.18583],[-3.60003,37.18583],[-3.6,37.18583],[-3.59978,37.18583],[-3.59949,37.1858],[-3.59933,37.18577]]}},{"type":"Feature","properties":{"name":"","kind":"road","road":"secondary","osm":9835001},"geometry":{"type":"LineString","coordinates":[[-3.59652,37.18512],[-3.59648,37.18509],[-3.59644,37.18508],[-3.59641,37.18507],[-3.59635,37.18507]]}},{"type":"Feature","properties":{"name":"Carretera de Murcia","kind":"road","road":"secondary","osm":9835007},"geometry":{"type":"LineString","coordinates":[[-3.59652,37.18512],[-3.59653,37.18505],[-3.59654,37.18502],[-3.59661,37.18498],[-3.59672,37.18492]]}},{"type":"Feature","properties":{"name":"Carretera de Murcia","kind":"road","road":"secondary","osm":9835011},"geometry":{"type":"LineString","coordinates":[[-3.59638,37.18536],[-3.59644,37.18539],[-3.59652,37.18542],[-3.59655,37.18543],[-3.5966,37.18544],[-3.59668,37.18544],[-3.59676,37.18543],[-3.59694,37.18537],[-3.597,37.18533]]}},{"type":"Feature","properties":{"name":"Calle Doctor Marañón","kind":"road","road":"tertiary","osm":10101233},"geometry":{"type":"LineString","coordinates":[[-3.60648,37.1894],[-3.60659,37.18944],[-3.60788,37.18993],[-3.60798,37.18997]]}},{"type":"Feature","properties":{"name":"Avenida del Sur","kind":"road","road":"primary","osm":10101238},"geometry":{"type":"LineString","coordinates":[[-3.61453,37.18825],[-3.61431,37.18817],[-3.61426,37.18816],[-3.61341,37.18792],[-3.61318,37.18786],[-3.61307,37.18788],[-3.61303,37.18789]]}},{"type":"Feature","properties":{"name":"Calle Doctor Azpitarte","kind":"road","road":"secondary","osm":10101241},"geometry":{"type":"LineString","coordinates":[[-3.61102,37.1896],[-3.61096,37.18957],[-3.61093,37.18956],[-3.6109,37.18955],[-3.60992,37.18915],[-3.60984,37.18911]]}},{"type":"Feature","properties":{"name":"Avenida de Fuente Nueva","kind":"road","road":"tertiary","osm":10101244},"geometry":{"type":"LineString","coordinates":[[-3.60666,37.18056],[-3.60653,37.18061],[-3.60641,37.1807],[-3.60615,37.1809],[-3.60611,37.18092],[-3.60593,37.18106]]}},{"type":"Feature","properties":{"name":"Calle Doctor Severo Ochoa","kind":"road","road":"primary","osm":10101245},"geometry":{"type":"LineString","coordinates":[[-3.60475,37.18418],[-3.60476,37.18405]]}},{"type":"Feature","properties":{"name":"","kind":"road","road":"primary","osm":10101251},"geometry":{"type":"LineString","coordinates":[[-3.61352,37.17696],[-3.61356,37.17696],[-3.61359,37.17696],[-3.61363,37.17695],[-3.61366,37.17694],[-3.61369,37.17693],[-3.61373,37.17691],[-3.61377,37.17689]]}},{"type":"Feature","properties":{"name":"Callejón de Tallacarne","kind":"road","road":"tertiary","osm":10126581},"geometry":{"type":"LineString","coordinates":[[-3.5949,37.18928],[-3.59489,37.18922],[-3.59487,37.18915],[-3.59465,37.18822],[-3.59462,37.18815],[-3.59444,37.18796],[-3.59434,37.18786],[-3.59414,37.18766],[-3.59408,37.18755],[-3.59388,37.18709],[-3.5938,37.18688],[-3.5938,37.18683]]}},{"type":"Feature","properties":{"name":"Calle Rector Marín Ocete","kind":"road","road":"primary","osm":10501843},"geometry":{"type":"LineString","coordinates":[[-3.60629,37.18493],[-3.60631,37.18486],[-3.60632,37.18482],[-3.60661,37.18389],[-3.60662,37.18386],[-3.60665,37.18376],[-3.60667,37.18366],[-3.60667,37.18359],[-3.60665,37.18352],[-3.6066,37.18342],[-3.60654,37.18332],[-3.60651,37.18329],[-3.60646,37.18324],[-3.60641,37.1832],[-3.60636,37.18317],[-3.6063,37.18314],[-3.60623,37.18312],[-3.60619,37.1831]]}},{"type":"Feature","properties":{"name":"Plaza de San Isidro","kind":"road","road":"secondary","osm":10501845},"geometry":{"type":"LineString","coordinates":[[-3.60359,37.18705],[-3.60354,37.18694],[-3.60337,37.18663],[-3.60335,37.18661],[-3.60331,37.18652]]}},{"type":"Feature","properties":{"name":"Calle Pintor Rodríguez Acosta","kind":"road","road":"tertiary","osm":11540859},"geometry":{"type":"LineString","coordinates":[[-3.60862,37.17754],[-3.60855,37.17761],[-3.60831,37.17784],[-3.60805,37.17809],[-3.60784,37.17829],[-3.60783,37.1783],[-3.60777,37.17836]]}},{"type":"Feature","properties":{"name":"Calle Melchor Almagro","kind":"road","road":"secondary","osm":11540871},"geometry":{"type":"LineString","coordinates":[[-3.60865,37.17894],[-3.60852,37.17885],[-3.60844,37.1788]]}},{"type":"Feature","properties":{"name":"Calle Sol","kind":"road","road":"tertiary","osm":11540872},"geometry":{"type":"LineString","coordinates":[[-3.60865,37.17662],[-3.60859,37.17664],[-3.60851,37.17667],[-3.60842,37.17669],[-3.60834,37.1767],[-3.60825,37.1767],[-3.60813,37.17669],[-3.60787,37.17661],[-3.60781,37.17659]]}},{"type":"Feature","properties":{"name":"Calle Almenillas","kind":"road","road":"tertiary","osm":11554925},"geometry":{"type":"LineString","coordinates":[[-3.61125,37.17912],[-3.61052,37.1794]]}},{"type":"Feature","properties":{"name":"Calle García Morato","kind":"road","road":"tertiary","osm":17960075},"geometry":{"type":"LineString","coordinates":[[-3.60172,37.19034],[-3.60171,37.19027],[-3.60167,37.1899],[-3.60163,37.18953],[-3.60163,37.18949],[-3.60162,37.18947]]}},{"type":"Feature","properties":{"name":"Calle Cristo de la Yedra","kind":"road","road":"tertiary","osm":17960088},"geometry":{"type":"LineString","coordinates":[[-3.59993,37.18749],[-3.59999,37.18749],[-3.60002,37.18749],[-3.60011,37.18746],[-3.60114,37.18715],[-3.60168,37.187],[-3.60176,37.18697],[-3.60219,37.18685],[-3.60315,37.18657],[-3.60317,37.18656],[-3.60331,37.18652]]}},{"type":"Feature","properties":{"name":"Calle Hornillo de Cartuja","kind":"road","road":"tertiary","osm":17960090},"geometry":{"type":"LineString","coordinates":[[-3.60229,37.18533],[-3.60222,37.18537],[-3.60202,37.18549],[-3.60109,37.18589],[-3.60094,37.18595],[-3.60065,37.18607],[-3.60045,37.18612],[-3.60023,37.18614],[-3.60013,37.18614],[-3.60009,37.18614]]}},{"type":"Feature","properties":{"name":"Calle Parra Alta de Cartuja","kind":"road","road":"tertiary","osm":17960098},"geometry":{"type":"LineString","coordinates":[[-3.60007,37.18672],[-3.6001,37.18673],[-3.60022,37.18672],[-3.60129,37.18631],[-3.6013,37.1863],[-3.60133,37.18629],[-3.60135,37.18628],[-3.60158,37.18617],[-3.6018,37.18607],[-3.60221,37.18587],[-3.60252,37.1857],[-3.60258,37.18567]]}},{"type":"Feature","properties":{"name":"Calle Fajalauza","kind":"road","road":"secondary","osm":19796939},"geometry":{"type":"LineString","coordinates":[[-3.59309,37.18684],[-3.59304,37.18685],[-3.5926,37.18691],[-3.59236,37.18695],[-3.59231,37.18695],[-3.59229,37.18695],[-3.59221,37.18696],[-3.59196,37.18698],[-3.59164,37.18701],[-3.59158,37.18702],[-3.59153,37.18704],[-3.59151,37.18705],[-3.59139,37.18717],[-3.59133,37.18722],[-3.59123,37.18728]]}},{"type":"Feature","properties":{"name":"","kind":"road","road":"tertiary","osm":22764949},"geometry":{"type":"LineString","coordinates":[[-3.58044,37.17125],[-3.58039,37.17125],[-3.58035,37.17126],[-3.58031,37.17128],[-3.58027,37.17131],[-3.58025,37.17134]]}},{"type":"Feature","properties":{"name":"Calle Martínez de la Rosa","kind":"road","road":"secondary","osm":22888895},"geometry":{"type":"LineString","coordinates":[[-3.60916,37.17746],[-3.60933,37.1774],[-3.60936,37.17738],[-3.60938,37.17737],[-3.60988,37.17718],[-3.60992,37.17716],[-3.60997,37.17714],[-3.60998,37.17714],[-3.61003,37.17712]]}},{"type":"Feature","properties":{"name":"Calle Carril del Picón","kind":"road","road":"secondary","osm":22889010},"geometry":{"type":"LineString","coordinates":[[-3.60586,37.17709],[-3.60578,37.17705],[-3.60575,37.17704],[-3.60534,37.17674],[-3.60518,37.17663],[-3.60514,37.1766],[-3.60497,37.17648],[-3.60471,37.17631],[-3.6046,37.17623]]}},{"type":"Feature","properties":{"name":"Calle Obispo Hurtado","kind":"road","road":"secondary","osm":22889011},"geometry":{"type":"LineString","coordinates":[[-3.60393,37.17579],[-3.60394,37.17574],[-3.60396,37.1757],[-3.60401,37.17566],[-3.60441,37.17545],[-3.60458,37.17534],[-3.60492,37.17509],[-3.60497,37.17506],[-3.60547,37.17469],[-3.60552,37.17464],[-3.60593,37.17429],[-3.60599,37.17425],[-3.60607,37.17419]]}},{"type":"Feature","properties":{"name":"","kind":"road","road":"tertiary","osm":24292746},"geometry":{"type":"LineString","coordinates":[[-3.59079,37.18933],[-3.59084,37.18932],[-3.59102,37.18929],[-3.59107,37.18929],[-3.59126,37.18926],[-3.59131,37.18926],[-3.59154,37.18923]]}},{"type":"Feature","properties":{"name":"Callejón de Aynadamar","kind":"road","road":"tertiary","osm":24305457},"geometry":{"type":"LineString","coordinates":[[-3.59208,37.18933],[-3.59219,37.18932],[-3.59227,37.18931],[-3.59229,37.18924],[-3.59235,37.18909],[-3.5924,37.18895],[-3.59242,37.18887],[-3.59242,37.1886],[-3.59242,37.18849],[-3.59248,37.18806],[-3.59248,37.18795],[-3.59248,37.18793],[-3.59236,37.18759],[-3.59233,37.18747],[-3.59231,37.18736],[-3.59229,37.18727],[-3.59234,37.18707]]}},{"type":"Feature","properties":{"name":"Calle Cármenes de Gadeo","kind":"road","road":"tertiary","osm":24305467},"geometry":{"type":"LineString","coordinates":[[-3.59227,37.18931],[-3.59237,37.18931],[-3.59283,37.18927],[-3.59287,37.18925],[-3.59288,37.18922],[-3.59293,37.18835],[-3.59293,37.18832],[-3.5928,37.18815],[-3.59277,37.1881],[-3.59275,37.18797],[-3.59275,37.18793],[-3.59273,37.18786],[-3.59257,37.18754],[-3.59256,37.18748],[-3.59257,37.18731]]}},{"type":"Feature","properties":{"name":"Calle Consuelo","kind":"road","road":"tertiary","osm":24309789},"geometry":{"type":"LineString","coordinates":[[-3.59205,37.18916],[-3.59204,37.18913],[-3.59196,37.18872],[-3.59188,37.18831],[-3.59187,37.18828],[-3.59183,37.18809]]}},{"type":"Feature","properties":{"name":"Calle Consuelo","kind":"road","road":"tertiary","osm":24310045},"geometry":{"type":"LineString","coordinates":[[-3.59195,37.19001],[-3.59196,37.18997],[-3.59202,37.18991],[-3.59207,37.18985],[-3.5921,37.18978],[-3.59212,37.18974],[-3.59213,37.18969],[-3.59214,37.18964],[-3.59213,37.18958],[-3.59208,37.18933],[-3.59205,37.18916]]}},{"type":"Feature","properties":{"name":"Calle Játiva","kind":"road","road":"tertiary","osm":24361197},"geometry":{"type":"LineString","coordinates":[[-3.59061,37.18844],[-3.59065,37.18844],[-3.59084,37.18841],[-3.59108,37.18838],[-3.59135,37.18835],[-3.59142,37.18834],[-3.5916,37.18831],[-3.59181,37.18828],[-3.59187,37.18828]]}},{"type":"Feature","properties":{"name":"Calle Guadalete","kind":"road","road":"tertiary","osm":24361242},"geometry":{"type":"LineString","coordinates":[[-3.59041,37.18804],[-3.59046,37.18805],[-3.5905,37.18807],[-3.59053,37.18809],[-3.59055,37.18813],[-3.59057,37.18822],[-3.59057,37.18825],[-3.59061,37.18844],[-3.5907,37.18888],[-3.59079,37.18929],[-3.59079,37.18933],[-3.59086,37.18967],[-3.59088,37.18977],[-3.59092,37.18996]]}},{"type":"Feature","properties":{"name":"Calle Hortensia","kind":"road","road":"tertiary","osm":24361257},"geometry":{"type":"LineString","coordinates":[[-3.59183,37.18809],[-3.59178,37.18809],[-3.59157,37.18812],[-3.59132,37.18815],[-3.59109,37.18818],[-3.59104,37.18819],[-3.59081,37.18822],[-3.59061,37.18825],[-3.59057,37.18825]]}},{"type":"Feature","properties":{"name":"Callejón de Lebrija","kind":"road","road":"tertiary","osm":24378958},"geometry":{"type":"LineString","coordinates":[[-3.5949,37.18928],[-3.59479,37.18929],[-3.5943,37.18936],[-3.59416,37.18938],[-3.59338,37.1895],[-3.59331,37.18951],[-3.59324,37.1895]]}},{"type":"Feature","properties":{"name":"Calle Alhamar","kind":"road","road":"secondary","osm":24379139},"geometry":{"type":"LineString","coordinates":[[-3.6051,37.16902],[-3.60505,37.16902],[-3.60502,37.16902],[-3.605,37.16902],[-3.60496,37.16902],[-3.60493,37.16902],[-3.60467,37.16902]]}},{"type":"Feature","properties":{"name":"Calle Recogidas","kind":"road","road":"primary","osm":24379187},"geometry":{"type":"LineString","coordinates":[[-3.60564,37.17028],[-3.60571,37.17026]]}},{"type":"Feature","properties":{"name":"Calle Alquería","kind":"road","road":"tertiary","osm":24389372},"geometry":{"type":"LineString","coordinates":[[-3.58749,37.18778],[-3.58751,37.18775],[-3.58751,37.18769],[-3.58748,37.18752],[-3.58738,37.18698],[-3.58738,37.18692],[-3.58759,37.1866],[-3.58763,37.18656],[-3.58788,37.18645],[-3.58798,37.1864],[-3.58817,37.18613],[-3.58839,37.18605],[-3.5891,37.18578],[-3.58917,37.18575],[-3.5892,37.18575],[-3.58938,37.18584]]}},{"type":"Feature","properties":{"name":"Calle Alhóndiga","kind":"road","road":"tertiary","osm":24415911},"geometry":{"type":"LineString","coordinates":[[-3.60184,37.17569],[-3.60182,37.17566],[-3.60162,37.17539],[-3.60141,37.1751],[-3.60134,37.17497],[-3.60126,37.17482]]}},{"type":"Feature","properties":{"name":"Calle Buensuceso","kind":"road","road":"tertiary","osm":24415918},"geometry":{"type":"LineString","coordinates":[[-3.6058,37.17373],[-3.60576,37.17375],[-3.60505,37.17415],[-3.60501,37.17416]]}},{"type":"Feature","properties":{"name":"Parque Federico García Lorca","kind":"park","road":"","osm":24450810},"geometry":{"type":"Polygon","coordinates":[[[-3.60919,37.1726],[-3.60895,37.17223],[-3.6089,37.17224],[-3.60875,37.17201],[-3.6086,37.17176],[-3.60866,37.17173],[-3.60848,37.17144],[-3.60842,37.17147],[-3.60826,37.17121],[-3.6081,37.17096],[-3.60816,37.17094],[-3.6078,37.17036],[-3.60782,37.17031],[-3.60788,37.17014],[-3.6082,37.1699],[-3.60947,37.16897],[-3.60952,37.16891],[-3.60955,37.16884],[-3.60958,37.16882],[-3.60957,37.16879],[-3.60965,37.16877],[-3.60972,37.16875],[-3.61001,37.16968],[-3.61037,37.17078],[-3.61061,37.17142],[-3.61083,37.17199],[-3.61115,37.17268],[-3.61039,37.17298],[-3.61038,37.17297],[-3.61033,37.17289],[-3.61005,37.17243],[-3.60998,37.17232],[-3.60919,37.1726]]]}},{"type":"Feature","properties":{"name":"Calle San Juan de Dios","kind":"road","road":"secondary","osm":24477643},"geometry":{"type":"LineString","coordinates":[[-3.60306,37.17979],[-3.60298,37.17989]]}},{"type":"Feature","properties":{"name":"Calle Santa Bárbara","kind":"road","road":"tertiary","osm":24477647},"geometry":{"type":"LineString","coordinates":[[-3.60333,37.18304],[-3.60337,37.18302],[-3.60362,37.18285],[-3.60368,37.1828],[-3.60403,37.18257]]}},{"type":"Feature","properties":{"name":"Calle Almona de San Juan de Dios","kind":"road","road":"tertiary","osm":24477649},"geometry":{"type":"LineString","coordinates":[[-3.60247,37.18204],[-3.60252,37.18207],[-3.60307,37.18243],[-3.60362,37.18277],[-3.60368,37.1828]]}},{"type":"Feature","properties":{"name":"Calle San Jerónimo","kind":"road","road":"secondary","osm":24477700},"geometry":{"type":"LineString","coordinates":[[-3.60298,37.17989],[-3.60287,37.17983],[-3.6024,37.17959],[-3.60235,37.17955],[-3.60229,37.17952],[-3.60221,37.17944],[-3.60198,37.17921],[-3.60192,37.17914],[-3.60189,37.17911],[-3.60171,37.17884],[-3.60143,37.17846],[-3.6014,37.17841],[-3.60129,37.1783],[-3.60121,37.17823],[-3.60104,37.17807],[-3.60087,37.17792],[-3.60064,37.17772],[-3.60035,37.17745],[-3.60022,37.17733],[-3.59994,37.17709],[-3.59993,37.17708]]}},{"type":"Feature","properties":{"name":"Calle Gracia","kind":"road","road":"tertiary","osm":24485241},"geometry":{"type":"LineString","coordinates":[[-3.60229,37.17427],[-3.60307,37.17384]]}},{"type":"Feature","properties":{"name":"Calle Martínez Campos","kind":"road","road":"secondary","osm":24485294},"geometry":{"type":"LineString","coordinates":[[-3.6041,37.17112],[-3.60413,37.17117],[-3.60415,37.1712],[-3.60422,37.17152],[-3.60434,37.17202],[-3.60447,37.17256]]}},{"type":"Feature","properties":{"name":"Calle Ancha de Gracia","kind":"road","road":"secondary","osm":24485310},"geometry":{"type":"LineString","coordinates":[[-3.60638,37.17112],[-3.60633,37.17116],[-3.60632,37.17117],[-3.60629,37.17119],[-3.60598,37.17143],[-3.60576,37.17159],[-3.60574,37.17161],[-3.60565,37.17167],[-3.6056,37.17171],[-3.60558,37.17173],[-3.60512,37.17207],[-3.60459,37.17246]]}},{"type":"Feature","properties":{"name":"Calle Solarillo de Gracia","kind":"road","road":"secondary","osm":24493014},"geometry":{"type":"LineString","coordinates":[[-3.60416,37.17282],[-3.60408,37.17284]]}},{"type":"Feature","properties":{"name":"Calle Moral de la Magdalena","kind":"road","road":"pedestrian","osm":24496462},"geometry":{"type":"LineString","coordinates":[[-3.60197,37.17396],[-3.60282,37.17353]]}},{"type":"Feature","properties":{"name":"Calle Pinar","kind":"road","road":"tertiary","osm":24551628},"geometry":{"type":"LineString","coordinates":[[-3.59039,37.18991],[-3.59039,37.1899],[-3.59038,37.18987],[-3.59038,37.18986],[-3.59034,37.18972],[-3.59023,37.18934],[-3.59019,37.18921]]}},{"type":"Feature","properties":{"name":"Calle Santa Teresa","kind":"road","road":"pedestrian","osm":24551696},"geometry":{"type":"LineString","coordinates":[[-3.60206,37.17601],[-3.6021,37.17599],[-3.60237,37.17587],[-3.60344,37.17537],[-3.60406,37.17508],[-3.60469,37.17475]]}},{"type":"Feature","properties":{"name":"Calle Agustina de Aragón","kind":"road","road":"secondary","osm":24553282},"geometry":{"type":"LineString","coordinates":[[-3.59911,37.16819],[-3.5992,37.16815],[-3.59975,37.1679],[-3.6,37.16778]]}},{"type":"Feature","properties":{"name":"Calle Profesor Sainz Cantero","kind":"road","road":"tertiary","osm":24559399},"geometry":{"type":"LineString","coordinates":[[-3.60699,37.17783],[-3.60691,37.1779],[-3.60663,37.17815],[-3.60644,37.17833],[-3.60642,37.17837],[-3.60642,37.17841],[-3.60652,37.17898],[-3.60654,37.17911]]}},{"type":"Feature","properties":{"name":"Calle Escuelas","kind":"road","road":"pedestrian","osm":24567244},"geometry":{"type":"LineString","coordinates":[[-3.60177,37.17805],[-3.60177,37.17793],[-3.60175,37.17748]]}},{"type":"Feature","properties":{"name":"Calle Zacatín","kind":"road","road":"pedestrian","osm":24567264},"geometry":{"type":"LineString","coordinates":[[-3.5978,37.17608],[-3.59818,37.17578],[-3.59828,37.17572],[-3.59844,37.17559],[-3.59875,37.17536],[-3.5989,37.17525],[-3.599,37.17518],[-3.59931,37.17496]]}},{"type":"Feature","properties":{"name":"Calle San Matías","kind":"road","road":"tertiary","osm":24567275},"geometry":{"type":"LineString","coordinates":[[-3.59706,37.17257],[-3.597,37.17286]]}},{"type":"Feature","properties":{"name":"Calle Trinidad","kind":"road","road":"pedestrian","osm":24582783},"geometry":{"type":"LineString","coordinates":[[-3.60143,37.17646],[-3.6015,37.17664],[-3.60173,37.17699],[-3.60181,37.17713],[-3.60189,37.17737],[-3.6019,37.17741]]}},{"type":"Feature","properties":{"name":"Calle Silencio","kind":"road","road":"pedestrian","osm":24582786},"geometry":{"type":"LineString","coordinates":[[-3.60175,37.17748],[-3.60175,37.17743],[-3.60172,37.17726],[-3.6017,37.17713],[-3.60165,37.17703]]}},{"type":"Feature","properties":{"name":"Calle Gran Capitán","kind":"road","road":"secondary","osm":24586100},"geometry":{"type":"LineString","coordinates":[[-3.60431,37.17818],[-3.60456,37.17801],[-3.60463,37.17796],[-3.60483,37.17782],[-3.6051,37.17763],[-3.60534,37.17745],[-3.60543,37.1774]]}},{"type":"Feature","properties":{"name":"Calle Duquesa","kind":"road","road":"tertiary","osm":24586207},"geometry":{"type":"LineString","coordinates":[[-3.60218,37.17729],[-3.60221,37.17733],[-3.6024,37.17763],[-3.60261,37.17792],[-3.60292,37.17839],[-3.60306,37.1786],[-3.60307,37.17861],[-3.60308,37.17862],[-3.6034,37.17909],[-3.60347,37.17912]]}},{"type":"Feature","properties":{"name":"Calle Lavadero Tablas","kind":"road","road":"tertiary","osm":24592664},"geometry":{"type":"LineString","coordinates":[[-3.60328,37.17591],[-3.60331,37.17595],[-3.60371,37.17658],[-3.60372,37.17659],[-3.60373,37.1766],[-3.60396,37.17695],[-3.60396,37.17697],[-3.60397,37.17698],[-3.60414,37.17725],[-3.60415,37.17727]]}},{"type":"Feature","properties":{"name":"Calle Ribera del Genil","kind":"road","road":"tertiary","osm":24611772},"geometry":{"type":"LineString","coordinates":[[-3.5996,37.16706],[-3.59965,37.16704],[-3.59999,37.16692],[-3.6004,37.16677],[-3.60046,37.16675],[-3.6008,37.16663],[-3.60117,37.1665],[-3.60157,37.16635],[-3.60164,37.16633]]}},{"type":"Feature","properties":{"name":"Calle Acera de Canasteros","kind":"road","road":"tertiary","osm":24661250},"geometry":{"type":"LineString","coordinates":[[-3.60484,37.18361],[-3.6048,37.18359],[-3.60464,37.18347],[-3.60383,37.18289],[-3.60368,37.1828]]}},{"type":"Feature","properties":{"name":"Calle Acera del Triunfo","kind":"road","road":"tertiary","osm":24661277},"geometry":{"type":"LineString","coordinates":[[-3.60241,37.18245],[-3.60246,37.18249],[-3.60329,37.18302],[-3.60333,37.18304]]}},{"type":"Feature","properties":{"name":"Plaza Madre de los Ferroviarios","kind":"road","road":"secondary","osm":25354158},"geometry":{"type":"LineString","coordinates":[[-3.60924,37.1845],[-3.60932,37.18452],[-3.60941,37.18454],[-3.60949,37.18455],[-3.60953,37.18456],[-3.61007,37.18467],[-3.61057,37.18477],[-3.61066,37.18479]]}},{"type":"Feature","properties":{"name":"Plaza Madre de los Ferroviarios","kind":"road","road":"tertiary","osm":25354162},"geometry":{"type":"LineString","coordinates":[[-3.61066,37.18479],[-3.61064,37.18486],[-3.6106,37.18496]]}},{"type":"Feature","properties":{"name":"Calle Tórtola","kind":"road","road":"tertiary","osm":25354205},"geometry":{"type":"LineString","coordinates":[[-3.61353,37.18611],[-3.61348,37.1861],[-3.6132,37.18604],[-3.61288,37.18598],[-3.61251,37.1859],[-3.61248,37.1859],[-3.61243,37.18589]]}},{"type":"Feature","properties":{"name":"Camino de Ronda","kind":"road","road":"primary","osm":26343854},"geometry":{"type":"LineString","coordinates":[[-3.61469,37.1849],[-3.6147,37.18493],[-3.61472,37.18505],[-3.61474,37.18512]]}},{"type":"Feature","properties":{"name":"Camino de Ronda","kind":"road","road":"primary","osm":26343855},"geometry":{"type":"LineString","coordinates":[[-3.61474,37.18512],[-3.61476,37.1853],[-3.61476,37.18534]]}},{"type":"Feature","properties":{"name":"Plaza del Triunfo","kind":"road","road":"secondary","osm":26547001},"geometry":{"type":"LineString","coordinates":[[-3.59981,37.18256],[-3.59988,37.18249],[-3.60012,37.18229],[-3.60015,37.18225]]}},{"type":"Feature","properties":{"name":"Calle Profesor Emilio Orozco","kind":"road","road":"secondary","osm":26547002},"geometry":{"type":"LineString","coordinates":[[-3.60015,37.18225],[-3.60027,37.18228],[-3.6003,37.18228]]}},{"type":"Feature","properties":{"name":"Calle Cárcel Baja","kind":"road","road":"secondary","osm":26547013},"geometry":{"type":"LineString","coordinates":[[-3.59766,37.17773],[-3.59771,37.17772],[-3.59833,37.1775]]}},{"type":"Feature","properties":{"name":"Placeta de San Gregorio","kind":"road","road":"pedestrian","osm":26547016},"geometry":{"type":"LineString","coordinates":[[-3.59634,37.17805],[-3.59634,37.17804],[-3.59632,37.178],[-3.59632,37.17798],[-3.59622,37.178],[-3.59621,37.178],[-3.59622,37.17805],[-3.59622,37.17806],[-3.59625,37.1781],[-3.59635,37.17807],[-3.59634,37.17805]]}},{"type":"Feature","properties":{"name":"Cuesta del Chapiz","kind":"road","road":"tertiary","osm":26547020},"geometry":{"type":"LineString","coordinates":[[-3.58834,37.17926],[-3.58825,37.17928],[-3.58821,37.17932],[-3.58818,37.17935],[-3.58818,37.17939],[-3.58818,37.17945],[-3.5884,37.18008],[-3.58849,37.18041],[-3.58852,37.18055],[-3.58856,37.18076],[-3.58861,37.18094],[-3.58866,37.1811],[-3.58867,37.18111],[-3.58868,37.18115],[-3.58869,37.18119]]}},{"type":"Feature","properties":{"name":"Paseo del Padre Manjón","kind":"road","road":"tertiary","osm":26547027},"geometry":{"type":"LineString","coordinates":[[-3.59037,37.17878],[-3.59024,37.1788],[-3.58999,37.17887],[-3.5896,37.17898],[-3.58932,37.17907],[-3.58902,37.17916]]}},{"type":"Feature","properties":{"name":"Camino Nuevo del Cementerio","kind":"road","road":"tertiary","osm":27149850},"geometry":{"type":"LineString","coordinates":[[-3.5888,37.17263],[-3.58876,37.17261],[-3.58872,37.17257],[-3.58871,37.17256],[-3.58865,37.17249],[-3.58813,37.1718],[-3.58799,37.17167],[-3.58753,37.17133]]}},{"type":"Feature","properties":{"name":"Paseo del Generalife","kind":"road","road":"tertiary","osm":27149851},"geometry":{"type":"LineString","coordinates":[[-3.58697,37.17418],[-3.58693,37.17422],[-3.58688,37.17425],[-3.58678,37.17426]]}},{"type":"Feature","properties":{"name":"Calle Vistillas de Los Ángeles","kind":"road","road":"secondary","osm":27420286},"geometry":{"type":"LineString","coordinates":[[-3.58748,37.16888],[-3.58749,37.16891],[-3.58753,37.16895],[-3.58758,37.16898],[-3.58775,37.16903],[-3.58779,37.16905],[-3.58807,37.16918],[-3.58825,37.16926],[-3.58874,37.16953],[-3.58893,37.16963],[-3.58905,37.16968],[-3.58921,37.16973],[-3.5893,37.16976]]}},{"type":"Feature","properties":{"name":"Pasaje Diego de Siloé","kind":"road","road":"pedestrian","osm":27674103},"geometry":{"type":"LineString","coordinates":[[-3.59857,37.17695],[-3.59854,37.17691],[-3.59839,37.17664],[-3.59815,37.17671]]}},{"type":"Feature","properties":{"name":"Calle Estribo","kind":"road","road":"pedestrian","osm":27674171},"geometry":{"type":"LineString","coordinates":[[-3.59855,37.17605],[-3.59828,37.17572],[-3.59813,37.17554]]}},{"type":"Feature","properties":{"name":"Calle Tinte","kind":"road","road":"pedestrian","osm":27674178},"geometry":{"type":"LineString","coordinates":[[-3.59844,37.17559],[-3.59856,37.17575],[-3.5987,37.17593]]}},{"type":"Feature","properties":{"name":"Plaza de Campo Verde","kind":"road","road":"pedestrian","osm":27674217},"geometry":{"type":"LineString","coordinates":[[-3.60041,37.17378],[-3.6004,37.17378],[-3.6003,37.17369],[-3.60022,37.17362],[-3.60031,37.17354],[-3.60036,37.1735],[-3.60057,37.17365],[-3.60059,37.17367],[-3.60052,37.17372],[-3.60045,37.17377],[-3.60042,37.17379],[-3.60041,37.17378]]}},{"type":"Feature","properties":{"name":"Calle Sierpe Baja","kind":"road","road":"pedestrian","osm":27674221},"geometry":{"type":"LineString","coordinates":[[-3.60092,37.17411],[-3.6007,37.17419],[-3.60066,37.1742],[-3.60033,37.17435]]}},{"type":"Feature","properties":{"name":"Calle Gracia","kind":"road","road":"tertiary","osm":27674223},"geometry":{"type":"LineString","coordinates":[[-3.60126,37.17482],[-3.60129,37.17481],[-3.60154,37.17468],[-3.60211,37.17436],[-3.60229,37.17427]]}},{"type":"Feature","properties":{"name":"Calle Párraga","kind":"road","road":"tertiary","osm":27674226},"geometry":{"type":"LineString","coordinates":[[-3.60154,37.17468],[-3.60153,37.17466],[-3.60139,37.17437],[-3.60118,37.17395]]}},{"type":"Feature","properties":{"name":"Plaza del Lino","kind":"road","road":"pedestrian","osm":27674229},"geometry":{"type":"LineString","coordinates":[[-3.60137,37.17437],[-3.6011,37.17446]]}},{"type":"Feature","properties":{"name":"Calle Cruz","kind":"road","road":"pedestrian","osm":27674232},"geometry":{"type":"LineString","coordinates":[[-3.6036,37.17265],[-3.60358,37.17267],[-3.60353,37.1727],[-3.60314,37.17292],[-3.60258,37.17322],[-3.60256,37.17322]]}},{"type":"Feature","properties":{"name":"Calle Nueva de San Antón","kind":"road","road":"pedestrian","osm":27679313},"geometry":{"type":"LineString","coordinates":[[-3.59971,37.17089],[-3.59976,37.17088],[-3.60004,37.17085]]}},{"type":"Feature","properties":{"name":"Calle Frailes","kind":"road","road":"tertiary","osm":27679335},"geometry":{"type":"LineString","coordinates":[[-3.60093,37.17234],[-3.60106,37.17233],[-3.60112,37.1723],[-3.60119,37.17225],[-3.6014,37.17206],[-3.6016,37.1719],[-3.60171,37.17184],[-3.60186,37.17176],[-3.60192,37.17172],[-3.60209,37.17158]]}},{"type":"Feature","properties":{"name":"Calle Doctor Martín Lagos","kind":"road","road":"tertiary","osm":27679336},"geometry":{"type":"LineString","coordinates":[[-3.60261,37.17191],[-3.60258,37.17187],[-3.60257,37.17187],[-3.60224,37.17146],[-3.60218,37.17144]]}},{"type":"Feature","properties":{"name":"Calle Pegarrecio","kind":"road","road":"pedestrian","osm":27680090},"geometry":{"type":"LineString","coordinates":[[-3.6014,37.17206],[-3.60167,37.17236]]}},{"type":"Feature","properties":{"name":"Pasaje de Recogidas","kind":"road","road":"pedestrian","osm":27680105},"geometry":{"type":"LineString","coordinates":[[-3.60234,37.17119],[-3.60249,37.17125],[-3.60259,37.1713]]}},{"type":"Feature","properties":{"name":"Calle San Miguel Alta","kind":"road","road":"pedestrian","osm":27680213},"geometry":{"type":"LineString","coordinates":[[-3.6043,37.17429],[-3.60462,37.17406]]}},{"type":"Feature","properties":{"name":"Calle Salamanca","kind":"road","road":"pedestrian","osm":27702675},"geometry":{"type":"LineString","coordinates":[[-3.59978,37.17469],[-3.59974,37.17464],[-3.59968,37.17456],[-3.59947,37.17433],[-3.59929,37.17413],[-3.59927,37.1741],[-3.59924,37.17409]]}},{"type":"Feature","properties":{"name":"Calle Jardín Botánico","kind":"road","road":"pedestrian","osm":27702710},"geometry":{"type":"LineString","coordinates":[[-3.6024,37.17763],[-3.60242,37.17762],[-3.60243,37.17761],[-3.60297,37.17739]]}},{"type":"Feature","properties":{"name":"Calle Laurel de las Tablas","kind":"road","road":"pedestrian","osm":27702729},"geometry":{"type":"LineString","coordinates":[[-3.602,37.17628],[-3.60202,37.17632],[-3.60253,37.17708],[-3.60256,37.17712]]}},{"type":"Feature","properties":{"name":"Calle Horno de Haza","kind":"road","road":"tertiary","osm":27702745},"geometry":{"type":"LineString","coordinates":[[-3.60534,37.17674],[-3.60527,37.17677],[-3.60495,37.17691],[-3.60468,37.17703],[-3.60417,37.17726],[-3.60415,37.17727]]}},{"type":"Feature","properties":{"name":"Calle Angulo","kind":"road","road":"pedestrian","osm":27702793},"geometry":{"type":"LineString","coordinates":[[-3.60298,37.17694],[-3.60296,37.1769],[-3.60249,37.17619],[-3.60248,37.17616]]}},{"type":"Feature","properties":{"name":"Calle Duquesa","kind":"road","road":"tertiary","osm":27702856},"geometry":{"type":"LineString","coordinates":[[-3.60158,37.17639],[-3.60159,37.17642],[-3.60216,37.17725],[-3.60218,37.17729]]}},{"type":"Feature","properties":{"name":"","kind":"water","road":"","osm":27729310},"geometry":{"type":"Polygon","coordinates":[[[-3.60731,37.1639],[-3.60683,37.16417],[-3.60636,37.16441],[-3.60535,37.16492],[-3.60502,37.16508],[-3.60472,37.16521],[-3.60442,37.16533],[-3.60407,37.16546],[-3.6034,37.16571],[-3.60333,37.16571],[-3.60329,37.16572],[-3.60321,37.16575],[-3.60312,37.16579],[-3.60305,37.16581],[-3.60302,37.16582],[-3.60301,37.16583],[-3.60297,37.16584],[-3.60157,37.16628],[-3.60081,37.16655],[-3.59958,37.16698],[-3.59874,37.16729],[-3.59872,37.1673],[-3.59863,37.16733],[-3.59856,37.16736],[-3.59852,37.16737],[-3.59805,37.16754],[-3.59687,37.16798],[-3.59678,37.16801],[-3.59667,37.16805],[-3.59663,37.16808],[-3.59659,37.16811],[-3.5966,37.16834],[-3.59658,37.16835],[-3.59632,37.16848],[-3.59629,37.16849],[-3.59626,37.1685],[-3.59615,37.16854],[-3.59607,37.16857],[-3.59605,37.16855],[-3.59589,37.1686],[-3.59585,37.16858],[-3.59577,37.16855],[-3.5957,37.16855],[-3.59562,37.16855],[-3.59553,37.16857],[-3.59545,37.1686],[-3.59511,37.16877],[-3.59463,37.16899],[-3.59438,37.16908],[-3.5939,37.16917],[-3.59364,37.1692],[-3.5934,37.16921],[-3.59335,37.16921],[-3.59311,37.1692],[-3.59255,37.16912],[-3.59196,37.16893],[-3.59155,37.16872],[-3.59033,37.16793],[-3.58954,37.16742],[-3.58934,37.16727],[-3.58926,37.16725],[-3.58914,37.16715],[-3.58893,37.16697],[-3.58877,37.16681],[-3.58878,37.1668],[-3.58865,37.16668],[-3.58869,37.16665],[-3.58861,37.16658],[-3.58851,37.16649],[-3.58843,37.16642],[-3.58835,37.16635],[-3.5883,37.16631],[-3.58828,37.16631],[-3.58826,37.16631],[-3.58822,37.16628],[-3.58815,37.16623],[-3.58812,37.16621],[-3.58803,37.16616],[-3.58802,37.16614],[-3.58803,37.16613],[-3.58799,37.16611],[-3.58788,37.16605],[-3.58779,37.16601],[-3.5877,37.16597],[-3.58757,37.16592],[-3.58746,37.16588],[-3.58731,37.16584],[-3.58712,37.16581],[-3.5871,37.16581],[-3.58688,37.16577],[-3.58676,37.16575],[-3.58664,37.16573],[-3.58654,37.16572],[-3.58648,37.16571],[-3.58646,37.16572],[-3.58645,37.16573],[-3.58615,37.16568],[-3.58614,37.16567],[-3.58613,37.16565],[-3.58607,37.16564],[-3.58596,37.16562],[-3.58585,37.16561],[-3.58572,37.16559],[-3.58562,37.16557],[-3.5855,37.16555],[-3.58543,37.1655],[-3.58501,37.16544],[-3.58482,37.16544],[-3.58467,37.16544],[-3.58417,37.16534],[-3.58415,37.16533],[-3.58415,37.16531],[-3.58405,37.16529],[-3.58389,37.16526],[-3.58372,37.16522],[-3.58356,37.16518],[-3.58345,37.16515],[-3.58344,37.16516],[-3.58342,37.16516],[-3.58307,37.16507],[-3.58273,37.16497],[-3.58244,37.16489],[-3.58229,37.16484],[-3.58186,37.16469],[-3.58157,37.16458],[-3.58126,37.16446],[-3.58004,37.16407],[-3.57892,37.1637],[-3.5787,37.16363],[-3.57848,37.16358],[-3.57829,37.16354],[-3.57807,37.16351],[-3.57696,37.16333],[-3.57665,37.16328],[-3.57634,37.16322],[-3.57607,37.16316],[-3.57567,37.16306],[-3.57554,37.16305],[-3.57553,37.16307],[-3.57535,37.16303],[-3.57538,37.16296],[-3.5754,37.16289],[-3.57558,37.16293],[-3.57557,37.16296],[-3.57569,37.163],[-3.57592,37.16306],[-3.57622,37.16313],[-3.57647,37.16318],[-3.57697,37.16327],[-3.57784,37.16341],[-3.57808,37.16345],[-3.57829,37.16348],[-3.57849,37.16352],[-3.57871,37.16358],[-3.57895,37.16365],[-3.57995,37.16397],[-3.58103,37.16432],[-3.58129,37.16442],[-3.5819,37.16458],[-3.5825,37.16477],[-3.58253,37.16479],[-3.58264,37.16486],[-3.58284,37.16494],[-3.58351,37.16508],[-3.58367,37.16512],[-3.58383,37.16516],[-3.58399,37.16519],[-3.58416,37.16523],[-3.58417,37.16523],[-3.58418,37.16522],[-3.5842,37.16521],[-3.58424,37.16522],[-3.5843,37.16527],[-3.5844,37.16531],[-3.58461,37.16536],[-3.58483,37.16539],[-3.58498,37.16536],[-3.58548,37.16544],[-3.5855,37.16545],[-3.58551,37.16547],[-3.58558,37.16548],[-3.58568,37.16549],[-3.58579,37.16551],[-3.58591,37.16553],[-3.58601,37.16555],[-3.58612,37.16556],[-3.58614,37.16557],[-3.58616,37.16555],[-3.58618,37.16555],[-3.58646,37.16559],[-3.58648,37.16561],[-3.58649,37.16562],[-3.5865,37.16563],[-3.5866,37.16564],[-3.58671,37.16566],[-3.58685,37.16568],[-3.58714,37.16573],[-3.58716,37.16572],[-3.58718,37.16571],[-3.58731,37.16574],[-3.58742,37.16577],[-3.58747,37.16578],[-3.58749,37.16579],[-3.58749,37.16581],[-3.58756,37.16583],[-3.58768,37.16587],[-3.58779,37.16591],[-3.58789,37.16596],[-3.58798,37.166],[-3.58807,37.16605],[-3.58808,37.16606],[-3.5881,37.16605],[-3.58812,37.16605],[-3.58819,37.1661],[-3.58825,37.16613],[-3.5883,37.16617],[-3.58836,37.16622],[-3.58837,37.16623],[-3.58836,37.16625],[-3.58837,37.16625],[-3.58845,37.16632],[-3.58853,37.16639],[-3.58862,37.16647],[-3.58877,37.1666],[-3.58881,37.16657],[-3.58893,37.16671],[-3.58896,37.16669],[-3.5891,37.16684],[-3.58927,37.16699],[-3.58941,37.1671],[-3.58945,37.16714],[-3.58964,37.16727],[-3.59047,37.1678],[-3.59094,37.16811],[-3.59151,37.16847],[-3.59167,37.16857],[-3.59186,37.16868],[-3.59221,37.16885],[-3.59263,37.16897],[-3.59323,37.16906],[-3.59335,37.16906],[-3.59368,37.16904],[-3.59409,37.16897],[-3.59429,37.16892],[-3.5945,37.16885],[-3.59595,37.16814],[-3.59628,37.16798],[-3.59651,37.16789],[-3.5966,37.16785],[-3.59667,37.16782],[-3.59749,37.16754],[-3.59795,37.16737],[-3.59843,37.1672],[-3.59847,37.16719],[-3.59854,37.16717],[-3.59862,37.16714],[-3.59865,37.16713],[-3.60004,37.16664],[-3.60072,37.16638],[-3.60148,37.16611],[-3.60201,37.16593],[-3.60283,37.16567],[-3.60292,37.16567],[-3.60293,37.16567],[-3.60296,37.16566],[-3.60303,37.16563],[-3.60312,37.1656],[-3.6032,37.16557],[-3.60324,37.16556],[-3.60329,37.16552],[-3.60396,37.16528],[-3.60431,37.16514],[-3.6046,37.16503],[-3.60491,37.16489],[-3.60524,37.16473],[-3.60559,37.16456],[-3.60717,37.16373],[-3.60725,37.16383],[-3.60731,37.1639]]]}},{"type":"Feature","properties":{"name":"Calle Agua del Albayzín","kind":"road","road":"pedestrian","osm":27924022},"geometry":{"type":"LineString","coordinates":[[-3.59328,37.18343],[-3.59329,37.18342],[-3.59329,37.18339],[-3.59329,37.18332],[-3.59347,37.18276]]}},{"type":"Feature","properties":{"name":"Avenida Capitán Moreno","kind":"road","road":"secondary","osm":27924028},"geometry":{"type":"LineString","coordinates":[[-3.59992,37.18281],[-3.59986,37.18281],[-3.59981,37.18283],[-3.59978,37.18284]]}},{"type":"Feature","properties":{"name":"","kind":"road","road":"secondary","osm":27924031},"geometry":{"type":"LineString","coordinates":[[-3.59982,37.18266],[-3.59983,37.18264],[-3.59984,37.18261],[-3.59983,37.18259],[-3.59983,37.18257],[-3.59981,37.18256]]}},{"type":"Feature","properties":{"name":"Calle Arandas","kind":"road","road":"tertiary","osm":28038131},"geometry":{"type":"LineString","coordinates":[[-3.60189,37.17911],[-3.60184,37.17914],[-3.60151,37.17936],[-3.60147,37.1794],[-3.60146,37.17941],[-3.60107,37.17967],[-3.60073,37.17992],[-3.60068,37.17994]]}},{"type":"Feature","properties":{"name":"Calle Almona del Campillo","kind":"road","road":"pedestrian","osm":28238519},"geometry":{"type":"LineString","coordinates":[[-3.59916,37.17276],[-3.59901,37.17286],[-3.59891,37.17295],[-3.59885,37.17301],[-3.59875,37.17317]]}},{"type":"Feature","properties":{"name":"Calle Carrera de la Virgen","kind":"road","road":"secondary","osm":28238522},"geometry":{"type":"LineString","coordinates":[[-3.59869,37.17151],[-3.59863,37.17155]]}},{"type":"Feature","properties":{"name":"Calle Acera del Darro","kind":"road","road":"primary","osm":28238524},"geometry":{"type":"LineString","coordinates":[[-3.59643,37.16842],[-3.59645,37.16846],[-3.59646,37.16849],[-3.59648,37.16851],[-3.59653,37.16861],[-3.59665,37.16877],[-3.59682,37.16901],[-3.59687,37.16908]]}},{"type":"Feature","properties":{"name":"Calle Zaragoza","kind":"road","road":"pedestrian","osm":28238526},"geometry":{"type":"LineString","coordinates":[[-3.59893,37.17372],[-3.59915,37.17391]]}},{"type":"Feature","properties":{"name":"Calle Mariana Pineda","kind":"road","road":"pedestrian","osm":28238528},"geometry":{"type":"LineString","coordinates":[[-3.59886,37.17429],[-3.59846,37.17473]]}},{"type":"Feature","properties":{"name":"Plaza de Villamena","kind":"road","road":"secondary","osm":28238530},"geometry":{"type":"LineString","coordinates":[[-3.59887,37.17716],[-3.59891,37.17719],[-3.59932,37.17751],[-3.59934,37.17753]]}},{"type":"Feature","properties":{"name":"Calle Cárcel Baja","kind":"road","road":"secondary","osm":28238532},"geometry":{"type":"LineString","coordinates":[[-3.59845,37.17744],[-3.5985,37.17739],[-3.59851,37.17738],[-3.59866,37.17729],[-3.59887,37.17716]]}},{"type":"Feature","properties":{"name":"Placeta Radio Granada","kind":"road","road":"tertiary","osm":28238533},"geometry":{"type":"LineString","coordinates":[[-3.59981,37.17771],[-3.59982,37.17773],[-3.5998,37.17776],[-3.59974,37.17781]]}},{"type":"Feature","properties":{"name":"Calle Marqués de Falces","kind":"road","road":"tertiary","osm":28238538},"geometry":{"type":"LineString","coordinates":[[-3.59868,37.17926],[-3.59871,37.17924],[-3.5992,37.17906],[-3.59921,37.17905],[-3.59931,37.17901]]}},{"type":"Feature","properties":{"name":"Calle Santa Lucía","kind":"road","road":"pedestrian","osm":28238539},"geometry":{"type":"LineString","coordinates":[[-3.59966,37.18066],[-3.59964,37.18053],[-3.59949,37.18052],[-3.59918,37.18053]]}},{"type":"Feature","properties":{"name":"Calle Mirlo","kind":"road","road":"tertiary","osm":28238890},"geometry":{"type":"LineString","coordinates":[[-3.61025,37.18591],[-3.61032,37.18594],[-3.61083,37.18608],[-3.61084,37.18609],[-3.6109,37.1861],[-3.61097,37.18612],[-3.61162,37.18631],[-3.61214,37.18646],[-3.61268,37.18662],[-3.61298,37.18671],[-3.61328,37.18679],[-3.61333,37.1868]]}},{"type":"Feature","properties":{"name":"Calle Faisán","kind":"road","road":"tertiary","osm":28238891},"geometry":{"type":"LineString","coordinates":[[-3.61045,37.18692],[-3.6105,37.18682],[-3.61073,37.18641],[-3.61087,37.18616],[-3.6109,37.1861],[-3.61093,37.18602],[-3.61103,37.18568],[-3.61105,37.18563],[-3.61105,37.18561],[-3.61107,37.18557],[-3.61125,37.18496],[-3.61127,37.18492]]}},{"type":"Feature","properties":{"name":"Calle Gaviota","kind":"road","road":"tertiary","osm":28238892},"geometry":{"type":"LineString","coordinates":[[-3.61231,37.18594],[-3.6123,37.18597],[-3.61216,37.18642],[-3.61214,37.18646]]}},{"type":"Feature","properties":{"name":"Calle Ruiseñor","kind":"road","road":"tertiary","osm":28238895},"geometry":{"type":"LineString","coordinates":[[-3.60881,37.18547],[-3.60886,37.18548],[-3.61025,37.18576],[-3.61028,37.18577],[-3.6103,37.18577]]}},{"type":"Feature","properties":{"name":"Calle Doctor Mesa Moles","kind":"road","road":"tertiary","osm":28238901},"geometry":{"type":"LineString","coordinates":[[-3.60896,37.18877],[-3.60889,37.18889],[-3.60875,37.18911],[-3.60857,37.18942],[-3.60842,37.18965],[-3.60838,37.18972],[-3.60828,37.18988],[-3.60824,37.18995],[-3.6082,37.19001],[-3.60818,37.19004]]}},{"type":"Feature","properties":{"name":"Calle Doctor Pareja Yébenes","kind":"road","road":"tertiary","osm":28238903},"geometry":{"type":"LineString","coordinates":[[-3.60857,37.18942],[-3.60863,37.18944],[-3.60921,37.18967],[-3.60927,37.18969],[-3.60932,37.18971]]}},{"type":"Feature","properties":{"name":"Calle Alondra","kind":"road","road":"secondary","osm":28374782},"geometry":{"type":"LineString","coordinates":[[-3.61333,37.1868],[-3.61334,37.18675],[-3.61353,37.18611],[-3.61354,37.18606],[-3.61364,37.18571],[-3.61374,37.18534],[-3.61376,37.18532],[-3.61376,37.18531]]}},{"type":"Feature","properties":{"name":"Carretera de Málaga","kind":"road","road":"primary","osm":28375376},"geometry":{"type":"LineString","coordinates":[[-3.62155,37.18894],[-3.62148,37.18893],[-3.62135,37.18892],[-3.62132,37.18891],[-3.62128,37.18891],[-3.621,37.18889],[-3.62061,37.18888],[-3.62047,37.18888],[-3.62043,37.18888],[-3.6204,37.18888],[-3.62031,37.18888],[-3.62021,37.18889],[-3.61997,37.18889],[-3.61942,37.18889],[-3.61939,37.18889],[-3.61935,37.18889],[-3.61929,37.18889]]}},{"type":"Feature","properties":{"name":"Cuesta del Aceituno","kind":"road","road":"tertiary","osm":28936995},"geometry":{"type":"LineString","coordinates":[[-3.59007,37.18667],[-3.59015,37.1867],[-3.59035,37.18679],[-3.5904,37.18678]]}},{"type":"Feature","properties":{"name":"Paseo de Cartuja","kind":"road","road":"primary","osm":29014893},"geometry":{"type":"LineString","coordinates":[[-3.60055,37.1892],[-3.60063,37.18936],[-3.60064,37.18943],[-3.60065,37.18953]]}},{"type":"Feature","properties":{"name":"Calle Alhóndiga","kind":"road","road":"pedestrian","osm":29098061},"geometry":{"type":"LineString","coordinates":[[-3.60126,37.17482],[-3.60126,37.1748],[-3.6012,37.17466],[-3.6011,37.17446],[-3.60092,37.17411],[-3.60089,37.17405],[-3.60075,37.17378],[-3.60065,37.17367],[-3.60061,37.17363],[-3.60018,37.17332]]}},{"type":"Feature","properties":{"name":"Calle Arco de las Cucharas","kind":"road","road":"pedestrian","osm":29108816},"geometry":{"type":"LineString","coordinates":[[-3.60003,37.17499],[-3.6003,37.17488],[-3.60056,37.17478]]}},{"type":"Feature","properties":{"name":"Calle Nuestra Señora de la Salud","kind":"road","road":"secondary","osm":29201059},"geometry":{"type":"LineString","coordinates":[[-3.61274,37.1899],[-3.61319,37.1895],[-3.61322,37.18947],[-3.61363,37.1891]]}},{"type":"Feature","properties":{"name":"Avenida de Andalucía","kind":"road","road":"primary","osm":29201315},"geometry":{"type":"LineString","coordinates":[[-3.61386,37.18916],[-3.61439,37.18948],[-3.61501,37.18976]]}},{"type":"Feature","properties":{"name":"Avenida de Andalucía","kind":"road","road":"primary","osm":29201390},"geometry":{"type":"LineString","coordinates":[[-3.61453,37.18947],[-3.61435,37.18936],[-3.614,37.18915],[-3.61398,37.18913],[-3.6138,37.18902]]}},{"type":"Feature","properties":{"name":"Avenida de Andalucía","kind":"road","road":"primary","osm":29201402},"geometry":{"type":"LineString","coordinates":[[-3.61363,37.1891],[-3.61382,37.18922],[-3.61386,37.18925],[-3.61407,37.18938],[-3.61424,37.18949],[-3.61429,37.18952],[-3.61437,37.18958],[-3.61444,37.18964]]}},{"type":"Feature","properties":{"name":"Plaza Haza Grande","kind":"road","road":"pedestrian","osm":29410793},"geometry":{"type":"LineString","coordinates":[[-3.59203,37.18936],[-3.59205,37.18935],[-3.59203,37.18922],[-3.59201,37.1892],[-3.592,37.18919],[-3.59198,37.18919],[-3.59176,37.18922],[-3.59159,37.18924],[-3.59159,37.18925],[-3.59162,37.18941],[-3.59168,37.1894],[-3.59168,37.18942],[-3.59194,37.18938],[-3.59194,37.18937],[-3.59199,37.18936],[-3.59203,37.18936]]}},{"type":"Feature","properties":{"name":"","kind":"park","road":"","osm":29410830},"geometry":{"type":"Polygon","coordinates":[[[-3.58953,37.18734],[-3.58823,37.18679],[-3.58803,37.18687],[-3.58782,37.18717],[-3.58792,37.18769],[-3.58794,37.18772],[-3.58843,37.18789],[-3.58846,37.18788],[-3.58849,37.18787],[-3.5887,37.18762],[-3.5891,37.18752],[-3.58934,37.18762],[-3.58943,37.18749],[-3.58953,37.18734]]]}},{"type":"Feature","properties":{"name":"Calle Acera de San Ildefonso","kind":"road","road":"tertiary","osm":29873348},"geometry":{"type":"LineString","coordinates":[[-3.60022,37.18469],[-3.60019,37.18471],[-3.60016,37.18476],[-3.60015,37.18482]]}},{"type":"Feature","properties":{"name":"Calle Marqués de Gerona","kind":"road","road":"pedestrian","osm":30155491},"geometry":{"type":"LineString","coordinates":[[-3.60003,37.17597],[-3.6005,37.1758]]}},{"type":"Feature","properties":{"name":"Plaza Almagro Segura","kind":"road","road":"tertiary","osm":30268321},"geometry":{"type":"LineString","coordinates":[[-3.60238,37.18965],[-3.60244,37.18963],[-3.60288,37.18952],[-3.60285,37.18945]]}},{"type":"Feature","properties":{"name":"Calle Príncipe","kind":"road","road":"pedestrian","osm":30284532},"geometry":{"type":"LineString","coordinates":[[-3.59955,37.17479],[-3.59946,37.17466],[-3.5993,37.17455],[-3.59906,37.17439],[-3.59904,37.17438]]}},{"type":"Feature","properties":{"name":"Calle Domingo Lozano","kind":"road","road":"tertiary","osm":30425753},"geometry":{"type":"LineString","coordinates":[[-3.60228,37.18854],[-3.60225,37.18854],[-3.60202,37.1886],[-3.60197,37.18862],[-3.60191,37.18863],[-3.6016,37.18872],[-3.60157,37.18873],[-3.60154,37.18873]]}},{"type":"Feature","properties":{"name":"Plaza de la Alhóndiga","kind":"road","road":"pedestrian","osm":30602004},"geometry":{"type":"LineString","coordinates":[[-3.60142,37.17546],[-3.60138,37.17538],[-3.60137,37.17538],[-3.60136,37.17537],[-3.60134,37.17534],[-3.60144,37.17531],[-3.60145,37.1753],[-3.60146,37.1753],[-3.60146,37.17529],[-3.60147,37.17528],[-3.60146,37.17527],[-3.60147,37.17527],[-3.60149,37.17526],[-3.60158,37.17539],[-3.60157,37.17539],[-3.60145,37.17545],[-3.60142,37.17546]]}},{"type":"Feature","properties":{"name":"Plaza del Campillo","kind":"road","road":"tertiary","osm":31693234},"geometry":{"type":"LineString","coordinates":[[-3.59756,37.17231],[-3.59761,37.1723],[-3.59765,37.17228],[-3.59772,37.17224],[-3.59778,37.17219],[-3.59792,37.17201],[-3.59799,37.17192]]}},{"type":"Feature","properties":{"name":"Calle de San Antón","kind":"road","road":"pedestrian","osm":31693623},"geometry":{"type":"LineString","coordinates":[[-3.59946,37.16899],[-3.59945,37.16902],[-3.59945,37.16905],[-3.59945,37.16908],[-3.59947,37.16915],[-3.59958,37.16959],[-3.59961,37.16987],[-3.59966,37.17048],[-3.59968,37.17073],[-3.59971,37.17089],[-3.59977,37.17123],[-3.5999,37.1718],[-3.5999,37.17183]]}},{"type":"Feature","properties":{"name":"Calle Cruz del Sur","kind":"road","road":"primary","osm":33903250},"geometry":{"type":"LineString","coordinates":[[-3.6148,37.18952],[-3.61478,37.18941],[-3.61479,37.18934],[-3.61479,37.18932],[-3.61479,37.1893]]}},{"type":"Feature","properties":{"name":"Camino de Ronda","kind":"road","road":"primary","osm":33903251},"geometry":{"type":"LineString","coordinates":[[-3.61483,37.18512],[-3.61479,37.18494],[-3.61479,37.18492],[-3.61478,37.18489]]}},{"type":"Feature","properties":{"name":"Avenida Pablo Picasso","kind":"road","road":"secondary","osm":34913312},"geometry":{"type":"LineString","coordinates":[[-3.59246,37.16598],[-3.59248,37.16597],[-3.59363,37.16541]]}},{"type":"Feature","properties":{"name":"Circunvalación de Granada","kind":"road","road":"motorway","osm":35220120},"geometry":{"type":"LineString","coordinates":[[-3.6099,37.16701],[-3.60992,37.16733],[-3.60994,37.16766],[-3.60997,37.16798],[-3.61,37.16829]]}},{"type":"Feature","properties":{"name":"Circunvalación de Granada","kind":"road","road":"motorway","osm":35220122},"geometry":{"type":"LineString","coordinates":[[-3.61,37.16829],[-3.61011,37.16896],[-3.61024,37.16956],[-3.61035,37.17],[-3.61045,37.17034],[-3.61047,37.17048]]}},{"type":"Feature","properties":{"name":"Circunvalación de Granada","kind":"road","road":"motorway","osm":35220124},"geometry":{"type":"LineString","coordinates":[[-3.61018,37.16827],[-3.61015,37.16796],[-3.61011,37.16764],[-3.61009,37.16732],[-3.61008,37.167]]}},{"type":"Feature","properties":{"name":"Circunvalación de Granada","kind":"road","road":"motorway","osm":35220125},"geometry":{"type":"LineString","coordinates":[[-3.61008,37.167],[-3.61008,37.16582],[-3.61014,37.16518],[-3.61021,37.16464],[-3.61039,37.16371],[-3.61063,37.16283]]}},{"type":"Feature","properties":{"name":"Calle Cedrán","kind":"road","road":"tertiary","osm":35896721},"geometry":{"type":"LineString","coordinates":[[-3.59907,37.18079],[-3.5997,37.18068],[-3.60006,37.18061],[-3.60007,37.18061],[-3.60008,37.1806],[-3.60017,37.18059]]}},{"type":"Feature","properties":{"name":"Calle Alcazaba","kind":"road","road":"pedestrian","osm":38252759},"geometry":{"type":"LineString","coordinates":[[-3.58848,37.18857],[-3.58846,37.18863],[-3.58839,37.18885],[-3.5886,37.18903],[-3.58877,37.18911],[-3.58922,37.18918]]}},{"type":"Feature","properties":{"name":"Calle Alcaicería","kind":"road","road":"pedestrian","osm":39703383},"geometry":{"type":"LineString","coordinates":[[-3.59902,37.17563],[-3.59899,37.1756],[-3.59892,37.17554],[-3.59892,37.17553],[-3.59878,37.17539]]}},{"type":"Feature","properties":{"name":"Placeta de Santo Cristo","kind":"road","road":"pedestrian","osm":39703825},"geometry":{"type":"LineString","coordinates":[[-3.60036,37.1744],[-3.60007,37.17453]]}},{"type":"Feature","properties":{"name":"Calle Cerrajeros","kind":"road","road":"pedestrian","osm":39703828},"geometry":{"type":"LineString","coordinates":[[-3.60004,37.17449],[-3.60003,37.17446],[-3.59996,37.17437],[-3.59984,37.17423]]}},{"type":"Feature","properties":{"name":"Calle Caldereros","kind":"road","road":"pedestrian","osm":39703829},"geometry":{"type":"LineString","coordinates":[[-3.59996,37.17437],[-3.6001,37.17431],[-3.60027,37.17423]]}},{"type":"Feature","properties":{"name":"Calle Cristo de San Agustín","kind":"road","road":"tertiary","osm":39704102},"geometry":{"type":"LineString","coordinates":[[-3.59951,37.17745],[-3.59948,37.17745],[-3.59945,37.17745],[-3.59934,37.17753]]}},{"type":"Feature","properties":{"name":"Plaza de San Agustín","kind":"road","road":"tertiary","osm":39704103},"geometry":{"type":"LineString","coordinates":[[-3.59951,37.17745],[-3.59953,37.17745],[-3.59955,37.17747],[-3.59978,37.17767],[-3.59981,37.17771]]}},{"type":"Feature","properties":{"name":"Parque Universitario de Fuentenueva","kind":"park","road":"","osm":40197995},"geometry":{"type":"Polygon","coordinates":[[[-3.60621,37.18476],[-3.60618,37.18476],[-3.60601,37.18466],[-3.60587,37.1846],[-3.60568,37.18455],[-3.60544,37.18444],[-3.60494,37.1842],[-3.6049,37.18412],[-3.60486,37.18402],[-3.60536,37.18306],[-3.60547,37.18303],[-3.60549,37.18302],[-3.60557,37.183],[-3.60562,37.18302],[-3.60628,37.18325],[-3.60639,37.18333],[-3.60647,37.18342],[-3.60652,37.18351],[-3.60657,37.18363],[-3.60656,37.18372],[-3.60643,37.18417],[-3.60626,37.18475],[-3.60621,37.18476]]]}},{"type":"Feature","properties":{"name":"Plaza de San Pantaleón","kind":"road","road":"tertiary","osm":40200799},"geometry":{"type":"LineString","coordinates":[[-3.60949,37.18967],[-3.60946,37.18966],[-3.60944,37.18966],[-3.60941,37.18966],[-3.60939,37.18966],[-3.60937,37.18967],[-3.60935,37.18968],[-3.60933,37.18969],[-3.60932,37.18971],[-3.60931,37.18973],[-3.6093,37.18976],[-3.60931,37.18978],[-3.60932,37.1898],[-3.60934,37.18983],[-3.60937,37.18985]]}},{"type":"Feature","properties":{"name":"Calle Horno de la Merced","kind":"road","road":"pedestrian","osm":41236011},"geometry":{"type":"LineString","coordinates":[[-3.59936,37.18213],[-3.59924,37.18215],[-3.59923,37.18217],[-3.59921,37.18221],[-3.59918,37.18223],[-3.59919,37.18248]]}},{"type":"Feature","properties":{"name":"Plaza Larga","kind":"road","road":"pedestrian","osm":41337205},"geometry":{"type":"LineString","coordinates":[[-3.5931,37.18267],[-3.59315,37.18257],[-3.59317,37.18257],[-3.59333,37.1826],[-3.59341,37.18261],[-3.59344,37.18262],[-3.59349,37.18262],[-3.59351,37.18262],[-3.59351,37.18265],[-3.59351,37.18272],[-3.59348,37.18272],[-3.59342,37.18272],[-3.59313,37.18267],[-3.5931,37.18267]]}},{"type":"Feature","properties":{"name":"Plaza Mirador de San Nicolás","kind":"road","road":"pedestrian","osm":41337207},"geometry":{"type":"LineString","coordinates":[[-3.59277,37.1812],[-3.59279,37.18119],[-3.59281,37.18118],[-3.59292,37.18117],[-3.59292,37.18116],[-3.59291,37.18101],[-3.59267,37.18103],[-3.59244,37.18107],[-3.59247,37.18118],[-3.59245,37.18118],[-3.59243,37.18119],[-3.59229,37.18121],[-3.5923,37.18124],[-3.59232,37.1813],[-3.59237,37.18129],[-3.59238,37.18127],[-3.59241,37.18127],[-3.59241,37.18126],[-3.59244,37.18125],[-3.59257,37.18123],[-3.59265,37.18122],[-3.59266,37.18126],[-3.59269,37.18125],[-3.59268,37.18125],[-3.59274,37.18124],[-3.59276,37.18122],[-3.59277,37.1812]]}},{"type":"Feature","properties":{"name":"Calle Ánimas","kind":"road","road":"pedestrian","osm":42675280},"geometry":{"type":"LineString","coordinates":[[-3.59546,37.17641],[-3.59567,37.17626],[-3.59574,37.17622]]}},{"type":"Feature","properties":{"name":"Plaza del Padre Suárez","kind":"road","road":"secondary","osm":42675281},"geometry":{"type":"LineString","coordinates":[[-3.59568,37.17477],[-3.59552,37.17466]]}},{"type":"Feature","properties":{"name":"Calle Hospital de Santa Ana","kind":"road","road":"pedestrian","osm":42675544},"geometry":{"type":"LineString","coordinates":[[-3.59532,37.17673],[-3.59518,37.17681],[-3.59511,37.17688],[-3.59502,37.17698]]}},{"type":"Feature","properties":{"name":"Calle Puente Espinosa","kind":"road","road":"pedestrian","osm":42675545},"geometry":{"type":"LineString","coordinates":[[-3.59307,37.17796],[-3.59308,37.17798],[-3.59307,37.1781]]}},{"type":"Feature","properties":{"name":"Plaza de Mariana Pineda","kind":"road","road":"tertiary","osm":42780861},"geometry":{"type":"LineString","coordinates":[[-3.59735,37.17259],[-3.59737,37.17255],[-3.59751,37.17234],[-3.59756,37.17231]]}},{"type":"Feature","properties":{"name":"Calle Piedra Santa","kind":"road","road":"pedestrian","osm":42781707},"geometry":{"type":"LineString","coordinates":[[-3.59818,37.17398],[-3.59808,37.17388],[-3.59784,37.17373],[-3.59771,37.17366],[-3.59766,37.17364]]}},{"type":"Feature","properties":{"name":"Calle Escudo del Carmen","kind":"road","road":"pedestrian","osm":42781708},"geometry":{"type":"LineString","coordinates":[[-3.59832,37.17412],[-3.59795,37.17437],[-3.59792,37.17437]]}},{"type":"Feature","properties":{"name":"Calle Escudo del Carmen","kind":"road","road":"pedestrian","osm":42781717},"geometry":{"type":"LineString","coordinates":[[-3.59878,37.17381],[-3.59868,37.17388],[-3.59849,37.17401],[-3.59835,37.1741],[-3.59832,37.17412]]}},{"type":"Feature","properties":{"name":"Plaza del Padre Suárez","kind":"road","road":"pedestrian","osm":42782860},"geometry":{"type":"LineString","coordinates":[[-3.59556,37.17462],[-3.5956,37.17465],[-3.59571,37.17474],[-3.59571,37.17475],[-3.59575,37.17471],[-3.59579,37.17467],[-3.59596,37.17449],[-3.59596,37.17448],[-3.59595,37.17447],[-3.59593,37.17446],[-3.59585,37.17441],[-3.59584,37.1744],[-3.59583,37.17439],[-3.59574,37.17448],[-3.59565,37.17458],[-3.59562,37.17458],[-3.5956,37.17458],[-3.59556,37.17462]]}},{"type":"Feature","properties":{"name":"Calle Horno de San Matías","kind":"road","road":"pedestrian","osm":42782863},"geometry":{"type":"LineString","coordinates":[[-3.59687,37.17353],[-3.59717,37.17365],[-3.59746,37.17378],[-3.59749,37.17379],[-3.59754,37.17381],[-3.59764,37.17387],[-3.59788,37.17395],[-3.59782,37.17419],[-3.59784,37.17425],[-3.59786,37.17429],[-3.59792,37.17437]]}},{"type":"Feature","properties":{"name":"Calle Naranjos de San Matías","kind":"road","road":"pedestrian","osm":42782864},"geometry":{"type":"LineString","coordinates":[[-3.59683,37.17372],[-3.59697,37.17375],[-3.59708,37.17379],[-3.5972,37.17383],[-3.59739,37.1739],[-3.59741,37.17391]]}},{"type":"Feature","properties":{"name":"Calle Torillo de San Matías","kind":"road","road":"pedestrian","osm":42782865},"geometry":{"type":"LineString","coordinates":[[-3.59691,37.17408],[-3.59688,37.17424],[-3.59684,37.17442]]}},{"type":"Feature","properties":{"name":"Calle Álvarez de Castro","kind":"road","road":"pedestrian","osm":42782866},"geometry":{"type":"LineString","coordinates":[[-3.59764,37.17452],[-3.5976,37.17436],[-3.59757,37.17421],[-3.59756,37.17413],[-3.59757,37.17411],[-3.59759,37.17401],[-3.59759,37.174],[-3.59761,37.17394],[-3.59764,37.17387]]}},{"type":"Feature","properties":{"name":"Calle Laurel de San Matías","kind":"road","road":"pedestrian","osm":42782867},"geometry":{"type":"LineString","coordinates":[[-3.59734,37.17454],[-3.59734,37.17423],[-3.59736,37.17411],[-3.59741,37.17391]]}},{"type":"Feature","properties":{"name":"Calle Jazmín de San Matías","kind":"road","road":"pedestrian","osm":42782868},"geometry":{"type":"LineString","coordinates":[[-3.59706,37.17449],[-3.5971,37.17428],[-3.59713,37.17413]]}},{"type":"Feature","properties":{"name":"Calle Horno de Abad","kind":"road","road":"tertiary","osm":43322401},"geometry":{"type":"LineString","coordinates":[[-3.6046,37.17623],[-3.60453,37.17628],[-3.60414,37.17645],[-3.60411,37.17645],[-3.60403,37.17646],[-3.60373,37.17658],[-3.60372,37.17659],[-3.6037,37.17659],[-3.60338,37.17674],[-3.60336,37.17674],[-3.60335,37.17675]]}},{"type":"Feature","properties":{"name":"Plaza de los Lobos","kind":"road","road":"pedestrian","osm":43322617},"geometry":{"type":"LineString","coordinates":[[-3.6035,37.17709],[-3.60333,37.17685],[-3.60309,37.17695],[-3.60294,37.17701],[-3.60282,37.17706],[-3.6028,37.17708],[-3.60278,37.1771],[-3.60282,37.17716],[-3.60291,37.1773],[-3.60293,37.17733],[-3.60294,37.17733],[-3.60311,37.17726],[-3.60326,37.17719],[-3.6035,37.17709]]}},{"type":"Feature","properties":{"name":"Calle Málaga","kind":"road","road":"tertiary","osm":43322839},"geometry":{"type":"LineString","coordinates":[[-3.60277,37.17703],[-3.60273,37.17705],[-3.60256,37.17712],[-3.60237,37.17721],[-3.60218,37.17729]]}},{"type":"Feature","properties":{"name":"Plaza de los Lobos","kind":"road","road":"tertiary","osm":43322840},"geometry":{"type":"LineString","coordinates":[[-3.60335,37.17675],[-3.60334,37.17677],[-3.60332,37.17679],[-3.60329,37.17681],[-3.60298,37.17694],[-3.60282,37.17701],[-3.60277,37.17703]]}},{"type":"Feature","properties":{"name":"Calle Fábrica Vieja","kind":"road","road":"pedestrian","osm":43322842},"geometry":{"type":"LineString","coordinates":[[-3.60277,37.17703],[-3.60275,37.17699],[-3.60226,37.17625]]}},{"type":"Feature","properties":{"name":"Plaza de los Lobos","kind":"road","road":"pedestrian","osm":43323123},"geometry":{"type":"LineString","coordinates":[[-3.60319,37.17727],[-3.60328,37.17723],[-3.60358,37.17711]]}},{"type":"Feature","properties":{"name":"Avenida de Dílar","kind":"road","road":"tertiary","osm":43323134},"geometry":{"type":"LineString","coordinates":[[-3.59687,37.16461],[-3.59697,37.16456],[-3.59708,37.16448],[-3.59787,37.16387],[-3.59815,37.16365],[-3.59842,37.16342],[-3.59852,37.16332],[-3.59864,37.16318],[-3.59871,37.16308],[-3.59881,37.16292],[-3.59884,37.16289]]}},{"type":"Feature","properties":{"name":"Calle Málaga","kind":"road","road":"pedestrian","osm":43326918},"geometry":{"type":"LineString","coordinates":[[-3.60218,37.17729],[-3.6019,37.17741],[-3.60175,37.17748]]}},{"type":"Feature","properties":{"name":"Avenida del Hospicio","kind":"road","road":"secondary","osm":43332286},"geometry":{"type":"LineString","coordinates":[[-3.60176,37.18323],[-3.60188,37.18319],[-3.60192,37.18317],[-3.60205,37.18314],[-3.60212,37.18313]]}},{"type":"Feature","properties":{"name":"Calle de San Antón","kind":"road","road":"pedestrian","osm":43365415},"geometry":{"type":"LineString","coordinates":[[-3.60015,37.17301],[-3.60016,37.17302],[-3.60024,37.17316],[-3.60027,37.1732]]}},{"type":"Feature","properties":{"name":"Calle Pérez Galdós","kind":"road","road":"tertiary","osm":43547151},"geometry":{"type":"LineString","coordinates":[[-3.61299,37.18202],[-3.61294,37.18204],[-3.61292,37.18205],[-3.61234,37.18227],[-3.61231,37.18229],[-3.61227,37.1823]]}},{"type":"Feature","properties":{"name":"Calle Santa Rita","kind":"road","road":"tertiary","osm":43548743},"geometry":{"type":"LineString","coordinates":[[-3.61467,37.18012],[-3.61464,37.18018],[-3.61448,37.1805],[-3.61446,37.18054],[-3.61444,37.18058],[-3.61416,37.18115],[-3.61408,37.18118],[-3.61403,37.18119],[-3.614,37.1812]]}},{"type":"Feature","properties":{"name":"Calle María Guerrero","kind":"road","road":"tertiary","osm":43548768},"geometry":{"type":"LineString","coordinates":[[-3.61616,37.18133],[-3.61572,37.18117],[-3.61555,37.18111]]}},{"type":"Feature","properties":{"name":"Calle Cañaveral","kind":"road","road":"secondary","osm":43548784},"geometry":{"type":"LineString","coordinates":[[-3.615,37.17938],[-3.61497,37.17939],[-3.61494,37.17939],[-3.6149,37.1794],[-3.61488,37.1794],[-3.61485,37.1794],[-3.61482,37.17939],[-3.61479,37.17939],[-3.61476,37.17939],[-3.61421,37.1792],[-3.61371,37.17904],[-3.61355,37.17899]]}},{"type":"Feature","properties":{"name":"Calle Ramón y Cajal","kind":"road","road":"secondary","osm":43548790},"geometry":{"type":"LineString","coordinates":[[-3.61976,37.18129],[-3.6197,37.18131],[-3.61959,37.18132],[-3.61952,37.18133],[-3.61922,37.18137],[-3.61908,37.18138],[-3.61854,37.18144]]}},{"type":"Feature","properties":{"name":"Calle Artesano Molero","kind":"road","road":"tertiary","osm":43548792},"geometry":{"type":"LineString","coordinates":[[-3.61453,37.18164],[-3.61457,37.18156],[-3.61467,37.18136],[-3.61495,37.18075],[-3.61498,37.18071],[-3.615,37.18066],[-3.61514,37.18036],[-3.61516,37.18033],[-3.61518,37.18029]]}},{"type":"Feature","properties":{"name":"Calle Santo Tomás de Villanueva","kind":"road","road":"tertiary","osm":43548793},"geometry":{"type":"LineString","coordinates":[[-3.61808,37.1813],[-3.61797,37.18127],[-3.61733,37.18103],[-3.61721,37.18099],[-3.61659,37.18077],[-3.6165,37.18073],[-3.61639,37.18069],[-3.61607,37.18058],[-3.616,37.18055],[-3.61596,37.18054]]}},{"type":"Feature","properties":{"name":"Calle Pérez Galdós","kind":"road","road":"tertiary","osm":43548798},"geometry":{"type":"LineString","coordinates":[[-3.61505,37.18181],[-3.61498,37.18178],[-3.61453,37.18164],[-3.61434,37.18159],[-3.61433,37.18159],[-3.61431,37.18158],[-3.61421,37.18156]]}},{"type":"Feature","properties":{"name":"Calle Julio Verne","kind":"road","road":"secondary","osm":43548799},"geometry":{"type":"LineString","coordinates":[[-3.61368,37.183],[-3.61379,37.18296],[-3.61382,37.18294],[-3.61465,37.18262],[-3.61471,37.1826],[-3.61478,37.18251]]}},{"type":"Feature","properties":{"name":"Calle María Espinosa","kind":"road","road":"pedestrian","osm":43569361},"geometry":{"type":"LineString","coordinates":[[-3.61727,37.1822],[-3.61722,37.18223],[-3.61694,37.18244],[-3.61677,37.18258],[-3.61661,37.18272],[-3.61637,37.18295]]}},{"type":"Feature","properties":{"name":"Avenida de Pampaneira","kind":"road","road":"tertiary","osm":43569363},"geometry":{"type":"LineString","coordinates":[[-3.6191,37.18536],[-3.61902,37.1856]]}},{"type":"Feature","properties":{"name":"","kind":"park","road":"","osm":43569463},"geometry":{"type":"Polygon","coordinates":[[[-3.61982,37.18376],[-3.62007,37.18338],[-3.61876,37.1828],[-3.61844,37.18315],[-3.61982,37.18376]]]}},{"type":"Feature","properties":{"name":"Calle Demetrio Spínola","kind":"road","road":"tertiary","osm":43569470},"geometry":{"type":"LineString","coordinates":[[-3.6191,37.18536],[-3.61896,37.18534],[-3.61876,37.1853],[-3.61844,37.18523],[-3.61817,37.18517],[-3.6179,37.18511],[-3.61759,37.18504]]}},{"type":"Feature","properties":{"name":"Parque Rafael Fernández Píñar","kind":"park","road":"","osm":43626368},"geometry":{"type":"Polygon","coordinates":[[[-3.61458,37.18248],[-3.61375,37.18279],[-3.61328,37.182],[-3.6141,37.18168],[-3.61458,37.18248]]]}},{"type":"Feature","properties":{"name":"Calle Jesse Owens","kind":"road","road":"tertiary","osm":43626382},"geometry":{"type":"LineString","coordinates":[[-3.61474,37.18478],[-3.6148,37.18478],[-3.61483,37.18478],[-3.61487,37.18479],[-3.61493,37.18481],[-3.61513,37.18489],[-3.61529,37.18496],[-3.61541,37.18499],[-3.61621,37.18516],[-3.61636,37.18519],[-3.61644,37.18519]]}},{"type":"Feature","properties":{"name":"Calle Albondón","kind":"road","road":"tertiary","osm":43626546},"geometry":{"type":"LineString","coordinates":[[-3.61644,37.18519],[-3.61645,37.18516],[-3.61646,37.18514],[-3.61649,37.18508],[-3.61672,37.18483],[-3.61753,37.18396],[-3.61761,37.18388],[-3.61823,37.18324],[-3.6183,37.18316],[-3.61838,37.18308],[-3.61861,37.18284],[-3.61872,37.18273],[-3.6188,37.18265],[-3.61942,37.18201],[-3.61955,37.18189]]}},{"type":"Feature","properties":{"name":"Calle Séneca","kind":"road","road":"tertiary","osm":43626849},"geometry":{"type":"LineString","coordinates":[[-3.61286,37.18009],[-3.61287,37.18009],[-3.61288,37.18009],[-3.61289,37.18008],[-3.61293,37.18007],[-3.61312,37.18]]}},{"type":"Feature","properties":{"name":"","kind":"park","road":"","osm":43627152},"geometry":{"type":"Polygon","coordinates":[[[-3.61903,37.18132],[-3.61852,37.18138],[-3.61846,37.18137],[-3.61821,37.18128],[-3.61819,37.18125],[-3.61839,37.1809],[-3.61843,37.18089],[-3.61876,37.18106],[-3.61907,37.18125],[-3.61908,37.18129],[-3.61903,37.18132]]]}},{"type":"Feature","properties":{"name":"Jardines del Violón","kind":"park","road":"","osm":43682879},"geometry":{"type":"Polygon","coordinates":[[[-3.59838,37.16712],[-3.59813,37.16721],[-3.5981,37.16716],[-3.59836,37.16707],[-3.59839,37.16704],[-3.5984,37.16701],[-3.59838,37.16698],[-3.59836,37.16694],[-3.59835,37.16692],[-3.5983,37.16687],[-3.59825,37.16683],[-3.5982,37.1668],[-3.59813,37.16678],[-3.59806,37.16677],[-3.59798,37.16678],[-3.59789,37.1668],[-3.59781,37.16684],[-3.59779,37.16685],[-3.59775,37.16686],[-3.59667,37.16736],[-3.59668,37.16737],[-3.59669,37.16738],[-3.5967,37.1674],[-3.59664,37.16743],[-3.5966,37.16744],[-3.59656,37.16747],[-3.59652,37.16752],[-3.59648,37.16757],[-3.59646,37.16762],[-3.59644,37.16769],[-3.59651,37.16772],[-3.59675,37.16763],[-3.59678,37.16769],[-3.59656,37.16778],[-3.5966,37.16785],[-3.59667,37.16782],[-3.59749,37.16754],[-3.59795,37.16737],[-3.59843,37.1672],[-3.59838,37.16712]]]}},{"type":"Feature","properties":{"name":"Paseo Profesor Juan Ossorio","kind":"road","road":"pedestrian","osm":43683584},"geometry":{"type":"LineString","coordinates":[[-3.60658,37.18161],[-3.60644,37.18154],[-3.60642,37.18153],[-3.60639,37.18151],[-3.60631,37.18147]]}},{"type":"Feature","properties":{"name":"Paseo Profesor Juan Ossorio","kind":"road","road":"pedestrian","osm":43683589},"geometry":{"type":"LineString","coordinates":[[-3.61118,37.18265],[-3.61107,37.18263],[-3.60998,37.18239],[-3.60886,37.18214],[-3.60872,37.18211],[-3.60868,37.1821],[-3.60853,37.18207],[-3.60689,37.18171]]}},{"type":"Feature","properties":{"name":"Paseo Profesor Juan Ossorio","kind":"road","road":"pedestrian","osm":43683591},"geometry":{"type":"LineString","coordinates":[[-3.61227,37.1823],[-3.61222,37.18235],[-3.61215,37.18238]]}},{"type":"Feature","properties":{"name":"","kind":"water","road":"","osm":43684315},"geometry":{"type":"Polygon","coordinates":[[[-3.60988,37.1695],[-3.60987,37.16954],[-3.60989,37.16961],[-3.60988,37.16962],[-3.60984,37.16955],[-3.60984,37.16952],[-3.6098,37.16948],[-3.60975,37.16949],[-3.60973,37.1695],[-3.60968,37.16949],[-3.60966,37.1695],[-3.60964,37.16951],[-3.60964,37.16954],[-3.60962,37.16955],[-3.6096,37.16955],[-3.60958,37.16956],[-3.60954,37.16955],[-3.60951,37.16952],[-3.60948,37.16951],[-3.60945,37.16951],[-3.60943,37.1695],[-3.60933,37.16949],[-3.60928,37.16946],[-3.60924,37.16945],[-3.60921,37.16942],[-3.6092,37.16941],[-3.60918,37.16939],[-3.6092,37.16936],[-3.60923,37.16936],[-3.60925,37.16933],[-3.60927,37.16932],[-3.60931,37.1693],[-3.60936,37.16928],[-3.60938,37.16924],[-3.60946,37.16927],[-3.60949,37.16927],[-3.60949,37.16929],[-3.60949,37.16931],[-3.60948,37.16933],[-3.60944,37.16931],[-3.60943,37.16932],[-3.60943,37.16934],[-3.60946,37.16936],[-3.60948,37.16939],[-3.6095,37.16939],[-3.60954,37.16939],[-3.60956,37.16938],[-3.60962,37.16938],[-3.60968,37.16937],[-3.60972,37.16935],[-3.60969,37.16929],[-3.60963,37.16919],[-3.60955,37.1692],[-3.60951,37.16922],[-3.60951,37.16924],[-3.60942,37.16921],[-3.60943,37.16919],[-3.60944,37.16916],[-3.60947,37.16914],[-3.60952,37.16912],[-3.60952,37.16909],[-3.60953,37.16907],[-3.60959,37.16904],[-3.60962,37.16903],[-3.60963,37.16897],[-3.60965,37.16894],[-3.60966,37.1689],[-3.60969,37.16889],[-3.60969,37.16893],[-3.60971,37.16896],[-3.60971,37.16899],[-3.60974,37.16904],[-3.60974,37.1691],[-3.60978,37.16918],[-3.60981,37.16931],[-3.60988,37.1695]]]}},{"type":"Feature","properties":{"name":"","kind":"park","road":"","osm":43684760},"geometry":{"type":"Polygon","coordinates":[[[-3.61675,37.18016],[-3.61681,37.18005],[-3.6168,37.18002],[-3.61678,37.18],[-3.6164,37.1799],[-3.6164,37.17989],[-3.61638,37.17988],[-3.61636,37.17989],[-3.61631,37.18],[-3.61632,37.18003],[-3.61634,37.18004],[-3.61635,37.18002],[-3.61675,37.18016]]]}},{"type":"Feature","properties":{"name":"Calle Escritor Felipe Romero","kind":"road","road":"pedestrian","osm":43684761},"geometry":{"type":"LineString","coordinates":[[-3.61821,37.18077],[-3.61796,37.18122]]}},{"type":"Feature","properties":{"name":"","kind":"park","road":"","osm":43684762},"geometry":{"type":"Polygon","coordinates":[[[-3.61807,37.18141],[-3.6174,37.18146],[-3.61735,37.18146],[-3.61703,37.18155],[-3.617,37.18155],[-3.61698,37.18153],[-3.61698,37.18152],[-3.61699,37.18149],[-3.61722,37.18109],[-3.61724,37.18108],[-3.61726,37.18108],[-3.61808,37.18137],[-3.61809,37.18138],[-3.61809,37.18139],[-3.61809,37.1814],[-3.61807,37.18141]]]}},{"type":"Feature","properties":{"name":"","kind":"park","road":"","osm":43684763},"geometry":{"type":"Polygon","coordinates":[[[-3.61952,37.1818],[-3.61985,37.18146],[-3.61972,37.18136],[-3.61884,37.18147],[-3.61883,37.18148],[-3.61884,37.18149],[-3.61952,37.1818]]]}},{"type":"Feature","properties":{"name":"","kind":"park","road":"","osm":43684766},"geometry":{"type":"Polygon","coordinates":[[[-3.61958,37.18123],[-3.61956,37.18126],[-3.61936,37.18129],[-3.61929,37.18126],[-3.61897,37.18106],[-3.6185,37.18081],[-3.61849,37.18079],[-3.61849,37.18077],[-3.61857,37.18066],[-3.61861,37.18065],[-3.61865,37.18065],[-3.61898,37.18082],[-3.6193,37.18101],[-3.61956,37.18118],[-3.61958,37.18123]]]}},{"type":"Feature","properties":{"name":"","kind":"park","road":"","osm":43684768},"geometry":{"type":"Polygon","coordinates":[[[-3.61833,37.18073],[-3.61838,37.18073],[-3.61847,37.18059],[-3.61845,37.18055],[-3.61809,37.1804],[-3.61768,37.18025],[-3.61757,37.18045],[-3.61833,37.18073]]]}},{"type":"Feature","properties":{"name":"","kind":"park","road":"","osm":43684770},"geometry":{"type":"Polygon","coordinates":[[[-3.61749,37.18042],[-3.6176,37.18022],[-3.61701,37.18005],[-3.61697,37.18005],[-3.61693,37.18007],[-3.61686,37.1802],[-3.61749,37.18042]]]}},{"type":"Feature","properties":{"name":"Calle Sevilla","kind":"road","road":"pedestrian","osm":43684785},"geometry":{"type":"LineString","coordinates":[[-3.61152,37.17689],[-3.61144,37.17692],[-3.61119,37.17703],[-3.61099,37.1771]]}},{"type":"Feature","properties":{"name":"Calle Profesor Adolfo Rancaño","kind":"road","road":"pedestrian","osm":43685222},"geometry":{"type":"LineString","coordinates":[[-3.60838,37.18408],[-3.60839,37.18404],[-3.60829,37.18392],[-3.60821,37.18381],[-3.60816,37.18374],[-3.60814,37.18366],[-3.60814,37.18357],[-3.60816,37.18349],[-3.60816,37.18345],[-3.60816,37.18343],[-3.6084,37.18274],[-3.60841,37.18272],[-3.60845,37.18264],[-3.60861,37.1822]]}},{"type":"Feature","properties":{"name":"Calle Chinarral","kind":"road","road":"pedestrian","osm":43685368},"geometry":{"type":"LineString","coordinates":[[-3.61417,37.18367],[-3.6145,37.18342],[-3.61502,37.18289],[-3.61554,37.18231]]}},{"type":"Feature","properties":{"name":"Plaza de los Campos","kind":"road","road":"pedestrian","osm":43685515},"geometry":{"type":"LineString","coordinates":[[-3.59609,37.17237],[-3.59608,37.17238],[-3.59591,37.17252],[-3.59584,37.17258],[-3.5957,37.17247],[-3.59584,37.17235],[-3.59588,37.17234],[-3.59594,37.17232],[-3.59609,37.17237]]}},{"type":"Feature","properties":{"name":"Calle San Antonio","kind":"road","road":"pedestrian","osm":43685619},"geometry":{"type":"LineString","coordinates":[[-3.5961,37.1724],[-3.59619,37.17246],[-3.59663,37.17275]]}},{"type":"Feature","properties":{"name":"Calle Eudoxia Píriz","kind":"road","road":"secondary","osm":43686019},"geometry":{"type":"LineString","coordinates":[[-3.60856,37.16331],[-3.60856,37.16332],[-3.60863,37.16341]]}},{"type":"Feature","properties":{"name":"Calle Eudoxia Píriz","kind":"road","road":"tertiary","osm":43686022},"geometry":{"type":"LineString","coordinates":[[-3.60896,37.16386],[-3.60891,37.16389],[-3.60889,37.1639]]}},{"type":"Feature","properties":{"name":"Calle Pediatra García Duarte","kind":"road","road":"tertiary","osm":43686026},"geometry":{"type":"LineString","coordinates":[[-3.60866,37.166],[-3.60864,37.16597],[-3.60862,37.16592],[-3.60816,37.16517],[-3.60814,37.16513]]}},{"type":"Feature","properties":{"name":"Calle Virgen Blanca","kind":"road","road":"secondary","osm":43686032},"geometry":{"type":"LineString","coordinates":[[-3.60945,37.16799],[-3.60945,37.16813],[-3.60947,37.16851],[-3.60948,37.1687],[-3.60948,37.16878],[-3.60946,37.16883],[-3.60944,37.16888],[-3.60937,37.16894],[-3.60831,37.16972],[-3.60825,37.16976],[-3.60765,37.17021],[-3.60763,37.17022],[-3.60751,37.17031]]}},{"type":"Feature","properties":{"name":"Calle Poseidón","kind":"road","road":"pedestrian","osm":43686034},"geometry":{"type":"LineString","coordinates":[[-3.6082,37.16972],[-3.60768,37.16927],[-3.60762,37.16922]]}},{"type":"Feature","properties":{"name":"Plaza del Realejo","kind":"road","road":"secondary","osm":43686791},"geometry":{"type":"LineString","coordinates":[[-3.59433,37.17362],[-3.5943,37.17359],[-3.59428,37.17358],[-3.59426,37.17356],[-3.59418,37.17349],[-3.59416,37.17347],[-3.59411,37.17343],[-3.59406,37.17341],[-3.594,37.1734]]}},{"type":"Feature","properties":{"name":"Plaza Campo del Príncipe","kind":"park","road":"","osm":43686792},"geometry":{"type":"Polygon","coordinates":[[[-3.59248,37.17339],[-3.59202,37.1732],[-3.59193,37.17317],[-3.59152,37.17314],[-3.59145,37.17304],[-3.59195,37.17265],[-3.5927,37.17327],[-3.5927,37.17329],[-3.5926,37.17338],[-3.59248,37.17339]]]}},{"type":"Feature","properties":{"name":"Plaza de la Universidad","kind":"road","road":"pedestrian","osm":43687303},"geometry":{"type":"LineString","coordinates":[[-3.60147,37.17847],[-3.6016,37.17841],[-3.60168,37.17837],[-3.60185,37.17828],[-3.60189,37.17833],[-3.60196,37.1783],[-3.60194,37.17827],[-3.60195,37.17826],[-3.60189,37.17818],[-3.6018,37.17804],[-3.60177,37.17805],[-3.60176,37.17807],[-3.60175,37.17808],[-3.60168,37.17811],[-3.60168,37.17812],[-3.60165,37.17814],[-3.60159,37.17817],[-3.60158,37.17816],[-3.60154,37.17818],[-3.60148,37.17822],[-3.60141,37.17825],[-3.60135,37.17828],[-3.60131,37.17827],[-3.60142,37.1784],[-3.60147,37.17847]]}},{"type":"Feature","properties":{"name":"Plaza Campo del Príncipe","kind":"road","road":"tertiary","osm":43687688},"geometry":{"type":"LineString","coordinates":[[-3.59115,37.17316],[-3.59126,37.17316],[-3.59137,37.17316]]}},{"type":"Feature","properties":{"name":"Callejón Antonino","kind":"road","road":"pedestrian","osm":43784183},"geometry":{"type":"LineString","coordinates":[[-3.60351,37.17193],[-3.60328,37.17225],[-3.60317,37.17238]]}},{"type":"Feature","properties":{"name":"Calle Madre Teresa","kind":"road","road":"pedestrian","osm":43784750},"geometry":{"type":"LineString","coordinates":[[-3.60635,37.17841],[-3.60594,37.17867]]}},{"type":"Feature","properties":{"name":"Pasaje Profesor Sainz Cantero","kind":"road","road":"pedestrian","osm":43784753},"geometry":{"type":"LineString","coordinates":[[-3.6071,37.17878],[-3.60708,37.17866],[-3.60654,37.1783]]}},{"type":"Feature","properties":{"name":"Calle Azorín","kind":"road","road":"tertiary","osm":43784756},"geometry":{"type":"LineString","coordinates":[[-3.6062,37.17258],[-3.60628,37.17255],[-3.60655,37.17245],[-3.6066,37.17243]]}},{"type":"Feature","properties":{"name":"Calle Virgen Blanca","kind":"road","road":"secondary","osm":43784758},"geometry":{"type":"LineString","coordinates":[[-3.60751,37.17031],[-3.60746,37.17035],[-3.60744,37.17036],[-3.60718,37.17055],[-3.60705,37.17065],[-3.60681,37.17083]]}},{"type":"Feature","properties":{"name":"Calle Azorín","kind":"road","road":"tertiary","osm":43784760},"geometry":{"type":"LineString","coordinates":[[-3.60715,37.17221],[-3.60721,37.17219],[-3.60724,37.17218],[-3.60757,37.17205],[-3.608,37.17188],[-3.60827,37.17178],[-3.6083,37.17177],[-3.60838,37.17174]]}},{"type":"Feature","properties":{"name":"Calle San Isidoro","kind":"road","road":"secondary","osm":43785076},"geometry":{"type":"LineString","coordinates":[[-3.61102,37.17608],[-3.61097,37.17612],[-3.61094,37.17613],[-3.61068,37.17623],[-3.61029,37.17637],[-3.60993,37.17652],[-3.6099,37.17653]]}},{"type":"Feature","properties":{"name":"Calle Maestro Cebrián","kind":"road","road":"pedestrian","osm":43785081},"geometry":{"type":"LineString","coordinates":[[-3.61034,37.17511],[-3.61025,37.17515],[-3.60961,37.1754],[-3.60929,37.17553]]}},{"type":"Feature","properties":{"name":"Camino de Purchil","kind":"road","road":"tertiary","osm":43785135},"geometry":{"type":"LineString","coordinates":[[-3.61117,37.17274],[-3.61035,37.17306],[-3.61022,37.1731],[-3.61007,37.17314],[-3.60964,37.17323],[-3.60961,37.17324],[-3.60958,37.17324],[-3.60933,37.1733]]}},{"type":"Feature","properties":{"name":"Calle Santa Fe","kind":"road","road":"pedestrian","osm":43785356},"geometry":{"type":"LineString","coordinates":[[-3.61376,37.18006],[-3.61384,37.17991]]}},{"type":"Feature","properties":{"name":"Calle Santo Tomás de Villanueva","kind":"road","road":"tertiary","osm":43785358},"geometry":{"type":"LineString","coordinates":[[-3.61434,37.18002],[-3.61467,37.18012],[-3.61474,37.18015],[-3.61518,37.18029],[-3.61523,37.1803],[-3.61585,37.1805],[-3.61592,37.18052],[-3.61596,37.18054]]}},{"type":"Feature","properties":{"name":"Circunvalación de Granada","kind":"road","road":"motorway","osm":43785618},"geometry":{"type":"LineString","coordinates":[[-3.62117,37.181],[-3.61955,37.18023],[-3.61917,37.18004],[-3.61885,37.17987],[-3.61842,37.17962],[-3.61788,37.1793],[-3.61736,37.17898],[-3.61664,37.17849]]}},{"type":"Feature","properties":{"name":"Calle Escultor Pablo Loyzaga","kind":"road","road":"secondary","osm":43787285},"geometry":{"type":"LineString","coordinates":[[-3.61453,37.18836],[-3.61441,37.18847],[-3.61438,37.18849],[-3.61387,37.18895],[-3.61382,37.189],[-3.6138,37.18902]]}},{"type":"Feature","properties":{"name":"Calle Huerta del Rasillo","kind":"road","road":"tertiary","osm":43788666},"geometry":{"type":"LineString","coordinates":[[-3.61415,37.17577],[-3.61435,37.17512],[-3.61436,37.17511],[-3.61442,37.17492],[-3.61443,37.17486],[-3.61444,37.17482],[-3.61443,37.17477],[-3.61441,37.17473],[-3.61438,37.1747],[-3.61434,37.17467],[-3.61426,37.17463],[-3.61348,37.17435],[-3.6129,37.17415],[-3.61282,37.17413],[-3.61279,37.17411],[-3.61277,37.1741],[-3.61274,37.17408],[-3.61272,37.17406],[-3.61271,37.17403],[-3.61271,37.17401],[-3.6127,37.17399],[-3.6127,37.17395],[-3.61271,37.17393],[-3.61272,37.1739],[-3.61275,37.17387],[-3.61317,37.17342],[-3.61347,37.17311],[-3.6137,37.17277],[-3.61374,37.17269]]}},{"type":"Feature","properties":{"name":"","kind":"road","road":"pedestrian","osm":43835915},"geometry":{"type":"LineString","coordinates":[[-3.61861,37.18562],[-3.6187,37.18533]]}},{"type":"Feature","properties":{"name":"Calle Hermanos Grimm","kind":"road","road":"pedestrian","osm":43836132},"geometry":{"type":"LineString","coordinates":[[-3.61722,37.18095],[-3.61748,37.1805]]}},{"type":"Feature","properties":{"name":"Circunvalación de Granada","kind":"road","road":"motorway","osm":43836225},"geometry":{"type":"LineString","coordinates":[[-3.61667,37.17869],[-3.61686,37.17883],[-3.61723,37.17909],[-3.61774,37.17942],[-3.61796,37.17955],[-3.61825,37.17972],[-3.61865,37.17994],[-3.61895,37.1801],[-3.61925,37.18026],[-3.62,37.18063],[-3.62076,37.18099],[-3.62117,37.18117]]}},{"type":"Feature","properties":{"name":"Circunvalación de Granada","kind":"road","road":"motorway","osm":43836227},"geometry":{"type":"LineString","coordinates":[[-3.61664,37.17849],[-3.61647,37.17837],[-3.61583,37.17788],[-3.61504,37.17719],[-3.61459,37.17676]]}},{"type":"Feature","properties":{"name":"Camino de Camaura","kind":"road","road":"tertiary","osm":43836856},"geometry":{"type":"LineString","coordinates":[[-3.61451,37.17633],[-3.61459,37.17628],[-3.61462,37.17625],[-3.61464,37.17624],[-3.61472,37.17618],[-3.61478,37.17613],[-3.61487,37.17609],[-3.61523,37.176],[-3.61554,37.17592],[-3.61566,37.17586],[-3.61576,37.17578],[-3.61641,37.17521],[-3.61658,37.17507],[-3.61796,37.17387],[-3.61847,37.17344],[-3.61873,37.17321],[-3.61896,37.17297],[-3.61994,37.17195],[-3.62083,37.17102],[-3.62087,37.17098],[-3.6216,37.17015],[-3.62259,37.16894],[-3.62273,37.16876],[-3.62279,37.16847],[-3.62283,37.16805],[-3.6228,37.16794]]}},{"type":"Feature","properties":{"name":"Circunvalación de Granada","kind":"road","road":"motorway","osm":43895092},"geometry":{"type":"LineString","coordinates":[[-3.61361,37.17596],[-3.61382,37.17617],[-3.61416,37.17654],[-3.61446,37.17685]]}},{"type":"Feature","properties":{"name":"Circunvalación de Granada","kind":"road","road":"motorway","osm":43895093},"geometry":{"type":"LineString","coordinates":[[-3.61446,37.17685],[-3.61496,37.17731],[-3.61565,37.1779],[-3.61613,37.17828],[-3.61632,37.17843]]}},{"type":"Feature","properties":{"name":"Circunvalación de Granada","kind":"road","road":"motorway","osm":43895094},"geometry":{"type":"LineString","coordinates":[[-3.61459,37.17676],[-3.61432,37.17648],[-3.61396,37.1761],[-3.61375,37.17588]]}},{"type":"Feature","properties":{"name":"Circunvalación de Granada","kind":"road","road":"motorway","osm":43895095},"geometry":{"type":"LineString","coordinates":[[-3.61375,37.17588],[-3.61347,37.17555],[-3.61317,37.17518],[-3.61285,37.17478],[-3.61254,37.17435],[-3.61241,37.17415],[-3.61231,37.174]]}},{"type":"Feature","properties":{"name":"Calle Puente de la Virgen","kind":"road","road":"pedestrian","osm":43914492},"geometry":{"type":"LineString","coordinates":[[-3.59722,37.16961],[-3.59706,37.16972],[-3.59704,37.16973],[-3.59702,37.16974],[-3.59669,37.16996]]}},{"type":"Feature","properties":{"name":"Calle Las Flores","kind":"road","road":"tertiary","osm":43914625},"geometry":{"type":"LineString","coordinates":[[-3.60493,37.16858],[-3.60501,37.16855],[-3.60507,37.16853],[-3.60512,37.1685],[-3.60517,37.16845],[-3.60564,37.16776],[-3.60569,37.16772],[-3.60577,37.16769],[-3.6058,37.16768],[-3.60588,37.16765]]}},{"type":"Feature","properties":{"name":"Calle Marqués de la Ensenada","kind":"road","road":"secondary","osm":43914626},"geometry":{"type":"LineString","coordinates":[[-3.6051,37.16902],[-3.60519,37.169]]}},{"type":"Feature","properties":{"name":"Calle Ribera del Genil","kind":"road","road":"tertiary","osm":43914745},"geometry":{"type":"LineString","coordinates":[[-3.5996,37.16706],[-3.59884,37.16733],[-3.59875,37.16736],[-3.59867,37.1674]]}},{"type":"Feature","properties":{"name":"Calle Chinarral","kind":"road","road":"pedestrian","osm":43915298},"geometry":{"type":"LineString","coordinates":[[-3.61502,37.18289],[-3.61494,37.18289],[-3.61393,37.1833]]}},{"type":"Feature","properties":{"name":"Calle Gonzalo Gallas","kind":"road","road":"secondary","osm":45560756},"geometry":{"type":"LineString","coordinates":[[-3.61227,37.1823],[-3.61257,37.18279],[-3.61284,37.18323]]}},{"type":"Feature","properties":{"name":"Avenida de la Constitución","kind":"road","road":"primary","osm":45562886},"geometry":{"type":"LineString","coordinates":[[-3.60219,37.18314],[-3.60224,37.18319],[-3.60233,37.18324],[-3.60237,37.18326],[-3.60259,37.18334]]}},{"type":"Feature","properties":{"name":"Calle María Moliner","kind":"road","road":"primary","osm":45564558},"geometry":{"type":"LineString","coordinates":[[-3.61352,37.17696],[-3.61355,37.17697],[-3.61357,37.17698],[-3.61359,37.17699],[-3.6136,37.177],[-3.61362,37.17701],[-3.61363,37.17703],[-3.61364,37.17704],[-3.61365,37.17705],[-3.61366,37.17707],[-3.61367,37.17708],[-3.61368,37.1771]]}},{"type":"Feature","properties":{"name":"Carretera de Málaga","kind":"road","road":"tertiary","osm":45698748},"geometry":{"type":"LineString","coordinates":[[-3.61738,37.18873],[-3.61734,37.18873],[-3.61667,37.1886],[-3.61614,37.1885],[-3.61595,37.18846],[-3.61574,37.18841],[-3.61554,37.18837],[-3.61552,37.18836],[-3.61534,37.18832]]}},{"type":"Feature","properties":{"name":"Carretera de Málaga","kind":"road","road":"tertiary","osm":45698771},"geometry":{"type":"LineString","coordinates":[[-3.61737,37.18898],[-3.61742,37.18895]]}},{"type":"Feature","properties":{"name":"Calle Candiota","kind":"road","road":"pedestrian","osm":45701921},"geometry":{"type":"LineString","coordinates":[[-3.60004,37.17831],[-3.60015,37.17827],[-3.60025,37.17822],[-3.60049,37.17809]]}},{"type":"Feature","properties":{"name":"Calle Lavadero Zafra","kind":"road","road":"pedestrian","osm":45701923},"geometry":{"type":"LineString","coordinates":[[-3.60098,37.18118],[-3.60106,37.18111],[-3.60085,37.18085],[-3.60083,37.18082]]}},{"type":"Feature","properties":{"name":"Calle Horno de Marina","kind":"road","road":"pedestrian","osm":45702395},"geometry":{"type":"LineString","coordinates":[[-3.60173,37.17699],[-3.60171,37.17701],[-3.60165,37.17703],[-3.60151,37.17711]]}},{"type":"Feature","properties":{"name":"Calle Maestro Montero","kind":"road","road":"tertiary","osm":45727599},"geometry":{"type":"LineString","coordinates":[[-3.6084,37.16712],[-3.60838,37.16709],[-3.6082,37.16679],[-3.60794,37.16636],[-3.60789,37.16628],[-3.60786,37.16623],[-3.60785,37.16622],[-3.60741,37.16548],[-3.60737,37.16542]]}},{"type":"Feature","properties":{"name":"Calle Maestro Montero","kind":"road","road":"tertiary","osm":45727600},"geometry":{"type":"LineString","coordinates":[[-3.60737,37.16542],[-3.60723,37.1652],[-3.6072,37.16518]]}},{"type":"Feature","properties":{"name":"Calle Doctor López Font","kind":"road","road":"tertiary","osm":45727609},"geometry":{"type":"LineString","coordinates":[[-3.60896,37.16451],[-3.60889,37.16454],[-3.60806,37.16486],[-3.60799,37.16488]]}},{"type":"Feature","properties":{"name":"Calle Albahaca","kind":"road","road":"pedestrian","osm":45727957},"geometry":{"type":"LineString","coordinates":[[-3.60271,37.16475],[-3.60344,37.16447]]}},{"type":"Feature","properties":{"name":"Calle Doctor Buenaventura Carreras","kind":"road","road":"tertiary","osm":45727959},"geometry":{"type":"LineString","coordinates":[[-3.60934,37.16575],[-3.60929,37.16575],[-3.60922,37.16578],[-3.60866,37.166],[-3.60858,37.16603],[-3.60801,37.16624],[-3.60793,37.16627],[-3.60789,37.16628],[-3.60781,37.16632],[-3.60779,37.16632],[-3.60777,37.16633],[-3.60769,37.16637],[-3.60766,37.16638],[-3.60762,37.16639],[-3.60722,37.16656],[-3.60696,37.16665],[-3.60684,37.1667],[-3.60632,37.1669],[-3.60617,37.16696]]}},{"type":"Feature","properties":{"name":"Calle Adelfa","kind":"road","road":"pedestrian","osm":45728005},"geometry":{"type":"LineString","coordinates":[[-3.60422,37.16307],[-3.60306,37.16352]]}},{"type":"Feature","properties":{"name":"Calle Molinos","kind":"road","road":"secondary","osm":45728323},"geometry":{"type":"LineString","coordinates":[[-3.59358,37.17364],[-3.59351,37.17359],[-3.59325,37.17337],[-3.5932,37.17332],[-3.593,37.17314],[-3.59284,37.17298],[-3.5928,37.17294],[-3.59248,37.17264],[-3.59243,37.1726],[-3.5924,37.17255],[-3.59237,37.1725],[-3.59217,37.1723],[-3.59213,37.17227],[-3.59192,37.17207],[-3.59162,37.17178],[-3.59157,37.17173],[-3.59152,37.1717],[-3.59146,37.17166],[-3.59124,37.17145],[-3.59118,37.17138],[-3.59111,37.1713],[-3.59103,37.17124],[-3.59096,37.17117],[-3.59068,37.17091],[-3.59059,37.17083],[-3.59038,37.17064],[-3.59035,37.1706]]}},{"type":"Feature","properties":{"name":"Calle Ballesteros","kind":"road","road":"pedestrian","osm":45728326},"geometry":{"type":"LineString","coordinates":[[-3.59634,37.17373],[-3.59633,37.17374],[-3.59625,37.17384],[-3.59613,37.174]]}},{"type":"Feature","properties":{"name":"Cuesta del Realejo","kind":"road","road":"tertiary","osm":45728332},"geometry":{"type":"LineString","coordinates":[[-3.59358,37.17364],[-3.59339,37.17374]]}},{"type":"Feature","properties":{"name":"Calle Capataz Antonio Sánchez Osuna","kind":"road","road":"pedestrian","osm":45728334},"geometry":{"type":"LineString","coordinates":[[-3.59215,37.17269],[-3.59235,37.17257]]}},{"type":"Feature","properties":{"name":"Calle Lindaraja","kind":"road","road":"pedestrian","osm":45728947},"geometry":{"type":"LineString","coordinates":[[-3.59422,37.17039],[-3.59445,37.17021]]}},{"type":"Feature","properties":{"name":"Plaza de Gracia","kind":"road","road":"secondary","osm":46715344},"geometry":{"type":"LineString","coordinates":[[-3.60459,37.17246],[-3.60452,37.17252],[-3.60447,37.17256],[-3.60421,37.17275],[-3.60416,37.17282]]}},{"type":"Feature","properties":{"name":"Cuesta de San Antonio","kind":"road","road":"tertiary","osm":48390263},"geometry":{"type":"LineString","coordinates":[[-3.59656,37.18517],[-3.59661,37.18514],[-3.59665,37.18512],[-3.59675,37.18508],[-3.59688,37.18509],[-3.59722,37.18514],[-3.59753,37.18524],[-3.59758,37.18526],[-3.59787,37.18551],[-3.59819,37.18576],[-3.5983,37.18583],[-3.59837,37.18586],[-3.59846,37.18587],[-3.59859,37.18587],[-3.59873,37.18584],[-3.59882,37.18583],[-3.59919,37.18577],[-3.59923,37.18577],[-3.59933,37.18577]]}},{"type":"Feature","properties":{"name":"Calle Pizarro Cenjor","kind":"road","road":"tertiary","osm":48479726},"geometry":{"type":"LineString","coordinates":[[-3.60161,37.18802],[-3.60194,37.18857],[-3.60197,37.18862],[-3.60199,37.18866],[-3.60221,37.18918],[-3.60225,37.1893],[-3.60227,37.18936],[-3.60238,37.18965],[-3.60244,37.1898],[-3.60257,37.19016],[-3.60258,37.19019],[-3.6026,37.19022]]}},{"type":"Feature","properties":{"name":"Carretera de Murcia","kind":"road","road":"secondary","osm":48630766},"geometry":{"type":"LineString","coordinates":[[-3.597,37.18533],[-3.59693,37.18533],[-3.59681,37.18536],[-3.59675,37.18536],[-3.59668,37.18534],[-3.59666,37.18533],[-3.59659,37.18528],[-3.59656,37.18524]]}},{"type":"Feature","properties":{"name":"Carretera de Murcia","kind":"road","road":"secondary","osm":48630767},"geometry":{"type":"LineString","coordinates":[[-3.59672,37.18492],[-3.59689,37.18491],[-3.59712,37.18491],[-3.59728,37.18492],[-3.59745,37.18493],[-3.59761,37.18496],[-3.59776,37.185],[-3.59788,37.18505],[-3.59797,37.1851],[-3.59814,37.18519],[-3.59822,37.18522],[-3.59829,37.18523],[-3.59834,37.18523],[-3.5984,37.18522],[-3.59845,37.18521],[-3.59849,37.18518],[-3.59853,37.18514],[-3.59855,37.1851],[-3.59856,37.18506],[-3.59856,37.18501],[-3.59855,37.18497],[-3.59853,37.18493],[-3.5985,37.1849],[-3.59846,37.18487],[-3.59841,37.18484],[-3.59836,37.18483],[-3.59829,37.18481],[-3.59816,37.18477],[-3.59807,37.18473],[-3.59799,37.18468],[-3.59793,37.18463],[-3.59788,37.18457],[-3.59781,37.1845],[-3.59773,37.18438],[-3.59756,37.18413],[-3.59737,37.18385],[-3.59729,37.18373],[-3.59723,37.18364],[-3.59715,37.18356],[-3.59706,37.18348],[-3.59694,37.1834],[-3.59682,37.18333],[-3.59669,37.18328],[-3.59649,37.18321],[-3.59639,37.18319],[-3.59629,37.18317],[-3.59622,37.18318],[-3.59615,37.18319],[-3.59611,37.1832],[-3.59608,37.18322],[-3.59605,37.18324],[-3.59602,37.18326],[-3.59597,37.18331]]}},{"type":"Feature","properties":{"name":"Carretera de Murcia","kind":"road","road":"secondary","osm":48630768},"geometry":{"type":"LineString","coordinates":[[-3.59672,37.18492],[-3.59664,37.18492],[-3.59653,37.18495],[-3.59649,37.18496],[-3.59646,37.18498],[-3.59639,37.18503],[-3.59635,37.18507]]}},{"type":"Feature","properties":{"name":"Paseo Fuente de la Bicha","kind":"road","road":"pedestrian","osm":48917381},"geometry":{"type":"LineString","coordinates":[[-3.58255,37.16462],[-3.58262,37.16465],[-3.58266,37.16466],[-3.58271,37.16471],[-3.58308,37.16483],[-3.58371,37.16499],[-3.58426,37.16512],[-3.58482,37.16522],[-3.5859,37.16539],[-3.58683,37.16554],[-3.58738,37.16564],[-3.58785,37.16578],[-3.58827,37.16602],[-3.58863,37.16628],[-3.58886,37.16649],[-3.58931,37.16686],[-3.58952,37.16703],[-3.58956,37.16705]]}},{"type":"Feature","properties":{"name":"Calle Puente Verde","kind":"road","road":"primary","osm":48917383},"geometry":{"type":"LineString","coordinates":[[-3.58952,37.16718],[-3.58939,37.16731]]}},{"type":"Feature","properties":{"name":"Calle Puente Verde","kind":"road","road":"primary","osm":48917385},"geometry":{"type":"LineString","coordinates":[[-3.58939,37.16731],[-3.58931,37.16739],[-3.58917,37.16752],[-3.58915,37.16754],[-3.58912,37.16757],[-3.58904,37.16766],[-3.58898,37.16776]]}},{"type":"Feature","properties":{"name":"Calle Águila","kind":"road","road":"pedestrian","osm":49369591},"geometry":{"type":"LineString","coordinates":[[-3.60143,37.17351],[-3.60236,37.173],[-3.60238,37.17299]]}},{"type":"Feature","properties":{"name":"Calle Marqués Don Gonzalo","kind":"road","road":"pedestrian","osm":49582016},"geometry":{"type":"LineString","coordinates":[[-3.60595,37.17139],[-3.60555,37.17074]]}},{"type":"Feature","properties":{"name":"Plaza del Triunfo","kind":"road","road":"secondary","osm":51551961},"geometry":{"type":"LineString","coordinates":[[-3.60015,37.18225],[-3.60013,37.18225],[-3.59961,37.18215]]}},{"type":"Feature","properties":{"name":"","kind":"water","road":"","osm":51683603},"geometry":{"type":"Polygon","coordinates":[[[-3.58857,37.17737],[-3.58857,37.17713],[-3.58842,37.17713],[-3.58842,37.17737],[-3.58857,37.17737]]]}},{"type":"Feature","properties":{"name":"Recorridos Botánicos","kind":"park","road":"","osm":51729485},"geometry":{"type":"Polygon","coordinates":[[[-3.60464,37.16251],[-3.60445,37.1627],[-3.60434,37.16281],[-3.60424,37.16292],[-3.60421,37.16295],[-3.60446,37.16312],[-3.6044,37.16318],[-3.6044,37.16324],[-3.60446,37.16329],[-3.60449,37.16329],[-3.60455,37.16324],[-3.60456,37.16319],[-3.60494,37.16281],[-3.60488,37.16277],[-3.60486,37.16275],[-3.60485,37.16272],[-3.60485,37.16269],[-3.60487,37.16267],[-3.6049,37.16266],[-3.60495,37.16266],[-3.60498,37.16268],[-3.60504,37.16271],[-3.60513,37.16261],[-3.60492,37.16249],[-3.60488,37.16253],[-3.60478,37.1626],[-3.60475,37.16258],[-3.60472,37.16256],[-3.60466,37.16252],[-3.60464,37.16251]]]}},{"type":"Feature","properties":{"name":"Jardines del Violón","kind":"park","road":"","osm":51730863},"geometry":{"type":"Polygon","coordinates":[[[-3.59856,37.16705],[-3.60028,37.16642],[-3.60006,37.16597],[-3.60006,37.16596],[-3.60039,37.16595],[-3.60031,37.16433],[-3.59998,37.16475],[-3.59962,37.16518],[-3.59963,37.16532],[-3.59965,37.16605],[-3.59982,37.16631],[-3.59965,37.16637],[-3.59932,37.16649],[-3.59894,37.16663],[-3.59862,37.16675],[-3.59853,37.16678],[-3.5985,37.16681],[-3.59849,37.16684],[-3.59848,37.16688],[-3.59849,37.16693],[-3.59856,37.16705]]]}},{"type":"Feature","properties":{"name":"Callejón del Gato","kind":"road","road":"pedestrian","osm":60085896},"geometry":{"type":"LineString","coordinates":[[-3.59674,37.17816],[-3.59655,37.17808],[-3.59648,37.17806],[-3.59634,37.17805]]}},{"type":"Feature","properties":{"name":"Calle Puente Verde","kind":"road","road":"primary","osm":68665876},"geometry":{"type":"LineString","coordinates":[[-3.58958,37.16711],[-3.5897,37.16699],[-3.58973,37.16697],[-3.58975,37.16694],[-3.5898,37.1669],[-3.58996,37.16674],[-3.59003,37.16663],[-3.59004,37.1666]]}},{"type":"Feature","properties":{"name":"Calle de San Antón","kind":"road","road":"pedestrian","osm":68698507},"geometry":{"type":"LineString","coordinates":[[-3.60003,37.17244],[-3.60005,37.17253],[-3.60012,37.17284],[-3.60015,37.17301]]}},{"type":"Feature","properties":{"name":"Calle Sos del Rey Católico","kind":"road","road":"tertiary","osm":68737409},"geometry":{"type":"LineString","coordinates":[[-3.59511,37.16658],[-3.59508,37.16658],[-3.5949,37.16668],[-3.59487,37.16672]]}},{"type":"Feature","properties":{"name":"Calle Sos del Rey Católico","kind":"road","road":"tertiary","osm":68737412},"geometry":{"type":"LineString","coordinates":[[-3.59487,37.16672],[-3.59482,37.16674],[-3.59473,37.16679],[-3.5947,37.16679]]}},{"type":"Feature","properties":{"name":"Calle San Antón","kind":"road","road":"secondary","osm":68738354},"geometry":{"type":"LineString","coordinates":[[-3.59946,37.16899],[-3.59944,37.16898],[-3.59942,37.16896],[-3.59941,37.16891],[-3.59938,37.16884]]}},{"type":"Feature","properties":{"name":"Camino de Ronda","kind":"road","road":"primary","osm":68745284},"geometry":{"type":"LineString","coordinates":[[-3.60151,37.16322],[-3.6016,37.16332],[-3.60166,37.1634],[-3.60168,37.16343],[-3.6017,37.16346],[-3.60216,37.16422],[-3.60247,37.16472],[-3.60251,37.16479],[-3.60283,37.16531],[-3.60289,37.16541],[-3.60291,37.16544],[-3.60299,37.16557]]}},{"type":"Feature","properties":{"name":"Camino de Ronda","kind":"road","road":"primary","osm":68745289},"geometry":{"type":"LineString","coordinates":[[-3.6051,37.16902],[-3.60562,37.16987],[-3.60564,37.16991],[-3.60576,37.1701],[-3.60579,37.17016]]}},{"type":"Feature","properties":{"name":"Camino de Ronda","kind":"road","road":"primary","osm":68745294},"geometry":{"type":"LineString","coordinates":[[-3.60519,37.169],[-3.60507,37.16881],[-3.60506,37.16879],[-3.60493,37.16858]]}},{"type":"Feature","properties":{"name":"","kind":"road","road":"primary","osm":68808744},"geometry":{"type":"LineString","coordinates":[[-3.60451,37.16538],[-3.60448,37.16534],[-3.60448,37.16533],[-3.60447,37.16532]]}},{"type":"Feature","properties":{"name":"","kind":"road","road":"primary","osm":68808745},"geometry":{"type":"LineString","coordinates":[[-3.60398,37.16522],[-3.60399,37.16523],[-3.604,37.16525],[-3.60401,37.16525]]}},{"type":"Feature","properties":{"name":"Camino de Ronda","kind":"road","road":"primary","osm":74549807},"geometry":{"type":"LineString","coordinates":[[-3.60326,37.16583],[-3.60321,37.16575]]}},{"type":"Feature","properties":{"name":"Circunvalación de Granada","kind":"road","road":"motorway","osm":74549821},"geometry":{"type":"LineString","coordinates":[[-3.61131,37.17258],[-3.6114,37.17275]]}},{"type":"Feature","properties":{"name":"Circunvalación de Granada","kind":"road","road":"motorway","osm":74549822},"geometry":{"type":"LineString","coordinates":[[-3.61072,37.16202],[-3.61058,37.16242],[-3.61044,37.16284]]}},{"type":"Feature","properties":{"name":"Camino de Ronda","kind":"road","road":"primary","osm":74549859},"geometry":{"type":"LineString","coordinates":[[-3.60315,37.16585],[-3.60323,37.16597],[-3.60325,37.166],[-3.60358,37.16654],[-3.6036,37.16657],[-3.60366,37.16667]]}},{"type":"Feature","properties":{"name":"Camino de Ronda","kind":"road","road":"primary","osm":74549884},"geometry":{"type":"LineString","coordinates":[[-3.60299,37.16557],[-3.60303,37.16563]]}},{"type":"Feature","properties":{"name":"Circunvalación de Granada","kind":"road","road":"motorway","osm":74549897},"geometry":{"type":"LineString","coordinates":[[-3.61148,37.17251],[-3.61131,37.17216],[-3.61116,37.17182],[-3.61095,37.17129],[-3.6108,37.17088],[-3.61069,37.17055]]}},{"type":"Feature","properties":{"name":"Circunvalación de Granada","kind":"road","road":"motorway","osm":74549912},"geometry":{"type":"LineString","coordinates":[[-3.61044,37.16284],[-3.61021,37.16373],[-3.61011,37.16424],[-3.61001,37.16489],[-3.60995,37.16553],[-3.6099,37.16627],[-3.6099,37.16701]]}},{"type":"Feature","properties":{"name":"Circunvalación de Granada","kind":"road","road":"motorway","osm":74549919},"geometry":{"type":"LineString","coordinates":[[-3.61157,37.17268],[-3.61148,37.17251]]}},{"type":"Feature","properties":{"name":"Camino de Ronda","kind":"road","road":"primary","osm":74549931},"geometry":{"type":"LineString","coordinates":[[-3.60308,37.16554],[-3.60301,37.16543],[-3.603,37.16541],[-3.60287,37.1652],[-3.60258,37.16472],[-3.60239,37.16441],[-3.60211,37.16395],[-3.60205,37.16385],[-3.6018,37.16345],[-3.60179,37.16343],[-3.60173,37.16334],[-3.60171,37.16328],[-3.6017,37.16321],[-3.6017,37.16313]]}},{"type":"Feature","properties":{"name":"Calle Eudoxia Píriz","kind":"road","road":"secondary","osm":74549940},"geometry":{"type":"LineString","coordinates":[[-3.60833,37.16306],[-3.60837,37.16309]]}},{"type":"Feature","properties":{"name":"Circunvalación de Granada","kind":"road","road":"motorway","osm":74549952},"geometry":{"type":"LineString","coordinates":[[-3.61208,37.17392],[-3.61238,37.17436],[-3.61274,37.17486],[-3.61306,37.17529],[-3.61334,37.17563],[-3.61361,37.17596]]}},{"type":"Feature","properties":{"name":"Callejón de Arjona","kind":"road","road":"pedestrian","osm":75542786},"geometry":{"type":"LineString","coordinates":[[-3.6007,37.17419],[-3.60101,37.17472]]}},{"type":"Feature","properties":{"name":"Calle José Tamayo","kind":"road","road":"primary","osm":76470171},"geometry":{"type":"LineString","coordinates":[[-3.58717,37.16292],[-3.58716,37.16291],[-3.58715,37.16288],[-3.58715,37.16286],[-3.58714,37.16284],[-3.58714,37.16281],[-3.5871,37.16269],[-3.58707,37.16259],[-3.58702,37.16238],[-3.58695,37.16216],[-3.58688,37.16188],[-3.58684,37.16174],[-3.58683,37.16171],[-3.58682,37.16168]]}},{"type":"Feature","properties":{"name":"Calle Faisán","kind":"road","road":"pedestrian","osm":79642776},"geometry":{"type":"LineString","coordinates":[[-3.61166,37.18499],[-3.61163,37.185],[-3.61154,37.18532],[-3.61124,37.18526]]}},{"type":"Feature","properties":{"name":"","kind":"road","road":"primary","osm":80259457},"geometry":{"type":"LineString","coordinates":[[-3.60839,37.18624],[-3.60839,37.18608],[-3.60839,37.186],[-3.60839,37.18593]]}},{"type":"Feature","properties":{"name":"Jardín Pintor Ignacio Belda","kind":"road","road":"pedestrian","osm":80281766},"geometry":{"type":"LineString","coordinates":[[-3.60528,37.17744],[-3.60527,37.17744],[-3.6051,37.17756],[-3.60509,37.17757],[-3.60508,37.17756],[-3.60498,37.17742],[-3.60497,37.17741],[-3.60499,37.17741],[-3.60507,37.17737],[-3.60508,37.17737],[-3.60509,37.17736],[-3.60517,37.17733],[-3.60519,37.17732],[-3.6052,37.17733],[-3.60527,37.17743],[-3.60528,37.17744]]}},{"type":"Feature","properties":{"name":"Calle Hospital Corpus Christi","kind":"road","road":"pedestrian","osm":80390654},"geometry":{"type":"LineString","coordinates":[[-3.59667,37.17742],[-3.59671,37.17743],[-3.59676,37.17743],[-3.59707,37.17739],[-3.5971,37.1774],[-3.59713,37.17739],[-3.59718,37.17735]]}},{"type":"Feature","properties":{"name":"Calle Doctor Azpitarte","kind":"road","road":"secondary","osm":80561048},"geometry":{"type":"LineString","coordinates":[[-3.60807,37.18842],[-3.60747,37.18818],[-3.6073,37.18802]]}},{"type":"Feature","properties":{"name":"Calle Doctor Blasco Reta","kind":"road","road":"pedestrian","osm":80561053},"geometry":{"type":"LineString","coordinates":[[-3.6072,37.19001],[-3.60717,37.19],[-3.6067,37.18981],[-3.60683,37.18959],[-3.60683,37.18958]]}},{"type":"Feature","properties":{"name":"Avenida de Madrid","kind":"road","road":"pedestrian","osm":81300016},"geometry":{"type":"LineString","coordinates":[[-3.60427,37.18478],[-3.60421,37.18477],[-3.60412,37.18472],[-3.6041,37.18474]]}},{"type":"Feature","properties":{"name":"Avenida Doctor Olóriz","kind":"road","road":"primary","osm":81469723},"geometry":{"type":"LineString","coordinates":[[-3.6073,37.18802],[-3.6076,37.18755],[-3.60787,37.18711],[-3.60788,37.18708],[-3.60796,37.18696],[-3.60827,37.18642],[-3.60832,37.18634],[-3.60839,37.18624]]}},{"type":"Feature","properties":{"name":"Calle Alcalá de Henares","kind":"road","road":"tertiary","osm":81650861},"geometry":{"type":"LineString","coordinates":[[-3.59067,37.16347],[-3.59056,37.16352],[-3.59007,37.1638],[-3.58974,37.16399],[-3.58973,37.164],[-3.58969,37.16402],[-3.58917,37.16432],[-3.58899,37.16442]]}},{"type":"Feature","properties":{"name":"Avenida Doctor Olóriz","kind":"road","road":"pedestrian","osm":82487461},"geometry":{"type":"LineString","coordinates":[[-3.60783,37.18735],[-3.6081,37.18745]]}},{"type":"Feature","properties":{"name":"Gran Vía de Colón","kind":"road","road":"primary","osm":83676139},"geometry":{"type":"LineString","coordinates":[[-3.60189,37.18285],[-3.60199,37.18295],[-3.60202,37.18298]]}},{"type":"Feature","properties":{"name":"Camino Real de los Neveros","kind":"road","road":"secondary","osm":84678953},"geometry":{"type":"LineString","coordinates":[[-3.58565,37.16166],[-3.58567,37.16168],[-3.58572,37.16175],[-3.58588,37.16196],[-3.58594,37.16203],[-3.58599,37.1621],[-3.58615,37.1623],[-3.5862,37.16237],[-3.58624,37.16242],[-3.58629,37.16248],[-3.58634,37.16254],[-3.58638,37.1626],[-3.5866,37.16288]]}},{"type":"Feature","properties":{"name":"Calle Candil","kind":"road","road":"pedestrian","osm":86505275},"geometry":{"type":"LineString","coordinates":[[-3.58999,37.17887],[-3.59,37.17889],[-3.59004,37.17907],[-3.59008,37.17928],[-3.59011,37.17959]]}},{"type":"Feature","properties":{"name":"Calle Parra de San Cecilio","kind":"road","road":"pedestrian","osm":86505283},"geometry":{"type":"LineString","coordinates":[[-3.58934,37.17323],[-3.5899,37.17345],[-3.59017,37.17354],[-3.59059,37.17368]]}},{"type":"Feature","properties":{"name":"","kind":"road","road":"pedestrian","osm":86505608},"geometry":{"type":"LineString","coordinates":[[-3.5899,37.17691],[-3.58996,37.17691],[-3.59001,37.17689],[-3.59005,37.17687],[-3.59009,37.17684],[-3.59011,37.1768],[-3.59011,37.17675],[-3.59009,37.17671],[-3.59006,37.17667],[-3.59002,37.17665],[-3.58997,37.17663],[-3.58991,37.17663],[-3.58986,37.17664],[-3.58982,37.17667],[-3.58978,37.1767],[-3.58976,37.17674],[-3.58976,37.17679],[-3.58978,37.17683],[-3.58981,37.17686],[-3.58985,37.17689],[-3.5899,37.17691]]}},{"type":"Feature","properties":{"name":"Río Genil","kind":"river","road":"","osm":86647913},"geometry":{"type":"LineString","coordinates":[[-3.58927,37.16712],[-3.58962,37.16736],[-3.59039,37.16787],[-3.59144,37.16856],[-3.59161,37.16865],[-3.59201,37.16887],[-3.59252,37.16903],[-3.59308,37.16913],[-3.59335,37.16914],[-3.59375,37.16911],[-3.59403,37.16907],[-3.59432,37.16901],[-3.59457,37.16892],[-3.59554,37.16846],[-3.59654,37.16795],[-3.59669,37.16792],[-3.59672,37.16791],[-3.59801,37.16746],[-3.60076,37.16646],[-3.60237,37.16592],[-3.6033,37.16563],[-3.60402,37.16538],[-3.60475,37.16508],[-3.6058,37.16458],[-3.60725,37.16383],[-3.60744,37.16372],[-3.60814,37.16335],[-3.60908,37.16291],[-3.60953,37.16274],[-3.60994,37.16262],[-3.61092,37.16236],[-3.6129,37.16187],[-3.61426,37.16159],[-3.61497,37.16144],[-3.61553,37.16138],[-3.61657,37.16141],[-3.61776,37.16149],[-3.61875,37.16158],[-3.62096,37.16177],[-3.62152,37.16185],[-3.62189,37.16195],[-3.62286,37.16212],[-3.62429,37.16239],[-3.62693,37.16305],[-3.62755,37.16328],[-3.62788,37.16342],[-3.62843,37.16363],[-3.6288,37.16374],[-3.62918,37.16377],[-3.62947,37.16383],[-3.63001,37.16405],[-3.63039,37.16426],[-3.63117,37.16453],[-3.63177,37.16465],[-3.63259,37.16486],[-3.6331,37.16509],[-3.63345,37.16534],[-3.63364,37.1654],[-3.63395,37.16545],[-3.63537,37.1659],[-3.63635,37.16617],[-3.63729,37.16648],[-3.63872,37.16699],[-3.63934,37.16727],[-3.6402,37.16752],[-3.64077,37.16772],[-3.64101,37.16775],[-3.64125,37.16773],[-3.64177,37.16792],[-3.64223,37.16816],[-3.64334,37.16854],[-3.64417,37.16879],[-3.64449,37.16898],[-3.64534,37.16944],[-3.64617,37.16973],[-3.6466,37.16992],[-3.64744,37.1704],[-3.64827,37.17098],[-3.64844,37.17107],[-3.64872,37.17114],[-3.64897,37.17117],[-3.64916,37.17124],[-3.6495,37.1715],[-3.64961,37.17159],[-3.64968,37.17163],[-3.64976,37.17164],[-3.6501,37.17169],[-3.65078,37.17203],[-3.65159,37.1724],[-3.65213,37.17253],[-3.65248,37.17277],[-3.65291,37.17291],[-3.65357,37.17306],[-3.65454,37.17333],[-3.65511,37.17358],[-3.65542,37.1738],[-3.65603,37.174],[-3.65669,37.17435],[-3.65693,37.1746],[-3.65717,37.17499],[-3.65753,37.17553],[-3.65778,37.17588],[-3.65793,37.17626],[-3.658,37.1766],[-3.65805,37.17676],[-3.65789,37.17712],[-3.65797,37.17736],[-3.65805,37.17741],[-3.65813,37.17757],[-3.65816,37.17779],[-3.65854,37.17827],[-3.65898,37.17863],[-3.6595,37.1789],[-3.66007,37.17929],[-3.66043,37.1794],[-3.66083,37.17973],[-3.66108,37.17986],[-3.66138,37.1802],[-3.66153,37.18043],[-3.66181,37.18056],[-3.66302,37.18129],[-3.66437,37.18204],[-3.66498,37.1824],[-3.66531,37.18269],[-3.66553,37.18279],[-3.66574,37.18284],[-3.66692,37.18331],[-3.66767,37.18365],[-3.66824,37.18396],[-3.66875,37.18413],[-3.66934,37.18444],[-3.66982,37.18476],[-3.67035,37.18509],[-3.6711,37.18543],[-3.67164,37.18581],[-3.6726,37.18631],[-3.67298,37.18674],[-3.67337,37.18707],[-3.67374,37.18736],[-3.67419,37.18754],[-3.67442,37.18778],[-3.67465,37.18796],[-3.67485,37.18803],[-3.67539,37.18848],[-3.67576,37.18884],[-3.67618,37.18921],[-3.67644,37.18946],[-3.67669,37.18963],[-3.67715,37.19012],[-3.67777,37.1905],[-3.67825,37.19067],[-3.6786,37.19084],[-3.6789,37.19107],[-3.67936,37.1913],[-3.68016,37.19173],[-3.68039,37.19195],[-3.68081,37.19212],[-3.68099,37.19224],[-3.68123,37.1923],[-3.6818,37.19268],[-3.68189,37.19272],[-3.68311,37.19338],[-3.68384,37.19379],[-3.68433,37.19401],[-3.68645,37.19506],[-3.68782,37.19577],[-3.68872,37.1961],[-3.68962,37.19629],[-3.69055,37.19663],[-3.69102,37.19678],[-3.69121,37.1969],[-3.69168,37.19699],[-3.69256,37.19715],[-3.69306,37.19722],[-3.69329,37.19736],[-3.69382,37.19753],[-3.69449,37.19771],[-3.69516,37.19784],[-3.69619,37.198],[-3.69748,37.19837],[-3.69763,37.19856],[-3.69847,37.19891],[-3.6988,37.19898],[-3.69922,37.19915],[-3.69977,37.19932],[-3.70028,37.19954],[-3.70057,37.19962],[-3.70073,37.19971],[-3.70096,37.19987],[-3.70187,37.20027],[-3.70291,37.20064],[-3.70332,37.20085],[-3.70403,37.20119],[-3.70426,37.20138],[-3.70437,37.20142],[-3.70453,37.20145],[-3.70482,37.20158],[-3.70553,37.20185],[-3.70566,37.20188],[-3.7059,37.20189],[-3.70602,37.20193],[-3.70624,37.20209],[-3.70673,37.20237],[-3.70685,37.20248],[-3.70705,37.20251],[-3.70748,37.20253],[-3.70804,37.20271],[-3.70892,37.20322],[-3.70939,37.20338],[-3.71029,37.20375],[-3.71103,37.20429],[-3.71138,37.20452],[-3.71185,37.20498],[-3.7122,37.20524],[-3.71277,37.2056],[-3.71284,37.20563],[-3.7134,37.2058],[-3.71388,37.20607],[-3.7143,37.20626],[-3.71474,37.20633],[-3.71553,37.20636],[-3.71586,37.20633],[-3.71603,37.20624],[-3.71661,37.20613],[-3.7176,37.20617],[-3.71808,37.2063],[-3.71848,37.20645],[-3.71899,37.20653],[-3.71987,37.20659],[-3.72057,37.20673],[-3.72086,37.20685],[-3.72143,37.20716],[-3.72187,37.20753],[-3.72234,37.20783],[-3.72327,37.20823],[-3.72346,37.20841],[-3.72355,37.20845],[-3.72366,37.20842],[-3.72381,37.20842],[-3.72438,37.2088],[-3.72467,37.20895],[-3.72529,37.20927],[-3.72575,37.2094],[-3.72608,37.20947],[-3.72659,37.20974],[-3.7274,37.21019],[-3.72758,37.21045],[-3.72761,37.21054],[-3.72812,37.21072],[-3.72863,37.21089],[-3.72928,37.21104],[-3.73002,37.21119],[-3.73045,37.21123],[-3.73073,37.21121],[-3.73104,37.21112],[-3.73116,37.21107],[-3.7313,37.211],[-3.73217,37.21105],[-3.73274,37.21117],[-3.73301,37.21129],[-3.73313,37.21131],[-3.73324,37.2113],[-3.73346,37.21118],[-3.73461,37.21113],[-3.73551,37.21121],[-3.73581,37.21118],[-3.73676,37.21117],[-3.73807,37.21132],[-3.73849,37.21129],[-3.73895,37.21131],[-3.73972,37.21138],[-3.74088,37.21145],[-3.74119,37.21145],[-3.74174,37.21139],[-3.74197,37.2113],[-3.7422,37.21112],[-3.74246,37.21098],[-3.74285,37.21086],[-3.74328,37.21057],[-3.74354,37.21034],[-3.74362,37.21026],[-3.74365,37.21024],[-3.74384,37.21015],[-3.74428,37.2101],[-3.74472,37.21001],[-3.74501,37.20989],[-3.74524,37.20987],[-3.74614,37.20985],[-3.74636,37.20989],[-3.74672,37.21003],[-3.74698,37.21004],[-3.74737,37.21001],[-3.74759,37.21],[-3.74843,37.21009],[-3.74867,37.21009],[-3.74926,37.20994],[-3.74977,37.20996],[-3.7502,37.21003],[-3.75042,37.21011],[-3.75066,37.21011],[-3.75118,37.21009],[-3.75153,37.21007],[-3.75238,37.21017],[-3.75308,37.21024],[-3.75336,37.21029],[-3.75355,37.21034],[-3.75376,37.21037],[-3.75436,37.21036],[-3.75486,37.2102],[-3.75547,37.21011],[-3.75598,37.21006],[-3.7563,37.2099],[-3.75659,37.20974],[-3.75686,37.20957],[-3.75702,37.20941],[-3.75736,37.20926],[-3.75773,37.20905],[-3.75827,37.20889],[-3.75865,37.20879],[-3.75903,37.20871],[-3.7593,37.20871],[-3.75956,37.20875],[-3.7599,37.20884],[-3.76033,37.20883],[-3.76085,37.20878],[-3.76173,37.20866],[-3.76229,37.20862],[-3.76254,37.20865],[-3.76298,37.20874],[-3.7632,37.20876],[-3.76342,37.20873],[-3.76381,37.20869],[-3.76398,37.20866],[-3.76426,37.20868],[-3.76458,37.20881],[-3.76474,37.20893],[-3.76487,37.20899],[-3.76502,37.20907],[-3.76547,37.2093],[-3.76596,37.20952],[-3.76636,37.20965],[-3.76656,37.20973],[-3.76696,37.20984],[-3.7673,37.20995],[-3.76759,37.21013],[-3.76818,37.21058],[-3.76831,37.21071],[-3.76838,37.21081],[-3.76876,37.21097],[-3.76941,37.21116],[-3.76984,37.21116],[-3.77047,37.21147],[-3.77131,37.2119],[-3.77163,37.21222],[-3.77183,37.21232],[-3.77219,37.21243],[-3.77243,37.21245],[-3.77264,37.21246],[-3.77292,37.21248],[-3.77312,37.21257],[-3.7733,37.21272],[-3.77356,37.21284],[-3.77408,37.21297],[-3.77443,37.21311],[-3.7747,37.21334],[-3.77491,37.21346],[-3.77537,37.21364],[-3.77571,37.21378],[-3.77594,37.21382],[-3.77609,37.2139],[-3.77629,37.21407],[-3.77661,37.21418],[-3.77694,37.21421],[-3.77765,37.21449],[-3.77807,37.21452],[-3.77848,37.21461],[-3.77872,37.21471],[-3.77888,37.21475],[-3.77909,37.21477],[-3.77928,37.21475],[-3.7795,37.21464],[-3.77977,37.2145],[-3.77993,37.21437],[-3.78021,37.21405],[-3.78052,37.2138],[-3.78091,37.2136],[-3.78125,37.21352],[-3.78145,37.21349],[-3.7815,37.21348],[-3.78188,37.21352],[-3.78216,37.21357],[-3.78261,37.21368],[-3.78306,37.21384],[-3.78336,37.21398],[-3.7837,37.21406],[-3.78398,37.21405],[-3.78429,37.21404],[-3.78449,37.21405],[-3.78471,37.21404],[-3.78486,37.21399],[-3.7852,37.21381],[-3.78559,37.21347],[-3.78572,37.21338],[-3.7859,37.21326],[-3.78626,37.21292],[-3.78667,37.21269],[-3.78705,37.21263],[-3.78739,37.21247],[-3.78774,37.21213],[-3.78796,37.21209],[-3.78824,37.21206],[-3.7887,37.21204],[-3.78918,37.21203],[-3.78948,37.21205],[-3.78967,37.21217],[-3.78994,37.21226],[-3.79069,37.21233],[-3.79124,37.21233],[-3.79153,37.21231],[-3.79179,37.21231],[-3.79196,37.21232],[-3.79231,37.21238],[-3.79265,37.21243],[-3.79318,37.21244],[-3.79371,37.21254],[-3.79388,37.21255],[-3.79409,37.21255],[-3.79487,37.2125],[-3.79529,37.21252],[-3.79564,37.21256],[-3.79622,37.21265],[-3.79665,37.21283],[-3.79714,37.21288],[-3.79766,37.21278],[-3.79777,37.21279],[-3.79794,37.21285],[-3.79821,37.21284],[-3.79867,37.21274],[-3.79907,37.21262],[-3.79947,37.21248],[-3.79983,37.21236],[-3.8002,37.21221],[-3.80041,37.21218],[-3.80081,37.2122],[-3.80115,37.21211],[-3.80166,37.21199],[-3.80189,37.21185],[-3.8021,37.21177],[-3.80236,37.21168],[-3.80279,37.21163],[-3.80296,37.2116],[-3.80329,37.21164],[-3.80347,37.2116],[-3.80398,37.21136],[-3.80427,37.21129],[-3.80459,37.21112],[-3.80478,37.21108],[-3.8051,37.21114],[-3.80522,37.21114],[-3.80531,37.21111],[-3.8055,37.21099],[-3.8059,37.21095],[-3.80623,37.21096],[-3.80679,37.21098],[-3.80715,37.21102],[-3.80747,37.21101],[-3.80779,37.21095],[-3.80808,37.21098],[-3.8085,37.21095],[-3.80882,37.21087],[-3.80896,37.21089],[-3.80931,37.21099],[-3.80967,37.21099],[-3.80999,37.21093],[-3.81025,37.21084],[-3.81053,37.21069],[-3.8109,37.21058],[-3.81122,37.21042],[-3.81138,37.21022],[-3.8114,37.21006],[-3.81132,37.20977],[-3.81163,37.20934],[-3.81204,37.20909],[-3.81215,37.20901],[-3.8122,37.20889],[-3.81222,37.20869],[-3.81236,37.20855],[-3.81268,37.20841],[-3.81288,37.2084],[-3.81306,37.20842],[-3.81322,37.20841],[-3.8135,37.20836],[-3.81385,37.20836],[-3.81441,37.20843],[-3.81495,37.2085],[-3.81513,37.20859],[-3.81531,37.20863],[-3.81548,37.20864],[-3.8158,37.20855],[-3.81641,37.2086],[-3.81664,37.20869],[-3.81685,37.20869],[-3.81688,37.20869],[-3.81741,37.20863],[-3.81784,37.20861],[-3.81828,37.20866],[-3.81843,37.20857],[-3.81861,37.20844],[-3.81901,37.20831],[-3.81935,37.20821],[-3.81975,37.2081],[-3.82012,37.20791],[-3.82054,37.2077],[-3.82098,37.20744],[-3.82136,37.20721],[-3.82156,37.20712],[-3.82175,37.20707],[-3.82259,37.20691],[-3.82288,37.20691],[-3.82306,37.20685],[-3.82335,37.20666],[-3.82357,37.20653],[-3.82378,37.20641],[-3.82395,37.20631],[-3.82412,37.20617],[-3.82431,37.20599],[-3.82455,37.20569],[-3.82479,37.20543],[-3.82501,37.20525],[-3.82509,37.20523],[-3.82517,37.20524],[-3.82534,37.20539]]}},{"type":"Feature","properties":{"name":"Paseo de la Bomba","kind":"road","road":"pedestrian","osm":86647941},"geometry":{"type":"LineString","coordinates":[[-3.59257,37.16949],[-3.59254,37.16943],[-3.59248,37.16939],[-3.59217,37.16924],[-3.59109,37.16874],[-3.59083,37.16862],[-3.59059,37.16851],[-3.58996,37.16822],[-3.58919,37.16786],[-3.58914,37.16784],[-3.58904,37.16783]]}},{"type":"Feature","properties":{"name":"Plaza Haza Grande","kind":"road","road":"pedestrian","osm":88604392},"geometry":{"type":"LineString","coordinates":[[-3.59166,37.18957],[-3.59169,37.1897],[-3.59166,37.18971],[-3.59164,37.18972],[-3.59164,37.18975],[-3.59165,37.18979],[-3.59166,37.18981],[-3.59166,37.18982],[-3.59169,37.18984],[-3.59171,37.18984],[-3.59173,37.18985],[-3.59178,37.18985],[-3.59184,37.18984],[-3.59189,37.18983],[-3.59194,37.1898],[-3.59199,37.18973],[-3.59199,37.18969],[-3.59198,37.18966],[-3.59196,37.18963],[-3.59195,37.18959],[-3.59193,37.18952],[-3.59171,37.18955],[-3.59172,37.18956],[-3.59166,37.18957]]}},{"type":"Feature","properties":{"name":"","kind":"road","road":"tertiary","osm":88604407},"geometry":{"type":"LineString","coordinates":[[-3.58982,37.18887],[-3.58979,37.1889],[-3.58978,37.18894]]}},{"type":"Feature","properties":{"name":"Camino de la Ermita","kind":"road","road":"tertiary","osm":88604415},"geometry":{"type":"LineString","coordinates":[[-3.58899,37.18968],[-3.58895,37.18965],[-3.58889,37.18961],[-3.58883,37.18955],[-3.58875,37.1895],[-3.58829,37.18928],[-3.58821,37.18925],[-3.58795,37.18918],[-3.58787,37.18914],[-3.5878,37.1891],[-3.58774,37.18904],[-3.58765,37.18891],[-3.58742,37.18856],[-3.58735,37.18848],[-3.58728,37.18842],[-3.5872,37.18836],[-3.58703,37.18825],[-3.58696,37.18819],[-3.58689,37.18812],[-3.58684,37.18806],[-3.58679,37.18799],[-3.58676,37.18792],[-3.58644,37.18723],[-3.58641,37.18716],[-3.58636,37.187],[-3.58635,37.18695]]}},{"type":"Feature","properties":{"name":"Calle Álamo del Marqués","kind":"road","road":"pedestrian","osm":92528614},"geometry":{"type":"LineString","coordinates":[[-3.59722,37.17885],[-3.59704,37.17874],[-3.59698,37.17873],[-3.59683,37.17863],[-3.59669,37.17853]]}},{"type":"Feature","properties":{"name":"Calle Puente Cabrera","kind":"road","road":"pedestrian","osm":92528616},"geometry":{"type":"LineString","coordinates":[[-3.59372,37.17771],[-3.59373,37.17773],[-3.59375,37.17777]]}},{"type":"Feature","properties":{"name":"Patio de los Leones","kind":"road","road":"pedestrian","osm":92528628},"geometry":{"type":"LineString","coordinates":[[-3.58945,37.17717],[-3.58924,37.17717],[-3.58907,37.17717],[-3.58907,37.17714],[-3.58907,37.17707],[-3.58907,37.177],[-3.58907,37.17698],[-3.58925,37.17699],[-3.58926,37.17699],[-3.58945,37.177],[-3.58945,37.17708],[-3.58945,37.17717]]}},{"type":"Feature","properties":{"name":"Calle Santísimo San Pedro","kind":"road","road":"pedestrian","osm":92528638},"geometry":{"type":"LineString","coordinates":[[-3.59094,37.1787],[-3.59095,37.17871],[-3.591,37.17914],[-3.59103,37.17927],[-3.59105,37.17943],[-3.59106,37.1795],[-3.59109,37.17977]]}},{"type":"Feature","properties":{"name":"Patio de la Reja","kind":"park","road":"","osm":92528643},"geometry":{"type":"Polygon","coordinates":[[[-3.58943,37.17743],[-3.58948,37.17743],[-3.58952,37.17743],[-3.58952,37.17749],[-3.58952,37.17752],[-3.58947,37.17752],[-3.58943,37.17753],[-3.58943,37.17749],[-3.58943,37.17743]]]}},{"type":"Feature","properties":{"name":"Puente Espinosa","kind":"road","road":"pedestrian","osm":92528652},"geometry":{"type":"LineString","coordinates":[[-3.59307,37.1781],[-3.59311,37.17818]]}},{"type":"Feature","properties":{"name":"Placeta Álamo del Marqués","kind":"road","road":"pedestrian","osm":92528653},"geometry":{"type":"LineString","coordinates":[[-3.59657,37.17886],[-3.59668,37.17896],[-3.59669,37.17896],[-3.59672,37.17899],[-3.59684,37.17895],[-3.59713,37.1789]]}},{"type":"Feature","properties":{"name":"Calle Carnero","kind":"road","road":"pedestrian","osm":92528660},"geometry":{"type":"LineString","coordinates":[[-3.59314,37.17882],[-3.59333,37.17874],[-3.59375,37.17859],[-3.59392,37.17855]]}},{"type":"Feature","properties":{"name":"Calle San Juan de los Reyes","kind":"road","road":"pedestrian","osm":92528698},"geometry":{"type":"LineString","coordinates":[[-3.59596,37.17796],[-3.59601,37.17795],[-3.59617,37.17793],[-3.5962,37.17794],[-3.59621,37.17799]]}},{"type":"Feature","properties":{"name":"Calle Cascajal","kind":"road","road":"pedestrian","osm":92528705},"geometry":{"type":"LineString","coordinates":[[-3.59739,37.17989],[-3.59741,37.18001],[-3.59742,37.18007],[-3.59731,37.18044]]}},{"type":"Feature","properties":{"name":"Calle Horno del Oro","kind":"road","road":"pedestrian","osm":92528714},"geometry":{"type":"LineString","coordinates":[[-3.58978,37.17977],[-3.58973,37.17944],[-3.58968,37.17923],[-3.58961,37.17901],[-3.5896,37.17898]]}},{"type":"Feature","properties":{"name":"Calle Zafra","kind":"road","road":"pedestrian","osm":92528720},"geometry":{"type":"LineString","coordinates":[[-3.59179,37.17862],[-3.59179,37.17863],[-3.59184,37.17909],[-3.59185,37.17916],[-3.59192,37.17947]]}},{"type":"Feature","properties":{"name":"Calle Imprenta","kind":"road","road":"pedestrian","osm":92528725},"geometry":{"type":"LineString","coordinates":[[-3.59621,37.17694],[-3.59628,37.17702],[-3.5963,37.17703],[-3.59643,37.1775]]}},{"type":"Feature","properties":{"name":"Placeta Almirante","kind":"road","road":"pedestrian","osm":92528731},"geometry":{"type":"LineString","coordinates":[[-3.59624,37.17891],[-3.59629,37.17889]]}},{"type":"Feature","properties":{"name":"Calle Horno del Vidrio","kind":"road","road":"pedestrian","osm":92528741},"geometry":{"type":"LineString","coordinates":[[-3.59069,37.17873],[-3.59069,37.17874],[-3.59075,37.17922],[-3.59076,37.17939]]}},{"type":"Feature","properties":{"name":"Patio de Lindaraja","kind":"park","road":"","osm":92528755},"geometry":{"type":"Polygon","coordinates":[[[-3.58915,37.17731],[-3.58922,37.17731],[-3.58922,37.17732],[-3.58922,37.17733],[-3.58927,37.17734],[-3.58927,37.17733],[-3.58927,37.17732],[-3.58934,37.17732],[-3.58934,37.17733],[-3.58933,37.17741],[-3.58933,37.17751],[-3.5891,37.17745],[-3.58915,37.17732],[-3.58915,37.17731]]]}},{"type":"Feature","properties":{"name":"Calle Pan","kind":"road","road":"pedestrian","osm":92528759},"geometry":{"type":"LineString","coordinates":[[-3.59675,37.17693],[-3.5963,37.17703]]}},{"type":"Feature","properties":{"name":"Calle Gumiel de San Pedro","kind":"road","road":"pedestrian","osm":92528766},"geometry":{"type":"LineString","coordinates":[[-3.58953,37.17994],[-3.58953,37.17986],[-3.58949,37.1796],[-3.58947,37.1795],[-3.58942,37.17936],[-3.58934,37.17909],[-3.58932,37.17907]]}},{"type":"Feature","properties":{"name":"Calle Puente Cabrera","kind":"road","road":"pedestrian","osm":92528777},"geometry":{"type":"LineString","coordinates":[[-3.59373,37.17803],[-3.59373,37.178]]}},{"type":"Feature","properties":{"name":"Patio de los Arrayanes","kind":"park","road":"","osm":92528790},"geometry":{"type":"Polygon","coordinates":[[[-3.58956,37.17739],[-3.58957,37.17716],[-3.58957,37.17707],[-3.58981,37.17708],[-3.5898,37.17736],[-3.5898,37.17739],[-3.58956,37.17739]]]}},{"type":"Feature","properties":{"name":"Calle Espino","kind":"road","road":"pedestrian","osm":92528794},"geometry":{"type":"LineString","coordinates":[[-3.59036,37.17926],[-3.59039,37.17926],[-3.59054,37.17925],[-3.59075,37.17922]]}},{"type":"Feature","properties":{"name":"Calle Cuevas Coloradas","kind":"road","road":"pedestrian","osm":95496896},"geometry":{"type":"LineString","coordinates":[[-3.5887,37.18297],[-3.58846,37.18283],[-3.58813,37.18275],[-3.58812,37.18265]]}},{"type":"Feature","properties":{"name":"Calle Dos de Mayo","kind":"road","road":"pedestrian","osm":96267063},"geometry":{"type":"LineString","coordinates":[[-3.59198,37.18328],[-3.59209,37.18326]]}},{"type":"Feature","properties":{"name":"Calle Minas del Albaicín","kind":"road","road":"pedestrian","osm":96271275},"geometry":{"type":"LineString","coordinates":[[-3.59186,37.18285],[-3.592,37.18286],[-3.59218,37.18286],[-3.59242,37.18288],[-3.5925,37.1829],[-3.59251,37.18288],[-3.59308,37.18298],[-3.59304,37.18323],[-3.59302,37.18328]]}},{"type":"Feature","properties":{"name":"Calle Horno del Hoyo","kind":"road","road":"pedestrian","osm":96271303},"geometry":{"type":"LineString","coordinates":[[-3.5927,37.18322],[-3.5927,37.1832],[-3.59271,37.18315],[-3.59237,37.18303],[-3.59242,37.18288]]}},{"type":"Feature","properties":{"name":"Callejuela de San Bartolomé","kind":"road","road":"pedestrian","osm":96271319},"geometry":{"type":"LineString","coordinates":[[-3.59329,37.18342],[-3.59347,37.18346],[-3.59358,37.18349],[-3.59362,37.18343],[-3.59391,37.18356],[-3.59401,37.18358]]}},{"type":"Feature","properties":{"name":"Callejón de la Isla","kind":"road","road":"pedestrian","osm":96279868},"geometry":{"type":"LineString","coordinates":[[-3.59054,37.18386],[-3.59054,37.18389],[-3.59025,37.18404],[-3.59045,37.18421]]}},{"type":"Feature","properties":{"name":"Calle Pino (Albaicín)","kind":"road","road":"pedestrian","osm":96279871},"geometry":{"type":"LineString","coordinates":[[-3.59097,37.18342],[-3.59072,37.18317],[-3.59054,37.18304]]}},{"type":"Feature","properties":{"name":"Calle Guatimocín","kind":"road","road":"pedestrian","osm":96279873},"geometry":{"type":"LineString","coordinates":[[-3.59013,37.18327],[-3.59039,37.18314],[-3.59047,37.18309],[-3.59054,37.18304],[-3.59056,37.18301],[-3.59067,37.18295]]}},{"type":"Feature","properties":{"name":"Calle Guatimocín","kind":"road","road":"pedestrian","osm":96279877},"geometry":{"type":"LineString","coordinates":[[-3.59067,37.18295],[-3.59059,37.18286],[-3.59048,37.18272]]}},{"type":"Feature","properties":{"name":"Calle Yanguas","kind":"road","road":"pedestrian","osm":96279878},"geometry":{"type":"LineString","coordinates":[[-3.59077,37.18253],[-3.59046,37.18269]]}},{"type":"Feature","properties":{"name":"Placeta Cristo de las Azucenas","kind":"road","road":"pedestrian","osm":96279884},"geometry":{"type":"LineString","coordinates":[[-3.59534,37.18154],[-3.5953,37.18145],[-3.59515,37.18113],[-3.59502,37.18087],[-3.59502,37.18085],[-3.59503,37.18085],[-3.59511,37.18083],[-3.59514,37.18082],[-3.59523,37.18081],[-3.5954,37.18077],[-3.59547,37.18076],[-3.59563,37.18073],[-3.59567,37.18086],[-3.59571,37.18097],[-3.59572,37.18102],[-3.59581,37.181],[-3.59588,37.18147],[-3.59538,37.18154],[-3.59534,37.18154]]}},{"type":"Feature","properties":{"name":"Calle Bailaor Mario Maya","kind":"road","road":"pedestrian","osm":96279885},"geometry":{"type":"LineString","coordinates":[[-3.59173,37.18273],[-3.59179,37.18262],[-3.5918,37.18249]]}},{"type":"Feature","properties":{"name":"Calle Clavel de San José","kind":"road","road":"pedestrian","osm":96286315},"geometry":{"type":"LineString","coordinates":[[-3.59572,37.18011],[-3.59624,37.17999],[-3.59641,37.17997]]}},{"type":"Feature","properties":{"name":"Calle Beso","kind":"road","road":"pedestrian","osm":96288680},"geometry":{"type":"LineString","coordinates":[[-3.59555,37.17815],[-3.59535,37.17817],[-3.59524,37.17821],[-3.59514,37.17828],[-3.59513,37.17831],[-3.59503,37.17839]]}},{"type":"Feature","properties":{"name":"Calle Capellanes","kind":"road","road":"pedestrian","osm":96288684},"geometry":{"type":"LineString","coordinates":[[-3.5949,37.1791],[-3.59481,37.17905],[-3.5947,37.17896],[-3.59466,37.17893]]}},{"type":"Feature","properties":{"name":"Placeta Capellanes","kind":"road","road":"pedestrian","osm":96288685},"geometry":{"type":"LineString","coordinates":[[-3.59466,37.17893],[-3.59463,37.17895],[-3.59444,37.17905],[-3.59431,37.17912]]}},{"type":"Feature","properties":{"name":"Callejón de Echevarría","kind":"road","road":"pedestrian","osm":96288686},"geometry":{"type":"LineString","coordinates":[[-3.59456,37.17961],[-3.59448,37.1795],[-3.59436,37.17953],[-3.59427,37.17955]]}},{"type":"Feature","properties":{"name":"Plaza Virgen del Carmen","kind":"road","road":"pedestrian","osm":96288687},"geometry":{"type":"LineString","coordinates":[[-3.59403,37.17954],[-3.59403,37.17956],[-3.59409,37.17954],[-3.59411,37.1796],[-3.59418,37.17958],[-3.59427,37.17956],[-3.59427,37.17955],[-3.59427,37.17954],[-3.59423,37.17945],[-3.59422,37.17944],[-3.59421,37.17944],[-3.59416,37.17946],[-3.59412,37.17947],[-3.59401,37.17952],[-3.59402,37.17954],[-3.59403,37.17954]]}},{"type":"Feature","properties":{"name":"Callejón de Zafra","kind":"road","road":"pedestrian","osm":96288696},"geometry":{"type":"LineString","coordinates":[[-3.59192,37.17947],[-3.5922,37.17937]]}},{"type":"Feature","properties":{"name":"Callejón del Mentidero","kind":"road","road":"pedestrian","osm":96294803},"geometry":{"type":"LineString","coordinates":[[-3.59164,37.18356],[-3.59147,37.18338],[-3.59128,37.18322]]}},{"type":"Feature","properties":{"name":"Calle Yuca","kind":"road","road":"pedestrian","osm":96294850},"geometry":{"type":"LineString","coordinates":[[-3.59236,37.18494],[-3.59216,37.18484],[-3.59185,37.18479],[-3.59185,37.18464],[-3.59186,37.18443]]}},{"type":"Feature","properties":{"name":"Calle Blanqueo Nuevo","kind":"road","road":"pedestrian","osm":96294858},"geometry":{"type":"LineString","coordinates":[[-3.59251,37.1848],[-3.5924,37.18474],[-3.59205,37.18464],[-3.59185,37.18464]]}},{"type":"Feature","properties":{"name":"Callejón del Conde","kind":"road","road":"pedestrian","osm":96294872},"geometry":{"type":"LineString","coordinates":[[-3.59186,37.18443],[-3.59161,37.18446]]}},{"type":"Feature","properties":{"name":"Calle Blanqueo Viejo","kind":"road","road":"pedestrian","osm":96294885},"geometry":{"type":"LineString","coordinates":[[-3.59203,37.18398],[-3.59207,37.18412],[-3.5921,37.18426],[-3.59212,37.18443]]}},{"type":"Feature","properties":{"name":"Calle Estrella","kind":"road","road":"pedestrian","osm":96294894},"geometry":{"type":"LineString","coordinates":[[-3.59285,37.18445],[-3.59286,37.18435],[-3.59291,37.18421],[-3.59269,37.18409],[-3.5926,37.18415],[-3.59241,37.18398],[-3.59236,37.18394]]}},{"type":"Feature","properties":{"name":"Callejón de Mataderillo","kind":"road","road":"pedestrian","osm":96297339},"geometry":{"type":"LineString","coordinates":[[-3.59528,37.18342],[-3.59528,37.18344],[-3.59525,37.18353],[-3.59524,37.18358]]}},{"type":"Feature","properties":{"name":"Calle San Nicolás","kind":"road","road":"pedestrian","osm":96299364},"geometry":{"type":"LineString","coordinates":[[-3.5943,37.18125],[-3.59401,37.18121]]}},{"type":"Feature","properties":{"name":"Calle Eudoxia Píriz","kind":"road","road":"secondary","osm":97809540},"geometry":{"type":"LineString","coordinates":[[-3.60864,37.16327],[-3.60846,37.16305]]}},{"type":"Feature","properties":{"name":"Calle Neptuno","kind":"road","road":"primary","osm":97809544},"geometry":{"type":"LineString","coordinates":[[-3.60883,37.16773],[-3.60874,37.16793],[-3.60868,37.16801],[-3.60855,37.16814],[-3.6085,37.16819],[-3.60844,37.16823],[-3.60772,37.16888],[-3.60725,37.16931],[-3.60722,37.16933],[-3.60715,37.16939]]}},{"type":"Feature","properties":{"name":"Calle Maestro Montero","kind":"road","road":"tertiary","osm":97809556},"geometry":{"type":"LineString","coordinates":[[-3.60906,37.16738],[-3.60892,37.16735],[-3.60864,37.16735],[-3.60856,37.16733],[-3.6085,37.16729],[-3.60848,37.16725],[-3.60845,37.16721],[-3.6084,37.16712]]}},{"type":"Feature","properties":{"name":"Calle Bruselas","kind":"road","road":"tertiary","osm":98711109},"geometry":{"type":"LineString","coordinates":[[-3.59406,37.16508],[-3.59399,37.16505],[-3.59396,37.16504],[-3.59389,37.16498],[-3.59386,37.16494],[-3.59348,37.16448]]}},{"type":"Feature","properties":{"name":"Calle Blanqueo Viejo","kind":"road","road":"pedestrian","osm":98866729},"geometry":{"type":"LineString","coordinates":[[-3.5927,37.18469],[-3.59248,37.18455],[-3.59229,37.18447],[-3.59212,37.18443],[-3.59186,37.18443]]}},{"type":"Feature","properties":{"name":"","kind":"road","road":"pedestrian","osm":98866736},"geometry":{"type":"LineString","coordinates":[[-3.59134,37.18378],[-3.59138,37.18384],[-3.59145,37.18382],[-3.59141,37.18375],[-3.59134,37.18378]]}},{"type":"Feature","properties":{"name":"Placeta de los Ortegas","kind":"road","road":"pedestrian","osm":98866744},"geometry":{"type":"LineString","coordinates":[[-3.59184,37.18305],[-3.59174,37.18318]]}},{"type":"Feature","properties":{"name":"","kind":"road","road":"primary","osm":98905661},"geometry":{"type":"LineString","coordinates":[[-3.6046,37.18424],[-3.60459,37.18426],[-3.60459,37.18431],[-3.60464,37.18436],[-3.60508,37.18459]]}},{"type":"Feature","properties":{"name":"Avenida de Madrid","kind":"road","road":"primary","osm":98905662},"geometry":{"type":"LineString","coordinates":[[-3.60422,37.18519],[-3.60375,37.18653]]}},{"type":"Feature","properties":{"name":"Avenida de Madrid","kind":"road","road":"primary","osm":98905665},"geometry":{"type":"LineString","coordinates":[[-3.60452,37.18437],[-3.60447,37.18452],[-3.60446,37.18455],[-3.60437,37.18483]]}},{"type":"Feature","properties":{"name":"Calle Doctor Severo Ochoa","kind":"road","road":"primary","osm":98905667},"geometry":{"type":"LineString","coordinates":[[-3.60534,37.18282],[-3.60522,37.18303],[-3.60475,37.18389]]}},{"type":"Feature","properties":{"name":"Calle Doctor Severo Ochoa","kind":"road","road":"primary","osm":98905672},"geometry":{"type":"LineString","coordinates":[[-3.60475,37.18389],[-3.6046,37.18424]]}},{"type":"Feature","properties":{"name":"Avenida de Madrid","kind":"road","road":"primary","osm":98905675},"geometry":{"type":"LineString","coordinates":[[-3.60437,37.18483],[-3.60431,37.1849],[-3.60416,37.18517],[-3.60378,37.18629],[-3.60373,37.18643],[-3.60375,37.18653]]}},{"type":"Feature","properties":{"name":"Gran Vía de Colón","kind":"road","road":"primary","osm":98905677},"geometry":{"type":"LineString","coordinates":[[-3.6021,37.18289],[-3.60201,37.18288],[-3.60189,37.18285]]}},{"type":"Feature","properties":{"name":"Calle Gran Vía de Colón","kind":"road","road":"primary","osm":98905680},"geometry":{"type":"LineString","coordinates":[[-3.60079,37.18171],[-3.60097,37.18204],[-3.60101,37.18211]]}},{"type":"Feature","properties":{"name":"Carretera de Murcia","kind":"road","road":"secondary","osm":99747984},"geometry":{"type":"LineString","coordinates":[[-3.59323,37.18954],[-3.59319,37.18957],[-3.59314,37.18966],[-3.59306,37.18977],[-3.59298,37.18983],[-3.59288,37.18992]]}},{"type":"Feature","properties":{"name":"Placeta de Santa Inés Alta","kind":"road","road":"pedestrian","osm":100017573},"geometry":{"type":"LineString","coordinates":[[-3.59428,37.17874],[-3.59424,37.1787],[-3.59425,37.17868],[-3.59427,37.17867],[-3.59434,37.17861],[-3.59439,37.17856],[-3.59442,37.17859],[-3.59446,37.17862],[-3.59447,37.17862],[-3.5943,37.17876],[-3.5943,37.17875],[-3.59428,37.17874]]}},{"type":"Feature","properties":{"name":"Calle Aljibe de Trillo","kind":"road","road":"pedestrian","osm":100017584},"geometry":{"type":"LineString","coordinates":[[-3.59388,37.17999],[-3.59385,37.18],[-3.59373,37.18004],[-3.59358,37.18009],[-3.59338,37.18014],[-3.59312,37.18019],[-3.59299,37.18023],[-3.59287,37.18024]]}},{"type":"Feature","properties":{"name":"Plaza General Emilio Herrera","kind":"road","road":"tertiary","osm":100050084},"geometry":{"type":"LineString","coordinates":[[-3.59778,37.16822],[-3.59793,37.16815],[-3.59795,37.16814],[-3.59797,37.16812],[-3.59798,37.16809],[-3.59798,37.16807]]}},{"type":"Feature","properties":{"name":"Callejón Molino de San Martín","kind":"road","road":"pedestrian","osm":100050085},"geometry":{"type":"LineString","coordinates":[[-3.59704,37.16907],[-3.59752,37.16888],[-3.59758,37.16886]]}},{"type":"Feature","properties":{"name":"Calle San Sebastián","kind":"road","road":"pedestrian","osm":100050087},"geometry":{"type":"LineString","coordinates":[[-3.59947,37.17433],[-3.5993,37.17455],[-3.59918,37.17471],[-3.59909,37.17483],[-3.59915,37.17487]]}},{"type":"Feature","properties":{"name":"Callejón Victoria","kind":"road","road":"pedestrian","osm":100262101},"geometry":{"type":"LineString","coordinates":[[-3.58937,37.18061],[-3.58932,37.18059],[-3.5889,37.18066],[-3.5886,37.18075]]}},{"type":"Feature","properties":{"name":"Calle Huerto","kind":"road","road":"pedestrian","osm":100268328},"geometry":{"type":"LineString","coordinates":[[-3.59569,37.17857],[-3.59565,37.17858],[-3.59551,37.17864],[-3.59542,37.17869],[-3.59536,37.17872],[-3.59519,37.17878],[-3.59504,37.1788]]}},{"type":"Feature","properties":{"name":"Placeta Sanchéz","kind":"road","road":"pedestrian","osm":100268331},"geometry":{"type":"LineString","coordinates":[[-3.59536,37.17872],[-3.59552,37.17897],[-3.59555,37.17901]]}},{"type":"Feature","properties":{"name":"Calle Yanguas","kind":"road","road":"pedestrian","osm":100272350},"geometry":{"type":"LineString","coordinates":[[-3.59048,37.18272],[-3.59018,37.18286]]}},{"type":"Feature","properties":{"name":"Cuesta de las Tomasas","kind":"road","road":"pedestrian","osm":100344208},"geometry":{"type":"LineString","coordinates":[[-3.59226,37.18063],[-3.59198,37.18067],[-3.59183,37.18073],[-3.59173,37.18078],[-3.59168,37.18083],[-3.59165,37.18089]]}},{"type":"Feature","properties":{"name":"Río Darro","kind":"river","road":"","osm":101543310},"geometry":{"type":"LineString","coordinates":[[-3.55284,37.17833],[-3.55323,37.17838],[-3.55353,37.17846],[-3.55385,37.17871],[-3.55403,37.17893],[-3.55431,37.17933],[-3.55456,37.17949],[-3.5548,37.17957],[-3.55513,37.17964],[-3.5557,37.17972],[-3.55638,37.17984],[-3.55713,37.18005],[-3.55761,37.1801],[-3.55809,37.18],[-3.55866,37.17993],[-3.55873,37.17992],[-3.5591,37.1799],[-3.55924,37.18001],[-3.55931,37.18031],[-3.55948,37.18046],[-3.56012,37.18055],[-3.56057,37.18068],[-3.56086,37.18083],[-3.56119,37.18076],[-3.56156,37.18044],[-3.56187,37.18025],[-3.56241,37.18036],[-3.56292,37.18055],[-3.56316,37.18064],[-3.56353,37.18075],[-3.5637,37.18092],[-3.56393,37.18095],[-3.56421,37.18087],[-3.56451,37.18079],[-3.56465,37.18074],[-3.56485,37.18077],[-3.56532,37.18084],[-3.56572,37.18079],[-3.56609,37.18064],[-3.56641,37.18079],[-3.56689,37.18095],[-3.56731,37.18103],[-3.56772,37.181],[-3.56793,37.18088],[-3.56809,37.18066],[-3.56817,37.18051],[-3.56817,37.18035],[-3.56853,37.18021],[-3.56877,37.1802],[-3.56902,37.18031],[-3.56932,37.18062],[-3.56969,37.18086],[-3.57057,37.18107],[-3.57122,37.18123],[-3.57179,37.1813],[-3.57237,37.1815],[-3.57283,37.18142],[-3.57319,37.18124],[-3.57386,37.181],[-3.57425,37.1809],[-3.57475,37.1809],[-3.57489,37.18084],[-3.57522,37.18069],[-3.57571,37.18064],[-3.57608,37.18081],[-3.57659,37.18084],[-3.57698,37.18074],[-3.57745,37.18063],[-3.57789,37.18066],[-3.57848,37.18068],[-3.57887,37.18078],[-3.57941,37.18081],[-3.57969,37.18083],[-3.58011,37.18094],[-3.58048,37.18093],[-3.58069,37.18085],[-3.58099,37.18067],[-3.58117,37.18065],[-3.58146,37.18073],[-3.58178,37.18078],[-3.58201,37.18077],[-3.5822,37.18074],[-3.58239,37.18071],[-3.58277,37.18075],[-3.58296,37.18076],[-3.58307,37.18073],[-3.58328,37.18059],[-3.5835,37.18052],[-3.58374,37.18054],[-3.58391,37.18059],[-3.58414,37.18071],[-3.58434,37.18087],[-3.58469,37.18103],[-3.58508,37.18101],[-3.58538,37.18082],[-3.58562,37.18049],[-3.58608,37.18017],[-3.58627,37.17961],[-3.58666,37.17938],[-3.58695,37.17929],[-3.58741,37.17932],[-3.58776,37.17931],[-3.58796,37.17928],[-3.58816,37.17923],[-3.58827,37.17918]]}},{"type":"Feature","properties":{"name":"Calle Espino","kind":"road","road":"pedestrian","osm":101560200},"geometry":{"type":"LineString","coordinates":[[-3.59036,37.17924],[-3.59034,37.17925]]}},{"type":"Feature","properties":{"name":"Calle Cobertizo Santa Inés","kind":"road","road":"pedestrian","osm":101560202},"geometry":{"type":"LineString","coordinates":[[-3.59379,37.17821],[-3.59341,37.17831]]}},{"type":"Feature","properties":{"name":"Calle Convalecencia","kind":"road","road":"pedestrian","osm":101560210},"geometry":{"type":"LineString","coordinates":[[-3.5955,37.17751],[-3.59521,37.17765],[-3.595,37.17776]]}},{"type":"Feature","properties":{"name":"Calle Lavadero Santa Inés","kind":"road","road":"pedestrian","osm":101560212},"geometry":{"type":"LineString","coordinates":[[-3.5943,37.17807],[-3.59415,37.17813],[-3.59401,37.17821],[-3.59381,37.17828]]}},{"type":"Feature","properties":{"name":"Calle Aljibe de la Vieja","kind":"road","road":"pedestrian","osm":101625568},"geometry":{"type":"LineString","coordinates":[[-3.59168,37.18361],[-3.59141,37.18375],[-3.59134,37.18378]]}},{"type":"Feature","properties":{"name":"Callejón del Conde","kind":"road","road":"pedestrian","osm":101625569},"geometry":{"type":"LineString","coordinates":[[-3.59236,37.18394],[-3.59222,37.18396],[-3.59211,37.18397],[-3.59203,37.18398],[-3.59182,37.18404]]}},{"type":"Feature","properties":{"name":"Calle Conde","kind":"road","road":"pedestrian","osm":101625571},"geometry":{"type":"LineString","coordinates":[[-3.59176,37.18418],[-3.59207,37.18412]]}},{"type":"Feature","properties":{"name":"Calle Carro","kind":"road","road":"pedestrian","osm":101625574},"geometry":{"type":"LineString","coordinates":[[-3.59363,37.17921],[-3.59347,37.17929],[-3.59339,37.17933],[-3.5934,37.17936],[-3.5932,37.17948],[-3.59316,37.17944]]}},{"type":"Feature","properties":{"name":"Calle Limón","kind":"road","road":"pedestrian","osm":101625577},"geometry":{"type":"LineString","coordinates":[[-3.59282,37.17987],[-3.59277,37.17987],[-3.59271,37.17991],[-3.59257,37.17992],[-3.59243,37.17996],[-3.5922,37.18001]]}},{"type":"Feature","properties":{"name":"Calle Pardo","kind":"road","road":"pedestrian","osm":101625578},"geometry":{"type":"LineString","coordinates":[[-3.59329,37.18339],[-3.59326,37.18338],[-3.59302,37.18328],[-3.59289,37.18324],[-3.5928,37.18322],[-3.59273,37.18321],[-3.5927,37.18322]]}},{"type":"Feature","properties":{"name":"Placeta Luque","kind":"road","road":"pedestrian","osm":101625579},"geometry":{"type":"LineString","coordinates":[[-3.59141,37.18462],[-3.5914,37.18468],[-3.59129,37.18472],[-3.59119,37.18477]]}},{"type":"Feature","properties":{"name":"Jardín Encantado","kind":"park","road":"","osm":101625581},"geometry":{"type":"Polygon","coordinates":[[[-3.58936,37.18208],[-3.58935,37.18206],[-3.58935,37.182],[-3.58976,37.18212],[-3.5901,37.18227],[-3.59008,37.1823],[-3.58968,37.18222],[-3.58951,37.18217],[-3.58943,37.18213],[-3.58937,37.1821],[-3.58936,37.18208]]]}},{"type":"Feature","properties":{"name":"Placeta del Carro","kind":"road","road":"pedestrian","osm":101625582},"geometry":{"type":"LineString","coordinates":[[-3.59373,37.1792],[-3.59371,37.17917],[-3.59369,37.17914],[-3.59369,37.17913],[-3.59369,37.17912],[-3.59363,37.17915],[-3.59366,37.17919],[-3.59362,37.1792],[-3.59363,37.17921],[-3.59363,37.17922],[-3.59364,37.17924],[-3.59365,37.17924],[-3.59366,37.17924],[-3.59371,37.17922],[-3.59373,37.1792]]}},{"type":"Feature","properties":{"name":"Placeta del Cobertizo","kind":"road","road":"pedestrian","osm":101625583},"geometry":{"type":"LineString","coordinates":[[-3.59332,37.17967],[-3.59331,37.17967],[-3.59326,37.17969],[-3.59326,37.17967],[-3.59321,37.17965],[-3.59319,37.17966],[-3.59313,37.17964],[-3.59314,37.17963],[-3.59314,37.17962],[-3.59319,37.17957],[-3.59321,37.17955],[-3.59322,37.17955],[-3.5933,37.17963],[-3.59331,37.17964],[-3.59333,37.17966],[-3.59332,37.17967]]}},{"type":"Feature","properties":{"name":"Placeta del Cobertizo","kind":"road","road":"pedestrian","osm":101625589},"geometry":{"type":"LineString","coordinates":[[-3.59332,37.17967],[-3.59336,37.17972],[-3.59338,37.17975]]}},{"type":"Feature","properties":{"name":"Placeta de las Escuelas","kind":"road","road":"pedestrian","osm":101625595},"geometry":{"type":"LineString","coordinates":[[-3.59199,37.17985],[-3.59201,37.18001],[-3.59204,37.18],[-3.5921,37.17999],[-3.59208,37.17992],[-3.5921,37.17991],[-3.59209,37.17988],[-3.5921,37.17988],[-3.59208,37.17985],[-3.59206,37.17981],[-3.59201,37.17983],[-3.59199,37.17985]]}},{"type":"Feature","properties":{"name":"Calle San Buenaventura","kind":"road","road":"pedestrian","osm":102792506},"geometry":{"type":"LineString","coordinates":[[-3.59111,37.18282],[-3.5911,37.18281],[-3.59099,37.18272],[-3.59089,37.18265],[-3.59077,37.18253],[-3.59067,37.18248],[-3.59062,37.18244]]}},{"type":"Feature","properties":{"name":"Calle Pagés","kind":"road","road":"tertiary","osm":102792514},"geometry":{"type":"LineString","coordinates":[[-3.59392,37.18443],[-3.59386,37.18436],[-3.59385,37.18434],[-3.59383,37.18431],[-3.59358,37.18403],[-3.59356,37.184]]}},{"type":"Feature","properties":{"name":"Calle Fátima","kind":"road","road":"pedestrian","osm":102792515},"geometry":{"type":"LineString","coordinates":[[-3.59197,37.18338],[-3.59211,37.1834],[-3.59225,37.18345]]}},{"type":"Feature","properties":{"name":"Carretera de Murcia","kind":"road","road":"secondary","osm":104300893},"geometry":{"type":"LineString","coordinates":[[-3.59942,37.18785],[-3.59945,37.1879],[-3.59949,37.18794]]}},{"type":"Feature","properties":{"name":"Calle Acera de San Ildefonso","kind":"road","road":"tertiary","osm":104300898},"geometry":{"type":"LineString","coordinates":[[-3.60008,37.18465],[-3.60011,37.18476],[-3.60012,37.1848],[-3.60015,37.18482]]}},{"type":"Feature","properties":{"name":"Carretera de Murcia","kind":"road","road":"secondary","osm":104300900},"geometry":{"type":"LineString","coordinates":[[-3.59335,37.18479],[-3.59331,37.18485],[-3.59327,37.18491],[-3.59325,37.18498],[-3.59322,37.18507],[-3.59312,37.18556],[-3.5931,37.18566],[-3.59307,37.18583],[-3.59306,37.18589],[-3.59305,37.1859],[-3.59305,37.18594],[-3.59304,37.18599],[-3.59303,37.18605],[-3.59302,37.18608],[-3.59302,37.18616],[-3.59302,37.18624],[-3.59303,37.18633],[-3.59307,37.18659],[-3.59309,37.1868],[-3.59309,37.18681],[-3.59309,37.18684]]}},{"type":"Feature","properties":{"name":"Calle Real de Cartuja","kind":"road","road":"tertiary","osm":104300904},"geometry":{"type":"LineString","coordinates":[[-3.6,37.18789],[-3.59999,37.18795],[-3.59998,37.18798],[-3.59995,37.188]]}},{"type":"Feature","properties":{"name":"Avenida del Hospicio","kind":"road","road":"tertiary","osm":104300907},"geometry":{"type":"LineString","coordinates":[[-3.60102,37.18394],[-3.60097,37.18398],[-3.60095,37.184],[-3.60092,37.18403],[-3.6009,37.18405],[-3.60074,37.1842],[-3.60026,37.18464],[-3.60022,37.18469]]}},{"type":"Feature","properties":{"name":"Calle Real de Cartuja","kind":"road","road":"tertiary","osm":104300909},"geometry":{"type":"LineString","coordinates":[[-3.60007,37.18583],[-3.60008,37.18595],[-3.60009,37.18614],[-3.60008,37.18643],[-3.60007,37.18672],[-3.60006,37.18679],[-3.60001,37.1871],[-3.6,37.18713],[-3.59993,37.18749]]}},{"type":"Feature","properties":{"name":"Carretera de Murcia","kind":"road","road":"secondary","osm":104300912},"geometry":{"type":"LineString","coordinates":[[-3.59418,37.18433],[-3.59402,37.18438],[-3.59398,37.1844],[-3.59395,37.18441],[-3.59392,37.18443]]}},{"type":"Feature","properties":{"name":"Carretera de Murcia","kind":"road","road":"secondary","osm":104300917},"geometry":{"type":"LineString","coordinates":[[-3.59942,37.18785],[-3.59936,37.18779],[-3.59917,37.18756],[-3.59908,37.18745],[-3.59904,37.18737],[-3.599,37.1873],[-3.59899,37.18722],[-3.59898,37.18715],[-3.599,37.18707],[-3.59902,37.18699],[-3.59923,37.18657],[-3.59926,37.1865],[-3.59927,37.18644],[-3.59926,37.18637],[-3.59925,37.1863],[-3.59922,37.18626],[-3.59918,37.18621],[-3.59913,37.18618],[-3.59907,37.18615],[-3.599,37.18613],[-3.59893,37.18612],[-3.59885,37.18612],[-3.59876,37.18612],[-3.59853,37.18616],[-3.59844,37.18616],[-3.59836,37.18616],[-3.59828,37.18615],[-3.5982,37.18613],[-3.59812,37.18609],[-3.59806,37.18604],[-3.59797,37.18597],[-3.59792,37.18592],[-3.5978,37.18575],[-3.59776,37.18571],[-3.59767,37.18561],[-3.59753,37.1855],[-3.59742,37.18541],[-3.59733,37.18536],[-3.59728,37.18534],[-3.59723,37.18533],[-3.59717,37.18532],[-3.59707,37.18532],[-3.597,37.18533]]}},{"type":"Feature","properties":{"name":"Calle Nueva de Cartuja","kind":"road","road":"tertiary","osm":104300926},"geometry":{"type":"LineString","coordinates":[[-3.60176,37.18697],[-3.60174,37.18694],[-3.60155,37.18664]]}},{"type":"Feature","properties":{"name":"Calle Verónica del Albaicín","kind":"road","road":"pedestrian","osm":104639589},"geometry":{"type":"LineString","coordinates":[[-3.59302,37.18328],[-3.59288,37.18351]]}},{"type":"Feature","properties":{"name":"Callejón del Gallo","kind":"road","road":"pedestrian","osm":105125162},"geometry":{"type":"LineString","coordinates":[[-3.59708,37.18067],[-3.59715,37.18097],[-3.59709,37.18133]]}},{"type":"Feature","properties":{"name":"Calle Tiña","kind":"road","road":"pedestrian","osm":105125192},"geometry":{"type":"LineString","coordinates":[[-3.59586,37.1806],[-3.59579,37.18035],[-3.59572,37.18011],[-3.59567,37.18011],[-3.59563,37.17999],[-3.59558,37.17978]]}},{"type":"Feature","properties":{"name":"Calle Pagés","kind":"road","road":"tertiary","osm":105257392},"geometry":{"type":"LineString","coordinates":[[-3.59194,37.18292],[-3.59186,37.18285]]}},{"type":"Feature","properties":{"name":"Plaza Aliatar","kind":"road","road":"tertiary","osm":105257397},"geometry":{"type":"LineString","coordinates":[[-3.5916,37.18269],[-3.59144,37.1826],[-3.59143,37.18258],[-3.59141,37.18257]]}},{"type":"Feature","properties":{"name":"Plaza de Santa Ana","kind":"road","road":"tertiary","osm":105257399},"geometry":{"type":"LineString","coordinates":[[-3.59525,37.17711],[-3.5951,37.17719],[-3.59506,37.17723]]}},{"type":"Feature","properties":{"name":"Calle Pagés","kind":"road","road":"tertiary","osm":105257402},"geometry":{"type":"LineString","coordinates":[[-3.59216,37.18324],[-3.59197,37.18294],[-3.59194,37.18292]]}},{"type":"Feature","properties":{"name":"Placeta de los Ortegas","kind":"road","road":"pedestrian","osm":105257403},"geometry":{"type":"LineString","coordinates":[[-3.59184,37.18305],[-3.59192,37.18295],[-3.59194,37.18292]]}},{"type":"Feature","properties":{"name":"Calle Carrera del Darro","kind":"road","road":"tertiary","osm":105257406},"geometry":{"type":"LineString","coordinates":[[-3.59499,37.1774],[-3.59496,37.17742],[-3.59487,37.17749],[-3.59476,37.17757],[-3.59453,37.17771],[-3.59428,37.17786],[-3.59418,37.1779],[-3.59386,37.17799]]}},{"type":"Feature","properties":{"name":"Calle Pagés","kind":"road","road":"tertiary","osm":105257407},"geometry":{"type":"LineString","coordinates":[[-3.59186,37.18285],[-3.59171,37.18275],[-3.5916,37.18269]]}},{"type":"Feature","properties":{"name":"Calle Pagés","kind":"road","road":"tertiary","osm":105257409},"geometry":{"type":"LineString","coordinates":[[-3.59243,37.18346],[-3.5924,37.18343],[-3.59216,37.18324]]}},{"type":"Feature","properties":{"name":"Plaza Nueva","kind":"road","road":"secondary","osm":105257412},"geometry":{"type":"LineString","coordinates":[[-3.59659,37.17672],[-3.59645,37.17655],[-3.59644,37.17653],[-3.59641,37.1765]]}},{"type":"Feature","properties":{"name":"Paseo de los Tristes","kind":"road","road":"pedestrian","osm":105281231},"geometry":{"type":"LineString","coordinates":[[-3.58832,37.17921],[-3.58833,37.17922],[-3.58835,37.17924],[-3.58843,37.17923],[-3.58877,37.17918],[-3.58896,37.17915],[-3.5895,37.179],[-3.59035,37.17875],[-3.5904,37.17875],[-3.59041,37.17874],[-3.59041,37.17866],[-3.58992,37.17865],[-3.58975,37.17864],[-3.58957,37.17867],[-3.58947,37.1787],[-3.58936,37.17873],[-3.58919,37.17881],[-3.58876,37.17904],[-3.58832,37.17921]]}},{"type":"Feature","properties":{"name":"Calle Maestro Lecuona","kind":"road","road":"pedestrian","osm":105927215},"geometry":{"type":"LineString","coordinates":[[-3.6019,37.16679],[-3.60196,37.16677],[-3.60314,37.16636]]}},{"type":"Feature","properties":{"name":"Calle Profesor García Gómez","kind":"road","road":"tertiary","osm":105932125},"geometry":{"type":"LineString","coordinates":[[-3.60558,37.16717],[-3.60549,37.1672],[-3.60546,37.16721],[-3.60538,37.16724],[-3.60517,37.16732],[-3.60512,37.16734],[-3.60447,37.16759],[-3.60443,37.1676],[-3.60436,37.16763]]}},{"type":"Feature","properties":{"name":"Calle Doctor Alejandro Otero","kind":"road","road":"secondary","osm":105932126},"geometry":{"type":"LineString","coordinates":[[-3.60326,37.16583],[-3.60331,37.16583],[-3.6035,37.16576],[-3.60354,37.16575],[-3.60391,37.16561],[-3.60396,37.16559],[-3.60406,37.16556],[-3.60417,37.16552]]}},{"type":"Feature","properties":{"name":"Calle Veracruz","kind":"road","road":"tertiary","osm":105932129},"geometry":{"type":"LineString","coordinates":[[-3.60357,37.16835],[-3.60357,37.1683],[-3.60357,37.16817],[-3.60357,37.16813],[-3.60357,37.16811],[-3.60327,37.16762],[-3.60293,37.16706],[-3.60289,37.16702]]}},{"type":"Feature","properties":{"name":"Calle San Francisco de Asís","kind":"road","road":"pedestrian","osm":105932130},"geometry":{"type":"LineString","coordinates":[[-3.60144,37.16801],[-3.60137,37.16801],[-3.6011,37.168],[-3.6008,37.168],[-3.60079,37.168],[-3.60065,37.168]]}},{"type":"Feature","properties":{"name":"Calle San José Baja","kind":"road","road":"tertiary","osm":105932133},"geometry":{"type":"LineString","coordinates":[[-3.60141,37.16998],[-3.6014,37.17009]]}},{"type":"Feature","properties":{"name":"Calle Profesor Sainz Cantero","kind":"road","road":"tertiary","osm":106368736},"geometry":{"type":"LineString","coordinates":[[-3.60654,37.17911],[-3.60655,37.17921],[-3.60661,37.1795]]}},{"type":"Feature","properties":{"name":"Calle Obispo Rincón","kind":"road","road":"pedestrian","osm":106368740},"geometry":{"type":"LineString","coordinates":[[-3.60645,37.17887],[-3.60598,37.17892]]}},{"type":"Feature","properties":{"name":"Calle Hileras","kind":"road","road":"pedestrian","osm":106370248},"geometry":{"type":"LineString","coordinates":[[-3.60059,37.17484],[-3.60101,37.17472],[-3.6012,37.17466]]}},{"type":"Feature","properties":{"name":"Calle Luis del Mármol Carvajal","kind":"road","road":"pedestrian","osm":106404839},"geometry":{"type":"LineString","coordinates":[[-3.60507,37.18001],[-3.60484,37.18032],[-3.60464,37.18059]]}},{"type":"Feature","properties":{"name":"Calle Luis del Mármol Carvajal","kind":"road","road":"pedestrian","osm":106404841},"geometry":{"type":"LineString","coordinates":[[-3.60471,37.18063],[-3.60492,37.18036],[-3.60513,37.18008]]}},{"type":"Feature","properties":{"name":"Calle Colegios","kind":"road","road":"tertiary","osm":106404847},"geometry":{"type":"LineString","coordinates":[[-3.60307,37.17861],[-3.60305,37.17862],[-3.6027,37.17878],[-3.60198,37.17912],[-3.60192,37.17914]]}},{"type":"Feature","properties":{"name":"Calle Guevara Pozo","kind":"road","road":"pedestrian","osm":106404849},"geometry":{"type":"LineString","coordinates":[[-3.60544,37.18051],[-3.60492,37.18075]]}},{"type":"Feature","properties":{"name":"Calle Laurel Alta Boquerón","kind":"road","road":"pedestrian","osm":106404851},"geometry":{"type":"LineString","coordinates":[[-3.60064,37.18008],[-3.60064,37.17997],[-3.60064,37.17994]]}},{"type":"Feature","properties":{"name":"Calle Luis del Mármol Carvajal","kind":"road","road":"pedestrian","osm":106404852},"geometry":{"type":"LineString","coordinates":[[-3.60492,37.18036],[-3.60484,37.18032]]}},{"type":"Feature","properties":{"name":"Calle Virgen del Rosario","kind":"road","road":"pedestrian","osm":106407115},"geometry":{"type":"LineString","coordinates":[[-3.59695,37.1731],[-3.59693,37.1731],[-3.59649,37.17289]]}},{"type":"Feature","properties":{"name":"Calle Suspiro","kind":"road","road":"pedestrian","osm":106407118},"geometry":{"type":"LineString","coordinates":[[-3.59775,37.17356],[-3.59785,37.1736],[-3.59823,37.17381],[-3.59834,37.17389]]}},{"type":"Feature","properties":{"name":"Plaza de las Descalzas","kind":"road","road":"pedestrian","osm":106407119},"geometry":{"type":"LineString","coordinates":[[-3.59666,37.17515],[-3.59674,37.17515],[-3.59692,37.17515],[-3.5971,37.17515]]}},{"type":"Feature","properties":{"name":"Calle Suspiro","kind":"road","road":"pedestrian","osm":106407123},"geometry":{"type":"LineString","coordinates":[[-3.59834,37.17368],[-3.59823,37.17381]]}},{"type":"Feature","properties":{"name":"Calle Rector Morata","kind":"road","road":"pedestrian","osm":106407126},"geometry":{"type":"LineString","coordinates":[[-3.59905,37.17363],[-3.59871,37.17349]]}},{"type":"Feature","properties":{"name":"Calle Escudo del Carmen","kind":"road","road":"pedestrian","osm":106407130},"geometry":{"type":"LineString","coordinates":[[-3.59908,37.1736],[-3.59907,37.17362],[-3.59905,37.17363],[-3.59902,37.17366],[-3.59893,37.17372],[-3.59878,37.17381]]}},{"type":"Feature","properties":{"name":"Calle Cobertizo y Faltriquera","kind":"road","road":"pedestrian","osm":106407131},"geometry":{"type":"LineString","coordinates":[[-3.59662,37.17277],[-3.59673,37.17282],[-3.59682,37.17285],[-3.59698,37.17287]]}},{"type":"Feature","properties":{"name":"Calle Molino de la Corteza del Carmen","kind":"road","road":"pedestrian","osm":106407134},"geometry":{"type":"LineString","coordinates":[[-3.5981,37.17449],[-3.59795,37.17462],[-3.59787,37.17472],[-3.5978,37.1748],[-3.59771,37.17492]]}},{"type":"Feature","properties":{"name":"Placeta de Tovar","kind":"road","road":"pedestrian","osm":106407135},"geometry":{"type":"LineString","coordinates":[[-3.59771,37.17492],[-3.59773,37.17494],[-3.59808,37.17512],[-3.59811,37.17511]]}},{"type":"Feature","properties":{"name":"Calle Gozo","kind":"road","road":"pedestrian","osm":106407138},"geometry":{"type":"LineString","coordinates":[[-3.59861,37.1736],[-3.5986,37.17363],[-3.59848,37.17376]]}},{"type":"Feature","properties":{"name":"","kind":"road","road":"pedestrian","osm":106410296},"geometry":{"type":"LineString","coordinates":[[-3.59656,37.17426],[-3.59656,37.17427],[-3.59657,37.17427],[-3.59664,37.17431],[-3.59664,37.17432],[-3.59665,37.17441],[-3.59665,37.17442],[-3.59665,37.17443],[-3.59665,37.17447],[-3.59665,37.17448],[-3.59664,37.17449],[-3.5966,37.17448],[-3.59655,37.17448],[-3.59653,37.17447],[-3.59652,37.17447],[-3.59656,37.17426]]}},{"type":"Feature","properties":{"name":"Camino de Purchil","kind":"road","road":"tertiary","osm":106608557},"geometry":{"type":"LineString","coordinates":[[-3.61354,37.17243],[-3.61325,37.17239],[-3.61313,37.17237],[-3.61295,37.17234],[-3.61271,37.17233],[-3.61256,37.17234],[-3.6124,37.17235],[-3.61221,37.17238],[-3.61194,37.17244],[-3.61168,37.17253],[-3.61163,37.17255]]}},{"type":"Feature","properties":{"name":"Calle Profesor Luis Molina Gómez","kind":"road","road":"secondary","osm":106608581},"geometry":{"type":"LineString","coordinates":[[-3.61339,37.17648],[-3.61335,37.17643],[-3.61329,37.17634],[-3.61295,37.17584],[-3.61292,37.17579],[-3.6129,37.17576]]}},{"type":"Feature","properties":{"name":"","kind":"park","road":"","osm":107158421},"geometry":{"type":"Polygon","coordinates":[[[-3.60522,37.18991],[-3.60532,37.18985],[-3.60522,37.1897],[-3.60512,37.18954],[-3.60501,37.18958],[-3.6051,37.18974],[-3.60522,37.18991]]]}},{"type":"Feature","properties":{"name":"Placeta Doctor Martínez Castro","kind":"road","road":"pedestrian","osm":107377942},"geometry":{"type":"LineString","coordinates":[[-3.60932,37.18718],[-3.60906,37.18705]]}},{"type":"Feature","properties":{"name":"Placeta Arquitecto Ángel Casas","kind":"road","road":"pedestrian","osm":107377945},"geometry":{"type":"LineString","coordinates":[[-3.60924,37.18735],[-3.60894,37.1872]]}},{"type":"Feature","properties":{"name":"Calle Vidrio de San Lázaro","kind":"road","road":"tertiary","osm":107397581},"geometry":{"type":"LineString","coordinates":[[-3.60507,37.18558],[-3.60513,37.1855],[-3.60544,37.18509],[-3.60555,37.18495],[-3.60556,37.18493],[-3.60559,37.18489]]}},{"type":"Feature","properties":{"name":"Calle San Juan de Letrán","kind":"road","road":"pedestrian","osm":107397606},"geometry":{"type":"LineString","coordinates":[[-3.60738,37.18645],[-3.60743,37.18638],[-3.60759,37.1862]]}},{"type":"Feature","properties":{"name":"Calle Doctor Adelardo Mora","kind":"road","road":"pedestrian","osm":107397651},"geometry":{"type":"LineString","coordinates":[[-3.60786,37.18695],[-3.60781,37.18692],[-3.60743,37.18674]]}},{"type":"Feature","properties":{"name":"Calle Betania","kind":"road","road":"pedestrian","osm":107397669},"geometry":{"type":"LineString","coordinates":[[-3.60473,37.18546],[-3.60457,37.18567]]}},{"type":"Feature","properties":{"name":"Calle Marmolillos","kind":"road","road":"pedestrian","osm":107397685},"geometry":{"type":"LineString","coordinates":[[-3.60713,37.18637],[-3.6069,37.18627],[-3.60649,37.18606],[-3.60608,37.18586],[-3.60588,37.18576]]}},{"type":"Feature","properties":{"name":"Calle Doctor Adelardo Mora","kind":"road","road":"pedestrian","osm":107397686},"geometry":{"type":"LineString","coordinates":[[-3.60791,37.18687],[-3.60786,37.18684],[-3.60748,37.18666]]}},{"type":"Feature","properties":{"name":"Calle Minas de San Lázaro","kind":"road","road":"pedestrian","osm":107397695},"geometry":{"type":"LineString","coordinates":[[-3.60597,37.18601],[-3.60608,37.18586]]}},{"type":"Feature","properties":{"name":"Avenida de Madrid","kind":"road","road":"tertiary","osm":107397706},"geometry":{"type":"LineString","coordinates":[[-3.60412,37.18567],[-3.60381,37.18653],[-3.60373,37.1866]]}},{"type":"Feature","properties":{"name":"Plaza de San Lázaro","kind":"road","road":"pedestrian","osm":107397718},"geometry":{"type":"LineString","coordinates":[[-3.60678,37.1871],[-3.60674,37.18708],[-3.60638,37.18691]]}},{"type":"Feature","properties":{"name":"Avenida de la Constitución","kind":"road","road":"primary","osm":108339514},"geometry":{"type":"LineString","coordinates":[[-3.60467,37.18415],[-3.60455,37.18409]]}},{"type":"Feature","properties":{"name":"Calle Alcázar del Genil","kind":"road","road":"pedestrian","osm":112022768},"geometry":{"type":"LineString","coordinates":[[-3.60084,37.16461],[-3.60085,37.16461],[-3.60086,37.16461],[-3.60117,37.16459],[-3.6016,37.16457],[-3.60165,37.16457],[-3.60219,37.16454]]}},{"type":"Feature","properties":{"name":"Calle Alcázar del Genil","kind":"road","road":"pedestrian","osm":112022771},"geometry":{"type":"LineString","coordinates":[[-3.60087,37.16484],[-3.60088,37.16483],[-3.60119,37.16482],[-3.60167,37.16479],[-3.60193,37.16477],[-3.6022,37.16475]]}},{"type":"Feature","properties":{"name":"Calle Rey Abu Said","kind":"road","road":"pedestrian","osm":112022772},"geometry":{"type":"LineString","coordinates":[[-3.6019,37.16398],[-3.60188,37.16398],[-3.60177,37.16403]]}},{"type":"Feature","properties":{"name":"Paseo de las Palmas","kind":"road","road":"tertiary","osm":117269476},"geometry":{"type":"LineString","coordinates":[[-3.57876,37.16486],[-3.57865,37.16481],[-3.57852,37.16475],[-3.57818,37.16456],[-3.57817,37.16453],[-3.57818,37.1645],[-3.5782,37.16446]]}},{"type":"Feature","properties":{"name":"Camino Nuevo del Cementerio","kind":"road","road":"tertiary","osm":117269481},"geometry":{"type":"LineString","coordinates":[[-3.58753,37.17133],[-3.58749,37.17132],[-3.5873,37.17124],[-3.58713,37.17114],[-3.5868,37.17095],[-3.58671,37.17093],[-3.58661,37.17094],[-3.58632,37.17098],[-3.58606,37.17101],[-3.58588,37.17102],[-3.58579,37.17101],[-3.58574,37.17097],[-3.58572,37.17092],[-3.58572,37.17087],[-3.58576,37.17081],[-3.5859,37.17067],[-3.58602,37.17053],[-3.58614,37.1704],[-3.58616,37.17035],[-3.58618,37.17027],[-3.58619,37.17021],[-3.58617,37.17011],[-3.5861,37.16998],[-3.58602,37.16988],[-3.58592,37.16978],[-3.58576,37.16964],[-3.58569,37.16959],[-3.58561,37.16953],[-3.5855,37.16947],[-3.58544,37.16944],[-3.58528,37.16937],[-3.5852,37.16932],[-3.58513,37.16927],[-3.58505,37.16919],[-3.5849,37.16902],[-3.5848,37.16893],[-3.58459,37.16878],[-3.58447,37.1687],[-3.58436,37.16864],[-3.58429,37.16861],[-3.58422,37.16858],[-3.58413,37.16856],[-3.58395,37.16854],[-3.58382,37.16853],[-3.58363,37.16852],[-3.58356,37.16853],[-3.5835,37.16854],[-3.58344,37.16856],[-3.58321,37.16866]]}},{"type":"Feature","properties":{"name":"Cuesta Escoriaza","kind":"road","road":"secondary","osm":117269488},"geometry":{"type":"LineString","coordinates":[[-3.58748,37.16888],[-3.5875,37.16883],[-3.58755,37.1688],[-3.58763,37.16878],[-3.58792,37.16884],[-3.58925,37.16907],[-3.59097,37.16939],[-3.59101,37.16939],[-3.59104,37.16937],[-3.59117,37.16919],[-3.59121,37.16913],[-3.59122,37.16911]]}},{"type":"Feature","properties":{"name":"Cuesta de la Morera","kind":"road","road":"pedestrian","osm":117269522},"geometry":{"type":"LineString","coordinates":[[-3.5864,37.16999],[-3.58644,37.17001],[-3.58653,37.17012],[-3.58657,37.17012],[-3.5866,37.17016],[-3.58663,37.17022],[-3.58663,37.17027]]}},{"type":"Feature","properties":{"name":"","kind":"road","road":"pedestrian","osm":117277677},"geometry":{"type":"LineString","coordinates":[[-3.5946,37.17038],[-3.59448,37.17047],[-3.59449,37.17048],[-3.59451,37.1705],[-3.59463,37.17041]]}},{"type":"Feature","properties":{"name":"Patio del Cuarto Dorado","kind":"road","road":"pedestrian","osm":117357968},"geometry":{"type":"LineString","coordinates":[[-3.58996,37.17734],[-3.5899,37.17734],[-3.58987,37.17734],[-3.58987,37.17735],[-3.58987,37.17743],[-3.58987,37.17744],[-3.58989,37.17744],[-3.58991,37.17744],[-3.58994,37.17744],[-3.58995,37.17744],[-3.58995,37.17743],[-3.58995,37.17735],[-3.58996,37.17734]]}},{"type":"Feature","properties":{"name":"Jardines del Partal","kind":"park","road":"","osm":117357971},"geometry":{"type":"Polygon","coordinates":[[[-3.58862,37.17667],[-3.58896,37.17667],[-3.58896,37.17704],[-3.5879,37.17706],[-3.58791,37.17685],[-3.58831,37.17687],[-3.58832,37.17676],[-3.58806,37.17675],[-3.58808,37.17659],[-3.58793,37.17658],[-3.58789,37.17656],[-3.58789,37.1765],[-3.5879,37.17646],[-3.58816,37.17648],[-3.58816,37.17645],[-3.58836,37.17646],[-3.58836,37.17648],[-3.58862,37.17649],[-3.58862,37.17651],[-3.58862,37.17655],[-3.58862,37.17667]]]}},{"type":"Feature","properties":{"name":"","kind":"water","road":"","osm":117357973},"geometry":{"type":"Polygon","coordinates":[[[-3.58965,37.17738],[-3.58965,37.17708],[-3.58973,37.17708],[-3.58973,37.17739],[-3.58965,37.17738]]]}},{"type":"Feature","properties":{"name":"","kind":"water","road":"","osm":117369756},"geometry":{"type":"Polygon","coordinates":[[[-3.58822,37.17673],[-3.58823,37.1765],[-3.58816,37.1765],[-3.58815,37.17673],[-3.58822,37.17673]]]}},{"type":"Feature","properties":{"name":"","kind":"water","road":"","osm":117369771},"geometry":{"type":"Polygon","coordinates":[[[-3.58658,37.17568],[-3.58687,37.17578],[-3.58684,37.17583],[-3.58655,37.17572],[-3.58658,37.17568]]]}},{"type":"Feature","properties":{"name":"Calle Antequeruela Baja","kind":"road","road":"tertiary","osm":118170984},"geometry":{"type":"LineString","coordinates":[[-3.58889,37.17274],[-3.5889,37.17278],[-3.58891,37.17283],[-3.58941,37.1735],[-3.58947,37.17358],[-3.58975,37.17396],[-3.58983,37.17407],[-3.58986,37.17412],[-3.58987,37.17413],[-3.58988,37.1742]]}},{"type":"Feature","properties":{"name":"Calle Solares","kind":"road","road":"secondary","osm":118170985},"geometry":{"type":"LineString","coordinates":[[-3.59035,37.1706],[-3.59037,37.17058],[-3.59065,37.17038],[-3.59078,37.17029],[-3.59088,37.17021],[-3.59092,37.1702],[-3.59096,37.17021],[-3.59098,37.17021],[-3.59101,37.17023]]}},{"type":"Feature","properties":{"name":"Cuesta del Caidero","kind":"road","road":"tertiary","osm":118170990},"geometry":{"type":"LineString","coordinates":[[-3.58867,37.17043],[-3.58862,37.1709],[-3.58858,37.1713],[-3.58856,37.17149],[-3.58856,37.17162],[-3.58858,37.17173],[-3.58877,37.17243],[-3.58881,37.17258],[-3.58881,37.1726],[-3.5888,37.17263]]}},{"type":"Feature","properties":{"name":"Calle Molinos","kind":"road","road":"secondary","osm":118170992},"geometry":{"type":"LineString","coordinates":[[-3.59035,37.1706],[-3.59032,37.17058],[-3.58996,37.17025],[-3.58972,37.17002],[-3.58963,37.16991],[-3.58942,37.16981],[-3.58939,37.1698],[-3.58936,37.16978],[-3.5893,37.16976]]}},{"type":"Feature","properties":{"name":"Calle Ecce-Homo","kind":"road","road":"pedestrian","osm":118176090},"geometry":{"type":"LineString","coordinates":[[-3.59261,37.17348],[-3.59258,37.17351],[-3.59245,37.17363],[-3.59263,37.17376],[-3.59279,37.17388],[-3.59289,37.17396]]}},{"type":"Feature","properties":{"name":"Calle Plegadero Alto","kind":"road","road":"pedestrian","osm":118176091},"geometry":{"type":"LineString","coordinates":[[-3.59096,37.17358],[-3.59115,37.17371],[-3.59185,37.17417],[-3.59202,37.17429],[-3.59209,37.17434]]}},{"type":"Feature","properties":{"name":"Calle Santo Sepulcro del Realejo","kind":"road","road":"pedestrian","osm":118183610},"geometry":{"type":"LineString","coordinates":[[-3.59386,37.17277],[-3.59373,37.17261],[-3.59367,37.17264]]}},{"type":"Feature","properties":{"name":"Calle Sacristía de San Matías","kind":"road","road":"pedestrian","osm":118183611},"geometry":{"type":"LineString","coordinates":[[-3.59685,37.17351],[-3.59683,37.1735],[-3.59658,37.1734],[-3.59649,37.17352]]}},{"type":"Feature","properties":{"name":"Calle Huerta de los Ángeles","kind":"road","road":"pedestrian","osm":118183612},"geometry":{"type":"LineString","coordinates":[[-3.58945,37.17105],[-3.58941,37.17105],[-3.58931,37.17093],[-3.58919,37.17099]]}},{"type":"Feature","properties":{"name":"Calle Virgen del Rosario","kind":"road","road":"pedestrian","osm":118183616},"geometry":{"type":"LineString","coordinates":[[-3.59649,37.17289],[-3.59643,37.17287],[-3.59633,37.17281],[-3.5962,37.17272],[-3.59608,37.17264]]}},{"type":"Feature","properties":{"name":"Carril de San Cecilio","kind":"road","road":"tertiary","osm":118183622},"geometry":{"type":"LineString","coordinates":[[-3.59093,37.17329],[-3.59088,37.17333],[-3.59083,37.17334],[-3.59079,37.17334],[-3.59072,37.17333],[-3.59057,37.17332],[-3.59044,37.17333]]}},{"type":"Feature","properties":{"name":"Calle Sacristía de San Matías","kind":"road","road":"pedestrian","osm":118183623},"geometry":{"type":"LineString","coordinates":[[-3.59639,37.17347],[-3.59631,37.17354],[-3.5963,37.17356],[-3.59628,37.17358],[-3.59622,37.17365]]}},{"type":"Feature","properties":{"name":"Calle Ballesteros","kind":"road","road":"pedestrian","osm":118183625},"geometry":{"type":"LineString","coordinates":[[-3.59603,37.17418],[-3.59594,37.17428],[-3.59584,37.1744]]}},{"type":"Feature","properties":{"name":"Calle Risco de San Matías","kind":"road","road":"pedestrian","osm":118183630},"geometry":{"type":"LineString","coordinates":[[-3.59608,37.17327],[-3.5961,37.17329],[-3.59639,37.17345]]}},{"type":"Feature","properties":{"name":"Plaza Campo del Príncipe","kind":"road","road":"pedestrian","osm":118183634},"geometry":{"type":"LineString","coordinates":[[-3.5928,37.17329],[-3.59276,37.17326],[-3.59268,37.17317],[-3.59215,37.17269],[-3.59203,37.17259],[-3.59193,37.17249]]}},{"type":"Feature","properties":{"name":"Calle Cobertizo Santo Domingo","kind":"road","road":"pedestrian","osm":118183635},"geometry":{"type":"LineString","coordinates":[[-3.59408,37.17267],[-3.5942,37.17292],[-3.59434,37.17301]]}},{"type":"Feature","properties":{"name":"Calle Santiago","kind":"road","road":"secondary","osm":118183645},"geometry":{"type":"LineString","coordinates":[[-3.59101,37.17023],[-3.59119,37.17041],[-3.59133,37.17055],[-3.5916,37.1708],[-3.59177,37.17096],[-3.59179,37.17097],[-3.5918,37.17099],[-3.59193,37.1711],[-3.5921,37.17125],[-3.59224,37.17139]]}},{"type":"Feature","properties":{"name":"Calle Acera de San Ildefonso","kind":"road","road":"pedestrian","osm":118249675},"geometry":{"type":"LineString","coordinates":[[-3.60004,37.18486],[-3.59988,37.18493]]}},{"type":"Feature","properties":{"name":"Calle Pernaleros Alto","kind":"road","road":"pedestrian","osm":118249676},"geometry":{"type":"LineString","coordinates":[[-3.59832,37.18379],[-3.59831,37.18372],[-3.59835,37.18367],[-3.59836,37.18364],[-3.59835,37.18354],[-3.59832,37.18347],[-3.59827,37.1834]]}},{"type":"Feature","properties":{"name":"Calle Veredillas de San Cristóbal","kind":"road","road":"pedestrian","osm":118249681},"geometry":{"type":"LineString","coordinates":[[-3.59759,37.18332],[-3.59759,37.18334],[-3.5977,37.18344]]}},{"type":"Feature","properties":{"name":"Placeta de Liñán","kind":"road","road":"pedestrian","osm":118249682},"geometry":{"type":"LineString","coordinates":[[-3.59781,37.18267],[-3.59771,37.18276],[-3.59787,37.18296],[-3.59792,37.18306],[-3.59794,37.18309],[-3.59797,37.18308]]}},{"type":"Feature","properties":{"name":"Calle Pernaleros Bajo","kind":"road","road":"pedestrian","osm":118249698},"geometry":{"type":"LineString","coordinates":[[-3.59861,37.1835],[-3.59859,37.18348],[-3.59843,37.18331],[-3.59846,37.18329],[-3.59835,37.18315],[-3.59833,37.18314],[-3.59828,37.18307],[-3.59818,37.18294]]}},{"type":"Feature","properties":{"name":"Plaza Mirador de San Cristobal","kind":"road","road":"pedestrian","osm":118249723},"geometry":{"type":"LineString","coordinates":[[-3.59592,37.18326],[-3.59586,37.18322],[-3.59582,37.18318],[-3.5958,37.18314],[-3.59579,37.18309],[-3.59579,37.18307],[-3.59595,37.18307],[-3.59596,37.18305],[-3.59597,37.18303],[-3.59599,37.18302],[-3.59602,37.18303],[-3.59605,37.18304],[-3.59607,37.18307],[-3.59609,37.1831],[-3.59615,37.18309],[-3.59621,37.18308],[-3.59626,37.18308],[-3.59626,37.18309],[-3.59626,37.1831],[-3.59617,37.18311],[-3.59608,37.18313],[-3.59602,37.18316],[-3.59596,37.18321],[-3.59594,37.18323],[-3.59592,37.18326]]}},{"type":"Feature","properties":{"name":"Calle Moras","kind":"road","road":"pedestrian","osm":119865644},"geometry":{"type":"LineString","coordinates":[[-3.59891,37.17295],[-3.59824,37.17266]]}},{"type":"Feature","properties":{"name":"Calle Abenamar","kind":"road","road":"pedestrian","osm":119865664},"geometry":{"type":"LineString","coordinates":[[-3.59772,37.17665],[-3.59731,37.17603]]}},{"type":"Feature","properties":{"name":"","kind":"park","road":"","osm":120333426},"geometry":{"type":"Polygon","coordinates":[[[-3.61724,37.18866],[-3.61728,37.18866],[-3.61731,37.18864],[-3.61733,37.18862],[-3.6173,37.18846],[-3.61728,37.18844],[-3.61633,37.18825],[-3.61633,37.18823],[-3.61631,37.18824],[-3.61628,37.18834],[-3.61625,37.18844],[-3.61625,37.18847],[-3.61627,37.18849],[-3.61629,37.18851],[-3.61633,37.18852],[-3.61634,37.18849],[-3.61724,37.18866]]]}},{"type":"Feature","properties":{"name":"","kind":"park","road":"","osm":120335800},"geometry":{"type":"Polygon","coordinates":[[[-3.61501,37.18569],[-3.61497,37.18574],[-3.61497,37.18584],[-3.61564,37.18599],[-3.61545,37.1859],[-3.61501,37.18569]]]}},{"type":"Feature","properties":{"name":"Paseo Profesor Juan Ossorio","kind":"road","road":"pedestrian","osm":120432767},"geometry":{"type":"LineString","coordinates":[[-3.61148,37.18258],[-3.61144,37.18256],[-3.61138,37.18254],[-3.61133,37.18254],[-3.61128,37.18255],[-3.61123,37.18258],[-3.6112,37.18261],[-3.61118,37.18265],[-3.61118,37.18269],[-3.61119,37.18273],[-3.61122,37.18277],[-3.61126,37.1828],[-3.61131,37.18281],[-3.61137,37.18281],[-3.61142,37.1828],[-3.61146,37.18278],[-3.6115,37.18274],[-3.61152,37.18271],[-3.61152,37.18266],[-3.61151,37.18262],[-3.61148,37.18258]]}},{"type":"Feature","properties":{"name":"","kind":"road","road":"pedestrian","osm":120432772},"geometry":{"type":"LineString","coordinates":[[-3.60917,37.18242],[-3.60918,37.1824],[-3.60911,37.18238],[-3.60912,37.18236],[-3.60876,37.18229],[-3.60866,37.18261],[-3.6087,37.18266],[-3.60899,37.18273],[-3.60894,37.18287],[-3.60903,37.18289],[-3.60906,37.18282],[-3.60913,37.18259],[-3.60914,37.18257],[-3.60916,37.18252],[-3.60917,37.18242]]}},{"type":"Feature","properties":{"name":"Paseo Profesor Juan Ossorio","kind":"road","road":"pedestrian","osm":120447004},"geometry":{"type":"LineString","coordinates":[[-3.60666,37.1818],[-3.60662,37.18178],[-3.60658,37.18174],[-3.60656,37.1817],[-3.60656,37.18165],[-3.60658,37.18161],[-3.60661,37.18158],[-3.60665,37.18156],[-3.6067,37.18154],[-3.60675,37.18154],[-3.6068,37.18155],[-3.60684,37.18157],[-3.60687,37.1816],[-3.60689,37.18163],[-3.6069,37.18167],[-3.60689,37.18171],[-3.60687,37.18175],[-3.60683,37.18178],[-3.60678,37.1818],[-3.60672,37.18181],[-3.60666,37.1818]]}},{"type":"Feature","properties":{"name":"Calle Pérez Galdós","kind":"road","road":"secondary","osm":120457055},"geometry":{"type":"LineString","coordinates":[[-3.61421,37.18156],[-3.61412,37.18159],[-3.61408,37.1816],[-3.61385,37.18169],[-3.61373,37.18173],[-3.61324,37.18192],[-3.61321,37.18194],[-3.61313,37.18196],[-3.61307,37.18199]]}},{"type":"Feature","properties":{"name":"","kind":"park","road":"","osm":120458449},"geometry":{"type":"Polygon","coordinates":[[[-3.61872,37.18344],[-3.61858,37.18366],[-3.61919,37.18393],[-3.61934,37.18371],[-3.61872,37.18344]]]}},{"type":"Feature","properties":{"name":"","kind":"park","road":"","osm":120458480},"geometry":{"type":"Polygon","coordinates":[[[-3.62135,37.18255],[-3.62104,37.18232],[-3.62101,37.18233],[-3.61948,37.18456],[-3.61924,37.18521],[-3.61925,37.18528],[-3.61936,37.18527],[-3.61943,37.18527],[-3.6195,37.18528],[-3.61964,37.18535],[-3.61973,37.18521],[-3.61989,37.18471],[-3.62135,37.18255]]]}},{"type":"Feature","properties":{"name":"","kind":"park","road":"","osm":120512156},"geometry":{"type":"Polygon","coordinates":[[[-3.61686,37.18149],[-3.61624,37.18126],[-3.61623,37.18129],[-3.61642,37.18137],[-3.61659,37.18148],[-3.61666,37.18154],[-3.61669,37.18153],[-3.61674,37.18151],[-3.6168,37.18151],[-3.61686,37.18149]]]}},{"type":"Feature","properties":{"name":"Calle Recoletos","kind":"road","road":"pedestrian","osm":120512164},"geometry":{"type":"LineString","coordinates":[[-3.61563,37.18049],[-3.61545,37.18085]]}},{"type":"Feature","properties":{"name":"Calle María Guerrero","kind":"road","road":"pedestrian","osm":120512196},"geometry":{"type":"LineString","coordinates":[[-3.61692,37.18148],[-3.61689,37.18147],[-3.61625,37.18124],[-3.61622,37.18123]]}},{"type":"Feature","properties":{"name":"","kind":"road","road":"primary","osm":120512204},"geometry":{"type":"LineString","coordinates":[[-3.61522,37.17941],[-3.6151,37.17936],[-3.61508,37.17936],[-3.61507,37.17936],[-3.61505,37.17936],[-3.61503,37.17937],[-3.61502,37.17937]]}},{"type":"Feature","properties":{"name":"","kind":"park","road":"","osm":120512225},"geometry":{"type":"Polygon","coordinates":[[[-3.61831,37.18085],[-3.6183,37.18084],[-3.61824,37.18081],[-3.618,37.1812],[-3.61808,37.18123],[-3.61831,37.18085]]]}},{"type":"Feature","properties":{"name":"Calle Arabial","kind":"road","road":"pedestrian","osm":120512226},"geometry":{"type":"LineString","coordinates":[[-3.61324,37.17926],[-3.61302,37.17941]]}},{"type":"Feature","properties":{"name":"Calle Cañaveral","kind":"road","road":"pedestrian","osm":120512231},"geometry":{"type":"LineString","coordinates":[[-3.61332,37.1792],[-3.61352,37.17905]]}},{"type":"Feature","properties":{"name":"","kind":"park","road":"","osm":120731852},"geometry":{"type":"Polygon","coordinates":[[[-3.60923,37.16794],[-3.61022,37.16791],[-3.61028,37.1679],[-3.61033,37.16789],[-3.61037,37.16787],[-3.6104,37.16786],[-3.61043,37.16784],[-3.61046,37.16781],[-3.61049,37.16777],[-3.61052,37.16772],[-3.61053,37.16767],[-3.61054,37.16762],[-3.61052,37.16757],[-3.6105,37.16752],[-3.61046,37.16747],[-3.61042,37.16744],[-3.61036,37.16741],[-3.6103,37.16739],[-3.61025,37.16738],[-3.61019,37.16737],[-3.60918,37.16741],[-3.60913,37.16741],[-3.60909,37.16743],[-3.60905,37.16744],[-3.60901,37.16746],[-3.60898,37.16748],[-3.60896,37.1675],[-3.60892,37.16754],[-3.6089,37.16757],[-3.60889,37.1676],[-3.60888,37.16763],[-3.60888,37.16766],[-3.60888,37.16769],[-3.60888,37.16773],[-3.6089,37.16776],[-3.60892,37.1678],[-3.60893,37.16782],[-3.60896,37.16785],[-3.60899,37.16787],[-3.60902,37.16789],[-3.60907,37.16792],[-3.60912,37.16793],[-3.60917,37.16794],[-3.60923,37.16794]]]}},{"type":"Feature","properties":{"name":"","kind":"park","road":"","osm":120731853},"geometry":{"type":"Polygon","coordinates":[[[-3.60793,37.16494],[-3.60769,37.16504],[-3.60761,37.16507],[-3.60736,37.16516],[-3.60738,37.1652],[-3.60742,37.16526],[-3.60745,37.16531],[-3.60747,37.16534],[-3.60772,37.16525],[-3.60779,37.16522],[-3.60804,37.16512],[-3.60802,37.16509],[-3.60799,37.16504],[-3.60796,37.16498],[-3.60793,37.16494]]]}},{"type":"Feature","properties":{"name":"","kind":"park","road":"","osm":120731872},"geometry":{"type":"Polygon","coordinates":[[[-3.60709,37.16527],[-3.60677,37.16539],[-3.60671,37.16541],[-3.60641,37.16553],[-3.60645,37.1656],[-3.60646,37.16562],[-3.60648,37.16565],[-3.60652,37.16572],[-3.60682,37.16561],[-3.60688,37.16558],[-3.60721,37.16546],[-3.60716,37.16539],[-3.60715,37.16536],[-3.60713,37.16534],[-3.60709,37.16527]]]}},{"type":"Feature","properties":{"name":"","kind":"park","road":"","osm":120731890},"geometry":{"type":"Polygon","coordinates":[[[-3.6089,37.16342],[-3.60995,37.16295],[-3.61031,37.1628],[-3.60979,37.1652],[-3.60968,37.16584],[-3.6097,37.16723],[-3.60965,37.16726],[-3.6096,37.16723],[-3.60956,37.16624],[-3.6095,37.16482],[-3.60948,37.16464],[-3.60944,37.16449],[-3.60938,37.16427],[-3.60928,37.16403],[-3.60915,37.16378],[-3.60903,37.16361],[-3.6089,37.16342]]]}},{"type":"Feature","properties":{"name":"","kind":"park","road":"","osm":120731909},"geometry":{"type":"Polygon","coordinates":[[[-3.60873,37.16402],[-3.60874,37.16404],[-3.60915,37.16473],[-3.60917,37.16476],[-3.6092,37.16475],[-3.60919,37.16472],[-3.60917,37.16459],[-3.60913,37.16442],[-3.60906,37.16423],[-3.60901,37.16409],[-3.60893,37.16394],[-3.60891,37.16395],[-3.60873,37.16402]]]}},{"type":"Feature","properties":{"name":"","kind":"park","road":"","osm":120731915},"geometry":{"type":"Polygon","coordinates":[[[-3.60892,37.16456],[-3.60868,37.16466],[-3.60861,37.16468],[-3.60837,37.16477],[-3.60832,37.16479],[-3.60808,37.16489],[-3.60814,37.16497],[-3.60817,37.16503],[-3.60819,37.16506],[-3.60843,37.16497],[-3.60848,37.16495],[-3.60872,37.16486],[-3.60879,37.16483],[-3.60903,37.16474],[-3.60901,37.1647],[-3.60897,37.16465],[-3.60894,37.1646],[-3.60892,37.16456]]]}},{"type":"Feature","properties":{"name":"","kind":"park","road":"","osm":120731920},"geometry":{"type":"Polygon","coordinates":[[[-3.60621,37.16561],[-3.60583,37.16575],[-3.60577,37.16578],[-3.60551,37.16588],[-3.60545,37.1659],[-3.60505,37.16605],[-3.60509,37.16612],[-3.6051,37.16614],[-3.60512,37.16617],[-3.60516,37.16624],[-3.60556,37.16609],[-3.60562,37.16606],[-3.60588,37.16596],[-3.60594,37.16594],[-3.60633,37.16579],[-3.60629,37.16572],[-3.60627,37.1657],[-3.60625,37.16567],[-3.60621,37.16561]]]}},{"type":"Feature","properties":{"name":"Calle Catamarca","kind":"road","road":"pedestrian","osm":120840554},"geometry":{"type":"LineString","coordinates":[[-3.60688,37.17038],[-3.60731,37.17015]]}},{"type":"Feature","properties":{"name":"Calle Patagonia","kind":"road","road":"pedestrian","osm":120840563},"geometry":{"type":"LineString","coordinates":[[-3.60646,37.17026],[-3.60629,37.17006]]}},{"type":"Feature","properties":{"name":"Calle Ángel Barrios","kind":"road","road":"tertiary","osm":120840568},"geometry":{"type":"LineString","coordinates":[[-3.60866,37.17219],[-3.60864,37.17221],[-3.60861,37.17223],[-3.60859,37.17224],[-3.60753,37.17265],[-3.6075,37.17267],[-3.60744,37.17269]]}},{"type":"Feature","properties":{"name":"Calle Jerez","kind":"road","road":"pedestrian","osm":120840571},"geometry":{"type":"LineString","coordinates":[[-3.60714,37.16988],[-3.60688,37.17001]]}},{"type":"Feature","properties":{"name":"Camino de Purchil","kind":"road","road":"secondary","osm":120840576},"geometry":{"type":"LineString","coordinates":[[-3.60933,37.1733],[-3.60925,37.17332],[-3.60922,37.17334],[-3.60843,37.1735]]}},{"type":"Feature","properties":{"name":"Glorieta de Arabial","kind":"park","road":"","osm":120840585},"geometry":{"type":"Polygon","coordinates":[[[-3.6098,37.17426],[-3.60963,37.174],[-3.60927,37.17414],[-3.60876,37.17434],[-3.60875,37.17433],[-3.60863,37.17437],[-3.6088,37.17464],[-3.609,37.17456],[-3.60901,37.17457],[-3.60902,37.1746],[-3.60903,37.17461],[-3.60964,37.17437],[-3.60963,37.17436],[-3.60962,37.17433],[-3.60961,37.17433],[-3.6098,37.17426]]]}},{"type":"Feature","properties":{"name":"Plaza de las Américas","kind":"road","road":"pedestrian","osm":121794649},"geometry":{"type":"LineString","coordinates":[[-3.60125,37.16238],[-3.60126,37.1624],[-3.60139,37.16261],[-3.60147,37.16266],[-3.60156,37.16267],[-3.60163,37.16267],[-3.60173,37.16264],[-3.60179,37.16262],[-3.60182,37.1626],[-3.6018,37.16252],[-3.60161,37.16223],[-3.60135,37.16233],[-3.60129,37.16236],[-3.60125,37.16238]]}},{"type":"Feature","properties":{"name":"Parque Periodista Tico Medina","kind":"park","road":"","osm":121796905},"geometry":{"type":"Polygon","coordinates":[[[-3.60814,37.16273],[-3.60807,37.16269],[-3.60842,37.1623],[-3.60847,37.16224],[-3.60853,37.16227],[-3.6093,37.16138],[-3.60933,37.16134],[-3.60987,37.16072],[-3.61018,37.16035],[-3.60928,37.15985],[-3.60948,37.15962],[-3.61038,37.16013],[-3.61059,37.15991],[-3.61098,37.15907],[-3.61034,37.15871],[-3.61037,37.15867],[-3.61043,37.1586],[-3.61046,37.15857],[-3.61042,37.15854],[-3.61054,37.1584],[-3.61085,37.15804],[-3.61118,37.15767],[-3.61118,37.15766],[-3.61123,37.1576],[-3.61125,37.15758],[-3.61127,37.15756],[-3.61136,37.15745],[-3.61105,37.15726],[-3.61105,37.15717],[-3.61102,37.15711],[-3.61091,37.15701],[-3.61083,37.15697],[-3.61071,37.15697],[-3.61062,37.15698],[-3.61056,37.157],[-3.6103,37.15681],[-3.61033,37.1568],[-3.61044,37.15674],[-3.61065,37.15689],[-3.611,37.15659],[-3.61088,37.15651],[-3.61094,37.15645],[-3.61105,37.15641],[-3.61122,37.15634],[-3.61135,37.15628],[-3.61142,37.1562],[-3.61145,37.15618],[-3.61166,37.15632],[-3.6119,37.15646],[-3.61239,37.15673],[-3.61261,37.15688],[-3.61245,37.15713],[-3.61221,37.15773],[-3.6121,37.15795],[-3.6119,37.15848],[-3.61168,37.15901],[-3.61141,37.1595],[-3.6112,37.15991],[-3.61101,37.16039],[-3.61101,37.16048],[-3.6109,37.16077],[-3.61083,37.1608],[-3.61049,37.16159],[-3.61042,37.16177],[-3.61033,37.1621],[-3.61026,37.1622],[-3.6102,37.16225],[-3.61013,37.1623],[-3.6093,37.16259],[-3.60869,37.16281],[-3.60854,37.16284],[-3.60838,37.16284],[-3.60814,37.16273]]]}},{"type":"Feature","properties":{"name":"Calle Correo Viejo","kind":"road","road":"pedestrian","osm":122633176},"geometry":{"type":"LineString","coordinates":[[-3.59685,37.17788],[-3.59708,37.1781]]}},{"type":"Feature","properties":{"name":"","kind":"road","road":"pedestrian","osm":124048576},"geometry":{"type":"LineString","coordinates":[[-3.60808,37.17501],[-3.60816,37.17515],[-3.60817,37.17515]]}},{"type":"Feature","properties":{"name":"Camino de Ronda","kind":"road","road":"pedestrian","osm":124048583},"geometry":{"type":"LineString","coordinates":[[-3.60881,37.1762],[-3.60923,37.17603]]}},{"type":"Feature","properties":{"name":"Calle Pintor Velázquez","kind":"road","road":"pedestrian","osm":124048585},"geometry":{"type":"LineString","coordinates":[[-3.60905,37.17679],[-3.60924,37.17687],[-3.60926,37.17691],[-3.60911,37.17697]]}},{"type":"Feature","properties":{"name":"Calle Pedro Antonio de Alarcón","kind":"road","road":"pedestrian","osm":124048586},"geometry":{"type":"LineString","coordinates":[[-3.60842,37.1756],[-3.60818,37.17569],[-3.60816,37.1757]]}},{"type":"Feature","properties":{"name":"Camino de Ronda","kind":"road","road":"pedestrian","osm":124048591},"geometry":{"type":"LineString","coordinates":[[-3.60876,37.17595],[-3.60911,37.17582]]}},{"type":"Feature","properties":{"name":"Calle Martínez de la Rosa","kind":"road","road":"tertiary","osm":124048592},"geometry":{"type":"LineString","coordinates":[[-3.60862,37.17754],[-3.60864,37.17755],[-3.60878,37.17757],[-3.60885,37.17757],[-3.60895,37.17754],[-3.60898,37.17753],[-3.60901,37.17752],[-3.60916,37.17746]]}},{"type":"Feature","properties":{"name":"Plaza de Gran Capitán","kind":"road","road":"tertiary","osm":124048594},"geometry":{"type":"LineString","coordinates":[[-3.60631,37.17737],[-3.60632,37.17731],[-3.60633,37.17726],[-3.60636,37.17723],[-3.6064,37.1772],[-3.60644,37.17718],[-3.60649,37.17717]]}},{"type":"Feature","properties":{"name":"Camino de Ronda","kind":"road","road":"pedestrian","osm":124048600},"geometry":{"type":"LineString","coordinates":[[-3.60865,37.17567],[-3.60892,37.17556],[-3.60894,37.17555]]}},{"type":"Feature","properties":{"name":"Calle Pintor López Mezquita","kind":"road","road":"tertiary","osm":124048601},"geometry":{"type":"LineString","coordinates":[[-3.60781,37.17659],[-3.60778,37.17666],[-3.60767,37.17691],[-3.60756,37.17714],[-3.60752,37.17722],[-3.60749,37.17728],[-3.60744,37.17738],[-3.60738,37.17745],[-3.60733,37.17751],[-3.60704,37.17778],[-3.60699,37.17783]]}},{"type":"Feature","properties":{"name":"Calle Pedro Antonio de Alarcón","kind":"road","road":"pedestrian","osm":124048603},"geometry":{"type":"LineString","coordinates":[[-3.60853,37.17587],[-3.60831,37.17595]]}},{"type":"Feature","properties":{"name":"Calle Infanta Beatriz","kind":"road","road":"pedestrian","osm":124051293},"geometry":{"type":"LineString","coordinates":[[-3.60714,37.17324],[-3.60746,37.17311]]}},{"type":"Feature","properties":{"name":"Calle Prosperidad","kind":"road","road":"pedestrian","osm":124051307},"geometry":{"type":"LineString","coordinates":[[-3.60786,37.17448],[-3.60782,37.17442],[-3.60782,37.1744],[-3.60739,37.17371],[-3.60736,37.17365]]}},{"type":"Feature","properties":{"name":"Calle Dante","kind":"road","road":"pedestrian","osm":124051309},"geometry":{"type":"LineString","coordinates":[[-3.60686,37.17357],[-3.60754,37.17329],[-3.60756,37.17329]]}},{"type":"Feature","properties":{"name":"Calle San Marcelino Champagnat","kind":"road","road":"pedestrian","osm":124052616},"geometry":{"type":"LineString","coordinates":[[-3.60506,37.17588],[-3.60446,37.17549]]}},{"type":"Feature","properties":{"name":"Calle Puentezuelas","kind":"road","road":"pedestrian","osm":124052625},"geometry":{"type":"LineString","coordinates":[[-3.60378,37.1757],[-3.60363,37.17556],[-3.60344,37.17537],[-3.60317,37.17511],[-3.60316,37.1751],[-3.60315,37.17509],[-3.60285,37.17479],[-3.60257,37.17453],[-3.6023,37.17428],[-3.60229,37.17427],[-3.60227,37.17426],[-3.60222,37.1742],[-3.60213,37.17411],[-3.60197,37.17396],[-3.60165,37.17369],[-3.60145,37.17352],[-3.60143,37.17351],[-3.60142,37.1735],[-3.60119,37.17334],[-3.60118,37.17333],[-3.60117,37.17333],[-3.60068,37.17303]]}},{"type":"Feature","properties":{"name":"Plaza Albert Einstein","kind":"road","road":"secondary","osm":124052643},"geometry":{"type":"LineString","coordinates":[[-3.60958,37.17807],[-3.6095,37.178]]}},{"type":"Feature","properties":{"name":"Plaza Sor Cristina de la Cruz de Arteaga","kind":"road","road":"pedestrian","osm":124056021},"geometry":{"type":"LineString","coordinates":[[-3.60653,37.18061],[-3.60647,37.18057],[-3.60606,37.18024],[-3.60581,37.18004],[-3.60565,37.17991],[-3.60554,37.17982],[-3.60554,37.1798]]}},{"type":"Feature","properties":{"name":"Calle Casillas de Prats","kind":"road","road":"pedestrian","osm":124062566},"geometry":{"type":"LineString","coordinates":[[-3.60477,37.17388],[-3.60522,37.17361],[-3.60523,37.17358]]}},{"type":"Feature","properties":{"name":"Jardín Botánico de la Universidad de Granada","kind":"park","road":"","osm":124062567},"geometry":{"type":"Polygon","coordinates":[[[-3.60218,37.17735],[-3.60197,37.17745],[-3.60193,37.17746],[-3.60191,37.17747],[-3.60178,37.17752],[-3.6018,37.17793],[-3.602,37.17784],[-3.60201,37.17785],[-3.60202,37.17784],[-3.60204,37.17784],[-3.60203,37.17783],[-3.60216,37.17777],[-3.60231,37.17798],[-3.60233,37.178],[-3.60232,37.178],[-3.60237,37.17809],[-3.6026,37.17798],[-3.60242,37.1777],[-3.60241,37.17768],[-3.60239,37.17766],[-3.60218,37.17735]]]}},{"type":"Feature","properties":{"name":"Pasaje Conde Alcalá","kind":"road","road":"pedestrian","osm":124063006},"geometry":{"type":"LineString","coordinates":[[-3.60077,37.17516],[-3.6008,37.17515]]}},{"type":"Feature","properties":{"name":"Calle Bodegones","kind":"road","road":"pedestrian","osm":124067296},"geometry":{"type":"LineString","coordinates":[[-3.60021,37.17474],[-3.6005,37.17465]]}},{"type":"Feature","properties":{"name":"Calle Boteros","kind":"road","road":"pedestrian","osm":124067297},"geometry":{"type":"LineString","coordinates":[[-3.60004,37.17449],[-3.60007,37.17453],[-3.60021,37.17474],[-3.6003,37.17488]]}},{"type":"Feature","properties":{"name":"Calle Sillería","kind":"road","road":"pedestrian","osm":124067299},"geometry":{"type":"LineString","coordinates":[[-3.6012,37.17604],[-3.60084,37.17613]]}},{"type":"Feature","properties":{"name":"Calle Marqués de Gerona","kind":"road","road":"pedestrian","osm":124067307},"geometry":{"type":"LineString","coordinates":[[-3.60067,37.17573],[-3.601,37.17562]]}},{"type":"Feature","properties":{"name":"Calle Cristo de San Agustín","kind":"road","road":"secondary","osm":124069125},"geometry":{"type":"LineString","coordinates":[[-3.59934,37.17753],[-3.59931,37.17755],[-3.599,37.17776],[-3.59883,37.17789],[-3.59881,37.17791],[-3.59872,37.17794]]}},{"type":"Feature","properties":{"name":"Plaza de la Romanilla","kind":"road","road":"pedestrian","osm":124069134},"geometry":{"type":"LineString","coordinates":[[-3.60007,37.17694],[-3.60006,37.17693],[-3.59998,37.17686],[-3.60001,37.17685],[-3.60011,37.17678],[-3.60024,37.17668],[-3.6003,37.17665],[-3.60021,37.17656],[-3.60015,37.17648],[-3.60011,37.17645],[-3.6001,37.17645],[-3.60008,37.17646],[-3.60006,37.17644],[-3.60004,37.17643],[-3.60015,37.17638],[-3.60019,37.17636],[-3.60025,37.17633],[-3.60026,37.17633],[-3.60027,37.17633],[-3.60032,37.17631],[-3.60042,37.17628],[-3.6005,37.17627],[-3.60054,37.17627],[-3.60066,37.17626],[-3.60069,37.17626],[-3.60071,37.1763],[-3.60073,37.17632],[-3.60074,37.17633],[-3.60072,37.17639],[-3.60067,37.17654],[-3.60065,37.17658],[-3.60068,37.17658],[-3.6007,37.17659],[-3.60074,37.17659],[-3.60078,37.1766],[-3.60079,37.17661],[-3.60072,37.17667],[-3.60069,37.17669],[-3.60066,37.17671],[-3.60062,37.17674],[-3.60058,37.17677],[-3.60051,37.17682],[-3.6005,37.17683],[-3.60046,37.17685],[-3.60043,37.17688],[-3.60038,37.17692],[-3.60027,37.177],[-3.60018,37.17707],[-3.60016,37.17708],[-3.60012,37.17704],[-3.60008,37.177],[-3.60005,37.17703],[-3.60003,37.17704],[-3.59996,37.17709],[-3.59995,37.17707],[-3.59993,37.17705],[-3.59995,37.17704],[-3.60001,37.17699],[-3.60007,37.17694]]}},{"type":"Feature","properties":{"name":"Calle Cárcel Baja","kind":"road","road":"secondary","osm":124069138},"geometry":{"type":"LineString","coordinates":[[-3.59955,37.17673],[-3.59908,37.17703],[-3.59887,37.17716]]}},{"type":"Feature","properties":{"name":"Calle Colegio Catalino","kind":"road","road":"pedestrian","osm":124069139},"geometry":{"type":"LineString","coordinates":[[-3.60026,37.17633],[-3.60021,37.17625],[-3.60013,37.17614],[-3.60005,37.17604]]}},{"type":"Feature","properties":{"name":"Calle Pie de la Torre","kind":"road","road":"pedestrian","osm":124069146},"geometry":{"type":"LineString","coordinates":[[-3.5998,37.17623],[-3.60003,37.17645]]}},{"type":"Feature","properties":{"name":"Calle Portería de Santa Paula","kind":"road","road":"pedestrian","osm":124071143},"geometry":{"type":"LineString","coordinates":[[-3.60024,37.1791],[-3.60004,37.17907],[-3.60005,37.17897],[-3.59996,37.17878]]}},{"type":"Feature","properties":{"name":"Calle Paños","kind":"road","road":"pedestrian","osm":124074938},"geometry":{"type":"LineString","coordinates":[[-3.59899,37.1756],[-3.59926,37.17544],[-3.59949,37.1753]]}},{"type":"Feature","properties":{"name":"Pasaje de la Ermita","kind":"road","road":"pedestrian","osm":124074944},"geometry":{"type":"LineString","coordinates":[[-3.59926,37.17544],[-3.59919,37.17537],[-3.59919,37.17536]]}},{"type":"Feature","properties":{"name":"Calle Cristo de San Agustín","kind":"road","road":"pedestrian","osm":124074963},"geometry":{"type":"LineString","coordinates":[[-3.59951,37.17739],[-3.59967,37.17727],[-3.59992,37.1771]]}},{"type":"Feature","properties":{"name":"Calle Boabdil","kind":"road","road":"pedestrian","osm":124074967},"geometry":{"type":"LineString","coordinates":[[-3.5993,37.17489],[-3.59919,37.17472],[-3.59918,37.17471]]}},{"type":"Feature","properties":{"name":"Calle Santa Bárbara","kind":"road","road":"tertiary","osm":124079497},"geometry":{"type":"LineString","coordinates":[[-3.60549,37.18142],[-3.60555,37.18141],[-3.60561,37.1814],[-3.60568,37.18139],[-3.60571,37.18139],[-3.60575,37.18139],[-3.6058,37.18141]]}},{"type":"Feature","properties":{"name":"Glorieta Festival Internacional de Música y Danza de Granada","kind":"road","road":"secondary","osm":124079499},"geometry":{"type":"LineString","coordinates":[[-3.60603,37.18152],[-3.60607,37.18152],[-3.60611,37.18153],[-3.60616,37.18153],[-3.6062,37.18153],[-3.60623,37.18152],[-3.60625,37.18151],[-3.60627,37.1815],[-3.60629,37.18149],[-3.60631,37.18147],[-3.60633,37.18145],[-3.60634,37.18142],[-3.60634,37.1814],[-3.60634,37.18138],[-3.60633,37.18134],[-3.60631,37.18132]]}},{"type":"Feature","properties":{"name":"Calle Maestro Pedro Fernández Estévez","kind":"road","road":"pedestrian","osm":124082271},"geometry":{"type":"LineString","coordinates":[[-3.61418,37.1892],[-3.6142,37.18918],[-3.61421,37.18875]]}},{"type":"Feature","properties":{"name":"","kind":"water","road":"","osm":124082308},"geometry":{"type":"Polygon","coordinates":[[[-3.61025,37.18724],[-3.61016,37.18723],[-3.61015,37.18722],[-3.60995,37.18713],[-3.60994,37.18712],[-3.60988,37.18706],[-3.6099,37.18702],[-3.60999,37.18705],[-3.61013,37.18711],[-3.61021,37.18715],[-3.61027,37.1872],[-3.61025,37.18724]]]}},{"type":"Feature","properties":{"name":"Calle Almenillas","kind":"road","road":"tertiary","osm":124365496},"geometry":{"type":"LineString","coordinates":[[-3.61211,37.17885],[-3.61203,37.17888],[-3.61146,37.1791],[-3.61143,37.17911],[-3.6114,37.17912],[-3.61135,37.17914]]}},{"type":"Feature","properties":{"name":"Camino de Purchil","kind":"road","road":"tertiary","osm":124876626},"geometry":{"type":"LineString","coordinates":[[-3.61354,37.17243],[-3.61362,37.17247],[-3.61369,37.1725],[-3.61373,37.17252]]}},{"type":"Feature","properties":{"name":"","kind":"road","road":"tertiary","osm":124876629},"geometry":{"type":"LineString","coordinates":[[-3.61388,37.17254],[-3.61389,37.17253],[-3.61389,37.17251],[-3.61389,37.17249],[-3.61387,37.17248],[-3.61386,37.17246],[-3.61384,37.17245],[-3.61381,37.17245],[-3.61379,37.17245],[-3.61377,37.17246],[-3.61375,37.17247],[-3.61374,37.17248],[-3.61373,37.1725],[-3.61373,37.17252],[-3.61374,37.17254],[-3.61375,37.17255],[-3.61377,37.17256],[-3.61379,37.17257],[-3.61381,37.17257],[-3.61383,37.17257],[-3.61385,37.17257],[-3.61387,37.17256],[-3.61388,37.17254]]}},{"type":"Feature","properties":{"name":"Camino de Purchil","kind":"road","road":"tertiary","osm":124876650},"geometry":{"type":"LineString","coordinates":[[-3.61377,37.17246],[-3.61368,37.17244],[-3.61354,37.17243]]}},{"type":"Feature","properties":{"name":"Camino de Purchil","kind":"road","road":"tertiary","osm":124876651},"geometry":{"type":"LineString","coordinates":[[-3.61387,37.17256],[-3.61391,37.17256],[-3.61408,37.17252],[-3.61414,37.17249],[-3.61427,37.17244]]}},{"type":"Feature","properties":{"name":"Calle Recoletos","kind":"road","road":"pedestrian","osm":125162395},"geometry":{"type":"LineString","coordinates":[[-3.61525,37.18128],[-3.61483,37.18115]]}},{"type":"Feature","properties":{"name":"Calle Recoletos","kind":"road","road":"pedestrian","osm":125162448},"geometry":{"type":"LineString","coordinates":[[-3.61535,37.18107],[-3.61492,37.18094]]}},{"type":"Feature","properties":{"name":"Calle Huerta del Rasillo","kind":"road","road":"tertiary","osm":125418984},"geometry":{"type":"LineString","coordinates":[[-3.61374,37.17269],[-3.61382,37.1726],[-3.61383,37.17257]]}},{"type":"Feature","properties":{"name":"Calle Huerta del Rasillo","kind":"road","road":"tertiary","osm":125418985},"geometry":{"type":"LineString","coordinates":[[-3.61375,37.17255],[-3.61375,37.17263],[-3.61374,37.17269]]}},{"type":"Feature","properties":{"name":"Camino de Purchil","kind":"road","road":"tertiary","osm":125418994},"geometry":{"type":"LineString","coordinates":[[-3.61427,37.17244],[-3.61413,37.17246],[-3.61405,37.17248],[-3.614,37.1725],[-3.61394,37.1725],[-3.61389,37.17249]]}},{"type":"Feature","properties":{"name":"Calle Sancho Panza","kind":"road","road":"tertiary","osm":128531708},"geometry":{"type":"LineString","coordinates":[[-3.58752,37.16321],[-3.58758,37.16319],[-3.58764,37.16317],[-3.58768,37.16315],[-3.5877,37.16314],[-3.58819,37.16294],[-3.58829,37.1629],[-3.58863,37.16276],[-3.58873,37.16271],[-3.58911,37.16256],[-3.58936,37.16245],[-3.58988,37.16223],[-3.58991,37.16222],[-3.58994,37.16221],[-3.58997,37.1622],[-3.58998,37.16219]]}},{"type":"Feature","properties":{"name":"Plaza del Duque de San Pedro de Galatino","kind":"road","road":"primary","osm":128638603},"geometry":{"type":"LineString","coordinates":[[-3.58889,37.16776],[-3.58882,37.16766],[-3.58881,37.16766],[-3.58878,37.16764],[-3.58831,37.16743]]}},{"type":"Feature","properties":{"name":"Plaza del Duque de San Pedro de Galatino","kind":"road","road":"primary","osm":128638606},"geometry":{"type":"LineString","coordinates":[[-3.58715,37.16703],[-3.58729,37.16709],[-3.58742,37.16714],[-3.58745,37.16715],[-3.58752,37.16718],[-3.5876,37.16723],[-3.58766,37.16729],[-3.58786,37.16755],[-3.58794,37.1676],[-3.58812,37.16768]]}},{"type":"Feature","properties":{"name":"Plaza del Duque de San Pedro de Galatino","kind":"road","road":"primary","osm":128638612},"geometry":{"type":"LineString","coordinates":[[-3.58807,37.16733],[-3.588,37.16734],[-3.58791,37.16739],[-3.58786,37.16748],[-3.58786,37.16755]]}},{"type":"Feature","properties":{"name":"Calle Corralón de Ganivet","kind":"road","road":"pedestrian","osm":128641727},"geometry":{"type":"LineString","coordinates":[[-3.58919,37.16635],[-3.58938,37.16647],[-3.58952,37.16653],[-3.58961,37.16647],[-3.58966,37.16644],[-3.58975,37.16642],[-3.5898,37.16642]]}},{"type":"Feature","properties":{"name":"Calle Borreguiles","kind":"road","road":"tertiary","osm":128641732},"geometry":{"type":"LineString","coordinates":[[-3.58304,37.16333],[-3.583,37.16342],[-3.58286,37.16379],[-3.58283,37.16386],[-3.58274,37.16408],[-3.58268,37.16422]]}},{"type":"Feature","properties":{"name":"Calle El Tamboril","kind":"road","road":"pedestrian","osm":128645602},"geometry":{"type":"LineString","coordinates":[[-3.5805,37.16505],[-3.58062,37.16483],[-3.58058,37.16482],[-3.58064,37.16472],[-3.58067,37.16473],[-3.5808,37.16451]]}},{"type":"Feature","properties":{"name":"Avenida de la Ciencia","kind":"road","road":"secondary","osm":128647764},"geometry":{"type":"LineString","coordinates":[[-3.60842,37.16302],[-3.60831,37.16295],[-3.60827,37.16293],[-3.60799,37.16278]]}},{"type":"Feature","properties":{"name":"Calle Profesor Albareda","kind":"road","road":"secondary","osm":128798641},"geometry":{"type":"LineString","coordinates":[[-3.59016,37.1665],[-3.5902,37.16648],[-3.59023,37.16647],[-3.59032,37.16644],[-3.59047,37.16641],[-3.59116,37.16627],[-3.59123,37.16625],[-3.592,37.1661],[-3.59205,37.16609],[-3.59209,37.16608]]}},{"type":"Feature","properties":{"name":"Calle Era","kind":"road","road":"tertiary","osm":128890587},"geometry":{"type":"LineString","coordinates":[[-3.58636,37.16363],[-3.58633,37.16359],[-3.58628,37.16356],[-3.5854,37.16297],[-3.58488,37.16262],[-3.58476,37.16254]]}},{"type":"Feature","properties":{"name":"Placeta Atalaya","kind":"road","road":"tertiary","osm":128893044},"geometry":{"type":"LineString","coordinates":[[-3.58231,37.165],[-3.58228,37.16506],[-3.58224,37.16513]]}},{"type":"Feature","properties":{"name":"","kind":"road","road":"tertiary","osm":128893050},"geometry":{"type":"LineString","coordinates":[[-3.58236,37.16495],[-3.58249,37.16467]]}},{"type":"Feature","properties":{"name":"Paseo Hermanos Costaleros","kind":"road","road":"pedestrian","osm":129002180},"geometry":{"type":"LineString","coordinates":[[-3.58926,37.16736],[-3.58878,37.16693],[-3.58855,37.16674]]}},{"type":"Feature","properties":{"name":"Calle Guarnón","kind":"road","road":"tertiary","osm":129002627},"geometry":{"type":"LineString","coordinates":[[-3.58845,37.16457],[-3.58837,37.16461],[-3.58823,37.16469],[-3.58805,37.16477],[-3.58782,37.16483],[-3.58762,37.16487],[-3.58747,37.16488],[-3.58688,37.16493],[-3.58678,37.16493],[-3.58669,37.16491],[-3.58664,37.16489],[-3.58657,37.16484],[-3.58652,37.16478],[-3.58644,37.16463],[-3.58641,37.16459],[-3.58636,37.16452],[-3.58628,37.16443],[-3.5862,37.16436],[-3.58611,37.1643],[-3.58602,37.16423],[-3.58592,37.16418],[-3.58581,37.16414],[-3.58542,37.164],[-3.5852,37.16391],[-3.58515,37.16389],[-3.58506,37.16386],[-3.585,37.16382],[-3.5846,37.16354],[-3.58441,37.1634],[-3.58431,37.16335],[-3.58424,37.16331],[-3.58416,37.16329],[-3.58393,37.16328],[-3.58371,37.1633],[-3.58346,37.16334],[-3.58336,37.16334],[-3.58314,37.16334],[-3.58304,37.16333]]}},{"type":"Feature","properties":{"name":"Camino Nuevo del Cementerio","kind":"road","road":"tertiary","osm":129252386},"geometry":{"type":"LineString","coordinates":[[-3.58321,37.16866],[-3.58311,37.1687],[-3.58305,37.16872]]}},{"type":"Feature","properties":{"name":"Camino Nuevo del Cementerio","kind":"road","road":"tertiary","osm":129252388},"geometry":{"type":"LineString","coordinates":[[-3.58322,37.16959],[-3.58321,37.16955],[-3.58322,37.1695],[-3.58324,37.16946]]}},{"type":"Feature","properties":{"name":"Avenida Santa María de la Alhambra","kind":"road","road":"tertiary","osm":129252393},"geometry":{"type":"LineString","coordinates":[[-3.58056,37.17135],[-3.58063,37.17127],[-3.5807,37.1712]]}},{"type":"Feature","properties":{"name":"Camino Nuevo del Cementerio","kind":"road","road":"tertiary","osm":129252399},"geometry":{"type":"LineString","coordinates":[[-3.58305,37.16872],[-3.58296,37.16872],[-3.58289,37.16872],[-3.58283,37.1687],[-3.58272,37.16867],[-3.58268,37.16865],[-3.58247,37.16855],[-3.58215,37.16838],[-3.58201,37.16831],[-3.58194,37.16828],[-3.58187,37.16827],[-3.58182,37.16827],[-3.58178,37.16829],[-3.58176,37.16833],[-3.58176,37.16837],[-3.58178,37.1684],[-3.58184,37.16844],[-3.58216,37.16862],[-3.58224,37.16869],[-3.58249,37.16889],[-3.58255,37.16894],[-3.58261,37.16897],[-3.58272,37.16901],[-3.58338,37.1692],[-3.58345,37.16922],[-3.58349,37.16925],[-3.5835,37.16927],[-3.5835,37.1693],[-3.58349,37.16933],[-3.58342,37.16937]]}},{"type":"Feature","properties":{"name":"Camino Nuevo del Cementerio","kind":"road","road":"tertiary","osm":129252401},"geometry":{"type":"LineString","coordinates":[[-3.58342,37.16937],[-3.58335,37.16939],[-3.58314,37.16944]]}},{"type":"Feature","properties":{"name":"Avenida Santa María de la Alhambra","kind":"road","road":"tertiary","osm":129252405},"geometry":{"type":"LineString","coordinates":[[-3.5807,37.1712],[-3.58058,37.17124],[-3.58054,37.17125],[-3.58044,37.17125]]}},{"type":"Feature","properties":{"name":"Avenida Santa María de la Alhambra","kind":"road","road":"tertiary","osm":129252407},"geometry":{"type":"LineString","coordinates":[[-3.5807,37.1712],[-3.58143,37.17062],[-3.58153,37.17052],[-3.5816,37.17043],[-3.58166,37.17032],[-3.58172,37.17016],[-3.5818,37.16985],[-3.58182,37.1698],[-3.58188,37.16969],[-3.58194,37.16962],[-3.58198,37.16958],[-3.58203,37.16954],[-3.58209,37.1695],[-3.58218,37.16945],[-3.5823,37.16941],[-3.5824,37.16938],[-3.58251,37.16937],[-3.58262,37.16937],[-3.58273,37.16938],[-3.58282,37.16941],[-3.58292,37.16944]]}},{"type":"Feature","properties":{"name":"Camino Nuevo del Cementerio","kind":"road","road":"tertiary","osm":129252408},"geometry":{"type":"LineString","coordinates":[[-3.58314,37.16944],[-3.58307,37.16944]]}},{"type":"Feature","properties":{"name":"Camino Nuevo del Cementerio","kind":"road","road":"tertiary","osm":129252409},"geometry":{"type":"LineString","coordinates":[[-3.5831,37.16953],[-3.58321,37.16948],[-3.58324,37.16946]]}},{"type":"Feature","properties":{"name":"Calle Virgen del Rocío","kind":"road","road":"pedestrian","osm":129298120},"geometry":{"type":"LineString","coordinates":[[-3.58939,37.16357],[-3.58934,37.16349],[-3.58922,37.16333],[-3.58912,37.16322]]}},{"type":"Feature","properties":{"name":"Calle Dorotea","kind":"road","road":"pedestrian","osm":129298124},"geometry":{"type":"LineString","coordinates":[[-3.59061,37.1639],[-3.59006,37.16388]]}},{"type":"Feature","properties":{"name":"Plaza del Rocío","kind":"road","road":"pedestrian","osm":129298125},"geometry":{"type":"LineString","coordinates":[[-3.58979,37.16345],[-3.58946,37.16361]]}},{"type":"Feature","properties":{"name":"Calle Virgen del Rocío","kind":"road","road":"pedestrian","osm":129298129},"geometry":{"type":"LineString","coordinates":[[-3.58912,37.16322],[-3.5891,37.16319],[-3.58877,37.16277]]}},{"type":"Feature","properties":{"name":"Calle Bachiller Sansón","kind":"road","road":"pedestrian","osm":129298130},"geometry":{"type":"LineString","coordinates":[[-3.59058,37.16418],[-3.59056,37.16418],[-3.58998,37.16415],[-3.58996,37.16415]]}},{"type":"Feature","properties":{"name":"Plaza del Rocío","kind":"road","road":"pedestrian","osm":129298131},"geometry":{"type":"LineString","coordinates":[[-3.58945,37.163],[-3.58941,37.16303],[-3.58911,37.16317]]}},{"type":"Feature","properties":{"name":"Calle Poeta Eduardo Carranza","kind":"road","road":"pedestrian","osm":129298132},"geometry":{"type":"LineString","coordinates":[[-3.59004,37.16376],[-3.59003,37.16375],[-3.59,37.16373],[-3.58979,37.16345],[-3.58945,37.163],[-3.58917,37.16263]]}},{"type":"Feature","properties":{"name":"Calle Don Quijote","kind":"road","road":"pedestrian","osm":129298136},"geometry":{"type":"LineString","coordinates":[[-3.58922,37.16333],[-3.5889,37.16344],[-3.58887,37.16339],[-3.58851,37.16351],[-3.58849,37.16352],[-3.58814,37.16363]]}},{"type":"Feature","properties":{"name":"Calle Malvarrosa","kind":"road","road":"pedestrian","osm":129298671},"geometry":{"type":"LineString","coordinates":[[-3.59547,37.16287],[-3.59548,37.16287],[-3.59611,37.16295]]}},{"type":"Feature","properties":{"name":"Paseo del Violón","kind":"road","road":"primary","osm":129301668},"geometry":{"type":"LineString","coordinates":[[-3.59797,37.16659],[-3.5979,37.16667],[-3.59781,37.16674],[-3.59774,37.16677],[-3.59772,37.16678],[-3.59771,37.16679],[-3.59759,37.16684],[-3.59668,37.16725],[-3.59658,37.1673],[-3.59651,37.16736],[-3.59643,37.16743],[-3.59638,37.1675],[-3.59636,37.16752],[-3.5963,37.16765]]}},{"type":"Feature","properties":{"name":"Callejón del Ángel","kind":"road","road":"pedestrian","osm":129301671},"geometry":{"type":"LineString","coordinates":[[-3.59656,37.16535],[-3.59668,37.16549],[-3.59678,37.16562]]}},{"type":"Feature","properties":{"name":"Paseo del Violón","kind":"road","road":"primary","osm":129301680},"geometry":{"type":"LineString","coordinates":[[-3.59639,37.16792],[-3.59639,37.1679],[-3.59639,37.16788],[-3.59638,37.16783]]}},{"type":"Feature","properties":{"name":"Calle Poeta Manuel de Góngora","kind":"road","road":"secondary","osm":129301682},"geometry":{"type":"LineString","coordinates":[[-3.59414,37.16521],[-3.59413,37.16524]]}},{"type":"Feature","properties":{"name":"Paseo del Violón","kind":"road","road":"primary","osm":129301692},"geometry":{"type":"LineString","coordinates":[[-3.5965,37.16839],[-3.59649,37.16836],[-3.59639,37.16792]]}},{"type":"Feature","properties":{"name":"Calle San Antón","kind":"road","road":"secondary","osm":130306724},"geometry":{"type":"LineString","coordinates":[[-3.59833,37.16677],[-3.59836,37.16683],[-3.59841,37.16693],[-3.59843,37.16696]]}},{"type":"Feature","properties":{"name":"","kind":"road","road":"primary","osm":130386826},"geometry":{"type":"LineString","coordinates":[[-3.59687,37.16908],[-3.59689,37.16901]]}},{"type":"Feature","properties":{"name":"Calle Puerta Real de España","kind":"road","road":"tertiary","osm":130416692},"geometry":{"type":"LineString","coordinates":[[-3.59967,37.17344],[-3.59948,37.17345],[-3.59942,37.17345],[-3.59935,37.17345]]}},{"type":"Feature","properties":{"name":"Calle Puerta Real de España","kind":"road","road":"primary","osm":130416694},"geometry":{"type":"LineString","coordinates":[[-3.59967,37.17344],[-3.59971,37.1734],[-3.59971,37.17334],[-3.59968,37.17327],[-3.59967,37.17325],[-3.59966,37.17321]]}},{"type":"Feature","properties":{"name":"Calle Santa Fe","kind":"road","road":"tertiary","osm":130887233},"geometry":{"type":"LineString","coordinates":[[-3.61421,37.1792],[-3.61418,37.17927],[-3.61391,37.17978],[-3.61389,37.17981],[-3.61387,37.17986]]}},{"type":"Feature","properties":{"name":"Rotonda de Cervantes","kind":"road","road":"primary","osm":131721232},"geometry":{"type":"LineString","coordinates":[[-3.58752,37.16321],[-3.58751,37.16316],[-3.58747,37.16311],[-3.58743,37.16309],[-3.58736,37.16307],[-3.58731,37.16308]]}},{"type":"Feature","properties":{"name":"Avenida de Cervantes","kind":"road","road":"primary","osm":131721234},"geometry":{"type":"LineString","coordinates":[[-3.58733,37.16329],[-3.58749,37.16346],[-3.58753,37.16348]]}},{"type":"Feature","properties":{"name":"Calle José Tamayo","kind":"road","road":"primary","osm":131721235},"geometry":{"type":"LineString","coordinates":[[-3.58717,37.16292],[-3.58717,37.16298],[-3.58719,37.16304],[-3.58726,37.1631]]}},{"type":"Feature","properties":{"name":"Camino Real de los Neveros","kind":"road","road":"secondary","osm":131721236},"geometry":{"type":"LineString","coordinates":[[-3.58703,37.16309],[-3.58716,37.16314],[-3.58723,37.16317]]}},{"type":"Feature","properties":{"name":"Camino Real de los Neveros","kind":"road","road":"secondary","osm":131721237},"geometry":{"type":"LineString","coordinates":[[-3.58725,37.16311],[-3.58717,37.16307],[-3.58709,37.16307],[-3.58703,37.16309]]}},{"type":"Feature","properties":{"name":"Calle José Tamayo","kind":"road","road":"primary","osm":131721238},"geometry":{"type":"LineString","coordinates":[[-3.58731,37.16308],[-3.58726,37.16303],[-3.58717,37.16292]]}},{"type":"Feature","properties":{"name":"Avenida de Cervantes","kind":"road","road":"primary","osm":131721240},"geometry":{"type":"LineString","coordinates":[[-3.58753,37.16348],[-3.58748,37.16334],[-3.58747,37.16332],[-3.58746,37.16329]]}},{"type":"Feature","properties":{"name":"Paseo de la Bomba","kind":"road","road":"primary","osm":131722736},"geometry":{"type":"LineString","coordinates":[[-3.58893,37.16799],[-3.58898,37.16805],[-3.58908,37.1681],[-3.58916,37.16813],[-3.58923,37.16817],[-3.58951,37.1683],[-3.58961,37.16834],[-3.59041,37.16871],[-3.59119,37.16907],[-3.59122,37.16911]]}},{"type":"Feature","properties":{"name":"Paseo del Salón","kind":"road","road":"pedestrian","osm":131722782},"geometry":{"type":"LineString","coordinates":[[-3.59283,37.16975],[-3.59285,37.16972],[-3.59288,37.16966],[-3.59289,37.16961],[-3.59289,37.16955],[-3.59286,37.16951],[-3.59281,37.16948],[-3.59276,37.16947],[-3.59268,37.16946],[-3.59262,37.16946],[-3.59257,37.16949],[-3.59253,37.16953],[-3.59248,37.1696],[-3.59247,37.16963]]}},{"type":"Feature","properties":{"name":"Calle Virgen de Montserrat","kind":"road","road":"pedestrian","osm":132195790},"geometry":{"type":"LineString","coordinates":[[-3.58953,37.16582],[-3.58963,37.16575],[-3.58968,37.16572],[-3.59,37.16549],[-3.59031,37.16526],[-3.59053,37.16511],[-3.59057,37.16507]]}},{"type":"Feature","properties":{"name":"Plaza Escultor Francisco López Burgos","kind":"road","road":"pedestrian","osm":132195791},"geometry":{"type":"LineString","coordinates":[[-3.59074,37.16779],[-3.59084,37.16769],[-3.5911,37.16744],[-3.59122,37.16733],[-3.59124,37.16731],[-3.59144,37.16712]]}},{"type":"Feature","properties":{"name":"Calle Pintor Manuel Ángeles Ortiz","kind":"road","road":"pedestrian","osm":132195792},"geometry":{"type":"LineString","coordinates":[[-3.5924,37.16777],[-3.59193,37.16854]]}},{"type":"Feature","properties":{"name":"Calle Enrique Gómez Arboleya","kind":"road","road":"pedestrian","osm":132195793},"geometry":{"type":"LineString","coordinates":[[-3.59295,37.16721],[-3.59177,37.16738]]}},{"type":"Feature","properties":{"name":"Camino de Purchil","kind":"road","road":"tertiary","osm":134643583},"geometry":{"type":"LineString","coordinates":[[-3.6228,37.16794],[-3.62271,37.16801],[-3.62261,37.16809],[-3.62182,37.16862],[-3.62118,37.16906],[-3.62089,37.16922],[-3.62076,37.16928],[-3.62003,37.16969],[-3.61982,37.16976],[-3.61921,37.16996],[-3.61914,37.17],[-3.61881,37.17016],[-3.61828,37.17041],[-3.61801,37.17053],[-3.61791,37.17063],[-3.61768,37.17086],[-3.6175,37.17099],[-3.6174,37.17104],[-3.61709,37.17118],[-3.61664,37.17138],[-3.61642,37.1715],[-3.61605,37.17174],[-3.6159,37.17183],[-3.61571,37.17191],[-3.61472,37.17231],[-3.61439,37.17242],[-3.61427,37.17244]]}},{"type":"Feature","properties":{"name":"Calle Virgen del Carmen","kind":"road","road":"pedestrian","osm":137604721},"geometry":{"type":"LineString","coordinates":[[-3.59422,37.17944],[-3.59411,37.17921]]}},{"type":"Feature","properties":{"name":"Calle Monjas del Carmen","kind":"road","road":"pedestrian","osm":137610517},"geometry":{"type":"LineString","coordinates":[[-3.59581,37.17623],[-3.59583,37.17621],[-3.59597,37.1761],[-3.59606,37.17606],[-3.59622,37.17598],[-3.59628,37.17594],[-3.59633,37.17589],[-3.59634,37.17587],[-3.59637,37.1758],[-3.59645,37.17576]]}},{"type":"Feature","properties":{"name":"Calle Maitena","kind":"road","road":"pedestrian","osm":138264928},"geometry":{"type":"LineString","coordinates":[[-3.58246,37.16384],[-3.58226,37.1645],[-3.58225,37.16452]]}},{"type":"Feature","properties":{"name":"Calle Carrera de la Virgen","kind":"road","road":"tertiary","osm":138469479},"geometry":{"type":"LineString","coordinates":[[-3.59799,37.17192],[-3.59808,37.17181],[-3.59809,37.17177],[-3.59809,37.17173],[-3.59805,37.17168],[-3.59779,37.17142]]}},{"type":"Feature","properties":{"name":"Plaza del Campillo","kind":"road","road":"pedestrian","osm":138469483},"geometry":{"type":"LineString","coordinates":[[-3.59836,37.17248],[-3.59809,37.17238]]}},{"type":"Feature","properties":{"name":"Calle Callejuela","kind":"road","road":"pedestrian","osm":138552213},"geometry":{"type":"LineString","coordinates":[[-3.58531,37.17101],[-3.58513,37.17108],[-3.58504,37.17108]]}},{"type":"Feature","properties":{"name":"Calle Perchel Bajo","kind":"road","road":"pedestrian","osm":138553316},"geometry":{"type":"LineString","coordinates":[[-3.58547,37.16969],[-3.5854,37.16959],[-3.58532,37.16951],[-3.58526,37.16947],[-3.58514,37.16942],[-3.58505,37.16933],[-3.5849,37.16918],[-3.58477,37.16906],[-3.58459,37.16892],[-3.58437,37.16876],[-3.58429,37.16872],[-3.58424,37.16868],[-3.5842,37.16865],[-3.58412,37.16863],[-3.58398,37.1686],[-3.58395,37.16857],[-3.58395,37.16854]]}},{"type":"Feature","properties":{"name":"Plaza Arquitecto García de Paredes","kind":"road","road":"tertiary","osm":138564288},"geometry":{"type":"LineString","coordinates":[[-3.58988,37.1742],[-3.58986,37.17427],[-3.58982,37.17434],[-3.58977,37.17439],[-3.5897,37.17443],[-3.58963,37.17445],[-3.58956,37.17445]]}},{"type":"Feature","properties":{"name":"Calle Antequeruela Alta","kind":"road","road":"pedestrian","osm":138564523},"geometry":{"type":"LineString","coordinates":[[-3.58954,37.17373],[-3.58949,37.17375],[-3.58945,37.17373],[-3.58914,37.17348],[-3.58895,37.17334],[-3.58888,37.17326]]}},{"type":"Feature","properties":{"name":"Plaza de San Cecilio","kind":"road","road":"pedestrian","osm":138566121},"geometry":{"type":"LineString","coordinates":[[-3.59096,37.17358],[-3.59082,37.17346],[-3.5907,37.17341],[-3.59072,37.17335],[-3.59072,37.17333]]}},{"type":"Feature","properties":{"name":"Calle Panaderas de San Cecilio","kind":"road","road":"pedestrian","osm":138567697},"geometry":{"type":"LineString","coordinates":[[-3.59318,37.17334],[-3.59284,37.17361]]}},{"type":"Feature","properties":{"name":"Calle Rejas de San Cecilio","kind":"road","road":"pedestrian","osm":138567699},"geometry":{"type":"LineString","coordinates":[[-3.59187,37.17207],[-3.59153,37.17231]]}},{"type":"Feature","properties":{"name":"Calle Eudoxia Píriz","kind":"road","road":"secondary","osm":138625477},"geometry":{"type":"LineString","coordinates":[[-3.60955,37.16734],[-3.60952,37.16726],[-3.60951,37.16721],[-3.60949,37.1669],[-3.60942,37.16567],[-3.60939,37.16502],[-3.60936,37.16471],[-3.60932,37.16449],[-3.60924,37.16426],[-3.60917,37.16407],[-3.60907,37.16388],[-3.60892,37.16364],[-3.60881,37.16349],[-3.60879,37.16347],[-3.60872,37.16338]]}},{"type":"Feature","properties":{"name":"Calle Profesor Agustín Escribano","kind":"road","road":"pedestrian","osm":138628093},"geometry":{"type":"LineString","coordinates":[[-3.60757,37.1643],[-3.60728,37.16442],[-3.60697,37.16454]]}},{"type":"Feature","properties":{"name":"Calle Profesor Agustín Escribano","kind":"road","road":"pedestrian","osm":138628096},"geometry":{"type":"LineString","coordinates":[[-3.60675,37.16471],[-3.6064,37.16484],[-3.60605,37.16498]]}},{"type":"Feature","properties":{"name":"Calle Profesor Agustín Escribano","kind":"road","road":"pedestrian","osm":138628098},"geometry":{"type":"LineString","coordinates":[[-3.60597,37.16516],[-3.60567,37.16527],[-3.60537,37.16539],[-3.60521,37.16545],[-3.60477,37.16563]]}},{"type":"Feature","properties":{"name":"Calle Turín","kind":"road","road":"pedestrian","osm":138628103},"geometry":{"type":"LineString","coordinates":[[-3.60507,37.16522],[-3.60521,37.16545],[-3.60529,37.16558],[-3.60544,37.16584]]}},{"type":"Feature","properties":{"name":"Plaza Gerardo Cuerva","kind":"road","road":"tertiary","osm":138629582},"geometry":{"type":"LineString","coordinates":[[-3.60617,37.16696],[-3.60611,37.16697],[-3.606,37.16701],[-3.60574,37.16711],[-3.60569,37.16713],[-3.60558,37.16717]]}},{"type":"Feature","properties":{"name":"Calle Nereidas","kind":"road","road":"pedestrian","osm":138631236},"geometry":{"type":"LineString","coordinates":[[-3.60872,37.16822],[-3.60942,37.16881]]}},{"type":"Feature","properties":{"name":"Calle Bérchules","kind":"road","road":"tertiary","osm":145565668},"geometry":{"type":"LineString","coordinates":[[-3.61756,37.18247],[-3.61765,37.18256],[-3.61791,37.1828],[-3.61821,37.18308],[-3.61826,37.18313],[-3.6183,37.18316],[-3.61836,37.1832],[-3.61842,37.18322],[-3.61907,37.18351],[-3.61977,37.18381],[-3.61986,37.18386]]}},{"type":"Feature","properties":{"name":"Calle Huerta del Rasillo","kind":"road","road":"tertiary","osm":145567870},"geometry":{"type":"LineString","coordinates":[[-3.61415,37.17577],[-3.61411,37.17587],[-3.61409,37.17595],[-3.61408,37.17599]]}},{"type":"Feature","properties":{"name":"Calle Huerta del Rasillo","kind":"road","road":"tertiary","osm":145567872},"geometry":{"type":"LineString","coordinates":[[-3.61424,37.17605],[-3.61419,37.17598],[-3.61416,37.17593],[-3.61415,37.17587],[-3.61415,37.17577]]}},{"type":"Feature","properties":{"name":"Calle Dorada","kind":"road","road":"pedestrian","osm":146183430},"geometry":{"type":"LineString","coordinates":[[-3.61842,37.18754],[-3.61846,37.18753],[-3.61865,37.18752],[-3.61866,37.18752]]}},{"type":"Feature","properties":{"name":"Calle Labella Dávalos","kind":"road","road":"tertiary","osm":146237326},"geometry":{"type":"LineString","coordinates":[[-3.60065,37.18953],[-3.60072,37.18952],[-3.60074,37.18952],[-3.60112,37.1895],[-3.60118,37.18949]]}},{"type":"Feature","properties":{"name":"Avenida de las Fuerzas Armadas","kind":"road","road":"secondary","osm":146605187},"geometry":{"type":"LineString","coordinates":[[-3.61162,37.18902],[-3.61169,37.18908],[-3.61171,37.1891],[-3.61221,37.18953],[-3.61224,37.18956],[-3.61252,37.18975],[-3.61274,37.1899]]}},{"type":"Feature","properties":{"name":"Calle Formosa","kind":"road","road":"pedestrian","osm":147519706},"geometry":{"type":"LineString","coordinates":[[-3.60679,37.17001],[-3.60666,37.16986]]}},{"type":"Feature","properties":{"name":"Camino de Ronda","kind":"road","road":"secondary","osm":147519805},"geometry":{"type":"LineString","coordinates":[[-3.60645,37.17107],[-3.60638,37.17112]]}},{"type":"Feature","properties":{"name":"Calle Azorín","kind":"road","road":"tertiary","osm":147520384},"geometry":{"type":"LineString","coordinates":[[-3.60707,37.17225],[-3.60715,37.17221]]}},{"type":"Feature","properties":{"name":"Calle Escultor Antonio Martínez Olalla","kind":"road","road":"pedestrian","osm":147521539},"geometry":{"type":"LineString","coordinates":[[-3.61015,37.17464],[-3.61007,37.17467],[-3.61005,37.17468],[-3.60993,37.17472],[-3.60905,37.17506],[-3.60902,37.17507]]}},{"type":"Feature","properties":{"name":"Calle José Recuerda","kind":"road","road":"tertiary","osm":147521540},"geometry":{"type":"LineString","coordinates":[[-3.60778,37.17325],[-3.60785,37.17322],[-3.60787,37.17322],[-3.60887,37.17282],[-3.6089,37.17281],[-3.60901,37.17276]]}},{"type":"Feature","properties":{"name":"Calle La Pampa","kind":"road","road":"pedestrian","osm":147521541},"geometry":{"type":"LineString","coordinates":[[-3.60667,37.17126],[-3.6069,37.17117]]}},{"type":"Feature","properties":{"name":"Calle Rivadavia","kind":"road","road":"pedestrian","osm":147521542},"geometry":{"type":"LineString","coordinates":[[-3.60684,37.17153],[-3.60707,37.17144]]}},{"type":"Feature","properties":{"name":"Plaza Guitarrista Manuel Cano","kind":"road","road":"primary","osm":147522277},"geometry":{"type":"LineString","coordinates":[[-3.61323,37.17677],[-3.61305,37.17685],[-3.61298,37.17687],[-3.612,37.17727],[-3.61197,37.17728],[-3.61194,37.17729],[-3.61186,37.17732],[-3.61181,37.17735]]}},{"type":"Feature","properties":{"name":"Plaza Guitarrista Manuel Cano","kind":"road","road":"primary","osm":147522278},"geometry":{"type":"LineString","coordinates":[[-3.61183,37.17739],[-3.6119,37.17738],[-3.61194,37.17737]]}},{"type":"Feature","properties":{"name":"Calle Méndez Núñez","kind":"road","road":"primary","osm":147522281},"geometry":{"type":"LineString","coordinates":[[-3.60978,37.17816],[-3.60985,37.17813],[-3.60988,37.17812],[-3.60992,37.17811],[-3.61015,37.17802],[-3.61025,37.17798]]}},{"type":"Feature","properties":{"name":"Calle Jacinto Benavente","kind":"road","road":"pedestrian","osm":147522890},"geometry":{"type":"LineString","coordinates":[[-3.61024,37.17883],[-3.61027,37.17882],[-3.61082,37.17861],[-3.61085,37.1786]]}},{"type":"Feature","properties":{"name":"Camino de Ronda","kind":"road","road":"tertiary","osm":147522892},"geometry":{"type":"LineString","coordinates":[[-3.61135,37.17914],[-3.61125,37.17912]]}},{"type":"Feature","properties":{"name":"Calle María Moliner","kind":"road","road":"primary","osm":147522893},"geometry":{"type":"LineString","coordinates":[[-3.61503,37.17916],[-3.61503,37.17922],[-3.61503,37.17927],[-3.61503,37.17932],[-3.61503,37.17933],[-3.61502,37.17935],[-3.61502,37.17937]]}},{"type":"Feature","properties":{"name":"Calle María Moliner","kind":"road","road":"primary","osm":147522894},"geometry":{"type":"LineString","coordinates":[[-3.61522,37.17941],[-3.61521,37.17939],[-3.61519,37.17938],[-3.61518,37.17936],[-3.61516,37.17935],[-3.61514,37.17932],[-3.61511,37.17929],[-3.61509,37.17926],[-3.61507,37.17923],[-3.61505,37.1792],[-3.61503,37.17916]]}},{"type":"Feature","properties":{"name":"Calle María Moliner","kind":"road","road":"primary","osm":147522896},"geometry":{"type":"LineString","coordinates":[[-3.61461,37.17849],[-3.61459,37.17845],[-3.61451,37.17833]]}},{"type":"Feature","properties":{"name":"Calle Arabial","kind":"road","road":"pedestrian","osm":147524340},"geometry":{"type":"LineString","coordinates":[[-3.61502,37.18289],[-3.61481,37.18256]]}},{"type":"Feature","properties":{"name":"Calle Arabial","kind":"road","road":"primary","osm":147524343},"geometry":{"type":"LineString","coordinates":[[-3.60451,37.16538],[-3.6046,37.16551]]}},{"type":"Feature","properties":{"name":"Calle Julio Verne","kind":"road","road":"primary","osm":147524344},"geometry":{"type":"LineString","coordinates":[[-3.61472,37.18244],[-3.6147,37.1825],[-3.61467,37.18253],[-3.61462,37.18255],[-3.61381,37.18287],[-3.61378,37.18288],[-3.61368,37.18292],[-3.61364,37.18293]]}},{"type":"Feature","properties":{"name":"Calle Recoletos","kind":"road","road":"secondary","osm":147524345},"geometry":{"type":"LineString","coordinates":[[-3.61505,37.18181],[-3.61512,37.18169],[-3.61523,37.18155],[-3.61555,37.18111]]}},{"type":"Feature","properties":{"name":"Plaza de la Ilusión","kind":"road","road":"secondary","osm":147524347},"geometry":{"type":"LineString","coordinates":[[-3.61478,37.18251],[-3.61487,37.18229],[-3.61501,37.18192],[-3.61505,37.18181]]}},{"type":"Feature","properties":{"name":"Camino de Ronda","kind":"road","road":"secondary","osm":147524348},"geometry":{"type":"LineString","coordinates":[[-3.61307,37.18199],[-3.61303,37.182]]}},{"type":"Feature","properties":{"name":"Calle Ramón y Cajal","kind":"road","road":"secondary","osm":147524349},"geometry":{"type":"LineString","coordinates":[[-3.61432,37.18406],[-3.61426,37.18411]]}},{"type":"Feature","properties":{"name":"Calle Recoletos","kind":"road","road":"pedestrian","osm":147533319},"geometry":{"type":"LineString","coordinates":[[-3.61545,37.18085],[-3.61535,37.18107],[-3.61525,37.18128],[-3.61514,37.1815]]}},{"type":"Feature","properties":{"name":"Calle Recoletos","kind":"road","road":"pedestrian","osm":147533320},"geometry":{"type":"LineString","coordinates":[[-3.61514,37.1815],[-3.61489,37.18143]]}},{"type":"Feature","properties":{"name":"Calle San Enrique","kind":"road","road":"pedestrian","osm":148517110},"geometry":{"type":"LineString","coordinates":[[-3.6011,37.168],[-3.6011,37.16799],[-3.6011,37.1678]]}},{"type":"Feature","properties":{"name":"Calle Santa Cándida","kind":"road","road":"pedestrian","osm":148517111},"geometry":{"type":"LineString","coordinates":[[-3.60079,37.16831],[-3.60079,37.16814]]}},{"type":"Feature","properties":{"name":"Callejón de Arenas","kind":"road","road":"tertiary","osm":148517112},"geometry":{"type":"LineString","coordinates":[[-3.59671,37.16874],[-3.59679,37.1687],[-3.59729,37.16845],[-3.59737,37.16841],[-3.59778,37.16822]]}},{"type":"Feature","properties":{"name":"Plaza General Emilio Herrera","kind":"road","road":"tertiary","osm":148517113},"geometry":{"type":"LineString","coordinates":[[-3.59821,37.16848],[-3.59806,37.16815]]}},{"type":"Feature","properties":{"name":"Plaza de Nuestro Padre Jesús Despojado","kind":"road","road":"pedestrian","osm":148517115},"geometry":{"type":"LineString","coordinates":[[-3.5992,37.16824],[-3.59919,37.16821],[-3.59919,37.16818],[-3.59921,37.16816],[-3.59942,37.16807],[-3.59944,37.16809],[-3.59973,37.16795],[-3.59974,37.16793],[-3.59976,37.16792],[-3.59997,37.16783],[-3.60001,37.16788],[-3.59987,37.16795],[-3.59988,37.16796],[-3.59976,37.16801],[-3.59975,37.16804],[-3.59972,37.16805],[-3.59975,37.16809],[-3.5998,37.16818],[-3.59983,37.16824],[-3.59986,37.16829],[-3.5998,37.16829],[-3.59969,37.16829],[-3.59962,37.1683],[-3.59959,37.16831],[-3.5995,37.16836],[-3.59942,37.1684],[-3.59933,37.16844],[-3.59932,37.16844],[-3.5993,37.16845],[-3.59925,37.16832],[-3.59923,37.16832],[-3.59922,37.1683],[-3.5992,37.16824]]}},{"type":"Feature","properties":{"name":"","kind":"park","road":"","osm":150755173},"geometry":{"type":"Polygon","coordinates":[[[-3.59274,37.16278],[-3.59264,37.16255],[-3.59266,37.16245],[-3.59311,37.16251],[-3.59307,37.16271],[-3.59289,37.16274],[-3.59274,37.16278]]]}},{"type":"Feature","properties":{"name":"Calle Ribera del Beiro","kind":"road","road":"primary","osm":151640838},"geometry":{"type":"LineString","coordinates":[[-3.61303,37.18789],[-3.61301,37.1879],[-3.61276,37.18813],[-3.61271,37.18818],[-3.61257,37.18828]]}},{"type":"Feature","properties":{"name":"Camino de Ronda","kind":"road","road":"primary","osm":151640842},"geometry":{"type":"LineString","coordinates":[[-3.61481,37.18816],[-3.61478,37.18811],[-3.61477,37.188],[-3.61477,37.18794],[-3.61477,37.18791],[-3.61478,37.1877],[-3.6148,37.18694],[-3.6148,37.18691],[-3.61482,37.18646],[-3.61483,37.18615],[-3.61484,37.18584],[-3.61484,37.1857],[-3.61485,37.18558],[-3.61485,37.18538]]}},{"type":"Feature","properties":{"name":"Calle Carrera de la Virgen","kind":"road","road":"pedestrian","osm":151733262},"geometry":{"type":"LineString","coordinates":[[-3.59611,37.16957],[-3.59608,37.16956],[-3.59605,37.16958],[-3.59601,37.1696],[-3.59601,37.16962],[-3.59606,37.16967],[-3.59733,37.17091],[-3.59809,37.17166],[-3.59816,37.17173],[-3.5982,37.17171],[-3.59824,37.17168],[-3.59817,37.17161],[-3.59741,37.17086],[-3.59616,37.16961],[-3.59611,37.16957]]}},{"type":"Feature","properties":{"name":"Calle Acera del Casino","kind":"road","road":"pedestrian","osm":151733265},"geometry":{"type":"LineString","coordinates":[[-3.59954,37.17324],[-3.59931,37.17272],[-3.59925,37.17262],[-3.59902,37.17221],[-3.599,37.17217],[-3.59896,37.17216],[-3.5987,37.17168],[-3.59871,37.17164],[-3.59869,37.1716],[-3.59867,37.17163],[-3.59866,37.17164],[-3.59865,37.17166],[-3.59866,37.1717],[-3.59874,37.17183],[-3.59872,37.17183],[-3.59867,37.17185],[-3.59865,37.17186],[-3.59865,37.17185],[-3.59862,37.17186],[-3.59853,37.17172],[-3.59851,37.1717],[-3.59839,37.17173],[-3.59824,37.17168],[-3.5982,37.17171],[-3.59816,37.17173],[-3.59812,37.17179],[-3.59802,37.17192],[-3.59803,37.17193],[-3.59829,37.17208],[-3.5983,37.17215],[-3.5983,37.17219],[-3.59832,37.17221],[-3.5985,37.1723],[-3.59855,37.17233],[-3.59856,37.17232],[-3.59863,37.17236],[-3.59876,37.17243],[-3.59883,37.17248],[-3.59887,37.17252],[-3.5989,37.17254],[-3.59899,37.17263],[-3.59909,37.17271],[-3.59912,37.17274],[-3.59916,37.17276],[-3.59921,37.1728],[-3.59923,37.17284],[-3.59926,37.17287],[-3.59929,37.17291],[-3.59932,37.17297],[-3.59933,37.17301],[-3.59938,37.17311],[-3.59941,37.17318],[-3.59943,37.17322],[-3.59945,37.17327],[-3.59949,37.17326],[-3.59954,37.17324]]}},{"type":"Feature","properties":{"name":"Plaza de Mariana Pineda","kind":"road","road":"pedestrian","osm":151735988},"geometry":{"type":"LineString","coordinates":[[-3.59731,37.17252],[-3.59716,37.17245],[-3.59694,37.17233],[-3.59677,37.17225],[-3.59679,37.17223],[-3.59695,37.17203],[-3.59696,37.17201],[-3.59713,37.17209],[-3.59735,37.17221],[-3.5975,37.17228],[-3.59749,37.1723],[-3.59732,37.17251],[-3.59731,37.17252]]}},{"type":"Feature","properties":{"name":"Plaza de la Trinidad","kind":"road","road":"tertiary","osm":151837565},"geometry":{"type":"LineString","coordinates":[[-3.60222,37.17623],[-3.602,37.17628],[-3.6018,37.17633],[-3.60158,37.17639]]}},{"type":"Feature","properties":{"name":"Calle Arco de las Orejas","kind":"road","road":"pedestrian","osm":152363087},"geometry":{"type":"LineString","coordinates":[[-3.60004,37.17449],[-3.59991,37.17455],[-3.59974,37.17464]]}},{"type":"Feature","properties":{"name":"","kind":"road","road":"pedestrian","osm":152363108},"geometry":{"type":"LineString","coordinates":[[-3.5989,37.17525],[-3.59881,37.17518]]}},{"type":"Feature","properties":{"name":"Calle Libreros","kind":"road","road":"pedestrian","osm":152363110},"geometry":{"type":"LineString","coordinates":[[-3.59962,37.17544],[-3.59931,37.17561],[-3.59911,37.17574],[-3.5991,37.17573]]}},{"type":"Feature","properties":{"name":"Calle Zapateros","kind":"road","road":"pedestrian","osm":152363111},"geometry":{"type":"LineString","coordinates":[[-3.6001,37.17431],[-3.60003,37.17423],[-3.5999,37.1741]]}},{"type":"Feature","properties":{"name":"Calle Provincias","kind":"road","road":"pedestrian","osm":152363112},"geometry":{"type":"LineString","coordinates":[[-3.5999,37.17579],[-3.60037,37.1756],[-3.6004,37.17558]]}},{"type":"Feature","properties":{"name":"Calle Colegio Catalino","kind":"road","road":"pedestrian","osm":152363113},"geometry":{"type":"LineString","coordinates":[[-3.59981,37.17567],[-3.5999,37.17579],[-3.59994,37.17585]]}},{"type":"Feature","properties":{"name":"Calle Milagro","kind":"road","road":"pedestrian","osm":152363116},"geometry":{"type":"LineString","coordinates":[[-3.59929,37.17413],[-3.59941,37.17403],[-3.59944,37.17405],[-3.59968,37.17375],[-3.59972,37.17372]]}},{"type":"Feature","properties":{"name":"Plaza Pescadería","kind":"road","road":"pedestrian","osm":152364470},"geometry":{"type":"LineString","coordinates":[[-3.60041,37.1756],[-3.60038,37.17561],[-3.60037,37.1756],[-3.60037,37.17559],[-3.60036,37.17558],[-3.60034,37.17556],[-3.60028,37.17547],[-3.60031,37.17546],[-3.60034,37.17545],[-3.60035,37.17547],[-3.60036,37.17548],[-3.60038,37.1755],[-3.60038,37.17551],[-3.60042,37.17556],[-3.60053,37.17553],[-3.60057,37.17552],[-3.60057,37.17553],[-3.60058,37.17552],[-3.60061,37.17558],[-3.60064,37.17565],[-3.60066,37.17571],[-3.60067,37.17573],[-3.60067,37.17575],[-3.60072,37.17586],[-3.60075,37.17593],[-3.60078,37.176],[-3.60079,37.17603],[-3.60081,37.17608],[-3.60083,37.17612],[-3.60084,37.17613],[-3.60084,37.17615],[-3.60082,37.17616],[-3.60081,37.17616],[-3.60075,37.17617],[-3.60069,37.17618],[-3.60067,37.17619],[-3.60066,37.17617],[-3.60066,37.17615],[-3.60065,37.17614],[-3.60064,37.1761],[-3.60063,37.17608],[-3.60062,37.17605],[-3.6006,37.176],[-3.60059,37.17598],[-3.60057,37.17598],[-3.60055,37.17593],[-3.60055,37.17591],[-3.60054,37.1759],[-3.60052,37.17586],[-3.60052,37.17585],[-3.60051,37.17582],[-3.6005,37.1758],[-3.60049,37.17577],[-3.60047,37.17573],[-3.60046,37.17571],[-3.60046,37.1757],[-3.60043,37.17565],[-3.60041,37.1756]]}},{"type":"Feature","properties":{"name":"Placeta de la Seda","kind":"road","road":"pedestrian","osm":152364478},"geometry":{"type":"LineString","coordinates":[[-3.59884,37.17559],[-3.5989,37.17565],[-3.59891,37.17565],[-3.59891,37.17566],[-3.59887,37.17568],[-3.59889,37.17569],[-3.59888,37.1757],[-3.59887,37.17571],[-3.59882,37.17566],[-3.59883,37.17565],[-3.5988,37.17562],[-3.59882,37.17561],[-3.59884,37.17559]]}},{"type":"Feature","properties":{"name":"Calle Ermita","kind":"road","road":"pedestrian","osm":152364480},"geometry":{"type":"LineString","coordinates":[[-3.59856,37.17575],[-3.59881,37.1756],[-3.59892,37.17553]]}},{"type":"Feature","properties":{"name":"Placeta Diego de Siloé","kind":"road","road":"pedestrian","osm":152365636},"geometry":{"type":"LineString","coordinates":[[-3.59877,37.1772],[-3.59868,37.17711],[-3.59863,37.17712],[-3.59862,37.17711],[-3.59859,37.17705],[-3.59863,37.17703],[-3.59858,37.177],[-3.59856,37.17699],[-3.59854,37.17697],[-3.59857,37.17695],[-3.59863,37.17693],[-3.59864,37.17694],[-3.59866,37.17695],[-3.59867,37.17696],[-3.59869,37.17697],[-3.59872,37.17698],[-3.59875,37.17699],[-3.59879,37.177],[-3.59882,37.17701],[-3.59885,37.17701],[-3.59889,37.17701],[-3.59893,37.17701],[-3.59895,37.17701],[-3.59897,37.17701],[-3.59901,37.177],[-3.59904,37.17699],[-3.59905,37.17704],[-3.59885,37.17715],[-3.59877,37.1772]]}},{"type":"Feature","properties":{"name":"Calle Cieza","kind":"road","road":"pedestrian","osm":152626428},"geometry":{"type":"LineString","coordinates":[[-3.60164,37.18816],[-3.60149,37.18822],[-3.6015,37.18824],[-3.60151,37.18825],[-3.60167,37.18819]]}},{"type":"Feature","properties":{"name":"Calle Totana","kind":"road","road":"pedestrian","osm":152626885},"geometry":{"type":"LineString","coordinates":[[-3.60079,37.1881],[-3.60078,37.18808],[-3.60082,37.188],[-3.60081,37.18797]]}},{"type":"Feature","properties":{"name":"Placeta Santomera","kind":"road","road":"pedestrian","osm":152626887},"geometry":{"type":"LineString","coordinates":[[-3.60128,37.18875],[-3.60127,37.18871]]}},{"type":"Feature","properties":{"name":"Calle Andarax","kind":"road","road":"tertiary","osm":152637176},"geometry":{"type":"LineString","coordinates":[[-3.58967,37.18886],[-3.58957,37.18882],[-3.5895,37.18879],[-3.58933,37.18874],[-3.58876,37.18864],[-3.58848,37.18857],[-3.58835,37.18854],[-3.58822,37.18849],[-3.58812,37.18843],[-3.58785,37.18821],[-3.58773,37.1881],[-3.58758,37.18798],[-3.5875,37.18792],[-3.58738,37.18784],[-3.58724,37.18776],[-3.58716,37.1877],[-3.58708,37.18764],[-3.58701,37.18756]]}},{"type":"Feature","properties":{"name":"Camino Viejo del Fargue","kind":"road","road":"secondary","osm":152637179},"geometry":{"type":"LineString","coordinates":[[-3.59123,37.18728],[-3.5911,37.18736],[-3.59088,37.18751],[-3.5907,37.18765],[-3.59067,37.18768],[-3.59058,37.18777],[-3.59052,37.18785],[-3.59048,37.18791],[-3.59041,37.18804],[-3.5903,37.18826],[-3.59021,37.18848],[-3.59016,37.18858],[-3.59007,37.18871],[-3.59005,37.18874]]}},{"type":"Feature","properties":{"name":"Cuesta del Aceituno","kind":"road","road":"tertiary","osm":152637180},"geometry":{"type":"LineString","coordinates":[[-3.5904,37.18678],[-3.59056,37.18688],[-3.59068,37.18697],[-3.59078,37.18705],[-3.59092,37.18712],[-3.59119,37.18725],[-3.59123,37.18728]]}},{"type":"Feature","properties":{"name":"Placeta de Manflor","kind":"road","road":"tertiary","osm":152637182},"geometry":{"type":"LineString","coordinates":[[-3.59234,37.18707],[-3.59236,37.18699],[-3.59236,37.18695]]}},{"type":"Feature","properties":{"name":"Calle Andarax","kind":"road","road":"tertiary","osm":152637183},"geometry":{"type":"LineString","coordinates":[[-3.58982,37.18887],[-3.58967,37.18886]]}},{"type":"Feature","properties":{"name":"Calle Andarax","kind":"road","road":"tertiary","osm":152637184},"geometry":{"type":"LineString","coordinates":[[-3.58967,37.18886],[-3.58978,37.18894]]}},{"type":"Feature","properties":{"name":"Calle Pinar","kind":"road","road":"tertiary","osm":152637188},"geometry":{"type":"LineString","coordinates":[[-3.59019,37.18921],[-3.59018,37.18915],[-3.59011,37.18897],[-3.59008,37.18895]]}},{"type":"Feature","properties":{"name":"Calle Bodegoncillos","kind":"road","road":"pedestrian","osm":152640478},"geometry":{"type":"LineString","coordinates":[[-3.59694,37.17674],[-3.59684,37.17677],[-3.59669,37.17682]]}},{"type":"Feature","properties":{"name":"Calle Hermosa","kind":"road","road":"pedestrian","osm":152640479},"geometry":{"type":"LineString","coordinates":[[-3.59676,37.17652],[-3.59658,37.17666]]}},{"type":"Feature","properties":{"name":"Calle Hospital Peregrinos","kind":"road","road":"pedestrian","osm":152640480},"geometry":{"type":"LineString","coordinates":[[-3.59736,37.17763],[-3.59728,37.17755],[-3.59716,37.17744],[-3.5971,37.1774]]}},{"type":"Feature","properties":{"name":"Placeta Sillería","kind":"road","road":"pedestrian","osm":152640481},"geometry":{"type":"LineString","coordinates":[[-3.59705,37.17686],[-3.597,37.17673],[-3.59687,37.17645],[-3.59681,37.17632]]}},{"type":"Feature","properties":{"name":"Placeta de San Gil","kind":"road","road":"pedestrian","osm":152640482},"geometry":{"type":"LineString","coordinates":[[-3.59674,37.17696],[-3.59681,37.17705],[-3.59682,37.17706],[-3.59673,37.17709],[-3.59671,37.17709],[-3.59669,37.17709],[-3.5967,37.17704],[-3.59671,37.17699],[-3.59668,37.17696],[-3.59674,37.17696]]}},{"type":"Feature","properties":{"name":"Calle Joaquín Costa","kind":"road","road":"pedestrian","osm":152640483},"geometry":{"type":"LineString","coordinates":[[-3.59731,37.17662],[-3.59722,37.17665],[-3.59723,37.17669],[-3.59721,37.1767],[-3.59726,37.17679]]}},{"type":"Feature","properties":{"name":"Calle Penitencia","kind":"road","road":"pedestrian","osm":152640897},"geometry":{"type":"LineString","coordinates":[[-3.59831,37.17864],[-3.59843,37.17858],[-3.59855,37.17853]]}},{"type":"Feature","properties":{"name":"Calle Buen Rostro","kind":"road","road":"pedestrian","osm":152640898},"geometry":{"type":"LineString","coordinates":[[-3.59815,37.1782],[-3.59833,37.17813],[-3.59866,37.178]]}},{"type":"Feature","properties":{"name":"Calle Álvaro de Bazán","kind":"road","road":"tertiary","osm":152640899},"geometry":{"type":"LineString","coordinates":[[-3.59877,37.17828],[-3.59832,37.1784],[-3.59816,37.17846],[-3.59814,37.17847],[-3.59813,37.17847]]}},{"type":"Feature","properties":{"name":"Plaza Ábside de San Matías","kind":"road","road":"pedestrian","osm":152642998},"geometry":{"type":"LineString","coordinates":[[-3.5965,37.17352],[-3.59678,37.17361],[-3.59672,37.17374]]}},{"type":"Feature","properties":{"name":"Calle Sacristía de San Matías","kind":"road","road":"pedestrian","osm":152642999},"geometry":{"type":"LineString","coordinates":[[-3.59621,37.1735],[-3.59628,37.17355],[-3.5963,37.17356]]}},{"type":"Feature","properties":{"name":"","kind":"road","road":"pedestrian","osm":152645952},"geometry":{"type":"LineString","coordinates":[[-3.5974,37.1755],[-3.59735,37.17552],[-3.5973,37.17556],[-3.59729,37.1756],[-3.59729,37.17562],[-3.59727,37.17566]]}},{"type":"Feature","properties":{"name":"Plaza del Salvador","kind":"road","road":"tertiary","osm":152970508},"geometry":{"type":"LineString","coordinates":[[-3.59141,37.18257],[-3.59137,37.18252],[-3.5913,37.18249],[-3.59126,37.18248],[-3.59118,37.18246],[-3.59088,37.1824]]}},{"type":"Feature","properties":{"name":"Placeta de Abad","kind":"road","road":"pedestrian","osm":152970515},"geometry":{"type":"LineString","coordinates":[[-3.5912,37.18158],[-3.59113,37.18168],[-3.59092,37.18185],[-3.591,37.18191],[-3.59107,37.18197],[-3.59109,37.18199]]}},{"type":"Feature","properties":{"name":"Plaza de la Santísima Trinidad","kind":"road","road":"pedestrian","osm":152970516},"geometry":{"type":"LineString","coordinates":[[-3.59062,37.18238],[-3.5905,37.18236],[-3.59048,37.18236],[-3.59051,37.18232],[-3.59052,37.1823],[-3.59053,37.1823],[-3.59054,37.18231],[-3.59059,37.18232],[-3.59061,37.18233],[-3.59059,37.18236],[-3.59062,37.18238]]}},{"type":"Feature","properties":{"name":"Paseo del Padre Manjón","kind":"road","road":"tertiary","osm":152971913},"geometry":{"type":"LineString","coordinates":[[-3.58902,37.17916],[-3.58872,37.1792],[-3.58834,37.17926]]}},{"type":"Feature","properties":{"name":"Callejón del Ángel","kind":"road","road":"pedestrian","osm":153173670},"geometry":{"type":"LineString","coordinates":[[-3.59531,37.16366],[-3.59545,37.16382],[-3.59556,37.16399]]}},{"type":"Feature","properties":{"name":"Calle Coca de San Andrés","kind":"road","road":"pedestrian","osm":153180816},"geometry":{"type":"LineString","coordinates":[[-3.59904,37.18118],[-3.59894,37.18119],[-3.59869,37.1812],[-3.59865,37.1812]]}},{"type":"Feature","properties":{"name":"Calle Honda San Andrés","kind":"road","road":"pedestrian","osm":153180817},"geometry":{"type":"LineString","coordinates":[[-3.59865,37.18061],[-3.59867,37.18061],[-3.59877,37.18061],[-3.59887,37.18061]]}},{"type":"Feature","properties":{"name":"Calle Honda San Andrés","kind":"road","road":"pedestrian","osm":153180820},"geometry":{"type":"LineString","coordinates":[[-3.59888,37.18093],[-3.59901,37.18092]]}},{"type":"Feature","properties":{"name":"Calle Honda San Andrés","kind":"road","road":"pedestrian","osm":153180822},"geometry":{"type":"LineString","coordinates":[[-3.59898,37.18153],[-3.59898,37.18151],[-3.59897,37.18146],[-3.59896,37.18141],[-3.59894,37.18119],[-3.59893,37.18111],[-3.59889,37.18095],[-3.59888,37.18093],[-3.59887,37.18076],[-3.59887,37.18061],[-3.59886,37.18055]]}},{"type":"Feature","properties":{"name":"Calle Molino de la Corteza de San Andrés","kind":"road","road":"pedestrian","osm":153180824},"geometry":{"type":"LineString","coordinates":[[-3.59875,37.18008],[-3.59863,37.1801],[-3.59866,37.18034],[-3.59865,37.18061],[-3.59865,37.18083],[-3.59867,37.18098],[-3.59868,37.18107],[-3.59869,37.1812]]}},{"type":"Feature","properties":{"name":"Calle Molino de la Corteza de San Andrés","kind":"road","road":"pedestrian","osm":153180825},"geometry":{"type":"LineString","coordinates":[[-3.59868,37.18107],[-3.59856,37.18107]]}},{"type":"Feature","properties":{"name":"Calle Victoria de San Andrés","kind":"road","road":"pedestrian","osm":153180827},"geometry":{"type":"LineString","coordinates":[[-3.59867,37.18098],[-3.59868,37.18098]]}},{"type":"Feature","properties":{"name":"Placeta Escritor Francisco Izquierdo","kind":"road","road":"pedestrian","osm":153180830},"geometry":{"type":"LineString","coordinates":[[-3.59867,37.18065],[-3.59868,37.18064],[-3.59872,37.18064],[-3.59875,37.18064],[-3.59877,37.18064],[-3.59877,37.18061],[-3.59877,37.18056],[-3.59877,37.18053],[-3.59877,37.18051],[-3.59877,37.18048],[-3.59875,37.18045],[-3.59874,37.1804],[-3.59874,37.18037],[-3.59868,37.18038],[-3.59867,37.18061],[-3.59867,37.18065]]}},{"type":"Feature","properties":{"name":"Plaza de Santillana","kind":"road","road":"pedestrian","osm":153181049},"geometry":{"type":"LineString","coordinates":[[-3.60019,37.18173],[-3.59999,37.18192],[-3.59967,37.18173]]}},{"type":"Feature","properties":{"name":"Plaza Puntal de Vacares","kind":"road","road":"pedestrian","osm":153411361},"geometry":{"type":"LineString","coordinates":[[-3.58703,37.16506],[-3.5869,37.16504],[-3.58676,37.16504],[-3.5867,37.16499],[-3.58669,37.16498]]}},{"type":"Feature","properties":{"name":"Calle Veredillas de San Agustín","kind":"road","road":"pedestrian","osm":153422152},"geometry":{"type":"LineString","coordinates":[[-3.58942,37.18199],[-3.58948,37.18202],[-3.58976,37.18211],[-3.59022,37.18231],[-3.59022,37.18233]]}},{"type":"Feature","properties":{"name":"Calle Ribera del Genil","kind":"road","road":"pedestrian","osm":154115658},"geometry":{"type":"LineString","coordinates":[[-3.60237,37.16612],[-3.60251,37.16634]]}},{"type":"Feature","properties":{"name":"Calle Ribera del Genil","kind":"road","road":"pedestrian","osm":154115659},"geometry":{"type":"LineString","coordinates":[[-3.60285,37.16596],[-3.60302,37.16624]]}},{"type":"Feature","properties":{"name":"Calle Ribera del Genil","kind":"road","road":"pedestrian","osm":154115661},"geometry":{"type":"LineString","coordinates":[[-3.60214,37.16621],[-3.60227,37.16643]]}},{"type":"Feature","properties":{"name":"Calle Ribera del Genil","kind":"road","road":"pedestrian","osm":154115663},"geometry":{"type":"LineString","coordinates":[[-3.60261,37.16604],[-3.60274,37.16626]]}},{"type":"Feature","properties":{"name":"Calle Ribera del Genil","kind":"road","road":"pedestrian","osm":154115666},"geometry":{"type":"LineString","coordinates":[[-3.60191,37.16628],[-3.60205,37.16651]]}},{"type":"Feature","properties":{"name":"Camino de Ronda","kind":"road","road":"pedestrian","osm":154115670},"geometry":{"type":"LineString","coordinates":[[-3.60445,37.16816],[-3.60426,37.16816],[-3.60423,37.16807],[-3.6041,37.16807],[-3.60409,37.16807]]}},{"type":"Feature","properties":{"name":"Calle Nueva de San Matías","kind":"road","road":"pedestrian","osm":154117477},"geometry":{"type":"LineString","coordinates":[[-3.59708,37.17379],[-3.59717,37.17365]]}},{"type":"Feature","properties":{"name":"Placeta de la Cruz Roja","kind":"road","road":"pedestrian","osm":154117479},"geometry":{"type":"LineString","coordinates":[[-3.59741,37.17389],[-3.59739,37.17389],[-3.5973,37.17386],[-3.59733,37.17382],[-3.59733,37.17381],[-3.59736,37.17375],[-3.59746,37.17379],[-3.59747,37.17379],[-3.59741,37.17389]]}},{"type":"Feature","properties":{"name":"Plaza Academia del Carmen","kind":"road","road":"pedestrian","osm":154117482},"geometry":{"type":"LineString","coordinates":[[-3.59714,37.17413],[-3.59713,37.17413],[-3.5971,37.17412],[-3.5971,37.17411],[-3.59704,37.1741],[-3.59701,37.1741],[-3.59697,37.17409],[-3.59692,37.17408],[-3.59691,37.17408],[-3.5969,37.17408],[-3.59691,37.17406],[-3.59692,37.17402],[-3.59694,37.17395],[-3.59695,37.17395],[-3.597,37.17379],[-3.5972,37.17384],[-3.59721,37.17384],[-3.59719,37.17391],[-3.59718,37.17397],[-3.59717,37.174],[-3.59716,37.17403],[-3.59716,37.17407],[-3.59715,37.17409],[-3.59714,37.17413]]}},{"type":"Feature","properties":{"name":"Placeta de la Cruz Roja","kind":"road","road":"pedestrian","osm":154117483},"geometry":{"type":"LineString","coordinates":[[-3.59741,37.17391],[-3.59742,37.17388],[-3.59749,37.17379]]}},{"type":"Feature","properties":{"name":"Pasaje de las Siervas","kind":"road","road":"pedestrian","osm":154318608},"geometry":{"type":"LineString","coordinates":[[-3.6062,37.17516],[-3.60594,37.17498],[-3.60588,37.17494],[-3.60553,37.17469]]}},{"type":"Feature","properties":{"name":"Plaza Mercedes Domenech","kind":"road","road":"pedestrian","osm":154318610},"geometry":{"type":"LineString","coordinates":[[-3.60588,37.17494],[-3.60589,37.17493],[-3.60634,37.17475],[-3.60636,37.17475]]}},{"type":"Feature","properties":{"name":"Plaza Mercedes Domenech","kind":"road","road":"pedestrian","osm":154318612},"geometry":{"type":"LineString","coordinates":[[-3.60634,37.17475],[-3.60643,37.1749],[-3.60647,37.17497],[-3.60626,37.17511],[-3.60608,37.17498],[-3.60607,37.17498],[-3.60606,37.17499],[-3.60604,37.17501],[-3.60602,37.17502],[-3.60589,37.17493],[-3.60591,37.17491],[-3.60632,37.17475],[-3.60634,37.17475]]}},{"type":"Feature","properties":{"name":"Callejón del Pitoño","kind":"road","road":"pedestrian","osm":154337808},"geometry":{"type":"LineString","coordinates":[[-3.58607,37.18112],[-3.58598,37.18116]]}},{"type":"Feature","properties":{"name":"Calle de las Chumberas","kind":"road","road":"pedestrian","osm":154337810},"geometry":{"type":"LineString","coordinates":[[-3.58675,37.18131],[-3.58688,37.18134],[-3.58704,37.18117],[-3.58708,37.18116],[-3.58712,37.18117],[-3.58719,37.18119]]}},{"type":"Feature","properties":{"name":"Calle Verea Baja","kind":"road","road":"pedestrian","osm":154337811},"geometry":{"type":"LineString","coordinates":[[-3.58547,37.18155],[-3.58561,37.18147]]}},{"type":"Feature","properties":{"name":"Calle Callejuela de la Viña","kind":"road","road":"pedestrian","osm":154342416},"geometry":{"type":"LineString","coordinates":[[-3.5808,37.18158],[-3.58101,37.18157],[-3.5812,37.18152],[-3.58138,37.18148],[-3.58152,37.18148],[-3.58153,37.18159],[-3.58156,37.18159],[-3.58155,37.18141]]}},{"type":"Feature","properties":{"name":"Calle Santo Sepulcro del Sacromonte","kind":"road","road":"tertiary","osm":154342419},"geometry":{"type":"LineString","coordinates":[[-3.57918,37.18159],[-3.57914,37.18156],[-3.5791,37.18154],[-3.57897,37.18154],[-3.57879,37.18155],[-3.57865,37.18156],[-3.57851,37.18156],[-3.57839,37.18156],[-3.57828,37.18155],[-3.57816,37.18156],[-3.57809,37.18156],[-3.57792,37.18158],[-3.57777,37.1816],[-3.57762,37.18163],[-3.57749,37.18165],[-3.57739,37.18165],[-3.57729,37.18164],[-3.57719,37.18163],[-3.57703,37.18163],[-3.57695,37.18164],[-3.57691,37.18164]]}},{"type":"Feature","properties":{"name":"Calle Vereda Cortijo del Aire","kind":"road","road":"pedestrian","osm":154342422},"geometry":{"type":"LineString","coordinates":[[-3.58425,37.18215],[-3.58421,37.18215],[-3.58421,37.18207],[-3.5842,37.18205],[-3.58413,37.18203],[-3.58408,37.18204],[-3.58404,37.18206],[-3.58395,37.18209],[-3.58385,37.18214],[-3.5838,37.18218]]}},{"type":"Feature","properties":{"name":"Placeta Rector Salvador Vila","kind":"road","road":"pedestrian","osm":154543614},"geometry":{"type":"LineString","coordinates":[[-3.59757,37.17413],[-3.59765,37.17413],[-3.59767,37.17402],[-3.5976,37.174],[-3.5976,37.17401],[-3.59757,37.17411],[-3.59757,37.17413]]}},{"type":"Feature","properties":{"name":"Placeta de Nuestro Padre Jesús del Rescate","kind":"road","road":"pedestrian","osm":154545154},"geometry":{"type":"LineString","coordinates":[[-3.60209,37.17436],[-3.60205,37.17432],[-3.60219,37.17421],[-3.6022,37.17422],[-3.60225,37.17427],[-3.6021,37.17435],[-3.60209,37.17436]]}},{"type":"Feature","properties":{"name":"Calle Virgen del Mayor Dolor","kind":"road","road":"tertiary","osm":154687267},"geometry":{"type":"LineString","coordinates":[[-3.5947,37.16679],[-3.59468,37.16678],[-3.59397,37.16586],[-3.59391,37.16578],[-3.59368,37.16548],[-3.59366,37.16546],[-3.59363,37.16541]]}},{"type":"Feature","properties":{"name":"","kind":"road","road":"pedestrian","osm":154738702},"geometry":{"type":"LineString","coordinates":[[-3.60911,37.18751],[-3.60914,37.18748],[-3.60924,37.18735],[-3.60933,37.18723]]}},{"type":"Feature","properties":{"name":"Calle Isaac Albéniz","kind":"road","road":"tertiary","osm":154741798},"geometry":{"type":"LineString","coordinates":[[-3.60878,37.18734],[-3.60872,37.18743],[-3.60846,37.18781],[-3.60842,37.18787],[-3.60839,37.18793],[-3.60811,37.18836],[-3.60809,37.18838],[-3.60807,37.18842]]}},{"type":"Feature","properties":{"name":"Calle El Purche","kind":"road","road":"pedestrian","osm":154744788},"geometry":{"type":"LineString","coordinates":[[-3.58609,37.16666],[-3.58613,37.16655],[-3.58615,37.16654],[-3.58632,37.1664],[-3.58639,37.16634],[-3.58645,37.16629]]}},{"type":"Feature","properties":{"name":"Calle Laguna de la Caldera","kind":"road","road":"pedestrian","osm":154744790},"geometry":{"type":"LineString","coordinates":[[-3.58368,37.16534],[-3.58361,37.16549]]}},{"type":"Feature","properties":{"name":"Paseo Hermanos Costaleros","kind":"road","road":"pedestrian","osm":154744805},"geometry":{"type":"LineString","coordinates":[[-3.58746,37.16604],[-3.58743,37.16602],[-3.5872,37.16595],[-3.58692,37.16589],[-3.58575,37.1657],[-3.58481,37.16555],[-3.58446,37.16549],[-3.58418,37.16543],[-3.58368,37.16532],[-3.58285,37.1651],[-3.58242,37.16497]]}},{"type":"Feature","properties":{"name":"Calle Colegio Eclesiástico","kind":"road","road":"pedestrian","osm":154748864},"geometry":{"type":"LineString","coordinates":[[-3.59866,37.17729],[-3.59856,37.17714],[-3.59863,37.17712]]}},{"type":"Feature","properties":{"name":"Calle Álvaro de Bazán","kind":"road","road":"tertiary","osm":154863321},"geometry":{"type":"LineString","coordinates":[[-3.59974,37.17781],[-3.59936,37.17809],[-3.59933,37.1781]]}},{"type":"Feature","properties":{"name":"Placeta Radio Granada","kind":"road","road":"pedestrian","osm":154863324},"geometry":{"type":"LineString","coordinates":[[-3.59993,37.17804],[-3.59998,37.178],[-3.60003,37.17797],[-3.60005,37.17796],[-3.60009,37.17793],[-3.60001,37.17785],[-3.59997,37.17782],[-3.59993,37.17778],[-3.59986,37.17771],[-3.59986,37.17773],[-3.59983,37.17779],[-3.59981,37.1778],[-3.5998,37.17782],[-3.5998,37.17786],[-3.59989,37.17798],[-3.59993,37.17804]]}},{"type":"Feature","properties":{"name":"Plaza de San Agustín","kind":"road","road":"pedestrian","osm":154863326},"geometry":{"type":"LineString","coordinates":[[-3.59972,37.17779],[-3.59942,37.17752],[-3.59943,37.17751],[-3.59946,37.17749],[-3.59948,37.17748],[-3.5995,37.17748],[-3.59952,37.17749],[-3.59977,37.17771],[-3.59978,37.17772],[-3.59977,37.17775],[-3.59973,37.17778],[-3.59972,37.17779]]}},{"type":"Feature","properties":{"name":"Calle Postigo San Agustín","kind":"road","road":"pedestrian","osm":154863345},"geometry":{"type":"LineString","coordinates":[[-3.599,37.17779],[-3.59931,37.17808]]}},{"type":"Feature","properties":{"name":"Calle Hinojosa","kind":"road","road":"pedestrian","osm":154863348},"geometry":{"type":"LineString","coordinates":[[-3.60047,37.17854],[-3.6004,37.17841],[-3.60025,37.17822]]}},{"type":"Feature","properties":{"name":"Calle Cerro Pelado","kind":"road","road":"pedestrian","osm":155037738},"geometry":{"type":"LineString","coordinates":[[-3.58428,37.16629],[-3.58416,37.1666],[-3.58372,37.16655]]}},{"type":"Feature","properties":{"name":"Calle Almez","kind":"road","road":"pedestrian","osm":155049690},"geometry":{"type":"LineString","coordinates":[[-3.59403,37.17954],[-3.5937,37.17966]]}},{"type":"Feature","properties":{"name":"Calle Azacayuela de San Pedro","kind":"road","road":"pedestrian","osm":155049692},"geometry":{"type":"LineString","coordinates":[[-3.593,37.17954],[-3.59287,37.17963],[-3.59276,37.17969]]}},{"type":"Feature","properties":{"name":"Calle Clavel de San Pedro","kind":"road","road":"pedestrian","osm":155049696},"geometry":{"type":"LineString","coordinates":[[-3.5943,37.17875],[-3.59421,37.17883],[-3.59416,37.17887],[-3.59397,37.17897],[-3.59381,37.17907],[-3.59369,37.17913]]}},{"type":"Feature","properties":{"name":"Calle Rosal de San Pedro","kind":"road","road":"pedestrian","osm":155049699},"geometry":{"type":"LineString","coordinates":[[-3.59431,37.17912],[-3.59418,37.17918],[-3.59411,37.17921],[-3.59384,37.1793],[-3.5937,37.17934],[-3.59357,37.17937],[-3.59345,37.17942],[-3.59333,37.17948],[-3.59324,37.17953],[-3.59322,37.17955]]}},{"type":"Feature","properties":{"name":"Callejón Aljibe de Trillo","kind":"road","road":"pedestrian","osm":155049703},"geometry":{"type":"LineString","coordinates":[[-3.59369,37.17964],[-3.59355,37.17969],[-3.59338,37.17975],[-3.59335,37.17977],[-3.59307,37.17988],[-3.59307,37.17995],[-3.59302,37.17997]]}},{"type":"Feature","properties":{"name":"Placeta del Rosal","kind":"road","road":"pedestrian","osm":155049720},"geometry":{"type":"LineString","coordinates":[[-3.59357,37.17937],[-3.59369,37.17964],[-3.5937,37.17966]]}},{"type":"Feature","properties":{"name":"Plaza de Santo Domingo","kind":"road","road":"pedestrian","osm":155265058},"geometry":{"type":"LineString","coordinates":[[-3.59484,37.17305],[-3.59482,37.17307],[-3.59477,37.17311],[-3.59469,37.17318],[-3.59468,37.17317],[-3.59466,37.17318],[-3.5946,37.17323],[-3.59463,37.17325],[-3.59469,37.1733],[-3.59473,37.17327],[-3.5949,37.17338],[-3.59501,37.17329],[-3.59506,37.17325],[-3.59501,37.17322],[-3.59504,37.17319],[-3.5949,37.17309],[-3.59484,37.17305]]}},{"type":"Feature","properties":{"name":"Calle Cobertizo Santo Domingo","kind":"road","road":"pedestrian","osm":155265060},"geometry":{"type":"LineString","coordinates":[[-3.59403,37.17301],[-3.5942,37.17292]]}},{"type":"Feature","properties":{"name":"Calle Farax","kind":"road","road":"pedestrian","osm":155273797},"geometry":{"type":"LineString","coordinates":[[-3.58933,37.18874],[-3.58931,37.1888],[-3.58922,37.18918],[-3.58931,37.18919],[-3.58923,37.1895],[-3.58906,37.18947]]}},{"type":"Feature","properties":{"name":"Calle Patio de la Alberca","kind":"road","road":"pedestrian","osm":155273804},"geometry":{"type":"LineString","coordinates":[[-3.58663,37.1868],[-3.58682,37.18624]]}},{"type":"Feature","properties":{"name":"Cuesta del Aceituno","kind":"road","road":"tertiary","osm":155273812},"geometry":{"type":"LineString","coordinates":[[-3.5904,37.18678],[-3.59039,37.18674],[-3.59021,37.18661],[-3.59015,37.18659]]}},{"type":"Feature","properties":{"name":"Calle Río Bermejo","kind":"road","road":"pedestrian","osm":155297602},"geometry":{"type":"LineString","coordinates":[[-3.59673,37.16327],[-3.59687,37.16328],[-3.59696,37.16323],[-3.59711,37.16317],[-3.59726,37.1631]]}},{"type":"Feature","properties":{"name":"Calle Río Cubillas","kind":"road","road":"pedestrian","osm":155297603},"geometry":{"type":"LineString","coordinates":[[-3.59713,37.16349],[-3.59711,37.16317]]}},{"type":"Feature","properties":{"name":"Calle Río Lecrín","kind":"road","road":"pedestrian","osm":155297604},"geometry":{"type":"LineString","coordinates":[[-3.59818,37.16289],[-3.5977,37.16283],[-3.59758,37.16281],[-3.59724,37.16277]]}},{"type":"Feature","properties":{"name":"Calle Río Zújar","kind":"road","road":"pedestrian","osm":155297605},"geometry":{"type":"LineString","coordinates":[[-3.59729,37.16341],[-3.59726,37.1631]]}},{"type":"Feature","properties":{"name":"Placeta Obrero Castro López","kind":"road","road":"pedestrian","osm":155297607},"geometry":{"type":"LineString","coordinates":[[-3.59795,37.16297],[-3.59816,37.16299]]}},{"type":"Feature","properties":{"name":"Placeta Obrero Castro López","kind":"road","road":"pedestrian","osm":155297608},"geometry":{"type":"LineString","coordinates":[[-3.59742,37.16324],[-3.59742,37.16334]]}},{"type":"Feature","properties":{"name":"Placeta Obrero Castro López","kind":"road","road":"pedestrian","osm":155297609},"geometry":{"type":"LineString","coordinates":[[-3.59742,37.16296],[-3.59729,37.16296]]}},{"type":"Feature","properties":{"name":"Placeta Obrero Castro López","kind":"road","road":"pedestrian","osm":155297610},"geometry":{"type":"LineString","coordinates":[[-3.5977,37.16312],[-3.59775,37.16319]]}},{"type":"Feature","properties":{"name":"Placeta Obrero Castro López","kind":"road","road":"pedestrian","osm":155297611},"geometry":{"type":"LineString","coordinates":[[-3.59742,37.16296],[-3.59741,37.163],[-3.59742,37.16316],[-3.59739,37.16316],[-3.59739,37.16323],[-3.5974,37.16323],[-3.5974,37.16324],[-3.59742,37.16324],[-3.59745,37.16324],[-3.59767,37.16313],[-3.5977,37.16312],[-3.59772,37.1631],[-3.59795,37.16299],[-3.59795,37.16297],[-3.59796,37.16295],[-3.59787,37.16293],[-3.59775,37.16292],[-3.59761,37.1629],[-3.59763,37.16283],[-3.59757,37.16283],[-3.59753,37.16282],[-3.59752,37.16285],[-3.59753,37.16285],[-3.59752,37.16291],[-3.59751,37.16291],[-3.5975,37.16294],[-3.59742,37.16293],[-3.59742,37.16296]]}},{"type":"Feature","properties":{"name":"","kind":"road","road":"pedestrian","osm":155297626},"geometry":{"type":"LineString","coordinates":[[-3.59768,37.16335],[-3.59761,37.16326]]}},{"type":"Feature","properties":{"name":"","kind":"road","road":"pedestrian","osm":155297627},"geometry":{"type":"LineString","coordinates":[[-3.59696,37.16323],[-3.59698,37.16351]]}},{"type":"Feature","properties":{"name":"","kind":"road","road":"pedestrian","osm":155297628},"geometry":{"type":"LineString","coordinates":[[-3.59772,37.16274],[-3.5977,37.16283]]}},{"type":"Feature","properties":{"name":"","kind":"road","road":"pedestrian","osm":155297629},"geometry":{"type":"LineString","coordinates":[[-3.59823,37.16307],[-3.59816,37.16299],[-3.59818,37.16289],[-3.5982,37.1628]]}},{"type":"Feature","properties":{"name":"","kind":"road","road":"pedestrian","osm":155297631},"geometry":{"type":"LineString","coordinates":[[-3.59816,37.16299],[-3.59775,37.16319],[-3.59761,37.16326],[-3.59742,37.16334],[-3.59729,37.16341],[-3.59713,37.16349],[-3.59709,37.16351]]}},{"type":"Feature","properties":{"name":"Calle Río Guadalfeo","kind":"road","road":"pedestrian","osm":155298285},"geometry":{"type":"LineString","coordinates":[[-3.59774,37.16364],[-3.59794,37.16355],[-3.59797,37.16349],[-3.59801,37.16343],[-3.59836,37.16325],[-3.5985,37.16325]]}},{"type":"Feature","properties":{"name":"","kind":"road","road":"pedestrian","osm":155298291},"geometry":{"type":"LineString","coordinates":[[-3.59797,37.16349],[-3.59792,37.16347],[-3.59785,37.16338]]}},{"type":"Feature","properties":{"name":"","kind":"road","road":"pedestrian","osm":155298292},"geometry":{"type":"LineString","coordinates":[[-3.59797,37.16349],[-3.59805,37.16354],[-3.59811,37.16361]]}},{"type":"Feature","properties":{"name":"Calle Río Cacín","kind":"road","road":"pedestrian","osm":155300378},"geometry":{"type":"LineString","coordinates":[[-3.59753,37.16392],[-3.59727,37.16412],[-3.59722,37.16413],[-3.59718,37.16413]]}},{"type":"Feature","properties":{"name":"Placeta Río Bermejales","kind":"road","road":"pedestrian","osm":155300379},"geometry":{"type":"LineString","coordinates":[[-3.59763,37.16378],[-3.59762,37.16377],[-3.59761,37.16376],[-3.59755,37.16368],[-3.59754,37.16368],[-3.59752,37.16366],[-3.5975,37.16365],[-3.59747,37.16365],[-3.59739,37.16369],[-3.59739,37.1637],[-3.59737,37.16371],[-3.59736,37.1637],[-3.59728,37.16374],[-3.5972,37.16378],[-3.59721,37.16379],[-3.59718,37.1638],[-3.59718,37.16379],[-3.5971,37.16383],[-3.59707,37.16385],[-3.59706,37.16387],[-3.59706,37.1639],[-3.59708,37.1639],[-3.5971,37.1639],[-3.59718,37.16389],[-3.59719,37.16399],[-3.59719,37.16404],[-3.59722,37.16404],[-3.59724,37.16403],[-3.59743,37.16389],[-3.59746,37.16391],[-3.59749,37.16389],[-3.59752,37.16387],[-3.59759,37.16382],[-3.5976,37.1638],[-3.59763,37.16378]]}},{"type":"Feature","properties":{"name":"Placeta Río Bermejales","kind":"road","road":"pedestrian","osm":155300382},"geometry":{"type":"LineString","coordinates":[[-3.59722,37.16404],[-3.59722,37.16413]]}},{"type":"Feature","properties":{"name":"","kind":"road","road":"pedestrian","osm":155300394},"geometry":{"type":"LineString","coordinates":[[-3.59707,37.16385],[-3.59702,37.16379]]}},{"type":"Feature","properties":{"name":"","kind":"road","road":"pedestrian","osm":155300395},"geometry":{"type":"LineString","coordinates":[[-3.5977,37.16372],[-3.59762,37.16377]]}},{"type":"Feature","properties":{"name":"","kind":"road","road":"pedestrian","osm":155300396},"geometry":{"type":"LineString","coordinates":[[-3.59707,37.16385],[-3.59708,37.16387],[-3.59708,37.1639],[-3.5971,37.16413]]}},{"type":"Feature","properties":{"name":"","kind":"road","road":"pedestrian","osm":155300397},"geometry":{"type":"LineString","coordinates":[[-3.5975,37.16365],[-3.59744,37.16358]]}},{"type":"Feature","properties":{"name":"","kind":"road","road":"pedestrian","osm":155300398},"geometry":{"type":"LineString","coordinates":[[-3.59749,37.16389],[-3.59753,37.16392],[-3.59762,37.16398]]}},{"type":"Feature","properties":{"name":"","kind":"road","road":"pedestrian","osm":155300399},"geometry":{"type":"LineString","coordinates":[[-3.59719,37.16432],[-3.59718,37.16413],[-3.5971,37.16413],[-3.597,37.16413]]}},{"type":"Feature","properties":{"name":"","kind":"road","road":"pedestrian","osm":155302090},"geometry":{"type":"LineString","coordinates":[[-3.59821,37.16433],[-3.59789,37.16393]]}},{"type":"Feature","properties":{"name":"","kind":"road","road":"pedestrian","osm":155302742},"geometry":{"type":"LineString","coordinates":[[-3.59687,37.16354],[-3.59696,37.16352],[-3.59698,37.16351],[-3.59704,37.16348],[-3.59707,37.16348],[-3.59709,37.16351]]}},{"type":"Feature","properties":{"name":"","kind":"road","road":"pedestrian","osm":155302749},"geometry":{"type":"LineString","coordinates":[[-3.597,37.16413],[-3.597,37.16416],[-3.597,37.16423],[-3.59701,37.16425],[-3.59701,37.16426],[-3.59701,37.16432],[-3.59703,37.16443],[-3.5969,37.16452],[-3.59683,37.16441],[-3.59681,37.16432],[-3.5968,37.16414],[-3.59678,37.16396],[-3.59679,37.16394],[-3.59681,37.16392],[-3.59695,37.16384],[-3.59697,37.16383],[-3.59697,37.16387],[-3.59698,37.16398],[-3.59699,37.16408],[-3.597,37.16413]]}},{"type":"Feature","properties":{"name":"Calle Ciego de Arjona","kind":"road","road":"pedestrian","osm":155423563},"geometry":{"type":"LineString","coordinates":[[-3.60731,37.18577],[-3.60713,37.18599],[-3.6069,37.18627],[-3.6068,37.1864]]}},{"type":"Feature","properties":{"name":"Calle Doctor Adelardo Mora","kind":"road","road":"pedestrian","osm":155423564},"geometry":{"type":"LineString","coordinates":[[-3.60702,37.1865],[-3.6068,37.1864]]}},{"type":"Feature","properties":{"name":"Calle Don Emilio Durán Durán","kind":"road","road":"pedestrian","osm":155423565},"geometry":{"type":"LineString","coordinates":[[-3.60513,37.18556],[-3.60549,37.18573],[-3.60547,37.18577]]}},{"type":"Feature","properties":{"name":"Calle Don Emilio Durán Durán","kind":"road","road":"pedestrian","osm":155423566},"geometry":{"type":"LineString","coordinates":[[-3.60503,37.1856],[-3.60544,37.1858],[-3.60547,37.18577]]}},{"type":"Feature","properties":{"name":"Calle Don Emilio Durán Durán","kind":"road","road":"pedestrian","osm":155423567},"geometry":{"type":"LineString","coordinates":[[-3.60597,37.18601],[-3.60574,37.1859],[-3.60562,37.18584],[-3.60557,37.18581],[-3.60547,37.18577]]}},{"type":"Feature","properties":{"name":"Calle Hornillo de Vagos","kind":"road","road":"pedestrian","osm":155423568},"geometry":{"type":"LineString","coordinates":[[-3.60539,37.18675],[-3.60558,37.18651]]}},{"type":"Feature","properties":{"name":"Calle Hospital de San Lázaro","kind":"road","road":"pedestrian","osm":155423569},"geometry":{"type":"LineString","coordinates":[[-3.60626,37.18706],[-3.60638,37.18691]]}},{"type":"Feature","properties":{"name":"Calle Minas de San Lázaro","kind":"road","road":"pedestrian","osm":155423570},"geometry":{"type":"LineString","coordinates":[[-3.6064,37.18563],[-3.60656,37.18541]]}},{"type":"Feature","properties":{"name":"Calle Panaderos de San Lázaro","kind":"road","road":"pedestrian","osm":155423571},"geometry":{"type":"LineString","coordinates":[[-3.60557,37.18581],[-3.60519,37.18627],[-3.60517,37.1863]]}},{"type":"Feature","properties":{"name":"Calle Parra Baja","kind":"road","road":"pedestrian","osm":155423572},"geometry":{"type":"LineString","coordinates":[[-3.60574,37.1859],[-3.60538,37.18637],[-3.60536,37.18639]]}},{"type":"Feature","properties":{"name":"Calle Vidrio de San Lázaro","kind":"road","road":"tertiary","osm":155423574},"geometry":{"type":"LineString","coordinates":[[-3.60556,37.18488],[-3.60552,37.18493],[-3.60541,37.18507],[-3.6051,37.18548],[-3.60506,37.18554],[-3.60504,37.18557]]}},{"type":"Feature","properties":{"name":"Placeta Profesor Galdo Villegas","kind":"road","road":"pedestrian","osm":155423575},"geometry":{"type":"LineString","coordinates":[[-3.6052,37.1866],[-3.60526,37.18655],[-3.60535,37.18644],[-3.60537,37.1864],[-3.60539,37.18638],[-3.60538,37.18637],[-3.60519,37.18627],[-3.60517,37.18626],[-3.60502,37.18619],[-3.60501,37.18619],[-3.60486,37.18628],[-3.60503,37.18644],[-3.6052,37.1866]]}},{"type":"Feature","properties":{"name":"Plaza Altillo de las Eras","kind":"road","road":"pedestrian","osm":155423577},"geometry":{"type":"LineString","coordinates":[[-3.60424,37.18551],[-3.60448,37.18562],[-3.60454,37.18566],[-3.60457,37.18567],[-3.60458,37.18569],[-3.60471,37.18575],[-3.60487,37.18582],[-3.60492,37.18585],[-3.60491,37.18587],[-3.60486,37.18592],[-3.60485,37.18594],[-3.60483,37.18596],[-3.60471,37.18613],[-3.60465,37.18607],[-3.60445,37.18587],[-3.6042,37.18562],[-3.60423,37.18553],[-3.60424,37.18551]]}},{"type":"Feature","properties":{"name":"Plaza de San Juan de Letrán","kind":"road","road":"pedestrian","osm":155423578},"geometry":{"type":"LineString","coordinates":[[-3.60756,37.18655],[-3.60752,37.18653],[-3.60743,37.18648],[-3.60738,37.18645],[-3.60733,37.18642],[-3.60732,37.18642],[-3.60728,37.1864],[-3.60722,37.18638],[-3.60721,37.18637],[-3.60716,37.18634],[-3.60713,37.18637],[-3.60711,37.1864],[-3.60709,37.18641],[-3.60704,37.18648],[-3.60702,37.1865],[-3.60699,37.18654],[-3.60696,37.18658],[-3.60691,37.18664],[-3.6069,37.18664],[-3.6069,37.18665],[-3.60704,37.18673],[-3.60706,37.18671],[-3.60707,37.18672],[-3.60711,37.18674],[-3.60715,37.18674],[-3.60717,37.18675],[-3.60728,37.18681],[-3.60731,37.18683],[-3.60735,37.18684],[-3.60738,37.18681],[-3.6074,37.18678],[-3.60741,37.18677],[-3.60743,37.18674],[-3.60743,37.18673],[-3.60736,37.1867],[-3.6074,37.18665],[-3.60746,37.18668],[-3.60748,37.18666],[-3.60749,37.18665],[-3.60751,37.18662],[-3.60755,37.18657],[-3.60756,37.18655]]}},{"type":"Feature","properties":{"name":"Plaza de San Lázaro","kind":"road","road":"pedestrian","osm":155423579},"geometry":{"type":"LineString","coordinates":[[-3.60558,37.18651],[-3.60537,37.1864],[-3.60536,37.18639]]}},{"type":"Feature","properties":{"name":"Plaza de San Lázaro","kind":"road","road":"pedestrian","osm":155423580},"geometry":{"type":"LineString","coordinates":[[-3.60597,37.18601],[-3.60593,37.18602],[-3.6059,37.18606],[-3.60587,37.1861],[-3.60582,37.18616],[-3.60575,37.18625],[-3.60566,37.18637],[-3.60564,37.1864],[-3.60561,37.18643],[-3.60558,37.18648],[-3.60558,37.18651],[-3.60559,37.18653],[-3.6059,37.18668],[-3.60606,37.18676],[-3.60637,37.18692],[-3.60638,37.18691],[-3.60641,37.1869],[-3.60644,37.18687],[-3.60644,37.18686],[-3.60648,37.18681],[-3.60651,37.18678],[-3.60652,37.18677],[-3.60657,37.18671],[-3.60663,37.18664],[-3.60664,37.18663],[-3.6068,37.18644],[-3.6068,37.1864],[-3.60677,37.18638],[-3.60669,37.18634],[-3.60654,37.18627],[-3.60641,37.18621],[-3.6064,37.1862],[-3.60639,37.18619],[-3.60638,37.18619],[-3.60628,37.18614],[-3.60606,37.18603],[-3.60604,37.18602],[-3.60601,37.18601],[-3.60597,37.18601]]}},{"type":"Feature","properties":{"name":"Calle Minas de San Lázaro","kind":"road","road":"pedestrian","osm":155423584},"geometry":{"type":"LineString","coordinates":[[-3.6063,37.18558],[-3.60637,37.18561]]}},{"type":"Feature","properties":{"name":"Calle San Juan de Letrán","kind":"road","road":"pedestrian","osm":155423869},"geometry":{"type":"LineString","coordinates":[[-3.60678,37.1871],[-3.60648,37.18744],[-3.60644,37.18747],[-3.60644,37.18748]]}},{"type":"Feature","properties":{"name":"Plaza Luis Portero García","kind":"road","road":"pedestrian","osm":155437967},"geometry":{"type":"LineString","coordinates":[[-3.60321,37.1794],[-3.60323,37.17938],[-3.60327,37.17931],[-3.60302,37.17916],[-3.60288,37.17925],[-3.60286,37.17926],[-3.60285,37.17927],[-3.60292,37.17929],[-3.60321,37.1794]]}},{"type":"Feature","properties":{"name":"","kind":"park","road":"","osm":155437969},"geometry":{"type":"Polygon","coordinates":[[[-3.60249,37.17948],[-3.60282,37.17928],[-3.60284,37.17929],[-3.60285,37.17928],[-3.60285,37.17927],[-3.60292,37.17929],[-3.60289,37.17933],[-3.60276,37.17956],[-3.6027,37.17957],[-3.60249,37.17948]]]}},{"type":"Feature","properties":{"name":"Calle Santa Bárbara","kind":"road","road":"pedestrian","osm":155572557},"geometry":{"type":"LineString","coordinates":[[-3.60339,37.18312],[-3.60335,37.1831],[-3.60328,37.18316],[-3.60322,37.18313],[-3.60317,37.18309],[-3.60325,37.18302],[-3.60314,37.18295],[-3.60309,37.18301],[-3.60311,37.18302],[-3.60299,37.18316],[-3.60298,37.18315],[-3.60295,37.18317],[-3.60311,37.18326],[-3.60322,37.18332],[-3.60324,37.18329],[-3.60329,37.18323],[-3.60331,37.1832],[-3.60336,37.18315],[-3.60339,37.18312]]}},{"type":"Feature","properties":{"name":"Avenida de la Constitución","kind":"road","road":"primary","osm":155575181},"geometry":{"type":"LineString","coordinates":[[-3.60855,37.18631],[-3.60856,37.18632],[-3.6086,37.18634],[-3.60918,37.18661],[-3.60928,37.18667],[-3.60965,37.18684],[-3.60969,37.18686],[-3.61017,37.18703]]}},{"type":"Feature","properties":{"name":"Plaza Haza Grande","kind":"road","road":"tertiary","osm":155820447},"geometry":{"type":"LineString","coordinates":[[-3.59154,37.18923],[-3.59158,37.18922],[-3.59174,37.1892],[-3.59178,37.18919],[-3.59199,37.18917],[-3.59205,37.18916]]}},{"type":"Feature","properties":{"name":"Plaza Miguel Ruiz del Castillo","kind":"road","road":"pedestrian","osm":156043357},"geometry":{"type":"LineString","coordinates":[[-3.60013,37.17111],[-3.60013,37.17112],[-3.60018,37.17133],[-3.60018,37.17134],[-3.60035,37.17132],[-3.60034,37.17125],[-3.60033,37.17122],[-3.60033,37.17121],[-3.60032,37.17118],[-3.60031,37.17114],[-3.6003,37.17109],[-3.60013,37.17111]]}},{"type":"Feature","properties":{"name":"Calle Mero","kind":"road","road":"tertiary","osm":156118003},"geometry":{"type":"LineString","coordinates":[[-3.61572,37.18702],[-3.61607,37.18703],[-3.61613,37.18704],[-3.61619,37.18705],[-3.61623,37.18707],[-3.61659,37.18723]]}},{"type":"Feature","properties":{"name":"Plaza de la Fuente","kind":"road","road":"pedestrian","osm":156170295},"geometry":{"type":"LineString","coordinates":[[-3.58558,37.16665],[-3.58552,37.16678],[-3.58524,37.1667]]}},{"type":"Feature","properties":{"name":"Plaza del Duque de San Pedro de Galatino","kind":"road","road":"primary","osm":156173695},"geometry":{"type":"LineString","coordinates":[[-3.5878,37.16721],[-3.58769,37.16719],[-3.58763,37.16721],[-3.5876,37.16723]]}},{"type":"Feature","properties":{"name":"Plaza del Arcángel San Miguel","kind":"road","road":"pedestrian","osm":156213214},"geometry":{"type":"LineString","coordinates":[[-3.5932,37.16231],[-3.5932,37.16232],[-3.59317,37.16248],[-3.59313,37.16264],[-3.59315,37.1627],[-3.59316,37.16274]]}},{"type":"Feature","properties":{"name":"Calle Pintor Soria Aedo","kind":"road","road":"pedestrian","osm":156511861},"geometry":{"type":"LineString","coordinates":[[-3.60792,37.1794],[-3.60745,37.17909]]}},{"type":"Feature","properties":{"name":"Calle Profesor Motos Guirao","kind":"road","road":"tertiary","osm":156511862},"geometry":{"type":"LineString","coordinates":[[-3.60654,37.17911],[-3.60671,37.17909],[-3.60738,37.17902],[-3.6083,37.17892],[-3.60836,37.1789],[-3.6084,37.17888],[-3.60844,37.1788]]}},{"type":"Feature","properties":{"name":"Calle Santo Domingo Henares","kind":"road","road":"pedestrian","osm":156511863},"geometry":{"type":"LineString","coordinates":[[-3.60745,37.17909],[-3.60708,37.17945]]}},{"type":"Feature","properties":{"name":"Plaza de la Presentación","kind":"road","road":"pedestrian","osm":156511864},"geometry":{"type":"LineString","coordinates":[[-3.60603,37.17916],[-3.60602,37.17913],[-3.60598,37.17892],[-3.60594,37.17867]]}},{"type":"Feature","properties":{"name":"Plaza de la Presentación","kind":"road","road":"pedestrian","osm":156511869},"geometry":{"type":"LineString","coordinates":[[-3.60594,37.17867],[-3.60593,37.17862]]}},{"type":"Feature","properties":{"name":"","kind":"road","road":"primary","osm":156792385},"geometry":{"type":"LineString","coordinates":[[-3.60603,37.18152],[-3.60607,37.18144],[-3.60615,37.18129],[-3.60618,37.18124]]}},{"type":"Feature","properties":{"name":"Avenida de Fuente Nueva","kind":"road","road":"primary","osm":156792387},"geometry":{"type":"LineString","coordinates":[[-3.60618,37.18124],[-3.60621,37.18119],[-3.60637,37.18087],[-3.60647,37.18074],[-3.60666,37.18056]]}},{"type":"Feature","properties":{"name":"Avenida de la Constitución","kind":"road","road":"primary","osm":156792388},"geometry":{"type":"LineString","coordinates":[[-3.60467,37.18415],[-3.60461,37.18423],[-3.60459,37.18426],[-3.60452,37.18437]]}},{"type":"Feature","properties":{"name":"Placeta de la Seda","kind":"road","road":"pedestrian","osm":156818885},"geometry":{"type":"LineString","coordinates":[[-3.59891,37.17565],[-3.59894,37.17563],[-3.59899,37.1756]]}},{"type":"Feature","properties":{"name":"Calle Lopéz Rubio","kind":"road","road":"pedestrian","osm":156819358},"geometry":{"type":"LineString","coordinates":[[-3.59875,37.17536],[-3.59867,37.17532],[-3.59849,37.17521]]}},{"type":"Feature","properties":{"name":"Avenida Pablo Picasso","kind":"road","road":"pedestrian","osm":156822738},"geometry":{"type":"LineString","coordinates":[[-3.59534,37.16409],[-3.59555,37.16436]]}},{"type":"Feature","properties":{"name":"","kind":"road","road":"pedestrian","osm":156822739},"geometry":{"type":"LineString","coordinates":[[-3.59556,37.16399],[-3.59534,37.16409]]}},{"type":"Feature","properties":{"name":"Calle Puente del Carbón","kind":"road","road":"pedestrian","osm":156830689},"geometry":{"type":"LineString","coordinates":[[-3.59821,37.17503],[-3.5984,37.17515]]}},{"type":"Feature","properties":{"name":"Placeta de Tovar","kind":"road","road":"pedestrian","osm":156830698},"geometry":{"type":"LineString","coordinates":[[-3.59773,37.17494],[-3.59772,37.17495],[-3.59785,37.17502],[-3.59782,37.17505],[-3.59786,37.17508],[-3.59791,37.17511],[-3.59789,37.17513],[-3.59798,37.17523],[-3.59801,37.17527],[-3.59804,37.17528],[-3.59808,37.17522],[-3.59811,37.17515],[-3.59812,37.17512],[-3.59811,37.17511],[-3.59808,37.17511],[-3.59779,37.17496],[-3.5978,37.17495],[-3.59774,37.17492],[-3.59773,37.17494]]}},{"type":"Feature","properties":{"name":"","kind":"road","road":"pedestrian","osm":156830703},"geometry":{"type":"LineString","coordinates":[[-3.59744,37.17529],[-3.59743,37.17537],[-3.59743,37.1754],[-3.5974,37.1755]]}},{"type":"Feature","properties":{"name":"Plaza Poeta Luis Rosales","kind":"road","road":"pedestrian","osm":156830709},"geometry":{"type":"LineString","coordinates":[[-3.59765,37.17501],[-3.59752,37.17514],[-3.59744,37.17515]]}},{"type":"Feature","properties":{"name":"Plaza San Juan de la Cruz","kind":"road","road":"pedestrian","osm":156830715},"geometry":{"type":"LineString","coordinates":[[-3.59687,37.17513],[-3.59687,37.17511],[-3.59686,37.17505],[-3.59686,37.17501],[-3.59686,37.17499],[-3.59686,37.17497],[-3.59684,37.17497],[-3.59684,37.17489],[-3.59684,37.17487],[-3.59674,37.17488],[-3.59673,37.17488],[-3.59673,37.1749],[-3.59674,37.17491],[-3.59673,37.17513],[-3.59674,37.17513],[-3.59687,37.17513]]}},{"type":"Feature","properties":{"name":"Plaza Nueva","kind":"road","road":"secondary","osm":156836049},"geometry":{"type":"LineString","coordinates":[[-3.59578,37.17679],[-3.59575,37.1768],[-3.59574,37.17683]]}},{"type":"Feature","properties":{"name":"Calle Pisas","kind":"road","road":"pedestrian","osm":156836055},"geometry":{"type":"LineString","coordinates":[[-3.59521,37.17765],[-3.59502,37.17743]]}},{"type":"Feature","properties":{"name":"Calle Benalúa","kind":"road","road":"pedestrian","osm":156837501},"geometry":{"type":"LineString","coordinates":[[-3.59463,37.17794],[-3.59493,37.17783]]}},{"type":"Feature","properties":{"name":"Placeta Benalúa","kind":"road","road":"pedestrian","osm":156837506},"geometry":{"type":"LineString","coordinates":[[-3.5951,37.17791],[-3.59503,37.17793],[-3.59496,37.17783],[-3.59494,37.17784],[-3.59493,37.17783],[-3.59493,37.17782],[-3.59491,37.17779],[-3.595,37.17775],[-3.595,37.17776],[-3.59501,37.17777],[-3.59507,37.17786],[-3.5951,37.17791]]}},{"type":"Feature","properties":{"name":"Plaza del Carmen","kind":"road","road":"pedestrian","osm":156932696},"geometry":{"type":"LineString","coordinates":[[-3.59886,37.17429],[-3.59888,37.1743],[-3.59893,37.17434],[-3.59897,37.17429],[-3.59904,37.17419],[-3.59913,37.17405],[-3.59912,37.17406],[-3.59911,37.17406],[-3.5991,37.17406],[-3.5991,37.17405],[-3.59909,37.17405],[-3.59901,37.17399],[-3.59891,37.17391],[-3.59886,37.17387],[-3.59881,37.17383],[-3.59878,37.17381],[-3.59877,37.1738],[-3.59876,37.17381],[-3.59868,37.17386],[-3.59867,37.17387],[-3.59865,37.17388],[-3.59848,37.174],[-3.59849,37.17401],[-3.5985,37.17403],[-3.59868,37.17416],[-3.59885,37.17429],[-3.59886,37.17429]]}},{"type":"Feature","properties":{"name":"","kind":"park","road":"","osm":156975984},"geometry":{"type":"Polygon","coordinates":[[[-3.61245,37.18978],[-3.61235,37.18987],[-3.61213,37.18973],[-3.61223,37.18964],[-3.61245,37.18978]]]}},{"type":"Feature","properties":{"name":"","kind":"park","road":"","osm":156975988},"geometry":{"type":"Polygon","coordinates":[[[-3.61212,37.18955],[-3.61201,37.18966],[-3.61149,37.18935],[-3.6115,37.18933],[-3.61147,37.18931],[-3.61154,37.18924],[-3.61165,37.18914],[-3.61212,37.18955]]]}},{"type":"Feature","properties":{"name":"Avenida del Mediterráneo","kind":"road","road":"pedestrian","osm":157058714},"geometry":{"type":"LineString","coordinates":[[-3.60515,37.16462],[-3.60478,37.16401],[-3.60476,37.16397],[-3.60422,37.16307],[-3.60398,37.16269],[-3.60382,37.16241],[-3.60361,37.16206],[-3.60357,37.16199]]}},{"type":"Feature","properties":{"name":"Plaza General Emilio Herrera","kind":"road","road":"pedestrian","osm":157127435},"geometry":{"type":"LineString","coordinates":[[-3.59778,37.16829],[-3.5979,37.16847],[-3.59789,37.16847],[-3.59776,37.16852],[-3.59777,37.16854],[-3.59778,37.16856],[-3.59788,37.16871],[-3.59796,37.16868],[-3.59792,37.16862],[-3.59794,37.16859],[-3.5982,37.1685],[-3.59804,37.16817],[-3.59796,37.1682],[-3.59778,37.16829]]}},{"type":"Feature","properties":{"name":"Calle Carniceros","kind":"road","road":"pedestrian","osm":157280060},"geometry":{"type":"LineString","coordinates":[[-3.59376,37.18393],[-3.59398,37.18387],[-3.5942,37.18387],[-3.59441,37.18388]]}},{"type":"Feature","properties":{"name":"Placeta Carniceros","kind":"road","road":"pedestrian","osm":157280066},"geometry":{"type":"LineString","coordinates":[[-3.59352,37.18383],[-3.59351,37.18384],[-3.59348,37.18389],[-3.59357,37.18395],[-3.59359,37.18398],[-3.5936,37.18398],[-3.59376,37.18394],[-3.59376,37.18393],[-3.59375,37.1839],[-3.59374,37.18384],[-3.59367,37.18384],[-3.59367,37.18383],[-3.59361,37.18383],[-3.59352,37.18383]]}},{"type":"Feature","properties":{"name":"Calle Lavadero de Mendéz","kind":"road","road":"pedestrian","osm":157280527},"geometry":{"type":"LineString","coordinates":[[-3.59575,37.18254],[-3.59578,37.18253],[-3.59589,37.18254],[-3.59589,37.18255],[-3.59586,37.18256],[-3.59585,37.18262],[-3.59584,37.18263],[-3.59579,37.18266]]}},{"type":"Feature","properties":{"name":"Calle Sacristía de Santa Escolástica","kind":"road","road":"pedestrian","osm":157287586},"geometry":{"type":"LineString","coordinates":[[-3.59478,37.17451],[-3.59503,37.17434]]}},{"type":"Feature","properties":{"name":"Calle Cruz de Piedra del Realejo","kind":"road","road":"pedestrian","osm":157287588},"geometry":{"type":"LineString","coordinates":[[-3.59448,37.17564],[-3.59456,37.1755]]}},{"type":"Feature","properties":{"name":"Callejón de Pavaneras","kind":"road","road":"pedestrian","osm":157287589},"geometry":{"type":"LineString","coordinates":[[-3.59543,37.17515],[-3.59576,37.17489],[-3.59578,37.17487]]}},{"type":"Feature","properties":{"name":"Calle Honda del Realejo","kind":"road","road":"pedestrian","osm":157287590},"geometry":{"type":"LineString","coordinates":[[-3.59409,37.174],[-3.59424,37.17422],[-3.59441,37.17445]]}},{"type":"Feature","properties":{"name":"Calle Honda del Realejo","kind":"road","road":"pedestrian","osm":157287601},"geometry":{"type":"LineString","coordinates":[[-3.59365,37.17404],[-3.59366,37.17403],[-3.59391,37.17385],[-3.59401,37.174]]}},{"type":"Feature","properties":{"name":"Calle Alamillos de San Cecilio","kind":"road","road":"pedestrian","osm":157375132},"geometry":{"type":"LineString","coordinates":[[-3.59382,37.1748],[-3.59372,37.17479],[-3.59345,37.17465],[-3.59296,37.17436],[-3.59286,37.17433],[-3.59233,37.17432]]}},{"type":"Feature","properties":{"name":"Callejón Puerta del Sol","kind":"road","road":"pedestrian","osm":157375137},"geometry":{"type":"LineString","coordinates":[[-3.59382,37.1748],[-3.59406,37.17482],[-3.59415,37.17484],[-3.59421,37.17488],[-3.59432,37.17497]]}},{"type":"Feature","properties":{"name":"Cuesta del Realejo","kind":"road","road":"pedestrian","osm":157375139},"geometry":{"type":"LineString","coordinates":[[-3.59233,37.17432],[-3.59221,37.17432],[-3.59209,37.17434]]}},{"type":"Feature","properties":{"name":"Cuesta del Realejo","kind":"road","road":"pedestrian","osm":157375140},"geometry":{"type":"LineString","coordinates":[[-3.5924,37.17417],[-3.59245,37.17422],[-3.59265,37.17419],[-3.59267,37.17423],[-3.59233,37.17429]]}},{"type":"Feature","properties":{"name":"Placeta Puerta del Sol","kind":"road","road":"pedestrian","osm":157375144},"geometry":{"type":"LineString","coordinates":[[-3.59432,37.17497],[-3.59432,37.175],[-3.59446,37.17516],[-3.59456,37.17524],[-3.59459,37.17524],[-3.59463,37.17521],[-3.59468,37.17524]]}},{"type":"Feature","properties":{"name":"Placeta Puerta del Sol","kind":"road","road":"pedestrian","osm":157375145},"geometry":{"type":"LineString","coordinates":[[-3.59486,37.17523],[-3.59482,37.17521],[-3.59476,37.17521],[-3.5947,37.17521],[-3.59463,37.17517],[-3.59442,37.17505],[-3.59432,37.17497]]}},{"type":"Feature","properties":{"name":"","kind":"road","road":"pedestrian","osm":157375147},"geometry":{"type":"LineString","coordinates":[[-3.59468,37.17524],[-3.59486,37.17537]]}},{"type":"Feature","properties":{"name":"Calle Niños Luchando","kind":"road","road":"pedestrian","osm":157518459},"geometry":{"type":"LineString","coordinates":[[-3.60151,37.17936],[-3.6015,37.17935],[-3.60133,37.17917],[-3.60128,37.17905]]}},{"type":"Feature","properties":{"name":"Calle San Jerónimo","kind":"road","road":"pedestrian","osm":157518466},"geometry":{"type":"LineString","coordinates":[[-3.60101,37.17808],[-3.60065,37.17826]]}},{"type":"Feature","properties":{"name":"Placeta del Pulgar","kind":"road","road":"pedestrian","osm":157518467},"geometry":{"type":"LineString","coordinates":[[-3.5997,37.17844],[-3.59968,37.1784],[-3.59969,37.17839],[-3.59969,37.17836],[-3.59953,37.17825]]}},{"type":"Feature","properties":{"name":"Plaza de la Encarnación","kind":"road","road":"pedestrian","osm":157518471},"geometry":{"type":"LineString","coordinates":[[-3.60093,37.17864],[-3.60095,37.17865],[-3.60101,37.17869],[-3.60103,37.17872],[-3.6011,37.17868],[-3.60114,37.17866],[-3.60136,37.17854],[-3.60137,37.17855],[-3.6014,37.17853],[-3.60139,37.17848],[-3.60138,37.17843],[-3.60137,37.17841],[-3.60135,37.17843],[-3.60129,37.17846],[-3.60125,37.17848],[-3.60117,37.17852],[-3.60115,37.17853],[-3.6011,37.17855],[-3.60106,37.17858],[-3.60099,37.17861],[-3.60097,37.17862],[-3.60093,37.17864]]}},{"type":"Feature","properties":{"name":"Calle San Jerónimo","kind":"road","road":"pedestrian","osm":157518479},"geometry":{"type":"LineString","coordinates":[[-3.60117,37.17788],[-3.60102,37.17802]]}},{"type":"Feature","properties":{"name":"Callejuela de Calvache","kind":"road","road":"pedestrian","osm":157518480},"geometry":{"type":"LineString","coordinates":[[-3.6004,37.17789],[-3.60062,37.17776],[-3.60065,37.17775]]}},{"type":"Feature","properties":{"name":"Calle Cobertizo de Zárate","kind":"road","road":"pedestrian","osm":157518484},"geometry":{"type":"LineString","coordinates":[[-3.6014,37.17794],[-3.60118,37.17776],[-3.60105,37.17766],[-3.6009,37.17754]]}},{"type":"Feature","properties":{"name":"Placeta de Triviño","kind":"road","road":"pedestrian","osm":157518485},"geometry":{"type":"LineString","coordinates":[[-3.60214,37.18179],[-3.60216,37.18176],[-3.60223,37.18166],[-3.6023,37.18168],[-3.60245,37.18173]]}},{"type":"Feature","properties":{"name":"Plaza de Isabel la Católica","kind":"road","road":"pedestrian","osm":157520952},"geometry":{"type":"LineString","coordinates":[[-3.59709,37.17554],[-3.59711,37.17556],[-3.59725,37.17561],[-3.59729,37.17562],[-3.59732,37.17564],[-3.59743,37.17576],[-3.59746,37.17577],[-3.59747,37.17576],[-3.59761,37.17569],[-3.59765,37.17566],[-3.59773,37.17562],[-3.59778,37.17559],[-3.59774,37.17559],[-3.59771,37.17556],[-3.5977,37.17555],[-3.59765,37.17549],[-3.59755,37.17539],[-3.59746,37.17529],[-3.59744,37.17529],[-3.5974,37.1753],[-3.59741,37.17535],[-3.59741,37.17536],[-3.59709,37.17554]]}},{"type":"Feature","properties":{"name":"Calle Río Dauro","kind":"road","road":"pedestrian","osm":157685303},"geometry":{"type":"LineString","coordinates":[[-3.59811,37.16269],[-3.59816,37.16247],[-3.59817,37.16242],[-3.5983,37.16213],[-3.59833,37.16207],[-3.59846,37.1621]]}},{"type":"Feature","properties":{"name":"Plaza Río Beiro","kind":"road","road":"pedestrian","osm":157685307},"geometry":{"type":"LineString","coordinates":[[-3.59859,37.16271],[-3.59862,37.16264],[-3.59862,37.16263],[-3.59865,37.16256],[-3.59869,37.16257],[-3.59869,37.16256],[-3.59876,37.16258],[-3.59876,37.16259],[-3.5988,37.1626],[-3.59881,37.16258],[-3.59882,37.16256],[-3.59874,37.16253],[-3.59881,37.16238],[-3.59888,37.1624],[-3.59888,37.16238],[-3.59888,37.16236],[-3.5987,37.16226],[-3.59865,37.16223],[-3.59864,37.16225],[-3.59863,37.16228],[-3.59862,37.16231],[-3.59863,37.16231],[-3.5986,37.16237],[-3.59859,37.16237],[-3.59858,37.1624],[-3.59856,37.16244],[-3.59854,37.16248],[-3.59853,37.16251],[-3.59854,37.16252],[-3.59851,37.16258],[-3.5985,37.16257],[-3.59849,37.1626],[-3.59848,37.16263],[-3.59848,37.16265],[-3.59855,37.16266],[-3.59854,37.1627],[-3.59857,37.1627],[-3.59859,37.16271]]}},{"type":"Feature","properties":{"name":"","kind":"road","road":"pedestrian","osm":157685321},"geometry":{"type":"LineString","coordinates":[[-3.59856,37.16275],[-3.59857,37.1627],[-3.59858,37.16264]]}},{"type":"Feature","properties":{"name":"","kind":"road","road":"pedestrian","osm":157685323},"geometry":{"type":"LineString","coordinates":[[-3.59798,37.16267],[-3.59803,37.16244],[-3.59817,37.16213],[-3.5982,37.16212],[-3.5983,37.16213]]}},{"type":"Feature","properties":{"name":"","kind":"road","road":"pedestrian","osm":157685324},"geometry":{"type":"LineString","coordinates":[[-3.5985,37.16202],[-3.59846,37.1621],[-3.59843,37.16217],[-3.59834,37.16238],[-3.59829,37.16249],[-3.59827,37.1626],[-3.59825,37.16271]]}},{"type":"Feature","properties":{"name":"Plaza de la Libertad","kind":"road","road":"pedestrian","osm":157833175},"geometry":{"type":"LineString","coordinates":[[-3.6011,37.18322],[-3.60085,37.18338],[-3.60082,37.1834],[-3.60072,37.18346],[-3.60053,37.18326],[-3.60049,37.18323],[-3.60057,37.18318],[-3.60047,37.18308],[-3.60049,37.18307],[-3.60041,37.18299],[-3.60039,37.183],[-3.60025,37.18285],[-3.60026,37.18284],[-3.60018,37.18276],[-3.60017,37.18277],[-3.60007,37.18268],[-3.60009,37.18263],[-3.60012,37.1826],[-3.60026,37.18267],[-3.60033,37.18271],[-3.60047,37.18278],[-3.60059,37.18284],[-3.60061,37.18286],[-3.6007,37.18291],[-3.6007,37.1829],[-3.60093,37.18302],[-3.60092,37.18303],[-3.60102,37.18308],[-3.60103,37.18307],[-3.60125,37.18319],[-3.60124,37.1832],[-3.60133,37.18324],[-3.60136,37.18325],[-3.60145,37.18331],[-3.60152,37.18334],[-3.60148,37.18337],[-3.60144,37.1834],[-3.6011,37.18322]]}},{"type":"Feature","properties":{"name":"Plaza del Triunfo","kind":"road","road":"pedestrian","osm":157833176},"geometry":{"type":"LineString","coordinates":[[-3.60009,37.18225],[-3.59961,37.18216],[-3.59961,37.18217],[-3.5996,37.18225],[-3.5996,37.18227],[-3.59948,37.1824],[-3.59949,37.18244],[-3.59951,37.18251],[-3.59951,37.18252],[-3.59952,37.18255],[-3.59952,37.18256],[-3.59952,37.18257],[-3.59953,37.18261],[-3.59953,37.18264],[-3.59953,37.18266],[-3.59953,37.18268],[-3.59954,37.18268],[-3.59954,37.18269],[-3.59956,37.18269],[-3.59959,37.18268],[-3.5996,37.18267],[-3.59962,37.18265],[-3.59962,37.18261],[-3.59963,37.18257],[-3.59964,37.18255],[-3.59965,37.18254],[-3.59968,37.18253],[-3.5997,37.18252],[-3.59973,37.18251],[-3.59977,37.18251],[-3.59981,37.18252],[-3.59986,37.18248],[-3.59987,37.18246],[-3.59985,37.18245],[-3.60006,37.18227],[-3.60009,37.18225]]}},{"type":"Feature","properties":{"name":"Calle Hornillo de Cartuja","kind":"road","road":"pedestrian","osm":157838293},"geometry":{"type":"LineString","coordinates":[[-3.6009,37.18571],[-3.60085,37.18573],[-3.60078,37.18576]]}},{"type":"Feature","properties":{"name":"Avenida de Andalucía","kind":"road","road":"primary","osm":158051374},"geometry":{"type":"LineString","coordinates":[[-3.6138,37.18902],[-3.61304,37.18849],[-3.61283,37.18835],[-3.6128,37.18833],[-3.61257,37.18828]]}},{"type":"Feature","properties":{"name":"Glorieta de la Aviación Española","kind":"road","road":"primary","osm":158054187},"geometry":{"type":"LineString","coordinates":[[-3.60146,37.16282],[-3.60139,37.16283],[-3.60132,37.16286]]}},{"type":"Feature","properties":{"name":"","kind":"road","road":"primary","osm":158054192},"geometry":{"type":"LineString","coordinates":[[-3.60219,37.18314],[-3.60225,37.18313],[-3.60231,37.1831],[-3.60234,37.18306],[-3.60235,37.18304],[-3.60235,37.18301],[-3.60235,37.18298],[-3.60234,37.18295]]}},{"type":"Feature","properties":{"name":"Avenida del Sur","kind":"road","road":"primary","osm":158054202},"geometry":{"type":"LineString","coordinates":[[-3.611,37.18712],[-3.61097,37.18711],[-3.61094,37.1871],[-3.61045,37.18692]]}},{"type":"Feature","properties":{"name":"Avenida de América","kind":"road","road":"primary","osm":158054206},"geometry":{"type":"LineString","coordinates":[[-3.59964,37.16118],[-3.59973,37.16119],[-3.59988,37.16123],[-3.59992,37.16124],[-3.60009,37.1613],[-3.60024,37.16137],[-3.60037,37.16145],[-3.6005,37.16155],[-3.60062,37.16167],[-3.60074,37.16184],[-3.60116,37.16251],[-3.60118,37.16253],[-3.60122,37.16261],[-3.60125,37.16268]]}},{"type":"Feature","properties":{"name":"","kind":"road","road":"primary","osm":158054226},"geometry":{"type":"LineString","coordinates":[[-3.60234,37.18295],[-3.60232,37.18292],[-3.60229,37.1829]]}},{"type":"Feature","properties":{"name":"Avenida de América","kind":"road","road":"primary","osm":158054230},"geometry":{"type":"LineString","coordinates":[[-3.60135,37.16267],[-3.60126,37.16253],[-3.60124,37.16251],[-3.60083,37.16183],[-3.60073,37.16169],[-3.60064,37.16159],[-3.60053,37.16149],[-3.60038,37.16138],[-3.60028,37.16132]]}},{"type":"Feature","properties":{"name":"Calle Marqués de la Ensenada","kind":"road","road":"secondary","osm":158054240},"geometry":{"type":"LineString","coordinates":[[-3.60519,37.169],[-3.60523,37.16899],[-3.60527,37.16897],[-3.60561,37.16884],[-3.60626,37.16858],[-3.60629,37.16857],[-3.60632,37.16856],[-3.60641,37.16852]]}},{"type":"Feature","properties":{"name":"","kind":"road","road":"primary","osm":158054243},"geometry":{"type":"LineString","coordinates":[[-3.60202,37.18298],[-3.60202,37.183]]}},{"type":"Feature","properties":{"name":"Calle Reyes Católicos","kind":"road","road":"secondary","osm":158054244},"geometry":{"type":"LineString","coordinates":[[-3.59754,37.17581],[-3.59745,37.17585]]}},{"type":"Feature","properties":{"name":"Avenida de Andalucía","kind":"road","road":"primary","osm":158054245},"geometry":{"type":"LineString","coordinates":[[-3.61257,37.18828],[-3.6127,37.18837],[-3.61273,37.18839],[-3.61386,37.18916]]}},{"type":"Feature","properties":{"name":"Glorieta de la Aviación Española","kind":"road","road":"primary","osm":158054247},"geometry":{"type":"LineString","coordinates":[[-3.60132,37.16286],[-3.60127,37.16291],[-3.60125,37.16297]]}},{"type":"Feature","properties":{"name":"","kind":"road","road":"primary","osm":158054248},"geometry":{"type":"LineString","coordinates":[[-3.6021,37.18289],[-3.60206,37.18291],[-3.60203,37.18294],[-3.60202,37.18298]]}},{"type":"Feature","properties":{"name":"Glorieta de la Aviación Española","kind":"road","road":"primary","osm":158054249},"geometry":{"type":"LineString","coordinates":[[-3.60151,37.16322],[-3.60161,37.16319],[-3.6017,37.16313]]}},{"type":"Feature","properties":{"name":"Calle Doctor Alejandro Otero","kind":"road","road":"primary","osm":158054251},"geometry":{"type":"LineString","coordinates":[[-3.60417,37.16552],[-3.60432,37.16545]]}},{"type":"Feature","properties":{"name":"Glorieta de la Aviación Española","kind":"road","road":"primary","osm":158054260},"geometry":{"type":"LineString","coordinates":[[-3.6017,37.16313],[-3.60173,37.16306]]}},{"type":"Feature","properties":{"name":"Camino de Ronda","kind":"road","road":"primary","osm":158054262},"geometry":{"type":"LineString","coordinates":[[-3.60589,37.17033],[-3.60592,37.17037],[-3.60594,37.1704],[-3.60614,37.17074],[-3.60638,37.17112],[-3.60645,37.17123],[-3.60647,37.17126],[-3.60702,37.17217],[-3.60707,37.17225]]}},{"type":"Feature","properties":{"name":"Glorieta de la Aviación Española","kind":"road","road":"primary","osm":158061224},"geometry":{"type":"LineString","coordinates":[[-3.60125,37.16297],[-3.60124,37.16302],[-3.60125,37.16308],[-3.60129,37.16314],[-3.60135,37.16319],[-3.60144,37.16322]]}},{"type":"Feature","properties":{"name":"Calle Ribera del Beiro","kind":"road","road":"primary","osm":158061228},"geometry":{"type":"LineString","coordinates":[[-3.61257,37.18828],[-3.61247,37.18836],[-3.61244,37.18839],[-3.61173,37.18893],[-3.61171,37.18895],[-3.61168,37.18897],[-3.61165,37.189]]}},{"type":"Feature","properties":{"name":"Glorieta de la Aviación Española","kind":"road","road":"primary","osm":158061231},"geometry":{"type":"LineString","coordinates":[[-3.60173,37.16306],[-3.60174,37.16298],[-3.6017,37.16291],[-3.60163,37.16285],[-3.60154,37.16282]]}},{"type":"Feature","properties":{"name":"Glorieta de la Aviación Española","kind":"road","road":"primary","osm":158061233},"geometry":{"type":"LineString","coordinates":[[-3.60154,37.16282],[-3.60146,37.16282]]}},{"type":"Feature","properties":{"name":"Glorieta de la Aviación Española","kind":"road","road":"primary","osm":158061246},"geometry":{"type":"LineString","coordinates":[[-3.60144,37.16322],[-3.60151,37.16322]]}},{"type":"Feature","properties":{"name":"Avenida de la Constitución","kind":"road","road":"primary","osm":158061271},"geometry":{"type":"LineString","coordinates":[[-3.60839,37.18593],[-3.60831,37.18589],[-3.60828,37.18588],[-3.60784,37.18567],[-3.60763,37.18557],[-3.60759,37.18555],[-3.60719,37.18536],[-3.60665,37.1851],[-3.60647,37.18502],[-3.60644,37.185],[-3.60629,37.18493]]}},{"type":"Feature","properties":{"name":"Avenida Doctor Olóriz","kind":"road","road":"primary","osm":158062880},"geometry":{"type":"LineString","coordinates":[[-3.60633,37.18964],[-3.60635,37.1896],[-3.60637,37.18957],[-3.60648,37.1894]]}},{"type":"Feature","properties":{"name":"Camino de Ronda","kind":"road","road":"primary","osm":158065188},"geometry":{"type":"LineString","coordinates":[[-3.60873,37.175],[-3.60877,37.17507],[-3.60879,37.1751],[-3.60904,37.17551],[-3.6093,37.17594],[-3.60934,37.17599],[-3.60943,37.17615],[-3.60945,37.17617],[-3.60951,37.17628],[-3.60977,37.1767],[-3.61003,37.17712]]}},{"type":"Feature","properties":{"name":"Calle Doctor Azpitarte","kind":"road","road":"secondary","osm":158065202},"geometry":{"type":"LineString","coordinates":[[-3.60984,37.18911],[-3.60975,37.18908],[-3.60919,37.18886],[-3.60896,37.18877],[-3.60887,37.18873],[-3.60842,37.18856],[-3.60826,37.18849],[-3.60814,37.18845],[-3.60807,37.18842]]}},{"type":"Feature","properties":{"name":"Calle Méndez Núñez","kind":"road","road":"primary","osm":158065204},"geometry":{"type":"LineString","coordinates":[[-3.61058,37.17785],[-3.61066,37.17782],[-3.61071,37.1778],[-3.61074,37.17779],[-3.61134,37.17756]]}},{"type":"Feature","properties":{"name":"Avenida de la Constitución","kind":"road","road":"primary","osm":158065206},"geometry":{"type":"LineString","coordinates":[[-3.60452,37.18437],[-3.60469,37.18446],[-3.60473,37.18447],[-3.60485,37.18454],[-3.60514,37.18468],[-3.60534,37.18477],[-3.60556,37.18488],[-3.60559,37.18489],[-3.60599,37.18509]]}},{"type":"Feature","properties":{"name":"Calle Doctor Severo Ochoa","kind":"road","road":"primary","osm":158065211},"geometry":{"type":"LineString","coordinates":[[-3.60534,37.18282],[-3.60515,37.18301],[-3.60484,37.18361],[-3.60471,37.18388],[-3.60468,37.18392],[-3.60467,37.18396]]}},{"type":"Feature","properties":{"name":"Calle Doctor Severo Ochoa","kind":"road","road":"primary","osm":158065214},"geometry":{"type":"LineString","coordinates":[[-3.60467,37.18396],[-3.60461,37.18403],[-3.60455,37.18409]]}},{"type":"Feature","properties":{"name":"Avenida de la Constitución","kind":"road","road":"primary","osm":158065217},"geometry":{"type":"LineString","coordinates":[[-3.60475,37.18418],[-3.60467,37.18415]]}},{"type":"Feature","properties":{"name":"Camino de Ronda","kind":"road","road":"primary","osm":158065228},"geometry":{"type":"LineString","coordinates":[[-3.61058,37.17785],[-3.61054,37.17778]]}},{"type":"Feature","properties":{"name":"Glorieta Festival Internacional de Música y Danza de Granada","kind":"road","road":"secondary","osm":158065234},"geometry":{"type":"LineString","coordinates":[[-3.60578,37.18123],[-3.60577,37.18125],[-3.60576,37.18128],[-3.60575,37.18132],[-3.60576,37.18134],[-3.60577,37.18138],[-3.6058,37.18141]]}},{"type":"Feature","properties":{"name":"Calle Grajales","kind":"road","road":"pedestrian","osm":158194242},"geometry":{"type":"LineString","coordinates":[[-3.58953,37.18018],[-3.58965,37.18046],[-3.58969,37.18059],[-3.5895,37.18061],[-3.5894,37.18061],[-3.58937,37.18061]]}},{"type":"Feature","properties":{"name":"Plaza de La Victoria","kind":"road","road":"pedestrian","osm":158194244},"geometry":{"type":"LineString","coordinates":[[-3.58928,37.18021],[-3.58929,37.18021],[-3.58953,37.18019],[-3.58953,37.18018],[-3.58954,37.18018],[-3.58954,37.18016],[-3.58952,37.18008],[-3.58951,37.18008],[-3.58951,37.18006],[-3.58949,37.18005],[-3.58945,37.18004],[-3.58942,37.18003],[-3.58937,37.18002],[-3.58929,37.18001],[-3.58921,37.18001],[-3.58925,37.18022],[-3.58928,37.18021]]}},{"type":"Feature","properties":{"name":"Placeta de Fátima","kind":"road","road":"pedestrian","osm":158197066},"geometry":{"type":"LineString","coordinates":[[-3.59247,37.18344],[-3.59244,37.18342],[-3.59242,37.18341],[-3.59244,37.1834],[-3.59226,37.18325],[-3.59223,37.18326],[-3.59219,37.18324],[-3.59246,37.18321],[-3.59259,37.18321],[-3.59269,37.18322],[-3.5927,37.18322],[-3.59272,37.18322],[-3.59265,37.1833],[-3.59247,37.18344]]}},{"type":"Feature","properties":{"name":"Calle Cruellas","kind":"road","road":"pedestrian","osm":158200000},"geometry":{"type":"LineString","coordinates":[[-3.596,37.17291],[-3.59581,37.1731]]}},{"type":"Feature","properties":{"name":"Calle Fray Luis de Granada","kind":"road","road":"pedestrian","osm":158200001},"geometry":{"type":"LineString","coordinates":[[-3.59611,37.1728],[-3.59588,37.17263]]}},{"type":"Feature","properties":{"name":"Placeta del Agua","kind":"road","road":"pedestrian","osm":158200003},"geometry":{"type":"LineString","coordinates":[[-3.5962,37.17272],[-3.59611,37.1728],[-3.596,37.17291]]}},{"type":"Feature","properties":{"name":"Plaza de Carlos Cano","kind":"road","road":"pedestrian","osm":158200007},"geometry":{"type":"LineString","coordinates":[[-3.59581,37.17313],[-3.59592,37.1732],[-3.59603,37.17327],[-3.59591,37.17339],[-3.59589,37.1734],[-3.59588,37.17342],[-3.59566,37.17327],[-3.59567,37.17326],[-3.59581,37.17313]]}},{"type":"Feature","properties":{"name":"Calle Bocanegra","kind":"road","road":"pedestrian","osm":158230278},"geometry":{"type":"LineString","coordinates":[[-3.59641,37.17997],[-3.59653,37.17997],[-3.59682,37.17998],[-3.59685,37.17998]]}},{"type":"Feature","properties":{"name":"Calle Tiña","kind":"road","road":"pedestrian","osm":158230281},"geometry":{"type":"LineString","coordinates":[[-3.59563,37.17999],[-3.59546,37.18],[-3.59535,37.18003]]}},{"type":"Feature","properties":{"name":"Cuesta Beteta","kind":"road","road":"pedestrian","osm":158230282},"geometry":{"type":"LineString","coordinates":[[-3.59875,37.18008],[-3.59868,37.17985],[-3.5986,37.17969],[-3.5985,37.17953],[-3.5983,37.1793],[-3.59823,37.17921],[-3.59818,37.17914],[-3.59797,37.17893],[-3.59786,37.17884],[-3.59772,37.17875],[-3.59761,37.17868],[-3.59743,37.17856],[-3.59724,37.17849],[-3.59719,37.17854]]}},{"type":"Feature","properties":{"name":"Calle Lavadero Manchega","kind":"road","road":"pedestrian","osm":158230283},"geometry":{"type":"LineString","coordinates":[[-3.59724,37.17849],[-3.5972,37.17848],[-3.59729,37.17838],[-3.59721,37.17832],[-3.5973,37.17826],[-3.59717,37.17815],[-3.59716,37.17814]]}},{"type":"Feature","properties":{"name":"Calle Cobertizo de Gadeo","kind":"road","road":"pedestrian","osm":158230284},"geometry":{"type":"LineString","coordinates":[[-3.59823,37.1786],[-3.59803,37.17871]]}},{"type":"Feature","properties":{"name":"Calle Aguirre","kind":"road","road":"pedestrian","osm":158230287},"geometry":{"type":"LineString","coordinates":[[-3.59796,37.17832],[-3.59784,37.17837],[-3.59776,37.17841],[-3.59764,37.17848],[-3.59761,37.17851],[-3.59767,37.17857]]}},{"type":"Feature","properties":{"name":"Calle Rueda Bolas","kind":"road","road":"pedestrian","osm":158230288},"geometry":{"type":"LineString","coordinates":[[-3.59772,37.17875],[-3.59785,37.17864],[-3.59791,37.17861],[-3.59799,37.17857],[-3.59798,37.17845],[-3.59803,37.17842]]}},{"type":"Feature","properties":{"name":"Calle de los Negros","kind":"road","road":"pedestrian","osm":158330973},"geometry":{"type":"LineString","coordinates":[[-3.59728,37.17922],[-3.59728,37.17928],[-3.59734,37.17937],[-3.59738,37.17947],[-3.59749,37.17944],[-3.59754,37.17958],[-3.59756,37.17968],[-3.59759,37.17967]]}},{"type":"Feature","properties":{"name":"Placeta de los Negros","kind":"road","road":"pedestrian","osm":158330975},"geometry":{"type":"LineString","coordinates":[[-3.5971,37.17921],[-3.59722,37.17916]]}},{"type":"Feature","properties":{"name":"Placeta de los Negros","kind":"road","road":"pedestrian","osm":158330977},"geometry":{"type":"LineString","coordinates":[[-3.59726,37.17913],[-3.59728,37.17913],[-3.5973,37.17912],[-3.59733,37.17916],[-3.59735,37.17918],[-3.59733,37.17919],[-3.5973,37.17921],[-3.59728,37.17922],[-3.59725,37.17922],[-3.59724,37.17921],[-3.59722,37.17917],[-3.59722,37.17916],[-3.59721,37.17915],[-3.59726,37.17913]]}},{"type":"Feature","properties":{"name":"Placeta Almirante","kind":"road","road":"pedestrian","osm":158331364},"geometry":{"type":"LineString","coordinates":[[-3.59649,37.1789],[-3.59655,37.17886],[-3.59657,37.17886],[-3.59658,37.17885],[-3.59657,37.17884],[-3.59651,37.17878],[-3.5965,37.17877],[-3.59647,37.17879],[-3.59644,37.17875],[-3.59643,37.17875],[-3.59643,37.17876],[-3.59645,37.17879],[-3.59627,37.17886],[-3.59628,37.17888],[-3.59629,37.17889],[-3.5964,37.17886],[-3.59645,37.17884],[-3.59648,37.1789],[-3.59649,37.1789]]}},{"type":"Feature","properties":{"name":"Calle Correo Viejo","kind":"road","road":"pedestrian","osm":158416822},"geometry":{"type":"LineString","coordinates":[[-3.59727,37.17807],[-3.59741,37.178],[-3.59752,37.17816],[-3.59764,37.17831]]}},{"type":"Feature","properties":{"name":"Calle Correo Viejo","kind":"road","road":"pedestrian","osm":158416823},"geometry":{"type":"LineString","coordinates":[[-3.59729,37.17838],[-3.59742,37.17847],[-3.59751,37.1784],[-3.59757,37.17836],[-3.5976,37.17834],[-3.59764,37.17831],[-3.59785,37.17818]]}},{"type":"Feature","properties":{"name":"Calle Elvira","kind":"road","road":"pedestrian","osm":158416825},"geometry":{"type":"LineString","coordinates":[[-3.59877,37.1795],[-3.59868,37.17953]]}},{"type":"Feature","properties":{"name":"Calle Serrano","kind":"road","road":"pedestrian","osm":158416827},"geometry":{"type":"LineString","coordinates":[[-3.59851,37.18131],[-3.59852,37.18166]]}},{"type":"Feature","properties":{"name":"Placeta del Correo Viejo","kind":"road","road":"pedestrian","osm":158416829},"geometry":{"type":"LineString","coordinates":[[-3.59727,37.17807],[-3.59727,37.17806],[-3.59724,37.17801],[-3.59718,37.17804],[-3.59716,37.17806],[-3.5971,37.17809],[-3.59708,37.1781],[-3.59707,37.1781],[-3.59709,37.17812],[-3.59712,37.17814],[-3.59712,37.17815],[-3.59714,37.17817],[-3.59715,37.17816],[-3.59717,37.17816],[-3.59717,37.17815],[-3.59718,37.17815],[-3.59721,37.17813],[-3.59722,37.17813],[-3.59728,37.17809],[-3.59727,37.17807]]}},{"type":"Feature","properties":{"name":"Calle Serrano","kind":"road","road":"pedestrian","osm":158416833},"geometry":{"type":"LineString","coordinates":[[-3.59823,37.18164],[-3.59821,37.18138]]}},{"type":"Feature","properties":{"name":"Placeta de María la Canastera","kind":"road","road":"pedestrian","osm":158513468},"geometry":{"type":"LineString","coordinates":[[-3.58922,37.18296],[-3.58923,37.18288],[-3.58913,37.18284],[-3.58911,37.18294],[-3.58909,37.18294]]}},{"type":"Feature","properties":{"name":"Calle Guatimocín","kind":"road","road":"pedestrian","osm":158513469},"geometry":{"type":"LineString","coordinates":[[-3.59072,37.18317],[-3.59052,37.18328],[-3.59039,37.18314]]}},{"type":"Feature","properties":{"name":"Callejón del Boli","kind":"road","road":"pedestrian","osm":158514180},"geometry":{"type":"LineString","coordinates":[[-3.58837,37.18131],[-3.58832,37.18119]]}},{"type":"Feature","properties":{"name":"Calle Contador","kind":"road","road":"pedestrian","osm":158714760},"geometry":{"type":"LineString","coordinates":[[-3.59048,37.18272],[-3.59046,37.18269],[-3.59038,37.18263],[-3.59024,37.18249],[-3.5902,37.1824],[-3.59014,37.18235]]}},{"type":"Feature","properties":{"name":"Calle Guatimocín","kind":"road","road":"pedestrian","osm":158714763},"geometry":{"type":"LineString","coordinates":[[-3.59059,37.18286],[-3.59089,37.18265]]}},{"type":"Feature","properties":{"name":"Calle Brujones","kind":"road","road":"pedestrian","osm":158723794},"geometry":{"type":"LineString","coordinates":[[-3.59559,37.18349],[-3.59558,37.18337]]}},{"type":"Feature","properties":{"name":"Plaza de Los Yesqueros","kind":"road","road":"pedestrian","osm":158723831},"geometry":{"type":"LineString","coordinates":[[-3.59727,37.18285],[-3.5973,37.18283],[-3.59725,37.18271],[-3.5972,37.18275],[-3.59719,37.18276],[-3.5971,37.18283],[-3.59712,37.18285],[-3.59716,37.18288],[-3.59721,37.18284],[-3.59725,37.18287],[-3.59727,37.18285]]}},{"type":"Feature","properties":{"name":"Plaza de San Cristóbal","kind":"road","road":"pedestrian","osm":158723834},"geometry":{"type":"LineString","coordinates":[[-3.59687,37.18384],[-3.59675,37.18377],[-3.59673,37.18377],[-3.59667,37.18382],[-3.59665,37.18382],[-3.59654,37.18377]]}},{"type":"Feature","properties":{"name":"Plaza de San Cristóbal","kind":"road","road":"pedestrian","osm":158723841},"geometry":{"type":"LineString","coordinates":[[-3.59703,37.18386],[-3.59689,37.18374],[-3.59692,37.18371],[-3.59686,37.18365]]}},{"type":"Feature","properties":{"name":"Callejón de la Botica","kind":"road","road":"pedestrian","osm":158839752},"geometry":{"type":"LineString","coordinates":[[-3.59309,37.18277],[-3.59312,37.18269]]}},{"type":"Feature","properties":{"name":"Calle Aljibe de Polo","kind":"road","road":"pedestrian","osm":158840310},"geometry":{"type":"LineString","coordinates":[[-3.59183,37.18243],[-3.59187,37.18244],[-3.59186,37.18246]]}},{"type":"Feature","properties":{"name":"Calle Horno del Moral","kind":"road","road":"pedestrian","osm":158840311},"geometry":{"type":"LineString","coordinates":[[-3.59234,37.18254],[-3.59236,37.18248],[-3.59235,37.18247],[-3.59206,37.18235],[-3.59212,37.18226]]}},{"type":"Feature","properties":{"name":"Calle Horno del Moral","kind":"road","road":"pedestrian","osm":158840312},"geometry":{"type":"LineString","coordinates":[[-3.59271,37.18228],[-3.59264,37.18226],[-3.59259,37.18224],[-3.59243,37.18218],[-3.5924,37.18223],[-3.59242,37.18224],[-3.59242,37.18233],[-3.59235,37.18247]]}},{"type":"Feature","properties":{"name":"Callejón Alhacaba","kind":"road","road":"pedestrian","osm":158841099},"geometry":{"type":"LineString","coordinates":[[-3.59781,37.18267],[-3.59788,37.18258],[-3.59791,37.1825]]}},{"type":"Feature","properties":{"name":"Calle Pernaleros Alto","kind":"road","road":"pedestrian","osm":158841100},"geometry":{"type":"LineString","coordinates":[[-3.59802,37.18315],[-3.5981,37.18323],[-3.59827,37.1834]]}},{"type":"Feature","properties":{"name":"Calle Acera de San Ildefonso","kind":"road","road":"tertiary","osm":158844172},"geometry":{"type":"LineString","coordinates":[[-3.60008,37.18465],[-3.60014,37.18468],[-3.60019,37.18469],[-3.60022,37.18469]]}},{"type":"Feature","properties":{"name":"Calle Real de Cartuja","kind":"road","road":"tertiary","osm":158844177},"geometry":{"type":"LineString","coordinates":[[-3.60014,37.18508],[-3.60013,37.18518],[-3.60008,37.18547],[-3.60004,37.18575],[-3.60007,37.18583]]}},{"type":"Feature","properties":{"name":"Placeta Alpargateros","kind":"road","road":"pedestrian","osm":158844181},"geometry":{"type":"LineString","coordinates":[[-3.59872,37.18419],[-3.59875,37.18423],[-3.59879,37.18428],[-3.59874,37.18431],[-3.5987,37.18434],[-3.59868,37.18435],[-3.59867,37.18434],[-3.59865,37.18432],[-3.59869,37.18429],[-3.59866,37.18424],[-3.59865,37.18422],[-3.59869,37.1842],[-3.59872,37.18419]]}},{"type":"Feature","properties":{"name":"Calle Sacristía de San Ildefonso","kind":"road","road":"pedestrian","osm":158844186},"geometry":{"type":"LineString","coordinates":[[-3.59909,37.18383],[-3.59909,37.1837]]}},{"type":"Feature","properties":{"name":"","kind":"park","road":"","osm":159320937},"geometry":{"type":"Polygon","coordinates":[[[-3.59268,37.16307],[-3.59267,37.16308],[-3.59237,37.16304],[-3.59236,37.16303],[-3.59235,37.16303],[-3.59236,37.16302],[-3.59258,37.16286],[-3.59259,37.16285],[-3.5926,37.16286],[-3.59261,37.16287],[-3.59269,37.16306],[-3.59269,37.16307],[-3.59268,37.16307]]]}},{"type":"Feature","properties":{"name":"Calle Doctor Severo Ochoa","kind":"road","road":"primary","osm":159491065},"geometry":{"type":"LineString","coordinates":[[-3.60534,37.18282],[-3.60543,37.18265],[-3.60544,37.18263],[-3.60545,37.1826],[-3.60587,37.18181],[-3.60589,37.18178],[-3.60592,37.18173],[-3.60603,37.18152]]}},{"type":"Feature","properties":{"name":"Calle Postigo de Zárate","kind":"road","road":"pedestrian","osm":159492546},"geometry":{"type":"LineString","coordinates":[[-3.60088,37.17789],[-3.60114,37.17778],[-3.60118,37.17776],[-3.60126,37.17773],[-3.6015,37.17763],[-3.60174,37.17749],[-3.60175,37.17748]]}},{"type":"Feature","properties":{"name":"Calle Bolsillo de Santa Paula","kind":"road","road":"pedestrian","osm":159493597},"geometry":{"type":"LineString","coordinates":[[-3.60044,37.17922],[-3.60028,37.17916]]}},{"type":"Feature","properties":{"name":"Placeta Piedra Santa","kind":"road","road":"pedestrian","osm":159494232},"geometry":{"type":"LineString","coordinates":[[-3.59766,37.17364],[-3.59754,37.17381]]}},{"type":"Feature","properties":{"name":"Calle Andorra","kind":"road","road":"pedestrian","osm":159495028},"geometry":{"type":"LineString","coordinates":[[-3.59738,37.17268],[-3.59729,37.17281],[-3.59728,37.1729],[-3.59727,37.17295],[-3.59726,37.173]]}},{"type":"Feature","properties":{"name":"Calle Campo Verde","kind":"road","road":"pedestrian","osm":159495746},"geometry":{"type":"LineString","coordinates":[[-3.60041,37.17378],[-3.6001,37.17401]]}},{"type":"Feature","properties":{"name":"Callejón de San Nicolás","kind":"road","road":"pedestrian","osm":159656761},"geometry":{"type":"LineString","coordinates":[[-3.59331,37.18102],[-3.59341,37.18103],[-3.59349,37.18104],[-3.59358,37.18106]]}},{"type":"Feature","properties":{"name":"Avenida de Murcia","kind":"road","road":"primary","osm":159661116},"geometry":{"type":"LineString","coordinates":[[-3.60359,37.18705],[-3.6035,37.1871],[-3.60346,37.18711],[-3.60297,37.18721],[-3.60257,37.18729],[-3.60241,37.18733],[-3.60232,37.18735],[-3.60132,37.18754],[-3.60119,37.18757],[-3.60097,37.18762],[-3.60086,37.18766],[-3.60073,37.18772],[-3.60044,37.18786],[-3.60024,37.18796],[-3.60021,37.18798],[-3.60017,37.188],[-3.6001,37.18801]]}},{"type":"Feature","properties":{"name":"Calle Ancha de Capuchinos","kind":"road","road":"secondary","osm":159661118},"geometry":{"type":"LineString","coordinates":[[-3.60331,37.18652],[-3.60328,37.18648],[-3.60327,37.18645],[-3.60324,37.18639],[-3.60295,37.18607],[-3.6029,37.18602],[-3.60258,37.18567],[-3.60249,37.18556],[-3.60229,37.18533],[-3.60206,37.18508],[-3.6018,37.18479],[-3.60173,37.18472],[-3.60166,37.18464],[-3.60113,37.18406],[-3.60111,37.18403],[-3.60102,37.18394]]}},{"type":"Feature","properties":{"name":"Carretera de la Sierra","kind":"road","road":"pedestrian","osm":159665171},"geometry":{"type":"LineString","coordinates":[[-3.581,37.16518],[-3.58102,37.16515],[-3.58127,37.16469],[-3.58128,37.16468]]}},{"type":"Feature","properties":{"name":"Calle Espaldas de San Nicolás","kind":"road","road":"pedestrian","osm":159684827},"geometry":{"type":"LineString","coordinates":[[-3.59237,37.18147],[-3.59238,37.18149],[-3.59236,37.18168]]}},{"type":"Feature","properties":{"name":"Paseo de Cartuja","kind":"road","road":"primary","osm":160024701},"geometry":{"type":"LineString","coordinates":[[-3.6001,37.18801],[-3.60017,37.18816],[-3.6002,37.18825]]}},{"type":"Feature","properties":{"name":"Calle Jáudenes","kind":"road","road":"pedestrian","osm":160091184},"geometry":{"type":"LineString","coordinates":[[-3.60162,37.17539],[-3.60159,37.17541],[-3.60146,37.17546],[-3.60143,37.17548],[-3.601,37.17562]]}},{"type":"Feature","properties":{"name":"Calle Sorozábal","kind":"road","road":"pedestrian","osm":160091633},"geometry":{"type":"LineString","coordinates":[[-3.60595,37.16659],[-3.60596,37.16658],[-3.60623,37.16648],[-3.60626,37.16647],[-3.60638,37.16642],[-3.60662,37.16633],[-3.60664,37.16636],[-3.60669,37.16635]]}},{"type":"Feature","properties":{"name":"Plaza de la Concordia","kind":"park","road":"","osm":160092005},"geometry":{"type":"Polygon","coordinates":[[[-3.59672,37.16561],[-3.59661,37.16567],[-3.59628,37.16585],[-3.59607,37.16597],[-3.59592,37.16578],[-3.5959,37.16576],[-3.59604,37.16569],[-3.59573,37.16532],[-3.59573,37.1653],[-3.59625,37.16503],[-3.59664,37.16551],[-3.59672,37.16561]]]}},{"type":"Feature","properties":{"name":"Calle Paloma","kind":"road","road":"pedestrian","osm":160092520},"geometry":{"type":"LineString","coordinates":[[-3.61255,37.18631],[-3.61272,37.18635],[-3.61277,37.18636]]}},{"type":"Feature","properties":{"name":"Calle Paloma","kind":"road","road":"pedestrian","osm":160092521},"geometry":{"type":"LineString","coordinates":[[-3.61259,37.18619],[-3.61276,37.18622],[-3.6128,37.18623]]}},{"type":"Feature","properties":{"name":"Calle Santa Escolástica","kind":"road","road":"secondary","osm":160107396},"geometry":{"type":"LineString","coordinates":[[-3.5953,37.17455],[-3.59523,37.17449],[-3.59507,37.17434],[-3.59501,37.1743]]}},{"type":"Feature","properties":{"name":"Plaza del Padre Suárez","kind":"road","road":"pedestrian","osm":160107397},"geometry":{"type":"LineString","coordinates":[[-3.59545,37.17447],[-3.59562,37.17458]]}},{"type":"Feature","properties":{"name":"Calle Castro Cortés","kind":"road","road":"pedestrian","osm":160109055},"geometry":{"type":"LineString","coordinates":[[-3.60163,37.18905],[-3.60182,37.18904],[-3.60208,37.18897]]}},{"type":"Feature","properties":{"name":"Calle García Villatoro","kind":"road","road":"tertiary","osm":160109056},"geometry":{"type":"LineString","coordinates":[[-3.60285,37.18945],[-3.60276,37.18918],[-3.60271,37.1891],[-3.60266,37.18902],[-3.60246,37.18873],[-3.60231,37.18855],[-3.60228,37.18854]]}},{"type":"Feature","properties":{"name":"Plaza del Cardenal Cisneros","kind":"road","road":"pedestrian","osm":160109058},"geometry":{"type":"LineString","coordinates":[[-3.60293,37.18965],[-3.60293,37.18967],[-3.60297,37.18977]]}},{"type":"Feature","properties":{"name":"Plaza del Cardenal Cisneros","kind":"road","road":"pedestrian","osm":160109059},"geometry":{"type":"LineString","coordinates":[[-3.60293,37.18967],[-3.60281,37.1897],[-3.60286,37.18984],[-3.60291,37.18997],[-3.60304,37.18994],[-3.60317,37.18991],[-3.60313,37.18977],[-3.60307,37.18964],[-3.60293,37.18967]]}},{"type":"Feature","properties":{"name":"","kind":"park","road":"","osm":160109060},"geometry":{"type":"Polygon","coordinates":[[[-3.60291,37.18976],[-3.60292,37.1898],[-3.60287,37.18982],[-3.60283,37.18972],[-3.60292,37.18969],[-3.60294,37.18974],[-3.60291,37.18976]]]}},{"type":"Feature","properties":{"name":"","kind":"park","road":"","osm":160109062},"geometry":{"type":"Polygon","coordinates":[[[-3.60309,37.18976],[-3.60303,37.18978],[-3.60302,37.18974],[-3.60298,37.18973],[-3.60296,37.18968],[-3.60305,37.18966],[-3.60309,37.18976]]]}},{"type":"Feature","properties":{"name":"Calle Hospital Corpus Christi","kind":"road","road":"pedestrian","osm":160203113},"geometry":{"type":"LineString","coordinates":[[-3.59671,37.17743],[-3.59671,37.17749]]}},{"type":"Feature","properties":{"name":"Calle Imprenta","kind":"road","road":"pedestrian","osm":160203114},"geometry":{"type":"LineString","coordinates":[[-3.59661,37.17764],[-3.59645,37.17765],[-3.59641,37.17753],[-3.59643,37.1775]]}},{"type":"Feature","properties":{"name":"Callejuela del Señor","kind":"road","road":"pedestrian","osm":160203115},"geometry":{"type":"LineString","coordinates":[[-3.59677,37.17762],[-3.59677,37.17756],[-3.59676,37.17749],[-3.59671,37.17749],[-3.59665,37.17748]]}},{"type":"Feature","properties":{"name":"Placeta de San José","kind":"road","road":"pedestrian","osm":160203117},"geometry":{"type":"LineString","coordinates":[[-3.59593,37.17859],[-3.5959,37.17856],[-3.59588,37.17855]]}},{"type":"Feature","properties":{"name":"Placeta de San José","kind":"road","road":"pedestrian","osm":160203118},"geometry":{"type":"LineString","coordinates":[[-3.59577,37.1787],[-3.59578,37.17871],[-3.59579,37.1787],[-3.5958,37.1787],[-3.59591,37.17861],[-3.59587,37.17859],[-3.59585,37.17857],[-3.59578,37.17857],[-3.59569,37.17857],[-3.59575,37.17866],[-3.59576,37.17868],[-3.59577,37.1787]]}},{"type":"Feature","properties":{"name":"Placeta de San José","kind":"road","road":"pedestrian","osm":160203119},"geometry":{"type":"LineString","coordinates":[[-3.59623,37.17844],[-3.59618,37.17843],[-3.59606,37.17848],[-3.59588,37.17855]]}},{"type":"Feature","properties":{"name":"Calle Amapolas","kind":"road","road":"pedestrian","osm":160203424},"geometry":{"type":"LineString","coordinates":[[-3.59542,37.16309],[-3.59544,37.16309],[-3.59592,37.16316]]}},{"type":"Feature","properties":{"name":"Calle Colcha","kind":"road","road":"pedestrian","osm":160717801},"geometry":{"type":"LineString","coordinates":[[-3.59654,37.17564],[-3.59653,37.17568],[-3.59655,37.17574],[-3.59656,37.17578],[-3.59659,37.17599],[-3.5967,37.17623]]}},{"type":"Feature","properties":{"name":"Plaza de Cauchiles","kind":"road","road":"pedestrian","osm":160719193},"geometry":{"type":"LineString","coordinates":[[-3.5999,37.1741],[-3.60001,37.17394]]}},{"type":"Feature","properties":{"name":"Calle Montereros","kind":"road","road":"pedestrian","osm":160719194},"geometry":{"type":"LineString","coordinates":[[-3.59972,37.1743],[-3.59984,37.17423],[-3.59982,37.1742],[-3.5999,37.1741]]}},{"type":"Feature","properties":{"name":"Calle Almanzora Alta","kind":"road","road":"pedestrian","osm":160723419},"geometry":{"type":"LineString","coordinates":[[-3.59353,37.17754],[-3.59362,37.17749],[-3.59372,37.17743],[-3.59384,37.17735],[-3.594,37.17716],[-3.5943,37.17689],[-3.59435,37.17682],[-3.59437,37.17677],[-3.59439,37.17666],[-3.59438,37.17664],[-3.59421,37.17651],[-3.5941,37.17646],[-3.59395,37.17644]]}},{"type":"Feature","properties":{"name":"Calle Almanzora Alta","kind":"road","road":"pedestrian","osm":160723421},"geometry":{"type":"LineString","coordinates":[[-3.59421,37.17651],[-3.59412,37.1766]]}},{"type":"Feature","properties":{"name":"Calle Almanzora Baja","kind":"road","road":"pedestrian","osm":160723430},"geometry":{"type":"LineString","coordinates":[[-3.59412,37.17638],[-3.5941,37.17646]]}},{"type":"Feature","properties":{"name":"Calle Puente Espinosa","kind":"road","road":"pedestrian","osm":160723433},"geometry":{"type":"LineString","coordinates":[[-3.59373,37.17773],[-3.59362,37.17776],[-3.59344,37.17782],[-3.59321,37.17789],[-3.59307,37.17796],[-3.59276,37.17805]]}},{"type":"Feature","properties":{"name":"Calle Santa Ana","kind":"road","road":"pedestrian","osm":160723437},"geometry":{"type":"LineString","coordinates":[[-3.59476,37.17722],[-3.59475,37.17723],[-3.59466,37.1773],[-3.59455,37.17738],[-3.59441,37.17748],[-3.59421,37.1776],[-3.59404,37.17764],[-3.59378,37.17776],[-3.59375,37.17777]]}},{"type":"Feature","properties":{"name":"Cuesta de la Churra","kind":"road","road":"pedestrian","osm":160723439},"geometry":{"type":"LineString","coordinates":[[-3.59344,37.17782],[-3.59341,37.17774],[-3.5935,37.17765],[-3.59348,37.17762],[-3.59331,37.17767],[-3.59319,37.17769],[-3.59309,37.17773]]}},{"type":"Feature","properties":{"name":"Placeta Ramírez","kind":"road","road":"pedestrian","osm":160723440},"geometry":{"type":"LineString","coordinates":[[-3.59532,37.17673],[-3.59519,37.1766],[-3.59527,37.17651],[-3.59535,37.17642]]}},{"type":"Feature","properties":{"name":"Placeta de la Miga","kind":"road","road":"pedestrian","osm":160723447},"geometry":{"type":"LineString","coordinates":[[-3.59428,37.17627],[-3.59439,37.17631]]}},{"type":"Feature","properties":{"name":"Placeta de la Miga","kind":"road","road":"pedestrian","osm":160723448},"geometry":{"type":"LineString","coordinates":[[-3.59432,37.17609],[-3.59431,37.17613],[-3.59429,37.17624],[-3.59428,37.17627],[-3.59426,37.1763]]}},{"type":"Feature","properties":{"name":"Placeta de la Miga","kind":"road","road":"pedestrian","osm":160723449},"geometry":{"type":"LineString","coordinates":[[-3.59447,37.17606],[-3.59446,37.17614],[-3.59443,37.17621],[-3.59439,37.17631],[-3.59451,37.17634],[-3.59456,37.17638],[-3.59449,37.17642],[-3.59456,37.17655],[-3.59457,37.17656]]}},{"type":"Feature","properties":{"name":"Calle Ánimas","kind":"road","road":"pedestrian","osm":160723576},"geometry":{"type":"LineString","coordinates":[[-3.5956,37.17619],[-3.59567,37.17626]]}},{"type":"Feature","properties":{"name":"Calle Monjas del Carmen","kind":"road","road":"pedestrian","osm":160723578},"geometry":{"type":"LineString","coordinates":[[-3.59616,37.17562],[-3.59623,37.17566],[-3.59635,37.17577],[-3.59637,37.1758]]}},{"type":"Feature","properties":{"name":"Calle Atarazana Vieja","kind":"road","road":"pedestrian","osm":160724510},"geometry":{"type":"LineString","coordinates":[[-3.59386,37.18041],[-3.5933,37.18049]]}},{"type":"Feature","properties":{"name":"Calle San Antón Viejo","kind":"road","road":"pedestrian","osm":160903756},"geometry":{"type":"LineString","coordinates":[[-3.58882,37.16598],[-3.58893,37.16605]]}},{"type":"Feature","properties":{"name":"Calle San Antón Viejo","kind":"road","road":"pedestrian","osm":160903758},"geometry":{"type":"LineString","coordinates":[[-3.58844,37.16538],[-3.58827,37.16551]]}},{"type":"Feature","properties":{"name":"Calle Agua del Albayzín","kind":"road","road":"pedestrian","osm":160905690},"geometry":{"type":"LineString","coordinates":[[-3.59313,37.18354],[-3.59327,37.1836]]}},{"type":"Feature","properties":{"name":"Calle El Hidalgo","kind":"road","road":"pedestrian","osm":160909741},"geometry":{"type":"LineString","coordinates":[[-3.58994,37.16479],[-3.59015,37.16467]]}},{"type":"Feature","properties":{"name":"Plaza Escultor Francisco López Burgos","kind":"park","road":"","osm":160910321},"geometry":{"type":"Polygon","coordinates":[[[-3.59122,37.16809],[-3.59073,37.16777],[-3.59077,37.16773],[-3.5908,37.1677],[-3.59081,37.1677],[-3.59084,37.16767],[-3.59084,37.16766],[-3.59086,37.16764],[-3.59087,37.16764],[-3.59089,37.16762],[-3.59088,37.16762],[-3.59089,37.16761],[-3.5909,37.1676],[-3.59092,37.16758],[-3.59094,37.16756],[-3.59099,37.16752],[-3.59102,37.16748],[-3.59108,37.16743],[-3.59118,37.16733],[-3.59141,37.16711],[-3.59142,37.1671],[-3.59148,37.16719],[-3.59157,37.16731],[-3.59165,37.1674],[-3.59178,37.16752],[-3.59172,37.16758],[-3.59171,37.16759],[-3.5917,37.16761],[-3.59122,37.16809]]]}},{"type":"Feature","properties":{"name":"Calle Quijada","kind":"road","road":"pedestrian","osm":161036762},"geometry":{"type":"LineString","coordinates":[[-3.59567,37.1794],[-3.59581,37.17934],[-3.59598,37.17926],[-3.59615,37.17918],[-3.59626,37.17912],[-3.59637,37.17904]]}},{"type":"Feature","properties":{"name":"Callejón de las Monjas Albayzín","kind":"road","road":"pedestrian","osm":161285211},"geometry":{"type":"LineString","coordinates":[[-3.59749,37.18144],[-3.5971,37.18141]]}},{"type":"Feature","properties":{"name":"Camino de Ronda","kind":"road","road":"primary","osm":161352689},"geometry":{"type":"LineString","coordinates":[[-3.60879,37.17491],[-3.60868,37.17473],[-3.60867,37.17471],[-3.60862,37.17463],[-3.60844,37.17434],[-3.60842,37.1743]]}},{"type":"Feature","properties":{"name":"Camino de Ronda","kind":"road","road":"primary","osm":161352694},"geometry":{"type":"LineString","coordinates":[[-3.61049,37.17789],[-3.61058,37.17803],[-3.6106,37.17806],[-3.61074,37.17827]]}},{"type":"Feature","properties":{"name":"Glorieta Víctimas del Terrorismo","kind":"road","road":"primary","osm":161371869},"geometry":{"type":"LineString","coordinates":[[-3.60883,37.16773],[-3.60884,37.16777],[-3.60886,37.16781],[-3.60888,37.16784],[-3.60892,37.16789],[-3.60896,37.16792],[-3.60903,37.16796],[-3.6091,37.16798],[-3.60914,37.16799],[-3.60919,37.168]]}},{"type":"Feature","properties":{"name":"Avenida de Madrid","kind":"road","road":"primary","osm":161374669},"geometry":{"type":"LineString","coordinates":[[-3.60375,37.18653],[-3.60373,37.1866]]}},{"type":"Feature","properties":{"name":"Calle Andarax","kind":"road","road":"tertiary","osm":161374671},"geometry":{"type":"LineString","coordinates":[[-3.58678,37.18703],[-3.58673,37.18697],[-3.58666,37.18691],[-3.58661,37.18687],[-3.58657,37.18684]]}},{"type":"Feature","properties":{"name":"Carretera de Murcia","kind":"road","road":"secondary","osm":161374700},"geometry":{"type":"LineString","coordinates":[[-3.59297,37.18994],[-3.59311,37.1898],[-3.59318,37.18971],[-3.59322,37.18964],[-3.59324,37.18958],[-3.59323,37.18954]]}},{"type":"Feature","properties":{"name":"Paseo de Cartuja","kind":"road","road":"primary","osm":161374704},"geometry":{"type":"LineString","coordinates":[[-3.6002,37.18825],[-3.60035,37.18866],[-3.60043,37.18887],[-3.60043,37.18888],[-3.60045,37.18893],[-3.60055,37.1892]]}},{"type":"Feature","properties":{"name":"","kind":"road","road":"secondary","osm":161374711},"geometry":{"type":"LineString","coordinates":[[-3.59411,37.16503],[-3.59408,37.16505],[-3.59406,37.16508]]}},{"type":"Feature","properties":{"name":"","kind":"road","road":"tertiary","osm":161374736},"geometry":{"type":"LineString","coordinates":[[-3.58992,37.18907],[-3.58995,37.18907],[-3.58998,37.18907]]}},{"type":"Feature","properties":{"name":"","kind":"road","road":"tertiary","osm":161374737},"geometry":{"type":"LineString","coordinates":[[-3.59008,37.18895],[-3.59007,37.18893],[-3.59006,37.18891]]}},{"type":"Feature","properties":{"name":"","kind":"road","road":"tertiary","osm":161374739},"geometry":{"type":"LineString","coordinates":[[-3.58978,37.18899],[-3.58981,37.18901],[-3.58983,37.18903]]}},{"type":"Feature","properties":{"name":"Calle Acera del Darro","kind":"road","road":"primary","osm":161424705},"geometry":{"type":"LineString","coordinates":[[-3.59876,37.17148],[-3.59873,37.17142],[-3.59871,37.17139],[-3.59857,37.17115],[-3.59833,37.17079],[-3.59809,37.17043],[-3.59807,37.1704],[-3.59795,37.17022],[-3.59751,37.16971],[-3.59745,37.16964],[-3.59743,37.16961],[-3.59724,37.1694],[-3.59705,37.16919],[-3.59703,37.16916],[-3.59702,37.16915],[-3.59689,37.16901]]}},{"type":"Feature","properties":{"name":"Calle Mesones","kind":"road","road":"pedestrian","osm":161424706},"geometry":{"type":"LineString","coordinates":[[-3.59971,37.17371],[-3.59972,37.17372],[-3.59992,37.17388],[-3.60001,37.17394],[-3.6001,37.17401],[-3.60027,37.17423],[-3.60033,37.17435],[-3.60036,37.1744],[-3.6005,37.17465],[-3.60056,37.17478],[-3.60059,37.17484],[-3.60077,37.17516],[-3.601,37.17562],[-3.60102,37.17564],[-3.60119,37.17596]]}},{"type":"Feature","properties":{"name":"Calle Puerta Real de España","kind":"road","road":"primary","osm":161424708},"geometry":{"type":"LineString","coordinates":[[-3.59996,37.1734],[-3.59992,37.17342],[-3.59987,37.17343],[-3.59985,37.17344],[-3.59981,37.17344],[-3.59976,37.17344],[-3.59967,37.17344]]}},{"type":"Feature","properties":{"name":"Calle Puerta Real de España","kind":"road","road":"primary","osm":161424709},"geometry":{"type":"LineString","coordinates":[[-3.59957,37.17324],[-3.59958,37.17324],[-3.59959,37.17327],[-3.59963,37.17338],[-3.59967,37.17344]]}},{"type":"Feature","properties":{"name":"Calle Ángel Ganivet","kind":"road","road":"tertiary","osm":161424710},"geometry":{"type":"LineString","coordinates":[[-3.59819,37.17296],[-3.59814,37.17295],[-3.5981,37.17292],[-3.59802,37.1729],[-3.59743,37.17265],[-3.59742,37.17264]]}},{"type":"Feature","properties":{"name":"Calle Reyes Católicos","kind":"road","road":"primary","osm":161424711},"geometry":{"type":"LineString","coordinates":[[-3.59947,37.17366],[-3.59944,37.17371],[-3.5992,37.17404],[-3.59919,37.17406],[-3.59917,37.17409],[-3.59902,37.17431],[-3.59901,37.17434],[-3.59899,37.17436],[-3.59898,37.17438],[-3.59845,37.17515],[-3.59844,37.17517],[-3.59842,37.17519],[-3.59811,37.17547],[-3.59808,37.17549]]}},{"type":"Feature","properties":{"name":"Calle Recogidas","kind":"road","road":"primary","osm":161424714},"geometry":{"type":"LineString","coordinates":[[-3.60012,37.17329],[-3.59996,37.1734]]}},{"type":"Feature","properties":{"name":"Calle Casillas de Prats","kind":"road","road":"tertiary","osm":161427296},"geometry":{"type":"LineString","coordinates":[[-3.60453,37.17319],[-3.60478,37.17332],[-3.60506,37.17346],[-3.60524,37.17351],[-3.6057,37.1736],[-3.60573,37.17362],[-3.6058,37.17373],[-3.60597,37.17402],[-3.60607,37.17419]]}},{"type":"Feature","properties":{"name":"Calle Tundidores","kind":"road","road":"pedestrian","osm":161428028},"geometry":{"type":"LineString","coordinates":[[-3.59915,37.17487],[-3.59881,37.17518],[-3.59871,37.17528],[-3.59867,37.17532]]}},{"type":"Feature","properties":{"name":"Calle Gardenia","kind":"road","road":"pedestrian","osm":161428295},"geometry":{"type":"LineString","coordinates":[[-3.60368,37.16486],[-3.60319,37.16509],[-3.60316,37.16505],[-3.60294,37.16513]]}},{"type":"Feature","properties":{"name":"Calle Marqués de los Vélez","kind":"road","road":"pedestrian","osm":161461553},"geometry":{"type":"LineString","coordinates":[[-3.60172,37.17008],[-3.60172,37.16997]]}},{"type":"Feature","properties":{"name":"Calle Martínez Campos","kind":"road","road":"secondary","osm":161461554},"geometry":{"type":"LineString","coordinates":[[-3.60274,37.17036],[-3.60282,37.1704],[-3.60322,37.17055],[-3.60329,37.17058],[-3.60346,37.17066]]}},{"type":"Feature","properties":{"name":"Calle Mulhacén","kind":"road","road":"tertiary","osm":161461555},"geometry":{"type":"LineString","coordinates":[[-3.60141,37.16998],[-3.60141,37.16995],[-3.60141,37.16971],[-3.60141,37.16967],[-3.60141,37.16962],[-3.60141,37.16939],[-3.60141,37.16935],[-3.60141,37.16932],[-3.60141,37.1691],[-3.60141,37.16906],[-3.60142,37.169]]}},{"type":"Feature","properties":{"name":"Calle Pedro Antonio de Alarcón","kind":"road","road":"secondary","osm":161462215},"geometry":{"type":"LineString","coordinates":[[-3.60916,37.17746],[-3.60912,37.17739],[-3.60892,37.17705],[-3.60871,37.1767],[-3.60865,37.17662]]}},{"type":"Feature","properties":{"name":"Calle Verónica San Cecilio","kind":"road","road":"pedestrian","osm":161955942},"geometry":{"type":"LineString","coordinates":[[-3.59217,37.17384],[-3.59238,37.17396]]}},{"type":"Feature","properties":{"name":"Plaza Campo del Príncipe","kind":"road","road":"tertiary","osm":161955944},"geometry":{"type":"LineString","coordinates":[[-3.59115,37.17316],[-3.59109,37.17318],[-3.59104,37.17321],[-3.59101,37.17323],[-3.59093,37.17329]]}},{"type":"Feature","properties":{"name":"Plaza Campo del Príncipe","kind":"road","road":"tertiary","osm":161955945},"geometry":{"type":"LineString","coordinates":[[-3.59147,37.17317],[-3.5915,37.17317],[-3.59185,37.17319],[-3.59195,37.17321],[-3.59201,37.17322],[-3.5925,37.17343],[-3.59258,37.17347],[-3.59261,37.17348]]}},{"type":"Feature","properties":{"name":"Calle Emperatriz Eugenia","kind":"road","road":"secondary","osm":161956258},"geometry":{"type":"LineString","coordinates":[[-3.60607,37.17684],[-3.60627,37.17662],[-3.60654,37.1763],[-3.6066,37.17623],[-3.60699,37.1758],[-3.60707,37.17571],[-3.60715,37.17562],[-3.60769,37.17541],[-3.60772,37.1754],[-3.60784,37.17535],[-3.60787,37.17534],[-3.60795,37.17531],[-3.60798,37.1753],[-3.60859,37.17506],[-3.60862,37.17505],[-3.60866,37.17503],[-3.60867,37.17503],[-3.60873,37.175]]}},{"type":"Feature","properties":{"name":"Calle Martínez de la Rosa","kind":"road","road":"tertiary","osm":161956259},"geometry":{"type":"LineString","coordinates":[[-3.60649,37.17717],[-3.60742,37.1772],[-3.60749,37.17721],[-3.60752,37.17722]]}},{"type":"Feature","properties":{"name":"Plaza de Gran Capitán","kind":"road","road":"secondary","osm":161956260},"geometry":{"type":"LineString","coordinates":[[-3.60631,37.17737],[-3.60605,37.17719],[-3.60602,37.17717],[-3.60586,37.17709]]}},{"type":"Feature","properties":{"name":"Calle Castillejos","kind":"road","road":"pedestrian","osm":162195857},"geometry":{"type":"LineString","coordinates":[[-3.60099,37.17748],[-3.60088,37.17736],[-3.60074,37.17719],[-3.60069,37.17714],[-3.6006,37.17719],[-3.60056,37.17718]]}},{"type":"Feature","properties":{"name":"Callejón de Lucena","kind":"road","road":"pedestrian","osm":162195858},"geometry":{"type":"LineString","coordinates":[[-3.60129,37.17678],[-3.60102,37.17689],[-3.60114,37.17705]]}},{"type":"Feature","properties":{"name":"Calle Alta de Cartuja","kind":"road","road":"pedestrian","osm":162199770},"geometry":{"type":"LineString","coordinates":[[-3.59954,37.1872],[-3.59961,37.18666],[-3.59966,37.1863],[-3.59966,37.18625]]}},{"type":"Feature","properties":{"name":"Calle Cazorla","kind":"road","road":"pedestrian","osm":162199771},"geometry":{"type":"LineString","coordinates":[[-3.5999,37.18728],[-3.59954,37.1872],[-3.59908,37.18708]]}},{"type":"Feature","properties":{"name":"Calle Mirador de Rolando","kind":"road","road":"pedestrian","osm":162199773},"geometry":{"type":"LineString","coordinates":[[-3.59941,37.18618],[-3.59941,37.18615],[-3.59942,37.18598],[-3.59939,37.18595],[-3.5992,37.18595],[-3.59915,37.18595],[-3.59899,37.18597]]}},{"type":"Feature","properties":{"name":"Calle Real de Cartuja","kind":"road","road":"pedestrian","osm":162199775},"geometry":{"type":"LineString","coordinates":[[-3.59967,37.18789],[-3.59987,37.18781]]}},{"type":"Feature","properties":{"name":"Calle Mirador de Rolando","kind":"road","road":"pedestrian","osm":162199776},"geometry":{"type":"LineString","coordinates":[[-3.59951,37.18625],[-3.59951,37.18624],[-3.59952,37.18616],[-3.59943,37.18615],[-3.59941,37.18615]]}},{"type":"Feature","properties":{"name":"Paseo del Violón","kind":"road","road":"primary","osm":163201603},"geometry":{"type":"LineString","coordinates":[[-3.59638,37.16774],[-3.59638,37.16768],[-3.5964,37.1676]]}},{"type":"Feature","properties":{"name":"Calle Sócrates","kind":"road","road":"tertiary","osm":163387593},"geometry":{"type":"LineString","coordinates":[[-3.60657,37.17499],[-3.60653,37.17502],[-3.6065,37.17505],[-3.60647,37.17506]]}},{"type":"Feature","properties":{"name":"Calle Real de la Alhambra","kind":"road","road":"pedestrian","osm":163924319},"geometry":{"type":"LineString","coordinates":[[-3.58959,37.17632],[-3.58894,37.1761],[-3.58866,37.17601],[-3.5885,37.17596],[-3.58836,37.17589],[-3.58813,37.1758],[-3.58802,37.17576],[-3.588,37.17575],[-3.58798,37.17574]]}},{"type":"Feature","properties":{"name":"Calle Real de Cartuja","kind":"road","road":"tertiary","osm":163924690},"geometry":{"type":"LineString","coordinates":[[-3.6,37.18789],[-3.60003,37.18791],[-3.60008,37.18797],[-3.6001,37.18801]]}},{"type":"Feature","properties":{"name":"Camino del Sacromonte","kind":"road","road":"tertiary","osm":164007873},"geometry":{"type":"LineString","coordinates":[[-3.58855,37.18119],[-3.58832,37.18119],[-3.58823,37.18119],[-3.58821,37.18119],[-3.58809,37.18116],[-3.5879,37.1811],[-3.58776,37.18107],[-3.58764,37.18106],[-3.58751,37.18106],[-3.5873,37.18108],[-3.58708,37.18102],[-3.58679,37.18102],[-3.58668,37.18102],[-3.58653,37.18098],[-3.58637,37.18092],[-3.58624,37.18092],[-3.58599,37.18101],[-3.58577,37.18116],[-3.58544,37.18139],[-3.58513,37.18157],[-3.58501,37.18162],[-3.58492,37.18167],[-3.58481,37.18182],[-3.58477,37.18183],[-3.5847,37.18183],[-3.58458,37.18177],[-3.58447,37.18173],[-3.58425,37.18169],[-3.5842,37.18171],[-3.58417,37.18174],[-3.58413,37.18182],[-3.58409,37.18184],[-3.58404,37.18185],[-3.58395,37.18186],[-3.58384,37.18183],[-3.5838,37.18181],[-3.58377,37.18176],[-3.58374,37.18168],[-3.58372,37.18164],[-3.58367,37.18159],[-3.58359,37.18154],[-3.58344,37.18147],[-3.58329,37.18142],[-3.58296,37.18132],[-3.58282,37.18128],[-3.58275,37.18128],[-3.58258,37.18128],[-3.58236,37.18131],[-3.58226,37.18133],[-3.58218,37.18135],[-3.58211,37.18138],[-3.58205,37.1814],[-3.58195,37.18143],[-3.58185,37.18145]]}},{"type":"Feature","properties":{"name":"Calle Chirimías","kind":"road","road":"pedestrian","osm":164041637},"geometry":{"type":"LineString","coordinates":[[-3.59043,37.17851],[-3.59043,37.17866]]}},{"type":"Feature","properties":{"name":"Plaza de Gamboa","kind":"road","road":"pedestrian","osm":164165974},"geometry":{"type":"LineString","coordinates":[[-3.59789,37.17436],[-3.59781,37.17441],[-3.59779,37.17443],[-3.59777,37.17439],[-3.59773,37.17433],[-3.59784,37.17429],[-3.59785,37.17429],[-3.59789,37.17436]]}},{"type":"Feature","properties":{"name":"Plaza de la Trinidad","kind":"park","road":"","osm":164178307},"geometry":{"type":"Polygon","coordinates":[[[-3.60208,37.17619],[-3.60206,37.17621],[-3.60204,37.17622],[-3.60156,37.17633],[-3.60152,37.17633],[-3.60148,37.17632],[-3.60144,37.1763],[-3.60141,37.17627],[-3.6013,37.17605],[-3.60129,37.17603],[-3.6013,37.17601],[-3.60131,37.17599],[-3.60176,37.17579],[-3.60178,37.17579],[-3.60181,37.17579],[-3.60183,37.1758],[-3.60208,37.17615],[-3.60208,37.17617],[-3.60208,37.17619]]]}},{"type":"Feature","properties":{"name":"Plaza de Gracia","kind":"road","road":"pedestrian","osm":164202321},"geometry":{"type":"LineString","coordinates":[[-3.60504,37.17294],[-3.60496,37.17298],[-3.60491,37.173],[-3.60485,37.17304],[-3.60481,37.17306],[-3.60478,37.17308],[-3.60471,37.17311],[-3.60465,37.17314],[-3.60465,37.17319],[-3.60451,37.17312],[-3.60447,37.1731],[-3.60441,37.17303],[-3.60423,37.17283],[-3.60438,37.17273],[-3.60458,37.17258],[-3.60475,37.17277],[-3.60477,37.17279],[-3.60481,37.17277],[-3.60485,37.17282],[-3.60488,37.17284],[-3.60493,37.17285],[-3.60497,37.17285],[-3.60504,37.17294]]}},{"type":"Feature","properties":{"name":"Calle Gaviota","kind":"road","road":"tertiary","osm":164204521},"geometry":{"type":"LineString","coordinates":[[-3.61258,37.18509],[-3.61256,37.18514],[-3.6125,37.18535],[-3.61237,37.18574],[-3.61237,37.18576],[-3.61236,37.18578]]}},{"type":"Feature","properties":{"name":"Calle Tórtola","kind":"road","road":"tertiary","osm":164204523},"geometry":{"type":"LineString","coordinates":[[-3.61224,37.18585],[-3.61215,37.18583],[-3.61179,37.18576],[-3.61111,37.18562],[-3.61105,37.18561]]}},{"type":"Feature","properties":{"name":"","kind":"road","road":"tertiary","osm":164204525},"geometry":{"type":"LineString","coordinates":[[-3.61243,37.18589],[-3.61244,37.18587],[-3.61243,37.18584],[-3.61242,37.18582],[-3.61241,37.18581],[-3.61239,37.18579],[-3.61236,37.18578],[-3.61233,37.18578],[-3.61231,37.18578],[-3.61228,37.18579],[-3.61226,37.18581],[-3.61224,37.18583],[-3.61224,37.18585],[-3.61224,37.18587],[-3.61224,37.18589],[-3.61226,37.18592],[-3.61228,37.18593],[-3.61231,37.18594],[-3.61234,37.18594],[-3.61237,37.18594],[-3.6124,37.18593],[-3.61242,37.18591],[-3.61243,37.18589]]}},{"type":"Feature","properties":{"name":"Calle Garrido","kind":"road","road":"pedestrian","osm":164205004},"geometry":{"type":"LineString","coordinates":[[-3.60646,37.18611],[-3.60639,37.18619]]}},{"type":"Feature","properties":{"name":"Avenida de Pulianas","kind":"road","road":"primary","osm":164210040},"geometry":{"type":"LineString","coordinates":[[-3.60376,37.18994],[-3.60375,37.18984],[-3.60375,37.18982],[-3.60372,37.18924],[-3.6037,37.18877],[-3.60367,37.18836],[-3.60367,37.1883],[-3.60367,37.18829],[-3.60362,37.18723],[-3.60362,37.1872],[-3.6036,37.1871],[-3.60359,37.18705]]}},{"type":"Feature","properties":{"name":"Parque de las Eras","kind":"park","road":"","osm":164210041},"geometry":{"type":"Polygon","coordinates":[[[-3.60383,37.18764],[-3.60381,37.18768],[-3.60379,37.18772],[-3.60378,37.18775],[-3.60377,37.18782],[-3.60377,37.18789],[-3.60377,37.18803],[-3.60378,37.18808],[-3.6038,37.18812],[-3.60385,37.18817],[-3.6039,37.18821],[-3.60395,37.18823],[-3.604,37.18825],[-3.60405,37.18825],[-3.60412,37.18824],[-3.60416,37.18823],[-3.60422,37.18821],[-3.60427,37.18818],[-3.60431,37.18815],[-3.60433,37.18811],[-3.60434,37.18807],[-3.60435,37.18803],[-3.60435,37.18801],[-3.60436,37.18801],[-3.60437,37.18801],[-3.60435,37.18797],[-3.6043,37.1879],[-3.60422,37.1878],[-3.60417,37.18775],[-3.60411,37.18769],[-3.60404,37.18764],[-3.60402,37.18763],[-3.60401,37.18762],[-3.60399,37.18761],[-3.60395,37.18761],[-3.60391,37.18761],[-3.60386,37.18762],[-3.60383,37.18764]]]}},{"type":"Feature","properties":{"name":"","kind":"road","road":"pedestrian","osm":164210042},"geometry":{"type":"LineString","coordinates":[[-3.60412,37.18754],[-3.6037,37.18761]]}},{"type":"Feature","properties":{"name":"","kind":"road","road":"pedestrian","osm":164212411},"geometry":{"type":"LineString","coordinates":[[-3.5883,37.16319],[-3.58832,37.16323],[-3.58849,37.16352]]}},{"type":"Feature","properties":{"name":"","kind":"road","road":"pedestrian","osm":164212412},"geometry":{"type":"LineString","coordinates":[[-3.58772,37.16341],[-3.5883,37.16319],[-3.58835,37.16317],[-3.58824,37.163]]}},{"type":"Feature","properties":{"name":"Parque Bola de Oro","kind":"park","road":"","osm":164212911},"geometry":{"type":"Polygon","coordinates":[[[-3.58728,37.16555],[-3.58687,37.16549],[-3.58544,37.16527],[-3.58564,37.16488],[-3.58569,37.16488],[-3.58571,37.16491],[-3.58573,37.16493],[-3.58577,37.16494],[-3.58581,37.16495],[-3.58584,37.16494],[-3.58588,37.16492],[-3.5859,37.1649],[-3.58591,37.16487],[-3.58591,37.16484],[-3.5859,37.16481],[-3.58587,37.16479],[-3.58584,37.16477],[-3.58581,37.16477],[-3.58577,37.16477],[-3.58574,37.16478],[-3.58571,37.1648],[-3.58569,37.1648],[-3.58293,37.16388],[-3.58292,37.16382],[-3.58308,37.16341],[-3.58311,37.1634],[-3.58332,37.1634],[-3.58349,37.16339],[-3.58367,37.16337],[-3.58372,37.16337],[-3.58374,37.16334],[-3.58398,37.16333],[-3.58414,37.16334],[-3.58424,37.16336],[-3.58432,37.16339],[-3.58438,37.16343],[-3.58498,37.16386],[-3.58506,37.1639],[-3.5857,37.16414],[-3.5859,37.16422],[-3.58603,37.16429],[-3.58611,37.16434],[-3.5862,37.16441],[-3.58628,37.16449],[-3.58634,37.16457],[-3.58641,37.16467],[-3.5865,37.16483],[-3.58655,37.16492],[-3.58668,37.16502],[-3.58674,37.16507],[-3.58689,37.1652],[-3.58744,37.16549],[-3.58771,37.16557],[-3.58789,37.16557],[-3.58806,37.16564],[-3.58815,37.16569],[-3.58803,37.16579],[-3.58777,37.16568],[-3.58752,37.16561],[-3.58728,37.16555]]]}},{"type":"Feature","properties":{"name":"Placeta Comino","kind":"road","road":"pedestrian","osm":164297426},"geometry":{"type":"LineString","coordinates":[[-3.59267,37.18042],[-3.59262,37.18044],[-3.59246,37.18048],[-3.59232,37.18052]]}},{"type":"Feature","properties":{"name":"Calle Clavellina","kind":"road","road":"pedestrian","osm":164299373},"geometry":{"type":"LineString","coordinates":[[-3.59414,37.16453],[-3.59371,37.16447]]}},{"type":"Feature","properties":{"name":"Plaza Bibataubín","kind":"park","road":"","osm":164339213},"geometry":{"type":"Polygon","coordinates":[[[-3.5976,37.17164],[-3.59777,37.17152],[-3.598,37.17174],[-3.59794,37.17183],[-3.5976,37.17164]]]}},{"type":"Feature","properties":{"name":"Calle Agustín Lara","kind":"road","road":"tertiary","osm":164344347},"geometry":{"type":"LineString","coordinates":[[-3.59634,37.16359],[-3.59608,37.16355],[-3.5959,37.16353],[-3.59536,37.16346],[-3.59529,37.16345],[-3.59524,37.16344],[-3.59494,37.1634],[-3.5949,37.1634],[-3.5946,37.16336],[-3.59452,37.16335],[-3.59448,37.16334],[-3.59441,37.16333],[-3.59433,37.16332],[-3.59406,37.16329],[-3.594,37.16328],[-3.59376,37.16324],[-3.59368,37.16323],[-3.59361,37.16322],[-3.59285,37.16312],[-3.59276,37.16311]]}},{"type":"Feature","properties":{"name":"Plaza del Ángel","kind":"road","road":"pedestrian","osm":164344348},"geometry":{"type":"LineString","coordinates":[[-3.5963,37.16368],[-3.5963,37.16371],[-3.5963,37.16376],[-3.59631,37.16378],[-3.59631,37.16385],[-3.59631,37.1639],[-3.59632,37.16395],[-3.59634,37.16397],[-3.59634,37.16398],[-3.59644,37.16393],[-3.59657,37.16387],[-3.5966,37.16385],[-3.59661,37.16382],[-3.59661,37.16374],[-3.5966,37.16371],[-3.59657,37.16368],[-3.59653,37.16366],[-3.59644,37.16365],[-3.59642,37.16364],[-3.5963,37.16363],[-3.5963,37.16368]]}},{"type":"Feature","properties":{"name":"Calle Alpujarra","kind":"road","road":"pedestrian","osm":164346216},"geometry":{"type":"LineString","coordinates":[[-3.60269,37.16856],[-3.60269,37.16839]]}},{"type":"Feature","properties":{"name":"Calle Rector López Argüeta","kind":"road","road":"secondary","osm":165643315},"geometry":{"type":"LineString","coordinates":[[-3.60578,37.18123],[-3.60569,37.18121],[-3.60565,37.18119],[-3.60486,37.18076],[-3.60414,37.18037],[-3.60387,37.18023],[-3.6033,37.17992],[-3.60313,37.17983],[-3.60306,37.17979]]}},{"type":"Feature","properties":{"name":"","kind":"road","road":"secondary","osm":166029922},"geometry":{"type":"LineString","coordinates":[[-3.59426,37.16504],[-3.59424,37.16503],[-3.59421,37.16502],[-3.59419,37.16501],[-3.59416,37.16501],[-3.59414,37.16502],[-3.59411,37.16503]]}},{"type":"Feature","properties":{"name":"Paseo de los Basilios","kind":"road","road":"secondary","osm":166107155},"geometry":{"type":"LineString","coordinates":[[-3.59629,37.16776],[-3.59612,37.16783],[-3.59594,37.16796],[-3.59591,37.16798],[-3.5958,37.16807]]}},{"type":"Feature","properties":{"name":"Placeta de Abad","kind":"road","road":"pedestrian","osm":166117578},"geometry":{"type":"LineString","coordinates":[[-3.59108,37.18155],[-3.59117,37.18157],[-3.5912,37.18158]]}},{"type":"Feature","properties":{"name":"","kind":"road","road":"primary","osm":167478078},"geometry":{"type":"LineString","coordinates":[[-3.60129,37.16329],[-3.60135,37.16332],[-3.60144,37.16333],[-3.60156,37.16336],[-3.60166,37.1634]]}},{"type":"Feature","properties":{"name":"Calle Amberes","kind":"road","road":"pedestrian","osm":170319418},"geometry":{"type":"LineString","coordinates":[[-3.59277,37.1646],[-3.59267,37.16431]]}},{"type":"Feature","properties":{"name":"Calle Doctor Alejandro Otero","kind":"road","road":"secondary","osm":170319769},"geometry":{"type":"LineString","coordinates":[[-3.60863,37.16341],[-3.60872,37.16338]]}},{"type":"Feature","properties":{"name":"Calle de los Juncos","kind":"road","road":"secondary","osm":170319770},"geometry":{"type":"LineString","coordinates":[[-3.60833,37.16306],[-3.60823,37.16311],[-3.60819,37.16313],[-3.6078,37.16332],[-3.6073,37.16357],[-3.60663,37.16391],[-3.60607,37.1642],[-3.60549,37.16451],[-3.60531,37.1646],[-3.60517,37.16466],[-3.60445,37.16497],[-3.6044,37.165],[-3.60431,37.16504]]}},{"type":"Feature","properties":{"name":"","kind":"road","road":"tertiary","osm":170319771},"geometry":{"type":"LineString","coordinates":[[-3.60883,37.16282],[-3.60863,37.16287],[-3.6085,37.16288],[-3.60846,37.16288],[-3.60837,37.16287],[-3.60833,37.16287],[-3.60822,37.16283],[-3.60814,37.1628],[-3.60799,37.16278]]}},{"type":"Feature","properties":{"name":"","kind":"road","road":"pedestrian","osm":170324155},"geometry":{"type":"LineString","coordinates":[[-3.59385,37.18496],[-3.59365,37.1847]]}},{"type":"Feature","properties":{"name":"","kind":"road","road":"pedestrian","osm":170324161},"geometry":{"type":"LineString","coordinates":[[-3.59422,37.1855],[-3.59412,37.18537],[-3.59408,37.18539],[-3.59403,37.18533],[-3.59399,37.18535],[-3.59388,37.18525],[-3.5938,37.18514]]}},{"type":"Feature","properties":{"name":"","kind":"road","road":"pedestrian","osm":170324163},"geometry":{"type":"LineString","coordinates":[[-3.59343,37.18533],[-3.5938,37.18514],[-3.59379,37.18512],[-3.59381,37.18499],[-3.59385,37.18496],[-3.5939,37.18494],[-3.59423,37.18479]]}},{"type":"Feature","properties":{"name":"","kind":"road","road":"pedestrian","osm":170324164},"geometry":{"type":"LineString","coordinates":[[-3.5945,37.18532],[-3.59434,37.18511],[-3.59435,37.18493],[-3.59442,37.1849],[-3.59434,37.18481],[-3.59394,37.185],[-3.5939,37.18494]]}},{"type":"Feature","properties":{"name":"","kind":"road","road":"pedestrian","osm":170324167},"geometry":{"type":"LineString","coordinates":[[-3.59454,37.18573],[-3.59464,37.18589],[-3.59458,37.18592],[-3.59443,37.18598],[-3.59432,37.18603]]}},{"type":"Feature","properties":{"name":"","kind":"road","road":"pedestrian","osm":170324170},"geometry":{"type":"LineString","coordinates":[[-3.59439,37.18659],[-3.59428,37.18644],[-3.59424,37.18646],[-3.59421,37.18641],[-3.59416,37.18634],[-3.59414,37.18631],[-3.59418,37.18629],[-3.59408,37.18614]]}},{"type":"Feature","properties":{"name":"","kind":"road","road":"pedestrian","osm":170324171},"geometry":{"type":"LineString","coordinates":[[-3.59393,37.1862],[-3.59408,37.18614],[-3.59416,37.1861],[-3.59406,37.18595]]}},{"type":"Feature","properties":{"name":"","kind":"road","road":"pedestrian","osm":170324172},"geometry":{"type":"LineString","coordinates":[[-3.59502,37.18531],[-3.59522,37.18546],[-3.59525,37.18543],[-3.59528,37.18545]]}},{"type":"Feature","properties":{"name":"Calle Escritora Ana de Jesús","kind":"road","road":"pedestrian","osm":171825742},"geometry":{"type":"LineString","coordinates":[[-3.60438,37.16893],[-3.60438,37.16843]]}},{"type":"Feature","properties":{"name":"Calle Profesor Tierno Galván","kind":"road","road":"secondary","osm":171825747},"geometry":{"type":"LineString","coordinates":[[-3.5983,37.16623],[-3.59817,37.16616],[-3.59811,37.16611],[-3.59806,37.16605],[-3.59804,37.16603],[-3.59795,37.16592]]}},{"type":"Feature","properties":{"name":"Calle Platería","kind":"road","road":"tertiary","osm":171828381},"geometry":{"type":"LineString","coordinates":[[-3.60695,37.1847],[-3.60701,37.18473],[-3.60744,37.18493],[-3.60746,37.18494],[-3.60749,37.18496]]}},{"type":"Feature","properties":{"name":"Calle María Luisa de Dios","kind":"road","road":"tertiary","osm":171828387},"geometry":{"type":"LineString","coordinates":[[-3.60665,37.1851],[-3.60668,37.18506],[-3.6068,37.1849],[-3.60695,37.1847],[-3.60714,37.18445],[-3.60746,37.18402],[-3.60749,37.18398],[-3.60753,37.18393]]}},{"type":"Feature","properties":{"name":"Calle Gabriel Miró","kind":"road","road":"secondary","osm":171876070},"geometry":{"type":"LineString","coordinates":[[-3.61284,37.18323],[-3.61346,37.18299],[-3.61348,37.18298]]}},{"type":"Feature","properties":{"name":"Avenida de Madrid","kind":"road","road":"primary","osm":171877799},"geometry":{"type":"LineString","coordinates":[[-3.60584,37.18959],[-3.60587,37.18961],[-3.6059,37.18964],[-3.60597,37.1897],[-3.60604,37.18972],[-3.60611,37.18973],[-3.60617,37.18972],[-3.60625,37.18969],[-3.60633,37.18964]]}},{"type":"Feature","properties":{"name":"","kind":"road","road":"primary","osm":178402788},"geometry":{"type":"LineString","coordinates":[[-3.60125,37.16268],[-3.60122,37.16285],[-3.60115,37.16303]]}},{"type":"Feature","properties":{"name":"Calle Bruselas","kind":"road","road":"tertiary","osm":178441832},"geometry":{"type":"LineString","coordinates":[[-3.59348,37.16448],[-3.59342,37.16441],[-3.59328,37.16423],[-3.59322,37.16416],[-3.59279,37.16318],[-3.59278,37.16315],[-3.59276,37.16311]]}},{"type":"Feature","properties":{"name":"","kind":"road","road":"pedestrian","osm":178757324},"geometry":{"type":"LineString","coordinates":[[-3.59573,37.16467],[-3.59561,37.16451]]}},{"type":"Feature","properties":{"name":"Avenida de Madrid","kind":"road","road":"primary","osm":179044170},"geometry":{"type":"LineString","coordinates":[[-3.60379,37.18686],[-3.60396,37.18713],[-3.60398,37.18716],[-3.60441,37.18788],[-3.60456,37.18814],[-3.60476,37.18846],[-3.60501,37.18877],[-3.6054,37.18914],[-3.60542,37.18917],[-3.60545,37.18919],[-3.60556,37.1893]]}},{"type":"Feature","properties":{"name":"Avenida de Madrid","kind":"road","road":"primary","osm":179044171},"geometry":{"type":"LineString","coordinates":[[-3.60584,37.18959],[-3.60583,37.18963],[-3.60584,37.18964],[-3.6059,37.18972],[-3.60594,37.18981],[-3.60595,37.18985]]}},{"type":"Feature","properties":{"name":"","kind":"road","road":"primary","osm":179253192},"geometry":{"type":"LineString","coordinates":[[-3.60186,37.16268],[-3.60174,37.16269],[-3.6017,37.16271],[-3.60163,37.16273],[-3.60153,37.16274],[-3.60144,37.16271],[-3.60135,37.16267]]}},{"type":"Feature","properties":{"name":"Avenida de Cervantes","kind":"road","road":"primary","osm":179259547},"geometry":{"type":"LineString","coordinates":[[-3.58994,37.16633],[-3.58995,37.16633],[-3.59001,37.16643],[-3.59003,37.16646]]}},{"type":"Feature","properties":{"name":"Calle Antonio Dalmases","kind":"road","road":"tertiary","osm":179416926},"geometry":{"type":"LineString","coordinates":[[-3.59956,37.1649],[-3.59947,37.16488],[-3.59893,37.16458],[-3.59888,37.16457],[-3.59883,37.16458],[-3.59795,37.16505],[-3.59786,37.16509],[-3.59772,37.16517],[-3.59761,37.16523]]}},{"type":"Feature","properties":{"name":"Calle Sos del Rey Católico","kind":"road","road":"tertiary","osm":179416929},"geometry":{"type":"LineString","coordinates":[[-3.59745,37.16532],[-3.59737,37.16536],[-3.59704,37.16554],[-3.5968,37.16568],[-3.59672,37.16572],[-3.5965,37.16584],[-3.59621,37.166],[-3.59607,37.16608],[-3.59532,37.16649],[-3.59529,37.1665],[-3.59521,37.16655]]}},{"type":"Feature","properties":{"name":"Camino de La Zubia","kind":"road","road":"secondary","osm":179416930},"geometry":{"type":"LineString","coordinates":[[-3.59687,37.16461],[-3.59682,37.16455],[-3.59677,37.16449],[-3.59674,37.16441],[-3.59671,37.16433],[-3.5967,37.16423],[-3.59669,37.16413],[-3.59669,37.16411],[-3.59668,37.16396],[-3.59667,37.16389]]}},{"type":"Feature","properties":{"name":"Paseo del Violón","kind":"road","road":"primary","osm":179416931},"geometry":{"type":"LineString","coordinates":[[-3.60115,37.16303],[-3.6011,37.16308],[-3.60109,37.16309],[-3.60101,37.1632],[-3.60075,37.16346],[-3.60053,37.16371]]}},{"type":"Feature","properties":{"name":"Paseo del Violón","kind":"road","road":"primary","osm":179416932},"geometry":{"type":"LineString","coordinates":[[-3.59861,37.16641],[-3.59864,37.16625],[-3.5987,37.16611],[-3.59875,37.16605],[-3.59877,37.16602],[-3.59879,37.166]]}},{"type":"Feature","properties":{"name":"","kind":"road","road":"secondary","osm":179416933},"geometry":{"type":"LineString","coordinates":[[-3.59414,37.16521],[-3.59417,37.16522],[-3.59421,37.16521],[-3.59424,37.1652],[-3.59427,37.16519],[-3.59428,37.16517],[-3.5943,37.16515],[-3.5943,37.16513],[-3.5943,37.1651]]}},{"type":"Feature","properties":{"name":"Avenida Pablo Picasso","kind":"road","road":"secondary","osm":179417748},"geometry":{"type":"LineString","coordinates":[[-3.59859,37.16295],[-3.59845,37.16302],[-3.59755,37.16347],[-3.5975,37.16349],[-3.5969,37.16378],[-3.59688,37.16379],[-3.59686,37.1638]]}},{"type":"Feature","properties":{"name":"Avenida del Duque de San Pedro Galatino","kind":"road","road":"secondary","osm":179417750},"geometry":{"type":"LineString","coordinates":[[-3.59875,37.16282],[-3.59869,37.16282],[-3.5986,37.1628],[-3.59743,37.16264],[-3.59724,37.16261],[-3.59714,37.1626],[-3.59676,37.16255],[-3.59665,37.16253],[-3.5966,37.16253]]}},{"type":"Feature","properties":{"name":"Calle Gonzalo Jiménez de Quesada","kind":"road","road":"secondary","osm":179417751},"geometry":{"type":"LineString","coordinates":[[-3.60053,37.16371],[-3.60048,37.16368],[-3.60023,37.16347],[-3.60009,37.16336],[-3.59993,37.16326],[-3.5998,37.16319],[-3.5996,37.1631],[-3.59938,37.163],[-3.59901,37.16288],[-3.59894,37.16286],[-3.5989,37.16285]]}},{"type":"Feature","properties":{"name":"Calle Andrés Segovia","kind":"road","road":"secondary","osm":179420185},"geometry":{"type":"LineString","coordinates":[[-3.59467,37.16243],[-3.59465,37.16254],[-3.5945,37.16325],[-3.59449,37.16329],[-3.59448,37.16334],[-3.59446,37.16343],[-3.5943,37.16423]]}},{"type":"Feature","properties":{"name":"Camino de las Peñuelas","kind":"road","road":"tertiary","osm":179420201},"geometry":{"type":"LineString","coordinates":[[-3.59245,37.1629],[-3.59251,37.16288],[-3.59256,37.16284],[-3.5926,37.16283],[-3.59264,37.16282]]}},{"type":"Feature","properties":{"name":"Calle Bruselas","kind":"road","road":"tertiary","osm":179420203},"geometry":{"type":"LineString","coordinates":[[-3.59252,37.16262],[-3.59247,37.16284],[-3.59245,37.1629]]}},{"type":"Feature","properties":{"name":"Avenida de Cervantes","kind":"road","road":"primary","osm":179587956},"geometry":{"type":"LineString","coordinates":[[-3.58845,37.16457],[-3.58854,37.16467],[-3.58861,37.16476],[-3.58863,37.16478],[-3.58866,37.16481],[-3.58873,37.1649],[-3.58903,37.16524],[-3.58905,37.16526]]}},{"type":"Feature","properties":{"name":"Calle Mesón del Toledano","kind":"road","road":"tertiary","osm":179587957},"geometry":{"type":"LineString","coordinates":[[-3.59077,37.16343],[-3.59073,37.16345],[-3.59067,37.16347]]}},{"type":"Feature","properties":{"name":"Camino Bajo de Huétor","kind":"road","road":"secondary","osm":179587967},"geometry":{"type":"LineString","coordinates":[[-3.59181,37.16391],[-3.59179,37.16385]]}},{"type":"Feature","properties":{"name":"Camino Bajo de Huétor","kind":"road","road":"secondary","osm":179587970},"geometry":{"type":"LineString","coordinates":[[-3.59221,37.16585],[-3.59221,37.16583],[-3.59208,37.16516],[-3.59203,37.16486],[-3.59202,37.16481],[-3.592,37.16474],[-3.59194,37.16442],[-3.59188,37.16411],[-3.59186,37.16402],[-3.59183,37.16396],[-3.59181,37.16391]]}},{"type":"Feature","properties":{"name":"Camino Bajo de Huétor","kind":"road","road":"secondary","osm":179587973},"geometry":{"type":"LineString","coordinates":[[-3.5901,37.16221],[-3.59011,37.16224],[-3.59012,37.16226],[-3.59013,37.16228],[-3.59014,37.1623],[-3.5903,37.16261],[-3.59053,37.16302],[-3.59071,37.16335],[-3.59073,37.16339],[-3.59077,37.16343]]}},{"type":"Feature","properties":{"name":"Camino Bajo de Huétor","kind":"road","road":"secondary","osm":179587977},"geometry":{"type":"LineString","coordinates":[[-3.59077,37.16343],[-3.5909,37.1635],[-3.59118,37.16357],[-3.59139,37.16363],[-3.59142,37.16363]]}},{"type":"Feature","properties":{"name":"Camino de las Peñuelas","kind":"road","road":"tertiary","osm":179587978},"geometry":{"type":"LineString","coordinates":[[-3.59245,37.1629],[-3.59226,37.16305]]}},{"type":"Feature","properties":{"name":"Plaza del Ángel","kind":"road","road":"tertiary","osm":179587979},"geometry":{"type":"LineString","coordinates":[[-3.59666,37.16364],[-3.59646,37.1636],[-3.59642,37.1636],[-3.59634,37.16359]]}},{"type":"Feature","properties":{"name":"","kind":"road","road":"secondary","osm":179587982},"geometry":{"type":"LineString","coordinates":[[-3.59209,37.16608],[-3.59211,37.1661],[-3.59213,37.16613],[-3.59217,37.16614],[-3.59221,37.16615],[-3.59225,37.16615],[-3.59228,37.16614]]}},{"type":"Feature","properties":{"name":"Calle Abu Isaac","kind":"road","road":"tertiary","osm":179959885},"geometry":{"type":"LineString","coordinates":[[-3.59982,37.169],[-3.59981,37.16894],[-3.59981,37.16888],[-3.59977,37.16883],[-3.59972,37.16866],[-3.59965,37.16838],[-3.59965,37.16836],[-3.59966,37.16835],[-3.59968,37.16833]]}},{"type":"Feature","properties":{"name":"Calle Agustina de Aragón","kind":"road","road":"secondary","osm":179959886},"geometry":{"type":"LineString","coordinates":[[-3.60366,37.16667],[-3.6036,37.1667],[-3.60358,37.16671],[-3.60356,37.16672],[-3.60325,37.16686],[-3.60322,37.16687],[-3.60289,37.16702],[-3.60284,37.16704],[-3.60252,37.16718],[-3.6022,37.16733]]}},{"type":"Feature","properties":{"name":"Calle Joaquín Blume","kind":"road","road":"tertiary","osm":179959891},"geometry":{"type":"LineString","coordinates":[[-3.60354,37.16902],[-3.60354,37.16897],[-3.60354,37.16894],[-3.60354,37.16891]]}},{"type":"Feature","properties":{"name":"Calle Marqués de Mondéjar","kind":"road","road":"tertiary","osm":179959892},"geometry":{"type":"LineString","coordinates":[[-3.59968,37.16833],[-3.5997,37.16833],[-3.60039,37.16834],[-3.60046,37.16834],[-3.6008,37.16834],[-3.60137,37.16834],[-3.60143,37.16834],[-3.6015,37.16834],[-3.60231,37.16835],[-3.60234,37.16835],[-3.60237,37.16835],[-3.60244,37.16835],[-3.60272,37.16835],[-3.60322,37.16836],[-3.60346,37.16836],[-3.60348,37.16836],[-3.60354,37.16836]]}},{"type":"Feature","properties":{"name":"Calle San Marcos","kind":"road","road":"tertiary","osm":179959894},"geometry":{"type":"LineString","coordinates":[[-3.59913,37.16822],[-3.59904,37.16825],[-3.59862,37.1684],[-3.59821,37.16848]]}},{"type":"Feature","properties":{"name":"Calle Tejeiro","kind":"road","road":"tertiary","osm":179959895},"geometry":{"type":"LineString","coordinates":[[-3.60218,37.17144],[-3.60219,37.17141],[-3.60231,37.17118],[-3.60237,37.17107],[-3.6024,37.17097],[-3.60245,37.17089],[-3.60248,37.17083],[-3.60274,37.17036],[-3.60277,37.1703],[-3.60312,37.16968],[-3.60326,37.16947],[-3.60327,37.16944],[-3.60328,37.16942],[-3.60333,37.16933],[-3.60345,37.16912]]}},{"type":"Feature","properties":{"name":"Plaza del Humilladero","kind":"road","road":"primary","osm":179959896},"geometry":{"type":"LineString","coordinates":[[-3.59613,37.16945],[-3.59618,37.16943],[-3.59666,37.16918],[-3.59676,37.16913],[-3.59687,37.16908]]}},{"type":"Feature","properties":{"name":"Avenida de la Constitución","kind":"road","road":"primary","osm":179966277},"geometry":{"type":"LineString","coordinates":[[-3.61045,37.18692],[-3.61009,37.1868],[-3.60994,37.18673],[-3.60979,37.18666],[-3.60975,37.18664],[-3.60942,37.18648],[-3.6093,37.1864],[-3.60916,37.18631],[-3.60881,37.18614],[-3.60878,37.18612],[-3.60872,37.18609],[-3.60864,37.18605]]}},{"type":"Feature","properties":{"name":"Calle Doctor Jaime García Royo","kind":"road","road":"secondary","osm":179966279},"geometry":{"type":"LineString","coordinates":[[-3.60845,37.18412],[-3.60839,37.18411],[-3.60837,37.18411],[-3.60816,37.18406],[-3.60753,37.18393],[-3.60739,37.18391],[-3.60714,37.18386],[-3.60679,37.18378],[-3.60677,37.18378],[-3.60665,37.18376]]}},{"type":"Feature","properties":{"name":"Calle Fray Leopoldo de Alpandeire","kind":"road","road":"tertiary","osm":179966286},"geometry":{"type":"LineString","coordinates":[[-3.60816,37.18406],[-3.60813,37.18411],[-3.60749,37.18496],[-3.60722,37.18532],[-3.6072,37.18534],[-3.60719,37.18536]]}},{"type":"Feature","properties":{"name":"Calle Monterería","kind":"road","road":"pedestrian","osm":179966291},"geometry":{"type":"LineString","coordinates":[[-3.59991,37.17455],[-3.59972,37.1743],[-3.5997,37.17428],[-3.59944,37.17405]]}},{"type":"Feature","properties":{"name":"Calle Sócrates","kind":"road","road":"tertiary","osm":179966293},"geometry":{"type":"LineString","coordinates":[[-3.60831,37.1743],[-3.60826,37.17432],[-3.60823,37.17433],[-3.60821,37.17434],[-3.60786,37.17448],[-3.60756,37.1746],[-3.60753,37.1746],[-3.60747,37.17463],[-3.60745,37.17464],[-3.60735,37.17467],[-3.60663,37.17495],[-3.60659,37.17497],[-3.60657,37.17499]]}},{"type":"Feature","properties":{"name":"Plaza de Gran Capitán","kind":"road","road":"secondary","osm":179966298},"geometry":{"type":"LineString","coordinates":[[-3.60586,37.17709],[-3.6059,37.17704],[-3.60593,37.17701],[-3.60607,37.17684]]}},{"type":"Feature","properties":{"name":"Avenida Divina Pastora","kind":"road","road":"pedestrian","osm":180019938},"geometry":{"type":"LineString","coordinates":[[-3.60335,37.18373],[-3.60328,37.18382],[-3.60243,37.18431],[-3.60211,37.1845],[-3.60181,37.18468],[-3.60173,37.18472]]}},{"type":"Feature","properties":{"name":"Camino de Ronda","kind":"road","road":"primary","osm":180019939},"geometry":{"type":"LineString","coordinates":[[-3.61478,37.18489],[-3.61474,37.18478]]}},{"type":"Feature","properties":{"name":"Paseo de Cartuja","kind":"road","road":"primary","osm":180019941},"geometry":{"type":"LineString","coordinates":[[-3.60055,37.1892],[-3.60054,37.18937],[-3.60054,37.18943],[-3.60051,37.18952],[-3.60046,37.18962]]}},{"type":"Feature","properties":{"name":"","kind":"road","road":"primary","osm":180019942},"geometry":{"type":"LineString","coordinates":[[-3.6148,37.18952],[-3.61477,37.18949],[-3.61473,37.18947],[-3.61469,37.18945],[-3.61466,37.18945],[-3.61464,37.18945],[-3.6146,37.18945],[-3.61456,37.18946]]}},{"type":"Feature","properties":{"name":"Placeta de la Cruz","kind":"road","road":"pedestrian","osm":181069933},"geometry":{"type":"LineString","coordinates":[[-3.60179,37.18652],[-3.60177,37.18648],[-3.60174,37.18644],[-3.60173,37.18642],[-3.60172,37.18641],[-3.60171,37.18639],[-3.60169,37.18636],[-3.60168,37.18634],[-3.60167,37.18632],[-3.60165,37.18629],[-3.60163,37.18626],[-3.60162,37.18625],[-3.6016,37.18621],[-3.60159,37.18619],[-3.60159,37.18618],[-3.6018,37.18608],[-3.6019,37.18619],[-3.60207,37.18639],[-3.6018,37.18651],[-3.60179,37.18652]]}},{"type":"Feature","properties":{"name":"","kind":"park","road":"","osm":182388280},"geometry":{"type":"Polygon","coordinates":[[[-3.60135,37.16779],[-3.60112,37.16779],[-3.6011,37.16779],[-3.60106,37.16779],[-3.60106,37.16777],[-3.60091,37.16777],[-3.60083,37.16777],[-3.6008,37.16776],[-3.60077,37.16776],[-3.60062,37.16776],[-3.60055,37.16776],[-3.60053,37.16776],[-3.60045,37.16778],[-3.60036,37.16765],[-3.60045,37.16763],[-3.60051,37.16761],[-3.60057,37.16761],[-3.60132,37.16761],[-3.60135,37.16762],[-3.60135,37.16779]]]}},{"type":"Feature","properties":{"name":"Alcázar del Genil","kind":"park","road":"","osm":182390643},"geometry":{"type":"Polygon","coordinates":[[[-3.60047,37.16416],[-3.60039,37.16424],[-3.6004,37.16491],[-3.6004,37.16499],[-3.6004,37.16503],[-3.60049,37.16501],[-3.60064,37.16497],[-3.60072,37.16495],[-3.60072,37.16493],[-3.60071,37.16475],[-3.60071,37.16451],[-3.60069,37.16451],[-3.60047,37.16416]]]}},{"type":"Feature","properties":{"name":"","kind":"park","road":"","osm":182390672},"geometry":{"type":"Polygon","coordinates":[[[-3.59808,37.16637],[-3.59814,37.16632],[-3.59822,37.16629],[-3.5983,37.16628],[-3.59839,37.1663],[-3.59846,37.16633],[-3.59851,37.16639],[-3.59855,37.16645],[-3.59855,37.16652],[-3.59852,37.16658],[-3.59847,37.16664],[-3.5984,37.16668],[-3.59832,37.1667],[-3.59824,37.16669],[-3.59816,37.16667],[-3.59809,37.16663],[-3.59805,37.16657],[-3.59803,37.1665],[-3.59804,37.16643],[-3.59808,37.16637]]]}},{"type":"Feature","properties":{"name":"","kind":"road","road":"pedestrian","osm":182390673},"geometry":{"type":"LineString","coordinates":[[-3.60235,37.16474],[-3.60228,37.16464],[-3.60216,37.16442],[-3.60215,37.16442],[-3.60215,37.16452],[-3.60214,37.16452],[-3.60212,37.16453],[-3.60212,37.16452],[-3.6021,37.16452],[-3.6021,37.16453],[-3.60208,37.16453],[-3.60208,37.16452],[-3.60201,37.16453],[-3.60199,37.16453],[-3.60197,37.16453],[-3.60194,37.16454],[-3.60194,37.16453],[-3.6019,37.16453],[-3.6019,37.16454],[-3.60188,37.16454],[-3.60188,37.16453],[-3.60186,37.16453],[-3.60186,37.16454],[-3.60184,37.16454],[-3.60177,37.16454],[-3.60177,37.16455],[-3.60174,37.16455],[-3.60174,37.16454],[-3.60173,37.16454],[-3.60173,37.16455],[-3.6017,37.16455],[-3.6017,37.16454],[-3.60169,37.16454],[-3.60168,37.1644],[-3.60169,37.1644],[-3.60169,37.16439],[-3.60171,37.16439],[-3.60171,37.1644],[-3.60173,37.1644],[-3.60173,37.16439],[-3.60176,37.16439],[-3.60195,37.16438],[-3.60188,37.16425],[-3.60168,37.16433],[-3.60162,37.16436],[-3.60159,37.16432],[-3.60154,37.16423],[-3.60151,37.16424],[-3.60144,37.16427],[-3.60148,37.16433],[-3.60103,37.16436],[-3.60097,37.16438],[-3.60084,37.16443],[-3.60095,37.1644],[-3.60152,37.16436],[-3.60153,37.16441],[-3.60153,37.16446],[-3.60154,37.16446],[-3.60154,37.1645],[-3.60154,37.16455],[-3.60153,37.16455],[-3.60153,37.16456],[-3.60151,37.16456],[-3.60142,37.16456],[-3.60142,37.16457],[-3.6014,37.16457],[-3.6014,37.16456],[-3.60139,37.16456],[-3.60135,37.16457],[-3.60134,37.16457],[-3.60133,37.16457],[-3.60131,37.16457],[-3.60126,37.16457],[-3.60126,37.16458],[-3.60124,37.16458],[-3.60124,37.16457],[-3.60122,37.16457],[-3.60122,37.16458],[-3.6012,37.16458],[-3.60119,37.16457],[-3.60118,37.16457],[-3.60118,37.16458],[-3.60116,37.16458],[-3.60115,37.16458],[-3.60114,37.16458],[-3.60112,37.16458],[-3.60108,37.16458],[-3.60108,37.16459],[-3.60105,37.16459],[-3.60105,37.16458],[-3.60104,37.16458],[-3.60101,37.16458],[-3.60098,37.16459],[-3.60095,37.16459],[-3.60089,37.16459],[-3.60089,37.1646],[-3.60088,37.1646],[-3.60088,37.16459],[-3.60086,37.16459],[-3.60085,37.1646],[-3.60085,37.16461],[-3.60085,37.16463],[-3.60086,37.16463],[-3.60087,37.16473],[-3.60088,37.16483],[-3.60088,37.16486],[-3.6009,37.16485],[-3.60108,37.16484],[-3.60108,37.16485],[-3.60109,37.16485],[-3.60109,37.16486],[-3.60108,37.16487],[-3.60108,37.1649],[-3.60109,37.1649],[-3.6011,37.16492],[-3.60109,37.16492],[-3.60109,37.16499],[-3.6011,37.16499],[-3.6011,37.16501],[-3.6011,37.16505],[-3.60111,37.16505],[-3.60111,37.16506],[-3.60119,37.16506],[-3.60118,37.16503],[-3.60121,37.16503],[-3.60125,37.16502],[-3.60125,37.16501],[-3.60124,37.16498],[-3.60123,37.16483],[-3.60125,37.16483],[-3.6013,37.16483],[-3.6013,37.16482],[-3.60132,37.16482],[-3.60132,37.16483],[-3.6014,37.16482],[-3.60139,37.16482],[-3.60142,37.16481],[-3.60142,37.16482],[-3.60149,37.16482],[-3.60149,37.16481],[-3.60151,37.16481],[-3.60152,37.16481],[-3.60154,37.16481],[-3.60155,37.16481],[-3.60157,37.1648],[-3.60157,37.16481],[-3.60158,37.16481],[-3.60158,37.1648],[-3.60161,37.1648],[-3.60161,37.16481],[-3.60169,37.1648],[-3.60171,37.1648],[-3.60178,37.1648],[-3.60178,37.16479],[-3.6018,37.16479],[-3.6018,37.1648],[-3.60187,37.16479],[-3.60187,37.16478],[-3.6019,37.16478],[-3.6019,37.16479],[-3.60192,37.16492],[-3.60194,37.16492],[-3.60195,37.16491],[-3.60207,37.16487],[-3.60207,37.16488],[-3.60215,37.16486],[-3.60213,37.16484],[-3.60212,37.16482],[-3.60226,37.16477],[-3.60235,37.16474]]}},{"type":"Feature","properties":{"name":"Camino de La Zubia","kind":"road","road":"pedestrian","osm":182395628},"geometry":{"type":"LineString","coordinates":[[-3.59634,37.16308],[-3.59653,37.16307]]}},{"type":"Feature","properties":{"name":"","kind":"park","road":"","osm":182678737},"geometry":{"type":"Polygon","coordinates":[[[-3.59328,37.16438],[-3.59334,37.16446],[-3.59334,37.16447],[-3.59333,37.16448],[-3.59311,37.16452],[-3.59279,37.16459],[-3.59275,37.16449],[-3.59308,37.16442],[-3.59328,37.16438]]]}},{"type":"Feature","properties":{"name":"","kind":"road","road":"pedestrian","osm":182773923},"geometry":{"type":"LineString","coordinates":[[-3.58238,37.16372],[-3.58232,37.16392],[-3.58234,37.16393],[-3.58237,37.16393],[-3.58239,37.16394],[-3.58242,37.16394],[-3.58248,37.16374],[-3.58243,37.16373],[-3.58238,37.16372]]}},{"type":"Feature","properties":{"name":"","kind":"park","road":"","osm":182773949},"geometry":{"type":"Polygon","coordinates":[[[-3.58266,37.16407],[-3.58248,37.16404],[-3.58259,37.16372],[-3.58266,37.1637],[-3.5828,37.16374],[-3.58293,37.16341],[-3.58282,37.16335],[-3.58269,37.16335],[-3.58254,37.16373],[-3.58248,37.16374],[-3.58242,37.16394],[-3.58234,37.16421],[-3.58231,37.1642],[-3.58229,37.16427],[-3.58222,37.16426],[-3.58215,37.16447],[-3.58226,37.1645],[-3.58231,37.1645],[-3.58239,37.16452],[-3.58247,37.16448],[-3.58266,37.16407]]]}},{"type":"Feature","properties":{"name":"","kind":"park","road":"","osm":182781563},"geometry":{"type":"Polygon","coordinates":[[[-3.59138,37.17915],[-3.59153,37.17914],[-3.59153,37.17915],[-3.59158,37.17915],[-3.59157,37.17901],[-3.59155,37.17901],[-3.59155,37.1789],[-3.59137,37.17891],[-3.59138,37.17915]]]}},{"type":"Feature","properties":{"name":"","kind":"park","road":"","osm":182781567},"geometry":{"type":"Polygon","coordinates":[[[-3.59164,37.1791],[-3.59164,37.17896],[-3.59181,37.17895],[-3.59184,37.1791],[-3.59182,37.1791],[-3.59164,37.1791]]]}},{"type":"Feature","properties":{"name":"Calle Pediatra Alberto Lardelli Lardelli","kind":"road","road":"pedestrian","osm":184234993},"geometry":{"type":"LineString","coordinates":[[-3.60395,37.16841],[-3.60395,37.16892]]}},{"type":"Feature","properties":{"name":"Plaza Madre de los Ferroviarios","kind":"road","road":"pedestrian","osm":184234994},"geometry":{"type":"LineString","coordinates":[[-3.6095,37.18474],[-3.61055,37.18495],[-3.6106,37.18496]]}},{"type":"Feature","properties":{"name":"Calle Halcón","kind":"road","road":"secondary","osm":184234995},"geometry":{"type":"LineString","coordinates":[[-3.61066,37.18479],[-3.61127,37.18492],[-3.61159,37.18496]]}},{"type":"Feature","properties":{"name":"Cuesta del Chapiz","kind":"road","road":"tertiary","osm":184423912},"geometry":{"type":"LineString","coordinates":[[-3.58889,37.18175],[-3.58903,37.18192],[-3.58909,37.18198],[-3.58918,37.18205],[-3.58929,37.18212],[-3.58937,37.18215],[-3.58947,37.18219],[-3.58968,37.18224],[-3.58996,37.1823],[-3.59015,37.18233],[-3.59022,37.18234],[-3.59049,37.18238],[-3.59062,37.18239]]}},{"type":"Feature","properties":{"name":"Plaza Aliatar","kind":"road","road":"pedestrian","osm":184423913},"geometry":{"type":"LineString","coordinates":[[-3.59156,37.1827],[-3.59143,37.18262],[-3.59142,37.18263],[-3.59126,37.18275],[-3.59114,37.18283],[-3.59126,37.18293],[-3.59127,37.18293],[-3.59154,37.18271],[-3.59156,37.1827]]}},{"type":"Feature","properties":{"name":"Plaza del Salvador","kind":"road","road":"tertiary","osm":184423914},"geometry":{"type":"LineString","coordinates":[[-3.59062,37.18239],[-3.59072,37.18239]]}},{"type":"Feature","properties":{"name":"Paseo de Cartuja","kind":"road","road":"primary","osm":184426318},"geometry":{"type":"LineString","coordinates":[[-3.60065,37.18964],[-3.60065,37.18958],[-3.60065,37.18953]]}},{"type":"Feature","properties":{"name":"","kind":"road","road":"secondary","osm":184426509},"geometry":{"type":"LineString","coordinates":[[-3.59656,37.18524],[-3.59657,37.18521],[-3.59656,37.18517]]}},{"type":"Feature","properties":{"name":"","kind":"road","road":"secondary","osm":184426511},"geometry":{"type":"LineString","coordinates":[[-3.59621,37.18522],[-3.59621,37.18525],[-3.59623,37.18528],[-3.59627,37.18532],[-3.59629,37.18534],[-3.59632,37.18535],[-3.59638,37.18536]]}},{"type":"Feature","properties":{"name":"","kind":"road","road":"secondary","osm":184426512},"geometry":{"type":"LineString","coordinates":[[-3.59638,37.18536],[-3.59642,37.18535],[-3.59645,37.18535],[-3.59648,37.18533],[-3.59652,37.18531],[-3.59655,37.18528],[-3.59656,37.18524]]}},{"type":"Feature","properties":{"name":"Calle Méndez Núñez","kind":"road","road":"primary","osm":184564353},"geometry":{"type":"LineString","coordinates":[[-3.61049,37.17789],[-3.61058,37.17785]]}},{"type":"Feature","properties":{"name":"Calle Gonzalo Gallas","kind":"road","road":"secondary","osm":184566431},"geometry":{"type":"LineString","coordinates":[[-3.61227,37.1823],[-3.61225,37.18226],[-3.61205,37.18194],[-3.61204,37.18192],[-3.61185,37.18161],[-3.61183,37.18158],[-3.61145,37.18095],[-3.61123,37.18059],[-3.61108,37.18034],[-3.61104,37.18027],[-3.61084,37.17993],[-3.61052,37.1794],[-3.61018,37.17885]]}},{"type":"Feature","properties":{"name":"Calle Acera del Darro","kind":"road","road":"primary","osm":184573004},"geometry":{"type":"LineString","coordinates":[[-3.59689,37.16901],[-3.59688,37.16896],[-3.59671,37.16874],[-3.59661,37.16859],[-3.59654,37.16848],[-3.59652,37.16846],[-3.5965,37.16839]]}},{"type":"Feature","properties":{"name":"Paseo del Violón","kind":"road","road":"primary","osm":184573005},"geometry":{"type":"LineString","coordinates":[[-3.59629,37.16776],[-3.59631,37.16786],[-3.59631,37.16787],[-3.59631,37.1679],[-3.59633,37.16795]]}},{"type":"Feature","properties":{"name":"Avenida de Madrid","kind":"road","road":"primary","osm":192527945},"geometry":{"type":"LineString","coordinates":[[-3.60556,37.1893],[-3.60581,37.18956],[-3.60584,37.18959]]}},{"type":"Feature","properties":{"name":"Patio de Machuca","kind":"park","road":"","osm":196481134},"geometry":{"type":"Polygon","coordinates":[[[-3.59008,37.17746],[-3.59033,37.17746],[-3.59033,37.17726],[-3.59011,37.17726],[-3.59008,37.17726],[-3.59008,37.17731],[-3.59008,37.17746]]]}},{"type":"Feature","properties":{"name":"","kind":"park","road":"","osm":196481158},"geometry":{"type":"Polygon","coordinates":[[[-3.59032,37.17697],[-3.59029,37.17711],[-3.5906,37.17711],[-3.59063,37.1769],[-3.59047,37.17687],[-3.59045,37.17699],[-3.59032,37.17697]]]}},{"type":"Feature","properties":{"name":"","kind":"park","road":"","osm":196481159},"geometry":{"type":"Polygon","coordinates":[[[-3.59048,37.17684],[-3.59063,37.17686],[-3.59066,37.17666],[-3.59041,37.17659],[-3.59038,37.1767],[-3.59051,37.17672],[-3.59048,37.17684]]]}},{"type":"Feature","properties":{"name":"","kind":"park","road":"","osm":196485667},"geometry":{"type":"Polygon","coordinates":[[[-3.58922,37.1768],[-3.58925,37.17669],[-3.58914,37.17667],[-3.58901,37.17665],[-3.58901,37.17671],[-3.589,37.17682],[-3.58907,37.17683],[-3.58921,37.17685],[-3.58922,37.1768]]]}},{"type":"Feature","properties":{"name":"Plaza de los Aljibes","kind":"road","road":"pedestrian","osm":196485669},"geometry":{"type":"LineString","coordinates":[[-3.59105,37.17686],[-3.59089,37.17681],[-3.59089,37.17673],[-3.59084,37.17673],[-3.59081,37.17672],[-3.59078,37.17728],[-3.591,37.17729],[-3.59101,37.17717],[-3.59108,37.17717],[-3.59108,37.17714],[-3.5911,37.17694],[-3.59105,37.17686]]}},{"type":"Feature","properties":{"name":"","kind":"road","road":"pedestrian","osm":196485676},"geometry":{"type":"LineString","coordinates":[[-3.58864,37.17653],[-3.58864,37.17651],[-3.58866,37.17601]]}},{"type":"Feature","properties":{"name":"","kind":"water","road":"","osm":196485679},"geometry":{"type":"Polygon","coordinates":[[[-3.58877,37.1768],[-3.58877,37.17676],[-3.58873,37.17676],[-3.58873,37.1768],[-3.58877,37.1768]]]}},{"type":"Feature","properties":{"name":"","kind":"park","road":"","osm":196485680},"geometry":{"type":"Polygon","coordinates":[[[-3.58837,37.17729],[-3.58836,37.17712],[-3.58796,37.17713],[-3.58822,37.17721],[-3.58837,37.17729]]]}},{"type":"Feature","properties":{"name":"","kind":"water","road":"","osm":196485681},"geometry":{"type":"Polygon","coordinates":[[[-3.58847,37.17678],[-3.58847,37.17673],[-3.58844,37.17673],[-3.58844,37.17678],[-3.58847,37.17678]]]}},{"type":"Feature","properties":{"name":"","kind":"water","road":"","osm":196485682},"geometry":{"type":"Polygon","coordinates":[[[-3.58848,37.17664],[-3.58848,37.17659],[-3.58845,37.17659],[-3.58845,37.17664],[-3.58848,37.17664]]]}},{"type":"Feature","properties":{"name":"","kind":"water","road":"","osm":196485683},"geometry":{"type":"Polygon","coordinates":[[[-3.58847,37.17694],[-3.58847,37.17692],[-3.58842,37.17692],[-3.58842,37.17688],[-3.58839,37.17688],[-3.58839,37.17695],[-3.58847,37.17694]]]}},{"type":"Feature","properties":{"name":"","kind":"water","road":"","osm":196485684},"geometry":{"type":"Polygon","coordinates":[[[-3.58858,37.17694],[-3.58858,37.17687],[-3.58855,37.17687],[-3.58855,37.17692],[-3.5885,37.17692],[-3.5885,37.17695],[-3.58858,37.17694]]]}},{"type":"Feature","properties":{"name":"","kind":"road","road":"pedestrian","osm":196490786},"geometry":{"type":"LineString","coordinates":[[-3.59075,37.17564],[-3.59071,37.1757],[-3.59061,37.17572],[-3.59054,37.17569],[-3.59051,37.17563],[-3.59053,37.17557],[-3.59055,37.17555],[-3.59063,37.17553],[-3.59072,37.17555],[-3.59075,37.17561],[-3.59075,37.17564]]}},{"type":"Feature","properties":{"name":"","kind":"water","road":"","osm":196500580},"geometry":{"type":"Polygon","coordinates":[[[-3.58888,37.17638],[-3.58889,37.17635],[-3.58871,37.17631],[-3.5887,37.17633],[-3.58888,37.17638]]]}},{"type":"Feature","properties":{"name":"Jardín del Secano y Tenerías","kind":"park","road":"","osm":196500584},"geometry":{"type":"Polygon","coordinates":[[[-3.58742,37.17521],[-3.58722,37.17513],[-3.58715,37.1751],[-3.58709,37.17509],[-3.58703,37.17507],[-3.58695,37.17506],[-3.58686,37.17504],[-3.58679,37.17503],[-3.58674,37.17532],[-3.58657,37.17529],[-3.58651,37.17546],[-3.5868,37.17553],[-3.58686,37.17539],[-3.58721,37.17548],[-3.58742,37.17521]]]}},{"type":"Feature","properties":{"name":"Plaza de San Nicolás","kind":"road","road":"pedestrian","osm":197069017},"geometry":{"type":"LineString","coordinates":[[-3.59354,37.18122],[-3.5933,37.18121],[-3.59328,37.18121],[-3.59329,37.18125],[-3.5933,37.18134],[-3.5933,37.18136],[-3.59332,37.18148],[-3.59333,37.18149],[-3.59356,37.18151],[-3.59357,37.18151],[-3.59356,37.18147],[-3.59356,37.18137],[-3.59356,37.18129],[-3.59355,37.18128],[-3.59355,37.18124],[-3.59355,37.18122],[-3.59354,37.18122]]}},{"type":"Feature","properties":{"name":"Calle Elvira","kind":"road","road":"secondary","osm":197145014},"geometry":{"type":"LineString","coordinates":[[-3.59938,37.18213],[-3.59937,37.18211],[-3.59935,37.18197],[-3.59935,37.18195]]}},{"type":"Feature","properties":{"name":"Calle Acera de San Ildefonso","kind":"road","road":"pedestrian","osm":197146253},"geometry":{"type":"LineString","coordinates":[[-3.60006,37.18531],[-3.60008,37.18531],[-3.60009,37.18531],[-3.60012,37.18508],[-3.60011,37.18496],[-3.60009,37.18495],[-3.60005,37.1847],[-3.60003,37.1846],[-3.59988,37.18373],[-3.59985,37.18355],[-3.59981,37.18354],[-3.59952,37.18366],[-3.59954,37.18368],[-3.59955,37.18368],[-3.59959,37.18373],[-3.59961,37.18376],[-3.5996,37.18377],[-3.59963,37.18381],[-3.59964,37.18381],[-3.59966,37.18386],[-3.59966,37.18388],[-3.59967,37.18392],[-3.59969,37.18399],[-3.59955,37.18401],[-3.59956,37.18405],[-3.59957,37.18405],[-3.59958,37.18406],[-3.59959,37.18409],[-3.5996,37.18409],[-3.59962,37.18414],[-3.59964,37.18417],[-3.59968,37.18424],[-3.59972,37.18429],[-3.59977,37.18435],[-3.59979,37.18436],[-3.59979,37.18437],[-3.59982,37.18441],[-3.59985,37.18448],[-3.59987,37.18456],[-3.59988,37.18458],[-3.5999,37.18462],[-3.59989,37.18462],[-3.5999,37.18465],[-3.59991,37.1847],[-3.59995,37.18478],[-3.59997,37.18481],[-3.59999,37.18487],[-3.59989,37.18491],[-3.59986,37.18492],[-3.59988,37.18494],[-3.59997,37.1849],[-3.59998,37.1849],[-3.60001,37.18495],[-3.6,37.18496],[-3.60001,37.18499],[-3.60002,37.185],[-3.60005,37.18506],[-3.60004,37.1851],[-3.60002,37.18512],[-3.60003,37.18516],[-3.60005,37.18521],[-3.60005,37.18523],[-3.60004,37.18523],[-3.60005,37.18527],[-3.60006,37.1853],[-3.60006,37.18531]]}},{"type":"Feature","properties":{"name":"Calle Cisne","kind":"road","road":"tertiary","osm":197179226},"geometry":{"type":"LineString","coordinates":[[-3.6106,37.18496],[-3.61051,37.18521],[-3.61043,37.18541],[-3.61042,37.18544],[-3.61041,37.18548],[-3.61038,37.18556],[-3.6103,37.18577],[-3.61027,37.18586],[-3.61025,37.18591],[-3.61,37.18658],[-3.60998,37.18664],[-3.60994,37.18673]]}},{"type":"Feature","properties":{"name":"Calle Halcón","kind":"road","road":"secondary","osm":202139781},"geometry":{"type":"LineString","coordinates":[[-3.61371,37.18524],[-3.61267,37.1851],[-3.61258,37.18509]]}},{"type":"Feature","properties":{"name":"Calle Alondra","kind":"road","road":"secondary","osm":202139782},"geometry":{"type":"LineString","coordinates":[[-3.61333,37.1868],[-3.61331,37.18685],[-3.61309,37.18763],[-3.61309,37.18764],[-3.61308,37.18766],[-3.61308,37.18768],[-3.61307,37.1877]]}},{"type":"Feature","properties":{"name":"Paseo del Salón","kind":"road","road":"primary","osm":202438589},"geometry":{"type":"LineString","coordinates":[[-3.59364,37.1698],[-3.59421,37.16974],[-3.59447,37.16972],[-3.59498,37.16966],[-3.59516,37.16964],[-3.59576,37.16958],[-3.59587,37.16956],[-3.59595,37.16954],[-3.59597,37.16953],[-3.596,37.16952]]}},{"type":"Feature","properties":{"name":"Pasaje Mariquilla Bailaora","kind":"road","road":"pedestrian","osm":202707912},"geometry":{"type":"LineString","coordinates":[[-3.60504,37.16742],[-3.60506,37.16746],[-3.60478,37.16793],[-3.60466,37.16798]]}},{"type":"Feature","properties":{"name":"Paseo de Cartuja","kind":"road","road":"primary","osm":203629291},"geometry":{"type":"LineString","coordinates":[[-3.60067,37.18994],[-3.60065,37.18964]]}},{"type":"Feature","properties":{"name":"Calle Elvira","kind":"road","road":"secondary","osm":204132395},"geometry":{"type":"LineString","coordinates":[[-3.59766,37.17773],[-3.59765,37.17771],[-3.59761,37.17767],[-3.5976,37.17766],[-3.59759,37.17766],[-3.59747,37.17753],[-3.59725,37.17738]]}},{"type":"Feature","properties":{"name":"Calle Oidores","kind":"road","road":"pedestrian","osm":204133174},"geometry":{"type":"LineString","coordinates":[[-3.59629,37.17938],[-3.59661,37.17921]]}},{"type":"Feature","properties":{"name":"","kind":"park","road":"","osm":208616586},"geometry":{"type":"Polygon","coordinates":[[[-3.6064,37.17709],[-3.60637,37.17712],[-3.6064,37.17714],[-3.60643,37.17711],[-3.6064,37.17709]]]}},{"type":"Feature","properties":{"name":"","kind":"park","road":"","osm":208616587},"geometry":{"type":"Polygon","coordinates":[[[-3.60627,37.17727],[-3.60601,37.1771],[-3.60609,37.17702],[-3.60635,37.17719],[-3.60627,37.17727]]]}},{"type":"Feature","properties":{"name":"","kind":"park","road":"","osm":208616588},"geometry":{"type":"Polygon","coordinates":[[[-3.60618,37.17693],[-3.60614,37.17696],[-3.60619,37.17699],[-3.60622,37.17696],[-3.60618,37.17693]]]}},{"type":"Feature","properties":{"name":"","kind":"park","road":"","osm":208616589},"geometry":{"type":"Polygon","coordinates":[[[-3.60625,37.17698],[-3.60621,37.17701],[-3.60634,37.1771],[-3.60637,37.17707],[-3.60625,37.17698]]]}},{"type":"Feature","properties":{"name":"Paseo de las Palmas","kind":"road","road":"tertiary","osm":208731232},"geometry":{"type":"LineString","coordinates":[[-3.58748,37.16888],[-3.58745,37.16887],[-3.58736,37.16886],[-3.58732,37.16885],[-3.58715,37.16879],[-3.58698,37.16872]]}},{"type":"Feature","properties":{"name":"Placeta Joe Strummer","kind":"road","road":"pedestrian","osm":208731233},"geometry":{"type":"LineString","coordinates":[[-3.58788,37.16889],[-3.58791,37.16889],[-3.58804,37.16891],[-3.588,37.16901],[-3.58798,37.169],[-3.58796,37.16899],[-3.58791,37.16898],[-3.58788,37.16897],[-3.58787,37.16896],[-3.58782,37.16895],[-3.58779,37.16902],[-3.58776,37.16901],[-3.5876,37.16896],[-3.58757,37.16893],[-3.58755,37.1689],[-3.58757,37.16885],[-3.5876,37.16883],[-3.58764,37.16883],[-3.58787,37.16887],[-3.58788,37.16888],[-3.58788,37.16889]]}},{"type":"Feature","properties":{"name":"Plaza María Santísima de la Aurora","kind":"road","road":"pedestrian","osm":208731234},"geometry":{"type":"LineString","coordinates":[[-3.59667,37.17884],[-3.59661,37.17888],[-3.5967,37.17895],[-3.59671,37.17895],[-3.59673,37.17897],[-3.59687,37.17893],[-3.5971,37.17889],[-3.59705,37.17881],[-3.59687,37.17868],[-3.59666,37.17882],[-3.59667,37.17884]]}},{"type":"Feature","properties":{"name":"Calle Alquería","kind":"road","road":"tertiary","osm":208871902},"geometry":{"type":"LineString","coordinates":[[-3.5875,37.18792],[-3.58752,37.18789],[-3.58754,37.18786],[-3.58754,37.18782],[-3.58753,37.1878],[-3.58749,37.18778],[-3.58746,37.18778],[-3.58743,37.18779],[-3.58741,37.18781],[-3.58738,37.18784]]}},{"type":"Feature","properties":{"name":"Calle Doctor Guirao Gea","kind":"road","road":"tertiary","osm":210104978},"geometry":{"type":"LineString","coordinates":[[-3.60712,37.18803],[-3.60703,37.18796],[-3.6064,37.18752],[-3.60605,37.18728],[-3.60554,37.18692],[-3.60515,37.18664],[-3.60503,37.18653],[-3.60484,37.18635],[-3.60464,37.18616],[-3.60421,37.1857],[-3.60418,37.18568],[-3.60415,37.18568],[-3.60412,37.18567]]}},{"type":"Feature","properties":{"name":"Calle Doctor Guirao Gea","kind":"road","road":"tertiary","osm":210104989},"geometry":{"type":"LineString","coordinates":[[-3.60712,37.18803],[-3.60717,37.188],[-3.60723,37.188]]}},{"type":"Feature","properties":{"name":"Calle Doctor Guirao Gea","kind":"road","road":"tertiary","osm":210104990},"geometry":{"type":"LineString","coordinates":[[-3.60715,37.18827],[-3.60711,37.1882]]}},{"type":"Feature","properties":{"name":"Paseo de la Sabica","kind":"road","road":"tertiary","osm":210279231},"geometry":{"type":"LineString","coordinates":[[-3.58078,37.1717],[-3.58091,37.17176]]}},{"type":"Feature","properties":{"name":"Paseo de la Sabica","kind":"road","road":"tertiary","osm":210279232},"geometry":{"type":"LineString","coordinates":[[-3.58078,37.1717],[-3.58074,37.17167],[-3.58066,37.17162],[-3.58061,37.17157],[-3.58057,37.17152]]}},{"type":"Feature","properties":{"name":"Paseo de la Sabica","kind":"road","road":"tertiary","osm":210279233},"geometry":{"type":"LineString","coordinates":[[-3.58039,37.17151],[-3.58042,37.17153],[-3.58048,37.17155],[-3.58061,37.17162],[-3.58073,37.17169],[-3.58078,37.1717]]}},{"type":"Feature","properties":{"name":"","kind":"park","road":"","osm":210993123},"geometry":{"type":"Polygon","coordinates":[[[-3.61624,37.18822],[-3.61621,37.18833],[-3.61618,37.18841],[-3.61615,37.18844],[-3.61612,37.18847],[-3.61607,37.18847],[-3.61602,37.18846],[-3.61603,37.18845],[-3.61587,37.18841],[-3.61586,37.18843],[-3.61544,37.18833],[-3.61539,37.1883],[-3.61536,37.18826],[-3.61534,37.18822],[-3.6154,37.18804],[-3.61624,37.18822]]]}},{"type":"Feature","properties":{"name":"Glorieta Festival Internacional de Música y Danza de Granada","kind":"road","road":"secondary","osm":211620275},"geometry":{"type":"LineString","coordinates":[[-3.60618,37.18124],[-3.60605,37.18119],[-3.60601,37.18118],[-3.60598,37.18117],[-3.60595,37.18116]]}},{"type":"Feature","properties":{"name":"Plaza de Gracia","kind":"road","road":"tertiary","osm":211620276},"geometry":{"type":"LineString","coordinates":[[-3.60416,37.17282],[-3.60437,37.17305],[-3.60442,37.17311],[-3.60445,37.17313],[-3.60453,37.17319]]}},{"type":"Feature","properties":{"name":"Calle Padre Marcelino Álvarez","kind":"road","road":"primary","osm":211675604},"geometry":{"type":"LineString","coordinates":[[-3.61963,37.18118],[-3.61955,37.18112],[-3.61935,37.18098],[-3.61913,37.18085]]}},{"type":"Feature","properties":{"name":"Camino de Ronda","kind":"road","road":"primary","osm":211675607},"geometry":{"type":"LineString","coordinates":[[-3.61432,37.18406],[-3.61423,37.1839],[-3.61421,37.18387],[-3.61394,37.18342],[-3.61373,37.18308],[-3.61368,37.183]]}},{"type":"Feature","properties":{"name":"Camino de Ronda","kind":"road","road":"primary","osm":211675611},"geometry":{"type":"LineString","coordinates":[[-3.61465,37.1848],[-3.61469,37.18489],[-3.61469,37.1849]]}},{"type":"Feature","properties":{"name":"Camino de Ronda","kind":"road","road":"primary","osm":211675614},"geometry":{"type":"LineString","coordinates":[[-3.61474,37.18478],[-3.61466,37.18463],[-3.61432,37.18406]]}},{"type":"Feature","properties":{"name":"Calle Pintor Zuloaga","kind":"road","road":"tertiary","osm":213557976},"geometry":{"type":"LineString","coordinates":[[-3.6022,37.16733],[-3.60223,37.16738],[-3.6024,37.16766]]}},{"type":"Feature","properties":{"name":"Calle Ribera del Genil","kind":"road","road":"tertiary","osm":213557977},"geometry":{"type":"LineString","coordinates":[[-3.59782,37.16771],[-3.59784,37.1677],[-3.59788,37.16768],[-3.59853,37.16745],[-3.59867,37.1674]]}},{"type":"Feature","properties":{"name":"Calle Pintor Zuloaga","kind":"road","road":"tertiary","osm":213558268},"geometry":{"type":"LineString","coordinates":[[-3.6024,37.16766],[-3.60237,37.16768],[-3.60237,37.1678],[-3.60237,37.16793],[-3.60237,37.16831],[-3.60237,37.16835],[-3.60237,37.16867],[-3.60237,37.16891],[-3.60237,37.16895],[-3.60237,37.16899],[-3.60237,37.16901]]}},{"type":"Feature","properties":{"name":"Calle Pintor Zuloaga","kind":"road","road":"secondary","osm":213558269},"geometry":{"type":"LineString","coordinates":[[-3.60237,37.16901],[-3.60237,37.16904]]}},{"type":"Feature","properties":{"name":"Pasaje Quinta Alegre","kind":"road","road":"pedestrian","osm":214461477},"geometry":{"type":"LineString","coordinates":[[-3.58778,37.16438],[-3.58776,37.16443],[-3.58775,37.16447],[-3.58773,37.1645],[-3.58771,37.16454],[-3.58768,37.16456],[-3.58763,37.16459],[-3.58758,37.16461],[-3.58754,37.16462],[-3.58745,37.16463],[-3.58733,37.16462],[-3.58728,37.16465]]}},{"type":"Feature","properties":{"name":"Pasaje Quinta Alegre","kind":"road","road":"pedestrian","osm":214461479},"geometry":{"type":"LineString","coordinates":[[-3.58756,37.16474],[-3.58758,37.16484]]}},{"type":"Feature","properties":{"name":"Calle Azacayas","kind":"road","road":"tertiary","osm":218338730},"geometry":{"type":"LineString","coordinates":[[-3.60049,37.17995],[-3.60045,37.17994],[-3.59991,37.17992],[-3.59981,37.17992]]}},{"type":"Feature","properties":{"name":"","kind":"park","road":"","osm":218338773},"geometry":{"type":"Polygon","coordinates":[[[-3.6037,37.17929],[-3.6035,37.1792],[-3.60374,37.17883],[-3.60391,37.17891],[-3.60389,37.17894],[-3.60384,37.17902],[-3.60385,37.17904],[-3.60382,37.17905],[-3.60382,37.17908],[-3.60381,37.17908],[-3.60377,37.17913],[-3.60376,37.17912],[-3.60375,37.17912],[-3.60375,37.17913],[-3.60374,37.17913],[-3.60374,37.17914],[-3.60375,37.17915],[-3.60372,37.17918],[-3.60371,37.17919],[-3.60371,37.1792],[-3.60371,37.17921],[-3.60372,37.17921],[-3.60373,37.1792],[-3.60371,37.17923],[-3.60373,37.17924],[-3.6037,37.17929]]]}},{"type":"Feature","properties":{"name":"Parque Cristina de Arteaga","kind":"park","road":"","osm":218346747},"geometry":{"type":"Polygon","coordinates":[[[-3.60563,37.18057],[-3.60549,37.18037],[-3.60543,37.18027],[-3.60531,37.18009],[-3.60525,37.18003],[-3.60542,37.17989],[-3.60551,37.17982],[-3.60563,37.17992],[-3.60572,37.18],[-3.60579,37.18006],[-3.60604,37.18025],[-3.60605,37.18026],[-3.60566,37.18057],[-3.60565,37.18057],[-3.60563,37.18057]]]}},{"type":"Feature","properties":{"name":"Avenida de Andalucía","kind":"road","road":"primary","osm":218365246},"geometry":{"type":"LineString","coordinates":[[-3.61158,37.18766],[-3.61153,37.18758]]}},{"type":"Feature","properties":{"name":"Calle Lubina","kind":"road","road":"tertiary","osm":218615987},"geometry":{"type":"LineString","coordinates":[[-3.61532,37.18821],[-3.61539,37.18798],[-3.61557,37.18742],[-3.61561,37.1873],[-3.61569,37.18705],[-3.61572,37.18702]]}},{"type":"Feature","properties":{"name":"Calle Morena","kind":"road","road":"tertiary","osm":218615990},"geometry":{"type":"LineString","coordinates":[[-3.61659,37.18723],[-3.61657,37.18731],[-3.61648,37.18761],[-3.61645,37.18771],[-3.61629,37.1882],[-3.61625,37.18834],[-3.61621,37.18843],[-3.61616,37.18849],[-3.61614,37.1885]]}},{"type":"Feature","properties":{"name":"Calle Morena","kind":"road","road":"pedestrian","osm":218615998},"geometry":{"type":"LineString","coordinates":[[-3.61611,37.1876],[-3.61616,37.18744],[-3.61616,37.18743],[-3.61618,37.18736],[-3.61619,37.18732],[-3.6162,37.18728],[-3.61621,37.18725],[-3.61617,37.18724],[-3.61605,37.18721],[-3.616,37.1872],[-3.61597,37.18731],[-3.61596,37.18732],[-3.61596,37.18733],[-3.61594,37.18738],[-3.61594,37.18739],[-3.61594,37.1874],[-3.61589,37.18756],[-3.61589,37.18757],[-3.61587,37.18763],[-3.61581,37.18782],[-3.61575,37.188],[-3.61573,37.18808],[-3.61574,37.18808],[-3.61576,37.18809],[-3.6159,37.18811],[-3.61593,37.18812],[-3.61594,37.18812],[-3.61594,37.18811],[-3.61596,37.18805],[-3.61597,37.18804],[-3.61602,37.18786],[-3.61608,37.18768],[-3.61608,37.18767],[-3.6161,37.18761],[-3.61611,37.18761],[-3.61611,37.1876]]}},{"type":"Feature","properties":{"name":"Paseo de los Basilios","kind":"road","road":"secondary","osm":220206960},"geometry":{"type":"LineString","coordinates":[[-3.59539,37.16829],[-3.5946,37.16869],[-3.59436,37.1688],[-3.59419,37.16885]]}},{"type":"Feature","properties":{"name":"","kind":"road","road":"secondary","osm":220206961},"geometry":{"type":"LineString","coordinates":[[-3.59407,37.16517],[-3.5941,37.1652],[-3.59414,37.16521]]}},{"type":"Feature","properties":{"name":"Paseo del Violón","kind":"road","road":"primary","osm":220757194},"geometry":{"type":"LineString","coordinates":[[-3.60038,37.1641],[-3.60046,37.16396],[-3.60061,37.16377],[-3.60078,37.1636],[-3.60094,37.16344],[-3.60117,37.16325]]}},{"type":"Feature","properties":{"name":"Calle Domingo Puente Marín","kind":"road","road":"primary","osm":220757197},"geometry":{"type":"LineString","coordinates":[[-3.60117,37.16325],[-3.60133,37.16313],[-3.60157,37.163],[-3.60211,37.1627],[-3.60236,37.16256],[-3.60262,37.16239]]}},{"type":"Feature","properties":{"name":"Calle Domingo Puente Marín","kind":"road","road":"primary","osm":220757199},"geometry":{"type":"LineString","coordinates":[[-3.6026,37.16236],[-3.60233,37.16253],[-3.60209,37.16267],[-3.60154,37.16297],[-3.60131,37.1631],[-3.60114,37.16322]]}},{"type":"Feature","properties":{"name":"Paseo del Violón","kind":"road","road":"primary","osm":220757200},"geometry":{"type":"LineString","coordinates":[[-3.60114,37.16322],[-3.60087,37.16344],[-3.60074,37.16357],[-3.60056,37.16376],[-3.60022,37.16414],[-3.60011,37.16424]]}},{"type":"Feature","properties":{"name":"","kind":"park","road":"","osm":228950080},"geometry":{"type":"Polygon","coordinates":[[[-3.60876,37.17912],[-3.60894,37.17923],[-3.60901,37.1793],[-3.60905,37.1794],[-3.6089,37.17951],[-3.60892,37.17954],[-3.60865,37.17976],[-3.6082,37.17994],[-3.60824,37.18002],[-3.60809,37.18009],[-3.60814,37.18018],[-3.60805,37.18022],[-3.60799,37.18014],[-3.60785,37.18022],[-3.60783,37.18018],[-3.60784,37.18017],[-3.60783,37.18011],[-3.60782,37.18004],[-3.60783,37.17997],[-3.60786,37.1799],[-3.6079,37.17983],[-3.60799,37.17974],[-3.60876,37.17912]]]}},{"type":"Feature","properties":{"name":"Glorieta Gonzalo Gallas","kind":"road","road":"secondary","osm":229117760},"geometry":{"type":"LineString","coordinates":[[-3.60958,37.17807],[-3.60954,37.17808],[-3.60949,37.1781]]}},{"type":"Feature","properties":{"name":"Glorieta Gonzalo Gallas","kind":"road","road":"secondary","osm":229117761},"geometry":{"type":"LineString","coordinates":[[-3.60943,37.17832],[-3.60946,37.17834],[-3.60949,37.17837],[-3.60952,37.17838],[-3.60957,37.17839],[-3.60963,37.17839],[-3.60966,37.17838]]}},{"type":"Feature","properties":{"name":"Calle Ribera del Genil","kind":"road","road":"pedestrian","osm":232461781},"geometry":{"type":"LineString","coordinates":[[-3.59774,37.16769],[-3.59726,37.16786],[-3.59695,37.16797],[-3.59674,37.16806],[-3.59668,37.16808],[-3.59666,37.1681],[-3.59665,37.16811],[-3.59665,37.16815],[-3.59666,37.16839],[-3.5966,37.16842]]}},{"type":"Feature","properties":{"name":"Calle Alhamar","kind":"road","road":"secondary","osm":232462387},"geometry":{"type":"LineString","coordinates":[[-3.60139,37.16901],[-3.60137,37.169],[-3.60043,37.169],[-3.60038,37.169],[-3.60035,37.169],[-3.59982,37.169],[-3.59954,37.169],[-3.59949,37.169],[-3.59946,37.16899]]}},{"type":"Feature","properties":{"name":"Callejón Molino de San Martín","kind":"road","road":"pedestrian","osm":233850693},"geometry":{"type":"LineString","coordinates":[[-3.59758,37.16886],[-3.5976,37.16886],[-3.59796,37.16871],[-3.59808,37.16868],[-3.59828,37.16863]]}},{"type":"Feature","properties":{"name":"Calle Mulhacén","kind":"road","road":"tertiary","osm":233853533},"geometry":{"type":"LineString","coordinates":[[-3.60142,37.169],[-3.60143,37.16898],[-3.60143,37.16895],[-3.60143,37.16872],[-3.60143,37.16866],[-3.60143,37.1686],[-3.60143,37.16838],[-3.60143,37.16834],[-3.60143,37.16829],[-3.60144,37.16801],[-3.60144,37.16794],[-3.60144,37.16772],[-3.60144,37.16768],[-3.60144,37.16765]]}},{"type":"Feature","properties":{"name":"","kind":"road","road":"pedestrian","osm":240618893},"geometry":{"type":"LineString","coordinates":[[-3.58814,37.16286],[-3.58808,37.16276]]}},{"type":"Feature","properties":{"name":"Calle María Moliner","kind":"road","road":"primary","osm":240821219},"geometry":{"type":"LineString","coordinates":[[-3.6137,37.17715],[-3.61375,37.1772],[-3.61376,37.17721],[-3.61405,37.17768],[-3.61431,37.17812],[-3.61431,37.17814]]}},{"type":"Feature","properties":{"name":"Calle María Moliner","kind":"road","road":"primary","osm":240821220},"geometry":{"type":"LineString","coordinates":[[-3.61377,37.1771],[-3.61374,37.17704],[-3.61374,37.177],[-3.61374,37.17696],[-3.61377,37.17689]]}},{"type":"Feature","properties":{"name":"Calle María Moliner","kind":"road","road":"primary","osm":240821221},"geometry":{"type":"LineString","coordinates":[[-3.61461,37.17849],[-3.61462,37.1785],[-3.61463,37.17852],[-3.61465,37.17854],[-3.61466,37.17856],[-3.61468,37.17859],[-3.61474,37.1787]]}},{"type":"Feature","properties":{"name":"","kind":"road","road":"primary","osm":262293605},"geometry":{"type":"LineString","coordinates":[[-3.61458,37.18842],[-3.61462,37.18844],[-3.61468,37.18846],[-3.61472,37.18846],[-3.61473,37.18846],[-3.61475,37.18846],[-3.61479,37.18845],[-3.61483,37.18843]]}},{"type":"Feature","properties":{"name":"Calle Cruz del Sur","kind":"road","road":"primary","osm":262293606},"geometry":{"type":"LineString","coordinates":[[-3.61458,37.18842],[-3.61458,37.18854],[-3.61458,37.18856],[-3.61456,37.18929],[-3.61456,37.18931],[-3.61455,37.18939],[-3.61456,37.18946]]}},{"type":"Feature","properties":{"name":"","kind":"road","road":"pedestrian","osm":268553540},"geometry":{"type":"LineString","coordinates":[[-3.60401,37.17837],[-3.604,37.17834],[-3.60391,37.17822],[-3.60391,37.17821],[-3.60401,37.17816],[-3.60421,37.17807],[-3.60422,37.17808],[-3.60426,37.17815],[-3.60427,37.17818],[-3.60401,37.17837]]}},{"type":"Feature","properties":{"name":"Patio de la Acequia","kind":"park","road":"","osm":268563933},"geometry":{"type":"Polygon","coordinates":[[[-3.58549,37.17803],[-3.58535,37.17788],[-3.58542,37.17783],[-3.58545,37.17782],[-3.5858,37.17818],[-3.5857,37.17824],[-3.5857,37.17823],[-3.58549,37.17803]]]}},{"type":"Feature","properties":{"name":"Patio del Ciprés de la Sultana","kind":"park","road":"","osm":268563942},"geometry":{"type":"Polygon","coordinates":[[[-3.58537,37.17821],[-3.58542,37.17817],[-3.58545,37.17815],[-3.58551,37.17812],[-3.58565,37.17826],[-3.58566,37.17826],[-3.58567,37.17828],[-3.58553,37.17836],[-3.58537,37.17821]]]}},{"type":"Feature","properties":{"name":"Placeta de los Cuatro Álamos","kind":"road","road":"pedestrian","osm":268563946},"geometry":{"type":"LineString","coordinates":[[-3.5888,37.17468],[-3.58882,37.17469],[-3.58885,37.1747],[-3.58886,37.17472],[-3.58887,37.17474],[-3.58887,37.17476],[-3.58886,37.17478],[-3.58885,37.1748],[-3.58882,37.17481],[-3.5888,37.17482],[-3.58877,37.17481],[-3.58875,37.17481],[-3.58873,37.17479],[-3.58871,37.17477],[-3.58871,37.17475],[-3.58871,37.17473],[-3.58872,37.17471],[-3.58874,37.1747],[-3.58877,37.17469],[-3.5888,37.17468]]}},{"type":"Feature","properties":{"name":"Calle Reñidero","kind":"road","road":"pedestrian","osm":274856629},"geometry":{"type":"LineString","coordinates":[[-3.59777,37.16854],[-3.59747,37.16867],[-3.59746,37.16867]]}},{"type":"Feature","properties":{"name":"Jardines del Salón","kind":"park","road":"","osm":274856637},"geometry":{"type":"Polygon","coordinates":[[[-3.59626,37.1685],[-3.59615,37.16854],[-3.59607,37.16857],[-3.59578,37.16866],[-3.59559,37.16871],[-3.5954,37.16877],[-3.59515,37.16885],[-3.59492,37.16892],[-3.59468,37.16898],[-3.59438,37.16909],[-3.59391,37.16918],[-3.59364,37.16921],[-3.59338,37.16923],[-3.59316,37.16922],[-3.59287,37.16918],[-3.59249,37.16912],[-3.59221,37.16903],[-3.59198,37.16896],[-3.5918,37.16887],[-3.59167,37.16882],[-3.59156,37.16875],[-3.59102,37.1684],[-3.59061,37.16813],[-3.59005,37.16778],[-3.58943,37.16735],[-3.58914,37.16764],[-3.58912,37.16769],[-3.58913,37.16773],[-3.58914,37.16777],[-3.58917,37.16781],[-3.59252,37.16937],[-3.5926,37.16939],[-3.59269,37.1694],[-3.59281,37.1694],[-3.5944,37.16923],[-3.59612,37.16907],[-3.59614,37.16904],[-3.59619,37.16897],[-3.59622,37.16893],[-3.59624,37.16884],[-3.59625,37.16875],[-3.59624,37.16867],[-3.59622,37.16858],[-3.5963,37.16856],[-3.59626,37.1685]]]}},{"type":"Feature","properties":{"name":"Placeta de Zárate","kind":"road","road":"pedestrian","osm":286377614},"geometry":{"type":"LineString","coordinates":[[-3.60131,37.17769],[-3.60126,37.17765],[-3.60116,37.17757],[-3.60115,37.17757],[-3.60105,37.17764],[-3.60106,37.17766],[-3.60117,37.17774],[-3.60125,37.17772],[-3.60131,37.17769]]}},{"type":"Feature","properties":{"name":"Calle Nueva de San Antón","kind":"road","road":"tertiary","osm":304209183},"geometry":{"type":"LineString","coordinates":[[-3.60181,37.17099],[-3.60185,37.17099],[-3.60231,37.17106],[-3.60237,37.17107]]}},{"type":"Feature","properties":{"name":"Placeta de la Seda","kind":"road","road":"pedestrian","osm":304209199},"geometry":{"type":"LineString","coordinates":[[-3.59888,37.1757],[-3.59892,37.17574]]}},{"type":"Feature","properties":{"name":"Carretera de Málaga","kind":"road","road":"primary","osm":305235647},"geometry":{"type":"LineString","coordinates":[[-3.61764,37.18889],[-3.61738,37.18887]]}},{"type":"Feature","properties":{"name":"Carretera de Málaga","kind":"road","road":"primary","osm":305235648},"geometry":{"type":"LineString","coordinates":[[-3.61738,37.18887],[-3.61633,37.18865],[-3.61565,37.18849]]}},{"type":"Feature","properties":{"name":"Calle San Vicente Ferrer","kind":"road","road":"tertiary","osm":310274222},"geometry":{"type":"LineString","coordinates":[[-3.6014,37.17009],[-3.60149,37.17011],[-3.60189,37.1702],[-3.60194,37.17019],[-3.60209,37.17022],[-3.60212,37.17021],[-3.60236,37.17026]]}},{"type":"Feature","properties":{"name":"","kind":"park","road":"","osm":311154516},"geometry":{"type":"Polygon","coordinates":[[[-3.61417,37.18364],[-3.61398,37.1833],[-3.61404,37.18328],[-3.61441,37.18343],[-3.61417,37.18364]]]}},{"type":"Feature","properties":{"name":"","kind":"park","road":"","osm":311154517},"geometry":{"type":"Polygon","coordinates":[[[-3.61411,37.18325],[-3.61449,37.18337],[-3.6145,37.1831],[-3.61411,37.18325]]]}},{"type":"Feature","properties":{"name":"","kind":"park","road":"","osm":311154518},"geometry":{"type":"Polygon","coordinates":[[[-3.61492,37.18293],[-3.61455,37.18307],[-3.61454,37.18331],[-3.61492,37.18293]]]}},{"type":"Feature","properties":{"name":"Avenida de la Constitución","kind":"road","road":"primary","osm":316341982},"geometry":{"type":"LineString","coordinates":[[-3.6026,37.18309],[-3.60245,37.18298],[-3.60234,37.18295]]}},{"type":"Feature","properties":{"name":"Avenida de la Constitución","kind":"road","road":"primary","osm":316341983},"geometry":{"type":"LineString","coordinates":[[-3.60817,37.18614],[-3.60824,37.18617],[-3.60839,37.18624]]}},{"type":"Feature","properties":{"name":"Calle Cárcel Baja","kind":"road","road":"pedestrian","osm":316341984},"geometry":{"type":"LineString","coordinates":[[-3.60003,37.17645],[-3.59991,37.17652],[-3.59978,37.17658],[-3.59955,37.17673]]}},{"type":"Feature","properties":{"name":"Calle Mariana Pineda","kind":"road","road":"pedestrian","osm":316341986},"geometry":{"type":"LineString","coordinates":[[-3.59846,37.17473],[-3.59821,37.17503]]}},{"type":"Feature","properties":{"name":"Calle Mariana Pineda","kind":"road","road":"pedestrian","osm":316341987},"geometry":{"type":"LineString","coordinates":[[-3.59821,37.17503],[-3.59812,37.17509],[-3.59811,37.17511]]}},{"type":"Feature","properties":{"name":"Calle San Juan de Dios","kind":"road","road":"secondary","osm":316341996},"geometry":{"type":"LineString","coordinates":[[-3.60298,37.17989],[-3.60289,37.17999],[-3.60276,37.18014],[-3.60274,37.18019],[-3.60272,37.18024],[-3.60271,37.18033],[-3.60268,37.18049],[-3.60265,37.18075],[-3.60264,37.18082],[-3.6026,37.18113],[-3.60257,37.18128],[-3.60257,37.18131],[-3.60256,37.18137],[-3.60253,37.1816],[-3.60251,37.18175],[-3.60248,37.18192],[-3.60247,37.18204],[-3.60242,37.1824],[-3.60241,37.18245],[-3.60237,37.18273],[-3.60237,37.18276],[-3.60234,37.18284],[-3.60229,37.1829]]}},{"type":"Feature","properties":{"name":"Calle Aguado","kind":"road","road":"pedestrian","osm":316344352},"geometry":{"type":"LineString","coordinates":[[-3.59425,37.17258],[-3.59408,37.17267]]}},{"type":"Feature","properties":{"name":"Calle Aguado","kind":"road","road":"pedestrian","osm":316344353},"geometry":{"type":"LineString","coordinates":[[-3.59408,37.17267],[-3.59386,37.17277],[-3.59372,37.17284]]}},{"type":"Feature","properties":{"name":"Calle San Matías","kind":"road","road":"tertiary","osm":316344354},"geometry":{"type":"LineString","coordinates":[[-3.59667,37.17431],[-3.59667,37.17442],[-3.59668,37.17446]]}},{"type":"Feature","properties":{"name":"","kind":"road","road":"primary","osm":316344464},"geometry":{"type":"LineString","coordinates":[[-3.60229,37.1829],[-3.60226,37.18288],[-3.60222,37.18287],[-3.60215,37.18287],[-3.6021,37.18289]]}},{"type":"Feature","properties":{"name":"Rotonda Universiada 2015","kind":"road","road":"primary","osm":342259265},"geometry":{"type":"LineString","coordinates":[[-3.60222,37.16251],[-3.60222,37.16257],[-3.60225,37.16262],[-3.60229,37.16266],[-3.60234,37.16268],[-3.60241,37.16269]]}},{"type":"Feature","properties":{"name":"Calle Serrano","kind":"road","road":"pedestrian","osm":352200577},"geometry":{"type":"LineString","coordinates":[[-3.59836,37.18131],[-3.59836,37.18139]]}},{"type":"Feature","properties":{"name":"","kind":"road","road":"pedestrian","osm":352200581},"geometry":{"type":"LineString","coordinates":[[-3.59865,37.18132],[-3.59865,37.1812]]}},{"type":"Feature","properties":{"name":"Calle Particular","kind":"road","road":"pedestrian","osm":352200583},"geometry":{"type":"LineString","coordinates":[[-3.6011,37.17951],[-3.60115,37.17956],[-3.60118,37.17958]]}},{"type":"Feature","properties":{"name":"Calle Particular","kind":"road","road":"pedestrian","osm":352200585},"geometry":{"type":"LineString","coordinates":[[-3.60087,37.1793],[-3.6011,37.17951]]}},{"type":"Feature","properties":{"name":"Calle Cuadro de San Antonio","kind":"road","road":"pedestrian","osm":352349421},"geometry":{"type":"LineString","coordinates":[[-3.59791,37.17331],[-3.59782,37.17345],[-3.59782,37.17347],[-3.59775,37.17356]]}},{"type":"Feature","properties":{"name":"Calle San Matías","kind":"road","road":"tertiary","osm":352349422},"geometry":{"type":"LineString","coordinates":[[-3.597,37.17286],[-3.59699,37.17291],[-3.59695,37.1731],[-3.59688,37.17337],[-3.59688,37.17338],[-3.59685,37.17351],[-3.59675,37.17393]]}},{"type":"Feature","properties":{"name":"","kind":"park","road":"","osm":356883409},"geometry":{"type":"Polygon","coordinates":[[[-3.61742,37.18899],[-3.61754,37.18933],[-3.61763,37.18958],[-3.61775,37.18983],[-3.61772,37.18983],[-3.61768,37.18981],[-3.61718,37.18951],[-3.61712,37.18947],[-3.61739,37.18901],[-3.61742,37.18899]]]}},{"type":"Feature","properties":{"name":"","kind":"water","road":"","osm":365284135},"geometry":{"type":"Polygon","coordinates":[[[-3.60213,37.18395],[-3.60212,37.18393],[-3.60208,37.18396],[-3.60209,37.18397],[-3.60213,37.18395]]]}},{"type":"Feature","properties":{"name":"","kind":"water","road":"","osm":365284136},"geometry":{"type":"Polygon","coordinates":[[[-3.60192,37.18377],[-3.60189,37.18376],[-3.60188,37.1838],[-3.60189,37.1838],[-3.60192,37.18377]]]}},{"type":"Feature","properties":{"name":"Jardines del Triunfo","kind":"park","road":"","osm":365284137},"geometry":{"type":"Polygon","coordinates":[[[-3.60113,37.18396],[-3.60125,37.18385],[-3.60128,37.18382],[-3.60132,37.18379],[-3.60146,37.18366],[-3.6015,37.18362],[-3.60154,37.18359],[-3.60158,37.18355],[-3.60164,37.1835],[-3.60169,37.18345],[-3.60189,37.18327],[-3.60197,37.18324],[-3.60205,37.18322],[-3.6021,37.18324],[-3.60212,37.18323],[-3.60221,37.18327],[-3.60225,37.18329],[-3.60229,37.18332],[-3.60236,37.18335],[-3.60243,37.18339],[-3.60245,37.1834],[-3.60254,37.18345],[-3.60261,37.18349],[-3.60264,37.1835],[-3.60288,37.18363],[-3.60304,37.18371],[-3.60311,37.18375],[-3.60312,37.18381],[-3.60313,37.18385],[-3.60298,37.18394],[-3.6025,37.18422],[-3.6024,37.18428],[-3.6023,37.18434],[-3.60212,37.18444],[-3.60208,37.18447],[-3.60204,37.18449],[-3.60176,37.18466],[-3.60116,37.18399],[-3.60113,37.18396]]]}},{"type":"Feature","properties":{"name":"Calle Doctor Alejandro Otero","kind":"road","road":"secondary","osm":370070535},"geometry":{"type":"LineString","coordinates":[[-3.60742,37.16395],[-3.60783,37.16374],[-3.60842,37.16349],[-3.60847,37.16347],[-3.60863,37.16341]]}},{"type":"Feature","properties":{"name":"Calle Eudoxia Píriz","kind":"road","road":"tertiary","osm":370070638},"geometry":{"type":"LineString","coordinates":[[-3.6091,37.16475],[-3.60912,37.16479],[-3.60926,37.16501],[-3.6093,37.16506]]}},{"type":"Feature","properties":{"name":"Calle Arabial","kind":"road","road":"primary","osm":370070799},"geometry":{"type":"LineString","coordinates":[[-3.60703,37.16954],[-3.6071,37.16966]]}},{"type":"Feature","properties":{"name":"Calle Neptuno","kind":"road","road":"primary","osm":370070800},"geometry":{"type":"LineString","coordinates":[[-3.60703,37.16954],[-3.60712,37.16953]]}},{"type":"Feature","properties":{"name":"Calle Arabial","kind":"road","road":"primary","osm":370070821},"geometry":{"type":"LineString","coordinates":[[-3.60621,37.1682],[-3.60631,37.16836],[-3.60633,37.16839],[-3.60634,37.16842],[-3.60641,37.16852],[-3.60687,37.16928],[-3.60689,37.16931],[-3.60691,37.16934],[-3.60692,37.16937]]}},{"type":"Feature","properties":{"name":"Calle Arabial","kind":"road","road":"primary","osm":370071013},"geometry":{"type":"LineString","coordinates":[[-3.61421,37.18156],[-3.61429,37.18168],[-3.61431,37.18172],[-3.61461,37.18221],[-3.61466,37.1823],[-3.61472,37.18239],[-3.61472,37.18244]]}},{"type":"Feature","properties":{"name":"Camino de Ronda","kind":"road","road":"tertiary","osm":370071856},"geometry":{"type":"LineString","coordinates":[[-3.61078,37.17819],[-3.61074,37.17827]]}},{"type":"Feature","properties":{"name":"Calle Recogidas","kind":"road","road":"primary","osm":370072097},"geometry":{"type":"LineString","coordinates":[[-3.6041,37.17112],[-3.60401,37.17116],[-3.60398,37.17118],[-3.60392,37.17121],[-3.60346,37.17145],[-3.60335,37.17151]]}},{"type":"Feature","properties":{"name":"Calle Recogidas","kind":"road","road":"primary","osm":370072145},"geometry":{"type":"LineString","coordinates":[[-3.60335,37.17151],[-3.60329,37.17154],[-3.60323,37.17157],[-3.60318,37.1716]]}},{"type":"Feature","properties":{"name":"Calle Doctor Alejandro Otero","kind":"road","road":"secondary","osm":370073401},"geometry":{"type":"LineString","coordinates":[[-3.60451,37.16538],[-3.60461,37.16534],[-3.60464,37.16533],[-3.60468,37.16531],[-3.60503,37.16517],[-3.60538,37.16499],[-3.60583,37.16477],[-3.60664,37.16434],[-3.60668,37.16433]]}},{"type":"Feature","properties":{"name":"","kind":"park","road":"","osm":372852953},"geometry":{"type":"Polygon","coordinates":[[[-3.61053,37.18491],[-3.61049,37.18492],[-3.60957,37.18474],[-3.60954,37.18472],[-3.60953,37.18469],[-3.60956,37.18466],[-3.60959,37.18466],[-3.61051,37.18485],[-3.61054,37.18487],[-3.61054,37.18489],[-3.61053,37.18491]]]}},{"type":"Feature","properties":{"name":"","kind":"park","road":"","osm":372852954},"geometry":{"type":"Polygon","coordinates":[[[-3.6096,37.1845],[-3.60993,37.18457],[-3.61013,37.18461],[-3.61068,37.18471],[-3.61062,37.18468],[-3.61045,37.1846],[-3.61032,37.18457],[-3.61013,37.18451],[-3.60972,37.18439],[-3.6097,37.18442],[-3.60961,37.18446],[-3.6096,37.1845]]]}},{"type":"Feature","properties":{"name":"","kind":"road","road":"primary","osm":372852955},"geometry":{"type":"LineString","coordinates":[[-3.60839,37.18593],[-3.60845,37.186],[-3.60849,37.18616],[-3.6085,37.18619]]}},{"type":"Feature","properties":{"name":"","kind":"park","road":"","osm":373033607},"geometry":{"type":"Polygon","coordinates":[[[-3.61156,37.18635],[-3.61153,37.18643],[-3.6115,37.1865],[-3.61148,37.18654],[-3.61144,37.18653],[-3.6114,37.18652],[-3.61142,37.18648],[-3.61145,37.18641],[-3.61149,37.18633],[-3.61156,37.18635]]]}},{"type":"Feature","properties":{"name":"","kind":"park","road":"","osm":373033608},"geometry":{"type":"Polygon","coordinates":[[[-3.61189,37.18645],[-3.61186,37.18652],[-3.61183,37.18659],[-3.61181,37.18663],[-3.61177,37.18662],[-3.61173,37.18661],[-3.61175,37.18657],[-3.61178,37.1865],[-3.61182,37.18642],[-3.61189,37.18645]]]}},{"type":"Feature","properties":{"name":"","kind":"park","road":"","osm":373033609},"geometry":{"type":"Polygon","coordinates":[[[-3.61214,37.18672],[-3.6121,37.18671],[-3.61206,37.1867],[-3.61208,37.18666],[-3.61211,37.1866],[-3.61214,37.18652],[-3.61222,37.18654],[-3.61218,37.18662],[-3.61216,37.18668],[-3.61214,37.18672]]]}},{"type":"Feature","properties":{"name":"","kind":"park","road":"","osm":373033610},"geometry":{"type":"Polygon","coordinates":[[[-3.61247,37.18661],[-3.61244,37.18669],[-3.61242,37.18675],[-3.6124,37.18679],[-3.61243,37.1868],[-3.61247,37.18681],[-3.61249,37.18677],[-3.61251,37.18671],[-3.61255,37.18663],[-3.61247,37.18661]]]}},{"type":"Feature","properties":{"name":"","kind":"park","road":"","osm":373033611},"geometry":{"type":"Polygon","coordinates":[[[-3.6128,37.1867],[-3.61277,37.18679],[-3.61274,37.18684],[-3.61273,37.18688],[-3.61276,37.18689],[-3.6128,37.1869],[-3.61282,37.18686],[-3.61284,37.18681],[-3.61288,37.18673],[-3.6128,37.1867]]]}},{"type":"Feature","properties":{"name":"Calle Escultor Navas Parejo","kind":"road","road":"pedestrian","osm":373636394},"geometry":{"type":"LineString","coordinates":[[-3.60117,37.1628],[-3.59927,37.16197]]}},{"type":"Feature","properties":{"name":"Paseo del Violón","kind":"road","road":"primary","osm":373786172},"geometry":{"type":"LineString","coordinates":[[-3.5963,37.16765],[-3.59629,37.16776]]}},{"type":"Feature","properties":{"name":"","kind":"road","road":"pedestrian","osm":373794383},"geometry":{"type":"LineString","coordinates":[[-3.60494,37.16281],[-3.60488,37.16277],[-3.60486,37.16275],[-3.60485,37.16272],[-3.60485,37.16269],[-3.60486,37.16268],[-3.60487,37.16267],[-3.6049,37.16266],[-3.60495,37.16266],[-3.60498,37.16268],[-3.60504,37.16271],[-3.60499,37.16276],[-3.60494,37.16281]]}},{"type":"Feature","properties":{"name":"Avenida de Fuente Nueva","kind":"road","road":"primary","osm":374795921},"geometry":{"type":"LineString","coordinates":[[-3.60943,37.17832],[-3.60957,37.17825],[-3.60978,37.17816]]}},{"type":"Feature","properties":{"name":"Camino de Ronda","kind":"road","road":"primary","osm":374796014},"geometry":{"type":"LineString","coordinates":[[-3.61135,37.17914],[-3.61131,37.17907],[-3.6113,37.17905],[-3.61099,37.17854],[-3.61086,37.17833],[-3.61085,37.1783],[-3.61078,37.17819]]}},{"type":"Feature","properties":{"name":"Camino de Ronda","kind":"road","road":"primary","osm":374796806},"geometry":{"type":"LineString","coordinates":[[-3.61364,37.18293],[-3.61358,37.18298]]}},{"type":"Feature","properties":{"name":"Camino de Ronda","kind":"road","road":"primary","osm":374796807},"geometry":{"type":"LineString","coordinates":[[-3.61358,37.18298],[-3.61411,37.18387],[-3.61413,37.1839],[-3.61426,37.18411],[-3.61434,37.18424],[-3.61437,37.18429],[-3.61456,37.18462],[-3.61462,37.18471],[-3.61465,37.1848]]}},{"type":"Feature","properties":{"name":"Calle Arabial","kind":"road","road":"primary","osm":374796809},"geometry":{"type":"LineString","coordinates":[[-3.60933,37.1733],[-3.60937,37.17336],[-3.6094,37.17341],[-3.6099,37.17423],[-3.60991,37.17425],[-3.60996,37.17432],[-3.60997,37.17434],[-3.61008,37.17451],[-3.61015,37.17464],[-3.61042,37.17508],[-3.6107,37.17553],[-3.61092,37.17591],[-3.61094,37.17594],[-3.61102,37.17608]]}},{"type":"Feature","properties":{"name":"Calle Cañaveral","kind":"road","road":"tertiary","osm":376300587},"geometry":{"type":"LineString","coordinates":[[-3.61186,37.17843],[-3.61111,37.17818]]}},{"type":"Feature","properties":{"name":"Calle Santa Clotilde","kind":"road","road":"tertiary","osm":376300588},"geometry":{"type":"LineString","coordinates":[[-3.61192,37.17854],[-3.612,37.17867],[-3.61211,37.17885],[-3.61214,37.1789],[-3.61225,37.17907],[-3.61229,37.17914],[-3.61256,37.1796],[-3.61258,37.17963],[-3.61272,37.17986],[-3.61283,37.18004],[-3.61284,37.18006],[-3.61285,37.18006],[-3.61285,37.18007],[-3.61286,37.18007],[-3.61287,37.18008],[-3.61288,37.18008],[-3.61289,37.18008]]}},{"type":"Feature","properties":{"name":"Calle Séneca","kind":"road","road":"tertiary","osm":376300589},"geometry":{"type":"LineString","coordinates":[[-3.61213,37.18043],[-3.61213,37.18042],[-3.61213,37.18041],[-3.61213,37.1804],[-3.61214,37.18039],[-3.61215,37.18038],[-3.61216,37.18037],[-3.61217,37.18037],[-3.61219,37.18036],[-3.61279,37.18013],[-3.6128,37.18012],[-3.61282,37.18012],[-3.61284,37.18011],[-3.61285,37.1801],[-3.61286,37.18009]]}},{"type":"Feature","properties":{"name":"Calle Santa Clotilde","kind":"road","road":"tertiary","osm":376300590},"geometry":{"type":"LineString","coordinates":[[-3.61385,37.18169],[-3.61382,37.18164],[-3.61367,37.1814],[-3.61324,37.1807],[-3.61289,37.18015],[-3.61289,37.18014],[-3.61289,37.18013],[-3.61288,37.18012],[-3.61288,37.18011],[-3.61288,37.1801],[-3.61288,37.18009],[-3.61289,37.18008]]}},{"type":"Feature","properties":{"name":"Calle Pintor López Mezquita","kind":"road","road":"tertiary","osm":376301502},"geometry":{"type":"LineString","coordinates":[[-3.60781,37.17659],[-3.60789,37.17643],[-3.60806,37.17601],[-3.60812,37.17587],[-3.60815,37.1758]]}},{"type":"Feature","properties":{"name":"Avenida de Fuente Nueva","kind":"road","road":"primary","osm":376301503},"geometry":{"type":"LineString","coordinates":[[-3.60666,37.18056],[-3.60679,37.18045],[-3.60711,37.18019],[-3.60724,37.18008]]}},{"type":"Feature","properties":{"name":"Calle Arabial","kind":"road","road":"primary","osm":376306160},"geometry":{"type":"LineString","coordinates":[[-3.61181,37.17735],[-3.61183,37.17739]]}},{"type":"Feature","properties":{"name":"Camino de Ronda","kind":"road","road":"primary","osm":376306162},"geometry":{"type":"LineString","coordinates":[[-3.608,37.1736],[-3.60785,37.17336]]}},{"type":"Feature","properties":{"name":"Camino de Ronda","kind":"road","road":"primary","osm":376306164},"geometry":{"type":"LineString","coordinates":[[-3.6098,37.17657],[-3.60955,37.17615],[-3.60953,37.17614],[-3.60922,37.17562],[-3.60889,37.17507],[-3.60887,37.17505],[-3.60879,37.17491]]}},{"type":"Feature","properties":{"name":"Calle Arabial","kind":"road","road":"primary","osm":376306165},"geometry":{"type":"LineString","coordinates":[[-3.61254,37.17866],[-3.61254,37.17872],[-3.61255,37.17875],[-3.61255,37.17876],[-3.61255,37.17877],[-3.61255,37.17878],[-3.61255,37.1788],[-3.61256,37.17881],[-3.61256,37.17883],[-3.61257,37.17884],[-3.61257,37.17886],[-3.61258,37.17888],[-3.61259,37.17889],[-3.61259,37.17891],[-3.61293,37.17945]]}},{"type":"Feature","properties":{"name":"Calle Cañaveral","kind":"road","road":"tertiary","osm":376306166},"geometry":{"type":"LineString","coordinates":[[-3.61238,37.17861],[-3.61237,37.17861],[-3.61234,37.17859],[-3.61208,37.17851]]}},{"type":"Feature","properties":{"name":"Calle Arabial","kind":"road","road":"primary","osm":376306167},"geometry":{"type":"LineString","coordinates":[[-3.61305,37.17965],[-3.61317,37.17985],[-3.61318,37.17987],[-3.6132,37.1799],[-3.61323,37.17995]]}},{"type":"Feature","properties":{"name":"Calle Recoletos","kind":"road","road":"secondary","osm":376306168},"geometry":{"type":"LineString","coordinates":[[-3.61555,37.18111],[-3.61561,37.18103],[-3.61591,37.18062],[-3.61596,37.18054],[-3.61601,37.18046],[-3.61621,37.18011],[-3.61625,37.18003],[-3.61634,37.17984]]}},{"type":"Feature","properties":{"name":"Calle Ramón y Cajal","kind":"road","road":"secondary","osm":376306169},"geometry":{"type":"LineString","coordinates":[[-3.61818,37.18147],[-3.61802,37.18148],[-3.61748,37.18152]]}},{"type":"Feature","properties":{"name":"","kind":"road","road":"primary","osm":376306172},"geometry":{"type":"LineString","coordinates":[[-3.61523,37.17955],[-3.61525,37.17955],[-3.61526,37.17955],[-3.61527,37.17956],[-3.61529,37.17956],[-3.6153,37.17955],[-3.61532,37.17955],[-3.61533,37.17955],[-3.61534,37.17954],[-3.61535,37.17954],[-3.61535,37.17953],[-3.61536,37.17951],[-3.61536,37.1795]]}},{"type":"Feature","properties":{"name":"","kind":"road","road":"primary","osm":376306173},"geometry":{"type":"LineString","coordinates":[[-3.61536,37.17947],[-3.61535,37.17946],[-3.61534,37.17945],[-3.61533,37.17944],[-3.61531,37.17944],[-3.61522,37.17941]]}},{"type":"Feature","properties":{"name":"Calle Recogidas","kind":"road","road":"primary","osm":376306174},"geometry":{"type":"LineString","coordinates":[[-3.605,37.17063],[-3.60491,37.17068],[-3.60487,37.1707],[-3.60481,37.17073],[-3.6041,37.17112]]}},{"type":"Feature","properties":{"name":"Calle Pedro Antonio de Alarcón","kind":"road","road":"secondary","osm":376306175},"geometry":{"type":"LineString","coordinates":[[-3.605,37.17063],[-3.60494,37.17058],[-3.60492,37.17056],[-3.60436,37.16999],[-3.60426,37.16989],[-3.60416,37.16983],[-3.60339,37.16947],[-3.60328,37.16942],[-3.60316,37.16936],[-3.60294,37.16926],[-3.6029,37.16923],[-3.60288,37.1692],[-3.60287,37.16917],[-3.60287,37.16908],[-3.60287,37.16905],[-3.60287,37.16901]]}},{"type":"Feature","properties":{"name":"Calle Alhamar","kind":"road","road":"secondary","osm":376306176},"geometry":{"type":"LineString","coordinates":[[-3.60348,37.16902],[-3.60346,37.16902],[-3.60343,37.16902],[-3.60292,37.16901],[-3.60287,37.16901],[-3.60271,37.16901],[-3.60237,37.16901]]}},{"type":"Feature","properties":{"name":"Calle Alhamar","kind":"road","road":"secondary","osm":376306177},"geometry":{"type":"LineString","coordinates":[[-3.60237,37.16901],[-3.60227,37.16901],[-3.60149,37.16901],[-3.60142,37.169],[-3.60139,37.16901]]}},{"type":"Feature","properties":{"name":"Calle San Antón","kind":"road","road":"secondary","osm":376306178},"geometry":{"type":"LineString","coordinates":[[-3.59911,37.16819],[-3.59906,37.1681],[-3.59871,37.16747],[-3.59867,37.1674]]}},{"type":"Feature","properties":{"name":"Calle San Antón","kind":"road","road":"secondary","osm":376306179},"geometry":{"type":"LineString","coordinates":[[-3.59938,37.16884],[-3.59937,37.16879],[-3.59923,37.16844],[-3.59918,37.16834]]}},{"type":"Feature","properties":{"name":"Calle San José Baja","kind":"road","road":"tertiary","osm":376306180},"geometry":{"type":"LineString","coordinates":[[-3.60123,37.17084],[-3.60124,37.17081],[-3.60139,37.17015],[-3.6014,37.17009]]}},{"type":"Feature","properties":{"name":"Calle Recogidas","kind":"road","road":"primary","osm":376306181},"geometry":{"type":"LineString","coordinates":[[-3.60318,37.1716],[-3.6031,37.17164],[-3.60261,37.17191]]}},{"type":"Feature","properties":{"name":"Calle Trajano","kind":"road","road":"tertiary","osm":376306182},"geometry":{"type":"LineString","coordinates":[[-3.60607,37.17419],[-3.60615,37.17431],[-3.60619,37.17437],[-3.60652,37.17492],[-3.60655,37.17496]]}},{"type":"Feature","properties":{"name":"Calle Reyes Católicos","kind":"road","road":"primary","osm":376306183},"geometry":{"type":"LineString","coordinates":[[-3.59808,37.17549],[-3.59806,37.1755],[-3.5978,37.17565],[-3.59754,37.17581]]}},{"type":"Feature","properties":{"name":"Calle Eudoxia Píriz","kind":"road","road":"secondary","osm":378871792},"geometry":{"type":"LineString","coordinates":[[-3.60863,37.16341],[-3.60868,37.16347],[-3.60871,37.16351],[-3.60886,37.16369],[-3.60896,37.16386],[-3.60904,37.16402],[-3.60912,37.16418],[-3.60917,37.16434],[-3.60922,37.16449],[-3.60926,37.16472],[-3.60928,37.16487],[-3.6093,37.16506],[-3.60933,37.16567],[-3.60934,37.16575],[-3.60937,37.16636],[-3.60941,37.16721],[-3.6094,37.16728],[-3.60937,37.16734]]}},{"type":"Feature","properties":{"name":"Calle Eudoxia Píriz","kind":"road","road":"secondary","osm":378871796},"geometry":{"type":"LineString","coordinates":[[-3.60872,37.16338],[-3.60864,37.16327]]}},{"type":"Feature","properties":{"name":"Calle de los Juncos","kind":"road","road":"tertiary","osm":378871801},"geometry":{"type":"LineString","coordinates":[[-3.60842,37.16302],[-3.6085,37.16298],[-3.60854,37.16296],[-3.60858,37.16294],[-3.60876,37.16287],[-3.60883,37.16282]]}},{"type":"Feature","properties":{"name":"Paseo Jardín de la Reina","kind":"road","road":"secondary","osm":378872528},"geometry":{"type":"LineString","coordinates":[[-3.60255,37.16283],[-3.60257,37.16286],[-3.6027,37.16307]]}},{"type":"Feature","properties":{"name":"Paseo del Violón","kind":"road","road":"primary","osm":378872529},"geometry":{"type":"LineString","coordinates":[[-3.59956,37.1649],[-3.59948,37.16499]]}},{"type":"Feature","properties":{"name":"Calle Acera del Darro","kind":"road","road":"primary","osm":378872530},"geometry":{"type":"LineString","coordinates":[[-3.59687,37.16908],[-3.59694,37.16916],[-3.59697,37.16919],[-3.59709,37.16934],[-3.59729,37.16957],[-3.59734,37.16962],[-3.59736,37.16965],[-3.59785,37.1702],[-3.59793,37.17031],[-3.59799,37.17041],[-3.59801,37.17043],[-3.59825,37.1708],[-3.59848,37.17115],[-3.59857,37.1713]]}},{"type":"Feature","properties":{"name":"Camino Bajo de Huétor","kind":"road","road":"secondary","osm":378872531},"geometry":{"type":"LineString","coordinates":[[-3.59146,37.16358],[-3.59141,37.16357],[-3.59097,37.16349],[-3.59087,37.16346],[-3.59077,37.16343]]}},{"type":"Feature","properties":{"name":"Avenida Fernando de los Ríos","kind":"road","road":"primary","osm":380063964},"geometry":{"type":"LineString","coordinates":[[-3.60222,37.16251],[-3.60195,37.16264],[-3.60186,37.16268]]}},{"type":"Feature","properties":{"name":"Calle Domingo Puente Marín","kind":"road","road":"primary","osm":380063965},"geometry":{"type":"LineString","coordinates":[[-3.60173,37.16306],[-3.60185,37.16299],[-3.60188,37.16297],[-3.60214,37.16282],[-3.60221,37.16279]]}},{"type":"Feature","properties":{"name":"Rotonda Universiada 2015","kind":"road","road":"primary","osm":380063968},"geometry":{"type":"LineString","coordinates":[[-3.60248,37.16267],[-3.60252,37.16263],[-3.60255,37.16259]]}},{"type":"Feature","properties":{"name":"","kind":"park","road":"","osm":384947197},"geometry":{"type":"Polygon","coordinates":[[[-3.58815,37.18084],[-3.58758,37.18084],[-3.58754,37.18084],[-3.58699,37.18084],[-3.58698,37.18073],[-3.58702,37.18072],[-3.58708,37.18072],[-3.58712,37.18072],[-3.58721,37.18071],[-3.58738,37.1807],[-3.58747,37.1807],[-3.58813,37.18067],[-3.58815,37.18084]]]}},{"type":"Feature","properties":{"name":"","kind":"water","road":"","osm":384947199},"geometry":{"type":"Polygon","coordinates":[[[-3.58836,37.18091],[-3.58833,37.18091],[-3.58832,37.18079],[-3.58835,37.18079],[-3.58836,37.18091]]]}},{"type":"Feature","properties":{"name":"Calle Arabial","kind":"road","road":"primary","osm":396337668},"geometry":{"type":"LineString","coordinates":[[-3.60558,37.16717],[-3.60588,37.16765],[-3.6059,37.1677],[-3.60592,37.16773],[-3.60621,37.1682]]}},{"type":"Feature","properties":{"name":"Camino de Ronda","kind":"road","road":"primary","osm":396337670},"geometry":{"type":"LineString","coordinates":[[-3.60436,37.16763],[-3.60431,37.16755],[-3.6043,37.16753],[-3.60399,37.16703],[-3.60375,37.16665]]}},{"type":"Feature","properties":{"name":"Camino de Ronda","kind":"road","road":"primary","osm":396337671},"geometry":{"type":"LineString","coordinates":[[-3.60433,37.16777],[-3.60448,37.16801],[-3.6045,37.16803],[-3.60468,37.16834]]}},{"type":"Feature","properties":{"name":"Rotonda del Ave María","kind":"road","road":"primary","osm":397154660},"geometry":{"type":"LineString","coordinates":[[-3.59004,37.1666],[-3.59007,37.1666],[-3.5901,37.1666],[-3.59013,37.16658],[-3.59015,37.16657],[-3.59016,37.16655],[-3.59017,37.16653],[-3.59016,37.16651],[-3.59016,37.1665]]}},{"type":"Feature","properties":{"name":"Plaza de San Pantaleón","kind":"road","road":"tertiary","osm":399291227},"geometry":{"type":"LineString","coordinates":[[-3.60937,37.18985],[-3.6094,37.18985],[-3.60943,37.18986],[-3.60946,37.18986],[-3.60948,37.18985],[-3.6095,37.18984],[-3.60952,37.18982],[-3.60954,37.18981],[-3.60955,37.18979],[-3.60956,37.18976],[-3.60955,37.18973],[-3.60954,37.1897],[-3.60951,37.18968],[-3.60949,37.18967]]}},{"type":"Feature","properties":{"name":"Carril de San Cecilio","kind":"road","road":"tertiary","osm":401764165},"geometry":{"type":"LineString","coordinates":[[-3.58889,37.17274],[-3.58896,37.17276],[-3.58937,37.17303],[-3.58962,37.17315],[-3.58983,37.1733],[-3.59,37.17336],[-3.59021,37.17337],[-3.59025,37.17337],[-3.59038,37.17334],[-3.59044,37.17333]]}},{"type":"Feature","properties":{"name":"","kind":"road","road":"secondary","osm":401937651},"geometry":{"type":"LineString","coordinates":[[-3.59884,37.16277],[-3.59882,37.16277],[-3.59881,37.16277],[-3.59879,37.16278],[-3.59878,37.16279],[-3.59877,37.1628],[-3.59876,37.16281],[-3.59875,37.16282]]}},{"type":"Feature","properties":{"name":"","kind":"park","road":"","osm":403908079},"geometry":{"type":"Polygon","coordinates":[[[-3.60751,37.18958],[-3.60745,37.1897],[-3.60665,37.18938],[-3.60686,37.18902],[-3.60703,37.18908],[-3.60705,37.18921],[-3.60709,37.1893],[-3.60716,37.18937],[-3.60723,37.18944],[-3.60733,37.1895],[-3.60742,37.18954],[-3.60751,37.18958]]]}},{"type":"Feature","properties":{"name":"","kind":"park","road":"","osm":403908706},"geometry":{"type":"Polygon","coordinates":[[[-3.60822,37.18858],[-3.60815,37.18868],[-3.60789,37.18858],[-3.60777,37.18856],[-3.60764,37.18855],[-3.60753,37.18857],[-3.60743,37.18859],[-3.60729,37.18866],[-3.60713,37.18858],[-3.60735,37.18824],[-3.60822,37.18858]]]}},{"type":"Feature","properties":{"name":"","kind":"water","road":"","osm":407368444},"geometry":{"type":"Polygon","coordinates":[[[-3.57538,37.16296],[-3.5754,37.16289],[-3.5746,37.16282],[-3.57535,37.16303],[-3.57538,37.16296]]]}},{"type":"Feature","properties":{"name":"Calle Cruz","kind":"road","road":"pedestrian","osm":408855740},"geometry":{"type":"LineString","coordinates":[[-3.60256,37.17322],[-3.60255,37.17323],[-3.6021,37.17346],[-3.60167,37.17367],[-3.60165,37.17369]]}},{"type":"Feature","properties":{"name":"Calle Ángel","kind":"road","road":"pedestrian","osm":408855745},"geometry":{"type":"LineString","coordinates":[[-3.60216,37.17277],[-3.60215,37.17277],[-3.60178,37.17297],[-3.60118,37.17333]]}},{"type":"Feature","properties":{"name":"Calle Elvira","kind":"road","road":"secondary","osm":411782120},"geometry":{"type":"LineString","coordinates":[[-3.59725,37.17738],[-3.59719,37.17734],[-3.59701,37.17721],[-3.59688,37.17708],[-3.59683,37.17704],[-3.59676,37.17695],[-3.59675,37.17693],[-3.59659,37.17672]]}},{"type":"Feature","properties":{"name":"Camino de Ronda","kind":"road","road":"primary","osm":420083533},"geometry":{"type":"LineString","coordinates":[[-3.60645,37.17107],[-3.60613,37.17054],[-3.60609,37.17047],[-3.60605,37.1704],[-3.60603,37.17037],[-3.60591,37.17019]]}},{"type":"Feature","properties":{"name":"","kind":"park","road":"","osm":420540393},"geometry":{"type":"Polygon","coordinates":[[[-3.60859,37.16908],[-3.60844,37.16895],[-3.60859,37.16883],[-3.60875,37.16896],[-3.60859,37.16908]]]}},{"type":"Feature","properties":{"name":"","kind":"park","road":"","osm":420540403},"geometry":{"type":"Polygon","coordinates":[[[-3.59954,37.1682],[-3.59951,37.16817],[-3.59972,37.16805],[-3.59975,37.16809],[-3.59954,37.1682]]]}},{"type":"Feature","properties":{"name":"","kind":"park","road":"","osm":420540404},"geometry":{"type":"Polygon","coordinates":[[[-3.59952,37.16823],[-3.59935,37.16835],[-3.5993,37.16831],[-3.5994,37.16822],[-3.59948,37.16818],[-3.59952,37.16823]]]}},{"type":"Feature","properties":{"name":"","kind":"park","road":"","osm":420540405},"geometry":{"type":"Polygon","coordinates":[[[-3.59934,37.16823],[-3.59927,37.16825],[-3.59927,37.16823],[-3.59927,37.16821],[-3.59928,37.1682],[-3.5993,37.16818],[-3.59931,37.16818],[-3.59934,37.16823]]]}},{"type":"Feature","properties":{"name":"","kind":"park","road":"","osm":420540408},"geometry":{"type":"Polygon","coordinates":[[[-3.59587,37.16926],[-3.5959,37.16928],[-3.59593,37.1693],[-3.59594,37.16933],[-3.59595,37.16936],[-3.59594,37.16939],[-3.59592,37.16942],[-3.59589,37.16944],[-3.59586,37.16945],[-3.59582,37.16946],[-3.59578,37.16945],[-3.59575,37.16943],[-3.59572,37.16941],[-3.59571,37.16938],[-3.5957,37.16935],[-3.59571,37.16932],[-3.59573,37.1693],[-3.59576,37.16927],[-3.59579,37.16926],[-3.59583,37.16926],[-3.59587,37.16926]]]}},{"type":"Feature","properties":{"name":"","kind":"park","road":"","osm":420540417},"geometry":{"type":"Polygon","coordinates":[[[-3.59975,37.17349],[-3.59974,37.17352],[-3.59972,37.17354],[-3.59969,37.17355],[-3.59965,37.17356],[-3.59962,37.17356],[-3.59964,37.17354],[-3.59967,37.17352],[-3.59971,37.1735],[-3.59975,37.17349]]]}},{"type":"Feature","properties":{"name":"Parque de las Palmas","kind":"park","road":"","osm":421718246},"geometry":{"type":"Polygon","coordinates":[[[-3.58805,37.16878],[-3.58807,37.16878],[-3.58811,37.16874],[-3.58818,37.16864],[-3.5881,37.16861],[-3.58795,37.16854],[-3.58792,37.16852],[-3.58796,37.16843],[-3.58801,37.16835],[-3.58803,37.16831],[-3.58754,37.16809],[-3.58743,37.16807],[-3.58735,37.16806],[-3.58727,37.16806],[-3.5872,37.16804],[-3.58698,37.16795],[-3.58679,37.16817],[-3.58697,37.16827],[-3.58692,37.16835],[-3.58694,37.16836],[-3.58684,37.16843],[-3.58685,37.16847],[-3.58688,37.16852],[-3.587,37.16865],[-3.58707,37.16869],[-3.58724,37.16877],[-3.58732,37.1688],[-3.58737,37.16881],[-3.58744,37.1688],[-3.58751,37.16875],[-3.58756,37.16873],[-3.58762,37.16872],[-3.58767,37.16872],[-3.58772,37.16874],[-3.58777,37.16875],[-3.58798,37.16879],[-3.58801,37.16879],[-3.58803,37.16879],[-3.58805,37.16878]]]}},{"type":"Feature","properties":{"name":"Plaza Poeta Rafael Guillén","kind":"park","road":"","osm":421718257},"geometry":{"type":"Polygon","coordinates":[[[-3.59206,37.16217],[-3.59205,37.16217],[-3.59176,37.16213],[-3.59175,37.16213],[-3.59174,37.16212],[-3.5914,37.16208],[-3.59138,37.16207],[-3.59119,37.16205],[-3.59117,37.16204],[-3.59116,37.16204],[-3.59108,37.16203],[-3.59129,37.16215],[-3.59161,37.16236],[-3.59167,37.16242],[-3.5917,37.16245],[-3.59172,37.16249],[-3.59169,37.16252],[-3.5917,37.16253],[-3.59176,37.1625],[-3.59199,37.16267],[-3.592,37.16266],[-3.59234,37.1629],[-3.59235,37.16289],[-3.59236,37.16288],[-3.59237,37.16287],[-3.59242,37.16266],[-3.59242,37.16265],[-3.59249,37.16229],[-3.5925,37.16223],[-3.59207,37.16217],[-3.59206,37.16217]]]}},{"type":"Feature","properties":{"name":"Placeta Capellanes","kind":"road","road":"pedestrian","osm":423971607},"geometry":{"type":"LineString","coordinates":[[-3.59471,37.17895],[-3.5947,37.17896],[-3.59468,37.17897],[-3.59465,37.17896],[-3.59463,37.17895],[-3.59461,37.17893],[-3.59457,37.1789],[-3.59455,37.17888],[-3.59452,37.17885],[-3.59456,37.17883],[-3.5946,37.1788],[-3.59461,37.17881],[-3.59462,37.17882],[-3.59464,37.17886],[-3.59465,37.17888],[-3.59467,37.1789],[-3.59471,37.17895]]}},{"type":"Feature","properties":{"name":"Bosque de los Sentidos","kind":"park","road":"","osm":426161318},"geometry":{"type":"Polygon","coordinates":[[[-3.60469,37.16334],[-3.60455,37.16348],[-3.60464,37.1636],[-3.60472,37.16352],[-3.60477,37.16347],[-3.6048,37.16347],[-3.60481,37.16347],[-3.60491,37.16353],[-3.60497,37.16351],[-3.605,37.16349],[-3.60509,37.16362],[-3.6051,37.16364],[-3.60512,37.16366],[-3.60514,37.16367],[-3.60529,37.16377],[-3.60533,37.16375],[-3.60538,37.16366],[-3.60544,37.16361],[-3.6057,37.16339],[-3.60583,37.16319],[-3.60564,37.163],[-3.6054,37.16302],[-3.60532,37.16266],[-3.60529,37.16269],[-3.60524,37.16274],[-3.60522,37.16276],[-3.6052,37.16278],[-3.60516,37.16282],[-3.60516,37.16287],[-3.60469,37.16334]]]}},{"type":"Feature","properties":{"name":"Paseo del Violón","kind":"road","road":"primary","osm":433105996},"geometry":{"type":"LineString","coordinates":[[-3.60038,37.1641],[-3.60068,37.16379],[-3.60082,37.16364],[-3.601,37.16348],[-3.60116,37.16336],[-3.60125,37.16332],[-3.60127,37.16331],[-3.60129,37.16329]]}},{"type":"Feature","properties":{"name":"Paseo del Violón","kind":"road","road":"primary","osm":433106000},"geometry":{"type":"LineString","coordinates":[[-3.60053,37.16371],[-3.60019,37.16412],[-3.60011,37.16424]]}},{"type":"Feature","properties":{"name":"Paseo del Violón","kind":"road","road":"primary","osm":433106002},"geometry":{"type":"LineString","coordinates":[[-3.60011,37.16424],[-3.6,37.16437],[-3.59998,37.16439],[-3.59966,37.16478],[-3.59963,37.16481],[-3.59956,37.1649]]}},{"type":"Feature","properties":{"name":"Avenida Fernando de los Ríos","kind":"road","road":"primary","osm":433109455},"geometry":{"type":"LineString","coordinates":[[-3.60186,37.16268],[-3.60178,37.16272],[-3.60176,37.16273],[-3.60173,37.16274],[-3.60163,37.16277],[-3.60154,37.16282]]}},{"type":"Feature","properties":{"name":"Calle Domingo Puente Marín","kind":"road","road":"primary","osm":433109456},"geometry":{"type":"LineString","coordinates":[[-3.60221,37.16279],[-3.60229,37.16274],[-3.60241,37.16269]]}},{"type":"Feature","properties":{"name":"","kind":"park","road":"","osm":434135232},"geometry":{"type":"Polygon","coordinates":[[[-3.58801,37.16835],[-3.58791,37.16831],[-3.58794,37.16828],[-3.5879,37.16827],[-3.58787,37.16831],[-3.5878,37.16828],[-3.58783,37.16824],[-3.5878,37.16823],[-3.58778,37.16825],[-3.5877,37.16821],[-3.58772,37.16818],[-3.58768,37.16816],[-3.58764,37.16821],[-3.58758,37.16818],[-3.58761,37.16814],[-3.58756,37.16812],[-3.58752,37.16817],[-3.58734,37.16808],[-3.58732,37.1681],[-3.5872,37.16804],[-3.58727,37.16806],[-3.58735,37.16806],[-3.58743,37.16807],[-3.58754,37.16809],[-3.58803,37.16831],[-3.58801,37.16835]]]}},{"type":"Feature","properties":{"name":"","kind":"park","road":"","osm":434135244},"geometry":{"type":"Polygon","coordinates":[[[-3.58788,37.16848],[-3.5879,37.16842],[-3.58784,37.16839],[-3.5878,37.16844],[-3.58788,37.16848]]]}},{"type":"Feature","properties":{"name":"","kind":"park","road":"","osm":434135264},"geometry":{"type":"Polygon","coordinates":[[[-3.58781,37.16838],[-3.58778,37.16843],[-3.58771,37.16839],[-3.58774,37.16834],[-3.58781,37.16838]]]}},{"type":"Feature","properties":{"name":"","kind":"park","road":"","osm":434135266},"geometry":{"type":"Polygon","coordinates":[[[-3.58772,37.16833],[-3.58768,37.16838],[-3.5876,37.16833],[-3.58763,37.16829],[-3.58772,37.16833]]]}},{"type":"Feature","properties":{"name":"","kind":"park","road":"","osm":434135267},"geometry":{"type":"Polygon","coordinates":[[[-3.5876,37.16827],[-3.58756,37.16831],[-3.5875,37.16828],[-3.58754,37.16824],[-3.5876,37.16827]]]}},{"type":"Feature","properties":{"name":"","kind":"park","road":"","osm":434135269},"geometry":{"type":"Polygon","coordinates":[[[-3.58749,37.16821],[-3.58746,37.16826],[-3.58732,37.16819],[-3.58736,37.16814],[-3.58749,37.16821]]]}},{"type":"Feature","properties":{"name":"","kind":"park","road":"","osm":434135271},"geometry":{"type":"Polygon","coordinates":[[[-3.58787,37.16851],[-3.58784,37.16857],[-3.58775,37.16851],[-3.58779,37.16846],[-3.58787,37.16851]]]}},{"type":"Feature","properties":{"name":"","kind":"park","road":"","osm":434135273},"geometry":{"type":"Polygon","coordinates":[[[-3.58776,37.16845],[-3.58772,37.1685],[-3.58765,37.16847],[-3.58769,37.16841],[-3.58776,37.16845]]]}},{"type":"Feature","properties":{"name":"","kind":"park","road":"","osm":434135275},"geometry":{"type":"Polygon","coordinates":[[[-3.58766,37.1684],[-3.58762,37.16845],[-3.58754,37.16841],[-3.58758,37.16835],[-3.58766,37.1684]]]}},{"type":"Feature","properties":{"name":"","kind":"park","road":"","osm":434135276},"geometry":{"type":"Polygon","coordinates":[[[-3.58754,37.16834],[-3.5875,37.16839],[-3.58744,37.16836],[-3.58748,37.1683],[-3.58754,37.16834]]]}},{"type":"Feature","properties":{"name":"","kind":"park","road":"","osm":434135278},"geometry":{"type":"Polygon","coordinates":[[[-3.58744,37.16828],[-3.5874,37.16834],[-3.58726,37.16826],[-3.5873,37.16821],[-3.58744,37.16828]]]}},{"type":"Feature","properties":{"name":"Avenida de Dílar","kind":"road","road":"secondary","osm":434858133},"geometry":{"type":"LineString","coordinates":[[-3.59884,37.16277],[-3.59885,37.16275],[-3.59889,37.16265],[-3.59915,37.16205]]}},{"type":"Feature","properties":{"name":"","kind":"park","road":"","osm":437516264},"geometry":{"type":"Polygon","coordinates":[[[-3.59576,37.16922],[-3.59583,37.16922],[-3.59589,37.16924],[-3.59594,37.16926],[-3.59597,37.1693],[-3.59599,37.16934],[-3.59599,37.1694],[-3.59597,37.16944],[-3.59592,37.16948],[-3.59585,37.16951],[-3.59498,37.1696],[-3.59342,37.16977],[-3.59319,37.16979],[-3.59311,37.16979],[-3.59305,37.16976],[-3.593,37.16972],[-3.59298,37.16966],[-3.59298,37.16961],[-3.593,37.16956],[-3.59304,37.16952],[-3.5931,37.16949],[-3.59576,37.16922]]]}},{"type":"Feature","properties":{"name":"","kind":"park","road":"","osm":437516270},"geometry":{"type":"Polygon","coordinates":[[[-3.59276,37.16952],[-3.59279,37.16954],[-3.59281,37.16956],[-3.59282,37.16959],[-3.59282,37.16961],[-3.5928,37.16963],[-3.59277,37.16964],[-3.59274,37.16965],[-3.5927,37.16965],[-3.59266,37.16964],[-3.59263,37.16962],[-3.59261,37.1696],[-3.5926,37.16957],[-3.59261,37.16955],[-3.59263,37.16953],[-3.59267,37.16952],[-3.59271,37.16951],[-3.59276,37.16952]]]}},{"type":"Feature","properties":{"name":"","kind":"park","road":"","osm":437516271},"geometry":{"type":"Polygon","coordinates":[[[-3.59242,37.16939],[-3.59244,37.16943],[-3.59245,37.16947],[-3.59244,37.1695],[-3.59242,37.16952],[-3.59238,37.16954],[-3.59232,37.16954],[-3.58908,37.16804],[-3.58919,37.16789],[-3.59242,37.16939]]]}},{"type":"Feature","properties":{"name":"Albercón de Prieto Moreno","kind":"water","road":"","osm":437956397},"geometry":{"type":"Polygon","coordinates":[[[-3.58364,37.17661],[-3.58376,37.17652],[-3.58362,37.17639],[-3.5835,37.17648],[-3.58364,37.17661]]]}},{"type":"Feature","properties":{"name":"Albercón de Tomás Balbás","kind":"water","road":"","osm":437956398},"geometry":{"type":"Polygon","coordinates":[[[-3.58346,37.17673],[-3.58358,37.17665],[-3.58343,37.17651],[-3.58331,37.1766],[-3.58346,37.17673]]]}},{"type":"Feature","properties":{"name":"Albercón Árabe","kind":"water","road":"","osm":437956399},"geometry":{"type":"Polygon","coordinates":[[[-3.58369,37.17691],[-3.58353,37.17677],[-3.58365,37.17669],[-3.58381,37.17683],[-3.58369,37.17691]]]}},{"type":"Feature","properties":{"name":"","kind":"park","road":"","osm":438184481},"geometry":{"type":"Polygon","coordinates":[[[-3.59623,37.17492],[-3.59621,37.17512],[-3.59647,37.17514],[-3.59649,37.17494],[-3.59623,37.17492]]]}},{"type":"Feature","properties":{"name":"","kind":"park","road":"","osm":438184482},"geometry":{"type":"Polygon","coordinates":[[[-3.59634,37.17463],[-3.59633,37.17466],[-3.59631,37.17466],[-3.59629,37.17479],[-3.59652,37.17481],[-3.59653,37.17465],[-3.59634,37.17463]]]}},{"type":"Feature","properties":{"name":"","kind":"park","road":"","osm":438184865},"geometry":{"type":"Polygon","coordinates":[[[-3.59355,37.17177],[-3.59308,37.17204],[-3.59328,37.17226],[-3.59375,37.172],[-3.59355,37.17177]]]}},{"type":"Feature","properties":{"name":"Avenida del Sur","kind":"road","road":"primary","osm":438422151},"geometry":{"type":"LineString","coordinates":[[-3.61464,37.18816],[-3.61449,37.1881],[-3.61438,37.18806],[-3.61432,37.18805],[-3.6142,37.18801],[-3.61333,37.18777],[-3.61307,37.1877]]}},{"type":"Feature","properties":{"name":"","kind":"road","road":"primary","osm":438422158},"geometry":{"type":"LineString","coordinates":[[-3.61464,37.18816],[-3.61461,37.18817],[-3.6146,37.18817],[-3.61457,37.1882],[-3.61455,37.18821],[-3.61454,37.18822],[-3.61453,37.18825]]}},{"type":"Feature","properties":{"name":"Carretera de Málaga","kind":"road","road":"primary","osm":438422159},"geometry":{"type":"LineString","coordinates":[[-3.61531,37.1884],[-3.61526,37.18837],[-3.61523,37.18835],[-3.61519,37.18833]]}},{"type":"Feature","properties":{"name":"","kind":"road","road":"primary","osm":438422161},"geometry":{"type":"LineString","coordinates":[[-3.61488,37.18838],[-3.61491,37.18834],[-3.61491,37.18829],[-3.6149,37.18825],[-3.61487,37.18821]]}},{"type":"Feature","properties":{"name":"","kind":"road","road":"primary","osm":438422162},"geometry":{"type":"LineString","coordinates":[[-3.61483,37.18843],[-3.61486,37.18841],[-3.61488,37.18838]]}},{"type":"Feature","properties":{"name":"","kind":"road","road":"primary","osm":438422163},"geometry":{"type":"LineString","coordinates":[[-3.61481,37.18816],[-3.61476,37.18815],[-3.6147,37.18814],[-3.61465,37.18815]]}},{"type":"Feature","properties":{"name":"Calle Oficios","kind":"road","road":"pedestrian","osm":438467560},"geometry":{"type":"LineString","coordinates":[[-3.59805,37.17643],[-3.59802,37.17644],[-3.598,37.17645]]}},{"type":"Feature","properties":{"name":"Calle Oficios","kind":"road","road":"pedestrian","osm":438467561},"geometry":{"type":"LineString","coordinates":[[-3.59814,37.17636],[-3.59808,37.17641]]}},{"type":"Feature","properties":{"name":"","kind":"water","road":"","osm":445396722},"geometry":{"type":"Polygon","coordinates":[[[-3.58866,37.16775],[-3.58865,37.16777],[-3.58845,37.16768],[-3.58846,37.16766],[-3.58866,37.16775]]]}},{"type":"Feature","properties":{"name":"","kind":"water","road":"","osm":445396723},"geometry":{"type":"Polygon","coordinates":[[[-3.58844,37.16764],[-3.58842,37.16767],[-3.58822,37.16757],[-3.58823,37.16755],[-3.58844,37.16764]]]}},{"type":"Feature","properties":{"name":"Camino de Ronda","kind":"road","road":"primary","osm":445396730},"geometry":{"type":"LineString","coordinates":[[-3.60781,37.17347],[-3.60795,37.1737]]}},{"type":"Feature","properties":{"name":"Calle Paños","kind":"road","road":"pedestrian","osm":450236316},"geometry":{"type":"LineString","coordinates":[[-3.59949,37.1753],[-3.59952,37.17528]]}},{"type":"Feature","properties":{"name":"Calle Ermita","kind":"road","road":"pedestrian","osm":450236317},"geometry":{"type":"LineString","coordinates":[[-3.59942,37.17523],[-3.59947,37.1752]]}},{"type":"Feature","properties":{"name":"","kind":"road","road":"pedestrian","osm":458332422},"geometry":{"type":"LineString","coordinates":[[-3.61094,37.1778],[-3.61093,37.17778],[-3.61074,37.17785],[-3.61071,37.17787],[-3.61069,37.17788],[-3.61068,37.1779],[-3.61068,37.17793],[-3.61068,37.17795],[-3.61072,37.17801],[-3.61078,37.17811],[-3.61084,37.17813],[-3.61096,37.17813],[-3.61096,37.17811],[-3.61103,37.17812],[-3.61109,37.17813],[-3.61114,37.17814],[-3.61115,37.17813],[-3.6111,37.17806],[-3.61106,37.178],[-3.61105,37.17798],[-3.61101,37.17792],[-3.611,37.1779],[-3.61096,37.17784],[-3.61095,37.17781],[-3.61094,37.1778]]}},{"type":"Feature","properties":{"name":"Avenida de Andaluces","kind":"road","road":"secondary","osm":458954595},"geometry":{"type":"LineString","coordinates":[[-3.6089,37.18443],[-3.60887,37.1845],[-3.60885,37.18453]]}},{"type":"Feature","properties":{"name":"","kind":"road","road":"primary","osm":458954597},"geometry":{"type":"LineString","coordinates":[[-3.6085,37.18619],[-3.60855,37.18614],[-3.60858,37.18612],[-3.60861,37.18609],[-3.60864,37.18605]]}},{"type":"Feature","properties":{"name":"Avenida Pablo Picasso","kind":"road","road":"secondary","osm":462530329},"geometry":{"type":"LineString","coordinates":[[-3.59363,37.16541],[-3.59392,37.16525],[-3.59395,37.16524],[-3.59397,37.16523],[-3.59399,37.16522],[-3.59401,37.16521],[-3.59407,37.16517]]}},{"type":"Feature","properties":{"name":"Carretera de Málaga","kind":"road","road":"primary","osm":465862633},"geometry":{"type":"LineString","coordinates":[[-3.61488,37.18838],[-3.61496,37.18837],[-3.61504,37.18837]]}},{"type":"Feature","properties":{"name":"Calle Lubina","kind":"road","road":"tertiary","osm":465862636},"geometry":{"type":"LineString","coordinates":[[-3.61534,37.18832],[-3.61533,37.18828],[-3.61532,37.18821]]}},{"type":"Feature","properties":{"name":"","kind":"road","road":"tertiary","osm":465862638},"geometry":{"type":"LineString","coordinates":[[-3.61531,37.1884],[-3.61534,37.18832]]}},{"type":"Feature","properties":{"name":"Avenida de Andalucía","kind":"road","road":"primary","osm":465863275},"geometry":{"type":"LineString","coordinates":[[-3.61158,37.18766],[-3.61161,37.18768],[-3.61164,37.1877],[-3.61167,37.18772],[-3.61238,37.18817],[-3.61241,37.18819],[-3.61257,37.18828]]}},{"type":"Feature","properties":{"name":"Calle Ribera del Beiro","kind":"road","road":"primary","osm":467786360},"geometry":{"type":"LineString","coordinates":[[-3.61162,37.18902],[-3.61153,37.18907],[-3.61141,37.18916],[-3.61122,37.18934],[-3.61109,37.1895],[-3.61108,37.18952],[-3.61102,37.1896],[-3.6109,37.18981],[-3.61086,37.18988]]}},{"type":"Feature","properties":{"name":"Paseo Jardín de la Reina","kind":"road","road":"secondary","osm":467803354},"geometry":{"type":"LineString","coordinates":[[-3.60248,37.16267],[-3.60249,37.1627],[-3.60253,37.16279],[-3.60255,37.16283]]}},{"type":"Feature","properties":{"name":"","kind":"road","road":"primary","osm":467803355},"geometry":{"type":"LineString","coordinates":[[-3.60221,37.16279],[-3.60231,37.16279],[-3.60238,37.16277],[-3.60243,37.16278],[-3.60249,37.16281],[-3.60255,37.16283]]}},{"type":"Feature","properties":{"name":"","kind":"park","road":"","osm":468184786},"geometry":{"type":"Polygon","coordinates":[[[-3.59585,37.17252],[-3.59578,37.17247],[-3.5959,37.17236],[-3.59597,37.17241],[-3.59585,37.17252]]]}},{"type":"Feature","properties":{"name":"Placeta del Centro Artístico","kind":"road","road":"pedestrian","osm":471109428},"geometry":{"type":"LineString","coordinates":[[-3.59799,37.17313],[-3.5979,37.17309],[-3.59788,37.17309],[-3.59787,37.17308],[-3.59786,37.17308],[-3.59784,37.17308],[-3.59783,37.17307],[-3.59773,37.17303],[-3.59767,37.17313],[-3.59764,37.17317],[-3.59776,37.17323],[-3.5979,37.17328],[-3.59794,37.17321],[-3.59799,37.17313]]}},{"type":"Feature","properties":{"name":"Calle Reyes Católicos","kind":"road","road":"secondary","osm":472086220},"geometry":{"type":"LineString","coordinates":[[-3.59733,37.17593],[-3.59725,37.17596],[-3.59702,37.17609],[-3.59699,37.17611],[-3.59696,37.17613],[-3.59695,37.17613],[-3.5965,37.1764],[-3.59647,37.17641],[-3.59638,37.17646]]}},{"type":"Feature","properties":{"name":"Calle Reyes Católicos","kind":"road","road":"secondary","osm":472086221},"geometry":{"type":"LineString","coordinates":[[-3.59641,37.1765],[-3.59647,37.17646],[-3.5965,37.17645],[-3.59695,37.17618],[-3.59697,37.17617],[-3.59704,37.17612],[-3.59728,37.17598],[-3.5973,37.17595],[-3.59733,37.17593]]}},{"type":"Feature","properties":{"name":"","kind":"road","road":"secondary","osm":472086222},"geometry":{"type":"LineString","coordinates":[[-3.59641,37.1765],[-3.5964,37.17648]]}},{"type":"Feature","properties":{"name":"Calle Reyes Católicos","kind":"road","road":"secondary","osm":472086223},"geometry":{"type":"LineString","coordinates":[[-3.59745,37.17585],[-3.59736,37.17591],[-3.59733,37.17593]]}},{"type":"Feature","properties":{"name":"Calle Cetti Meriem","kind":"road","road":"pedestrian","osm":472086225},"geometry":{"type":"LineString","coordinates":[[-3.59772,37.17721],[-3.59729,37.17736],[-3.59727,37.17737]]}},{"type":"Feature","properties":{"name":"Callejón del Jaque","kind":"road","road":"pedestrian","osm":477849289},"geometry":{"type":"LineString","coordinates":[[-3.60385,37.16659],[-3.60382,37.1666]]}},{"type":"Feature","properties":{"name":"Calle Gran Vía de Colón","kind":"road","road":"primary","osm":478163087},"geometry":{"type":"LineString","coordinates":[[-3.60121,37.18248],[-3.60124,37.18251],[-3.60189,37.18285]]}},{"type":"Feature","properties":{"name":"Calle Gran Vía de Colón","kind":"road","road":"primary","osm":478163090},"geometry":{"type":"LineString","coordinates":[[-3.60041,37.18102],[-3.60067,37.18149],[-3.60068,37.18152],[-3.60069,37.18154],[-3.60079,37.18171]]}},{"type":"Feature","properties":{"name":"Calle Gran Vía de Colón","kind":"road","road":"primary","osm":478163091},"geometry":{"type":"LineString","coordinates":[[-3.60017,37.18059],[-3.60023,37.1807],[-3.60025,37.18072],[-3.60026,37.18075],[-3.60041,37.18102]]}},{"type":"Feature","properties":{"name":"Calle Tinajilla","kind":"road","road":"tertiary","osm":478163092},"geometry":{"type":"LineString","coordinates":[[-3.60015,37.18225],[-3.60055,37.18191],[-3.60069,37.18178],[-3.60071,37.18176],[-3.60079,37.18171]]}},{"type":"Feature","properties":{"name":"Calle Gran Vía de Colón","kind":"road","road":"primary","osm":478163094},"geometry":{"type":"LineString","coordinates":[[-3.59931,37.17901],[-3.59961,37.17956],[-3.59973,37.17977],[-3.59974,37.1798],[-3.59975,37.17982],[-3.59981,37.17992]]}},{"type":"Feature","properties":{"name":"Calle Gran Vía de Colón","kind":"road","road":"primary","osm":478163095},"geometry":{"type":"LineString","coordinates":[[-3.59911,37.17866],[-3.59922,37.17884],[-3.59923,37.17887],[-3.59925,37.1789],[-3.59931,37.17901]]}},{"type":"Feature","properties":{"name":"Calle Gran Vía de Colón","kind":"road","road":"primary","osm":478163096},"geometry":{"type":"LineString","coordinates":[[-3.59872,37.17794],[-3.59874,37.17797],[-3.59878,37.17805],[-3.5988,37.17808],[-3.59881,37.17811],[-3.59889,37.17824],[-3.59894,37.17834]]}},{"type":"Feature","properties":{"name":"Calle Gran Vía de Colón","kind":"road","road":"primary","osm":478163097},"geometry":{"type":"LineString","coordinates":[[-3.59754,37.17581],[-3.59757,37.17585],[-3.5976,37.17589],[-3.59768,37.17605],[-3.5977,37.17608],[-3.59771,37.1761],[-3.59792,37.17648]]}},{"type":"Feature","properties":{"name":"Calle Santa Bárbara","kind":"road","road":"tertiary","osm":478164179},"geometry":{"type":"LineString","coordinates":[[-3.60549,37.18142],[-3.60564,37.18129],[-3.60566,37.18127],[-3.60569,37.18125],[-3.60569,37.18124],[-3.60569,37.18122],[-3.60569,37.18121]]}},{"type":"Feature","properties":{"name":"Calle Gran Vía de Colón","kind":"road","road":"primary","osm":478458095},"geometry":{"type":"LineString","coordinates":[[-3.60101,37.18211],[-3.60121,37.18248]]}},{"type":"Feature","properties":{"name":"Calle Gran Vía de Colón","kind":"road","road":"primary","osm":478458096},"geometry":{"type":"LineString","coordinates":[[-3.59981,37.17992],[-3.60017,37.18059]]}},{"type":"Feature","properties":{"name":"Calle Gran Vía de Colón","kind":"road","road":"primary","osm":478458103},"geometry":{"type":"LineString","coordinates":[[-3.59894,37.17834],[-3.59911,37.17866]]}},{"type":"Feature","properties":{"name":"Calle Gran Vía de Colón","kind":"road","road":"primary","osm":478458110},"geometry":{"type":"LineString","coordinates":[[-3.59845,37.17744],[-3.59862,37.17777],[-3.59872,37.17794]]}},{"type":"Feature","properties":{"name":"Camino de Ronda","kind":"road","road":"primary","osm":486637655},"geometry":{"type":"LineString","coordinates":[[-3.60591,37.17019],[-3.60587,37.17012]]}},{"type":"Feature","properties":{"name":"Camino de Ronda","kind":"road","road":"primary","osm":486637656},"geometry":{"type":"LineString","coordinates":[[-3.60583,37.17023],[-3.60591,37.17019]]}},{"type":"Feature","properties":{"name":"Calle Neptuno","kind":"road","road":"primary","osm":486637657},"geometry":{"type":"LineString","coordinates":[[-3.60591,37.17019],[-3.60607,37.17006],[-3.60608,37.17005]]}},{"type":"Feature","properties":{"name":"Camino de Ronda","kind":"road","road":"primary","osm":487533245},"geometry":{"type":"LineString","coordinates":[[-3.60707,37.17225],[-3.60712,37.17233],[-3.60714,37.17236],[-3.60747,37.1729],[-3.60763,37.17317],[-3.60765,37.1732],[-3.60781,37.17347]]}},{"type":"Feature","properties":{"name":"Camino de Ronda","kind":"road","road":"primary","osm":487845873},"geometry":{"type":"LineString","coordinates":[[-3.61003,37.17712],[-3.61032,37.1776],[-3.61034,37.17763],[-3.61036,37.17766]]}},{"type":"Feature","properties":{"name":"Calle Sol","kind":"road","road":"tertiary","osm":506569622},"geometry":{"type":"LineString","coordinates":[[-3.60951,37.17628],[-3.60944,37.17631],[-3.60942,37.17632],[-3.60938,37.17633],[-3.60873,37.17659],[-3.60867,37.17661],[-3.60865,37.17662]]}},{"type":"Feature","properties":{"name":"Calle Pedro Antonio de Alarcón","kind":"road","road":"secondary","osm":506569625},"geometry":{"type":"LineString","coordinates":[[-3.60865,37.17662],[-3.6086,37.17652],[-3.60826,37.17597],[-3.60824,37.17593],[-3.60815,37.1758],[-3.60795,37.17546],[-3.60793,37.17543],[-3.60787,37.17534],[-3.60783,37.17526],[-3.60782,37.17525],[-3.6075,37.17472],[-3.60745,37.17464],[-3.6074,37.17455],[-3.60702,37.17394],[-3.60701,37.17391],[-3.60695,37.17381],[-3.6069,37.17374],[-3.60689,37.17372],[-3.60677,37.17351],[-3.60669,37.17338],[-3.60656,37.17318],[-3.60625,37.17266],[-3.6062,37.17258],[-3.60603,37.17231],[-3.606,37.17225],[-3.60573,37.1718],[-3.60572,37.17179],[-3.60565,37.17167],[-3.6056,37.17159],[-3.60559,37.17157],[-3.60521,37.17095],[-3.60518,37.17089]]}},{"type":"Feature","properties":{"name":"","kind":"park","road":"","osm":508000270},"geometry":{"type":"Polygon","coordinates":[[[-3.59486,37.17166],[-3.59485,37.17166],[-3.59483,37.17167],[-3.59483,37.17168],[-3.59482,37.17168],[-3.59481,37.17167],[-3.5948,37.17166],[-3.59482,37.17164],[-3.59481,37.17163],[-3.59474,37.1717],[-3.59479,37.17173],[-3.59486,37.17166]]]}},{"type":"Feature","properties":{"name":"","kind":"park","road":"","osm":508000271},"geometry":{"type":"Polygon","coordinates":[[[-3.59487,37.17176],[-3.59484,37.17175],[-3.59484,37.17176],[-3.59486,37.17177],[-3.59487,37.17176]]]}},{"type":"Feature","properties":{"name":"","kind":"park","road":"","osm":508000272},"geometry":{"type":"Polygon","coordinates":[[[-3.59483,37.17174],[-3.59481,37.17173],[-3.5948,37.17173],[-3.59483,37.17175],[-3.59483,37.17174]]]}},{"type":"Feature","properties":{"name":"","kind":"park","road":"","osm":508000273},"geometry":{"type":"Polygon","coordinates":[[[-3.5949,37.17169],[-3.59488,37.17167],[-3.59483,37.17171],[-3.59485,37.17173],[-3.5949,37.17169]]]}},{"type":"Feature","properties":{"name":"","kind":"park","road":"","osm":508000274},"geometry":{"type":"Polygon","coordinates":[[[-3.59493,37.17171],[-3.59491,37.17169],[-3.59486,37.17174],[-3.59488,37.17175],[-3.59493,37.17171]]]}},{"type":"Feature","properties":{"name":"","kind":"park","road":"","osm":508000275},"geometry":{"type":"Polygon","coordinates":[[[-3.59481,37.17176],[-3.5948,37.17177],[-3.59479,37.17177],[-3.5947,37.17171],[-3.5947,37.1717],[-3.5947,37.17168],[-3.59478,37.17161],[-3.5948,37.17162],[-3.59472,37.17169],[-3.59481,37.17176]]]}},{"type":"Feature","properties":{"name":"","kind":"park","road":"","osm":508000276},"geometry":{"type":"Polygon","coordinates":[[[-3.59483,37.17177],[-3.59491,37.17182],[-3.59489,37.17184],[-3.59483,37.1718],[-3.59482,37.17179],[-3.59482,37.17177],[-3.59483,37.17177]]]}},{"type":"Feature","properties":{"name":"","kind":"park","road":"","osm":508000277},"geometry":{"type":"Polygon","coordinates":[[[-3.59494,37.17177],[-3.59493,37.17176],[-3.59493,37.17175],[-3.59492,37.17175],[-3.59489,37.17179],[-3.59491,37.1718],[-3.59494,37.17177]]]}},{"type":"Feature","properties":{"name":"","kind":"park","road":"","osm":508000278},"geometry":{"type":"Polygon","coordinates":[[[-3.59497,37.17179],[-3.59495,37.17178],[-3.59493,37.17179],[-3.59491,37.1718],[-3.59495,37.17182],[-3.59497,37.17179]]]}},{"type":"Feature","properties":{"name":"","kind":"park","road":"","osm":508000279},"geometry":{"type":"Polygon","coordinates":[[[-3.59496,37.17183],[-3.59498,37.1718],[-3.595,37.1718],[-3.59501,37.1718],[-3.59502,37.17181],[-3.59497,37.17183],[-3.59496,37.17183]]]}},{"type":"Feature","properties":{"name":"","kind":"park","road":"","osm":508000281},"geometry":{"type":"Polygon","coordinates":[[[-3.59495,37.17185],[-3.59492,37.17183],[-3.5949,37.17184],[-3.59492,37.17185],[-3.59495,37.17185]]]}},{"type":"Feature","properties":{"name":"","kind":"park","road":"","osm":508000282},"geometry":{"type":"Polygon","coordinates":[[[-3.59481,37.17161],[-3.59488,37.17155],[-3.59489,37.17154],[-3.5949,37.17154],[-3.59492,37.17154],[-3.5949,37.17152],[-3.59489,37.17153],[-3.59486,37.17154],[-3.59479,37.1716],[-3.59481,37.17161]]]}},{"type":"Feature","properties":{"name":"","kind":"park","road":"","osm":508000283},"geometry":{"type":"Polygon","coordinates":[[[-3.59508,37.17175],[-3.59508,37.17174],[-3.59508,37.17171],[-3.59511,37.17169],[-3.59514,37.17171],[-3.5951,37.17175],[-3.59509,37.17176],[-3.59508,37.17175]]]}},{"type":"Feature","properties":{"name":"","kind":"park","road":"","osm":508000284},"geometry":{"type":"Polygon","coordinates":[[[-3.59507,37.1717],[-3.5951,37.17168],[-3.59507,37.17166],[-3.59504,37.17168],[-3.59507,37.1717]]]}},{"type":"Feature","properties":{"name":"","kind":"park","road":"","osm":508000287},"geometry":{"type":"Polygon","coordinates":[[[-3.59488,37.17161],[-3.59489,37.17162],[-3.5949,37.17163],[-3.59492,37.17163],[-3.59493,37.17163],[-3.59494,37.17162],[-3.59495,37.17162],[-3.59493,37.17161],[-3.59492,37.17161],[-3.59491,37.17161],[-3.5949,37.1716],[-3.5949,37.17159],[-3.59489,37.17158],[-3.59488,37.17158],[-3.59488,37.17159],[-3.59488,37.1716],[-3.59488,37.17161]]]}},{"type":"Feature","properties":{"name":"","kind":"park","road":"","osm":508000290},"geometry":{"type":"Polygon","coordinates":[[[-3.59496,37.17158],[-3.59495,37.17157],[-3.59494,37.17156],[-3.59492,37.17156],[-3.59491,37.17156],[-3.5949,37.17157],[-3.59489,37.17157],[-3.59491,37.17158],[-3.59492,37.17158],[-3.59493,37.17158],[-3.59494,37.17158],[-3.59494,37.17159],[-3.59494,37.1716],[-3.59495,37.17161],[-3.59496,37.17161],[-3.59496,37.1716],[-3.59496,37.17159],[-3.59496,37.17158]]]}},{"type":"Feature","properties":{"name":"","kind":"park","road":"","osm":508000293},"geometry":{"type":"Polygon","coordinates":[[[-3.59498,37.17168],[-3.595,37.17167],[-3.59503,37.17167],[-3.59505,37.17165],[-3.59502,37.17163],[-3.59498,37.17166],[-3.59497,37.17167],[-3.59498,37.17168]]]}},{"type":"Feature","properties":{"name":"","kind":"park","road":"","osm":508000295},"geometry":{"type":"Polygon","coordinates":[[[-3.59483,37.17148],[-3.59481,37.17147],[-3.5948,37.17148],[-3.59482,37.17149],[-3.59474,37.17156],[-3.59476,37.17157],[-3.59483,37.1715],[-3.59484,37.17149],[-3.59483,37.17148]]]}},{"type":"Feature","properties":{"name":"","kind":"park","road":"","osm":508000297},"geometry":{"type":"Polygon","coordinates":[[[-3.59475,37.17158],[-3.59473,37.17157],[-3.59463,37.17166],[-3.59464,37.17166],[-3.59466,37.17166],[-3.59475,37.17158]]]}},{"type":"Feature","properties":{"name":"","kind":"park","road":"","osm":508000325},"geometry":{"type":"Polygon","coordinates":[[[-3.59484,37.17183],[-3.59467,37.17172],[-3.59466,37.17173],[-3.59464,37.17174],[-3.59462,37.17173],[-3.59461,37.17171],[-3.59463,37.17169],[-3.59453,37.17162],[-3.59444,37.17171],[-3.59476,37.17191],[-3.59484,37.17183]]]}},{"type":"Feature","properties":{"name":"Parque del Cuarto Real de Santo Domingo","kind":"park","road":"","osm":508000326},"geometry":{"type":"Polygon","coordinates":[[[-3.59479,37.17134],[-3.59464,37.17121],[-3.59462,37.17123],[-3.59457,37.17119],[-3.59448,37.17113],[-3.5944,37.17107],[-3.59432,37.17101],[-3.59429,37.17104],[-3.59425,37.17106],[-3.59421,37.17109],[-3.59419,37.17111],[-3.59418,37.17112],[-3.59414,37.17114],[-3.59407,37.1712],[-3.59388,37.1713],[-3.5938,37.17135],[-3.5938,37.17136],[-3.59418,37.17181],[-3.5942,37.17183],[-3.59431,37.17179],[-3.5944,37.17194],[-3.59436,37.17196],[-3.59438,37.172],[-3.59446,37.17213],[-3.5945,37.17219],[-3.59452,37.17218],[-3.59459,37.17223],[-3.59467,37.17217],[-3.59469,37.17218],[-3.59471,37.17216],[-3.59472,37.17217],[-3.59475,37.17215],[-3.59471,37.17209],[-3.59485,37.17195],[-3.59479,37.17193],[-3.59476,37.17191],[-3.59444,37.17171],[-3.59453,37.17162],[-3.59465,37.1715],[-3.59475,37.17138],[-3.59479,37.17134]]]}},{"type":"Feature","properties":{"name":"","kind":"road","road":"pedestrian","osm":508039219},"geometry":{"type":"LineString","coordinates":[[-3.59574,37.17192],[-3.5958,37.17196],[-3.59583,37.17199],[-3.59584,37.17201],[-3.59583,37.17203],[-3.59582,37.17205],[-3.59577,37.1721],[-3.59574,37.17212],[-3.59562,37.17203],[-3.59563,37.17201],[-3.59565,37.172],[-3.59569,37.17197],[-3.59569,37.17196],[-3.59574,37.17192]]}},{"type":"Feature","properties":{"name":"","kind":"park","road":"","osm":508039220},"geometry":{"type":"Polygon","coordinates":[[[-3.59426,37.17174],[-3.59413,37.17162],[-3.5941,37.17164],[-3.59422,37.17177],[-3.59426,37.17174]]]}},{"type":"Feature","properties":{"name":"","kind":"park","road":"","osm":508039221},"geometry":{"type":"Polygon","coordinates":[[[-3.5944,37.17165],[-3.59427,37.17153],[-3.59419,37.17158],[-3.59432,37.17171],[-3.5944,37.17165]]]}},{"type":"Feature","properties":{"name":"","kind":"water","road":"","osm":508039224},"geometry":{"type":"Polygon","coordinates":[[[-3.59445,37.17162],[-3.59443,37.17163],[-3.59414,37.17136],[-3.59416,37.17135],[-3.59445,37.17162]]]}},{"type":"Feature","properties":{"name":"Calle Poeta Manuel de Góngora","kind":"road","road":"secondary","osm":509283333},"geometry":{"type":"LineString","coordinates":[[-3.59616,37.16768],[-3.59621,37.16771],[-3.59629,37.16776]]}},{"type":"Feature","properties":{"name":"Paseo del Violón","kind":"road","road":"primary","osm":509283334},"geometry":{"type":"LineString","coordinates":[[-3.5964,37.1676],[-3.59643,37.16755],[-3.59644,37.16752],[-3.5965,37.16745],[-3.59656,37.1674],[-3.59665,37.16734],[-3.59771,37.16685],[-3.59775,37.16683],[-3.59783,37.1668],[-3.59795,37.16676],[-3.59804,37.16674],[-3.59815,37.16675]]}},{"type":"Feature","properties":{"name":"Avenida de la Constitución","kind":"road","road":"primary","osm":509472374},"geometry":{"type":"LineString","coordinates":[[-3.60629,37.18493],[-3.60606,37.18482],[-3.6058,37.18469],[-3.60574,37.18466],[-3.60486,37.18423],[-3.60483,37.18422],[-3.60477,37.18419],[-3.60475,37.18418]]}},{"type":"Feature","properties":{"name":"","kind":"road","road":"pedestrian","osm":511109014},"geometry":{"type":"LineString","coordinates":[[-3.60891,37.18452],[-3.60893,37.18451],[-3.60896,37.1845],[-3.60899,37.1845],[-3.60901,37.18451],[-3.60903,37.18452],[-3.60905,37.18454],[-3.60906,37.18456],[-3.60906,37.18458],[-3.60905,37.18462],[-3.60901,37.18474],[-3.60899,37.18473],[-3.60897,37.18473],[-3.60894,37.18467],[-3.60891,37.18461],[-3.60888,37.18455],[-3.60891,37.18452]]}},{"type":"Feature","properties":{"name":"Cuesta del Chapiz","kind":"road","road":"tertiary","osm":513654185},"geometry":{"type":"LineString","coordinates":[[-3.58869,37.18119],[-3.5887,37.18121],[-3.58872,37.18131],[-3.58874,37.18145],[-3.58878,37.18159],[-3.58882,37.18166],[-3.58889,37.18175]]}},{"type":"Feature","properties":{"name":"Calle Hospital de Santa Ana","kind":"road","road":"pedestrian","osm":513660216},"geometry":{"type":"LineString","coordinates":[[-3.59561,37.17657],[-3.59532,37.17673]]}},{"type":"Feature","properties":{"name":"Plaza de Fortuny","kind":"road","road":"secondary","osm":513660221},"geometry":{"type":"LineString","coordinates":[[-3.59459,37.1739],[-3.59455,37.17385],[-3.59442,37.17371]]}},{"type":"Feature","properties":{"name":"Plaza del Realejo","kind":"road","road":"secondary","osm":513660222},"geometry":{"type":"LineString","coordinates":[[-3.594,37.1734],[-3.59394,37.17341],[-3.59388,37.17344],[-3.59362,37.17361],[-3.59358,37.17364]]}},{"type":"Feature","properties":{"name":"Calle Santiago","kind":"road","road":"secondary","osm":513660224},"geometry":{"type":"LineString","coordinates":[[-3.59361,37.17289],[-3.59378,37.17307],[-3.59399,37.17329],[-3.594,37.17331],[-3.59401,37.17336],[-3.594,37.1734]]}},{"type":"Feature","properties":{"name":"Camino de Ronda","kind":"road","road":"primary","osm":515087189},"geometry":{"type":"LineString","coordinates":[[-3.6101,37.17706],[-3.60996,37.17684],[-3.6098,37.17657]]}},{"type":"Feature","properties":{"name":"Calle Gonzalo Gallas","kind":"road","road":"secondary","osm":515087190},"geometry":{"type":"LineString","coordinates":[[-3.6098,37.17825],[-3.6098,37.17821],[-3.60978,37.17816]]}},{"type":"Feature","properties":{"name":"Calle Profesor Clavera","kind":"road","road":"tertiary","osm":515089081},"geometry":{"type":"LineString","coordinates":[[-3.60042,37.18968],[-3.60036,37.18971],[-3.60022,37.18977],[-3.60015,37.18979],[-3.60011,37.1898]]}},{"type":"Feature","properties":{"name":"Calle María Guerrero","kind":"road","road":"tertiary","osm":515270231},"geometry":{"type":"LineString","coordinates":[[-3.61678,37.18178],[-3.61681,37.18181],[-3.61688,37.18186]]}},{"type":"Feature","properties":{"name":"Calle Ramón y Cajal","kind":"road","road":"secondary","osm":515270232},"geometry":{"type":"LineString","coordinates":[[-3.61674,37.18176],[-3.61672,37.18178],[-3.61663,37.18187],[-3.61605,37.18238],[-3.61596,37.18246]]}},{"type":"Feature","properties":{"name":"","kind":"road","road":"secondary","osm":515270233},"geometry":{"type":"LineString","coordinates":[[-3.61686,37.18159],[-3.61681,37.18158],[-3.61676,37.18159],[-3.61672,37.18161],[-3.6167,37.18164]]}},{"type":"Feature","properties":{"name":"Avenida de Fuente Nueva","kind":"road","road":"primary","osm":515272984},"geometry":{"type":"LineString","coordinates":[[-3.60737,37.17997],[-3.60749,37.17987],[-3.60753,37.17984],[-3.60756,37.17981],[-3.608,37.17946],[-3.60847,37.17908],[-3.6085,37.17906],[-3.60853,37.17904],[-3.60863,37.17895]]}},{"type":"Feature","properties":{"name":"Avenida de Fuente Nueva","kind":"road","road":"primary","osm":515272989},"geometry":{"type":"LineString","coordinates":[[-3.60724,37.18008],[-3.60737,37.17997]]}},{"type":"Feature","properties":{"name":"Calle Pavaneras","kind":"road","road":"secondary","osm":516904978},"geometry":{"type":"LineString","coordinates":[[-3.59655,37.1755],[-3.59649,37.17547],[-3.59625,37.17533],[-3.59617,37.17527],[-3.59603,37.17514],[-3.59578,37.17487],[-3.5957,37.17479],[-3.59568,37.17477]]}},{"type":"Feature","properties":{"name":"Glorieta Víctimas del Terrorismo","kind":"road","road":"primary","osm":516905948},"geometry":{"type":"LineString","coordinates":[[-3.60906,37.16738],[-3.60901,37.1674],[-3.60897,37.16742],[-3.60891,37.16747],[-3.60888,37.16751],[-3.60885,37.16755],[-3.60883,37.16759],[-3.60882,37.16764],[-3.60882,37.16769],[-3.60883,37.16773]]}},{"type":"Feature","properties":{"name":"Calle Doctor Alejandro Otero","kind":"road","road":"secondary","osm":516905949},"geometry":{"type":"LineString","coordinates":[[-3.60668,37.16433],[-3.60718,37.16406],[-3.60742,37.16395]]}},{"type":"Feature","properties":{"name":"Calle Santo Sepulcro del Sacromonte","kind":"road","road":"tertiary","osm":520021966},"geometry":{"type":"LineString","coordinates":[[-3.57533,37.18179],[-3.57528,37.18189],[-3.57524,37.18193]]}},{"type":"Feature","properties":{"name":"Carretera de Murcia","kind":"road","road":"secondary","osm":520024355},"geometry":{"type":"LineString","coordinates":[[-3.59392,37.18443],[-3.59364,37.18457],[-3.59351,37.18465],[-3.59344,37.1847],[-3.59339,37.18474],[-3.59335,37.18479]]}},{"type":"Feature","properties":{"name":"Calle Real de Cartuja","kind":"road","road":"tertiary","osm":520024357},"geometry":{"type":"LineString","coordinates":[[-3.59993,37.18749],[-3.5999,37.18769],[-3.5999,37.18772],[-3.59991,37.18775]]}},{"type":"Feature","properties":{"name":"Avenida de Madrid","kind":"road","road":"primary","osm":520811803},"geometry":{"type":"LineString","coordinates":[[-3.60373,37.1866],[-3.60372,37.18667],[-3.60373,37.18676],[-3.60379,37.18686]]}},{"type":"Feature","properties":{"name":"","kind":"road","road":"secondary","osm":526702868},"geometry":{"type":"LineString","coordinates":[[-3.6167,37.18172],[-3.61672,37.18175],[-3.61674,37.18176]]}},{"type":"Feature","properties":{"name":"Calle María Guerrero","kind":"road","road":"tertiary","osm":526702869},"geometry":{"type":"LineString","coordinates":[[-3.6167,37.18164],[-3.61662,37.18161],[-3.61656,37.18156],[-3.61643,37.18147],[-3.61627,37.18138],[-3.61616,37.18133]]}},{"type":"Feature","properties":{"name":"","kind":"park","road":"","osm":526919304},"geometry":{"type":"Polygon","coordinates":[[[-3.61036,37.18804],[-3.61042,37.18796],[-3.61029,37.18791],[-3.61019,37.18797],[-3.61036,37.18804]]]}},{"type":"Feature","properties":{"name":"","kind":"park","road":"","osm":526919305},"geometry":{"type":"Polygon","coordinates":[[[-3.61016,37.18796],[-3.61025,37.18789],[-3.61003,37.18781],[-3.61004,37.18791],[-3.61016,37.18796]]]}},{"type":"Feature","properties":{"name":"","kind":"park","road":"","osm":526919306},"geometry":{"type":"Polygon","coordinates":[[[-3.60995,37.18788],[-3.60997,37.18778],[-3.60976,37.1877],[-3.60977,37.1878],[-3.60995,37.18788]]]}},{"type":"Feature","properties":{"name":"","kind":"park","road":"","osm":526919307},"geometry":{"type":"Polygon","coordinates":[[[-3.60972,37.18778],[-3.60972,37.18768],[-3.60958,37.18762],[-3.60953,37.1877],[-3.60972,37.18778]]]}},{"type":"Feature","properties":{"name":"Calle Jesse Owens","kind":"road","road":"tertiary","osm":527456178},"geometry":{"type":"LineString","coordinates":[[-3.61644,37.18519],[-3.61692,37.1853],[-3.61742,37.1854],[-3.61748,37.18541],[-3.61778,37.18547],[-3.61805,37.18553],[-3.61833,37.18558],[-3.61857,37.18564],[-3.61891,37.1857],[-3.61895,37.1857]]}},{"type":"Feature","properties":{"name":"Avenida de Pampaneira","kind":"road","road":"tertiary","osm":527456179},"geometry":{"type":"LineString","coordinates":[[-3.62102,37.1822],[-3.62098,37.18224],[-3.62092,37.1823],[-3.62077,37.18252],[-3.62072,37.1826],[-3.62065,37.18269],[-3.62023,37.18331],[-3.62019,37.18338],[-3.62014,37.18345],[-3.61998,37.18368],[-3.61986,37.18386],[-3.61974,37.18404],[-3.61942,37.1845],[-3.61935,37.18464],[-3.61933,37.18473],[-3.6191,37.18536]]}},{"type":"Feature","properties":{"name":"Plaza Rotary","kind":"road","road":"primary","osm":530758862},"geometry":{"type":"LineString","coordinates":[[-3.59832,37.16623],[-3.5983,37.16623]]}},{"type":"Feature","properties":{"name":"Plaza Rotary","kind":"road","road":"primary","osm":530758863},"geometry":{"type":"LineString","coordinates":[[-3.59861,37.16641],[-3.59856,37.16634],[-3.5985,37.16629],[-3.59842,37.16625],[-3.59832,37.16623]]}},{"type":"Feature","properties":{"name":"Avenida Santa María de la Alhambra","kind":"road","road":"tertiary","osm":530891281},"geometry":{"type":"LineString","coordinates":[[-3.5831,37.16953],[-3.58322,37.16959]]}},{"type":"Feature","properties":{"name":"Camino Nuevo del Cementerio","kind":"road","road":"tertiary","osm":530891282},"geometry":{"type":"LineString","coordinates":[[-3.58324,37.16946],[-3.58337,37.16941],[-3.58342,37.16937]]}},{"type":"Feature","properties":{"name":"","kind":"road","road":"pedestrian","osm":530892650},"geometry":{"type":"LineString","coordinates":[[-3.59739,37.17515],[-3.59744,37.17515],[-3.59744,37.17529]]}},{"type":"Feature","properties":{"name":"","kind":"road","road":"pedestrian","osm":532932969},"geometry":{"type":"LineString","coordinates":[[-3.5842,37.16571],[-3.58405,37.16606]]}},{"type":"Feature","properties":{"name":"Carretera de la Sierra","kind":"road","road":"primary","osm":534118974},"geometry":{"type":"LineString","coordinates":[[-3.58206,37.16557],[-3.5822,37.16561],[-3.58231,37.16564],[-3.58252,37.1657],[-3.58302,37.16584],[-3.58325,37.16591],[-3.58339,37.16595],[-3.58392,37.1661],[-3.58434,37.16622],[-3.58438,37.16623],[-3.58442,37.16625],[-3.58452,37.16627],[-3.58478,37.16635],[-3.58527,37.16649],[-3.58531,37.1665],[-3.58602,37.16671],[-3.58662,37.16688],[-3.58672,37.16691],[-3.58676,37.16692],[-3.58679,37.16693],[-3.58715,37.16703]]}},{"type":"Feature","properties":{"name":"","kind":"park","road":"","osm":537204380},"geometry":{"type":"Polygon","coordinates":[[[-3.60064,37.16493],[-3.60061,37.16493],[-3.60057,37.16493],[-3.60057,37.16491],[-3.60049,37.16491],[-3.60049,37.16501],[-3.60064,37.16497],[-3.60064,37.16493]]]}},{"type":"Feature","properties":{"name":"","kind":"park","road":"","osm":537204392},"geometry":{"type":"Polygon","coordinates":[[[-3.60049,37.16491],[-3.6004,37.16491],[-3.6004,37.16499],[-3.6004,37.16503],[-3.60049,37.16501],[-3.60049,37.16491]]]}},{"type":"Feature","properties":{"name":"","kind":"water","road":"","osm":537204405},"geometry":{"type":"Polygon","coordinates":[[[-3.60059,37.1644],[-3.60041,37.1644],[-3.60041,37.16425],[-3.60045,37.16422],[-3.60048,37.16421],[-3.60059,37.1644]]]}},{"type":"Feature","properties":{"name":"","kind":"water","road":"","osm":537206935},"geometry":{"type":"Polygon","coordinates":[[[-3.60218,37.16474],[-3.60217,37.16468],[-3.60169,37.16471],[-3.6017,37.16477],[-3.60218,37.16474]]]}},{"type":"Feature","properties":{"name":"","kind":"water","road":"","osm":537206936},"geometry":{"type":"Polygon","coordinates":[[[-3.60164,37.16477],[-3.60164,37.16471],[-3.60121,37.16473],[-3.60122,37.1648],[-3.60164,37.16477]]]}},{"type":"Feature","properties":{"name":"","kind":"park","road":"","osm":537206937},"geometry":{"type":"Polygon","coordinates":[[[-3.60216,37.16462],[-3.60216,37.16455],[-3.60167,37.16458],[-3.60168,37.16465],[-3.60216,37.16462]]]}},{"type":"Feature","properties":{"name":"","kind":"park","road":"","osm":537206938},"geometry":{"type":"Polygon","coordinates":[[[-3.60163,37.16465],[-3.60163,37.16459],[-3.6012,37.16461],[-3.60121,37.16468],[-3.60163,37.16465]]]}},{"type":"Feature","properties":{"name":"","kind":"park","road":"","osm":537206939},"geometry":{"type":"Polygon","coordinates":[[[-3.60114,37.16468],[-3.60114,37.16462],[-3.60091,37.16463],[-3.60092,37.1647],[-3.60114,37.16468]]]}},{"type":"Feature","properties":{"name":"","kind":"park","road":"","osm":537206940},"geometry":{"type":"Polygon","coordinates":[[[-3.60116,37.1648],[-3.60115,37.16474],[-3.60093,37.16475],[-3.60093,37.16482],[-3.60116,37.1648]]]}},{"type":"Feature","properties":{"name":"Calle Ramón y Cajal","kind":"road","road":"secondary","osm":541630966},"geometry":{"type":"LineString","coordinates":[[-3.61596,37.18246],[-3.61586,37.18255],[-3.61579,37.1826],[-3.61553,37.18279],[-3.6155,37.18282],[-3.61525,37.18301],[-3.61512,37.18315],[-3.61471,37.18358],[-3.61443,37.18393],[-3.6144,37.18395],[-3.61438,37.18398],[-3.61432,37.18406]]}},{"type":"Feature","properties":{"name":"Calle Ramón y Cajal","kind":"road","road":"secondary","osm":541630967},"geometry":{"type":"LineString","coordinates":[[-3.61854,37.18144],[-3.61831,37.18146],[-3.61818,37.18147]]}},{"type":"Feature","properties":{"name":"Avenida de Madrid","kind":"road","road":"primary","osm":545345100},"geometry":{"type":"LineString","coordinates":[[-3.6069,37.19066],[-3.60682,37.19058],[-3.6068,37.19057],[-3.60678,37.19054],[-3.6067,37.19045],[-3.60639,37.19015],[-3.60633,37.19009],[-3.60628,37.19002],[-3.60625,37.18994],[-3.60625,37.18986],[-3.60628,37.18979],[-3.60633,37.18964]]}},{"type":"Feature","properties":{"name":"Río Genil","kind":"river","road":"","osm":546995882},"geometry":{"type":"LineString","coordinates":[[-3.57538,37.16296],[-3.57604,37.16312],[-3.57651,37.16322],[-3.57696,37.1633],[-3.57783,37.16344],[-3.57808,37.16348],[-3.57829,37.16351],[-3.57849,37.16355],[-3.57862,37.16358],[-3.57885,37.16365],[-3.58127,37.16444],[-3.5818,37.1646],[-3.58233,37.16477],[-3.58261,37.16489],[-3.58282,37.16497],[-3.58347,37.16511],[-3.58418,37.16527],[-3.58437,37.16534],[-3.5846,37.16539],[-3.58483,37.16541],[-3.58499,37.1654],[-3.58546,37.16547],[-3.58554,37.16551],[-3.5861,37.16561],[-3.58732,37.1658],[-3.58746,37.16584],[-3.58776,37.16594],[-3.58797,37.16604],[-3.58806,37.16609],[-3.58832,37.16626],[-3.58852,37.16643],[-3.58915,37.16702],[-3.58927,37.16712]]}},{"type":"Feature","properties":{"name":"Jardín de los Adarves","kind":"park","road":"","osm":548516485},"geometry":{"type":"Polygon","coordinates":[[[-3.59194,37.17688],[-3.59194,37.1769],[-3.59136,37.1769],[-3.59137,37.17686],[-3.59137,37.17684],[-3.59194,37.17685],[-3.59194,37.17688]]]}},{"type":"Feature","properties":{"name":"","kind":"road","road":"pedestrian","osm":549354672},"geometry":{"type":"LineString","coordinates":[[-3.61081,37.18684],[-3.61073,37.18681],[-3.61072,37.18682],[-3.6107,37.18682],[-3.61067,37.18681],[-3.61068,37.1868],[-3.61063,37.18678],[-3.61061,37.18678],[-3.61058,37.18685],[-3.61057,37.18687],[-3.61055,37.18691],[-3.61062,37.18693],[-3.61083,37.187],[-3.6109,37.18703],[-3.61092,37.18699],[-3.61093,37.18697],[-3.61094,37.18695],[-3.61094,37.18693],[-3.61081,37.18684]]}},{"type":"Feature","properties":{"name":"","kind":"road","road":"pedestrian","osm":549529195},"geometry":{"type":"LineString","coordinates":[[-3.61333,37.18777],[-3.61335,37.18773],[-3.61349,37.18749],[-3.61357,37.18736],[-3.61373,37.18709],[-3.614,37.18677],[-3.61406,37.1867],[-3.61444,37.18625],[-3.61459,37.1861],[-3.61466,37.1861],[-3.61474,37.1861]]}},{"type":"Feature","properties":{"name":"Plaza Trucha","kind":"park","road":"","osm":550793740},"geometry":{"type":"Polygon","coordinates":[[[-3.61955,37.1885],[-3.61953,37.1885],[-3.61953,37.18849],[-3.61951,37.1885],[-3.61951,37.18847],[-3.61945,37.18848],[-3.61946,37.1885],[-3.61936,37.18851],[-3.61935,37.18851],[-3.61933,37.18838],[-3.61932,37.1884],[-3.6193,37.18846],[-3.61929,37.18848],[-3.61929,37.1885],[-3.61931,37.18857],[-3.61932,37.18861],[-3.61932,37.18866],[-3.61932,37.18868],[-3.61932,37.18874],[-3.61933,37.18875],[-3.61948,37.18873],[-3.61951,37.18873],[-3.61945,37.18869],[-3.61945,37.18867],[-3.61943,37.18867],[-3.61942,37.1886],[-3.61956,37.18859],[-3.61955,37.18857],[-3.61956,37.18857],[-3.61956,37.18856],[-3.61955,37.18856],[-3.61955,37.18855],[-3.61956,37.18855],[-3.61955,37.1885]]]}},{"type":"Feature","properties":{"name":"Plaza Rotary","kind":"road","road":"primary","osm":550883299},"geometry":{"type":"LineString","coordinates":[[-3.59797,37.16659],[-3.59801,37.16665],[-3.59807,37.16671],[-3.59815,37.16675]]}},{"type":"Feature","properties":{"name":"","kind":"park","road":"","osm":553601352},"geometry":{"type":"Polygon","coordinates":[[[-3.60364,37.18938],[-3.60346,37.18938],[-3.60329,37.18913],[-3.60328,37.18894],[-3.60327,37.18868],[-3.60327,37.18864],[-3.60326,37.18838],[-3.60326,37.18835],[-3.60337,37.18833],[-3.60359,37.18832],[-3.60364,37.18938]]]}},{"type":"Feature","properties":{"name":"Plaza de San Isidro","kind":"park","road":"","osm":553602471},"geometry":{"type":"Polygon","coordinates":[[[-3.60365,37.18645],[-3.6034,37.18652],[-3.60339,37.18657],[-3.60356,37.18689],[-3.60359,37.18692],[-3.60367,37.1869],[-3.60368,37.18686],[-3.60364,37.18677],[-3.60363,37.18664],[-3.60366,37.18648],[-3.60365,37.18645]]]}},{"type":"Feature","properties":{"name":"","kind":"water","road":"","osm":554826397},"geometry":{"type":"Polygon","coordinates":[[[-3.60357,37.18668],[-3.60359,37.18668],[-3.6036,37.18669],[-3.6036,37.1867],[-3.60359,37.1867],[-3.60357,37.1867],[-3.60356,37.18669],[-3.60356,37.18668],[-3.60357,37.18668]]]}},{"type":"Feature","properties":{"name":"","kind":"park","road":"","osm":554827106},"geometry":{"type":"Polygon","coordinates":[[[-3.60377,37.1856],[-3.60368,37.18583],[-3.6035,37.18594],[-3.60339,37.18582],[-3.60377,37.1856]]]}},{"type":"Feature","properties":{"name":"Calle Cardenal Parrado","kind":"road","road":"secondary","osm":556124413},"geometry":{"type":"LineString","coordinates":[[-3.60376,37.18994],[-3.60389,37.18989],[-3.60392,37.18988],[-3.60438,37.18972],[-3.60447,37.18968],[-3.60454,37.18966],[-3.60505,37.18947],[-3.60543,37.18934],[-3.60546,37.18933],[-3.60556,37.1893]]}},{"type":"Feature","properties":{"name":"Camino Viejo del Fargue","kind":"road","road":"secondary","osm":556129657},"geometry":{"type":"LineString","coordinates":[[-3.58978,37.18915],[-3.58977,37.18921],[-3.58974,37.18946],[-3.58973,37.18951],[-3.58971,37.18955],[-3.58967,37.1896],[-3.58962,37.18963],[-3.58956,37.18967],[-3.58949,37.18969],[-3.58938,37.18971],[-3.58929,37.18972],[-3.58915,37.18971],[-3.58899,37.18968]]}},{"type":"Feature","properties":{"name":"","kind":"road","road":"pedestrian","osm":563724597},"geometry":{"type":"LineString","coordinates":[[-3.60149,37.16603],[-3.60141,37.16587]]}},{"type":"Feature","properties":{"name":"Río Darro","kind":"river","road":"","osm":584427308},"geometry":{"type":"LineString","coordinates":[[-3.59491,37.17737],[-3.595,37.17729],[-3.59504,37.17721],[-3.59515,37.17713],[-3.59573,37.17682],[-3.59637,37.17646],[-3.59642,37.17641],[-3.59722,37.17596],[-3.5973,37.17593],[-3.59804,37.17549],[-3.59816,37.17541],[-3.59827,37.17532],[-3.5984,37.17518],[-3.59895,37.17437],[-3.59924,37.17396],[-3.59952,37.1736],[-3.59966,37.17344],[-3.59967,37.17334],[-3.59942,37.17278],[-3.59935,37.17263],[-3.59878,37.1716],[-3.59858,37.17123],[-3.59844,37.17101],[-3.59793,37.17024],[-3.59699,37.16916],[-3.5967,37.16878],[-3.59662,37.16858],[-3.59658,37.16835]]}},{"type":"Feature","properties":{"name":"Calle Navas","kind":"road","road":"pedestrian","osm":585064037},"geometry":{"type":"LineString","coordinates":[[-3.59868,37.17388],[-3.59867,37.17387],[-3.59848,37.17376],[-3.59834,37.17368],[-3.59809,37.17355],[-3.59782,37.17345],[-3.59697,37.1731]]}},{"type":"Feature","properties":{"name":"Plaza de Bib-Rambla","kind":"road","road":"pedestrian","osm":585390445},"geometry":{"type":"LineString","coordinates":[[-3.5993,37.17489],[-3.59931,37.1749],[-3.59934,37.17495],[-3.59948,37.17519],[-3.59954,37.17528],[-3.59963,37.17543],[-3.59978,37.17564],[-3.59981,37.17567]]}},{"type":"Feature","properties":{"name":"Plaza Pescadería","kind":"road","road":"pedestrian","osm":585390446},"geometry":{"type":"LineString","coordinates":[[-3.60082,37.17614],[-3.60068,37.17617]]}},{"type":"Feature","properties":{"name":"Plaza Pescadería","kind":"road","road":"pedestrian","osm":585390447},"geometry":{"type":"LineString","coordinates":[[-3.60052,37.17579],[-3.60042,37.17559],[-3.6004,37.17558],[-3.60039,37.17557],[-3.60031,37.17546]]}},{"type":"Feature","properties":{"name":"Plaza de Bib-Rambla","kind":"road","road":"pedestrian","osm":585390449},"geometry":{"type":"LineString","coordinates":[[-3.60031,37.17546],[-3.60029,37.17543],[-3.59999,37.175],[-3.59979,37.1747],[-3.59978,37.17469]]}},{"type":"Feature","properties":{"name":"Plaza de Bib-Rambla","kind":"road","road":"pedestrian","osm":585390452},"geometry":{"type":"LineString","coordinates":[[-3.59962,37.17544],[-3.59963,37.17543]]}},{"type":"Feature","properties":{"name":"Plaza de Bib-Rambla","kind":"road","road":"pedestrian","osm":585390453},"geometry":{"type":"LineString","coordinates":[[-3.59952,37.17528],[-3.59954,37.17528]]}},{"type":"Feature","properties":{"name":"Plaza de Bib-Rambla","kind":"road","road":"pedestrian","osm":585390454},"geometry":{"type":"LineString","coordinates":[[-3.59947,37.1752],[-3.59948,37.17519]]}},{"type":"Feature","properties":{"name":"Plaza de Bib-Rambla","kind":"road","road":"pedestrian","osm":585390455},"geometry":{"type":"LineString","coordinates":[[-3.59931,37.17496],[-3.59934,37.17495]]}},{"type":"Feature","properties":{"name":"Plaza de Bib-Rambla","kind":"road","road":"pedestrian","osm":585390456},"geometry":{"type":"LineString","coordinates":[[-3.59979,37.1747],[-3.59955,37.1748],[-3.59931,37.1749]]}},{"type":"Feature","properties":{"name":"Plaza de Bib-Rambla","kind":"road","road":"pedestrian","osm":585390457},"geometry":{"type":"LineString","coordinates":[[-3.60029,37.17543],[-3.59978,37.17564]]}},{"type":"Feature","properties":{"name":"Plaza Sor Cristina de la Cruz de Arteaga","kind":"road","road":"pedestrian","osm":585475692},"geometry":{"type":"LineString","coordinates":[[-3.60505,37.17993],[-3.60502,37.17995],[-3.60507,37.18001],[-3.60513,37.18008],[-3.60541,37.18047],[-3.60544,37.18051],[-3.6058,37.181],[-3.60584,37.18106]]}},{"type":"Feature","properties":{"name":"Placeta del Rey Chico","kind":"park","road":"","osm":585532150},"geometry":{"type":"Polygon","coordinates":[[[-3.58884,37.17862],[-3.58878,37.17867],[-3.58871,37.17876],[-3.58865,37.17882],[-3.5886,37.17885],[-3.58852,37.17888],[-3.58844,37.17894],[-3.58838,37.17898],[-3.58834,37.17902],[-3.5883,37.17907],[-3.58827,37.17914],[-3.58821,37.17906],[-3.58817,37.17901],[-3.58813,37.17896],[-3.58839,37.17879],[-3.58844,37.17876],[-3.58864,37.17863],[-3.58883,37.17853],[-3.58884,37.17855],[-3.58886,37.17857],[-3.58884,37.17862]]]}},{"type":"Feature","properties":{"name":"Plaza de Santa Ana","kind":"road","road":"tertiary","osm":585711628},"geometry":{"type":"LineString","coordinates":[[-3.59506,37.17723],[-3.59504,37.17727],[-3.59503,37.17731]]}},{"type":"Feature","properties":{"name":"","kind":"road","road":"pedestrian","osm":585711637},"geometry":{"type":"LineString","coordinates":[[-3.595,37.17776],[-3.59497,37.17779],[-3.59493,37.17783]]}},{"type":"Feature","properties":{"name":"Placeta Almirante","kind":"road","road":"pedestrian","osm":585720747},"geometry":{"type":"LineString","coordinates":[[-3.59657,37.17886],[-3.59647,37.1788],[-3.59643,37.17875]]}},{"type":"Feature","properties":{"name":"Placeta Almirante","kind":"road","road":"pedestrian","osm":585720748},"geometry":{"type":"LineString","coordinates":[[-3.59629,37.17889],[-3.59636,37.17885],[-3.59647,37.1788]]}},{"type":"Feature","properties":{"name":"Placeta de los Negros","kind":"road","road":"pedestrian","osm":585720749},"geometry":{"type":"LineString","coordinates":[[-3.59728,37.17913],[-3.59728,37.17916],[-3.59728,37.17922]]}},{"type":"Feature","properties":{"name":"Plaza de la Romanilla","kind":"road","road":"pedestrian","osm":585720759},"geometry":{"type":"LineString","coordinates":[[-3.60006,37.17644],[-3.60027,37.17635],[-3.60044,37.1763],[-3.60066,37.17629],[-3.60071,37.1763]]}},{"type":"Feature","properties":{"name":"Placeta de la Seda","kind":"road","road":"pedestrian","osm":585720765},"geometry":{"type":"LineString","coordinates":[[-3.59888,37.1757],[-3.59886,37.17568],[-3.59888,37.17567],[-3.59891,37.17565]]}},{"type":"Feature","properties":{"name":"Placeta de la Seda","kind":"road","road":"pedestrian","osm":585720766},"geometry":{"type":"LineString","coordinates":[[-3.59881,37.1756],[-3.59882,37.17561],[-3.59888,37.17567]]}},{"type":"Feature","properties":{"name":"Plaza de la Romanilla","kind":"road","road":"pedestrian","osm":585758279},"geometry":{"type":"LineString","coordinates":[[-3.60066,37.17635],[-3.60059,37.17659],[-3.59995,37.17707],[-3.59994,37.17707],[-3.59993,37.17708]]}},{"type":"Feature","properties":{"name":"","kind":"park","road":"","osm":586719002},"geometry":{"type":"Polygon","coordinates":[[[-3.60623,37.18131],[-3.60613,37.18149],[-3.60617,37.1815],[-3.60621,37.18149],[-3.60625,37.18148],[-3.60628,37.18145],[-3.60629,37.18143],[-3.6063,37.18139],[-3.60629,37.18136],[-3.60626,37.18133],[-3.60623,37.18131]]]}},{"type":"Feature","properties":{"name":"","kind":"park","road":"","osm":586719003},"geometry":{"type":"Polygon","coordinates":[[[-3.60597,37.1812],[-3.60586,37.18139],[-3.60583,37.18137],[-3.60581,37.18135],[-3.6058,37.18132],[-3.6058,37.18129],[-3.60582,37.18126],[-3.60584,37.18123],[-3.60587,37.18121],[-3.60589,37.1812],[-3.60593,37.1812],[-3.60597,37.1812]]]}},{"type":"Feature","properties":{"name":"","kind":"park","road":"","osm":586719004},"geometry":{"type":"Polygon","coordinates":[[[-3.60611,37.18118],[-3.60605,37.18115],[-3.60609,37.18107],[-3.60615,37.18101],[-3.60616,37.18098],[-3.60616,37.18095],[-3.60615,37.18092],[-3.60629,37.18081],[-3.6063,37.1808],[-3.60631,37.18082],[-3.60631,37.18085],[-3.60622,37.18102],[-3.60613,37.18116],[-3.60611,37.18118]]]}},{"type":"Feature","properties":{"name":"","kind":"park","road":"","osm":586719007},"geometry":{"type":"Polygon","coordinates":[[[-3.60568,37.18137],[-3.60557,37.18137],[-3.60565,37.18131],[-3.60568,37.18137]]]}},{"type":"Feature","properties":{"name":"","kind":"water","road":"","osm":587057729},"geometry":{"type":"Polygon","coordinates":[[[-3.60852,37.16794],[-3.60856,37.16788],[-3.60842,37.16765],[-3.6084,37.16762],[-3.60836,37.16756],[-3.60832,37.1675],[-3.60826,37.16752],[-3.60852,37.16794]]]}},{"type":"Feature","properties":{"name":"","kind":"park","road":"","osm":588751733},"geometry":{"type":"Polygon","coordinates":[[[-3.60564,37.18211],[-3.60561,37.1821],[-3.60578,37.18179],[-3.60581,37.1818],[-3.60564,37.18211]]]}},{"type":"Feature","properties":{"name":"","kind":"park","road":"","osm":588751734},"geometry":{"type":"Polygon","coordinates":[[[-3.60568,37.18158],[-3.6058,37.18167],[-3.60581,37.18164],[-3.6058,37.18159],[-3.60579,37.18155],[-3.60577,37.18151],[-3.60568,37.18158]]]}},{"type":"Feature","properties":{"name":"","kind":"park","road":"","osm":588751735},"geometry":{"type":"Polygon","coordinates":[[[-3.60565,37.18155],[-3.60572,37.18149],[-3.60569,37.18147],[-3.60563,37.18147],[-3.60558,37.18147],[-3.60555,37.18148],[-3.60565,37.18155]]]}},{"type":"Feature","properties":{"name":"","kind":"park","road":"","osm":588751744},"geometry":{"type":"Polygon","coordinates":[[[-3.60584,37.1793],[-3.60589,37.17934],[-3.6058,37.1794],[-3.60575,37.17937],[-3.60584,37.1793]]]}},{"type":"Feature","properties":{"name":"","kind":"park","road":"","osm":588751745},"geometry":{"type":"Polygon","coordinates":[[[-3.60577,37.17925],[-3.60582,37.17929],[-3.60574,37.17935],[-3.60569,37.17932],[-3.60577,37.17925]]]}},{"type":"Feature","properties":{"name":"","kind":"park","road":"","osm":588751746},"geometry":{"type":"Polygon","coordinates":[[[-3.60593,37.17922],[-3.60598,37.17926],[-3.6059,37.17933],[-3.60585,37.17929],[-3.60593,37.17922]]]}},{"type":"Feature","properties":{"name":"","kind":"park","road":"","osm":588751747},"geometry":{"type":"Polygon","coordinates":[[[-3.60586,37.17917],[-3.60591,37.17921],[-3.60583,37.17928],[-3.60578,37.17924],[-3.60586,37.17917]]]}},{"type":"Feature","properties":{"name":"","kind":"park","road":"","osm":588751748},"geometry":{"type":"Polygon","coordinates":[[[-3.60538,37.17983],[-3.60534,37.1798],[-3.60524,37.17988],[-3.60529,37.17991],[-3.60538,37.17983]]]}},{"type":"Feature","properties":{"name":"","kind":"park","road":"","osm":588751749},"geometry":{"type":"Polygon","coordinates":[[[-3.60527,37.17992],[-3.60523,37.17989],[-3.60513,37.17997],[-3.60518,37.18],[-3.60527,37.17992]]]}},{"type":"Feature","properties":{"name":"","kind":"park","road":"","osm":588751750},"geometry":{"type":"Polygon","coordinates":[[[-3.60551,37.17954],[-3.60547,37.17951],[-3.60538,37.17959],[-3.60542,37.17962],[-3.60551,37.17954]]]}},{"type":"Feature","properties":{"name":"","kind":"park","road":"","osm":588751751},"geometry":{"type":"Polygon","coordinates":[[[-3.60562,37.17945],[-3.60558,37.17942],[-3.60549,37.1795],[-3.60552,37.17953],[-3.60562,37.17945]]]}},{"type":"Feature","properties":{"name":"","kind":"park","road":"","osm":588751752},"geometry":{"type":"Polygon","coordinates":[[[-3.60579,37.17953],[-3.60568,37.17945],[-3.60541,37.17967],[-3.6055,37.17976],[-3.60579,37.17953]]]}},{"type":"Feature","properties":{"name":"","kind":"park","road":"","osm":588751755},"geometry":{"type":"Polygon","coordinates":[[[-3.60524,37.1798],[-3.60526,37.17982],[-3.60521,37.17987],[-3.60519,37.17985],[-3.60514,37.17981],[-3.60519,37.17972],[-3.60523,37.17975],[-3.60517,37.1798],[-3.60521,37.17983],[-3.60524,37.1798]]]}},{"type":"Feature","properties":{"name":"","kind":"park","road":"","osm":588751756},"geometry":{"type":"Polygon","coordinates":[[[-3.60519,37.17987],[-3.6052,37.17988],[-3.60511,37.17996],[-3.60509,37.17994],[-3.60519,37.17987]]]}},{"type":"Feature","properties":{"name":"","kind":"park","road":"","osm":588751758},"geometry":{"type":"Polygon","coordinates":[[[-3.60566,37.1793],[-3.60562,37.17927],[-3.60564,37.17925],[-3.60569,37.17928],[-3.60566,37.1793]]]}},{"type":"Feature","properties":{"name":"","kind":"park","road":"","osm":588751760},"geometry":{"type":"Polygon","coordinates":[[[-3.60604,37.17928],[-3.60607,37.17931],[-3.60594,37.17942],[-3.60591,37.17939],[-3.60604,37.17928]]]}},{"type":"Feature","properties":{"name":"","kind":"park","road":"","osm":588751761},"geometry":{"type":"Polygon","coordinates":[[[-3.60592,37.17896],[-3.60595,37.17908],[-3.60586,37.17902],[-3.60592,37.17896]]]}},{"type":"Feature","properties":{"name":"","kind":"park","road":"","osm":588751764},"geometry":{"type":"Polygon","coordinates":[[[-3.60608,37.17889],[-3.60612,37.17889],[-3.60613,37.17888],[-3.60613,37.17887],[-3.60612,37.17886],[-3.60607,37.17887],[-3.60606,37.17888],[-3.60606,37.17889],[-3.60608,37.17889]]]}},{"type":"Feature","properties":{"name":"","kind":"park","road":"","osm":588751765},"geometry":{"type":"Polygon","coordinates":[[[-3.60617,37.17888],[-3.60622,37.17888],[-3.60623,37.17887],[-3.60623,37.17886],[-3.60622,37.17885],[-3.60617,37.17886],[-3.60616,37.17887],[-3.60616,37.17888],[-3.60617,37.17888]]]}},{"type":"Feature","properties":{"name":"","kind":"park","road":"","osm":588751766},"geometry":{"type":"Polygon","coordinates":[[[-3.60635,37.17886],[-3.6064,37.17885],[-3.60641,37.17885],[-3.60641,37.17884],[-3.6064,37.17883],[-3.60635,37.17884],[-3.60634,37.17884],[-3.60634,37.17886],[-3.60635,37.17886]]]}},{"type":"Feature","properties":{"name":"","kind":"park","road":"","osm":588751767},"geometry":{"type":"Polygon","coordinates":[[[-3.60627,37.17887],[-3.60631,37.17886],[-3.60632,37.17886],[-3.60632,37.17885],[-3.60631,37.17884],[-3.60626,37.17885],[-3.60625,37.17885],[-3.60625,37.17887],[-3.60627,37.17887]]]}},{"type":"Feature","properties":{"name":"","kind":"park","road":"","osm":588751768},"geometry":{"type":"Polygon","coordinates":[[[-3.60604,37.17849],[-3.60601,37.1785],[-3.60597,37.1785],[-3.60569,37.17823],[-3.60575,37.17819],[-3.60576,37.17819],[-3.60604,37.17849]]]}},{"type":"Feature","properties":{"name":"","kind":"park","road":"","osm":588751769},"geometry":{"type":"Polygon","coordinates":[[[-3.60589,37.18165],[-3.60589,37.18161],[-3.60589,37.18158],[-3.60587,37.18157],[-3.60585,37.18158],[-3.60585,37.18163],[-3.60589,37.18165]]]}},{"type":"Feature","properties":{"name":"","kind":"park","road":"","osm":588751784},"geometry":{"type":"Polygon","coordinates":[[[-3.60677,37.18164],[-3.60679,37.18165],[-3.6068,37.18166],[-3.6068,37.18168],[-3.6068,37.1817],[-3.60679,37.18171],[-3.60678,37.18172],[-3.60676,37.18173],[-3.60674,37.18174],[-3.60672,37.18173],[-3.6067,37.18173],[-3.60669,37.18171],[-3.60668,37.1817],[-3.60668,37.18168],[-3.60668,37.18166],[-3.60669,37.18165],[-3.60671,37.18164],[-3.60673,37.18164],[-3.60675,37.18164],[-3.60677,37.18164]]]}},{"type":"Feature","properties":{"name":"","kind":"park","road":"","osm":589073865},"geometry":{"type":"Polygon","coordinates":[[[-3.61138,37.18264],[-3.61139,37.18265],[-3.6114,37.18266],[-3.61141,37.18268],[-3.61141,37.18269],[-3.6114,37.18271],[-3.61139,37.18272],[-3.61137,37.18273],[-3.61135,37.18273],[-3.61133,37.18273],[-3.61131,37.18272],[-3.61129,37.18271],[-3.61128,37.1827],[-3.61128,37.18268],[-3.61129,37.18266],[-3.6113,37.18265],[-3.61132,37.18264],[-3.61134,37.18263],[-3.61136,37.18263],[-3.61138,37.18264]]]}},{"type":"Feature","properties":{"name":"","kind":"park","road":"","osm":589472293},"geometry":{"type":"Polygon","coordinates":[[[-3.59704,37.17224],[-3.59704,37.17225],[-3.59705,37.17227],[-3.59706,37.17229],[-3.59709,37.17231],[-3.59713,37.17233],[-3.59716,37.17234],[-3.59719,37.17234],[-3.59722,37.17234],[-3.59724,37.17233],[-3.59725,37.17232],[-3.59726,37.1723],[-3.59726,37.17228],[-3.59725,37.17226],[-3.59723,37.17224],[-3.59721,37.17222],[-3.59717,37.1722],[-3.59715,37.1722],[-3.59713,37.17219],[-3.5971,37.17219],[-3.59708,37.1722],[-3.59706,37.17221],[-3.59705,37.17222],[-3.59704,37.17224]]]}},{"type":"Feature","properties":{"name":"","kind":"park","road":"","osm":589472307},"geometry":{"type":"Polygon","coordinates":[[[-3.59757,37.17566],[-3.59743,37.17573],[-3.59737,37.17565],[-3.59736,37.17562],[-3.59736,37.1756],[-3.59738,37.17558],[-3.5974,37.17556],[-3.59742,37.17555],[-3.59746,37.17555],[-3.59749,37.17556],[-3.59751,37.17557],[-3.59757,37.17566]]]}},{"type":"Feature","properties":{"name":"Plaza de Isabel la Católica","kind":"road","road":"secondary","osm":589472310},"geometry":{"type":"LineString","coordinates":[[-3.59727,37.17566],[-3.5973,37.17569],[-3.59737,37.17576],[-3.59739,37.17578],[-3.59741,37.17581],[-3.59745,37.17585]]}},{"type":"Feature","properties":{"name":"Plaza Poeta Luis Rosales","kind":"road","road":"pedestrian","osm":589472313},"geometry":{"type":"LineString","coordinates":[[-3.5974,37.1753],[-3.59739,37.1752],[-3.59739,37.17515],[-3.59742,37.1751],[-3.59742,37.17503],[-3.59742,37.175],[-3.59742,37.17498],[-3.59745,37.17498],[-3.59748,37.17498],[-3.59762,37.175],[-3.59765,37.17501],[-3.59768,37.17502],[-3.59766,37.17504],[-3.59763,37.17508],[-3.59767,37.1751],[-3.59766,37.17512],[-3.59763,37.17513],[-3.59758,37.17516],[-3.59754,37.17519],[-3.59758,37.17522],[-3.59755,37.17524],[-3.5975,37.17527],[-3.59746,37.17529],[-3.59744,37.17529],[-3.5974,37.1753]]}},{"type":"Feature","properties":{"name":"Avenida de la Constitución","kind":"road","road":"primary","osm":589492519},"geometry":{"type":"LineString","coordinates":[[-3.60864,37.18605],[-3.60862,37.18604],[-3.60858,37.18602],[-3.60853,37.186],[-3.60839,37.18593]]}},{"type":"Feature","properties":{"name":"","kind":"road","road":"primary","osm":589492520},"geometry":{"type":"LineString","coordinates":[[-3.60839,37.18624],[-3.6085,37.18619]]}},{"type":"Feature","properties":{"name":"","kind":"road","road":"primary","osm":589492521},"geometry":{"type":"LineString","coordinates":[[-3.6085,37.18619],[-3.60853,37.18627],[-3.60855,37.18631]]}},{"type":"Feature","properties":{"name":"Avenida de Andaluces","kind":"road","road":"secondary","osm":589492522},"geometry":{"type":"LineString","coordinates":[[-3.60864,37.18605],[-3.60866,37.18597],[-3.60867,37.18594],[-3.60881,37.18547],[-3.60885,37.18535],[-3.60886,37.18534],[-3.60891,37.18518],[-3.60904,37.18479],[-3.60904,37.18477]]}},{"type":"Feature","properties":{"name":"","kind":"park","road":"","osm":589521778},"geometry":{"type":"Polygon","coordinates":[[[-3.60713,37.16735],[-3.60713,37.16737],[-3.60703,37.16746],[-3.607,37.16747],[-3.60676,37.16733],[-3.60676,37.16732],[-3.60678,37.16731],[-3.60713,37.16735]]]}},{"type":"Feature","properties":{"name":"","kind":"road","road":"pedestrian","osm":589521782},"geometry":{"type":"LineString","coordinates":[[-3.60722,37.16924],[-3.60724,37.16927],[-3.60719,37.16931],[-3.60712,37.16936],[-3.60707,37.16938],[-3.60702,37.16936],[-3.60697,37.16928],[-3.60641,37.16836],[-3.60633,37.16824],[-3.60632,37.16822],[-3.60633,37.16819],[-3.6064,37.16814],[-3.60656,37.16798],[-3.60655,37.16796],[-3.60656,37.16795],[-3.60663,37.16795],[-3.60671,37.16797],[-3.60674,37.168],[-3.60679,37.16803],[-3.60671,37.1681],[-3.60665,37.16815],[-3.60651,37.16828],[-3.60647,37.16831],[-3.60647,37.16832],[-3.60647,37.16835],[-3.60647,37.16837],[-3.60647,37.16838],[-3.60652,37.16841],[-3.60675,37.16857],[-3.60677,37.16865],[-3.60678,37.16865],[-3.6068,37.16867],[-3.60683,37.16869],[-3.60694,37.16871],[-3.60716,37.16886],[-3.6072,37.1689],[-3.60721,37.1689],[-3.60724,37.1689],[-3.60728,37.16889],[-3.60732,37.16886],[-3.60746,37.16873],[-3.60752,37.16868],[-3.6076,37.16861],[-3.60764,37.16864],[-3.60766,37.16865],[-3.60768,37.16867],[-3.60769,37.16877],[-3.60769,37.16882],[-3.60722,37.16924]]}},{"type":"Feature","properties":{"name":"Plaza de Gran Capitán","kind":"park","road":"","osm":591578481},"geometry":{"type":"Polygon","coordinates":[[[-3.6064,37.17714],[-3.60635,37.17719],[-3.60627,37.17727],[-3.60601,37.1771],[-3.60609,37.17702],[-3.60614,37.17696],[-3.60618,37.17693],[-3.60622,37.17696],[-3.60625,37.17698],[-3.60637,37.17707],[-3.6064,37.17709],[-3.60643,37.17711],[-3.6064,37.17714]]]}},{"type":"Feature","properties":{"name":"Calle Halcón","kind":"road","road":"secondary","osm":596026559},"geometry":{"type":"LineString","coordinates":[[-3.61174,37.18498],[-3.61258,37.18509]]}},{"type":"Feature","properties":{"name":"Calle Halcón","kind":"road","road":"secondary","osm":596026560},"geometry":{"type":"LineString","coordinates":[[-3.61174,37.18498],[-3.6117,37.18496],[-3.61163,37.18495],[-3.61159,37.18496]]}},{"type":"Feature","properties":{"name":"Calle Halcón","kind":"road","road":"secondary","osm":596026561},"geometry":{"type":"LineString","coordinates":[[-3.61159,37.18496],[-3.61166,37.18499],[-3.61174,37.18498]]}},{"type":"Feature","properties":{"name":"Avenida de la Constitución","kind":"road","road":"primary","osm":596093947},"geometry":{"type":"LineString","coordinates":[[-3.60342,37.18353],[-3.60331,37.18348],[-3.60298,37.18332],[-3.60295,37.1833],[-3.60272,37.18318],[-3.60263,37.18311],[-3.60262,37.1831],[-3.6026,37.18309]]}},{"type":"Feature","properties":{"name":"Avenida de la Constitución","kind":"road","road":"primary","osm":596093948},"geometry":{"type":"LineString","coordinates":[[-3.60455,37.18409],[-3.60447,37.18405],[-3.60362,37.1836],[-3.60342,37.18353]]}},{"type":"Feature","properties":{"name":"","kind":"water","road":"","osm":596126981},"geometry":{"type":"Polygon","coordinates":[[[-3.60268,37.18372],[-3.60269,37.18372],[-3.6027,37.18372],[-3.60271,37.18372],[-3.60271,37.18371],[-3.60271,37.1837],[-3.60271,37.18369],[-3.6027,37.18369],[-3.60269,37.18369],[-3.60268,37.18369],[-3.60267,37.1837],[-3.60267,37.18371],[-3.60268,37.18372]]]}},{"type":"Feature","properties":{"name":"Fuente de la Ninfa","kind":"water","road":"","osm":596126983},"geometry":{"type":"Polygon","coordinates":[[[-3.58951,37.16772],[-3.58949,37.16772],[-3.58947,37.16774],[-3.58948,37.16776],[-3.5895,37.16777],[-3.58953,37.16776],[-3.58954,37.16774],[-3.58953,37.16773],[-3.58951,37.16772]]]}},{"type":"Feature","properties":{"name":"","kind":"park","road":"","osm":596235240},"geometry":{"type":"Polygon","coordinates":[[[-3.60879,37.17853],[-3.60886,37.17847],[-3.60891,37.17842],[-3.60898,37.17836],[-3.60911,37.17845],[-3.6091,37.17849],[-3.60896,37.17861],[-3.60891,37.17861],[-3.60879,37.17853]]]}},{"type":"Feature","properties":{"name":"","kind":"park","road":"","osm":596235242},"geometry":{"type":"Polygon","coordinates":[[[-3.61505,37.17945],[-3.61528,37.17953],[-3.61529,37.17953],[-3.6153,37.17953],[-3.61531,37.17953],[-3.61532,37.17952],[-3.61533,37.17952],[-3.61533,37.17951],[-3.61534,37.1795],[-3.61534,37.17949],[-3.61533,37.17948],[-3.61533,37.17947],[-3.61532,37.17947],[-3.61531,37.17947],[-3.61508,37.17939],[-3.61507,37.17939],[-3.61506,37.17939],[-3.61505,37.17939],[-3.61504,37.17939],[-3.61504,37.1794],[-3.61503,37.1794],[-3.61503,37.17941],[-3.61503,37.17942],[-3.61503,37.17943],[-3.61503,37.17944],[-3.61504,37.17944],[-3.61505,37.17945]]]}},{"type":"Feature","properties":{"name":"","kind":"park","road":"","osm":596235267},"geometry":{"type":"Polygon","coordinates":[[[-3.60178,37.16277],[-3.60188,37.16293],[-3.60224,37.16272],[-3.60225,37.1627],[-3.60224,37.16268],[-3.60221,37.16265],[-3.60218,37.16261],[-3.60217,37.1626],[-3.60215,37.1626],[-3.60208,37.16263],[-3.60196,37.16269],[-3.60187,37.16273],[-3.60178,37.16277]]]}},{"type":"Feature","properties":{"name":"Calle Profesor Luis Molina Gómez","kind":"road","road":"secondary","osm":598339846},"geometry":{"type":"LineString","coordinates":[[-3.6129,37.17576],[-3.61287,37.17571],[-3.61252,37.1752],[-3.61247,37.17514],[-3.6124,37.17509],[-3.61232,37.17505],[-3.61222,37.17503],[-3.61212,37.17503],[-3.61203,37.17505],[-3.61198,37.17507],[-3.61194,37.17509],[-3.61188,37.17513],[-3.61184,37.17517],[-3.61125,37.17583],[-3.61116,37.17593],[-3.61112,37.17598],[-3.6111,37.17601],[-3.61106,37.17604],[-3.61102,37.17608]]}},{"type":"Feature","properties":{"name":"","kind":"park","road":"","osm":603871923},"geometry":{"type":"Polygon","coordinates":[[[-3.61399,37.18772],[-3.61393,37.1877],[-3.61398,37.18758],[-3.61405,37.1876],[-3.61399,37.18772]]]}},{"type":"Feature","properties":{"name":"","kind":"park","road":"","osm":603871925},"geometry":{"type":"Polygon","coordinates":[[[-3.61378,37.18765],[-3.61384,37.18767],[-3.61389,37.18756],[-3.61384,37.18754],[-3.61378,37.18765]]]}},{"type":"Feature","properties":{"name":"","kind":"road","road":"pedestrian","osm":604420157},"geometry":{"type":"LineString","coordinates":[[-3.60768,37.16913],[-3.60769,37.16915],[-3.60777,37.16922],[-3.60823,37.16882],[-3.60842,37.16865],[-3.60847,37.16861],[-3.60868,37.16841],[-3.60873,37.16837],[-3.60875,37.16834],[-3.60876,37.16833],[-3.60869,37.16827],[-3.60864,37.16823],[-3.60862,37.16823],[-3.60859,37.16826],[-3.60853,37.1683],[-3.60854,37.16835],[-3.60768,37.16911],[-3.60768,37.16913]]}},{"type":"Feature","properties":{"name":"","kind":"park","road":"","osm":604420158},"geometry":{"type":"Polygon","coordinates":[[[-3.61439,37.17644],[-3.61443,37.17638],[-3.61444,37.17633],[-3.61444,37.17627],[-3.61442,37.17621],[-3.61439,37.17617],[-3.61436,37.17614],[-3.6143,37.17611],[-3.61425,37.1761],[-3.61419,37.1761],[-3.61411,37.17612],[-3.61406,37.17615],[-3.61362,37.17641],[-3.61337,37.17656],[-3.61332,37.17661],[-3.61329,37.17665],[-3.61329,37.1767],[-3.6133,37.17676],[-3.61333,37.17681],[-3.61339,37.17685],[-3.61345,37.17688],[-3.61352,37.17689],[-3.6136,37.17688],[-3.61368,37.17686],[-3.61392,37.17671],[-3.61436,37.17646],[-3.61439,37.17644]]]}},{"type":"Feature","properties":{"name":"","kind":"park","road":"","osm":604420163},"geometry":{"type":"Polygon","coordinates":[[[-3.60196,37.1783],[-3.60189,37.17833],[-3.60215,37.17869],[-3.60222,37.17866],[-3.60196,37.1783]]]}},{"type":"Feature","properties":{"name":"Avenida del Hospicio","kind":"road","road":"secondary","osm":604420188},"geometry":{"type":"LineString","coordinates":[[-3.60166,37.18333],[-3.60121,37.18377],[-3.60102,37.18394]]}},{"type":"Feature","properties":{"name":"","kind":"park","road":"","osm":604420191},"geometry":{"type":"Polygon","coordinates":[[[-3.60193,37.18309],[-3.60195,37.18314],[-3.60186,37.18316],[-3.60193,37.18309]]]}},{"type":"Feature","properties":{"name":"Calle Alcalde Yoldi Bereau","kind":"road","road":"pedestrian","osm":604735266},"geometry":{"type":"LineString","coordinates":[[-3.60756,37.18004],[-3.60763,37.18008],[-3.60767,37.18013],[-3.60773,37.1803],[-3.6078,37.18038],[-3.60781,37.1804],[-3.60792,37.18049],[-3.60811,37.18062],[-3.60812,37.18062],[-3.60843,37.18086],[-3.6087,37.18105],[-3.60872,37.18107],[-3.60881,37.18112]]}},{"type":"Feature","properties":{"name":"","kind":"park","road":"","osm":604762042},"geometry":{"type":"Polygon","coordinates":[[[-3.6147,37.1895],[-3.61469,37.18972],[-3.61474,37.1897],[-3.61477,37.18967],[-3.61479,37.18963],[-3.61479,37.18959],[-3.61478,37.18956],[-3.61476,37.18953],[-3.61473,37.18951],[-3.6147,37.1895]]]}},{"type":"Feature","properties":{"name":"","kind":"park","road":"","osm":604762043},"geometry":{"type":"Polygon","coordinates":[[[-3.6146,37.18972],[-3.61461,37.1895],[-3.61457,37.18951],[-3.61453,37.18953],[-3.6145,37.18957],[-3.61449,37.18961],[-3.6145,37.18965],[-3.61453,37.18969],[-3.61457,37.18971],[-3.6146,37.18972]]]}},{"type":"Feature","properties":{"name":"","kind":"park","road":"","osm":604762044},"geometry":{"type":"Polygon","coordinates":[[[-3.6143,37.18947],[-3.61437,37.18952],[-3.61443,37.18945],[-3.61435,37.1894],[-3.6143,37.18947]]]}},{"type":"Feature","properties":{"name":"","kind":"park","road":"","osm":604762045},"geometry":{"type":"Polygon","coordinates":[[[-3.61397,37.18918],[-3.61391,37.18925],[-3.61425,37.18943],[-3.6143,37.18938],[-3.61397,37.18918]]]}},{"type":"Feature","properties":{"name":"","kind":"park","road":"","osm":605047026},"geometry":{"type":"Polygon","coordinates":[[[-3.60869,37.17859],[-3.60883,37.17868],[-3.60883,37.17869],[-3.60881,37.17873],[-3.60867,37.17885],[-3.60863,37.17884],[-3.60852,37.17876],[-3.60869,37.17859]]]}},{"type":"Feature","properties":{"name":"","kind":"road","road":"secondary","osm":607493301},"geometry":{"type":"LineString","coordinates":[[-3.5989,37.16285],[-3.59891,37.16283],[-3.5989,37.16281],[-3.59889,37.1628],[-3.59888,37.16279],[-3.59886,37.16278],[-3.59884,37.16277]]}},{"type":"Feature","properties":{"name":"Calle Antonio Dalmases","kind":"road","road":"tertiary","osm":607493303},"geometry":{"type":"LineString","coordinates":[[-3.59761,37.16523],[-3.59755,37.16526],[-3.59745,37.16532]]}},{"type":"Feature","properties":{"name":"Calle Profesor Tierno Galván","kind":"road","road":"secondary","osm":607493304},"geometry":{"type":"LineString","coordinates":[[-3.59745,37.16532],[-3.59737,37.16522],[-3.59735,37.1652],[-3.59715,37.16496],[-3.59707,37.16486],[-3.59699,37.16476],[-3.59687,37.16461]]}},{"type":"Feature","properties":{"name":"Paseo del Violón","kind":"road","road":"primary","osm":609606961},"geometry":{"type":"LineString","coordinates":[[-3.59948,37.16499],[-3.5992,37.16532]]}},{"type":"Feature","properties":{"name":"Puente Cabrera","kind":"road","road":"pedestrian","osm":614140146},"geometry":{"type":"LineString","coordinates":[[-3.59373,37.178],[-3.59368,37.1779]]}},{"type":"Feature","properties":{"name":"Cuesta de Rodrigo del Campo","kind":"road","road":"pedestrian","osm":614141455},"geometry":{"type":"LineString","coordinates":[[-3.59582,37.17574],[-3.59574,37.17565],[-3.59558,37.17553],[-3.59558,37.17551],[-3.59557,37.1755],[-3.59549,37.17542]]}},{"type":"Feature","properties":{"name":"","kind":"road","road":"primary","osm":614288539},"geometry":{"type":"LineString","coordinates":[[-3.60508,37.18459],[-3.60593,37.185],[-3.60596,37.18504],[-3.60599,37.18509]]}},{"type":"Feature","properties":{"name":"Calle Pagés","kind":"road","road":"pedestrian","osm":620402984},"geometry":{"type":"LineString","coordinates":[[-3.59309,37.18384],[-3.59308,37.18386],[-3.59305,37.18393]]}},{"type":"Feature","properties":{"name":"","kind":"road","road":"secondary","osm":621815545},"geometry":{"type":"LineString","coordinates":[[-3.59981,37.18256],[-3.5998,37.18255],[-3.59978,37.18254],[-3.59977,37.18253],[-3.59975,37.18253],[-3.59973,37.18253],[-3.59971,37.18253],[-3.59969,37.18254],[-3.59967,37.18255],[-3.59966,37.18256],[-3.59965,37.18258],[-3.59964,37.1826],[-3.59964,37.18261],[-3.59964,37.18263],[-3.59965,37.18265],[-3.59967,37.18267]]}},{"type":"Feature","properties":{"name":"Calle Profesor Emilio Orozco","kind":"road","road":"secondary","osm":621815547},"geometry":{"type":"LineString","coordinates":[[-3.60092,37.18242],[-3.60109,37.18245],[-3.60121,37.18248]]}},{"type":"Feature","properties":{"name":"","kind":"park","road":"","osm":622871561},"geometry":{"type":"Polygon","coordinates":[[[-3.60533,37.1795],[-3.60578,37.17903],[-3.60585,37.17908],[-3.60566,37.17924],[-3.60564,37.17925],[-3.60562,37.17927],[-3.60538,37.17948],[-3.60533,37.1795]]]}},{"type":"Feature","properties":{"name":"Camino de Ronda","kind":"road","road":"primary","osm":623456474},"geometry":{"type":"LineString","coordinates":[[-3.60842,37.1743],[-3.60834,37.17417],[-3.60832,37.17414],[-3.60827,37.17406],[-3.60823,37.17399],[-3.608,37.1736]]}},{"type":"Feature","properties":{"name":"Camino de Ronda","kind":"road","road":"primary","osm":623456475},"geometry":{"type":"LineString","coordinates":[[-3.60831,37.1743],[-3.60857,37.17473],[-3.60873,37.175]]}},{"type":"Feature","properties":{"name":"","kind":"park","road":"","osm":624265054},"geometry":{"type":"Polygon","coordinates":[[[-3.59807,37.17653],[-3.59827,37.17647],[-3.59827,37.17645],[-3.59824,37.17642],[-3.59818,37.17637],[-3.59804,37.17648],[-3.59807,37.17653]]]}},{"type":"Feature","properties":{"name":"","kind":"road","road":"pedestrian","osm":624265055},"geometry":{"type":"LineString","coordinates":[[-3.5974,37.1755],[-3.59745,37.1755],[-3.5975,37.17551],[-3.59755,37.17554],[-3.59765,37.17566],[-3.59766,37.17567]]}},{"type":"Feature","properties":{"name":"Calle Molino de la Corteza del Carmen","kind":"road","road":"pedestrian","osm":624265057},"geometry":{"type":"LineString","coordinates":[[-3.59771,37.17492],[-3.59765,37.17501]]}},{"type":"Feature","properties":{"name":"Plaza de las Descalzas","kind":"road","road":"pedestrian","osm":624265059},"geometry":{"type":"LineString","coordinates":[[-3.5971,37.17515],[-3.59713,37.17515],[-3.59739,37.17515]]}},{"type":"Feature","properties":{"name":"","kind":"park","road":"","osm":624487460},"geometry":{"type":"Polygon","coordinates":[[[-3.57904,37.17242],[-3.57906,37.17243],[-3.57909,37.17244],[-3.57911,37.17243],[-3.57913,37.17242],[-3.57915,37.17241],[-3.57916,37.17239],[-3.57916,37.17237],[-3.57916,37.17235],[-3.57914,37.17233],[-3.57912,37.17232],[-3.57909,37.17231],[-3.57907,37.17232],[-3.57905,37.17232],[-3.57903,37.17233],[-3.57902,37.17235],[-3.57901,37.17237],[-3.57901,37.17239],[-3.57902,37.17241],[-3.57904,37.17242]]]}},{"type":"Feature","properties":{"name":"","kind":"park","road":"","osm":624487463},"geometry":{"type":"Polygon","coordinates":[[[-3.58044,37.17129],[-3.5804,37.17129],[-3.58036,37.1713],[-3.58033,37.17132],[-3.58031,37.17134],[-3.5803,37.17137],[-3.58031,37.1714],[-3.58032,37.17143],[-3.58035,37.17145],[-3.58038,37.17146],[-3.58042,37.17146],[-3.58045,37.17146],[-3.58048,37.17144],[-3.5805,37.17142],[-3.58051,37.1714],[-3.58052,37.17138],[-3.58051,37.17135],[-3.5805,37.17133],[-3.58047,37.17131],[-3.58044,37.17129]]]}},{"type":"Feature","properties":{"name":"","kind":"road","road":"primary","osm":625511613},"geometry":{"type":"LineString","coordinates":[[-3.61482,37.18956],[-3.6148,37.18952]]}},{"type":"Feature","properties":{"name":"","kind":"road","road":"primary","osm":625511614},"geometry":{"type":"LineString","coordinates":[[-3.61477,37.18971],[-3.6148,37.18968],[-3.61482,37.18964],[-3.61483,37.1896],[-3.61482,37.18956]]}},{"type":"Feature","properties":{"name":"","kind":"road","road":"primary","osm":625658913},"geometry":{"type":"LineString","coordinates":[[-3.58893,37.16799],[-3.58898,37.16797],[-3.58901,37.16795],[-3.58904,37.1679],[-3.58905,37.16787],[-3.58904,37.16783],[-3.58902,37.16779],[-3.58898,37.16776]]}},{"type":"Feature","properties":{"name":"","kind":"road","road":"primary","osm":625658914},"geometry":{"type":"LineString","coordinates":[[-3.58889,37.16776],[-3.58885,37.16779],[-3.58881,37.16782],[-3.58878,37.16786],[-3.58878,37.1679],[-3.58879,37.16795]]}},{"type":"Feature","properties":{"name":"Rotonda del Ave María","kind":"road","road":"primary","osm":625658915},"geometry":{"type":"LineString","coordinates":[[-3.58999,37.16649],[-3.58998,37.16651],[-3.58998,37.16654],[-3.58999,37.16656],[-3.59,37.16657],[-3.59002,37.16659],[-3.59004,37.1666]]}},{"type":"Feature","properties":{"name":"Rotonda del Ave María","kind":"road","road":"primary","osm":625658916},"geometry":{"type":"LineString","coordinates":[[-3.59016,37.1665],[-3.59015,37.16648],[-3.59013,37.16646],[-3.5901,37.16645],[-3.59008,37.16645],[-3.59006,37.16645],[-3.59003,37.16646]]}},{"type":"Feature","properties":{"name":"","kind":"road","road":"secondary","osm":625658917},"geometry":{"type":"LineString","coordinates":[[-3.59216,37.16593],[-3.59213,37.16595],[-3.5921,37.16597],[-3.59208,37.16601],[-3.59208,37.16604],[-3.59209,37.16608]]}},{"type":"Feature","properties":{"name":"","kind":"road","road":"secondary","osm":625658918},"geometry":{"type":"LineString","coordinates":[[-3.59236,37.16606],[-3.59236,37.16602],[-3.59235,37.166],[-3.59234,37.16598],[-3.59231,37.16595]]}},{"type":"Feature","properties":{"name":"","kind":"road","road":"primary","osm":626351961},"geometry":{"type":"LineString","coordinates":[[-3.58881,37.16798],[-3.58886,37.168],[-3.58893,37.16799]]}},{"type":"Feature","properties":{"name":"Rotonda de Cervantes","kind":"road","road":"primary","osm":626351967},"geometry":{"type":"LineString","coordinates":[[-3.58733,37.16329],[-3.5874,37.1633],[-3.58744,37.16329],[-3.58746,37.16329]]}},{"type":"Feature","properties":{"name":"Rotonda de Cervantes","kind":"road","road":"primary","osm":626351968},"geometry":{"type":"LineString","coordinates":[[-3.58723,37.16317],[-3.58724,37.16321],[-3.58726,37.16323],[-3.58733,37.16329]]}},{"type":"Feature","properties":{"name":"Rotonda de Cervantes","kind":"road","road":"primary","osm":626351969},"geometry":{"type":"LineString","coordinates":[[-3.58731,37.16308],[-3.58726,37.1631]]}},{"type":"Feature","properties":{"name":"","kind":"road","road":"primary","osm":626351970},"geometry":{"type":"LineString","coordinates":[[-3.61487,37.18821],[-3.61481,37.18816]]}},{"type":"Feature","properties":{"name":"","kind":"road","road":"primary","osm":626351971},"geometry":{"type":"LineString","coordinates":[[-3.61465,37.18815],[-3.61464,37.18816]]}},{"type":"Feature","properties":{"name":"","kind":"road","road":"primary","osm":626351972},"geometry":{"type":"LineString","coordinates":[[-3.61453,37.18836],[-3.61454,37.18838],[-3.61456,37.1884],[-3.61458,37.18842]]}},{"type":"Feature","properties":{"name":"","kind":"road","road":"primary","osm":626351973},"geometry":{"type":"LineString","coordinates":[[-3.61456,37.18946],[-3.61453,37.18947]]}},{"type":"Feature","properties":{"name":"Avenida de la Constitución","kind":"road","road":"primary","osm":628243089},"geometry":{"type":"LineString","coordinates":[[-3.60599,37.18509],[-3.60652,37.18534],[-3.6066,37.18538],[-3.60679,37.18547],[-3.60682,37.18549],[-3.6073,37.18571],[-3.60813,37.18612],[-3.60817,37.18614]]}},{"type":"Feature","properties":{"name":"Avenida de Madrid","kind":"road","road":"primary","osm":628243090},"geometry":{"type":"LineString","coordinates":[[-3.6046,37.18424],[-3.60452,37.18438],[-3.60422,37.18519]]}},{"type":"Feature","properties":{"name":"Calle Rector Marín Ocete","kind":"road","road":"primary","osm":628243091},"geometry":{"type":"LineString","coordinates":[[-3.60588,37.183],[-3.60568,37.18293],[-3.6055,37.18287],[-3.60547,37.18286],[-3.60534,37.18282]]}},{"type":"Feature","properties":{"name":"Calle de los Juncos","kind":"road","road":"secondary","osm":628524164},"geometry":{"type":"LineString","coordinates":[[-3.60398,37.16522],[-3.60393,37.16525],[-3.6039,37.16525],[-3.60322,37.16549],[-3.60319,37.1655],[-3.60313,37.16552],[-3.60308,37.16554]]}},{"type":"Feature","properties":{"name":"Calle de los Juncos","kind":"road","road":"primary","osm":628524165},"geometry":{"type":"LineString","coordinates":[[-3.60431,37.16504],[-3.60401,37.16515],[-3.60396,37.16517]]}},{"type":"Feature","properties":{"name":"Calle San Vicente Ferrer","kind":"road","road":"secondary","osm":628535423},"geometry":{"type":"LineString","coordinates":[[-3.60236,37.17026],[-3.60266,37.17034],[-3.60268,37.17035],[-3.60274,37.17036]]}},{"type":"Feature","properties":{"name":"Calle Martínez de la Rosa","kind":"road","road":"tertiary","osm":628535426},"geometry":{"type":"LineString","coordinates":[[-3.60752,37.17722],[-3.60761,37.17724],[-3.60862,37.17754]]}},{"type":"Feature","properties":{"name":"Calle Doctor Adelardo Mora","kind":"road","road":"tertiary","osm":628549274},"geometry":{"type":"LineString","coordinates":[[-3.60878,37.18734],[-3.60875,37.18734],[-3.60869,37.18731],[-3.60811,37.18703],[-3.60807,37.18702],[-3.60804,37.187],[-3.60803,37.18699],[-3.60796,37.18696]]}},{"type":"Feature","properties":{"name":"Calle Isaac Albéniz","kind":"road","road":"tertiary","osm":628549276},"geometry":{"type":"LineString","coordinates":[[-3.60928,37.18667],[-3.60922,37.18675],[-3.60901,37.18702],[-3.6089,37.18718],[-3.60881,37.18729],[-3.60878,37.18734]]}},{"type":"Feature","properties":{"name":"Calle Jardines Altos","kind":"road","road":"tertiary","osm":628553444},"geometry":{"type":"LineString","coordinates":[[-3.59007,37.18667],[-3.59013,37.18661],[-3.59015,37.18659]]}},{"type":"Feature","properties":{"name":"Calle Lavadero Tablas","kind":"road","road":"tertiary","osm":628584747},"geometry":{"type":"LineString","coordinates":[[-3.60415,37.17727],[-3.60446,37.17772],[-3.60447,37.17773],[-3.60447,37.17774],[-3.60459,37.1779],[-3.60462,37.17794],[-3.60463,37.17796]]}},{"type":"Feature","properties":{"name":"Plaza de la Trinidad","kind":"road","road":"pedestrian","osm":628584749},"geometry":{"type":"LineString","coordinates":[[-3.60179,37.17573],[-3.60154,37.17585],[-3.60151,37.17586],[-3.60123,37.17598]]}},{"type":"Feature","properties":{"name":"Calle Gracia","kind":"road","road":"tertiary","osm":628584751},"geometry":{"type":"LineString","coordinates":[[-3.60307,37.17384],[-3.60366,37.17352],[-3.60434,37.17315],[-3.60438,37.17313],[-3.60442,37.17311]]}},{"type":"Feature","properties":{"name":"Calle Buensuceso","kind":"road","road":"tertiary","osm":628584752},"geometry":{"type":"LineString","coordinates":[[-3.60501,37.17416],[-3.60496,37.17419],[-3.60444,37.17446],[-3.60383,37.1748],[-3.60316,37.1751],[-3.60188,37.17568],[-3.60187,37.17568],[-3.60184,37.17569]]}},{"type":"Feature","properties":{"name":"Calle Seminario","kind":"road","road":"pedestrian","osm":628584753},"geometry":{"type":"LineString","coordinates":[[-3.60446,37.17352],[-3.60477,37.17388],[-3.60499,37.17415],[-3.60501,37.17416]]}},{"type":"Feature","properties":{"name":"Calle Párraga","kind":"road","road":"tertiary","osm":628584754},"geometry":{"type":"LineString","coordinates":[[-3.60118,37.17395],[-3.60105,37.17368],[-3.60082,37.17349],[-3.60041,37.17317],[-3.60037,37.17314]]}},{"type":"Feature","properties":{"name":"Camino de Ronda","kind":"road","road":"primary","osm":628584756},"geometry":{"type":"LineString","coordinates":[[-3.60375,37.16665],[-3.60371,37.16657],[-3.60369,37.16654],[-3.60338,37.16603],[-3.60336,37.166],[-3.60334,37.16597],[-3.60326,37.16583]]}},{"type":"Feature","properties":{"name":"Calle Virgen del Rocío","kind":"road","road":"tertiary","osm":628584759},"geometry":{"type":"LineString","coordinates":[[-3.59049,37.16487],[-3.59045,37.16487],[-3.59042,37.16485],[-3.59038,37.1648],[-3.59036,37.16477],[-3.59035,37.16476],[-3.59013,37.16449],[-3.58981,37.16407],[-3.58976,37.164],[-3.58974,37.16399]]}},{"type":"Feature","properties":{"name":"Camino de las Peñuelas","kind":"road","road":"tertiary","osm":628584760},"geometry":{"type":"LineString","coordinates":[[-3.59226,37.16305],[-3.59219,37.16309],[-3.59204,37.1632],[-3.59177,37.16338],[-3.5916,37.16351],[-3.59153,37.16357],[-3.59151,37.16359]]}},{"type":"Feature","properties":{"name":"Calle Maestro Montero","kind":"road","road":"tertiary","osm":628588816},"geometry":{"type":"LineString","coordinates":[[-3.6072,37.16518],[-3.60717,37.16513],[-3.60683,37.16457],[-3.60673,37.16441],[-3.6067,37.16437],[-3.60668,37.16433]]}},{"type":"Feature","properties":{"name":"Calle Doctor López Font","kind":"road","road":"tertiary","osm":628588817},"geometry":{"type":"LineString","coordinates":[[-3.6072,37.16518],[-3.60717,37.1652]]}},{"type":"Feature","properties":{"name":"Calle Doctor López Font","kind":"road","road":"tertiary","osm":628588818},"geometry":{"type":"LineString","coordinates":[[-3.60737,37.16542],[-3.60746,37.16539],[-3.60806,37.16516],[-3.60814,37.16513]]}},{"type":"Feature","properties":{"name":"Calle Primavera","kind":"road","road":"secondary","osm":628990330},"geometry":{"type":"LineString","coordinates":[[-3.59621,37.16264],[-3.59631,37.16266],[-3.59642,37.16268],[-3.5965,37.1627],[-3.59661,37.16269]]}},{"type":"Feature","properties":{"name":"","kind":"road","road":"primary","osm":629839843},"geometry":{"type":"LineString","coordinates":[[-3.60401,37.16525],[-3.60413,37.16545]]}},{"type":"Feature","properties":{"name":"","kind":"road","road":"primary","osm":629839844},"geometry":{"type":"LineString","coordinates":[[-3.60413,37.16545],[-3.60413,37.16546],[-3.60417,37.16552]]}},{"type":"Feature","properties":{"name":"","kind":"road","road":"primary","osm":629839845},"geometry":{"type":"LineString","coordinates":[[-3.60435,37.16511],[-3.60435,37.1651],[-3.60434,37.16509],[-3.60431,37.16504]]}},{"type":"Feature","properties":{"name":"","kind":"road","road":"primary","osm":629839846},"geometry":{"type":"LineString","coordinates":[[-3.60447,37.16532],[-3.60435,37.16511]]}},{"type":"Feature","properties":{"name":"Camino de Ronda","kind":"road","road":"primary","osm":629839847},"geometry":{"type":"LineString","coordinates":[[-3.60321,37.16575],[-3.60312,37.1656]]}},{"type":"Feature","properties":{"name":"Camino de Ronda","kind":"road","road":"primary","osm":629839848},"geometry":{"type":"LineString","coordinates":[[-3.60312,37.16579],[-3.60315,37.16585]]}},{"type":"Feature","properties":{"name":"Camino de Ronda","kind":"road","road":"primary","osm":629839849},"geometry":{"type":"LineString","coordinates":[[-3.60303,37.16563],[-3.60312,37.16579]]}},{"type":"Feature","properties":{"name":"Camino de Ronda","kind":"road","road":"primary","osm":629839850},"geometry":{"type":"LineString","coordinates":[[-3.60312,37.1656],[-3.60308,37.16554]]}},{"type":"Feature","properties":{"name":"Calle Doctor Alejandro Otero","kind":"road","road":"primary","osm":629839852},"geometry":{"type":"LineString","coordinates":[[-3.60432,37.16545],[-3.60445,37.1654],[-3.60451,37.16538]]}},{"type":"Feature","properties":{"name":"Camino de Ronda","kind":"road","road":"primary","osm":629865675},"geometry":{"type":"LineString","coordinates":[[-3.60468,37.16834],[-3.60491,37.16871],[-3.60496,37.16879],[-3.60498,37.16882],[-3.6051,37.16902]]}},{"type":"Feature","properties":{"name":"Camino de Ronda","kind":"road","road":"primary","osm":629865676},"geometry":{"type":"LineString","coordinates":[[-3.60477,37.16831],[-3.60459,37.16803],[-3.60458,37.168],[-3.60436,37.16763]]}},{"type":"Feature","properties":{"name":"Camino de Ronda","kind":"road","road":"primary","osm":629865677},"geometry":{"type":"LineString","coordinates":[[-3.60493,37.16858],[-3.60477,37.16831]]}},{"type":"Feature","properties":{"name":"Calle Recogidas","kind":"road","road":"primary","osm":629865687},"geometry":{"type":"LineString","coordinates":[[-3.60564,37.17028],[-3.60561,37.1703],[-3.60556,37.17033],[-3.60534,37.17044]]}},{"type":"Feature","properties":{"name":"Calle Neptuno","kind":"road","road":"primary","osm":629865688},"geometry":{"type":"LineString","coordinates":[[-3.60608,37.17005],[-3.60611,37.17004],[-3.60614,37.17002],[-3.60642,37.16988]]}},{"type":"Feature","properties":{"name":"Calle Neptuno","kind":"road","road":"primary","osm":629865689},"geometry":{"type":"LineString","coordinates":[[-3.60608,37.17005],[-3.60594,37.17009],[-3.60593,37.1701],[-3.60587,37.17012]]}},{"type":"Feature","properties":{"name":"Camino de Ronda","kind":"road","road":"primary","osm":629865690},"geometry":{"type":"LineString","coordinates":[[-3.60587,37.17012],[-3.60579,37.17016]]}},{"type":"Feature","properties":{"name":"Camino de Ronda","kind":"road","road":"primary","osm":629865691},"geometry":{"type":"LineString","coordinates":[[-3.60587,37.17012],[-3.60574,37.1699],[-3.60573,37.16989],[-3.60572,37.16988],[-3.60571,37.16987],[-3.60557,37.16963],[-3.60519,37.169]]}},{"type":"Feature","properties":{"name":"Camino de Ronda","kind":"road","road":"primary","osm":629865692},"geometry":{"type":"LineString","coordinates":[[-3.60579,37.17016],[-3.60583,37.17023]]}},{"type":"Feature","properties":{"name":"Calle Recogidas","kind":"road","road":"primary","osm":629865693},"geometry":{"type":"LineString","coordinates":[[-3.60579,37.17016],[-3.60566,37.17026],[-3.60564,37.17028]]}},{"type":"Feature","properties":{"name":"Plaza Víctimas del Terrorismo","kind":"road","road":"pedestrian","osm":631662150},"geometry":{"type":"LineString","coordinates":[[-3.6084,37.16819],[-3.60845,37.16819],[-3.60847,37.16817],[-3.60854,37.16811],[-3.60859,37.16806],[-3.60852,37.16794],[-3.60826,37.16752],[-3.60832,37.1675],[-3.60832,37.16748],[-3.60821,37.16748],[-3.60797,37.16746],[-3.60796,37.16746],[-3.60835,37.16811],[-3.60838,37.16817],[-3.6084,37.16819]]}},{"type":"Feature","properties":{"name":"","kind":"park","road":"","osm":631662162},"geometry":{"type":"Polygon","coordinates":[[[-3.60627,37.16746],[-3.60624,37.16744],[-3.60623,37.16746],[-3.60625,37.16748],[-3.60627,37.16746]]]}},{"type":"Feature","properties":{"name":"","kind":"park","road":"","osm":631662163},"geometry":{"type":"Polygon","coordinates":[[[-3.60619,37.1674],[-3.60616,37.16738],[-3.60614,37.1674],[-3.60617,37.16742],[-3.60619,37.1674]]]}},{"type":"Feature","properties":{"name":"","kind":"park","road":"","osm":631662164},"geometry":{"type":"Polygon","coordinates":[[[-3.60611,37.16735],[-3.60608,37.16733],[-3.60606,37.16735],[-3.60609,37.16737],[-3.60611,37.16735]]]}},{"type":"Feature","properties":{"name":"","kind":"park","road":"","osm":631662165},"geometry":{"type":"Polygon","coordinates":[[[-3.60602,37.16729],[-3.606,37.16727],[-3.60598,37.16729],[-3.606,37.16731],[-3.60602,37.16729]]]}},{"type":"Feature","properties":{"name":"","kind":"park","road":"","osm":631662166},"geometry":{"type":"Polygon","coordinates":[[[-3.60606,37.16752],[-3.60603,37.1675],[-3.60601,37.16752],[-3.60604,37.16754],[-3.60606,37.16752]]]}},{"type":"Feature","properties":{"name":"","kind":"park","road":"","osm":631662167},"geometry":{"type":"Polygon","coordinates":[[[-3.60594,37.16723],[-3.60591,37.16721],[-3.60589,37.16722],[-3.60592,37.16725],[-3.60594,37.16723]]]}},{"type":"Feature","properties":{"name":"","kind":"park","road":"","osm":631662168},"geometry":{"type":"Polygon","coordinates":[[[-3.60586,37.16718],[-3.60584,37.16716],[-3.60582,37.16718],[-3.60584,37.16719],[-3.60586,37.16718]]]}},{"type":"Feature","properties":{"name":"","kind":"park","road":"","osm":631662169},"geometry":{"type":"Polygon","coordinates":[[[-3.60652,37.16723],[-3.60649,37.16722],[-3.60647,37.16723],[-3.6065,37.16725],[-3.60652,37.16723]]]}},{"type":"Feature","properties":{"name":"","kind":"park","road":"","osm":631662170},"geometry":{"type":"Polygon","coordinates":[[[-3.60643,37.16718],[-3.60641,37.16716],[-3.60639,37.16718],[-3.60641,37.16719],[-3.60643,37.16718]]]}},{"type":"Feature","properties":{"name":"","kind":"park","road":"","osm":631662171},"geometry":{"type":"Polygon","coordinates":[[[-3.60635,37.16712],[-3.60632,37.1671],[-3.6063,37.16712],[-3.60633,37.16714],[-3.60635,37.16712]]]}},{"type":"Feature","properties":{"name":"","kind":"park","road":"","osm":631662172},"geometry":{"type":"Polygon","coordinates":[[[-3.60627,37.16706],[-3.60624,37.16704],[-3.60622,37.16706],[-3.60625,37.16708],[-3.60627,37.16706]]]}},{"type":"Feature","properties":{"name":"","kind":"park","road":"","osm":631662173},"geometry":{"type":"Polygon","coordinates":[[[-3.60619,37.16708],[-3.60613,37.16704],[-3.60611,37.16706],[-3.60617,37.16709],[-3.60619,37.16708]]]}},{"type":"Feature","properties":{"name":"","kind":"park","road":"","osm":631662174},"geometry":{"type":"Polygon","coordinates":[[[-3.60614,37.16758],[-3.60611,37.16756],[-3.60606,37.16761],[-3.60609,37.16763],[-3.60614,37.16758]]]}},{"type":"Feature","properties":{"name":"","kind":"park","road":"","osm":631662175},"geometry":{"type":"Polygon","coordinates":[[[-3.60643,37.16731],[-3.60638,37.16728],[-3.60636,37.16729],[-3.60641,37.16733],[-3.60643,37.16731]]]}},{"type":"Feature","properties":{"name":"","kind":"park","road":"","osm":631662176},"geometry":{"type":"Polygon","coordinates":[[[-3.60566,37.16684],[-3.60578,37.16691],[-3.60574,37.16694],[-3.60563,37.16687],[-3.60566,37.16684]]]}},{"type":"Feature","properties":{"name":"","kind":"park","road":"","osm":631662177},"geometry":{"type":"Polygon","coordinates":[[[-3.60601,37.16689],[-3.60605,37.16692],[-3.606,37.16697],[-3.60596,37.16694],[-3.60597,37.16693],[-3.60599,37.16691],[-3.60601,37.16689]]]}},{"type":"Feature","properties":{"name":"Calle Aire","kind":"road","road":"pedestrian","osm":631776135},"geometry":{"type":"LineString","coordinates":[[-3.5955,37.17751],[-3.59537,37.17726]]}},{"type":"Feature","properties":{"name":"","kind":"road","road":"pedestrian","osm":631957757},"geometry":{"type":"LineString","coordinates":[[-3.59669,37.17566],[-3.59669,37.17565],[-3.59669,37.17564],[-3.5967,37.17561],[-3.5967,37.17559],[-3.59661,37.17555],[-3.59656,37.17553],[-3.59648,37.17548],[-3.59647,37.17549],[-3.59647,37.1755],[-3.59644,37.17554],[-3.59645,37.17554],[-3.5965,37.17557],[-3.59649,37.17562],[-3.59649,37.17563],[-3.59647,37.17567],[-3.59645,37.17574],[-3.59644,37.17573],[-3.59636,37.17577],[-3.59635,37.17577],[-3.59634,37.17578],[-3.5963,37.17581],[-3.59627,37.17583],[-3.59632,37.17587],[-3.59634,37.17587],[-3.59635,37.17586],[-3.5964,37.17585],[-3.59642,37.17584],[-3.59642,37.17585],[-3.59643,37.17585],[-3.59643,37.17584],[-3.59645,37.17584],[-3.59647,37.17584],[-3.59647,37.17583],[-3.59646,37.17583],[-3.59646,37.17582],[-3.59646,37.17579],[-3.59654,37.17578],[-3.59656,37.17578],[-3.59657,37.17577],[-3.59657,37.17576],[-3.59657,37.17575],[-3.59655,37.17568],[-3.59655,37.17567],[-3.59655,37.17566],[-3.59656,37.17565],[-3.59657,37.17564],[-3.59669,37.17566]]}},{"type":"Feature","properties":{"name":"","kind":"park","road":"","osm":632568373},"geometry":{"type":"Polygon","coordinates":[[[-3.61073,37.18779],[-3.61076,37.18781],[-3.6108,37.18786],[-3.61079,37.18787],[-3.6107,37.18784],[-3.61068,37.18782],[-3.61067,37.18781],[-3.61069,37.1878],[-3.61071,37.18779],[-3.61073,37.18779]]]}},{"type":"Feature","properties":{"name":"","kind":"road","road":"primary","osm":633233397},"geometry":{"type":"LineString","coordinates":[[-3.58898,37.16776],[-3.58893,37.16776]]}},{"type":"Feature","properties":{"name":"Avenida de Cervantes","kind":"road","road":"primary","osm":633233398},"geometry":{"type":"LineString","coordinates":[[-3.58753,37.16348],[-3.58754,37.1635],[-3.58779,37.16379],[-3.58793,37.16397],[-3.588,37.16405],[-3.58802,37.16407],[-3.58814,37.16421],[-3.58845,37.16457]]}},{"type":"Feature","properties":{"name":"Calle Alondra","kind":"road","road":"secondary","osm":633497186},"geometry":{"type":"LineString","coordinates":[[-3.61307,37.1877],[-3.61306,37.18775],[-3.61305,37.18779],[-3.61304,37.18784],[-3.61303,37.18789]]}},{"type":"Feature","properties":{"name":"Avenida del Sur","kind":"road","road":"primary","osm":633497187},"geometry":{"type":"LineString","coordinates":[[-3.61307,37.1877],[-3.61299,37.18769],[-3.61296,37.18768],[-3.61284,37.18766]]}},{"type":"Feature","properties":{"name":"","kind":"water","road":"","osm":633514380},"geometry":{"type":"Polygon","coordinates":[[[-3.5873,37.17547],[-3.58733,37.17549],[-3.58745,37.17534],[-3.58742,37.17533],[-3.5873,37.17547]]]}},{"type":"Feature","properties":{"name":"Camino de Ronda","kind":"road","road":"primary","osm":635421571},"geometry":{"type":"LineString","coordinates":[[-3.60417,37.1675],[-3.60419,37.16754],[-3.60421,37.16757],[-3.60433,37.16777]]}},{"type":"Feature","properties":{"name":"Camino de Ronda","kind":"road","road":"primary","osm":635421572},"geometry":{"type":"LineString","coordinates":[[-3.60366,37.16667],[-3.60376,37.16683],[-3.60417,37.1675]]}},{"type":"Feature","properties":{"name":"Calle Pediatra García Duarte","kind":"road","road":"tertiary","osm":635421573},"geometry":{"type":"LineString","coordinates":[[-3.60799,37.16488],[-3.60791,37.16476],[-3.60748,37.16404],[-3.60744,37.16398],[-3.60742,37.16395]]}},{"type":"Feature","properties":{"name":"Calle Doctor López Font","kind":"road","road":"tertiary","osm":635421574},"geometry":{"type":"LineString","coordinates":[[-3.60799,37.16488],[-3.60792,37.16491],[-3.60732,37.16514],[-3.6072,37.16518]]}},{"type":"Feature","properties":{"name":"Calle Pediatra García Duarte","kind":"road","road":"tertiary","osm":635421575},"geometry":{"type":"LineString","coordinates":[[-3.60814,37.16513],[-3.60811,37.16508],[-3.60801,37.16492],[-3.60799,37.16488]]}},{"type":"Feature","properties":{"name":"Calle Doctor López Font","kind":"road","road":"tertiary","osm":635421576},"geometry":{"type":"LineString","coordinates":[[-3.60814,37.16513],[-3.60821,37.1651],[-3.60904,37.16478],[-3.6091,37.16475]]}},{"type":"Feature","properties":{"name":"Calle Eudoxia Píriz","kind":"road","road":"tertiary","osm":635421577},"geometry":{"type":"LineString","coordinates":[[-3.60896,37.16451],[-3.6091,37.16475]]}},{"type":"Feature","properties":{"name":"Avenida de la Ciencia","kind":"road","road":"secondary","osm":635421580},"geometry":{"type":"LineString","coordinates":[[-3.60654,37.16209],[-3.60665,37.16215],[-3.60667,37.16216],[-3.6071,37.16239],[-3.60759,37.16266],[-3.60819,37.16297],[-3.60822,37.16299],[-3.60833,37.16306]]}},{"type":"Feature","properties":{"name":"Camino de Ronda","kind":"road","road":"primary","osm":635421583},"geometry":{"type":"LineString","coordinates":[[-3.61258,37.18133],[-3.61269,37.18151],[-3.6127,37.18153],[-3.61276,37.18163],[-3.61299,37.18202]]}},{"type":"Feature","properties":{"name":"Camino de Ronda","kind":"road","road":"primary","osm":635421584},"geometry":{"type":"LineString","coordinates":[[-3.61307,37.18199],[-3.6128,37.18153],[-3.61278,37.1815],[-3.61272,37.1814],[-3.61247,37.18099],[-3.61217,37.1805],[-3.61216,37.18047],[-3.61213,37.18043]]}},{"type":"Feature","properties":{"name":"Avenida de Fuente Nueva","kind":"road","road":"primary","osm":635421585},"geometry":{"type":"LineString","coordinates":[[-3.60924,37.17847],[-3.60929,37.17842],[-3.60932,37.1784],[-3.60934,37.17838],[-3.60943,37.17832]]}},{"type":"Feature","properties":{"name":"Calle Carril del Picón","kind":"road","road":"secondary","osm":635421586},"geometry":{"type":"LineString","coordinates":[[-3.6046,37.17623],[-3.60451,37.17618],[-3.60396,37.17581],[-3.60393,37.17579]]}},{"type":"Feature","properties":{"name":"Paseo Jardín de la Reina","kind":"road","road":"primary","osm":635536170},"geometry":{"type":"LineString","coordinates":[[-3.60396,37.16517],[-3.60398,37.16522]]}},{"type":"Feature","properties":{"name":"Placeta Antonina Rodrigo","kind":"road","road":"pedestrian","osm":635565005},"geometry":{"type":"LineString","coordinates":[[-3.5971,37.18141],[-3.59708,37.18141],[-3.59701,37.18143],[-3.59689,37.18143]]}},{"type":"Feature","properties":{"name":"Placeta Antonina Rodrigo","kind":"road","road":"pedestrian","osm":635565006},"geometry":{"type":"LineString","coordinates":[[-3.59709,37.18133],[-3.59708,37.18141]]}},{"type":"Feature","properties":{"name":"Placeta del Conde","kind":"road","road":"pedestrian","osm":635565028},"geometry":{"type":"LineString","coordinates":[[-3.59182,37.18404],[-3.59173,37.18413],[-3.5917,37.18419]]}},{"type":"Feature","properties":{"name":"Placeta del Carro","kind":"road","road":"pedestrian","osm":635565035},"geometry":{"type":"LineString","coordinates":[[-3.59369,37.17913],[-3.59367,37.17919],[-3.59363,37.17921]]}},{"type":"Feature","properties":{"name":"Glorieta Víctimas del Terrorismo","kind":"road","road":"primary","osm":635890643},"geometry":{"type":"LineString","coordinates":[[-3.61041,37.16791],[-3.61045,37.16789],[-3.61049,37.16786],[-3.61053,37.16783],[-3.61056,37.16779],[-3.61059,37.16774],[-3.6106,37.16769],[-3.61061,37.16763],[-3.6106,37.16758],[-3.61058,37.16752],[-3.61056,37.16748],[-3.61054,37.16746],[-3.61049,37.16741],[-3.61046,37.16739],[-3.61042,37.16736],[-3.61038,37.16735],[-3.61034,37.16734],[-3.61032,37.16733]]}},{"type":"Feature","properties":{"name":"Glorieta Víctimas del Terrorismo","kind":"road","road":"primary","osm":635890644},"geometry":{"type":"LineString","coordinates":[[-3.60955,37.16734],[-3.60937,37.16734]]}},{"type":"Feature","properties":{"name":"Glorieta Víctimas del Terrorismo","kind":"road","road":"primary","osm":635890645},"geometry":{"type":"LineString","coordinates":[[-3.61018,37.16732],[-3.61016,37.16732],[-3.60983,37.16733]]}},{"type":"Feature","properties":{"name":"Calle Carrera de la Virgen","kind":"road","road":"tertiary","osm":635951650},"geometry":{"type":"LineString","coordinates":[[-3.59779,37.17142],[-3.5973,37.17093],[-3.5972,37.17084],[-3.59681,37.17045],[-3.59645,37.1701],[-3.59603,37.16969],[-3.59597,37.16963]]}},{"type":"Feature","properties":{"name":"Calle Carrera de la Virgen","kind":"road","road":"tertiary","osm":635951652},"geometry":{"type":"LineString","coordinates":[[-3.59597,37.16963],[-3.59595,37.16958],[-3.59595,37.16954]]}},{"type":"Feature","properties":{"name":"Plaza Nueva","kind":"road","road":"secondary","osm":635951658},"geometry":{"type":"LineString","coordinates":[[-3.59574,37.17683],[-3.59578,37.17683],[-3.59641,37.1765]]}},{"type":"Feature","properties":{"name":"Calle Álvaro de Bazán","kind":"road","road":"tertiary","osm":635951661},"geometry":{"type":"LineString","coordinates":[[-3.59933,37.1781],[-3.59905,37.17831],[-3.59903,37.17831],[-3.59894,37.17834]]}},{"type":"Feature","properties":{"name":"Calle Postigo San Agustín","kind":"road","road":"pedestrian","osm":635951664},"geometry":{"type":"LineString","coordinates":[[-3.59936,37.17813],[-3.59953,37.17825],[-3.5999,37.17805],[-3.59992,37.17805]]}},{"type":"Feature","properties":{"name":"Pasaje Conde Alcalá","kind":"road","road":"pedestrian","osm":635951673},"geometry":{"type":"LineString","coordinates":[[-3.60096,37.17509],[-3.60129,37.17499]]}},{"type":"Feature","properties":{"name":"Pasaje Conde Alcalá","kind":"road","road":"pedestrian","osm":635951674},"geometry":{"type":"LineString","coordinates":[[-3.6008,37.17515],[-3.60089,37.17512],[-3.60096,37.17509]]}},{"type":"Feature","properties":{"name":"Calle Padre Marcelino Álvarez","kind":"road","road":"primary","osm":635997505},"geometry":{"type":"LineString","coordinates":[[-3.61913,37.18085],[-3.61876,37.18065]]}},{"type":"Feature","properties":{"name":"Calle Padre Marcelino Álvarez","kind":"road","road":"primary","osm":635997508},"geometry":{"type":"LineString","coordinates":[[-3.61865,37.18059],[-3.61851,37.18052]]}},{"type":"Feature","properties":{"name":"Calle Padre Marcelino Álvarez","kind":"road","road":"primary","osm":635997509},"geometry":{"type":"LineString","coordinates":[[-3.61851,37.18052],[-3.61831,37.18043],[-3.61795,37.18029],[-3.61767,37.18019],[-3.61697,37.18],[-3.61685,37.17997],[-3.61647,37.17987],[-3.61634,37.17984]]}},{"type":"Feature","properties":{"name":"Calle Padre Marcelino Álvarez","kind":"road","road":"primary","osm":635997510},"geometry":{"type":"LineString","coordinates":[[-3.61876,37.18065],[-3.61865,37.18059]]}},{"type":"Feature","properties":{"name":"Calle Santo Tomás de Villanueva","kind":"road","road":"tertiary","osm":635997525},"geometry":{"type":"LineString","coordinates":[[-3.61808,37.1813],[-3.61814,37.18135],[-3.61817,37.18138],[-3.61818,37.18143],[-3.61818,37.18147]]}},{"type":"Feature","properties":{"name":"","kind":"road","road":"secondary","osm":635997526},"geometry":{"type":"LineString","coordinates":[[-3.61692,37.18165],[-3.61691,37.18162],[-3.61689,37.1816],[-3.61686,37.18159]]}},{"type":"Feature","properties":{"name":"","kind":"road","road":"secondary","osm":635997527},"geometry":{"type":"LineString","coordinates":[[-3.61688,37.18176],[-3.6169,37.18174],[-3.61692,37.18171],[-3.61693,37.18168],[-3.61692,37.18165]]}},{"type":"Feature","properties":{"name":"","kind":"road","road":"secondary","osm":635997528},"geometry":{"type":"LineString","coordinates":[[-3.61674,37.18176],[-3.61678,37.18178]]}},{"type":"Feature","properties":{"name":"Calle María Guerrero","kind":"road","road":"tertiary","osm":635997529},"geometry":{"type":"LineString","coordinates":[[-3.61688,37.18186],[-3.61696,37.18193],[-3.61726,37.1822],[-3.61727,37.1822],[-3.61749,37.18241],[-3.61756,37.18247]]}},{"type":"Feature","properties":{"name":"","kind":"road","road":"secondary","osm":635997530},"geometry":{"type":"LineString","coordinates":[[-3.6167,37.18164],[-3.61669,37.18167],[-3.61669,37.1817],[-3.6167,37.18172]]}},{"type":"Feature","properties":{"name":"Calle Ramón y Cajal","kind":"road","road":"secondary","osm":635997533},"geometry":{"type":"LineString","coordinates":[[-3.61748,37.18152],[-3.61739,37.18153],[-3.61725,37.18156],[-3.61707,37.1816],[-3.61698,37.18163],[-3.61692,37.18165]]}},{"type":"Feature","properties":{"name":"Avenida de Fuente Nueva","kind":"road","road":"primary","osm":636267382},"geometry":{"type":"LineString","coordinates":[[-3.60865,37.17894],[-3.60868,37.17891]]}},{"type":"Feature","properties":{"name":"Avenida de Fuente Nueva","kind":"road","road":"tertiary","osm":636267384},"geometry":{"type":"LineString","coordinates":[[-3.60595,37.18116],[-3.60593,37.18114],[-3.60592,37.18112],[-3.60592,37.18109],[-3.60593,37.18106]]}},{"type":"Feature","properties":{"name":"Avenida de la Constitución","kind":"road","road":"primary","osm":636267387},"geometry":{"type":"LineString","coordinates":[[-3.60342,37.18377],[-3.60372,37.18392]]}},{"type":"Feature","properties":{"name":"Calle Pagés","kind":"road","road":"tertiary","osm":636300134},"geometry":{"type":"LineString","coordinates":[[-3.59356,37.184],[-3.59356,37.18396],[-3.59355,37.18395],[-3.59347,37.1839],[-3.59345,37.1839]]}},{"type":"Feature","properties":{"name":"Calle Pinar","kind":"road","road":"tertiary","osm":636570627},"geometry":{"type":"LineString","coordinates":[[-3.58998,37.18907],[-3.5901,37.1891],[-3.59019,37.18921]]}},{"type":"Feature","properties":{"name":"","kind":"road","road":"tertiary","osm":636570628},"geometry":{"type":"LineString","coordinates":[[-3.58998,37.18907],[-3.59004,37.18902],[-3.59006,37.18899],[-3.59008,37.18895]]}},{"type":"Feature","properties":{"name":"Camino de San Antonio","kind":"road","road":"secondary","osm":636570637},"geometry":{"type":"LineString","coordinates":[[-3.5938,37.18683],[-3.59398,37.18682],[-3.59406,37.1868],[-3.59418,37.18674],[-3.59442,37.18663],[-3.59452,37.18658],[-3.59459,37.18654],[-3.59464,37.18651],[-3.59469,37.18648],[-3.59478,37.18642],[-3.59543,37.18582],[-3.59569,37.18557]]}},{"type":"Feature","properties":{"name":"Callejón de Lebrija","kind":"road","road":"tertiary","osm":636647696},"geometry":{"type":"LineString","coordinates":[[-3.59949,37.18794],[-3.59946,37.18796],[-3.59933,37.18795],[-3.59873,37.18795],[-3.59822,37.18794],[-3.59815,37.18795],[-3.59808,37.18798],[-3.59771,37.18819],[-3.59765,37.18824],[-3.5976,37.1883],[-3.59751,37.18848],[-3.59747,37.18852],[-3.59743,37.18855],[-3.59713,37.18874],[-3.597,37.18881],[-3.59686,37.18888]]}},{"type":"Feature","properties":{"name":"Calle Real de Cartuja","kind":"road","road":"tertiary","osm":636647697},"geometry":{"type":"LineString","coordinates":[[-3.59991,37.18775],[-3.59993,37.18779],[-3.59996,37.18784],[-3.59999,37.18787],[-3.6,37.18789]]}},{"type":"Feature","properties":{"name":"Avenida de Andalucía","kind":"road","road":"primary","osm":636667688},"geometry":{"type":"LineString","coordinates":[[-3.61153,37.18758],[-3.61115,37.18734],[-3.6111,37.18725],[-3.61108,37.18721],[-3.61105,37.18717],[-3.611,37.18712]]}},{"type":"Feature","properties":{"name":"Placeta Aljibe de Trillo","kind":"road","road":"pedestrian","osm":637242561},"geometry":{"type":"LineString","coordinates":[[-3.59302,37.17997],[-3.59292,37.18004]]}},{"type":"Feature","properties":{"name":"Cuesta de las Tomasas","kind":"road","road":"pedestrian","osm":637266766},"geometry":{"type":"LineString","coordinates":[[-3.59198,37.18067],[-3.59184,37.18069],[-3.59169,37.18072]]}},{"type":"Feature","properties":{"name":"Cuesta de las Tomasas","kind":"road","road":"pedestrian","osm":637266767},"geometry":{"type":"LineString","coordinates":[[-3.59169,37.18076],[-3.59163,37.18083]]}},{"type":"Feature","properties":{"name":"Cuesta de las Tomasas","kind":"road","road":"pedestrian","osm":637266769},"geometry":{"type":"LineString","coordinates":[[-3.59166,37.18084],[-3.59168,37.18083]]}},{"type":"Feature","properties":{"name":"Cuesta de las Tomasas","kind":"road","road":"pedestrian","osm":637266771},"geometry":{"type":"LineString","coordinates":[[-3.59161,37.18086],[-3.5916,37.1809],[-3.59162,37.1809],[-3.59163,37.18088]]}},{"type":"Feature","properties":{"name":"","kind":"park","road":"","osm":638497776},"geometry":{"type":"Polygon","coordinates":[[[-3.60934,37.17524],[-3.60949,37.17533],[-3.60949,37.17534],[-3.60948,37.17536],[-3.60934,37.17542],[-3.6093,37.17541],[-3.60929,37.17539],[-3.60931,37.17525],[-3.60932,37.17524],[-3.60934,37.17524]]]}},{"type":"Feature","properties":{"name":"","kind":"park","road":"","osm":638497777},"geometry":{"type":"Polygon","coordinates":[[[-3.61298,37.18167],[-3.61312,37.1819],[-3.6134,37.1818],[-3.61298,37.18167]]]}},{"type":"Feature","properties":{"name":"Plaza de la Ilusión","kind":"park","road":"","osm":638497802},"geometry":{"type":"Polygon","coordinates":[[[-3.6151,37.1819],[-3.61554,37.18221],[-3.61551,37.18232],[-3.61548,37.18236],[-3.61496,37.18222],[-3.6151,37.1819]]]}},{"type":"Feature","properties":{"name":"","kind":"park","road":"","osm":638497803},"geometry":{"type":"Polygon","coordinates":[[[-3.61534,37.18178],[-3.61525,37.18174],[-3.61557,37.18129],[-3.61561,37.18131],[-3.61534,37.18178]]]}},{"type":"Feature","properties":{"name":"","kind":"park","road":"","osm":638497804},"geometry":{"type":"Polygon","coordinates":[[[-3.61565,37.18051],[-3.61582,37.18056],[-3.61583,37.18059],[-3.6152,37.18145],[-3.61519,37.18145],[-3.61565,37.18051]]]}},{"type":"Feature","properties":{"name":"Calle Palacios","kind":"road","road":"pedestrian","osm":639429753},"geometry":{"type":"LineString","coordinates":[[-3.59583,37.17278],[-3.596,37.17291]]}},{"type":"Feature","properties":{"name":"Plaza de Carlos Cano","kind":"road","road":"pedestrian","osm":639429756},"geometry":{"type":"LineString","coordinates":[[-3.59608,37.17327],[-3.59605,37.17326],[-3.59593,37.17318],[-3.59581,37.1731],[-3.59566,37.17325],[-3.59565,37.17327],[-3.59563,37.17328]]}},{"type":"Feature","properties":{"name":"","kind":"park","road":"","osm":639429791},"geometry":{"type":"Polygon","coordinates":[[[-3.59504,37.17319],[-3.59519,37.17306],[-3.59535,37.17291],[-3.59522,37.17281],[-3.59506,37.17295],[-3.5949,37.17309],[-3.59504,37.17319]]]}},{"type":"Feature","properties":{"name":"","kind":"park","road":"","osm":639685274},"geometry":{"type":"Polygon","coordinates":[[[-3.60941,37.17946],[-3.60945,37.17952],[-3.60969,37.17943],[-3.60965,37.17937],[-3.60941,37.17946]]]}},{"type":"Feature","properties":{"name":"","kind":"park","road":"","osm":640286617},"geometry":{"type":"Polygon","coordinates":[[[-3.60177,37.18401],[-3.60173,37.18404],[-3.60169,37.18401],[-3.60165,37.18402],[-3.6016,37.18405],[-3.60158,37.18403],[-3.60163,37.18398],[-3.60172,37.18397],[-3.60177,37.18401]]]}},{"type":"Feature","properties":{"name":"","kind":"park","road":"","osm":640286618},"geometry":{"type":"Polygon","coordinates":[[[-3.60179,37.1842],[-3.60177,37.18418],[-3.60181,37.18415],[-3.60181,37.18412],[-3.60177,37.18408],[-3.60181,37.18405],[-3.60187,37.18409],[-3.60186,37.18416],[-3.60179,37.1842]]]}},{"type":"Feature","properties":{"name":"","kind":"water","road":"","osm":640286619},"geometry":{"type":"Polygon","coordinates":[[[-3.60197,37.18396],[-3.602,37.18397],[-3.60226,37.18378],[-3.60224,37.18377],[-3.60197,37.18396]]]}},{"type":"Feature","properties":{"name":"","kind":"water","road":"","osm":640286620},"geometry":{"type":"Polygon","coordinates":[[[-3.60187,37.18387],[-3.60189,37.18388],[-3.60213,37.18368],[-3.60211,37.18366],[-3.60187,37.18387]]]}},{"type":"Feature","properties":{"name":"","kind":"water","road":"","osm":640286621},"geometry":{"type":"Polygon","coordinates":[[[-3.60217,37.18361],[-3.60219,37.18362],[-3.60245,37.1834],[-3.60243,37.18339],[-3.60217,37.18361]]]}},{"type":"Feature","properties":{"name":"","kind":"water","road":"","osm":640286622},"geometry":{"type":"Polygon","coordinates":[[[-3.6023,37.18372],[-3.60232,37.18373],[-3.60264,37.1835],[-3.60261,37.18349],[-3.6023,37.18372]]]}},{"type":"Feature","properties":{"name":"Pasaje de la Ermita","kind":"road","road":"pedestrian","osm":641546203},"geometry":{"type":"LineString","coordinates":[[-3.59902,37.17519],[-3.599,37.17518]]}},{"type":"Feature","properties":{"name":"Pasaje de la Ermita","kind":"road","road":"pedestrian","osm":641546204},"geometry":{"type":"LineString","coordinates":[[-3.59919,37.17536],[-3.59905,37.17523]]}},{"type":"Feature","properties":{"name":"Calle Eudoxia Píriz","kind":"road","road":"secondary","osm":642635698},"geometry":{"type":"LineString","coordinates":[[-3.60846,37.16305],[-3.60845,37.16304],[-3.60842,37.16302]]}},{"type":"Feature","properties":{"name":"Calle Eudoxia Píriz","kind":"road","road":"secondary","osm":642635700},"geometry":{"type":"LineString","coordinates":[[-3.60837,37.16309],[-3.60841,37.16313],[-3.60856,37.16331]]}},{"type":"Feature","properties":{"name":"Calle Eudoxia Píriz","kind":"road","road":"tertiary","osm":642635702},"geometry":{"type":"LineString","coordinates":[[-3.60865,37.16399],[-3.60867,37.16403],[-3.60896,37.16451]]}},{"type":"Feature","properties":{"name":"Camino de Ronda","kind":"road","road":"pedestrian","osm":642635703},"geometry":{"type":"LineString","coordinates":[[-3.60426,37.16732],[-3.6046,37.16719]]}},{"type":"Feature","properties":{"name":"Calle Arabial","kind":"road","road":"pedestrian","osm":642635704},"geometry":{"type":"LineString","coordinates":[[-3.60521,37.16669],[-3.60478,37.16686]]}},{"type":"Feature","properties":{"name":"","kind":"road","road":"pedestrian","osm":642635705},"geometry":{"type":"LineString","coordinates":[[-3.6046,37.16719],[-3.6045,37.16704]]}},{"type":"Feature","properties":{"name":"Paseo de Cartuja","kind":"road","road":"primary","osm":642914536},"geometry":{"type":"LineString","coordinates":[[-3.60042,37.18968],[-3.60041,37.18979],[-3.60042,37.18989]]}},{"type":"Feature","properties":{"name":"Avenida Doctor Olóriz","kind":"road","road":"primary","osm":643068353},"geometry":{"type":"LineString","coordinates":[[-3.60648,37.1894],[-3.60677,37.1889],[-3.6068,37.18886]]}},{"type":"Feature","properties":{"name":"Calle Demetrio Spínola","kind":"road","road":"tertiary","osm":643290931},"geometry":{"type":"LineString","coordinates":[[-3.61759,37.18504],[-3.61754,37.18501],[-3.61736,37.18497],[-3.61721,37.18494],[-3.61705,37.1849],[-3.61678,37.18485],[-3.61675,37.18484],[-3.61672,37.18483]]}},{"type":"Feature","properties":{"name":"Calle María Moliner","kind":"road","road":"primary","osm":643290955},"geometry":{"type":"LineString","coordinates":[[-3.61474,37.1787],[-3.6148,37.17879]]}},{"type":"Feature","properties":{"name":"Calle Padre Marcelino Álvarez","kind":"road","road":"primary","osm":643290961},"geometry":{"type":"LineString","coordinates":[[-3.616,37.17976],[-3.61566,37.17968],[-3.61549,37.17964]]}},{"type":"Feature","properties":{"name":"Calle Somosierra","kind":"road","road":"pedestrian","osm":643308206},"geometry":{"type":"LineString","coordinates":[[-3.59194,37.17137],[-3.59185,37.17143]]}},{"type":"Feature","properties":{"name":"Avenida de Andaluces","kind":"road","road":"secondary","osm":659561485},"geometry":{"type":"LineString","coordinates":[[-3.6089,37.18443],[-3.60882,37.18439],[-3.6088,37.18437],[-3.60871,37.18425],[-3.60865,37.18418],[-3.60861,37.18416],[-3.60855,37.18414],[-3.60849,37.18413],[-3.60845,37.18412]]}},{"type":"Feature","properties":{"name":"Avenida de Andaluces","kind":"road","road":"secondary","osm":659561491},"geometry":{"type":"LineString","coordinates":[[-3.60904,37.18477],[-3.60908,37.18466],[-3.60912,37.18461],[-3.60917,37.18456],[-3.60923,37.18453],[-3.60924,37.1845]]}},{"type":"Feature","properties":{"name":"Avenida de Andaluces","kind":"road","road":"secondary","osm":659561494},"geometry":{"type":"LineString","coordinates":[[-3.60924,37.1845],[-3.60908,37.18447]]}},{"type":"Feature","properties":{"name":"","kind":"road","road":"primary","osm":666985089},"geometry":{"type":"LineString","coordinates":[[-3.61453,37.18947],[-3.61449,37.18949],[-3.61446,37.18952],[-3.61444,37.18956],[-3.61444,37.1896],[-3.61444,37.18964]]}},{"type":"Feature","properties":{"name":"Plaza Rotary","kind":"road","road":"primary","osm":666985090},"geometry":{"type":"LineString","coordinates":[[-3.5983,37.16623],[-3.59821,37.16624],[-3.59811,37.16627],[-3.59802,37.16633],[-3.59797,37.16641]]}},{"type":"Feature","properties":{"name":"Plaza Rotary","kind":"road","road":"primary","osm":666985091},"geometry":{"type":"LineString","coordinates":[[-3.59797,37.16641],[-3.59795,37.1665],[-3.59797,37.16659]]}},{"type":"Feature","properties":{"name":"","kind":"road","road":"primary","osm":666985092},"geometry":{"type":"LineString","coordinates":[[-3.60202,37.183],[-3.60202,37.18302],[-3.60203,37.18306],[-3.60206,37.1831],[-3.60212,37.18313]]}},{"type":"Feature","properties":{"name":"","kind":"road","road":"primary","osm":667310225},"geometry":{"type":"LineString","coordinates":[[-3.60212,37.18313],[-3.60219,37.18314]]}},{"type":"Feature","properties":{"name":"","kind":"road","road":"secondary","osm":667310226},"geometry":{"type":"LineString","coordinates":[[-3.59973,37.18269],[-3.59976,37.18269],[-3.59977,37.18269],[-3.5998,37.18267],[-3.59982,37.18266]]}},{"type":"Feature","properties":{"name":"","kind":"road","road":"secondary","osm":667310227},"geometry":{"type":"LineString","coordinates":[[-3.59967,37.18267],[-3.59968,37.18268],[-3.59969,37.18268],[-3.59971,37.18269],[-3.59973,37.18269]]}},{"type":"Feature","properties":{"name":"Plaza Nueva","kind":"road","road":"secondary","osm":667310228},"geometry":{"type":"LineString","coordinates":[[-3.59638,37.17646],[-3.59612,37.1766]]}},{"type":"Feature","properties":{"name":"","kind":"road","road":"secondary","osm":667500190},"geometry":{"type":"LineString","coordinates":[[-3.59228,37.16614],[-3.59232,37.16612],[-3.59234,37.16609],[-3.59236,37.16606]]}},{"type":"Feature","properties":{"name":"Rotonda del Ave María","kind":"road","road":"primary","osm":667500201},"geometry":{"type":"LineString","coordinates":[[-3.59003,37.16646],[-3.59002,37.16646],[-3.59,37.16647],[-3.58999,37.16648],[-3.58999,37.16649]]}},{"type":"Feature","properties":{"name":"Paseo de los Basilios","kind":"road","road":"secondary","osm":668114444},"geometry":{"type":"LineString","coordinates":[[-3.5958,37.16807],[-3.59567,37.16815],[-3.59564,37.16817],[-3.5954,37.16829]]}},{"type":"Feature","properties":{"name":"Calle Gran Vía de Colón","kind":"road","road":"primary","osm":668257090},"geometry":{"type":"LineString","coordinates":[[-3.59792,37.17648],[-3.59799,37.1766],[-3.59822,37.17703]]}},{"type":"Feature","properties":{"name":"Calle Sol","kind":"road","road":"tertiary","osm":668277144},"geometry":{"type":"LineString","coordinates":[[-3.6066,37.17623],[-3.6067,37.17626],[-3.60725,37.17642],[-3.60774,37.17657],[-3.60776,37.17658],[-3.60781,37.17659]]}},{"type":"Feature","properties":{"name":"Avenida de Fuente Nueva","kind":"road","road":"primary","osm":668277145},"geometry":{"type":"LineString","coordinates":[[-3.60868,37.17891],[-3.60879,37.17883],[-3.60881,37.17881],[-3.60884,37.17879],[-3.60895,37.1787]]}},{"type":"Feature","properties":{"name":"Avenida de Fuente Nueva","kind":"road","road":"primary","osm":668277146},"geometry":{"type":"LineString","coordinates":[[-3.60863,37.17895],[-3.60865,37.17894]]}},{"type":"Feature","properties":{"name":"Calle Melchor Almagro","kind":"road","road":"secondary","osm":668277147},"geometry":{"type":"LineString","coordinates":[[-3.60844,37.1788],[-3.60777,37.17836],[-3.60775,37.17834],[-3.60768,37.17829],[-3.60744,37.17814],[-3.60702,37.17786],[-3.60699,37.17783],[-3.60692,37.17779],[-3.60631,37.17737]]}},{"type":"Feature","properties":{"name":"Camino de Ronda","kind":"road","road":"primary","osm":668277148},"geometry":{"type":"LineString","coordinates":[[-3.61078,37.17819],[-3.61069,37.17805],[-3.61068,37.17802],[-3.61058,37.17785]]}},{"type":"Feature","properties":{"name":"Camino de Ronda","kind":"road","road":"primary","osm":668277149},"geometry":{"type":"LineString","coordinates":[[-3.61074,37.17827],[-3.61121,37.17905],[-3.61122,37.17908],[-3.61125,37.17912],[-3.61156,37.17964],[-3.61169,37.17986],[-3.61171,37.17988],[-3.61177,37.17999],[-3.61194,37.18026],[-3.61196,37.18031]]}},{"type":"Feature","properties":{"name":"Avenida de América","kind":"road","road":"primary","osm":668294928},"geometry":{"type":"LineString","coordinates":[[-3.60146,37.16282],[-3.60135,37.16267]]}},{"type":"Feature","properties":{"name":"Avenida de América","kind":"road","road":"primary","osm":668294935},"geometry":{"type":"LineString","coordinates":[[-3.60125,37.16268],[-3.60129,37.16281],[-3.60132,37.16286]]}},{"type":"Feature","properties":{"name":"Calle Arabial","kind":"road","road":"primary","osm":668329129},"geometry":{"type":"LineString","coordinates":[[-3.6046,37.16551],[-3.60462,37.16555],[-3.60464,37.16558],[-3.60466,37.16561],[-3.60473,37.16573],[-3.60477,37.16583]]}},{"type":"Feature","properties":{"name":"Calle Profesor Tierno Galván","kind":"road","road":"secondary","osm":668497574},"geometry":{"type":"LineString","coordinates":[[-3.59768,37.1656],[-3.59755,37.16544],[-3.59753,37.16542],[-3.59745,37.16532]]}},{"type":"Feature","properties":{"name":"Paseo del Violón","kind":"road","road":"primary","osm":668497577},"geometry":{"type":"LineString","coordinates":[[-3.60125,37.16297],[-3.60115,37.16303]]}},{"type":"Feature","properties":{"name":"","kind":"road","road":"secondary","osm":668497579},"geometry":{"type":"LineString","coordinates":[[-3.59875,37.16282],[-3.59875,37.16284]]}},{"type":"Feature","properties":{"name":"","kind":"road","road":"secondary","osm":668497581},"geometry":{"type":"LineString","coordinates":[[-3.59884,37.16289],[-3.59886,37.16289],[-3.59888,37.16288],[-3.59889,37.16287],[-3.5989,37.16285]]}},{"type":"Feature","properties":{"name":"Paseo del Violón","kind":"road","road":"primary","osm":668497586},"geometry":{"type":"LineString","coordinates":[[-3.60129,37.16329],[-3.60136,37.16326],[-3.60144,37.16322]]}},{"type":"Feature","properties":{"name":"","kind":"road","road":"secondary","osm":668497590},"geometry":{"type":"LineString","coordinates":[[-3.59875,37.16284],[-3.59876,37.16285],[-3.59877,37.16287],[-3.59878,37.16288],[-3.59879,37.16288],[-3.59881,37.16289],[-3.59884,37.16289]]}},{"type":"Feature","properties":{"name":"Glorieta Gonzalo Gallas","kind":"road","road":"secondary","osm":668722874},"geometry":{"type":"LineString","coordinates":[[-3.60978,37.17816],[-3.60976,37.17814],[-3.60974,37.17811],[-3.60969,37.17809],[-3.60966,37.17808],[-3.60962,37.17807],[-3.60958,37.17807]]}},{"type":"Feature","properties":{"name":"Paseo de Cartuja","kind":"road","road":"primary","osm":668722897},"geometry":{"type":"LineString","coordinates":[[-3.60046,37.18962],[-3.60042,37.18968]]}},{"type":"Feature","properties":{"name":"Calle Garrido","kind":"road","road":"pedestrian","osm":669786503},"geometry":{"type":"LineString","coordinates":[[-3.60649,37.18606],[-3.60646,37.18611]]}},{"type":"Feature","properties":{"name":"Carretera de Málaga","kind":"road","road":"primary","osm":669904985},"geometry":{"type":"LineString","coordinates":[[-3.61929,37.18889],[-3.61816,37.18889],[-3.61764,37.18889]]}},{"type":"Feature","properties":{"name":"Carretera de Málaga","kind":"road","road":"primary","osm":669904986},"geometry":{"type":"LineString","coordinates":[[-3.61565,37.18849],[-3.61543,37.18843]]}},{"type":"Feature","properties":{"name":"Calle Almona del Boquerón","kind":"road","road":"pedestrian","osm":669904987},"geometry":{"type":"LineString","coordinates":[[-3.59995,37.18119],[-3.59987,37.18122],[-3.59984,37.18124]]}},{"type":"Feature","properties":{"name":"Calle Elvira","kind":"road","road":"secondary","osm":669904988},"geometry":{"type":"LineString","coordinates":[[-3.59935,37.18195],[-3.59934,37.18192],[-3.59924,37.18181],[-3.59922,37.18179],[-3.59912,37.18149],[-3.59907,37.18128],[-3.59905,37.18118],[-3.59903,37.18101],[-3.59902,37.18092],[-3.59903,37.18079],[-3.59906,37.18053],[-3.59907,37.18039],[-3.59905,37.18027],[-3.59901,37.18009],[-3.59899,37.18004],[-3.59895,37.17988],[-3.59892,37.17979],[-3.59891,37.17977],[-3.59878,37.17949],[-3.59868,37.17926],[-3.59866,37.17921],[-3.59856,37.17899],[-3.59851,37.1789],[-3.59841,37.17877],[-3.59829,37.17865],[-3.59824,37.17859],[-3.59813,37.17847],[-3.59812,37.17847],[-3.59801,37.17836],[-3.59796,37.17831],[-3.59792,37.17825],[-3.59787,37.17817],[-3.59781,37.17806],[-3.5978,37.17803],[-3.59766,37.17773]]}},{"type":"Feature","properties":{"name":"Calle Elvira","kind":"road","road":"secondary","osm":669904993},"geometry":{"type":"LineString","coordinates":[[-3.59961,37.18215],[-3.59959,37.18215],[-3.59957,37.18215]]}},{"type":"Feature","properties":{"name":"Avenida de la Constitución","kind":"road","road":"primary","osm":670308182},"geometry":{"type":"LineString","coordinates":[[-3.60839,37.18624],[-3.60855,37.18631]]}},{"type":"Feature","properties":{"name":"Avenida de Andaluces","kind":"road","road":"secondary","osm":670308183},"geometry":{"type":"LineString","coordinates":[[-3.60908,37.18447],[-3.6089,37.18443]]}},{"type":"Feature","properties":{"name":"Calle Profesor Emilio Orozco","kind":"road","road":"secondary","osm":670556854},"geometry":{"type":"LineString","coordinates":[[-3.60063,37.18235],[-3.60092,37.18242]]}},{"type":"Feature","properties":{"name":"","kind":"road","road":"secondary","osm":671053553},"geometry":{"type":"LineString","coordinates":[[-3.59656,37.18517],[-3.59655,37.18514],[-3.59652,37.18512]]}},{"type":"Feature","properties":{"name":"","kind":"road","road":"secondary","osm":671053557},"geometry":{"type":"LineString","coordinates":[[-3.59635,37.18507],[-3.59631,37.18508],[-3.59628,37.1851],[-3.59625,37.18513],[-3.59622,37.18516],[-3.59621,37.18519],[-3.59621,37.18522]]}},{"type":"Feature","properties":{"name":"Calle Santo Sepulcro del Sacromonte","kind":"road","road":"tertiary","osm":671053562},"geometry":{"type":"LineString","coordinates":[[-3.57691,37.18164],[-3.57682,37.18165],[-3.57675,37.18164],[-3.5767,37.18164],[-3.57621,37.18154],[-3.57608,37.18152],[-3.57595,37.18152],[-3.57586,37.18152],[-3.57574,37.18154],[-3.57564,37.18156],[-3.57551,37.1816],[-3.57544,37.18163],[-3.5754,37.18168],[-3.57536,37.18174],[-3.57533,37.18179]]}},{"type":"Feature","properties":{"name":"Avenida del Hospicio","kind":"road","road":"secondary","osm":672151375},"geometry":{"type":"LineString","coordinates":[[-3.60176,37.18323],[-3.60166,37.18333]]}},{"type":"Feature","properties":{"name":"Avenida de la Constitución","kind":"road","road":"primary","osm":672370037},"geometry":{"type":"LineString","coordinates":[[-3.60259,37.18334],[-3.60295,37.18353]]}},{"type":"Feature","properties":{"name":"","kind":"road","road":"primary","osm":672370047},"geometry":{"type":"LineString","coordinates":[[-3.61444,37.18964],[-3.61449,37.18971],[-3.61455,37.18975]]}},{"type":"Feature","properties":{"name":"Avenida de Andalucía","kind":"road","road":"primary","osm":672480476},"geometry":{"type":"LineString","coordinates":[[-3.61257,37.18828],[-3.61265,37.18841],[-3.61268,37.18844],[-3.61276,37.1885],[-3.61363,37.1891]]}},{"type":"Feature","properties":{"name":"Glorieta Festival Internacional de Música y Danza de Granada","kind":"road","road":"secondary","osm":672520271},"geometry":{"type":"LineString","coordinates":[[-3.6058,37.18141],[-3.60582,37.18142],[-3.60585,37.18144],[-3.60594,37.18148],[-3.60603,37.18152]]}},{"type":"Feature","properties":{"name":"Glorieta Festival Internacional de Música y Danza de Granada","kind":"road","road":"secondary","osm":672520272},"geometry":{"type":"LineString","coordinates":[[-3.60595,37.18116],[-3.6059,37.18117],[-3.60587,37.18117],[-3.60583,37.18119],[-3.6058,37.18121]]}},{"type":"Feature","properties":{"name":"Glorieta Festival Internacional de Música y Danza de Granada","kind":"road","road":"secondary","osm":672520273},"geometry":{"type":"LineString","coordinates":[[-3.6058,37.18121],[-3.60578,37.18123]]}},{"type":"Feature","properties":{"name":"Calle Borreguiles","kind":"road","road":"tertiary","osm":672627370},"geometry":{"type":"LineString","coordinates":[[-3.58268,37.16422],[-3.58258,37.16442]]}},{"type":"Feature","properties":{"name":"Calle San Matías","kind":"road","road":"tertiary","osm":673226854},"geometry":{"type":"LineString","coordinates":[[-3.59675,37.17393],[-3.59668,37.17422],[-3.59667,37.17431]]}},{"type":"Feature","properties":{"name":"Calle Antequeruela Baja","kind":"road","road":"tertiary","osm":673226855},"geometry":{"type":"LineString","coordinates":[[-3.58889,37.17274],[-3.5888,37.17263]]}},{"type":"Feature","properties":{"name":"Calle San Matías","kind":"road","road":"tertiary","osm":673226856},"geometry":{"type":"LineString","coordinates":[[-3.59666,37.17515],[-3.59666,37.17521],[-3.59658,37.17541]]}},{"type":"Feature","properties":{"name":"","kind":"road","road":"tertiary","osm":673226862},"geometry":{"type":"LineString","coordinates":[[-3.58056,37.17135],[-3.58055,37.17132],[-3.58052,37.17129],[-3.58048,37.17127],[-3.58044,37.17125]]}},{"type":"Feature","properties":{"name":"","kind":"road","road":"tertiary","osm":673226863},"geometry":{"type":"LineString","coordinates":[[-3.58055,37.17144],[-3.58057,37.1714],[-3.58056,37.17135]]}},{"type":"Feature","properties":{"name":"","kind":"road","road":"tertiary","osm":673226864},"geometry":{"type":"LineString","coordinates":[[-3.58025,37.17134],[-3.58024,37.17137],[-3.58025,37.17141],[-3.58026,37.17144],[-3.58029,37.17147]]}},{"type":"Feature","properties":{"name":"","kind":"road","road":"tertiary","osm":673226865},"geometry":{"type":"LineString","coordinates":[[-3.58029,37.17147],[-3.58033,37.1715],[-3.58039,37.17151],[-3.58044,37.17151],[-3.58048,37.17149],[-3.58052,37.17147],[-3.58055,37.17144]]}},{"type":"Feature","properties":{"name":"Plaza del Humilladero","kind":"road","road":"primary","osm":673560717},"geometry":{"type":"LineString","coordinates":[[-3.596,37.16952],[-3.59613,37.16945]]}},{"type":"Feature","properties":{"name":"Calle Acera del Darro","kind":"road","road":"primary","osm":673560718},"geometry":{"type":"LineString","coordinates":[[-3.59966,37.17321],[-3.59956,37.17298],[-3.59946,37.17274],[-3.5994,37.17263],[-3.59935,37.17257]]}},{"type":"Feature","properties":{"name":"Calle Acera del Darro","kind":"road","road":"primary","osm":673560719},"geometry":{"type":"LineString","coordinates":[[-3.59869,37.17151],[-3.59872,37.17158],[-3.59904,37.17217],[-3.59906,37.1722],[-3.59917,37.1724],[-3.59933,37.1727],[-3.59957,37.17324]]}},{"type":"Feature","properties":{"name":"Glorieta Víctimas del Terrorismo","kind":"road","road":"primary","osm":673571391},"geometry":{"type":"LineString","coordinates":[[-3.60912,37.16736],[-3.60906,37.16738]]}},{"type":"Feature","properties":{"name":"Avenida de Andalucía","kind":"road","road":"primary","osm":673664915},"geometry":{"type":"LineString","coordinates":[[-3.61101,37.18732],[-3.61158,37.18766]]}},{"type":"Feature","properties":{"name":"","kind":"road","road":"primary","osm":673948496},"geometry":{"type":"LineString","coordinates":[[-3.61453,37.18825],[-3.61452,37.18828],[-3.61452,37.18832],[-3.61453,37.18836]]}},{"type":"Feature","properties":{"name":"Calle Espaldas de San Nicolás","kind":"road","road":"pedestrian","osm":674191009},"geometry":{"type":"LineString","coordinates":[[-3.59232,37.18148],[-3.59222,37.18149],[-3.59208,37.18151]]}},{"type":"Feature","properties":{"name":"Calle Espaldas de San Nicolás","kind":"road","road":"pedestrian","osm":674191010},"geometry":{"type":"LineString","coordinates":[[-3.59208,37.18151],[-3.59207,37.18166],[-3.59202,37.1817]]}},{"type":"Feature","properties":{"name":"Calle Carrera del Darro","kind":"road","road":"tertiary","osm":674191013},"geometry":{"type":"LineString","coordinates":[[-3.59386,37.17799],[-3.59373,37.17803],[-3.59355,37.17808]]}},{"type":"Feature","properties":{"name":"Calle Carrera del Darro","kind":"road","road":"tertiary","osm":674191014},"geometry":{"type":"LineString","coordinates":[[-3.59355,37.17808],[-3.59313,37.17821],[-3.59295,37.17827],[-3.59272,37.17839],[-3.59264,37.17843],[-3.59246,37.1785],[-3.59231,37.17854],[-3.59201,37.17858],[-3.59179,37.17862],[-3.59158,37.17865],[-3.59134,37.17867],[-3.59094,37.1787],[-3.59069,37.17873],[-3.59043,37.17877],[-3.59037,37.17878]]}},{"type":"Feature","properties":{"name":"Calle Real de la Alhambra","kind":"road","road":"pedestrian","osm":674209016},"geometry":{"type":"LineString","coordinates":[[-3.58959,37.17632],[-3.58974,37.17636],[-3.5898,37.17642]]}},{"type":"Feature","properties":{"name":"Jardines del Revellín","kind":"park","road":"","osm":674309975},"geometry":{"type":"Polygon","coordinates":[[[-3.59243,37.17714],[-3.5925,37.17713],[-3.59252,37.17721],[-3.59295,37.17712],[-3.59297,37.17715],[-3.59302,37.17713],[-3.59305,37.1771],[-3.59307,37.17707],[-3.59307,37.17704],[-3.59306,37.17699],[-3.59304,37.17697],[-3.59294,37.17692],[-3.59296,37.1769],[-3.59281,37.1768],[-3.59276,37.17679],[-3.59275,37.17683],[-3.59263,37.17683],[-3.59257,37.17684],[-3.5925,37.17683],[-3.59235,37.17682],[-3.59234,37.17685],[-3.59235,37.17694],[-3.59241,37.17694],[-3.59243,37.17714]]]}},{"type":"Feature","properties":{"name":"Plaza Nueva","kind":"road","road":"secondary","osm":675513363},"geometry":{"type":"LineString","coordinates":[[-3.59589,37.17673],[-3.59578,37.17679]]}},{"type":"Feature","properties":{"name":"Plaza Nueva","kind":"road","road":"secondary","osm":675513368},"geometry":{"type":"LineString","coordinates":[[-3.59612,37.1766],[-3.59596,37.17669],[-3.59589,37.17673]]}},{"type":"Feature","properties":{"name":"Paseo del Generalife","kind":"road","road":"tertiary","osm":675513372},"geometry":{"type":"LineString","coordinates":[[-3.58833,37.17408],[-3.58787,37.17402],[-3.58776,37.17401],[-3.58765,37.17401],[-3.5875,37.17403],[-3.58701,37.17415],[-3.58697,37.17418]]}},{"type":"Feature","properties":{"name":"Paseo del Violón","kind":"road","road":"primary","osm":675971773},"geometry":{"type":"LineString","coordinates":[[-3.59889,37.16588],[-3.59972,37.16489],[-3.59973,37.16488],[-3.59974,37.16486],[-3.59991,37.16467]]}},{"type":"Feature","properties":{"name":"Paseo del Violón","kind":"road","road":"primary","osm":675971774},"geometry":{"type":"LineString","coordinates":[[-3.59885,37.16573],[-3.59868,37.16594],[-3.59866,37.16596],[-3.59859,37.16603]]}},{"type":"Feature","properties":{"name":"Paseo del Violón","kind":"road","road":"primary","osm":675971775},"geometry":{"type":"LineString","coordinates":[[-3.59859,37.16603],[-3.59849,37.16612],[-3.59835,37.16617],[-3.59832,37.16623]]}},{"type":"Feature","properties":{"name":"Paseo del Violón","kind":"road","road":"primary","osm":675971776},"geometry":{"type":"LineString","coordinates":[[-3.59879,37.166],[-3.59889,37.16588]]}},{"type":"Feature","properties":{"name":"Avenida de la Constitución","kind":"road","road":"primary","osm":683569548},"geometry":{"type":"LineString","coordinates":[[-3.61017,37.18703],[-3.61063,37.18719]]}},{"type":"Feature","properties":{"name":"Avenida de la Constitución","kind":"road","road":"primary","osm":683569549},"geometry":{"type":"LineString","coordinates":[[-3.60295,37.18353],[-3.60318,37.18365],[-3.60322,37.18366],[-3.60335,37.18373],[-3.60342,37.18377]]}},{"type":"Feature","properties":{"name":"Callejón de Santa Catalina","kind":"road","road":"pedestrian","osm":684767008},"geometry":{"type":"LineString","coordinates":[[-3.59404,37.17463],[-3.59369,37.17434],[-3.59358,37.17423]]}},{"type":"Feature","properties":{"name":"Calle Encrucijada","kind":"road","road":"pedestrian","osm":684767263},"geometry":{"type":"LineString","coordinates":[[-3.58938,37.1807],[-3.58935,37.1808],[-3.58936,37.18094]]}},{"type":"Feature","properties":{"name":"Calle Baja de San Ildefonso","kind":"road","road":"pedestrian","osm":684767779},"geometry":{"type":"LineString","coordinates":[[-3.59943,37.1846],[-3.59946,37.18467],[-3.5995,37.1848]]}},{"type":"Feature","properties":{"name":"Paseo del Violón","kind":"road","road":"primary","osm":696451526},"geometry":{"type":"LineString","coordinates":[[-3.5992,37.16532],[-3.59885,37.16573]]}},{"type":"Feature","properties":{"name":"Paseo de la Sabica","kind":"road","road":"tertiary","osm":697081895},"geometry":{"type":"LineString","coordinates":[[-3.58057,37.17152],[-3.58057,37.1715],[-3.58055,37.17144]]}},{"type":"Feature","properties":{"name":"Paseo de la Sabica","kind":"road","road":"tertiary","osm":697081896},"geometry":{"type":"LineString","coordinates":[[-3.58091,37.17176],[-3.58269,37.17271],[-3.583,37.17287],[-3.58327,37.17301],[-3.58339,37.17306],[-3.58365,37.17313],[-3.5838,37.17319],[-3.58386,37.17322],[-3.58392,37.17327],[-3.58397,37.17333],[-3.58404,37.17345],[-3.5841,37.17363],[-3.58412,37.17369],[-3.58414,37.17374],[-3.58418,37.17379],[-3.58425,37.17383],[-3.58442,37.1739],[-3.5847,37.17401],[-3.58482,37.17406]]}},{"type":"Feature","properties":{"name":"Río Beiro","kind":"river","road":"","osm":698627943},"geometry":{"type":"LineString","coordinates":[[-3.60116,37.19544],[-3.60416,37.19469],[-3.60436,37.19454],[-3.60524,37.1933],[-3.6059,37.19267],[-3.60616,37.19234],[-3.60653,37.19205],[-3.6072,37.1917],[-3.60762,37.19164],[-3.60922,37.19131],[-3.6096,37.19119],[-3.60982,37.19106],[-3.61013,37.19087],[-3.61033,37.19068],[-3.6105,37.19052],[-3.61103,37.1896],[-3.61142,37.18917],[-3.61256,37.1883],[-3.61303,37.1879],[-3.61323,37.18765],[-3.61354,37.18639],[-3.61393,37.18514],[-3.61439,37.18402],[-3.61515,37.18311],[-3.61553,37.18279],[-3.61596,37.18245],[-3.61681,37.18169],[-3.6175,37.18153],[-3.6186,37.18144],[-3.61992,37.18128]]}},{"type":"Feature","properties":{"name":"Callejón de Matamoros","kind":"road","road":"pedestrian","osm":702695266},"geometry":{"type":"LineString","coordinates":[[-3.58971,37.17407],[-3.58946,37.17396]]}},{"type":"Feature","properties":{"name":"Callejón de Matamoros","kind":"road","road":"pedestrian","osm":702695269},"geometry":{"type":"LineString","coordinates":[[-3.58941,37.17394],[-3.58939,37.17393],[-3.58937,37.17395]]}},{"type":"Feature","properties":{"name":"Cuesta del Realejo","kind":"road","road":"pedestrian","osm":702695279},"geometry":{"type":"LineString","coordinates":[[-3.59186,37.17441],[-3.5917,37.17438],[-3.59152,37.17434],[-3.59138,37.17436],[-3.59119,37.17432],[-3.59101,37.17427],[-3.59075,37.17423],[-3.59064,37.17422]]}},{"type":"Feature","properties":{"name":"","kind":"park","road":"","osm":707242432},"geometry":{"type":"Polygon","coordinates":[[[-3.59966,37.16491],[-3.59959,37.165],[-3.59955,37.16497],[-3.59959,37.16492],[-3.59966,37.16491]]]}},{"type":"Feature","properties":{"name":"","kind":"park","road":"","osm":707242433},"geometry":{"type":"Polygon","coordinates":[[[-3.59951,37.16502],[-3.59955,37.16504],[-3.59885,37.16587],[-3.59878,37.16588],[-3.59951,37.16502]]]}},{"type":"Feature","properties":{"name":"","kind":"park","road":"","osm":707242441},"geometry":{"type":"Polygon","coordinates":[[[-3.59872,37.1652],[-3.59873,37.16521],[-3.59879,37.16546],[-3.59897,37.16543],[-3.59891,37.16517],[-3.59872,37.1652]]]}},{"type":"Feature","properties":{"name":"","kind":"park","road":"","osm":707242475},"geometry":{"type":"Polygon","coordinates":[[[-3.59872,37.16602],[-3.59867,37.166],[-3.5986,37.16608],[-3.59852,37.16615],[-3.59846,37.16619],[-3.59852,37.16621],[-3.59856,37.16624],[-3.59861,37.16621],[-3.59866,37.1661],[-3.59872,37.16602]]]}},{"type":"Feature","properties":{"name":"Calle Profesor Tierno Galván","kind":"road","road":"secondary","osm":707242478},"geometry":{"type":"LineString","coordinates":[[-3.59795,37.16592],[-3.59791,37.16587],[-3.59768,37.1656]]}},{"type":"Feature","properties":{"name":"","kind":"road","road":"pedestrian","osm":708498158},"geometry":{"type":"LineString","coordinates":[[-3.60842,37.18326],[-3.60834,37.18347],[-3.60833,37.18346],[-3.60829,37.18346],[-3.60828,37.18347],[-3.60827,37.1835],[-3.60826,37.18357],[-3.60826,37.18364],[-3.60827,37.1837],[-3.6083,37.18376],[-3.60835,37.18383],[-3.60857,37.18412],[-3.60864,37.18414],[-3.60867,37.18416],[-3.60873,37.18424],[-3.60877,37.18429],[-3.6088,37.18431],[-3.60884,37.18431],[-3.60886,37.18426],[-3.60888,37.18419],[-3.6089,37.18412],[-3.60893,37.18405],[-3.60896,37.18404],[-3.60942,37.18414],[-3.60945,37.18415],[-3.60947,37.18417],[-3.60945,37.18424],[-3.60943,37.18429],[-3.6094,37.18437],[-3.60938,37.18445],[-3.6094,37.18447],[-3.60943,37.18447],[-3.60945,37.18448],[-3.60951,37.18444],[-3.60952,37.18443],[-3.60968,37.18434],[-3.60971,37.18433],[-3.60971,37.18431],[-3.6096,37.18429],[-3.60965,37.18415],[-3.60961,37.18414],[-3.60933,37.18408],[-3.60926,37.18407],[-3.60916,37.18405],[-3.609,37.18401],[-3.60894,37.184],[-3.60865,37.18394],[-3.60856,37.18392],[-3.60846,37.1839],[-3.60847,37.18387],[-3.60848,37.18384],[-3.60846,37.18384],[-3.6084,37.18382],[-3.60851,37.18348],[-3.60857,37.1835],[-3.60858,37.18345],[-3.6086,37.1834],[-3.6086,37.18339],[-3.60861,37.18336],[-3.60862,37.18332],[-3.60863,37.1833],[-3.60842,37.18326]]}},{"type":"Feature","properties":{"name":"","kind":"park","road":"","osm":713818537},"geometry":{"type":"Polygon","coordinates":[[[-3.61078,37.1779],[-3.61072,37.17792],[-3.61079,37.17804],[-3.61085,37.17801],[-3.61078,37.1779]]]}},{"type":"Feature","properties":{"name":"Cuesta de Marañas","kind":"road","road":"pedestrian","osm":729314790},"geometry":{"type":"LineString","coordinates":[[-3.59674,37.17816],[-3.59682,37.1782]]}},{"type":"Feature","properties":{"name":"Cuesta de Marañas","kind":"road","road":"pedestrian","osm":729314792},"geometry":{"type":"LineString","coordinates":[[-3.59694,37.17829],[-3.59696,37.17831],[-3.59703,37.17838],[-3.59708,37.17843],[-3.59719,37.17854],[-3.5974,37.17881],[-3.59744,37.17884]]}},{"type":"Feature","properties":{"name":"Cuesta de Marañas","kind":"road","road":"pedestrian","osm":729314793},"geometry":{"type":"LineString","coordinates":[[-3.59684,37.17822],[-3.5969,37.17826]]}},{"type":"Feature","properties":{"name":"","kind":"park","road":"","osm":733613370},"geometry":{"type":"Polygon","coordinates":[[[-3.59834,37.16523],[-3.59835,37.16526],[-3.59818,37.16529],[-3.59817,37.16526],[-3.59834,37.16523]]]}},{"type":"Feature","properties":{"name":"","kind":"park","road":"","osm":733613371},"geometry":{"type":"Polygon","coordinates":[[[-3.59806,37.16528],[-3.59806,37.1653],[-3.59786,37.16533],[-3.59785,37.16531],[-3.59806,37.16528]]]}},{"type":"Feature","properties":{"name":"","kind":"park","road":"","osm":737300232},"geometry":{"type":"Polygon","coordinates":[[[-3.61415,37.18764],[-3.61409,37.18762],[-3.61411,37.18756],[-3.61418,37.18758],[-3.61415,37.18764]]]}},{"type":"Feature","properties":{"name":"Cuesta del Realejo","kind":"road","road":"tertiary","osm":746632102},"geometry":{"type":"LineString","coordinates":[[-3.59314,37.17382],[-3.59317,37.17382],[-3.59336,37.17375],[-3.59339,37.17374]]}},{"type":"Feature","properties":{"name":"Calle Honda del Realejo","kind":"road","road":"pedestrian","osm":746632103},"geometry":{"type":"LineString","coordinates":[[-3.59407,37.17398],[-3.59409,37.174]]}},{"type":"Feature","properties":{"name":"Calle Honda del Realejo","kind":"road","road":"pedestrian","osm":746632104},"geometry":{"type":"LineString","coordinates":[[-3.5942,37.17395],[-3.59415,37.17387],[-3.5944,37.17373],[-3.59441,37.17372],[-3.59442,37.17371]]}},{"type":"Feature","properties":{"name":"Calle Arlequín","kind":"road","road":"pedestrian","osm":749030171},"geometry":{"type":"LineString","coordinates":[[-3.59318,37.18607],[-3.59333,37.18604],[-3.59362,37.18604],[-3.59368,37.18602],[-3.59375,37.18608],[-3.59406,37.18595],[-3.5941,37.18593],[-3.59422,37.18588],[-3.59454,37.18573],[-3.59461,37.18567],[-3.59502,37.18531],[-3.59527,37.18509],[-3.59533,37.18499],[-3.59538,37.18493],[-3.59533,37.18488],[-3.59536,37.18482],[-3.59545,37.18473],[-3.59558,37.18472],[-3.59581,37.18483],[-3.59616,37.18498],[-3.5963,37.18504]]}},{"type":"Feature","properties":{"name":"","kind":"park","road":"","osm":752325029},"geometry":{"type":"Polygon","coordinates":[[[-3.60443,37.17927],[-3.60458,37.17904],[-3.6043,37.17892],[-3.60414,37.17915],[-3.60443,37.17927]]]}},{"type":"Feature","properties":{"name":"Calle Puente Espinosa","kind":"road","road":"pedestrian","osm":756208140},"geometry":{"type":"LineString","coordinates":[[-3.59311,37.17818],[-3.59313,37.17821]]}},{"type":"Feature","properties":{"name":"Plaza de Isabel la Católica","kind":"road","road":"secondary","osm":757056279},"geometry":{"type":"LineString","coordinates":[[-3.59679,37.17554],[-3.59669,37.17552],[-3.59663,37.17553]]}},{"type":"Feature","properties":{"name":"Calle Real Maestranza","kind":"road","road":"pedestrian","osm":757273047},"geometry":{"type":"LineString","coordinates":[[-3.60765,37.18954],[-3.60766,37.18956],[-3.60759,37.18957],[-3.6075,37.18974]]}},{"type":"Feature","properties":{"name":"","kind":"park","road":"","osm":758683590},"geometry":{"type":"Polygon","coordinates":[[[-3.61019,37.17515],[-3.61019,37.17516],[-3.61012,37.17519],[-3.61011,37.17517],[-3.61019,37.17515]]]}},{"type":"Feature","properties":{"name":"","kind":"park","road":"","osm":758683591},"geometry":{"type":"Polygon","coordinates":[[[-3.61003,37.1752],[-3.61004,37.17522],[-3.60999,37.17524],[-3.60998,37.17523],[-3.61003,37.1752]]]}},{"type":"Feature","properties":{"name":"","kind":"park","road":"","osm":758683592},"geometry":{"type":"Polygon","coordinates":[[[-3.60989,37.17526],[-3.6099,37.17527],[-3.60984,37.17529],[-3.60983,37.17528],[-3.60989,37.17526]]]}},{"type":"Feature","properties":{"name":"","kind":"park","road":"","osm":758683593},"geometry":{"type":"Polygon","coordinates":[[[-3.60969,37.17534],[-3.6097,37.17535],[-3.60976,37.17532],[-3.60976,37.17531],[-3.60969,37.17534]]]}},{"type":"Feature","properties":{"name":"","kind":"park","road":"","osm":758683595},"geometry":{"type":"Polygon","coordinates":[[[-3.61006,37.17469],[-3.61018,37.17488],[-3.61017,37.17489],[-3.61011,37.17486],[-3.6101,37.17484],[-3.6101,37.17481],[-3.60998,37.17475],[-3.60998,37.17474],[-3.61,37.17471],[-3.61006,37.17469]]]}},{"type":"Feature","properties":{"name":"Calle Andarax","kind":"road","road":"tertiary","osm":762484466},"geometry":{"type":"LineString","coordinates":[[-3.58701,37.18756],[-3.58695,37.18743],[-3.58681,37.18709],[-3.58678,37.18703]]}},{"type":"Feature","properties":{"name":"Carretera de Murcia","kind":"road","road":"secondary","osm":762484467},"geometry":{"type":"LineString","coordinates":[[-3.59324,37.1895],[-3.59323,37.18954]]}},{"type":"Feature","properties":{"name":"","kind":"road","road":"tertiary","osm":762484468},"geometry":{"type":"LineString","coordinates":[[-3.59006,37.18891],[-3.58999,37.18888],[-3.58995,37.18887]]}},{"type":"Feature","properties":{"name":"Camino Viejo del Fargue","kind":"road","road":"secondary","osm":762484469},"geometry":{"type":"LineString","coordinates":[[-3.59005,37.18874],[-3.58995,37.18887]]}},{"type":"Feature","properties":{"name":"Camino Viejo del Fargue","kind":"road","road":"secondary","osm":762484470},"geometry":{"type":"LineString","coordinates":[[-3.58995,37.18887],[-3.58983,37.18903]]}},{"type":"Feature","properties":{"name":"","kind":"road","road":"tertiary","osm":762484471},"geometry":{"type":"LineString","coordinates":[[-3.58995,37.18887],[-3.58991,37.18886],[-3.58982,37.18887]]}},{"type":"Feature","properties":{"name":"","kind":"road","road":"tertiary","osm":762484472},"geometry":{"type":"LineString","coordinates":[[-3.58978,37.18894],[-3.58978,37.18897],[-3.58978,37.18899]]}},{"type":"Feature","properties":{"name":"","kind":"park","road":"","osm":762689783},"geometry":{"type":"Polygon","coordinates":[[[-3.60669,37.17974],[-3.60692,37.17992],[-3.60694,37.17991],[-3.60671,37.17972],[-3.60669,37.17974]]]}},{"type":"Feature","properties":{"name":"Calle Profesor Sainz Cantero","kind":"road","road":"tertiary","osm":762689791},"geometry":{"type":"LineString","coordinates":[[-3.60661,37.1795],[-3.60662,37.17957],[-3.60668,37.17966],[-3.60677,37.17976],[-3.60712,37.18],[-3.60716,37.18002],[-3.60724,37.18008]]}},{"type":"Feature","properties":{"name":"Glorieta Gonzalo Gallas","kind":"road","road":"secondary","osm":763968435},"geometry":{"type":"LineString","coordinates":[[-3.60966,37.17838],[-3.60969,37.17838],[-3.60974,37.17835],[-3.60976,37.17833],[-3.60978,37.1783],[-3.60979,37.17828],[-3.6098,37.17825]]}},{"type":"Feature","properties":{"name":"","kind":"road","road":"primary","osm":764137054},"geometry":{"type":"LineString","coordinates":[[-3.58893,37.16776],[-3.58889,37.16776]]}},{"type":"Feature","properties":{"name":"","kind":"road","road":"primary","osm":764137055},"geometry":{"type":"LineString","coordinates":[[-3.58879,37.16795],[-3.58881,37.16798]]}},{"type":"Feature","properties":{"name":"Rotonda de Cervantes","kind":"road","road":"primary","osm":764137057},"geometry":{"type":"LineString","coordinates":[[-3.58746,37.16329],[-3.5875,37.16327]]}},{"type":"Feature","properties":{"name":"Rotonda de Cervantes","kind":"road","road":"primary","osm":764137058},"geometry":{"type":"LineString","coordinates":[[-3.58725,37.16311],[-3.58723,37.16317]]}},{"type":"Feature","properties":{"name":"Rotonda de Cervantes","kind":"road","road":"primary","osm":764137059},"geometry":{"type":"LineString","coordinates":[[-3.58726,37.1631],[-3.58725,37.16311]]}},{"type":"Feature","properties":{"name":"Rotonda de Cervantes","kind":"road","road":"primary","osm":764137060},"geometry":{"type":"LineString","coordinates":[[-3.5875,37.16327],[-3.58752,37.16323],[-3.58752,37.16321]]}},{"type":"Feature","properties":{"name":"Calle Acera del Darro","kind":"road","road":"primary","osm":764137063},"geometry":{"type":"LineString","coordinates":[[-3.59857,37.1713],[-3.59862,37.17139],[-3.59864,37.17142],[-3.59869,37.17151]]}},{"type":"Feature","properties":{"name":"Calle Acera del Darro","kind":"road","road":"primary","osm":764142052},"geometry":{"type":"LineString","coordinates":[[-3.59898,37.17187],[-3.59876,37.17148]]}},{"type":"Feature","properties":{"name":"Plaza Albert Einstein","kind":"road","road":"secondary","osm":766227082},"geometry":{"type":"LineString","coordinates":[[-3.6092,37.17751],[-3.60916,37.17746]]}},{"type":"Feature","properties":{"name":"Plaza Albert Einstein","kind":"road","road":"secondary","osm":766227085},"geometry":{"type":"LineString","coordinates":[[-3.6095,37.178],[-3.60949,37.17799],[-3.60948,37.17797],[-3.60946,37.17794],[-3.60927,37.17762],[-3.6092,37.17751]]}},{"type":"Feature","properties":{"name":"Glorieta Gonzalo Gallas","kind":"road","road":"secondary","osm":766227086},"geometry":{"type":"LineString","coordinates":[[-3.60949,37.1781],[-3.60945,37.17813],[-3.60942,37.17817],[-3.6094,37.17821],[-3.6094,37.17826],[-3.60941,37.17829],[-3.60943,37.17832]]}},{"type":"Feature","properties":{"name":"Plaza Albert Einstein","kind":"road","road":"secondary","osm":766227087},"geometry":{"type":"LineString","coordinates":[[-3.6095,37.178],[-3.60949,37.17807],[-3.60949,37.1781]]}},{"type":"Feature","properties":{"name":"Camino de Ronda","kind":"road","road":"primary","osm":766227092},"geometry":{"type":"LineString","coordinates":[[-3.61054,37.17778],[-3.61044,37.17763],[-3.61042,37.1776],[-3.61031,37.17742],[-3.6101,37.17706]]}},{"type":"Feature","properties":{"name":"Calle Méndez Núñez","kind":"road","road":"primary","osm":766227093},"geometry":{"type":"LineString","coordinates":[[-3.61025,37.17798],[-3.61034,37.17795],[-3.61037,37.17793],[-3.6104,37.17792],[-3.61049,37.17789]]}},{"type":"Feature","properties":{"name":"Camino de Ronda","kind":"road","road":"primary","osm":766227094},"geometry":{"type":"LineString","coordinates":[[-3.61036,37.17766],[-3.61049,37.17789]]}},{"type":"Feature","properties":{"name":"Camino de Purchil","kind":"road","road":"tertiary","osm":766520984},"geometry":{"type":"LineString","coordinates":[[-3.61163,37.17255],[-3.61117,37.17274]]}},{"type":"Feature","properties":{"name":"","kind":"park","road":"","osm":766574061},"geometry":{"type":"Polygon","coordinates":[[[-3.60144,37.16427],[-3.60148,37.16433],[-3.60103,37.16436],[-3.60139,37.16421],[-3.6014,37.16421],[-3.60144,37.16427]]]}},{"type":"Feature","properties":{"name":"Calle Poeta Manuel de Góngora","kind":"road","road":"secondary","osm":768635570},"geometry":{"type":"LineString","coordinates":[[-3.59413,37.16524],[-3.59414,37.16529],[-3.59415,37.16531],[-3.59417,37.16535]]}},{"type":"Feature","properties":{"name":"Calle Sos del Rey Católico","kind":"road","road":"tertiary","osm":768635572},"geometry":{"type":"LineString","coordinates":[[-3.59487,37.16672],[-3.59492,37.1667],[-3.5951,37.16661],[-3.59511,37.16658]]}},{"type":"Feature","properties":{"name":"Avenida Pablo Picasso","kind":"road","road":"secondary","osm":768635583},"geometry":{"type":"LineString","coordinates":[[-3.5943,37.1651],[-3.59434,37.16509]]}},{"type":"Feature","properties":{"name":"Avenida Pablo Picasso","kind":"road","road":"secondary","osm":768635584},"geometry":{"type":"LineString","coordinates":[[-3.59447,37.16498],[-3.59432,37.16502],[-3.59426,37.16504]]}},{"type":"Feature","properties":{"name":"Calle de los Juncos","kind":"road","road":"tertiary","osm":770585669},"geometry":{"type":"LineString","coordinates":[[-3.60929,37.16264],[-3.60905,37.16273]]}},{"type":"Feature","properties":{"name":"Calle de los Juncos","kind":"road","road":"tertiary","osm":770585670},"geometry":{"type":"LineString","coordinates":[[-3.60905,37.16273],[-3.60883,37.16282]]}},{"type":"Feature","properties":{"name":"Calle Eudoxia Píriz","kind":"road","road":"tertiary","osm":770585719},"geometry":{"type":"LineString","coordinates":[[-3.60889,37.1639],[-3.60884,37.16389],[-3.60869,37.16396],[-3.60865,37.16399]]}},{"type":"Feature","properties":{"name":"Calle Eudoxia Píriz","kind":"road","road":"tertiary","osm":770585720},"geometry":{"type":"LineString","coordinates":[[-3.60865,37.16399],[-3.60871,37.16399],[-3.60886,37.16393],[-3.60889,37.1639]]}},{"type":"Feature","properties":{"name":"Calle Alcalá de Henares","kind":"road","road":"tertiary","osm":772086860},"geometry":{"type":"LineString","coordinates":[[-3.58899,37.16442],[-3.58892,37.16445],[-3.58867,37.1646],[-3.58864,37.16461],[-3.58854,37.16467]]}},{"type":"Feature","properties":{"name":"Avenida de Cervantes","kind":"road","road":"primary","osm":772086861},"geometry":{"type":"LineString","coordinates":[[-3.58984,37.1662],[-3.5899,37.16627],[-3.58993,37.16631],[-3.58994,37.16633]]}},{"type":"Feature","properties":{"name":"Calle Alonso Quijano","kind":"road","road":"tertiary","osm":772086862},"geometry":{"type":"LineString","coordinates":[[-3.58949,37.16577],[-3.58963,37.16566],[-3.58988,37.16548],[-3.58995,37.16543],[-3.59022,37.16524],[-3.59027,37.1652],[-3.59027,37.16519],[-3.59031,37.16489],[-3.59032,37.16483],[-3.59038,37.1648]]}},{"type":"Feature","properties":{"name":"Avenida de Cervantes","kind":"road","road":"primary","osm":772086863},"geometry":{"type":"LineString","coordinates":[[-3.58905,37.16526],[-3.5892,37.16544],[-3.58929,37.16555],[-3.58931,37.16557],[-3.58943,37.1657],[-3.58949,37.16577]]}},{"type":"Feature","properties":{"name":"Calle San Juan de Dios","kind":"road","road":"secondary","osm":772452075},"geometry":{"type":"LineString","coordinates":[[-3.60306,37.17979],[-3.6031,37.17972],[-3.60334,37.17932],[-3.6034,37.17922],[-3.60347,37.17912]]}},{"type":"Feature","properties":{"name":"Calle Pagés","kind":"road","road":"tertiary","osm":787894630},"geometry":{"type":"LineString","coordinates":[[-3.59345,37.1839],[-3.59338,37.18387],[-3.59317,37.1838],[-3.59315,37.1838],[-3.59309,37.18384],[-3.59291,37.18382],[-3.59278,37.18381],[-3.59265,37.18375],[-3.5925,37.18354],[-3.59243,37.18346]]}},{"type":"Feature","properties":{"name":"Calle Pagés","kind":"road","road":"tertiary","osm":787894631},"geometry":{"type":"LineString","coordinates":[[-3.59345,37.1839],[-3.59344,37.18392],[-3.59345,37.18392],[-3.59352,37.18397],[-3.59356,37.184]]}},{"type":"Feature","properties":{"name":"Calle Maestro Montero","kind":"road","road":"tertiary","osm":792840307},"geometry":{"type":"LineString","coordinates":[[-3.60664,37.16434],[-3.60669,37.16442],[-3.60684,37.16466],[-3.60713,37.16514],[-3.60717,37.1652]]}},{"type":"Feature","properties":{"name":"Calle Maestro Montero","kind":"road","road":"tertiary","osm":792840308},"geometry":{"type":"LineString","coordinates":[[-3.6073,37.16545],[-3.60733,37.16552],[-3.60775,37.16622],[-3.60777,37.16625],[-3.60781,37.16632]]}},{"type":"Feature","properties":{"name":"Calle Maestro Montero","kind":"road","road":"tertiary","osm":792840310},"geometry":{"type":"LineString","coordinates":[[-3.60717,37.1652],[-3.60717,37.16523],[-3.6073,37.16545]]}},{"type":"Feature","properties":{"name":"Calle Doctor López Font","kind":"road","road":"pedestrian","osm":792840321},"geometry":{"type":"LineString","coordinates":[[-3.60618,37.16558],[-3.60578,37.16573],[-3.60545,37.16585],[-3.60507,37.166]]}},{"type":"Feature","properties":{"name":"Calle Doctor López Font","kind":"road","road":"pedestrian","osm":792840323},"geometry":{"type":"LineString","coordinates":[[-3.60521,37.16625],[-3.60559,37.1661],[-3.60632,37.16582]]}},{"type":"Feature","properties":{"name":"Calle Doctor López Font","kind":"road","road":"tertiary","osm":792840326},"geometry":{"type":"LineString","coordinates":[[-3.6073,37.16545],[-3.60737,37.16542]]}},{"type":"Feature","properties":{"name":"Calle Sorozábal","kind":"road","road":"pedestrian","osm":792840329},"geometry":{"type":"LineString","coordinates":[[-3.60689,37.16637],[-3.60759,37.16609]]}},{"type":"Feature","properties":{"name":"Calle Turín","kind":"road","road":"pedestrian","osm":792840343},"geometry":{"type":"LineString","coordinates":[[-3.60566,37.16611],[-3.60587,37.16646],[-3.60595,37.16659],[-3.60589,37.16661],[-3.60594,37.16668]]}},{"type":"Feature","properties":{"name":"Calle Turín","kind":"road","road":"pedestrian","osm":792840345},"geometry":{"type":"LineString","coordinates":[[-3.60587,37.16646],[-3.60574,37.16651],[-3.60553,37.16616]]}},{"type":"Feature","properties":{"name":"Calle Sorozábal","kind":"road","road":"pedestrian","osm":792840349},"geometry":{"type":"LineString","coordinates":[[-3.60665,37.16647],[-3.60634,37.16659],[-3.60604,37.16671]]}},{"type":"Feature","properties":{"name":"Calle Profesor Agustín Escribano","kind":"road","road":"pedestrian","osm":792840362},"geometry":{"type":"LineString","coordinates":[[-3.60683,37.16484],[-3.60656,37.16494],[-3.60648,37.16497],[-3.6064,37.165],[-3.60613,37.16511]]}},{"type":"Feature","properties":{"name":"Calle Profesor Agustín Escribano","kind":"road","road":"pedestrian","osm":792840367},"geometry":{"type":"LineString","coordinates":[[-3.60763,37.1644],[-3.60738,37.1645],[-3.60734,37.16452],[-3.60725,37.16455],[-3.60703,37.16464],[-3.60695,37.16467]]}},{"type":"Feature","properties":{"name":"Calle Turín","kind":"road","road":"pedestrian","osm":792840380},"geometry":{"type":"LineString","coordinates":[[-3.60522,37.16514],[-3.60537,37.16539],[-3.60544,37.16552],[-3.60559,37.16578]]}},{"type":"Feature","properties":{"name":"Calle Profesor Agustín Escribano","kind":"road","road":"pedestrian","osm":792840381},"geometry":{"type":"LineString","coordinates":[[-3.60605,37.16528],[-3.60575,37.1654],[-3.60544,37.16552],[-3.60529,37.16558],[-3.60484,37.16575]]}},{"type":"Feature","properties":{"name":"Calle Arabial","kind":"road","road":"primary","osm":792848347},"geometry":{"type":"LineString","coordinates":[[-3.60477,37.16583],[-3.60491,37.16606],[-3.60502,37.16625],[-3.60506,37.1663],[-3.60512,37.1664],[-3.60539,37.16685],[-3.60551,37.16704],[-3.60552,37.16707],[-3.60554,37.16709],[-3.60558,37.16717]]}},{"type":"Feature","properties":{"name":"","kind":"park","road":"","osm":793753128},"geometry":{"type":"Polygon","coordinates":[[[-3.60864,37.16408],[-3.60869,37.16418],[-3.60865,37.16419],[-3.60859,37.16422],[-3.60857,37.16418],[-3.60858,37.16416],[-3.60864,37.16408]]]}},{"type":"Feature","properties":{"name":"","kind":"park","road":"","osm":793753130},"geometry":{"type":"Polygon","coordinates":[[[-3.60824,37.16457],[-3.60833,37.16472],[-3.60807,37.16482],[-3.60806,37.16481],[-3.6081,37.16476],[-3.60824,37.16457]]]}},{"type":"Feature","properties":{"name":"","kind":"park","road":"","osm":794760689},"geometry":{"type":"Polygon","coordinates":[[[-3.61283,37.1767],[-3.61291,37.17684],[-3.61291,37.17685],[-3.61289,37.17687],[-3.61197,37.17723],[-3.61196,37.1772],[-3.61188,37.17707],[-3.61204,37.17701],[-3.61283,37.1767]]]}},{"type":"Feature","properties":{"name":"","kind":"park","road":"","osm":794760692},"geometry":{"type":"Polygon","coordinates":[[[-3.61254,37.17672],[-3.61257,37.17676],[-3.61192,37.17702],[-3.61189,37.17697],[-3.61254,37.17672]]]}},{"type":"Feature","properties":{"name":"","kind":"park","road":"","osm":794760693},"geometry":{"type":"Polygon","coordinates":[[[-3.61204,37.17701],[-3.61196,37.1772],[-3.61188,37.17707],[-3.61204,37.17701]]]}},{"type":"Feature","properties":{"name":"","kind":"park","road":"","osm":794760694},"geometry":{"type":"Polygon","coordinates":[[[-3.61206,37.17704],[-3.61212,37.17714],[-3.61199,37.17719],[-3.61206,37.17704]]]}},{"type":"Feature","properties":{"name":"","kind":"park","road":"","osm":794760703},"geometry":{"type":"Polygon","coordinates":[[[-3.6127,37.17572],[-3.61275,37.17579],[-3.6128,37.17574],[-3.61284,37.17579],[-3.61272,37.17584],[-3.61266,37.17577],[-3.6127,37.17572]]]}},{"type":"Feature","properties":{"name":"","kind":"park","road":"","osm":794760704},"geometry":{"type":"Polygon","coordinates":[[[-3.61273,37.17563],[-3.61268,37.17569],[-3.61263,37.17571],[-3.61256,37.17562],[-3.6126,37.17557],[-3.61267,37.17555],[-3.61273,37.17563]]]}},{"type":"Feature","properties":{"name":"","kind":"park","road":"","osm":794760705},"geometry":{"type":"Polygon","coordinates":[[[-3.61264,37.1755],[-3.61256,37.17556],[-3.61253,37.17556],[-3.61247,37.17547],[-3.61251,37.17543],[-3.61257,37.1754],[-3.61264,37.1755]]]}},{"type":"Feature","properties":{"name":"","kind":"park","road":"","osm":794760706},"geometry":{"type":"Polygon","coordinates":[[[-3.61253,37.17535],[-3.61247,37.17542],[-3.61243,37.17542],[-3.61237,37.17533],[-3.61241,37.17529],[-3.61246,37.17526],[-3.61247,37.17526],[-3.61253,37.17535]]]}},{"type":"Feature","properties":{"name":"","kind":"park","road":"","osm":794760707},"geometry":{"type":"Polygon","coordinates":[[[-3.6123,37.17515],[-3.61234,37.17521],[-3.61238,37.17517],[-3.61242,37.17522],[-3.61238,37.17526],[-3.61233,37.17528],[-3.61226,37.17519],[-3.61228,37.17518],[-3.6123,37.17515]]]}},{"type":"Feature","properties":{"name":"","kind":"park","road":"","osm":794760708},"geometry":{"type":"Polygon","coordinates":[[[-3.61207,37.17524],[-3.61208,37.17526],[-3.61192,37.17544],[-3.61187,37.17541],[-3.61185,37.17538],[-3.61202,37.1752],[-3.61207,37.17524]]]}},{"type":"Feature","properties":{"name":"","kind":"park","road":"","osm":794760709},"geometry":{"type":"Polygon","coordinates":[[[-3.61181,37.17543],[-3.61186,37.17546],[-3.61187,37.17549],[-3.6117,37.17567],[-3.61166,37.17565],[-3.61164,37.17562],[-3.61181,37.17543]]]}},{"type":"Feature","properties":{"name":"","kind":"park","road":"","osm":794760710},"geometry":{"type":"Polygon","coordinates":[[[-3.61159,37.17567],[-3.61164,37.17569],[-3.61165,37.17573],[-3.61149,37.17591],[-3.61144,37.17589],[-3.61143,37.17585],[-3.61159,37.17567]]]}},{"type":"Feature","properties":{"name":"","kind":"park","road":"","osm":795563542},"geometry":{"type":"Polygon","coordinates":[[[-3.61417,37.17695],[-3.6141,37.17693],[-3.61401,37.17694],[-3.61395,37.17697],[-3.61389,37.17703],[-3.61384,37.17706],[-3.61384,37.17699],[-3.61385,37.17693],[-3.61403,37.17681],[-3.61409,37.1768],[-3.61416,37.1768],[-3.61422,37.17683],[-3.61436,37.17698],[-3.61457,37.17718],[-3.61505,37.17761],[-3.61533,37.17787],[-3.61542,37.17793],[-3.61548,37.17795],[-3.61556,37.17801],[-3.61555,37.17802],[-3.61533,37.17802],[-3.61531,37.17803],[-3.61517,37.17804],[-3.61521,37.17801],[-3.61491,37.17775],[-3.61486,37.17771],[-3.61443,37.17727],[-3.61422,37.17699],[-3.61417,37.17695]]]}},{"type":"Feature","properties":{"name":"","kind":"park","road":"","osm":795563543},"geometry":{"type":"Polygon","coordinates":[[[-3.61409,37.17697],[-3.61414,37.17698],[-3.61418,37.17701],[-3.61413,37.177],[-3.61409,37.177],[-3.61409,37.17697]]]}},{"type":"Feature","properties":{"name":"","kind":"park","road":"","osm":795563544},"geometry":{"type":"Polygon","coordinates":[[[-3.61404,37.17698],[-3.61404,37.17701],[-3.61396,37.17705],[-3.61394,37.17704],[-3.61397,37.177],[-3.614,37.17698],[-3.61404,37.17698]]]}},{"type":"Feature","properties":{"name":"Calle María Moliner","kind":"road","road":"primary","osm":795563562},"geometry":{"type":"LineString","coordinates":[[-3.61446,37.17838],[-3.61447,37.17839],[-3.61448,37.1784],[-3.61449,37.17841],[-3.61451,37.17842],[-3.61452,37.17843],[-3.61453,37.17844],[-3.61454,37.17845],[-3.61455,37.17846],[-3.61456,37.17847],[-3.61458,37.17847],[-3.61461,37.17849]]}},{"type":"Feature","properties":{"name":"Calle María Moliner","kind":"road","road":"primary","osm":795563564},"geometry":{"type":"LineString","coordinates":[[-3.61451,37.17833],[-3.61439,37.17813],[-3.61438,37.17813],[-3.6141,37.17766],[-3.61382,37.17719],[-3.61381,37.17717],[-3.61379,37.17714],[-3.61377,37.1771]]}},{"type":"Feature","properties":{"name":"Barranco de los Naranjos","kind":"road","road":"pedestrian","osm":800681058},"geometry":{"type":"LineString","coordinates":[[-3.58516,37.18246],[-3.58502,37.18233]]}},{"type":"Feature","properties":{"name":"Calle Verea Baja","kind":"road","road":"pedestrian","osm":800681062},"geometry":{"type":"LineString","coordinates":[[-3.5858,37.18145],[-3.58585,37.18143],[-3.58608,37.18136],[-3.58618,37.18131],[-3.5863,37.1813],[-3.58641,37.18129],[-3.58652,37.18135],[-3.58661,37.18144],[-3.58666,37.18146],[-3.58673,37.18147]]}},{"type":"Feature","properties":{"name":"Calle Verea Baja","kind":"road","road":"pedestrian","osm":800681064},"geometry":{"type":"LineString","coordinates":[[-3.58573,37.18157],[-3.58572,37.18155],[-3.5858,37.18147],[-3.5858,37.18145]]}},{"type":"Feature","properties":{"name":"Barranco de los Naranjos","kind":"road","road":"pedestrian","osm":800681065},"geometry":{"type":"LineString","coordinates":[[-3.58581,37.18176],[-3.58566,37.18185],[-3.58556,37.18191],[-3.58545,37.18197],[-3.58543,37.182],[-3.58543,37.18206],[-3.58546,37.18224],[-3.58551,37.18232],[-3.58554,37.18237],[-3.58555,37.1824],[-3.58555,37.18249],[-3.58561,37.18258],[-3.58562,37.18264],[-3.5857,37.18273],[-3.58576,37.18279]]}},{"type":"Feature","properties":{"name":"Callejón del Pitoño","kind":"road","road":"pedestrian","osm":800681066},"geometry":{"type":"LineString","coordinates":[[-3.58595,37.18113],[-3.58587,37.18116],[-3.58578,37.18122]]}},{"type":"Feature","properties":{"name":"Calle Verea Baja","kind":"road","road":"pedestrian","osm":800681071},"geometry":{"type":"LineString","coordinates":[[-3.58701,37.18137],[-3.5871,37.18135],[-3.58718,37.18136],[-3.58729,37.18138],[-3.58764,37.18157]]}},{"type":"Feature","properties":{"name":"Calle Chirimías","kind":"road","road":"pedestrian","osm":800989597},"geometry":{"type":"LineString","coordinates":[[-3.59043,37.17866],[-3.59043,37.17874],[-3.59043,37.17877]]}},{"type":"Feature","properties":{"name":"Calle Monte de Piedad","kind":"road","road":"pedestrian","osm":801022537},"geometry":{"type":"LineString","coordinates":[[-3.59036,37.17928],[-3.59036,37.1794]]}},{"type":"Feature","properties":{"name":"Calle Espino","kind":"road","road":"pedestrian","osm":801022539},"geometry":{"type":"LineString","coordinates":[[-3.59034,37.17925],[-3.59008,37.17928]]}},{"type":"Feature","properties":{"name":"","kind":"park","road":"","osm":802873510},"geometry":{"type":"Polygon","coordinates":[[[-3.6117,37.18747],[-3.61167,37.18752],[-3.61162,37.18749],[-3.61161,37.18747],[-3.61163,37.18744],[-3.6117,37.18747]]]}},{"type":"Feature","properties":{"name":"Avenida Santa María de la Alhambra","kind":"road","road":"tertiary","osm":803579111},"geometry":{"type":"LineString","coordinates":[[-3.57948,37.16661],[-3.57916,37.16649],[-3.57885,37.16638],[-3.57845,37.16625],[-3.57801,37.16612]]}},{"type":"Feature","properties":{"name":"Avenida Santa María de la Alhambra","kind":"road","road":"tertiary","osm":803579113},"geometry":{"type":"LineString","coordinates":[[-3.57801,37.16612],[-3.57787,37.16608],[-3.57665,37.16571]]}},{"type":"Feature","properties":{"name":"Avenida Santa María de la Alhambra","kind":"road","road":"tertiary","osm":803579114},"geometry":{"type":"LineString","coordinates":[[-3.57665,37.16571],[-3.57585,37.16547]]}},{"type":"Feature","properties":{"name":"Avenida Santa María de la Alhambra","kind":"road","road":"tertiary","osm":803579116},"geometry":{"type":"LineString","coordinates":[[-3.57585,37.16547],[-3.5739,37.16488],[-3.57338,37.16469],[-3.57309,37.16455],[-3.573,37.16449],[-3.57295,37.16446],[-3.57269,37.1643],[-3.57231,37.16405],[-3.57227,37.16402],[-3.57224,37.16401],[-3.57216,37.16395]]}},{"type":"Feature","properties":{"name":"","kind":"park","road":"","osm":804145156},"geometry":{"type":"Polygon","coordinates":[[[-3.57991,37.16878],[-3.57988,37.16877],[-3.57992,37.16859],[-3.57994,37.16856],[-3.57997,37.16855],[-3.58001,37.16855],[-3.58004,37.16856],[-3.58007,37.16857],[-3.58006,37.16859],[-3.58003,37.16857],[-3.58,37.1686],[-3.58004,37.16862],[-3.57991,37.16878]]]}},{"type":"Feature","properties":{"name":"","kind":"park","road":"","osm":804145207},"geometry":{"type":"Polygon","coordinates":[[[-3.57984,37.16889],[-3.58001,37.16898],[-3.57999,37.16901],[-3.57997,37.169],[-3.57994,37.16903],[-3.5799,37.16902],[-3.57978,37.16892],[-3.57984,37.16889]]]}},{"type":"Feature","properties":{"name":"Calle San Matías","kind":"road","road":"tertiary","osm":806646619},"geometry":{"type":"LineString","coordinates":[[-3.59668,37.17446],[-3.59668,37.17451],[-3.59668,37.17452],[-3.59668,37.17461],[-3.59668,37.17489],[-3.59666,37.17515]]}},{"type":"Feature","properties":{"name":"Calle Santiago","kind":"road","road":"secondary","osm":806664229},"geometry":{"type":"LineString","coordinates":[[-3.59335,37.17256],[-3.59349,37.17273],[-3.59361,37.17289]]}},{"type":"Feature","properties":{"name":"Avenida de Andalucía","kind":"road","road":"primary","osm":814532777},"geometry":{"type":"LineString","coordinates":[[-3.61772,37.19091],[-3.61745,37.19078],[-3.61597,37.1901],[-3.61523,37.18975],[-3.61506,37.18967],[-3.61504,37.18966],[-3.61492,37.18961],[-3.61482,37.18956]]}},{"type":"Feature","properties":{"name":"Calle Cruz del Sur","kind":"road","road":"primary","osm":814532803},"geometry":{"type":"LineString","coordinates":[[-3.61479,37.1893],[-3.61481,37.18874],[-3.61482,37.18859],[-3.61482,37.18857],[-3.61482,37.18854],[-3.61483,37.18846],[-3.61483,37.18843]]}},{"type":"Feature","properties":{"name":"","kind":"park","road":"","osm":815162719},"geometry":{"type":"Polygon","coordinates":[[[-3.60903,37.18474],[-3.60901,37.18474],[-3.60905,37.18462],[-3.60906,37.18458],[-3.60906,37.18456],[-3.60905,37.18454],[-3.60903,37.18452],[-3.60901,37.18451],[-3.60899,37.1845],[-3.60896,37.1845],[-3.60893,37.18451],[-3.60891,37.18452],[-3.60888,37.18455],[-3.60891,37.18461],[-3.60894,37.18467],[-3.60897,37.18473],[-3.60893,37.18472],[-3.60892,37.18467],[-3.6089,37.18461],[-3.60887,37.18455],[-3.6089,37.18451],[-3.60892,37.1845],[-3.60895,37.18449],[-3.60899,37.18449],[-3.60902,37.1845],[-3.60904,37.18452],[-3.60906,37.18454],[-3.60907,37.18456],[-3.60907,37.18458],[-3.60906,37.18462],[-3.60903,37.18474]]]}},{"type":"Feature","properties":{"name":"Avenida de Andaluces","kind":"road","road":"secondary","osm":815162721},"geometry":{"type":"LineString","coordinates":[[-3.60876,37.18481],[-3.60861,37.18526],[-3.60861,37.18528],[-3.60855,37.18547],[-3.60844,37.18579],[-3.60843,37.18583],[-3.60841,37.18587],[-3.60839,37.18593]]}},{"type":"Feature","properties":{"name":"Avenida de Andaluces","kind":"road","road":"secondary","osm":815162725},"geometry":{"type":"LineString","coordinates":[[-3.60881,37.18464],[-3.6088,37.18469],[-3.60879,37.18472],[-3.60876,37.18481]]}},{"type":"Feature","properties":{"name":"Avenida de Andaluces","kind":"road","road":"secondary","osm":815162726},"geometry":{"type":"LineString","coordinates":[[-3.60885,37.18453],[-3.60884,37.18456],[-3.60882,37.18462],[-3.60881,37.18464]]}},{"type":"Feature","properties":{"name":"","kind":"park","road":"","osm":815162742},"geometry":{"type":"Polygon","coordinates":[[[-3.60894,37.18477],[-3.60897,37.18478],[-3.6088,37.18529],[-3.60879,37.18529],[-3.60893,37.18487],[-3.60894,37.18481],[-3.60894,37.18477]]]}},{"type":"Feature","properties":{"name":"","kind":"park","road":"","osm":815162743},"geometry":{"type":"Polygon","coordinates":[[[-3.60883,37.18483],[-3.60869,37.18527],[-3.60868,37.18527],[-3.60882,37.18483],[-3.60883,37.18483]]]}},{"type":"Feature","properties":{"name":"","kind":"park","road":"","osm":815162744},"geometry":{"type":"Polygon","coordinates":[[[-3.60877,37.18533],[-3.60878,37.18534],[-3.60865,37.18576],[-3.60864,37.18576],[-3.60877,37.18533]]]}},{"type":"Feature","properties":{"name":"","kind":"park","road":"","osm":815162745},"geometry":{"type":"Polygon","coordinates":[[[-3.60853,37.18578],[-3.60852,37.18578],[-3.60867,37.18532],[-3.60868,37.18532],[-3.60853,37.18578]]]}},{"type":"Feature","properties":{"name":"Calle Postigo de la Cuna","kind":"road","road":"pedestrian","osm":815390004},"geometry":{"type":"LineString","coordinates":[[-3.59922,37.1802],[-3.59922,37.18021],[-3.5993,37.1802],[-3.59931,37.18026],[-3.59944,37.18024]]}},{"type":"Feature","properties":{"name":"Calle Portería Concepción","kind":"road","road":"pedestrian","osm":816158411},"geometry":{"type":"LineString","coordinates":[[-3.59277,37.17896],[-3.59275,37.17896],[-3.59233,37.17903],[-3.59184,37.17909]]}},{"type":"Feature","properties":{"name":"","kind":"park","road":"","osm":816158412},"geometry":{"type":"Polygon","coordinates":[[[-3.59237,37.17956],[-3.59231,37.17959],[-3.59226,37.17946],[-3.5923,37.17945],[-3.59228,37.17939],[-3.59237,37.17936],[-3.59236,37.17932],[-3.59246,37.1793],[-3.59251,37.17929],[-3.59252,37.17933],[-3.59255,37.17939],[-3.59259,37.17946],[-3.5926,37.17947],[-3.59253,37.17953],[-3.59251,37.1795],[-3.59247,37.17952],[-3.59243,37.17954],[-3.59237,37.17956]]]}},{"type":"Feature","properties":{"name":"","kind":"park","road":"","osm":816158413},"geometry":{"type":"Polygon","coordinates":[[[-3.59212,37.17935],[-3.59205,37.17936],[-3.59201,37.17937],[-3.592,37.17932],[-3.59198,37.17932],[-3.59195,37.17921],[-3.59197,37.1792],[-3.59196,37.17914],[-3.59194,37.17914],[-3.59194,37.17913],[-3.59207,37.17911],[-3.59212,37.17935]]]}},{"type":"Feature","properties":{"name":"","kind":"park","road":"","osm":816158417},"geometry":{"type":"Polygon","coordinates":[[[-3.59252,37.17892],[-3.59237,37.17895],[-3.59236,37.17886],[-3.59218,37.17888],[-3.59216,37.17874],[-3.59226,37.17873],[-3.59226,37.17872],[-3.59254,37.1787],[-3.59257,37.17875],[-3.59248,37.17878],[-3.59252,37.17892]]]}},{"type":"Feature","properties":{"name":"","kind":"park","road":"","osm":816158418},"geometry":{"type":"Polygon","coordinates":[[[-3.59108,37.17964],[-3.59106,37.17946],[-3.5912,37.17945],[-3.5912,37.17948],[-3.5912,37.17951],[-3.5912,37.17957],[-3.5912,37.17963],[-3.59121,37.17967],[-3.59114,37.17968],[-3.59113,37.17964],[-3.59111,37.17964],[-3.59108,37.17964]]]}},{"type":"Feature","properties":{"name":"Calle Gloria","kind":"road","road":"pedestrian","osm":816172941},"geometry":{"type":"LineString","coordinates":[[-3.59136,37.17962],[-3.59136,37.1795],[-3.59136,37.1794],[-3.59136,37.17919],[-3.59137,37.17912],[-3.59136,37.17891],[-3.59134,37.17867]]}},{"type":"Feature","properties":{"name":"Plaza de la Ilusión","kind":"road","road":"pedestrian","osm":818514365},"geometry":{"type":"LineString","coordinates":[[-3.61554,37.18231],[-3.61498,37.18215]]}},{"type":"Feature","properties":{"name":"Calle Santo Ángel de la Guarda","kind":"road","road":"pedestrian","osm":818514370},"geometry":{"type":"LineString","coordinates":[[-3.61668,37.18314],[-3.61637,37.18295],[-3.61601,37.18274]]}},{"type":"Feature","properties":{"name":"Calle Tórtola","kind":"road","road":"tertiary","osm":819086272},"geometry":{"type":"LineString","coordinates":[[-3.61105,37.18561],[-3.611,37.1856],[-3.61046,37.18549],[-3.61041,37.18548],[-3.61034,37.18547],[-3.60932,37.18526],[-3.60898,37.1852],[-3.60895,37.18519],[-3.60891,37.18518]]}},{"type":"Feature","properties":{"name":"","kind":"road","road":"pedestrian","osm":819370657},"geometry":{"type":"LineString","coordinates":[[-3.61141,37.18703],[-3.61135,37.18716],[-3.61131,37.18715],[-3.61127,37.18714],[-3.61129,37.18712],[-3.61123,37.18704],[-3.6112,37.18707],[-3.61115,37.18703],[-3.61117,37.18702],[-3.61122,37.18697],[-3.61129,37.18699],[-3.61129,37.187],[-3.61131,37.18701],[-3.61134,37.18702],[-3.61134,37.18701],[-3.61141,37.18703]]}},{"type":"Feature","properties":{"name":"Paseo del Violón","kind":"road","road":"primary","osm":820510903},"geometry":{"type":"LineString","coordinates":[[-3.59633,37.16795],[-3.59642,37.16839],[-3.59643,37.16842]]}},{"type":"Feature","properties":{"name":"","kind":"park","road":"","osm":820907185},"geometry":{"type":"Polygon","coordinates":[[[-3.59664,37.16743],[-3.59668,37.16749],[-3.59655,37.16754],[-3.59652,37.16752],[-3.59656,37.16747],[-3.5966,37.16744],[-3.59664,37.16743]]]}},{"type":"Feature","properties":{"name":"","kind":"park","road":"","osm":820907186},"geometry":{"type":"Polygon","coordinates":[[[-3.59656,37.1676],[-3.59659,37.16766],[-3.59652,37.16769],[-3.59648,37.16762],[-3.59656,37.1676]]]}},{"type":"Feature","properties":{"name":"Calle San Antón","kind":"road","road":"secondary","osm":820907197},"geometry":{"type":"LineString","coordinates":[[-3.59863,37.16733],[-3.59861,37.16729],[-3.59854,37.16717]]}},{"type":"Feature","properties":{"name":"Plaza General Emilio Herrera","kind":"road","road":"tertiary","osm":820907210},"geometry":{"type":"LineString","coordinates":[[-3.59798,37.16807],[-3.59794,37.168],[-3.59782,37.16773],[-3.59782,37.16771]]}},{"type":"Feature","properties":{"name":"","kind":"park","road":"","osm":821362454},"geometry":{"type":"Polygon","coordinates":[[[-3.60006,37.16597],[-3.59983,37.16616],[-3.59983,37.16594],[-3.60001,37.16593],[-3.60001,37.16596],[-3.60006,37.16596],[-3.60006,37.16597]]]}},{"type":"Feature","properties":{"name":"","kind":"park","road":"","osm":821362455},"geometry":{"type":"Polygon","coordinates":[[[-3.60013,37.16494],[-3.60022,37.16504],[-3.60023,37.16523],[-3.60008,37.16523],[-3.60008,37.16522],[-3.60007,37.1652],[-3.60006,37.16519],[-3.60004,37.16518],[-3.60003,37.16517],[-3.60001,37.16517],[-3.60001,37.16506],[-3.60003,37.16506],[-3.60005,37.16504],[-3.60006,37.16503],[-3.60007,37.16501],[-3.60007,37.165],[-3.60007,37.16498],[-3.60013,37.16494]]]}},{"type":"Feature","properties":{"name":"","kind":"park","road":"","osm":821362456},"geometry":{"type":"Polygon","coordinates":[[[-3.59985,37.16495],[-3.59973,37.16508],[-3.59974,37.16524],[-3.59989,37.16524],[-3.5999,37.16522],[-3.5999,37.16521],[-3.59991,37.1652],[-3.59993,37.16518],[-3.59994,37.16518],[-3.59996,37.16517],[-3.59995,37.16507],[-3.59993,37.16506],[-3.59992,37.16505],[-3.5999,37.16504],[-3.59989,37.16502],[-3.59989,37.16501],[-3.59988,37.16499],[-3.59989,37.16497],[-3.59985,37.16495]]]}},{"type":"Feature","properties":{"name":"","kind":"park","road":"","osm":821362457},"geometry":{"type":"Polygon","coordinates":[[[-3.60009,37.1649],[-3.60004,37.16494],[-3.60002,37.16493],[-3.60001,37.16492],[-3.59999,37.16492],[-3.59997,37.16492],[-3.59994,37.16493],[-3.59993,37.16493],[-3.59991,37.16494],[-3.59988,37.16492],[-3.59995,37.16483],[-3.59996,37.16484],[-3.59998,37.16484],[-3.6,37.16483],[-3.60002,37.16483],[-3.60009,37.1649]]]}},{"type":"Feature","properties":{"name":"","kind":"park","road":"","osm":821362458},"geometry":{"type":"Polygon","coordinates":[[[-3.60021,37.16481],[-3.60022,37.16496],[-3.60006,37.16479],[-3.60007,37.16476],[-3.60012,37.16476],[-3.60014,37.16478],[-3.60016,37.1648],[-3.60018,37.16481],[-3.60021,37.16481]]]}},{"type":"Feature","properties":{"name":"","kind":"park","road":"","osm":821362459},"geometry":{"type":"Polygon","coordinates":[[[-3.60021,37.16467],[-3.6002,37.16452],[-3.60005,37.1647],[-3.60007,37.16472],[-3.60013,37.16472],[-3.60014,37.1647],[-3.60016,37.16469],[-3.60018,37.16467],[-3.60021,37.16467]]]}},{"type":"Feature","properties":{"name":"","kind":"park","road":"","osm":821362460},"geometry":{"type":"Polygon","coordinates":[[[-3.60023,37.1647],[-3.60024,37.16472],[-3.60024,37.16476],[-3.60023,37.16478],[-3.6002,37.16478],[-3.60018,37.16477],[-3.60017,37.16476],[-3.60016,37.16475],[-3.60016,37.16473],[-3.60016,37.16472],[-3.60018,37.16471],[-3.6002,37.1647],[-3.60023,37.1647]]]}},{"type":"Feature","properties":{"name":"Paseo del Violón","kind":"road","road":"pedestrian","osm":821362463},"geometry":{"type":"LineString","coordinates":[[-3.60042,37.16587],[-3.6004,37.16539],[-3.6004,37.16535]]}},{"type":"Feature","properties":{"name":"Calle Maestro Lecuona","kind":"road","road":"pedestrian","osm":821362493},"geometry":{"type":"LineString","coordinates":[[-3.60314,37.16636],[-3.60333,37.1663]]}},{"type":"Feature","properties":{"name":"Calle Arabial","kind":"road","road":"primary","osm":821656393},"geometry":{"type":"LineString","coordinates":[[-3.614,37.1812],[-3.61417,37.18148],[-3.61418,37.18151],[-3.6142,37.18153],[-3.61421,37.18156]]}},{"type":"Feature","properties":{"name":"","kind":"road","road":"tertiary","osm":822173238},"geometry":{"type":"LineString","coordinates":[[-3.61519,37.18833],[-3.61524,37.18827],[-3.61532,37.18821]]}},{"type":"Feature","properties":{"name":"Carretera de Málaga","kind":"road","road":"tertiary","osm":822173244},"geometry":{"type":"LineString","coordinates":[[-3.61741,37.18878],[-3.61738,37.18873]]}},{"type":"Feature","properties":{"name":"Carretera de Málaga","kind":"road","road":"tertiary","osm":822173250},"geometry":{"type":"LineString","coordinates":[[-3.61742,37.18895],[-3.61743,37.18893],[-3.61741,37.18878]]}},{"type":"Feature","properties":{"name":"Carretera de Málaga","kind":"road","road":"tertiary","osm":822173256},"geometry":{"type":"LineString","coordinates":[[-3.61543,37.18843],[-3.61555,37.18853],[-3.61616,37.18868],[-3.61715,37.1889],[-3.6172,37.18891],[-3.61731,37.18894],[-3.61737,37.18898]]}},{"type":"Feature","properties":{"name":"Calle Morena","kind":"road","road":"pedestrian","osm":822173277},"geometry":{"type":"LineString","coordinates":[[-3.61611,37.18723],[-3.61605,37.1874],[-3.61599,37.18759],[-3.61584,37.18808]]}},{"type":"Feature","properties":{"name":"Camino de Ronda","kind":"road","road":"pedestrian","osm":822173315},"geometry":{"type":"LineString","coordinates":[[-3.61485,37.18724],[-3.61488,37.18724],[-3.61533,37.18725]]}},{"type":"Feature","properties":{"name":"Calle Algas","kind":"road","road":"pedestrian","osm":824861913},"geometry":{"type":"LineString","coordinates":[[-3.6186,37.18841],[-3.61864,37.18878]]}},{"type":"Feature","properties":{"name":"Calle Dorada","kind":"road","road":"pedestrian","osm":825145736},"geometry":{"type":"LineString","coordinates":[[-3.61865,37.18741],[-3.61863,37.18741],[-3.61845,37.18742],[-3.61841,37.18742]]}},{"type":"Feature","properties":{"name":"Calle Algas","kind":"road","road":"pedestrian","osm":825145808},"geometry":{"type":"LineString","coordinates":[[-3.61851,37.18834],[-3.61855,37.18878]]}},{"type":"Feature","properties":{"name":"","kind":"park","road":"","osm":825151628},"geometry":{"type":"Polygon","coordinates":[[[-3.61778,37.18646],[-3.61778,37.1865],[-3.61773,37.1865],[-3.61773,37.18656],[-3.61764,37.18657],[-3.61763,37.18648],[-3.61792,37.18621],[-3.61796,37.18622],[-3.61777,37.1864],[-3.61778,37.18646]]]}},{"type":"Feature","properties":{"name":"","kind":"park","road":"","osm":825151629},"geometry":{"type":"Polygon","coordinates":[[[-3.6176,37.1863],[-3.6177,37.18631],[-3.61782,37.18622],[-3.61785,37.18622],[-3.61764,37.18643],[-3.61751,37.18643],[-3.6176,37.1863]]]}},{"type":"Feature","properties":{"name":"","kind":"park","road":"","osm":825151630},"geometry":{"type":"Polygon","coordinates":[[[-3.61748,37.18643],[-3.6174,37.18643],[-3.61736,37.18641],[-3.61729,37.18628],[-3.6173,37.18627],[-3.61747,37.18637],[-3.61748,37.18643]]]}},{"type":"Feature","properties":{"name":"","kind":"park","road":"","osm":825151631},"geometry":{"type":"Polygon","coordinates":[[[-3.61757,37.18629],[-3.61752,37.18633],[-3.61747,37.18635],[-3.61731,37.18625],[-3.61733,37.18624],[-3.61757,37.18629]]]}},{"type":"Feature","properties":{"name":"","kind":"park","road":"","osm":825151632},"geometry":{"type":"Polygon","coordinates":[[[-3.6176,37.18875],[-3.61746,37.18801],[-3.61733,37.18733],[-3.61728,37.18709],[-3.61723,37.18693],[-3.61716,37.18676],[-3.61718,37.18678],[-3.61724,37.18693],[-3.61728,37.18709],[-3.61734,37.18733],[-3.61747,37.18801],[-3.6176,37.18875]]]}},{"type":"Feature","properties":{"name":"","kind":"park","road":"","osm":825151633},"geometry":{"type":"Polygon","coordinates":[[[-3.61893,37.18698],[-3.61893,37.187],[-3.61897,37.187],[-3.61894,37.18667],[-3.6189,37.18667],[-3.61893,37.18698]]]}},{"type":"Feature","properties":{"name":"","kind":"park","road":"","osm":825151634},"geometry":{"type":"Polygon","coordinates":[[[-3.61859,37.187],[-3.61859,37.18702],[-3.61841,37.18703],[-3.61841,37.18702],[-3.61859,37.187]]]}},{"type":"Feature","properties":{"name":"","kind":"park","road":"","osm":825151635},"geometry":{"type":"Polygon","coordinates":[[[-3.61835,37.18704],[-3.61833,37.18704],[-3.6183,37.18671],[-3.61832,37.18671],[-3.61835,37.18704]]]}},{"type":"Feature","properties":{"name":"","kind":"park","road":"","osm":825151636},"geometry":{"type":"Polygon","coordinates":[[[-3.61788,37.1873],[-3.61792,37.18782],[-3.61791,37.18782],[-3.61789,37.18763],[-3.61787,37.1876],[-3.61783,37.18757],[-3.61783,37.18751],[-3.61784,37.18751],[-3.61783,37.18732],[-3.61784,37.1873],[-3.61788,37.1873]]]}},{"type":"Feature","properties":{"name":"","kind":"park","road":"","osm":825151637},"geometry":{"type":"Polygon","coordinates":[[[-3.61934,37.18803],[-3.61926,37.18804],[-3.61925,37.18794],[-3.61926,37.18792],[-3.61931,37.18792],[-3.61933,37.18794],[-3.61934,37.18803]]]}},{"type":"Feature","properties":{"name":"","kind":"park","road":"","osm":825151638},"geometry":{"type":"Polygon","coordinates":[[[-3.61935,37.18808],[-3.61936,37.1882],[-3.61934,37.18822],[-3.61929,37.18822],[-3.61927,37.18821],[-3.61926,37.18808],[-3.61935,37.18808]]]}},{"type":"Feature","properties":{"name":"","kind":"park","road":"","osm":825151639},"geometry":{"type":"Polygon","coordinates":[[[-3.61883,37.18829],[-3.61883,37.18832],[-3.6187,37.18833],[-3.61858,37.18833],[-3.6186,37.1883],[-3.61883,37.18829]]]}},{"type":"Feature","properties":{"name":"","kind":"park","road":"","osm":825151640},"geometry":{"type":"Polygon","coordinates":[[[-3.6187,37.18834],[-3.6187,37.18833],[-3.61883,37.18832],[-3.6192,37.1883],[-3.61918,37.18831],[-3.6187,37.18834]]]}},{"type":"Feature","properties":{"name":"","kind":"park","road":"","osm":825151641},"geometry":{"type":"Polygon","coordinates":[[[-3.61922,37.1884],[-3.61923,37.18848],[-3.6192,37.18867],[-3.61918,37.18842],[-3.61922,37.1884]]]}},{"type":"Feature","properties":{"name":"","kind":"park","road":"","osm":825151642},"geometry":{"type":"Polygon","coordinates":[[[-3.61923,37.18848],[-3.61927,37.18861],[-3.61927,37.18874],[-3.61919,37.18875],[-3.6192,37.18867],[-3.61923,37.18848]]]}},{"type":"Feature","properties":{"name":"","kind":"park","road":"","osm":825151643},"geometry":{"type":"Polygon","coordinates":[[[-3.61915,37.18875],[-3.61914,37.18875],[-3.61913,37.18861],[-3.61916,37.18861],[-3.61915,37.18875]]]}},{"type":"Feature","properties":{"name":"","kind":"park","road":"","osm":825151644},"geometry":{"type":"Polygon","coordinates":[[[-3.61933,37.18846],[-3.6193,37.18846],[-3.61932,37.1884],[-3.61933,37.18846]]]}},{"type":"Feature","properties":{"name":"","kind":"park","road":"","osm":825151645},"geometry":{"type":"Polygon","coordinates":[[[-3.61933,37.18848],[-3.61935,37.18857],[-3.61931,37.18857],[-3.61929,37.1885],[-3.61929,37.18848],[-3.61933,37.18848]]]}},{"type":"Feature","properties":{"name":"","kind":"park","road":"","osm":825151653},"geometry":{"type":"Polygon","coordinates":[[[-3.61894,37.18885],[-3.61815,37.18886],[-3.61815,37.18885],[-3.61894,37.18885]]]}},{"type":"Feature","properties":{"name":"","kind":"park","road":"","osm":825151656},"geometry":{"type":"Polygon","coordinates":[[[-3.61894,37.18894],[-3.61815,37.18895],[-3.61799,37.18895],[-3.61782,37.18897],[-3.61781,37.18895],[-3.6177,37.18896],[-3.61766,37.18895],[-3.61765,37.18893],[-3.61894,37.18894]]]}},{"type":"Feature","properties":{"name":"","kind":"park","road":"","osm":825151657},"geometry":{"type":"Polygon","coordinates":[[[-3.61739,37.18891],[-3.61689,37.18881],[-3.61565,37.18854],[-3.61689,37.18883],[-3.6172,37.1889],[-3.61721,37.18888],[-3.61734,37.18893],[-3.61737,37.18893],[-3.61738,37.18892],[-3.61739,37.18891]]]}},{"type":"Feature","properties":{"name":"Plaza de Fortuny","kind":"road","road":"secondary","osm":826055814},"geometry":{"type":"LineString","coordinates":[[-3.59442,37.17371],[-3.59437,37.17366],[-3.59433,37.17362]]}},{"type":"Feature","properties":{"name":"Calle Vidrio de San Lázaro","kind":"road","road":"pedestrian","osm":828132941},"geometry":{"type":"LineString","coordinates":[[-3.60503,37.1856],[-3.60487,37.18582]]}},{"type":"Feature","properties":{"name":"Avenida Doctor Olóriz","kind":"road","road":"primary","osm":828132965},"geometry":{"type":"LineString","coordinates":[[-3.6068,37.18886],[-3.60711,37.18833],[-3.60713,37.1883],[-3.60715,37.18827]]}},{"type":"Feature","properties":{"name":"Avenida Doctor Olóriz","kind":"road","road":"primary","osm":828132966},"geometry":{"type":"LineString","coordinates":[[-3.60715,37.18827],[-3.6073,37.18802]]}},{"type":"Feature","properties":{"name":"Calle Doctor Guirao Gea","kind":"road","road":"tertiary","osm":828132967},"geometry":{"type":"LineString","coordinates":[[-3.60711,37.1882],[-3.6071,37.18817],[-3.60709,37.18811],[-3.60712,37.18803]]}},{"type":"Feature","properties":{"name":"Calle Doctor Guirao Gea","kind":"road","road":"tertiary","osm":828132968},"geometry":{"type":"LineString","coordinates":[[-3.60723,37.188],[-3.6073,37.18802]]}},{"type":"Feature","properties":{"name":"Calle San Juan de Letrán","kind":"road","road":"pedestrian","osm":828415903},"geometry":{"type":"LineString","coordinates":[[-3.60678,37.1871],[-3.60679,37.18708],[-3.60711,37.18674]]}},{"type":"Feature","properties":{"name":"Calle Ciego de Arjona","kind":"road","road":"pedestrian","osm":828415911},"geometry":{"type":"LineString","coordinates":[[-3.60723,37.18573],[-3.6071,37.1859]]}},{"type":"Feature","properties":{"name":"Calle Minas de San Lázaro","kind":"road","road":"pedestrian","osm":828415917},"geometry":{"type":"LineString","coordinates":[[-3.60562,37.18584],[-3.60565,37.1858],[-3.60579,37.18562],[-3.6061,37.18578],[-3.60614,37.1858],[-3.6063,37.18558],[-3.60646,37.18537]]}},{"type":"Feature","properties":{"name":"","kind":"road","road":"pedestrian","osm":828415954},"geometry":{"type":"LineString","coordinates":[[-3.60963,37.18688],[-3.60961,37.18691],[-3.60941,37.18717]]}},{"type":"Feature","properties":{"name":"Placeta Doctor Martínez Castro","kind":"road","road":"pedestrian","osm":828415955},"geometry":{"type":"LineString","coordinates":[[-3.60933,37.18723],[-3.60929,37.18721],[-3.60932,37.18718],[-3.60935,37.18714],[-3.60937,37.18715]]}},{"type":"Feature","properties":{"name":"Calle Ribera del Beiro","kind":"road","road":"primary","osm":828792806},"geometry":{"type":"LineString","coordinates":[[-3.61165,37.189],[-3.61162,37.18902]]}},{"type":"Feature","properties":{"name":"Calle Ribera del Beiro","kind":"road","road":"primary","osm":828792815},"geometry":{"type":"LineString","coordinates":[[-3.61095,37.18986],[-3.61114,37.18958],[-3.61115,37.18956],[-3.61131,37.18938],[-3.61146,37.18922],[-3.61157,37.18912],[-3.61162,37.18902]]}},{"type":"Feature","properties":{"name":"Calle Doctor Castroviejo","kind":"road","road":"tertiary","osm":828792819},"geometry":{"type":"LineString","coordinates":[[-3.60937,37.18985],[-3.60949,37.18967]]}},{"type":"Feature","properties":{"name":"Calle Doctor Castroviejo","kind":"road","road":"tertiary","osm":828792820},"geometry":{"type":"LineString","coordinates":[[-3.60949,37.18967],[-3.60954,37.18957],[-3.60963,37.18944],[-3.60966,37.18939],[-3.60978,37.1892],[-3.60981,37.18915],[-3.60984,37.18911]]}},{"type":"Feature","properties":{"name":"Placeta Santomera","kind":"road","road":"pedestrian","osm":833149449},"geometry":{"type":"LineString","coordinates":[[-3.60127,37.18833],[-3.60137,37.1887],[-3.60136,37.18873],[-3.60138,37.18873],[-3.60139,37.18874]]}},{"type":"Feature","properties":{"name":"Calle Beniel","kind":"road","road":"pedestrian","osm":833149450},"geometry":{"type":"LineString","coordinates":[[-3.60115,37.18878],[-3.60103,37.18843],[-3.60101,37.18837]]}},{"type":"Feature","properties":{"name":"","kind":"road","road":"pedestrian","osm":833149454},"geometry":{"type":"LineString","coordinates":[[-3.60103,37.18843],[-3.60093,37.18846]]}},{"type":"Feature","properties":{"name":"Avenida de Murcia","kind":"road","road":"pedestrian","osm":833149493},"geometry":{"type":"LineString","coordinates":[[-3.60114,37.18721],[-3.60126,37.18748]]}},{"type":"Feature","properties":{"name":"Calle Rector Marín Ocete","kind":"road","road":"primary","osm":836066067},"geometry":{"type":"LineString","coordinates":[[-3.60619,37.1831],[-3.60588,37.183]]}},{"type":"Feature","properties":{"name":"Calle Doctor Severo Ochoa","kind":"road","road":"primary","osm":836066069},"geometry":{"type":"LineString","coordinates":[[-3.60467,37.18396],[-3.60468,37.184],[-3.60467,37.18411],[-3.60467,37.18415]]}},{"type":"Feature","properties":{"name":"Avenida de la Constitución","kind":"road","road":"primary","osm":836066071},"geometry":{"type":"LineString","coordinates":[[-3.60372,37.18392],[-3.60381,37.18398],[-3.60432,37.18427],[-3.60433,37.18428],[-3.60437,37.1843],[-3.60452,37.18437]]}},{"type":"Feature","properties":{"name":"","kind":"park","road":"","osm":836089697},"geometry":{"type":"Polygon","coordinates":[[[-3.60591,37.18142],[-3.60602,37.18121],[-3.60609,37.18123],[-3.60598,37.18142],[-3.60595,37.18143],[-3.60591,37.18142]]]}},{"type":"Feature","properties":{"name":"","kind":"park","road":"","osm":836089698},"geometry":{"type":"Polygon","coordinates":[[[-3.606,37.18113],[-3.60596,37.18113],[-3.60595,37.18112],[-3.60595,37.18108],[-3.60611,37.18095],[-3.60612,37.18095],[-3.6061,37.18098],[-3.60604,37.18106],[-3.606,37.18113]]]}},{"type":"Feature","properties":{"name":"","kind":"park","road":"","osm":836367993},"geometry":{"type":"Polygon","coordinates":[[[-3.61461,37.18505],[-3.61459,37.18505],[-3.61455,37.18488],[-3.61457,37.18489],[-3.61461,37.18505]]]}},{"type":"Feature","properties":{"name":"Calle Profesor Adolfo Rancaño","kind":"road","road":"pedestrian","osm":836367994},"geometry":{"type":"LineString","coordinates":[[-3.60837,37.18382],[-3.60832,37.18374],[-3.6083,37.18368],[-3.60829,37.1836],[-3.60832,37.1835],[-3.60832,37.18348],[-3.60833,37.18346],[-3.60856,37.18277],[-3.60856,37.18275],[-3.60856,37.18268],[-3.60872,37.18223]]}},{"type":"Feature","properties":{"name":"Calle Profesor Adolfo Rancaño","kind":"road","road":"pedestrian","osm":836367997},"geometry":{"type":"LineString","coordinates":[[-3.60867,37.18198],[-3.6089,37.18131],[-3.6089,37.18123],[-3.60888,37.18118],[-3.60886,37.18115],[-3.60881,37.18112]]}},{"type":"Feature","properties":{"name":"Paseo Profesor Juan Ossorio","kind":"road","road":"pedestrian","osm":836368007},"geometry":{"type":"LineString","coordinates":[[-3.61215,37.18238],[-3.61214,37.18238],[-3.61151,37.18262]]}},{"type":"Feature","properties":{"name":"Calle Arabial","kind":"road","road":"primary","osm":836394734},"geometry":{"type":"LineString","coordinates":[[-3.61293,37.17945],[-3.61305,37.17965]]}},{"type":"Feature","properties":{"name":"Calle Recoletos","kind":"road","road":"pedestrian","osm":836394736},"geometry":{"type":"LineString","coordinates":[[-3.61471,37.18139],[-3.61488,37.18145],[-3.61489,37.18143],[-3.6149,37.18141],[-3.61473,37.18135]]}},{"type":"Feature","properties":{"name":"Calle Arabial","kind":"road","road":"primary","osm":836394749},"geometry":{"type":"LineString","coordinates":[[-3.61466,37.1823],[-3.61472,37.18231],[-3.61478,37.18232],[-3.61482,37.1823],[-3.61487,37.18229]]}},{"type":"Feature","properties":{"name":"","kind":"park","road":"","osm":836793893},"geometry":{"type":"Polygon","coordinates":[[[-3.61345,37.18179],[-3.61324,37.18173],[-3.61366,37.18172],[-3.61345,37.18179]]]}},{"type":"Feature","properties":{"name":"","kind":"park","road":"","osm":836793895},"geometry":{"type":"Polygon","coordinates":[[[-3.61319,37.1817],[-3.61312,37.18158],[-3.61298,37.18164],[-3.61319,37.1817]]]}},{"type":"Feature","properties":{"name":"Calle Venecia","kind":"road","road":"pedestrian","osm":836793898},"geometry":{"type":"LineString","coordinates":[[-3.61312,37.18131],[-3.61347,37.18119]]}},{"type":"Feature","properties":{"name":"Calle Gonzalo Gallas","kind":"road","road":"secondary","osm":836793927},"geometry":{"type":"LineString","coordinates":[[-3.61018,37.17885],[-3.60988,37.17838],[-3.60986,37.17835],[-3.60983,37.1783],[-3.6098,37.17825]]}},{"type":"Feature","properties":{"name":"Calle Profesor Adolfo Rancaño","kind":"road","road":"pedestrian","osm":836793952},"geometry":{"type":"LineString","coordinates":[[-3.6088,37.18201],[-3.60903,37.18131],[-3.60903,37.18124],[-3.60901,37.18115],[-3.60896,37.18106]]}},{"type":"Feature","properties":{"name":"Calle Profesor Adolfo Rancaño","kind":"road","road":"pedestrian","osm":836793953},"geometry":{"type":"LineString","coordinates":[[-3.60896,37.18106],[-3.60916,37.18099],[-3.60918,37.18098]]}},{"type":"Feature","properties":{"name":"Calle Alcalde Yoldi Bereau","kind":"road","road":"pedestrian","osm":836793955},"geometry":{"type":"LineString","coordinates":[[-3.60896,37.18106],[-3.60885,37.18096],[-3.60883,37.18094],[-3.60821,37.18046],[-3.60818,37.18044]]}},{"type":"Feature","properties":{"name":"Calle Sevilla","kind":"road","road":"pedestrian","osm":837796082},"geometry":{"type":"LineString","coordinates":[[-3.61096,37.17711],[-3.61036,37.17735]]}},{"type":"Feature","properties":{"name":"Glorieta de Arabial","kind":"road","road":"pedestrian","osm":837796115},"geometry":{"type":"LineString","coordinates":[[-3.60882,37.17476],[-3.60917,37.17463],[-3.60969,37.17442],[-3.60987,37.17435]]}},{"type":"Feature","properties":{"name":"Camino de Ronda","kind":"road","road":"primary","osm":837796139},"geometry":{"type":"LineString","coordinates":[[-3.60795,37.1737],[-3.60822,37.17416],[-3.60824,37.17418],[-3.60831,37.1743]]}},{"type":"Feature","properties":{"name":"Camino de Ronda","kind":"road","road":"primary","osm":837796140},"geometry":{"type":"LineString","coordinates":[[-3.60778,37.17325],[-3.60775,37.17319],[-3.60773,37.17316],[-3.60744,37.17269],[-3.60732,37.17248],[-3.60726,37.17239],[-3.60723,37.17235],[-3.60722,37.17232],[-3.60715,37.17221]]}},{"type":"Feature","properties":{"name":"Camino de Ronda","kind":"road","road":"primary","osm":837796141},"geometry":{"type":"LineString","coordinates":[[-3.60785,37.17336],[-3.60778,37.17325]]}},{"type":"Feature","properties":{"name":"Camino de Purchil","kind":"road","road":"secondary","osm":837796142},"geometry":{"type":"LineString","coordinates":[[-3.60843,37.1735],[-3.60812,37.17357],[-3.60809,37.17357],[-3.608,37.1736]]}},{"type":"Feature","properties":{"name":"Calle Pedro Antonio de Alarcón","kind":"road","road":"secondary","osm":838181248},"geometry":{"type":"LineString","coordinates":[[-3.60518,37.17089],[-3.60508,37.17074],[-3.60506,37.17071],[-3.605,37.17063]]}},{"type":"Feature","properties":{"name":"Calle Obispo Hurtado","kind":"road","road":"secondary","osm":838181263},"geometry":{"type":"LineString","coordinates":[[-3.60607,37.17419],[-3.60615,37.17413],[-3.60617,37.17412],[-3.60635,37.17406],[-3.60642,37.17403],[-3.60682,37.17387],[-3.60685,37.17386],[-3.60695,37.17381],[-3.60703,37.17378],[-3.60705,37.17377],[-3.60736,37.17365]]}},{"type":"Feature","properties":{"name":"Calle Obispo Hurtado","kind":"road","road":"secondary","osm":838181264},"geometry":{"type":"LineString","coordinates":[[-3.60736,37.17365],[-3.60767,37.17353],[-3.6077,37.17352],[-3.60774,37.1735],[-3.60775,37.17349],[-3.60781,37.17347]]}},{"type":"Feature","properties":{"name":"Calle Infanta Beatriz","kind":"road","road":"pedestrian","osm":838181270},"geometry":{"type":"LineString","coordinates":[[-3.60711,37.17318],[-3.60742,37.17306]]}},{"type":"Feature","properties":{"name":"Calle Azorín","kind":"road","road":"tertiary","osm":838181271},"geometry":{"type":"LineString","coordinates":[[-3.6066,37.17243],[-3.60664,37.17241],[-3.60693,37.1723],[-3.60696,37.17229],[-3.60699,37.17228],[-3.60707,37.17225]]}},{"type":"Feature","properties":{"name":"Calle José Recuerda","kind":"road","road":"pedestrian","osm":838181283},"geometry":{"type":"LineString","coordinates":[[-3.60855,37.1729],[-3.6084,37.17265]]}},{"type":"Feature","properties":{"name":"Calle José Recuerda","kind":"road","road":"pedestrian","osm":838181284},"geometry":{"type":"LineString","coordinates":[[-3.60822,37.17303],[-3.60806,37.17278]]}},{"type":"Feature","properties":{"name":"Calle Arabial","kind":"road","road":"primary","osm":838513510},"geometry":{"type":"LineString","coordinates":[[-3.60751,37.17031],[-3.60753,37.17035],[-3.60756,37.17039],[-3.60758,37.17042],[-3.60778,37.17075],[-3.60795,37.17103]]}},{"type":"Feature","properties":{"name":"Calle Arabial","kind":"road","road":"primary","osm":838513512},"geometry":{"type":"LineString","coordinates":[[-3.60795,37.17103],[-3.60808,37.17124],[-3.60811,37.17129],[-3.60814,37.17134],[-3.60815,37.17135]]}},{"type":"Feature","properties":{"name":"Calle Arabial","kind":"road","road":"primary","osm":838513513},"geometry":{"type":"LineString","coordinates":[[-3.60815,37.17135],[-3.60838,37.17174],[-3.60849,37.17192],[-3.60856,37.17202],[-3.60858,37.17206],[-3.60861,37.17211],[-3.60866,37.17219],[-3.60901,37.17276],[-3.60921,37.1731],[-3.60923,37.17313],[-3.60925,37.17315],[-3.60933,37.1733]]}},{"type":"Feature","properties":{"name":"Calle Virgen Blanca","kind":"road","road":"secondary","osm":838513531},"geometry":{"type":"LineString","coordinates":[[-3.60681,37.17083],[-3.60674,37.17086],[-3.60645,37.17107]]}},{"type":"Feature","properties":{"name":"Calle Formosa","kind":"road","road":"pedestrian","osm":838953188},"geometry":{"type":"LineString","coordinates":[[-3.60685,37.16998],[-3.60673,37.16982]]}},{"type":"Feature","properties":{"name":"Calle Neptuno","kind":"road","road":"primary","osm":838953198},"geometry":{"type":"LineString","coordinates":[[-3.60642,37.16988],[-3.60687,37.16963],[-3.60703,37.16954]]}},{"type":"Feature","properties":{"name":"Paseo Jardín de la Reina","kind":"road","road":"secondary","osm":839266025},"geometry":{"type":"LineString","coordinates":[[-3.6027,37.16307],[-3.60279,37.16323],[-3.60281,37.16327],[-3.60284,37.16332],[-3.60295,37.1635],[-3.60299,37.16356],[-3.60348,37.16438],[-3.60351,37.16444],[-3.60354,37.16448],[-3.6039,37.16507],[-3.60391,37.1651],[-3.60393,37.16513],[-3.60396,37.16517]]}},{"type":"Feature","properties":{"name":"Calle Adelfa","kind":"road","road":"pedestrian","osm":839266026},"geometry":{"type":"LineString","coordinates":[[-3.6029,37.16359],[-3.60217,37.16387]]}},{"type":"Feature","properties":{"name":"Calle Albahaca","kind":"road","road":"pedestrian","osm":839266032},"geometry":{"type":"LineString","coordinates":[[-3.60359,37.16439],[-3.60476,37.16397]]}},{"type":"Feature","properties":{"name":"Calle Andarax","kind":"road","road":"tertiary","osm":840124902},"geometry":{"type":"LineString","coordinates":[[-3.58657,37.18684],[-3.58655,37.18682],[-3.58648,37.18677],[-3.58644,37.18676]]}},{"type":"Feature","properties":{"name":"Camino de la Ermita","kind":"road","road":"tertiary","osm":840124903},"geometry":{"type":"LineString","coordinates":[[-3.58635,37.18695],[-3.58638,37.18686],[-3.58639,37.18684]]}},{"type":"Feature","properties":{"name":"Camino de la Ermita","kind":"road","road":"tertiary","osm":840124904},"geometry":{"type":"LineString","coordinates":[[-3.58632,37.18682],[-3.58632,37.18685],[-3.58634,37.18693],[-3.58635,37.18695]]}},{"type":"Feature","properties":{"name":"Calle Andarax","kind":"road","road":"tertiary","osm":840124908},"geometry":{"type":"LineString","coordinates":[[-3.58643,37.18683],[-3.58648,37.18683],[-3.58653,37.18684],[-3.58657,37.18684]]}},{"type":"Feature","properties":{"name":"","kind":"road","road":"tertiary","osm":840124909},"geometry":{"type":"LineString","coordinates":[[-3.58644,37.18676],[-3.58643,37.18674],[-3.58641,37.18673],[-3.58639,37.18673],[-3.58637,37.18673]]}},{"type":"Feature","properties":{"name":"","kind":"road","road":"tertiary","osm":840124910},"geometry":{"type":"LineString","coordinates":[[-3.58631,37.18681],[-3.58632,37.18682]]}},{"type":"Feature","properties":{"name":"","kind":"road","road":"tertiary","osm":840124911},"geometry":{"type":"LineString","coordinates":[[-3.58643,37.18683],[-3.58645,37.18681],[-3.58645,37.18679],[-3.58645,37.18677],[-3.58644,37.18676]]}},{"type":"Feature","properties":{"name":"","kind":"road","road":"tertiary","osm":840124912},"geometry":{"type":"LineString","coordinates":[[-3.58639,37.18684],[-3.58642,37.18684],[-3.58643,37.18683]]}},{"type":"Feature","properties":{"name":"","kind":"road","road":"tertiary","osm":840124913},"geometry":{"type":"LineString","coordinates":[[-3.58632,37.18682],[-3.58634,37.18683],[-3.58636,37.18684],[-3.58637,37.18684],[-3.58639,37.18684]]}},{"type":"Feature","properties":{"name":"","kind":"road","road":"tertiary","osm":840124914},"geometry":{"type":"LineString","coordinates":[[-3.58632,37.18676],[-3.58631,37.18677],[-3.58631,37.18679],[-3.58631,37.18681]]}},{"type":"Feature","properties":{"name":"","kind":"road","road":"tertiary","osm":840124915},"geometry":{"type":"LineString","coordinates":[[-3.58637,37.18673],[-3.58635,37.18673],[-3.58633,37.18674],[-3.58632,37.18676]]}},{"type":"Feature","properties":{"name":"","kind":"road","road":"pedestrian","osm":840124971},"geometry":{"type":"LineString","coordinates":[[-3.59066,37.18762],[-3.59045,37.18752]]}},{"type":"Feature","properties":{"name":"Calle Jardines Altos","kind":"road","road":"tertiary","osm":840124986},"geometry":{"type":"LineString","coordinates":[[-3.59015,37.18659],[-3.59013,37.18655],[-3.59003,37.18636],[-3.58983,37.18603],[-3.5898,37.18601],[-3.58938,37.18584]]}},{"type":"Feature","properties":{"name":"Camino de la Ermita","kind":"road","road":"pedestrian","osm":840161282},"geometry":{"type":"LineString","coordinates":[[-3.58747,37.185],[-3.58751,37.18498],[-3.58759,37.18505],[-3.58788,37.18487],[-3.58794,37.18482],[-3.58795,37.18477],[-3.58782,37.18464]]}},{"type":"Feature","properties":{"name":"Camino Viejo del Fargue","kind":"road","road":"secondary","osm":840491441},"geometry":{"type":"LineString","coordinates":[[-3.58983,37.18903],[-3.58981,37.18908],[-3.58978,37.18915]]}},{"type":"Feature","properties":{"name":"","kind":"road","road":"tertiary","osm":840491442},"geometry":{"type":"LineString","coordinates":[[-3.58983,37.18903],[-3.58987,37.18905],[-3.58992,37.18907]]}},{"type":"Feature","properties":{"name":"Calle Consuelo","kind":"road","road":"pedestrian","osm":840491496},"geometry":{"type":"LineString","coordinates":[[-3.59181,37.18807],[-3.59175,37.1878]]}},{"type":"Feature","properties":{"name":"Calle Bidasoa","kind":"road","road":"tertiary","osm":840491571},"geometry":{"type":"LineString","coordinates":[[-3.59161,37.18989],[-3.59162,37.18985],[-3.59161,37.18978],[-3.5916,37.18972],[-3.5916,37.18967],[-3.59162,37.18965],[-3.59154,37.18923],[-3.59153,37.18919],[-3.59144,37.18879],[-3.59144,37.18875],[-3.59136,37.18838],[-3.59135,37.18835]]}},{"type":"Feature","properties":{"name":"Placeta de Manflor","kind":"road","road":"pedestrian","osm":840491583},"geometry":{"type":"LineString","coordinates":[[-3.5923,37.1871],[-3.59222,37.18708],[-3.59216,37.18706],[-3.592,37.18701],[-3.59225,37.187],[-3.5923,37.18699],[-3.59232,37.18702],[-3.59231,37.18706],[-3.5923,37.1871]]}},{"type":"Feature","properties":{"name":"Calle Cármenes de Gadeo","kind":"road","road":"tertiary","osm":840491585},"geometry":{"type":"LineString","coordinates":[[-3.59257,37.18731],[-3.59259,37.18726],[-3.5926,37.18698],[-3.5926,37.18696],[-3.5926,37.18691]]}},{"type":"Feature","properties":{"name":"","kind":"park","road":"","osm":840499492},"geometry":{"type":"Polygon","coordinates":[[[-3.60649,37.16959],[-3.60649,37.16958],[-3.60673,37.16946],[-3.60656,37.16917],[-3.60626,37.16928],[-3.60643,37.16957],[-3.60649,37.16959]]]}},{"type":"Feature","properties":{"name":"Calle Gaviota","kind":"road","road":"pedestrian","osm":840522165},"geometry":{"type":"LineString","coordinates":[[-3.6125,37.18535],[-3.61244,37.18534],[-3.61243,37.18534],[-3.61203,37.18529]]}},{"type":"Feature","properties":{"name":"Plaza de San Cristóbal","kind":"road","road":"pedestrian","osm":840887706},"geometry":{"type":"LineString","coordinates":[[-3.59686,37.18365],[-3.59682,37.18362]]}},{"type":"Feature","properties":{"name":"Plaza de San Cristóbal","kind":"road","road":"pedestrian","osm":840887708},"geometry":{"type":"LineString","coordinates":[[-3.5966,37.18347],[-3.59656,37.18343],[-3.59647,37.18334],[-3.59621,37.18326]]}},{"type":"Feature","properties":{"name":"","kind":"road","road":"pedestrian","osm":840887714},"geometry":{"type":"LineString","coordinates":[[-3.59498,37.18604],[-3.59494,37.18597],[-3.59484,37.18601],[-3.59481,37.18606],[-3.59471,37.18611]]}},{"type":"Feature","properties":{"name":"","kind":"road","road":"pedestrian","osm":840887716},"geometry":{"type":"LineString","coordinates":[[-3.5948,37.18624],[-3.59475,37.18616],[-3.59471,37.18611],[-3.59462,37.18598],[-3.5946,37.18595]]}},{"type":"Feature","properties":{"name":"","kind":"road","road":"pedestrian","osm":840887717},"geometry":{"type":"LineString","coordinates":[[-3.59475,37.18616],[-3.59467,37.1862],[-3.59466,37.18618],[-3.59463,37.18614],[-3.59471,37.18611]]}},{"type":"Feature","properties":{"name":"","kind":"road","road":"pedestrian","osm":840887718},"geometry":{"type":"LineString","coordinates":[[-3.59466,37.18618],[-3.59463,37.1862]]}},{"type":"Feature","properties":{"name":"","kind":"road","road":"pedestrian","osm":840887720},"geometry":{"type":"LineString","coordinates":[[-3.59461,37.18621],[-3.59457,37.18622]]}},{"type":"Feature","properties":{"name":"","kind":"road","road":"pedestrian","osm":840887721},"geometry":{"type":"LineString","coordinates":[[-3.5946,37.18627],[-3.59451,37.18631],[-3.59449,37.18629],[-3.59446,37.18624],[-3.59456,37.1862],[-3.59457,37.18622],[-3.5946,37.18627]]}},{"type":"Feature","properties":{"name":"","kind":"road","road":"pedestrian","osm":840887722},"geometry":{"type":"LineString","coordinates":[[-3.59449,37.18629],[-3.59443,37.18631]]}},{"type":"Feature","properties":{"name":"","kind":"road","road":"pedestrian","osm":840887724},"geometry":{"type":"LineString","coordinates":[[-3.59437,37.18634],[-3.59423,37.1864],[-3.59421,37.18641]]}},{"type":"Feature","properties":{"name":"","kind":"road","road":"pedestrian","osm":840887726},"geometry":{"type":"LineString","coordinates":[[-3.59544,37.18539],[-3.59552,37.18533],[-3.59563,37.1854]]}},{"type":"Feature","properties":{"name":"Camino de San Antonio","kind":"road","road":"secondary","osm":840887728},"geometry":{"type":"LineString","coordinates":[[-3.59569,37.18557],[-3.59593,37.18534],[-3.59605,37.18525],[-3.59608,37.18523],[-3.59615,37.18522],[-3.59621,37.18522]]}},{"type":"Feature","properties":{"name":"","kind":"road","road":"pedestrian","osm":840887730},"geometry":{"type":"LineString","coordinates":[[-3.59541,37.18542],[-3.59533,37.18549],[-3.59522,37.18559]]}},{"type":"Feature","properties":{"name":"","kind":"road","road":"pedestrian","osm":840887732},"geometry":{"type":"LineString","coordinates":[[-3.59519,37.18565],[-3.59511,37.18572],[-3.59505,37.18568]]}},{"type":"Feature","properties":{"name":"","kind":"road","road":"pedestrian","osm":840887733},"geometry":{"type":"LineString","coordinates":[[-3.59524,37.18568],[-3.59519,37.18565],[-3.59517,37.18563],[-3.59518,37.18562]]}},{"type":"Feature","properties":{"name":"","kind":"road","road":"pedestrian","osm":840887734},"geometry":{"type":"LineString","coordinates":[[-3.59498,37.18563],[-3.59482,37.18577]]}},{"type":"Feature","properties":{"name":"","kind":"road","road":"pedestrian","osm":840887736},"geometry":{"type":"LineString","coordinates":[[-3.59511,37.18572],[-3.59493,37.18588]]}},{"type":"Feature","properties":{"name":"","kind":"road","road":"pedestrian","osm":840887739},"geometry":{"type":"LineString","coordinates":[[-3.59462,37.18598],[-3.59453,37.18602]]}},{"type":"Feature","properties":{"name":"","kind":"road","road":"pedestrian","osm":840887741},"geometry":{"type":"LineString","coordinates":[[-3.59449,37.18604],[-3.59448,37.18604],[-3.59443,37.18598]]}},{"type":"Feature","properties":{"name":"","kind":"road","road":"pedestrian","osm":840887742},"geometry":{"type":"LineString","coordinates":[[-3.59418,37.18629],[-3.59425,37.18626]]}},{"type":"Feature","properties":{"name":"","kind":"road","road":"pedestrian","osm":840887744},"geometry":{"type":"LineString","coordinates":[[-3.59419,37.18633],[-3.59416,37.18634]]}},{"type":"Feature","properties":{"name":"Carretera de Murcia","kind":"road","road":"secondary","osm":841243407},"geometry":{"type":"LineString","coordinates":[[-3.59309,37.18684],[-3.59309,37.1869],[-3.59309,37.18692],[-3.59308,37.18699],[-3.59305,37.1871],[-3.593,37.1873],[-3.59298,37.18736],[-3.59297,37.18743],[-3.59297,37.18749],[-3.59297,37.18755],[-3.59298,37.18761],[-3.593,37.18768],[-3.59322,37.18817],[-3.59326,37.18831],[-3.59328,37.18838],[-3.59329,37.18847],[-3.59329,37.18855],[-3.59328,37.1888],[-3.59327,37.18894],[-3.59326,37.18915],[-3.59325,37.18941],[-3.59324,37.1895]]}},{"type":"Feature","properties":{"name":"Calle Brujones","kind":"road","road":"pedestrian","osm":841243421},"geometry":{"type":"LineString","coordinates":[[-3.59558,37.18337],[-3.59564,37.18326],[-3.59583,37.18321]]}},{"type":"Feature","properties":{"name":"Plaza Mirador de San Cristobal","kind":"road","road":"pedestrian","osm":841243437},"geometry":{"type":"LineString","coordinates":[[-3.59597,37.18294],[-3.59586,37.18298],[-3.59578,37.18302],[-3.59578,37.18309],[-3.59579,37.18314],[-3.5958,37.18317],[-3.59583,37.18321],[-3.59587,37.18325],[-3.59592,37.18328],[-3.59597,37.18331]]}},{"type":"Feature","properties":{"name":"Callejón del Conde","kind":"road","road":"pedestrian","osm":841243446},"geometry":{"type":"LineString","coordinates":[[-3.59161,37.18446],[-3.59142,37.18447],[-3.59141,37.18462]]}},{"type":"Feature","properties":{"name":"Carretera de Murcia","kind":"road","road":"secondary","osm":841282802},"geometry":{"type":"LineString","coordinates":[[-3.59971,37.18797],[-3.59966,37.18798],[-3.59953,37.18794],[-3.59949,37.18794]]}},{"type":"Feature","properties":{"name":"Carretera de Murcia","kind":"road","road":"secondary","osm":841282803},"geometry":{"type":"LineString","coordinates":[[-3.59949,37.18794],[-3.59958,37.18799],[-3.59966,37.18801],[-3.59974,37.18803],[-3.59977,37.18803],[-3.59993,37.18807],[-3.60003,37.18812],[-3.60014,37.1882],[-3.6002,37.18825]]}},{"type":"Feature","properties":{"name":"Carretera de Murcia","kind":"road","road":"secondary","osm":841282804},"geometry":{"type":"LineString","coordinates":[[-3.59971,37.18797],[-3.59958,37.18793],[-3.59942,37.18785]]}},{"type":"Feature","properties":{"name":"Callejón de Lebrija","kind":"road","road":"tertiary","osm":841282812},"geometry":{"type":"LineString","coordinates":[[-3.59686,37.18888],[-3.59665,37.18901],[-3.59661,37.18903],[-3.59604,37.18917],[-3.5955,37.18924],[-3.59523,37.18926],[-3.59506,37.18929],[-3.59497,37.18929],[-3.5949,37.18928]]}},{"type":"Feature","properties":{"name":"Calle Acera de San Ildefonso","kind":"road","road":"tertiary","osm":841282826},"geometry":{"type":"LineString","coordinates":[[-3.60015,37.18482],[-3.60014,37.18489],[-3.60014,37.18504],[-3.60014,37.18508]]}},{"type":"Feature","properties":{"name":"Avenida de Madrid","kind":"road","road":"pedestrian","osm":841671029},"geometry":{"type":"LineString","coordinates":[[-3.60425,37.18483],[-3.60423,37.18483],[-3.60419,37.18482],[-3.60408,37.18477],[-3.6041,37.18474]]}},{"type":"Feature","properties":{"name":"Calle Nueva de Cartuja","kind":"road","road":"tertiary","osm":841671045},"geometry":{"type":"LineString","coordinates":[[-3.60155,37.18664],[-3.60133,37.18629]]}},{"type":"Feature","properties":{"name":"Calle Yeseros","kind":"road","road":"pedestrian","osm":841671068},"geometry":{"type":"LineString","coordinates":[[-3.59936,37.18747],[-3.59916,37.18743]]}},{"type":"Feature","properties":{"name":"Calle Real de Cartuja","kind":"road","road":"tertiary","osm":841671091},"geometry":{"type":"LineString","coordinates":[[-3.60007,37.18583],[-3.60007,37.18575],[-3.60011,37.18546],[-3.60016,37.18518],[-3.60017,37.18508]]}},{"type":"Feature","properties":{"name":"Calle Acera de San Ildefonso","kind":"road","road":"tertiary","osm":841671092},"geometry":{"type":"LineString","coordinates":[[-3.60017,37.18508],[-3.60017,37.18504],[-3.60017,37.18489],[-3.60018,37.18482],[-3.6002,37.18476],[-3.60022,37.18472],[-3.60022,37.18469]]}},{"type":"Feature","properties":{"name":"Avenida Capitán Moreno","kind":"road","road":"secondary","osm":841671101},"geometry":{"type":"LineString","coordinates":[[-3.59992,37.18281],[-3.59986,37.18274],[-3.59983,37.18269],[-3.59982,37.18266]]}},{"type":"Feature","properties":{"name":"Calle Guevara Pozo","kind":"road","road":"pedestrian","osm":841701256},"geometry":{"type":"LineString","coordinates":[[-3.60541,37.18047],[-3.60487,37.18073]]}},{"type":"Feature","properties":{"name":"Calle Sevilla","kind":"road","road":"pedestrian","osm":842429861},"geometry":{"type":"LineString","coordinates":[[-3.61099,37.1771],[-3.61096,37.17711]]}},{"type":"Feature","properties":{"name":"Calle Mejorana","kind":"road","road":"pedestrian","osm":846054399},"geometry":{"type":"LineString","coordinates":[[-3.5838,37.16838],[-3.58356,37.16837],[-3.58347,37.16838],[-3.58334,37.16841]]}},{"type":"Feature","properties":{"name":"Camino Nuevo del Cementerio","kind":"road","road":"pedestrian","osm":846054409},"geometry":{"type":"LineString","coordinates":[[-3.58321,37.16881],[-3.5831,37.16882],[-3.58298,37.16883],[-3.58286,37.16882],[-3.58277,37.16882]]}},{"type":"Feature","properties":{"name":"Calle Alta Barranco Abogado","kind":"road","road":"pedestrian","osm":846054431},"geometry":{"type":"LineString","coordinates":[[-3.58576,37.17062],[-3.58581,37.1706],[-3.58594,37.1705]]}},{"type":"Feature","properties":{"name":"Paseo de las Palmas","kind":"road","road":"tertiary","osm":846418074},"geometry":{"type":"LineString","coordinates":[[-3.58661,37.16855],[-3.58644,37.16847],[-3.58631,37.16841],[-3.5862,37.16834],[-3.58583,37.16804]]}},{"type":"Feature","properties":{"name":"Paseo de las Palmas","kind":"road","road":"tertiary","osm":846418075},"geometry":{"type":"LineString","coordinates":[[-3.58583,37.16804],[-3.58558,37.16785],[-3.58517,37.16754],[-3.58506,37.16745],[-3.58496,37.16734],[-3.58485,37.16725],[-3.58478,37.16719],[-3.58468,37.16712],[-3.58461,37.16709],[-3.58458,37.16707],[-3.5845,37.16704],[-3.58443,37.16701],[-3.58421,37.16694],[-3.58415,37.16692],[-3.58401,37.16688],[-3.58376,37.16683],[-3.58344,37.16676],[-3.58317,37.16667],[-3.58305,37.16661],[-3.58291,37.16652],[-3.5827,37.1664],[-3.58249,37.1663],[-3.58229,37.16618],[-3.58185,37.16589],[-3.58164,37.16578],[-3.5815,37.16571],[-3.58144,37.16569],[-3.58133,37.16568],[-3.58113,37.16563],[-3.58092,37.16556],[-3.58076,37.16549],[-3.58065,37.16546],[-3.58057,37.16545],[-3.5804,37.16546],[-3.58035,37.16545],[-3.58004,37.16535],[-3.57998,37.16533],[-3.57955,37.16512],[-3.57911,37.16498],[-3.57898,37.16494],[-3.57876,37.16486]]}},{"type":"Feature","properties":{"name":"Paseo de las Palmas","kind":"road","road":"tertiary","osm":846418101},"geometry":{"type":"LineString","coordinates":[[-3.58698,37.16872],[-3.58679,37.16863],[-3.58661,37.16855]]}},{"type":"Feature","properties":{"name":"","kind":"park","road":"","osm":846421099},"geometry":{"type":"Polygon","coordinates":[[[-3.57846,37.16376],[-3.57844,37.16381],[-3.57847,37.16381],[-3.57837,37.16405],[-3.57835,37.1641],[-3.57824,37.16434],[-3.57822,37.16438],[-3.57816,37.16437],[-3.57812,37.16373],[-3.57813,37.16371],[-3.57815,37.1637],[-3.57846,37.16376]]]}},{"type":"Feature","properties":{"name":"","kind":"road","road":"pedestrian","osm":848422125},"geometry":{"type":"LineString","coordinates":[[-3.58808,37.16276],[-3.58749,37.16286]]}},{"type":"Feature","properties":{"name":"Pasaje Quinta Alegre","kind":"road","road":"pedestrian","osm":849715935},"geometry":{"type":"LineString","coordinates":[[-3.58723,37.16465],[-3.58678,37.16469]]}},{"type":"Feature","properties":{"name":"Calle San Antón Viejo","kind":"road","road":"pedestrian","osm":849715943},"geometry":{"type":"LineString","coordinates":[[-3.58827,37.16551],[-3.58818,37.16546],[-3.58815,37.16551],[-3.58819,37.16553]]}},{"type":"Feature","properties":{"name":"Plaza Puntal de Vacares","kind":"road","road":"pedestrian","osm":849715947},"geometry":{"type":"LineString","coordinates":[[-3.58708,37.16508],[-3.58707,37.16509],[-3.58706,37.16509],[-3.58705,37.16509],[-3.58704,37.16509],[-3.58703,37.16508],[-3.58703,37.16507],[-3.58702,37.16506],[-3.58703,37.16506],[-3.58703,37.16505],[-3.58704,37.16504],[-3.58705,37.16504],[-3.58706,37.16504],[-3.58707,37.16504],[-3.58708,37.16504],[-3.58709,37.16505],[-3.58709,37.16506],[-3.58709,37.16507],[-3.58708,37.16508]]}},{"type":"Feature","properties":{"name":"","kind":"park","road":"","osm":849730263},"geometry":{"type":"Polygon","coordinates":[[[-3.5873,37.16404],[-3.58735,37.1641],[-3.58731,37.16412],[-3.58727,37.1641],[-3.5873,37.16404]]]}},{"type":"Feature","properties":{"name":"","kind":"park","road":"","osm":849730264},"geometry":{"type":"Polygon","coordinates":[[[-3.58729,37.16413],[-3.58722,37.16417],[-3.58721,37.16415],[-3.58721,37.16413],[-3.58722,37.16412],[-3.58725,37.16411],[-3.58727,37.16412],[-3.58729,37.16413]]]}},{"type":"Feature","properties":{"name":"","kind":"park","road":"","osm":849730265},"geometry":{"type":"Polygon","coordinates":[[[-3.5872,37.16418],[-3.58715,37.16421],[-3.5871,37.16415],[-3.58709,37.1641],[-3.58714,37.1641],[-3.58719,37.16409],[-3.58721,37.16411],[-3.5872,37.16413],[-3.5872,37.16415],[-3.5872,37.16418]]]}},{"type":"Feature","properties":{"name":"","kind":"park","road":"","osm":849730266},"geometry":{"type":"Polygon","coordinates":[[[-3.58722,37.1641],[-3.5872,37.16408],[-3.58722,37.16406],[-3.58724,37.16404],[-3.58728,37.16404],[-3.58726,37.1641],[-3.58722,37.1641]]]}},{"type":"Feature","properties":{"name":"","kind":"park","road":"","osm":849730267},"geometry":{"type":"Polygon","coordinates":[[[-3.58729,37.16403],[-3.58725,37.16403],[-3.58724,37.164],[-3.58722,37.16399],[-3.5872,37.16398],[-3.58717,37.16398],[-3.58718,37.16396],[-3.58719,37.16392],[-3.58729,37.16403]]]}},{"type":"Feature","properties":{"name":"","kind":"park","road":"","osm":849730268},"geometry":{"type":"Polygon","coordinates":[[[-3.58713,37.16402],[-3.58715,37.164],[-3.58718,37.16399],[-3.58721,37.164],[-3.58723,37.16401],[-3.58723,37.16403],[-3.58722,37.16404],[-3.58719,37.16407],[-3.58715,37.16409],[-3.5871,37.16409],[-3.58708,37.16409],[-3.58708,37.16407],[-3.58709,37.16404],[-3.58713,37.16402]]]}},{"type":"Feature","properties":{"name":"","kind":"park","road":"","osm":849730269},"geometry":{"type":"Polygon","coordinates":[[[-3.58707,37.16404],[-3.58706,37.16407],[-3.58708,37.16413],[-3.58699,37.16404],[-3.58707,37.16404]]]}},{"type":"Feature","properties":{"name":"","kind":"park","road":"","osm":849730270},"geometry":{"type":"Polygon","coordinates":[[[-3.58713,37.16386],[-3.58717,37.1639],[-3.58717,37.16394],[-3.58716,37.16397],[-3.58713,37.16401],[-3.58709,37.16396],[-3.5871,37.16395],[-3.5871,37.16392],[-3.5871,37.1639],[-3.58708,37.16388],[-3.58713,37.16386]]]}},{"type":"Feature","properties":{"name":"","kind":"park","road":"","osm":849730271},"geometry":{"type":"Polygon","coordinates":[[[-3.58708,37.16397],[-3.58712,37.16401],[-3.58708,37.16403],[-3.58703,37.16402],[-3.58698,37.16402],[-3.58696,37.164],[-3.58693,37.16396],[-3.58697,37.16394],[-3.58699,37.16396],[-3.58703,37.16398],[-3.58708,37.16397]]]}},{"type":"Feature","properties":{"name":"","kind":"park","road":"","osm":849730272},"geometry":{"type":"Polygon","coordinates":[[[-3.58711,37.16384],[-3.58707,37.16386],[-3.58704,37.16383],[-3.58701,37.16383],[-3.58697,37.16383],[-3.58693,37.1638],[-3.58696,37.16379],[-3.587,37.16379],[-3.58704,37.16379],[-3.58708,37.16381],[-3.58711,37.16384]]]}},{"type":"Feature","properties":{"name":"","kind":"park","road":"","osm":849730273},"geometry":{"type":"Polygon","coordinates":[[[-3.58692,37.16381],[-3.58695,37.16384],[-3.58693,37.16387],[-3.58694,37.16389],[-3.58695,37.16392],[-3.58691,37.16395],[-3.58688,37.16392],[-3.58688,37.16384],[-3.58692,37.16381]]]}},{"type":"Feature","properties":{"name":"","kind":"park","road":"","osm":849730274},"geometry":{"type":"Polygon","coordinates":[[[-3.58687,37.1639],[-3.58686,37.16389],[-3.58677,37.1638],[-3.58681,37.1638],[-3.58683,37.16382],[-3.58687,37.16384],[-3.58687,37.1639]]]}},{"type":"Feature","properties":{"name":"","kind":"park","road":"","osm":849730275},"geometry":{"type":"Polygon","coordinates":[[[-3.58695,37.16378],[-3.58691,37.16379],[-3.58688,37.16382],[-3.58686,37.16383],[-3.58684,37.16382],[-3.58682,37.1638],[-3.58683,37.16378],[-3.58688,37.16376],[-3.58691,37.16373],[-3.58693,37.16372],[-3.58695,37.16373],[-3.58696,37.16376],[-3.58695,37.16378]]]}},{"type":"Feature","properties":{"name":"","kind":"park","road":"","osm":849730276},"geometry":{"type":"Polygon","coordinates":[[[-3.58701,37.16373],[-3.58707,37.16379],[-3.58703,37.16378],[-3.58698,37.16377],[-3.58698,37.16375],[-3.58696,37.16372],[-3.58701,37.16373]]]}},{"type":"Feature","properties":{"name":"","kind":"park","road":"","osm":849730277},"geometry":{"type":"Polygon","coordinates":[[[-3.58699,37.16371],[-3.5869,37.16371],[-3.58687,37.16374],[-3.58684,37.1637],[-3.58684,37.16367],[-3.58689,37.16368],[-3.58688,37.16366],[-3.58684,37.16366],[-3.58683,37.16364],[-3.58689,37.1636],[-3.58699,37.16371]]]}},{"type":"Feature","properties":{"name":"","kind":"park","road":"","osm":849730278},"geometry":{"type":"Polygon","coordinates":[[[-3.58681,37.16365],[-3.58682,37.16367],[-3.58682,37.16369],[-3.58681,37.1637],[-3.58678,37.1637],[-3.58677,37.16369],[-3.58681,37.16365]]]}},{"type":"Feature","properties":{"name":"","kind":"park","road":"","osm":849730279},"geometry":{"type":"Polygon","coordinates":[[[-3.58682,37.16371],[-3.58686,37.16375],[-3.58682,37.16377],[-3.5868,37.16378],[-3.58676,37.16378],[-3.58671,37.16373],[-3.58676,37.16369],[-3.58676,37.1637],[-3.58676,37.16373],[-3.58678,37.16373],[-3.58678,37.16371],[-3.58682,37.16371]]]}},{"type":"Feature","properties":{"name":"","kind":"park","road":"","osm":849730280},"geometry":{"type":"Polygon","coordinates":[[[-3.5874,37.164],[-3.58719,37.16378],[-3.58712,37.1637],[-3.58711,37.16367],[-3.58713,37.16364],[-3.58716,37.16362],[-3.58721,37.16358],[-3.58723,37.16357],[-3.58728,37.16357],[-3.58735,37.16358],[-3.58743,37.16364],[-3.58762,37.16391],[-3.58788,37.16424],[-3.58793,37.16422],[-3.58799,37.16418],[-3.58802,37.16422],[-3.58774,37.16438],[-3.58771,37.16439],[-3.58771,37.16433],[-3.58746,37.16403],[-3.58751,37.16401],[-3.58747,37.16396],[-3.5874,37.164]]]}},{"type":"Feature","properties":{"name":"","kind":"park","road":"","osm":849730281},"geometry":{"type":"Polygon","coordinates":[[[-3.58788,37.16405],[-3.58784,37.16405],[-3.58778,37.16402],[-3.58762,37.16383],[-3.58753,37.16368],[-3.58746,37.1636],[-3.58737,37.16354],[-3.58726,37.16352],[-3.58738,37.16346],[-3.58788,37.16405]]]}},{"type":"Feature","properties":{"name":"","kind":"park","road":"","osm":849730282},"geometry":{"type":"Polygon","coordinates":[[[-3.58705,37.16367],[-3.58693,37.16354],[-3.58701,37.16349],[-3.58706,37.16356],[-3.58718,37.1635],[-3.5872,37.16353],[-3.58712,37.16358],[-3.58707,37.16363],[-3.58705,37.16367]]]}},{"type":"Feature","properties":{"name":"Calle Agustina de Aragón","kind":"road","road":"secondary","osm":850028707},"geometry":{"type":"LineString","coordinates":[[-3.60144,37.16765],[-3.6014,37.16762],[-3.60137,37.1676],[-3.60131,37.16758],[-3.6012,37.16758],[-3.60076,37.16758],[-3.60053,37.16758],[-3.60046,37.16759],[-3.60037,37.16762],[-3.6,37.16778]]}},{"type":"Feature","properties":{"name":"Calle Marqués de Mondéjar","kind":"road","road":"tertiary","osm":850028732},"geometry":{"type":"LineString","coordinates":[[-3.60354,37.16836],[-3.60357,37.16835],[-3.60362,37.16835],[-3.60401,37.16835],[-3.60453,37.16836],[-3.60455,37.16836],[-3.6046,37.16836],[-3.60464,37.16836],[-3.60468,37.16834]]}},{"type":"Feature","properties":{"name":"Calle Joaquín Blume","kind":"road","road":"tertiary","osm":850028744},"geometry":{"type":"LineString","coordinates":[[-3.60354,37.16891],[-3.60354,37.16867],[-3.60354,37.16841],[-3.60354,37.16836]]}},{"type":"Feature","properties":{"name":"Calle Santa Cándida","kind":"road","road":"pedestrian","osm":850103065},"geometry":{"type":"LineString","coordinates":[[-3.60079,37.16814],[-3.60079,37.16802],[-3.60079,37.168]]}},{"type":"Feature","properties":{"name":"Calle Santa Cándida","kind":"road","road":"pedestrian","osm":850103073},"geometry":{"type":"LineString","coordinates":[[-3.6008,37.168],[-3.6008,37.16799],[-3.6008,37.16778]]}},{"type":"Feature","properties":{"name":"Calle Agustina de Aragón","kind":"road","road":"secondary","osm":850103081},"geometry":{"type":"LineString","coordinates":[[-3.6022,37.16733],[-3.60212,37.16736],[-3.60175,37.16753],[-3.60152,37.16763],[-3.60148,37.16764],[-3.60144,37.16765]]}},{"type":"Feature","properties":{"name":"Plaza General Emilio Herrera","kind":"road","road":"tertiary","osm":850103120},"geometry":{"type":"LineString","coordinates":[[-3.59806,37.16815],[-3.59804,37.16811],[-3.59798,37.16807]]}},{"type":"Feature","properties":{"name":"Callejón Molino de San Martín","kind":"road","road":"pedestrian","osm":850103122},"geometry":{"type":"LineString","coordinates":[[-3.59827,37.16862],[-3.59829,37.16861],[-3.59839,37.16861],[-3.5985,37.16861],[-3.59871,37.1686],[-3.59884,37.16859],[-3.5989,37.16858],[-3.59917,37.16849]]}},{"type":"Feature","properties":{"name":"Calle Reñidero","kind":"road","road":"pedestrian","osm":850391928},"geometry":{"type":"LineString","coordinates":[[-3.59741,37.1687],[-3.59701,37.16887]]}},{"type":"Feature","properties":{"name":"Calle Reñidero","kind":"road","road":"pedestrian","osm":850391930},"geometry":{"type":"LineString","coordinates":[[-3.59697,37.16889],[-3.59693,37.16891]]}},{"type":"Feature","properties":{"name":"Calle Marqués de los Vélez","kind":"road","road":"pedestrian","osm":850391934},"geometry":{"type":"LineString","coordinates":[[-3.60172,37.16997],[-3.60149,37.16998]]}},{"type":"Feature","properties":{"name":"Placeta Dramaturgo Alfonso Paso","kind":"road","road":"pedestrian","osm":850391936},"geometry":{"type":"LineString","coordinates":[[-3.60136,37.17012],[-3.60136,37.17009],[-3.60137,37.17003],[-3.60119,37.17003],[-3.60118,37.17003],[-3.60118,37.1701],[-3.60119,37.1701],[-3.60119,37.17011],[-3.60122,37.17011],[-3.60128,37.17012],[-3.60129,37.17011],[-3.60135,37.17012],[-3.60136,37.17012]]}},{"type":"Feature","properties":{"name":"Pasaje de Recogidas","kind":"road","road":"pedestrian","osm":850391940},"geometry":{"type":"LineString","coordinates":[[-3.60259,37.1713],[-3.60269,37.17136],[-3.60283,37.17146],[-3.60301,37.17164]]}},{"type":"Feature","properties":{"name":"Calle Frailes","kind":"road","road":"tertiary","osm":850391941},"geometry":{"type":"LineString","coordinates":[[-3.60209,37.17158],[-3.60213,37.17153],[-3.60215,37.1715],[-3.60216,37.17149],[-3.60218,37.17144]]}},{"type":"Feature","properties":{"name":"Calle Martínez Campos","kind":"road","road":"secondary","osm":850391943},"geometry":{"type":"LineString","coordinates":[[-3.60346,37.17066],[-3.60358,37.17074],[-3.60368,37.1708],[-3.60393,37.17097],[-3.60401,37.17103],[-3.60403,37.17104],[-3.6041,37.17112]]}},{"type":"Feature","properties":{"name":"Calle Ermita","kind":"road","road":"pedestrian","osm":850436416},"geometry":{"type":"LineString","coordinates":[[-3.59892,37.17554],[-3.59919,37.17537],[-3.59942,37.17523]]}},{"type":"Feature","properties":{"name":"Calle Paz","kind":"road","road":"pedestrian","osm":850740821},"geometry":{"type":"LineString","coordinates":[[-3.60285,37.17479],[-3.60166,37.17537],[-3.60162,37.17539]]}},{"type":"Feature","properties":{"name":"Calle Jardines","kind":"road","road":"pedestrian","osm":850740823},"geometry":{"type":"LineString","coordinates":[[-3.60331,37.17415],[-3.60329,37.17415],[-3.60257,37.17453]]}},{"type":"Feature","properties":{"name":"Calle Madre Riquelme","kind":"road","road":"pedestrian","osm":850818966},"geometry":{"type":"LineString","coordinates":[[-3.60778,37.17842],[-3.60744,37.17874],[-3.60736,37.17875],[-3.6071,37.17878],[-3.60691,37.17881]]}},{"type":"Feature","properties":{"name":"Avenida de Fuente Nueva","kind":"road","road":"primary","osm":850818973},"geometry":{"type":"LineString","coordinates":[[-3.60895,37.1787],[-3.60924,37.17847]]}},{"type":"Feature","properties":{"name":"Plaza de Gran Capitán","kind":"road","road":"pedestrian","osm":850818984},"geometry":{"type":"LineString","coordinates":[[-3.60612,37.17688],[-3.6065,37.17713]]}},{"type":"Feature","properties":{"name":"Calle Trajano","kind":"road","road":"tertiary","osm":851398543},"geometry":{"type":"LineString","coordinates":[[-3.60657,37.17499],[-3.60696,37.17564],[-3.60698,37.17566],[-3.60707,37.17571]]}},{"type":"Feature","properties":{"name":"Calle Sócrates","kind":"road","road":"tertiary","osm":851398544},"geometry":{"type":"LineString","coordinates":[[-3.60647,37.17506],[-3.60643,37.17507],[-3.60633,37.17513],[-3.60632,37.17516]]}},{"type":"Feature","properties":{"name":"Calle Sócrates","kind":"road","road":"tertiary","osm":851398545},"geometry":{"type":"LineString","coordinates":[[-3.60632,37.17516],[-3.60629,37.17517]]}},{"type":"Feature","properties":{"name":"Calle Sócrates","kind":"road","road":"tertiary","osm":851398546},"geometry":{"type":"LineString","coordinates":[[-3.60632,37.17516],[-3.60636,37.17515],[-3.60646,37.17509],[-3.60647,37.17506]]}},{"type":"Feature","properties":{"name":"Calle Sócrates","kind":"road","road":"tertiary","osm":851398548},"geometry":{"type":"LineString","coordinates":[[-3.60629,37.17517],[-3.60622,37.17522],[-3.60587,37.17544],[-3.60556,37.17563],[-3.60549,37.17567],[-3.60545,37.1757],[-3.60544,37.17571],[-3.60538,37.17575],[-3.60531,37.17579],[-3.60466,37.17619],[-3.60462,37.17622],[-3.6046,37.17623]]}},{"type":"Feature","properties":{"name":"","kind":"park","road":"","osm":851398553},"geometry":{"type":"Polygon","coordinates":[[[-3.60527,37.17541],[-3.60549,37.17559],[-3.60506,37.17586],[-3.60451,37.17549],[-3.60458,37.17546],[-3.60468,37.17539],[-3.60472,37.17532],[-3.60474,37.17531],[-3.6049,37.17547],[-3.605,37.17553],[-3.60521,37.1754],[-3.60524,37.17543],[-3.60527,37.17541]]]}},{"type":"Feature","properties":{"name":"Calle Solarillo de Gracia","kind":"road","road":"secondary","osm":852028670},"geometry":{"type":"LineString","coordinates":[[-3.60408,37.17284],[-3.60402,37.17282],[-3.6036,37.17265],[-3.60325,37.17249],[-3.60312,37.17241],[-3.60299,37.17231],[-3.60264,37.17199],[-3.60262,37.17197],[-3.60261,37.17196],[-3.60258,37.17193]]}},{"type":"Feature","properties":{"name":"Calle Acera del Darro","kind":"road","road":"primary","osm":852062314},"geometry":{"type":"LineString","coordinates":[[-3.59935,37.17257],[-3.59915,37.1722],[-3.59914,37.17217],[-3.59909,37.17208]]}},{"type":"Feature","properties":{"name":"Calle Acera del Darro","kind":"road","road":"primary","osm":852062315},"geometry":{"type":"LineString","coordinates":[[-3.59909,37.17208],[-3.59904,37.17197],[-3.59898,37.17187]]}},{"type":"Feature","properties":{"name":"Camino de Ronda","kind":"road","road":"primary","osm":852278119},"geometry":{"type":"LineString","coordinates":[[-3.60715,37.17221],[-3.60657,37.17125],[-3.60655,37.17123],[-3.60645,37.17107]]}},{"type":"Feature","properties":{"name":"Calle Pedro Antonio de Alarcón","kind":"road","road":"pedestrian","osm":852278157},"geometry":{"type":"LineString","coordinates":[[-3.6054,37.17137],[-3.60528,37.17143]]}},{"type":"Feature","properties":{"name":"Calle Recogidas","kind":"road","road":"primary","osm":852348513},"geometry":{"type":"LineString","coordinates":[[-3.60179,37.17236],[-3.6017,37.17241],[-3.60065,37.17297],[-3.60057,37.17302],[-3.60052,37.17305],[-3.60047,37.17307],[-3.60037,37.17314],[-3.60027,37.1732],[-3.60012,37.17329]]}},{"type":"Feature","properties":{"name":"Calle Recogidas","kind":"road","road":"primary","osm":852348514},"geometry":{"type":"LineString","coordinates":[[-3.60258,37.17193],[-3.60251,37.17197],[-3.60248,37.17198],[-3.60245,37.172],[-3.60179,37.17236]]}},{"type":"Feature","properties":{"name":"Calle San Miguel Alta","kind":"road","road":"pedestrian","osm":852348542},"geometry":{"type":"LineString","coordinates":[[-3.60366,37.17352],[-3.60367,37.17354],[-3.60392,37.17383],[-3.60423,37.1742],[-3.60425,37.17423],[-3.60428,37.17427],[-3.6043,37.17429],[-3.60443,37.17445],[-3.60444,37.17446],[-3.60446,37.17448],[-3.60469,37.17475],[-3.60492,37.17503],[-3.60494,37.17504],[-3.60497,37.17506]]}},{"type":"Feature","properties":{"name":"Plaza de la Trinidad","kind":"road","road":"tertiary","osm":852648324},"geometry":{"type":"LineString","coordinates":[[-3.60222,37.17623],[-3.60218,37.17617],[-3.60206,37.17601],[-3.60184,37.17569]]}},{"type":"Feature","properties":{"name":"Calle Recogidas","kind":"road","road":"primary","osm":853201340},"geometry":{"type":"LineString","coordinates":[[-3.60534,37.17044],[-3.605,37.17063]]}},{"type":"Feature","properties":{"name":"Calle Alhamar","kind":"road","road":"secondary","osm":853201360},"geometry":{"type":"LineString","coordinates":[[-3.60467,37.16902],[-3.60358,37.16902],[-3.60354,37.16902],[-3.60348,37.16902]]}},{"type":"Feature","properties":{"name":"Calle Tejeiro","kind":"road","road":"tertiary","osm":853201366},"geometry":{"type":"LineString","coordinates":[[-3.60345,37.16912],[-3.60345,37.16911],[-3.60347,37.16909],[-3.60348,37.16907],[-3.60348,37.16902]]}},{"type":"Feature","properties":{"name":"Calle Pintor Zuloaga","kind":"road","road":"secondary","osm":853201379},"geometry":{"type":"LineString","coordinates":[[-3.60237,37.16921],[-3.60236,37.16935],[-3.60236,37.16963],[-3.60236,37.16967],[-3.60236,37.1702],[-3.60236,37.17022],[-3.60236,37.17026]]}},{"type":"Feature","properties":{"name":"Calle Pintor Zuloaga","kind":"road","road":"secondary","osm":853201380},"geometry":{"type":"LineString","coordinates":[[-3.60237,37.16904],[-3.60237,37.16907],[-3.60237,37.16921]]}},{"type":"Feature","properties":{"name":"Calle San Antón","kind":"road","road":"secondary","osm":853256039},"geometry":{"type":"LineString","coordinates":[[-3.59918,37.16834],[-3.59917,37.16832],[-3.59913,37.16822]]}},{"type":"Feature","properties":{"name":"Paseo del Salón","kind":"road","road":"pedestrian","osm":853279213},"geometry":{"type":"LineString","coordinates":[[-3.59643,37.16853],[-3.59641,37.16854],[-3.59634,37.16857],[-3.59632,37.16862],[-3.59633,37.1687],[-3.59633,37.16875],[-3.59632,37.16884],[-3.59628,37.16894],[-3.59622,37.16903],[-3.59617,37.1691],[-3.59612,37.16913],[-3.59603,37.16914],[-3.59304,37.16943],[-3.59294,37.16946],[-3.59286,37.16951]]}},{"type":"Feature","properties":{"name":"Paseo del Salón","kind":"road","road":"pedestrian","osm":853279214},"geometry":{"type":"LineString","coordinates":[[-3.59603,37.16914],[-3.5961,37.16928],[-3.59615,37.16939],[-3.59618,37.16943]]}},{"type":"Feature","properties":{"name":"Calle Nueva de San Antón","kind":"road","road":"tertiary","osm":853628185},"geometry":{"type":"LineString","coordinates":[[-3.60123,37.17084],[-3.60126,37.17085],[-3.60143,37.17089],[-3.60177,37.17098],[-3.60181,37.17099]]}},{"type":"Feature","properties":{"name":"Calle San José Baja","kind":"road","road":"tertiary","osm":853628186},"geometry":{"type":"LineString","coordinates":[[-3.60123,37.17084],[-3.60122,37.17087],[-3.60105,37.17176],[-3.60093,37.17234]]}},{"type":"Feature","properties":{"name":"Calle de San Antón","kind":"road","road":"pedestrian","osm":853628270},"geometry":{"type":"LineString","coordinates":[[-3.5999,37.17183],[-3.60001,37.17238],[-3.60002,37.17241],[-3.60003,37.17244]]}},{"type":"Feature","properties":{"name":"Calle Concepción","kind":"road","road":"pedestrian","osm":853744691},"geometry":{"type":"LineString","coordinates":[[-3.59497,37.17039],[-3.59498,37.17036],[-3.59468,37.17009],[-3.59464,37.17004],[-3.59452,37.17005]]}},{"type":"Feature","properties":{"name":"Plaza Academia del Carmen","kind":"road","road":"pedestrian","osm":854170501},"geometry":{"type":"LineString","coordinates":[[-3.59713,37.17413],[-3.5972,37.17384],[-3.5972,37.17383]]}},{"type":"Feature","properties":{"name":"Calle Gran Capitán","kind":"road","road":"secondary","osm":855353939},"geometry":{"type":"LineString","coordinates":[[-3.60543,37.1774],[-3.60554,37.17734],[-3.60572,37.17722],[-3.60575,37.1772],[-3.6058,37.17716],[-3.60586,37.17709]]}},{"type":"Feature","properties":{"name":"Calle Trabuco","kind":"road","road":"pedestrian","osm":856362000},"geometry":{"type":"LineString","coordinates":[[-3.60076,37.17901],[-3.60056,37.17881],[-3.6005,37.17874],[-3.60039,37.17861]]}},{"type":"Feature","properties":{"name":"Calle Candiota","kind":"road","road":"pedestrian","osm":856362002},"geometry":{"type":"LineString","coordinates":[[-3.60049,37.17809],[-3.60083,37.17791]]}},{"type":"Feature","properties":{"name":"Calle Niños Luchando","kind":"road","road":"pedestrian","osm":856362003},"geometry":{"type":"LineString","coordinates":[[-3.60078,37.17852],[-3.6007,37.17843]]}},{"type":"Feature","properties":{"name":"Plaza de la Encarnación","kind":"road","road":"pedestrian","osm":856684560},"geometry":{"type":"LineString","coordinates":[[-3.60094,37.17866],[-3.60095,37.17865],[-3.60138,37.17843],[-3.60138,37.17842]]}},{"type":"Feature","properties":{"name":"Calle Niños Luchando","kind":"road","road":"pedestrian","osm":856684561},"geometry":{"type":"LineString","coordinates":[[-3.60094,37.17866],[-3.60088,37.17863],[-3.60078,37.17852]]}},{"type":"Feature","properties":{"name":"Calle Niños Luchando","kind":"road","road":"pedestrian","osm":856684562},"geometry":{"type":"LineString","coordinates":[[-3.60128,37.17905],[-3.60127,37.17901],[-3.60099,37.1787],[-3.60094,37.17866]]}},{"type":"Feature","properties":{"name":"Calle Profesor José Cazorla Pérez","kind":"road","road":"pedestrian","osm":857062144},"geometry":{"type":"LineString","coordinates":[[-3.60592,37.17854],[-3.60586,37.17843],[-3.60559,37.17817],[-3.60529,37.17783],[-3.60516,37.17767]]}},{"type":"Feature","properties":{"name":"Calle El Establo","kind":"road","road":"pedestrian","osm":857161855},"geometry":{"type":"LineString","coordinates":[[-3.60496,37.17741],[-3.60507,37.17736],[-3.6052,37.1773]]}},{"type":"Feature","properties":{"name":"Calle Peso de la Harina","kind":"road","road":"pedestrian","osm":858839417},"geometry":{"type":"LineString","coordinates":[[-3.58867,37.18125],[-3.58851,37.18129],[-3.5885,37.18124],[-3.58855,37.18124],[-3.58854,37.18122],[-3.58854,37.18121],[-3.5885,37.18121],[-3.5885,37.1812],[-3.58855,37.1812],[-3.58862,37.1812],[-3.58866,37.18122],[-3.58868,37.18124],[-3.58867,37.18125]]}},{"type":"Feature","properties":{"name":"Calle Veredillas de San Agustín","kind":"road","road":"pedestrian","osm":858839422},"geometry":{"type":"LineString","coordinates":[[-3.58921,37.1816],[-3.58921,37.18171],[-3.58922,37.18176],[-3.58925,37.18183],[-3.58929,37.18187]]}},{"type":"Feature","properties":{"name":"Placeta de Abad","kind":"road","road":"pedestrian","osm":858839428},"geometry":{"type":"LineString","coordinates":[[-3.591,37.18191],[-3.59096,37.18195]]}},{"type":"Feature","properties":{"name":"Plaza del Salvador","kind":"road","road":"pedestrian","osm":858839435},"geometry":{"type":"LineString","coordinates":[[-3.59084,37.18239],[-3.59072,37.18238],[-3.59078,37.18231],[-3.59085,37.18225],[-3.59085,37.18224],[-3.59086,37.18224],[-3.59087,37.18225],[-3.59079,37.18233],[-3.59087,37.18234],[-3.59084,37.18239]]}},{"type":"Feature","properties":{"name":"Plaza del Salvador","kind":"road","road":"tertiary","osm":858839437},"geometry":{"type":"LineString","coordinates":[[-3.59072,37.18239],[-3.59088,37.1824]]}},{"type":"Feature","properties":{"name":"","kind":"park","road":"","osm":858862379},"geometry":{"type":"Polygon","coordinates":[[[-3.58835,37.18116],[-3.58825,37.18115],[-3.58824,37.18103],[-3.58834,37.18103],[-3.58835,37.18116]]]}},{"type":"Feature","properties":{"name":"","kind":"water","road":"","osm":858862407},"geometry":{"type":"Polygon","coordinates":[[[-3.58846,37.18105],[-3.58846,37.18108],[-3.58844,37.18108],[-3.58844,37.18105],[-3.58846,37.18105]]]}},{"type":"Feature","properties":{"name":"Paseo del Violón","kind":"road","road":"primary","osm":859766852},"geometry":{"type":"LineString","coordinates":[[-3.59991,37.16467],[-3.60007,37.16448],[-3.60009,37.16445],[-3.60027,37.16423],[-3.60038,37.1641]]}},{"type":"Feature","properties":{"name":"Calle Portería de Santa Paula","kind":"road","road":"pedestrian","osm":860035054},"geometry":{"type":"LineString","coordinates":[[-3.59995,37.17874],[-3.59982,37.17849],[-3.59975,37.17851],[-3.5997,37.17844]]}},{"type":"Feature","properties":{"name":"Calle Baratillos","kind":"road","road":"pedestrian","osm":860035087},"geometry":{"type":"LineString","coordinates":[[-3.6,37.17749],[-3.60021,37.17735],[-3.60022,37.17733]]}},{"type":"Feature","properties":{"name":"Calle San Antón","kind":"road","road":"secondary","osm":862094920},"geometry":{"type":"LineString","coordinates":[[-3.59848,37.16706],[-3.59854,37.16717]]}},{"type":"Feature","properties":{"name":"Calle San Antón","kind":"road","road":"secondary","osm":862094921},"geometry":{"type":"LineString","coordinates":[[-3.59843,37.16696],[-3.59844,37.16699],[-3.59848,37.16706]]}},{"type":"Feature","properties":{"name":"Plaza Rotary","kind":"road","road":"primary","osm":862094922},"geometry":{"type":"LineString","coordinates":[[-3.59833,37.16677],[-3.59842,37.16675],[-3.59849,37.16672],[-3.59855,37.16667],[-3.5986,37.16661],[-3.59862,37.16654],[-3.59863,37.16648],[-3.59861,37.16641]]}},{"type":"Feature","properties":{"name":"Calle San Antón","kind":"road","road":"secondary","osm":862094923},"geometry":{"type":"LineString","coordinates":[[-3.59913,37.16822],[-3.59911,37.16819]]}},{"type":"Feature","properties":{"name":"Calle Ribera del Genil","kind":"road","road":"tertiary","osm":862094924},"geometry":{"type":"LineString","coordinates":[[-3.60164,37.16633],[-3.60303,37.16588],[-3.60306,37.16587],[-3.60309,37.16587],[-3.60315,37.16585]]}},{"type":"Feature","properties":{"name":"Paseo de la Sabica","kind":"road","road":"tertiary","osm":862437997},"geometry":{"type":"LineString","coordinates":[[-3.58482,37.17406],[-3.58489,37.17409],[-3.58495,37.17414]]}},{"type":"Feature","properties":{"name":"Paseo del Generalife","kind":"road","road":"tertiary","osm":862437999},"geometry":{"type":"LineString","coordinates":[[-3.58521,37.17432],[-3.58516,37.17427],[-3.58501,37.17416],[-3.58495,37.17414]]}},{"type":"Feature","properties":{"name":"Paseo del Generalife","kind":"road","road":"tertiary","osm":862438000},"geometry":{"type":"LineString","coordinates":[[-3.58495,37.17414],[-3.58497,37.17418],[-3.58507,37.17425]]}},{"type":"Feature","properties":{"name":"Paseo del Generalife","kind":"road","road":"tertiary","osm":862438001},"geometry":{"type":"LineString","coordinates":[[-3.58507,37.17425],[-3.58516,37.17432],[-3.58521,37.17432]]}},{"type":"Feature","properties":{"name":"Paseo del Generalife","kind":"road","road":"tertiary","osm":862438008},"geometry":{"type":"LineString","coordinates":[[-3.58547,37.17434],[-3.58533,37.17434]]}},{"type":"Feature","properties":{"name":"Paseo del Generalife","kind":"road","road":"tertiary","osm":862438009},"geometry":{"type":"LineString","coordinates":[[-3.58678,37.17426],[-3.58672,37.17424],[-3.58649,37.17426],[-3.5855,37.17432],[-3.58547,37.17434]]}},{"type":"Feature","properties":{"name":"Paseo del Generalife","kind":"road","road":"tertiary","osm":862438010},"geometry":{"type":"LineString","coordinates":[[-3.58547,37.17434],[-3.5855,37.17435],[-3.5865,37.17429],[-3.58673,37.17428],[-3.58678,37.17426]]}},{"type":"Feature","properties":{"name":"Paseo del Generalife","kind":"road","road":"tertiary","osm":862438011},"geometry":{"type":"LineString","coordinates":[[-3.58533,37.17434],[-3.58524,37.17434],[-3.58521,37.17432]]}},{"type":"Feature","properties":{"name":"Avenida Santa María de la Alhambra","kind":"road","road":"tertiary","osm":862442649},"geometry":{"type":"LineString","coordinates":[[-3.58322,37.16959],[-3.584,37.17003],[-3.58415,37.17009],[-3.58427,37.17012],[-3.5844,37.17011],[-3.58452,37.17009],[-3.58459,37.17005],[-3.58467,37.16999],[-3.58471,37.16994],[-3.58475,37.16987],[-3.58477,37.16977],[-3.58477,37.16972],[-3.58476,37.16968],[-3.58473,37.16959],[-3.58463,37.16945],[-3.5845,37.16929],[-3.5844,37.16917],[-3.58429,37.16909],[-3.58421,37.16903],[-3.58413,37.16899],[-3.58395,37.16892],[-3.58362,37.16883],[-3.58332,37.16875],[-3.58317,37.1687],[-3.58304,37.16866],[-3.58292,37.16861],[-3.58272,37.16853],[-3.58255,37.16844],[-3.5824,37.16835],[-3.58232,37.1683],[-3.58218,37.16821],[-3.58129,37.16762],[-3.58054,37.16713],[-3.5801,37.16688],[-3.57979,37.16674],[-3.57951,37.16662],[-3.57948,37.16661]]}},{"type":"Feature","properties":{"name":"Avenida Santa María de la Alhambra","kind":"road","road":"tertiary","osm":862442650},"geometry":{"type":"LineString","coordinates":[[-3.58304,37.16949],[-3.5831,37.16953]]}},{"type":"Feature","properties":{"name":"Camino Nuevo del Cementerio","kind":"road","road":"tertiary","osm":862442651},"geometry":{"type":"LineString","coordinates":[[-3.58314,37.16944],[-3.58308,37.16947],[-3.58304,37.16949]]}},{"type":"Feature","properties":{"name":"Camino Nuevo del Cementerio","kind":"road","road":"tertiary","osm":862442652},"geometry":{"type":"LineString","coordinates":[[-3.58307,37.16944],[-3.58299,37.16943],[-3.58292,37.16944]]}},{"type":"Feature","properties":{"name":"Avenida Santa María de la Alhambra","kind":"road","road":"tertiary","osm":862442653},"geometry":{"type":"LineString","coordinates":[[-3.58292,37.16944],[-3.58301,37.16948],[-3.58304,37.16949]]}},{"type":"Feature","properties":{"name":"","kind":"park","road":"","osm":862453870},"geometry":{"type":"Polygon","coordinates":[[[-3.58241,37.1736],[-3.58296,37.1744],[-3.58298,37.17441],[-3.58274,37.17451],[-3.58272,37.17448],[-3.58266,37.17441],[-3.58263,37.17436],[-3.58257,37.17428],[-3.58252,37.17421],[-3.58245,37.17411],[-3.58241,37.17406],[-3.58234,37.17397],[-3.5823,37.17392],[-3.58223,37.17382],[-3.58222,37.17379],[-3.58236,37.17373],[-3.58229,37.17364],[-3.58236,37.17361],[-3.58238,37.17363],[-3.58241,37.1736]]]}},{"type":"Feature","properties":{"name":"","kind":"park","road":"","osm":862453871},"geometry":{"type":"Polygon","coordinates":[[[-3.58223,37.17382],[-3.5823,37.17392],[-3.58223,37.17395],[-3.58216,37.17385],[-3.58223,37.17382]]]}},{"type":"Feature","properties":{"name":"","kind":"park","road":"","osm":862453873},"geometry":{"type":"Polygon","coordinates":[[[-3.58234,37.17397],[-3.58241,37.17406],[-3.58234,37.1741],[-3.58227,37.174],[-3.58234,37.17397]]]}},{"type":"Feature","properties":{"name":"","kind":"park","road":"","osm":862453874},"geometry":{"type":"Polygon","coordinates":[[[-3.58245,37.17411],[-3.58252,37.17421],[-3.58245,37.17425],[-3.58237,37.17415],[-3.58245,37.17411]]]}},{"type":"Feature","properties":{"name":"","kind":"park","road":"","osm":862453875},"geometry":{"type":"Polygon","coordinates":[[[-3.58257,37.17428],[-3.58263,37.17436],[-3.58256,37.17439],[-3.5825,37.17432],[-3.58257,37.17428]]]}},{"type":"Feature","properties":{"name":"","kind":"park","road":"","osm":862453876},"geometry":{"type":"Polygon","coordinates":[[[-3.58266,37.17441],[-3.58272,37.17448],[-3.58264,37.17452],[-3.58259,37.17444],[-3.58266,37.17441]]]}},{"type":"Feature","properties":{"name":"","kind":"park","road":"","osm":862453883},"geometry":{"type":"Polygon","coordinates":[[[-3.58288,37.17452],[-3.58301,37.17446],[-3.58344,37.17505],[-3.58334,37.17512],[-3.58306,37.17474],[-3.58299,37.1747],[-3.58288,37.17452]]]}},{"type":"Feature","properties":{"name":"","kind":"park","road":"","osm":862453884},"geometry":{"type":"Polygon","coordinates":[[[-3.58296,37.1744],[-3.58306,37.17436],[-3.58352,37.17502],[-3.58329,37.1753],[-3.58323,37.1752],[-3.58334,37.17512],[-3.58344,37.17505],[-3.58301,37.17446],[-3.58298,37.17441],[-3.58296,37.1744]]]}},{"type":"Feature","properties":{"name":"Calle Don Quijote","kind":"road","road":"pedestrian","osm":862945097},"geometry":{"type":"LineString","coordinates":[[-3.58798,37.16372],[-3.58816,37.16366],[-3.58814,37.16363],[-3.58812,37.16359],[-3.58793,37.16366]]}},{"type":"Feature","properties":{"name":"","kind":"road","road":"pedestrian","osm":862945099},"geometry":{"type":"LineString","coordinates":[[-3.58775,37.16344],[-3.58832,37.16323]]}},{"type":"Feature","properties":{"name":"Camino Bajo de Huétor","kind":"road","road":"secondary","osm":862945109},"geometry":{"type":"LineString","coordinates":[[-3.5915,37.16366],[-3.59158,37.16371],[-3.59167,37.16378],[-3.59174,37.16386],[-3.59181,37.16391]]}},{"type":"Feature","properties":{"name":"","kind":"road","road":"secondary","osm":862945110},"geometry":{"type":"LineString","coordinates":[[-3.59153,37.16362],[-3.59152,37.16361],[-3.59152,37.1636],[-3.59151,37.16359],[-3.59149,37.16358],[-3.59148,37.16358],[-3.59146,37.16358]]}},{"type":"Feature","properties":{"name":"Calle Mesón del Toledano","kind":"road","road":"tertiary","osm":862945111},"geometry":{"type":"LineString","coordinates":[[-3.59067,37.16347],[-3.5907,37.16354],[-3.59067,37.16391],[-3.59065,37.16419],[-3.5906,37.16475],[-3.5906,37.16478],[-3.59058,37.16481],[-3.59056,37.16484],[-3.59053,37.16486],[-3.59049,37.16487]]}},{"type":"Feature","properties":{"name":"Camino Bajo de Huétor","kind":"road","road":"secondary","osm":862945112},"geometry":{"type":"LineString","coordinates":[[-3.59179,37.16385],[-3.5917,37.16376],[-3.59162,37.16368],[-3.59155,37.16364],[-3.59153,37.16362]]}},{"type":"Feature","properties":{"name":"Camino Bajo de Huétor","kind":"road","road":"secondary","osm":862945113},"geometry":{"type":"LineString","coordinates":[[-3.59162,37.16368],[-3.59159,37.16362],[-3.59159,37.16356],[-3.5916,37.16351]]}},{"type":"Feature","properties":{"name":"","kind":"park","road":"","osm":863251272},"geometry":{"type":"Polygon","coordinates":[[[-3.58976,37.16345],[-3.58947,37.16359],[-3.58916,37.16318],[-3.58945,37.16304],[-3.58976,37.16345]]]}},{"type":"Feature","properties":{"name":"Avenida Pablo Picasso","kind":"road","road":"secondary","osm":865013578},"geometry":{"type":"LineString","coordinates":[[-3.59875,37.16284],[-3.59871,37.16285],[-3.59867,37.16288],[-3.59859,37.16295]]}},{"type":"Feature","properties":{"name":"Avenida Pablo Picasso","kind":"road","road":"secondary","osm":865013579},"geometry":{"type":"LineString","coordinates":[[-3.59859,37.16295],[-3.5987,37.16292],[-3.59875,37.1629],[-3.59879,37.16288]]}},{"type":"Feature","properties":{"name":"Camino de La Zubia","kind":"road","road":"pedestrian","osm":865013608},"geometry":{"type":"LineString","coordinates":[[-3.59671,37.16297],[-3.5969,37.16297],[-3.59693,37.16295],[-3.59708,37.16294]]}},{"type":"Feature","properties":{"name":"Calle Río Zújar","kind":"road","road":"pedestrian","osm":865013609},"geometry":{"type":"LineString","coordinates":[[-3.59726,37.1631],[-3.5973,37.16309],[-3.59729,37.16296],[-3.59724,37.16277],[-3.59723,37.16267]]}},{"type":"Feature","properties":{"name":"Calle Río Cubillas","kind":"road","road":"pedestrian","osm":865013610},"geometry":{"type":"LineString","coordinates":[[-3.59716,37.1636],[-3.59709,37.16351]]}},{"type":"Feature","properties":{"name":"Calle Malvarrosa","kind":"road","road":"pedestrian","osm":865013614},"geometry":{"type":"LineString","coordinates":[[-3.5951,37.1628],[-3.59537,37.16284]]}},{"type":"Feature","properties":{"name":"","kind":"road","road":"pedestrian","osm":865628855},"geometry":{"type":"LineString","coordinates":[[-3.59851,37.16469],[-3.59839,37.16454]]}},{"type":"Feature","properties":{"name":"","kind":"road","road":"pedestrian","osm":865628857},"geometry":{"type":"LineString","coordinates":[[-3.59825,37.16438],[-3.59822,37.16434]]}},{"type":"Feature","properties":{"name":"","kind":"road","road":"pedestrian","osm":865628859},"geometry":{"type":"LineString","coordinates":[[-3.59832,37.16447],[-3.59827,37.16439]]}},{"type":"Feature","properties":{"name":"","kind":"road","road":"pedestrian","osm":865628861},"geometry":{"type":"LineString","coordinates":[[-3.59837,37.16452],[-3.59834,37.16449]]}},{"type":"Feature","properties":{"name":"Camino de La Zubia","kind":"road","road":"secondary","osm":865628907},"geometry":{"type":"LineString","coordinates":[[-3.59686,37.1638],[-3.59679,37.16378],[-3.59671,37.16374],[-3.59667,37.1637]]}},{"type":"Feature","properties":{"name":"Avenida Pablo Picasso","kind":"road","road":"secondary","osm":865628908},"geometry":{"type":"LineString","coordinates":[[-3.59686,37.1638],[-3.59684,37.16381],[-3.59667,37.16389]]}},{"type":"Feature","properties":{"name":"Camino de La Zubia","kind":"road","road":"secondary","osm":865628909},"geometry":{"type":"LineString","coordinates":[[-3.59667,37.16389],[-3.59667,37.1637]]}},{"type":"Feature","properties":{"name":"Avenida Pablo Picasso","kind":"road","road":"secondary","osm":865628910},"geometry":{"type":"LineString","coordinates":[[-3.59667,37.16389],[-3.59652,37.16397],[-3.59649,37.16398],[-3.59646,37.164],[-3.59609,37.16418],[-3.59592,37.16426],[-3.59588,37.16428],[-3.5956,37.16442],[-3.59556,37.16445],[-3.59532,37.16456],[-3.5952,37.16462],[-3.59517,37.16464],[-3.59515,37.16465],[-3.59455,37.16495],[-3.59452,37.16496],[-3.59449,37.16497],[-3.59447,37.16498]]}},{"type":"Feature","properties":{"name":"Camino de La Zubia","kind":"road","road":"secondary","osm":865628911},"geometry":{"type":"LineString","coordinates":[[-3.59667,37.1637],[-3.59666,37.16364],[-3.59665,37.16346],[-3.59665,37.16343],[-3.59664,37.16328],[-3.59661,37.16269],[-3.5966,37.16253]]}},{"type":"Feature","properties":{"name":"","kind":"park","road":"","osm":865911547},"geometry":{"type":"Polygon","coordinates":[[[-3.58899,37.16784],[-3.58899,37.16786],[-3.58898,37.16789],[-3.58897,37.16791],[-3.58894,37.16794],[-3.58892,37.16795],[-3.58889,37.16795],[-3.58887,37.16795],[-3.58885,37.16794],[-3.58884,37.16792],[-3.58884,37.1679],[-3.58885,37.16788],[-3.58886,37.16785],[-3.58888,37.16783],[-3.58891,37.16781],[-3.58894,37.16781],[-3.58896,37.16781],[-3.58898,37.16782],[-3.58899,37.16784]]]}},{"type":"Feature","properties":{"name":"Calle Sos del Rey Católico","kind":"road","road":"tertiary","osm":866431173},"geometry":{"type":"LineString","coordinates":[[-3.59521,37.16655],[-3.59518,37.16656]]}},{"type":"Feature","properties":{"name":"Calle Sos del Rey Católico","kind":"road","road":"tertiary","osm":866431174},"geometry":{"type":"LineString","coordinates":[[-3.59518,37.16656],[-3.59514,37.16657],[-3.59512,37.16658],[-3.59511,37.16658]]}},{"type":"Feature","properties":{"name":"Calle Poeta Manuel de Góngora","kind":"road","road":"secondary","osm":866431175},"geometry":{"type":"LineString","coordinates":[[-3.59518,37.16656],[-3.5955,37.16694],[-3.59552,37.16696],[-3.59553,37.16697]]}},{"type":"Feature","properties":{"name":"Avenida Pablo Picasso","kind":"road","road":"secondary","osm":866431185},"geometry":{"type":"LineString","coordinates":[[-3.59236,37.16606],[-3.59246,37.16598]]}},{"type":"Feature","properties":{"name":"Avenida Pablo Picasso","kind":"road","road":"secondary","osm":866431186},"geometry":{"type":"LineString","coordinates":[[-3.59246,37.16598],[-3.59237,37.16595],[-3.59231,37.16595]]}},{"type":"Feature","properties":{"name":"","kind":"road","road":"secondary","osm":866431187},"geometry":{"type":"LineString","coordinates":[[-3.59231,37.16595],[-3.59227,37.16593]]}},{"type":"Feature","properties":{"name":"Camino Bajo de Huétor","kind":"road","road":"secondary","osm":866431188},"geometry":{"type":"LineString","coordinates":[[-3.59227,37.16593],[-3.59221,37.16585]]}},{"type":"Feature","properties":{"name":"Camino Bajo de Huétor","kind":"road","road":"secondary","osm":866431189},"geometry":{"type":"LineString","coordinates":[[-3.59221,37.16585],[-3.59218,37.1659],[-3.59216,37.16593]]}},{"type":"Feature","properties":{"name":"","kind":"park","road":"","osm":866431196},"geometry":{"type":"Polygon","coordinates":[[[-3.59212,37.16607],[-3.59214,37.16609],[-3.59217,37.16611],[-3.5922,37.16612],[-3.59224,37.16612],[-3.59227,37.16611],[-3.5923,37.1661],[-3.59232,37.16607],[-3.59233,37.16605],[-3.59233,37.16602],[-3.59231,37.166],[-3.59229,37.16597],[-3.59226,37.16596],[-3.59223,37.16595],[-3.59219,37.16596],[-3.59216,37.16597],[-3.59213,37.16599],[-3.59212,37.16602],[-3.59212,37.16605],[-3.59212,37.16607]]]}},{"type":"Feature","properties":{"name":"Callejón del Ángel","kind":"road","road":"pedestrian","osm":866557069},"geometry":{"type":"LineString","coordinates":[[-3.59756,37.16678],[-3.59701,37.16611]]}},{"type":"Feature","properties":{"name":"Paseo del Violón","kind":"road","road":"primary","osm":866557086},"geometry":{"type":"LineString","coordinates":[[-3.59638,37.16783],[-3.59638,37.16774]]}},{"type":"Feature","properties":{"name":"Callejón del Ángel","kind":"road","road":"pedestrian","osm":866622567},"geometry":{"type":"LineString","coordinates":[[-3.59625,37.16498],[-3.59638,37.16513],[-3.59641,37.16518]]}},{"type":"Feature","properties":{"name":"Callejón del Ángel","kind":"road","road":"pedestrian","osm":866622569},"geometry":{"type":"LineString","coordinates":[[-3.59642,37.16519],[-3.59655,37.16534]]}},{"type":"Feature","properties":{"name":"Callejón del Ángel","kind":"road","road":"pedestrian","osm":866622591},"geometry":{"type":"LineString","coordinates":[[-3.59614,37.16469],[-3.59616,37.16471]]}},{"type":"Feature","properties":{"name":"","kind":"road","road":"pedestrian","osm":866622593},"geometry":{"type":"LineString","coordinates":[[-3.59602,37.16478],[-3.59616,37.16471]]}},{"type":"Feature","properties":{"name":"","kind":"road","road":"pedestrian","osm":866622594},"geometry":{"type":"LineString","coordinates":[[-3.59578,37.16514],[-3.59565,37.16496]]}},{"type":"Feature","properties":{"name":"Calle Andrés Segovia","kind":"road","road":"secondary","osm":866622647},"geometry":{"type":"LineString","coordinates":[[-3.5943,37.16423],[-3.59428,37.16432],[-3.59423,37.16454],[-3.59415,37.16489],[-3.59415,37.16492],[-3.59412,37.16497],[-3.59411,37.16503]]}},{"type":"Feature","properties":{"name":"","kind":"road","road":"pedestrian","osm":866622662},"geometry":{"type":"LineString","coordinates":[[-3.59534,37.16409],[-3.59531,37.1641],[-3.59521,37.16409]]}},{"type":"Feature","properties":{"name":"Callejón del Ángel","kind":"road","road":"pedestrian","osm":866622663},"geometry":{"type":"LineString","coordinates":[[-3.59556,37.16399],[-3.59583,37.16422]]}},{"type":"Feature","properties":{"name":"","kind":"park","road":"","osm":866634536},"geometry":{"type":"Polygon","coordinates":[[[-3.59293,37.16882],[-3.59247,37.16871],[-3.59251,37.16869],[-3.59256,37.16868],[-3.59263,37.16869],[-3.59273,37.16871],[-3.59285,37.16875],[-3.5929,37.16878],[-3.59292,37.1688],[-3.59293,37.16882]]]}},{"type":"Feature","properties":{"name":"","kind":"park","road":"","osm":866634537},"geometry":{"type":"Polygon","coordinates":[[[-3.59242,37.1687],[-3.59229,37.16867],[-3.59199,37.16853],[-3.59218,37.16821],[-3.59227,37.16846],[-3.59233,37.16845],[-3.59242,37.1687]]]}},{"type":"Feature","properties":{"name":"Calle Agustín Lara","kind":"road","road":"tertiary","osm":867291218},"geometry":{"type":"LineString","coordinates":[[-3.59276,37.16311],[-3.5927,37.1631],[-3.59231,37.16305],[-3.59226,37.16305]]}},{"type":"Feature","properties":{"name":"Calle Bruselas","kind":"road","road":"tertiary","osm":867291219},"geometry":{"type":"LineString","coordinates":[[-3.59252,37.16262],[-3.59255,37.16263],[-3.59264,37.16282],[-3.59265,37.16285],[-3.59275,37.16308],[-3.59276,37.16311]]}},{"type":"Feature","properties":{"name":"Calle Dorotea","kind":"road","road":"pedestrian","osm":867663929},"geometry":{"type":"LineString","coordinates":[[-3.59006,37.16388],[-3.59003,37.16388]]}},{"type":"Feature","properties":{"name":"Calle Villar Yebra","kind":"road","road":"pedestrian","osm":867990420},"geometry":{"type":"LineString","coordinates":[[-3.58556,37.16817],[-3.58572,37.1683],[-3.58588,37.16842]]}},{"type":"Feature","properties":{"name":"Calle Villar Yebra","kind":"road","road":"pedestrian","osm":867990422},"geometry":{"type":"LineString","coordinates":[[-3.58539,37.16802],[-3.58538,37.16803],[-3.58552,37.16814]]}},{"type":"Feature","properties":{"name":"Cuesta de la Morera","kind":"road","road":"pedestrian","osm":867990436},"geometry":{"type":"LineString","coordinates":[[-3.58669,37.17027],[-3.58669,37.17044],[-3.58671,37.17046]]}},{"type":"Feature","properties":{"name":"Cuesta del Caidero","kind":"road","road":"tertiary","osm":868996810},"geometry":{"type":"LineString","coordinates":[[-3.5893,37.16976],[-3.58928,37.16977],[-3.58924,37.16981],[-3.58921,37.16983],[-3.58873,37.1702],[-3.5887,37.17025],[-3.58868,37.1703],[-3.58867,37.17038],[-3.58867,37.17043]]}},{"type":"Feature","properties":{"name":"Paseo del Generalife","kind":"road","road":"tertiary","osm":868996866},"geometry":{"type":"LineString","coordinates":[[-3.58956,37.17445],[-3.58951,37.17443],[-3.58944,37.17441],[-3.58918,37.17431],[-3.58893,37.17422],[-3.58869,37.17415],[-3.58835,37.17409],[-3.58833,37.17408]]}},{"type":"Feature","properties":{"name":"Calle Parra de San Cecilio","kind":"road","road":"pedestrian","osm":869031071},"geometry":{"type":"LineString","coordinates":[[-3.59088,37.17378],[-3.59082,37.17373],[-3.59077,37.1737]]}},{"type":"Feature","properties":{"name":"Plaza Campo del Príncipe","kind":"road","road":"tertiary","osm":869031074},"geometry":{"type":"LineString","coordinates":[[-3.59137,37.17316],[-3.59147,37.17317]]}},{"type":"Feature","properties":{"name":"Calle San Matías","kind":"road","road":"tertiary","osm":870690830},"geometry":{"type":"LineString","coordinates":[[-3.59708,37.1725],[-3.59706,37.17257]]}},{"type":"Feature","properties":{"name":"Calle Ángel Ganivet","kind":"road","road":"tertiary","osm":870690834},"geometry":{"type":"LineString","coordinates":[[-3.59742,37.17264],[-3.59739,37.17263],[-3.59735,37.17259]]}},{"type":"Feature","properties":{"name":"Calle Piedra Santa","kind":"road","road":"pedestrian","osm":870690836},"geometry":{"type":"LineString","coordinates":[[-3.59766,37.17364],[-3.59725,37.17349],[-3.5969,37.17337]]}},{"type":"Feature","properties":{"name":"Placeta Piedra Santa","kind":"road","road":"pedestrian","osm":870690837},"geometry":{"type":"LineString","coordinates":[[-3.59775,37.17356],[-3.59766,37.17364]]}},{"type":"Feature","properties":{"name":"Calle Coches de San Matías","kind":"road","road":"pedestrian","osm":870690839},"geometry":{"type":"LineString","coordinates":[[-3.59628,37.17309],[-3.596,37.17291]]}},{"type":"Feature","properties":{"name":"Calle Sacristía de San Matías","kind":"road","road":"pedestrian","osm":870690840},"geometry":{"type":"LineString","coordinates":[[-3.59649,37.17352],[-3.59639,37.17347]]}},{"type":"Feature","properties":{"name":"Calle Palacios","kind":"road","road":"pedestrian","osm":870690842},"geometry":{"type":"LineString","coordinates":[[-3.59517,37.17325],[-3.59524,37.17329]]}},{"type":"Feature","properties":{"name":"Calle Palacios","kind":"road","road":"pedestrian","osm":870690843},"geometry":{"type":"LineString","coordinates":[[-3.59571,37.17288],[-3.59583,37.17278]]}},{"type":"Feature","properties":{"name":"Calle Sarabia","kind":"road","road":"pedestrian","osm":870690851},"geometry":{"type":"LineString","coordinates":[[-3.59792,37.17329],[-3.59861,37.1736]]}},{"type":"Feature","properties":{"name":"Calle Piedra Santa","kind":"road","road":"pedestrian","osm":870690852},"geometry":{"type":"LineString","coordinates":[[-3.59832,37.17412],[-3.59818,37.17398]]}},{"type":"Feature","properties":{"name":"","kind":"road","road":"pedestrian","osm":870752214},"geometry":{"type":"LineString","coordinates":[[-3.5978,37.17495],[-3.59774,37.17492],[-3.59773,37.17491],[-3.59777,37.17485],[-3.59785,37.17489],[-3.5978,37.17495]]}},{"type":"Feature","properties":{"name":"","kind":"road","road":"pedestrian","osm":871103022},"geometry":{"type":"LineString","coordinates":[[-3.59449,37.17048],[-3.59441,37.17055]]}},{"type":"Feature","properties":{"name":"Plaza del Duque de San Pedro de Galatino","kind":"road","road":"primary","osm":871103089},"geometry":{"type":"LineString","coordinates":[[-3.58751,37.16711],[-3.58747,37.1671],[-3.5873,37.16706],[-3.58715,37.16703]]}},{"type":"Feature","properties":{"name":"Calle Puente Verde","kind":"road","road":"primary","osm":871133905},"geometry":{"type":"LineString","coordinates":[[-3.58958,37.16711],[-3.58952,37.16718]]}},{"type":"Feature","properties":{"name":"Calle Cobertizo Santo Domingo","kind":"road","road":"pedestrian","osm":872209837},"geometry":{"type":"LineString","coordinates":[[-3.59434,37.17301],[-3.59443,37.17308]]}},{"type":"Feature","properties":{"name":"Calle Cobertizo Santo Domingo","kind":"road","road":"pedestrian","osm":872209838},"geometry":{"type":"LineString","coordinates":[[-3.59443,37.17308],[-3.59444,37.17311]]}},{"type":"Feature","properties":{"name":"","kind":"park","road":"","osm":872244871},"geometry":{"type":"Polygon","coordinates":[[[-3.58821,37.1703],[-3.58806,37.17043],[-3.58792,37.17032],[-3.58808,37.1702],[-3.58821,37.1703]]]}},{"type":"Feature","properties":{"name":"","kind":"park","road":"","osm":872292931},"geometry":{"type":"Polygon","coordinates":[[[-3.59581,37.17456],[-3.59576,37.17461],[-3.59573,37.17459],[-3.59578,37.17454],[-3.59581,37.17456]]]}},{"type":"Feature","properties":{"name":"Calle Puente Verde","kind":"road","road":"pedestrian","osm":874012295},"geometry":{"type":"LineString","coordinates":[[-3.58988,37.16649],[-3.58987,37.16656],[-3.58975,37.16675]]}},{"type":"Feature","properties":{"name":"Calle Laguna de la Caldera","kind":"road","road":"pedestrian","osm":875068807},"geometry":{"type":"LineString","coordinates":[[-3.58368,37.16532],[-3.58368,37.16534]]}},{"type":"Feature","properties":{"name":"Calle El Purche","kind":"road","road":"pedestrian","osm":875068815},"geometry":{"type":"LineString","coordinates":[[-3.58663,37.16612],[-3.58664,37.1661],[-3.58667,37.16608],[-3.58711,37.16637]]}},{"type":"Feature","properties":{"name":"Calle El Purche","kind":"road","road":"pedestrian","osm":875068816},"geometry":{"type":"LineString","coordinates":[[-3.58645,37.16629],[-3.58663,37.16612]]}},{"type":"Feature","properties":{"name":"","kind":"park","road":"","osm":875446003},"geometry":{"type":"Polygon","coordinates":[[[-3.58824,37.16704],[-3.58839,37.16694],[-3.58854,37.16717],[-3.58824,37.16704]]]}},{"type":"Feature","properties":{"name":"Calle Capilla San Andrés","kind":"road","road":"pedestrian","osm":876564536},"geometry":{"type":"LineString","coordinates":[[-3.59971,37.18098],[-3.59985,37.18097]]}},{"type":"Feature","properties":{"name":"Calle Cedrán","kind":"road","road":"tertiary","osm":876564558},"geometry":{"type":"LineString","coordinates":[[-3.59903,37.18079],[-3.59904,37.18079],[-3.59907,37.18079]]}},{"type":"Feature","properties":{"name":"Calle Álvaro de Bazán","kind":"road","road":"tertiary","osm":876564567},"geometry":{"type":"LineString","coordinates":[[-3.59889,37.17824],[-3.5988,37.17827],[-3.59877,37.17828]]}},{"type":"Feature","properties":{"name":"Calle Cárcel Baja","kind":"road","road":"secondary","osm":876564572},"geometry":{"type":"LineString","coordinates":[[-3.59833,37.1775],[-3.59834,37.1775],[-3.59837,37.17749],[-3.5984,37.17748],[-3.59845,37.17744]]}},{"type":"Feature","properties":{"name":"Calle Zenete","kind":"road","road":"pedestrian","osm":876564580},"geometry":{"type":"LineString","coordinates":[[-3.59744,37.17884],[-3.59771,37.17901],[-3.59783,37.17913],[-3.59792,37.17927],[-3.598,37.17939],[-3.59807,37.17957]]}},{"type":"Feature","properties":{"name":"Plaza del Triunfo","kind":"road","road":"pedestrian","osm":876564583},"geometry":{"type":"LineString","coordinates":[[-3.60025,37.18213],[-3.60023,37.18215],[-3.60014,37.18223],[-3.59961,37.18213],[-3.59961,37.18212],[-3.59961,37.1821],[-3.59969,37.1821],[-3.59973,37.18211],[-3.59975,37.18211],[-3.59977,37.18211],[-3.59981,37.18211],[-3.59982,37.18211],[-3.59985,37.18211],[-3.59986,37.18211],[-3.5999,37.18211],[-3.59994,37.18212],[-3.59998,37.18212],[-3.60002,37.18212],[-3.60007,37.18212],[-3.60025,37.18213]]}},{"type":"Feature","properties":{"name":"Calle Carrera de la Virgen","kind":"road","road":"secondary","osm":876606356},"geometry":{"type":"LineString","coordinates":[[-3.59845,37.17166],[-3.59842,37.17168],[-3.59834,37.17169],[-3.59829,37.17165]]}},{"type":"Feature","properties":{"name":"Calle Carrera de la Virgen","kind":"road","road":"secondary","osm":876606357},"geometry":{"type":"LineString","coordinates":[[-3.59863,37.17155],[-3.59845,37.17166]]}},{"type":"Feature","properties":{"name":"Calle Gozo","kind":"road","road":"pedestrian","osm":877409271},"geometry":{"type":"LineString","coordinates":[[-3.59873,37.17346],[-3.59871,37.17349],[-3.59863,37.17357],[-3.59862,37.17359]]}},{"type":"Feature","properties":{"name":"Calle Gozo","kind":"road","road":"pedestrian","osm":877409272},"geometry":{"type":"LineString","coordinates":[[-3.59862,37.17359],[-3.59861,37.1736]]}},{"type":"Feature","properties":{"name":"Calle Zaragoza","kind":"road","road":"pedestrian","osm":877409273},"geometry":{"type":"LineString","coordinates":[[-3.59915,37.17391],[-3.59922,37.17394]]}},{"type":"Feature","properties":{"name":"Calle Bodegoncillos","kind":"road","road":"pedestrian","osm":877473344},"geometry":{"type":"LineString","coordinates":[[-3.597,37.17673],[-3.59694,37.17674]]}},{"type":"Feature","properties":{"name":"Calle Hermosa","kind":"road","road":"pedestrian","osm":877473346},"geometry":{"type":"LineString","coordinates":[[-3.59687,37.17645],[-3.59686,37.17646]]}},{"type":"Feature","properties":{"name":"Calle Hermosa","kind":"road","road":"pedestrian","osm":877473348},"geometry":{"type":"LineString","coordinates":[[-3.59683,37.17647],[-3.59676,37.17652]]}},{"type":"Feature","properties":{"name":"Plaza de Santa Ana","kind":"road","road":"pedestrian","osm":877473378},"geometry":{"type":"LineString","coordinates":[[-3.59537,37.17726],[-3.59536,37.17727],[-3.59531,37.1773],[-3.59519,37.17736],[-3.59505,37.17743],[-3.59504,37.17742],[-3.59502,37.1774],[-3.59504,37.17737],[-3.59505,37.1773],[-3.59506,37.17727],[-3.59508,37.17723],[-3.59513,37.17719],[-3.59515,37.1772],[-3.59529,37.17713],[-3.5953,37.17714],[-3.59537,37.17724],[-3.59537,37.17726]]}},{"type":"Feature","properties":{"name":"Placeta de la Miga","kind":"road","road":"pedestrian","osm":877808255},"geometry":{"type":"LineString","coordinates":[[-3.59432,37.17632],[-3.59442,37.17636],[-3.59449,37.17642]]}},{"type":"Feature","properties":{"name":"Plaza de Santa Ana","kind":"road","road":"tertiary","osm":877808258},"geometry":{"type":"LineString","coordinates":[[-3.59503,37.17731],[-3.59501,37.17737],[-3.59499,37.1774]]}},{"type":"Feature","properties":{"name":"","kind":"road","road":"pedestrian","osm":878148454},"geometry":{"type":"LineString","coordinates":[[-3.59497,37.17779],[-3.59506,37.17791]]}},{"type":"Feature","properties":{"name":"Calle Puente Cabrera","kind":"road","road":"pedestrian","osm":878148456},"geometry":{"type":"LineString","coordinates":[[-3.5937,37.17783],[-3.59367,37.17787],[-3.59368,37.1779]]}},{"type":"Feature","properties":{"name":"Calle Puente Cabrera","kind":"road","road":"pedestrian","osm":878148458},"geometry":{"type":"LineString","coordinates":[[-3.59367,37.17787],[-3.59356,37.1779]]}},{"type":"Feature","properties":{"name":"Placeta Porras","kind":"road","road":"pedestrian","osm":878148467},"geometry":{"type":"LineString","coordinates":[[-3.59462,37.17851],[-3.59474,37.17848],[-3.59481,37.17847],[-3.59498,37.17841]]}},{"type":"Feature","properties":{"name":"Placeta de los Negros","kind":"road","road":"pedestrian","osm":878148483},"geometry":{"type":"LineString","coordinates":[[-3.59722,37.17916],[-3.59728,37.17916]]}},{"type":"Feature","properties":{"name":"Cuesta de Abarqueros","kind":"road","road":"pedestrian","osm":878148497},"geometry":{"type":"LineString","coordinates":[[-3.59864,37.18198],[-3.59863,37.18189]]}},{"type":"Feature","properties":{"name":"Calle Oidores","kind":"road","road":"pedestrian","osm":878170800},"geometry":{"type":"LineString","coordinates":[[-3.59638,37.17964],[-3.59636,37.17952],[-3.59629,37.17938]]}},{"type":"Feature","properties":{"name":"Callejón de las Monjas Albayzín","kind":"road","road":"pedestrian","osm":878170808},"geometry":{"type":"LineString","coordinates":[[-3.59662,37.1817],[-3.59664,37.1817],[-3.59667,37.18142],[-3.59689,37.18143]]}},{"type":"Feature","properties":{"name":"Placeta Cruz Verde","kind":"road","road":"pedestrian","osm":879190676},"geometry":{"type":"LineString","coordinates":[[-3.59506,37.17903],[-3.59494,37.17904]]}},{"type":"Feature","properties":{"name":"Placeta Comino","kind":"road","road":"pedestrian","osm":879190681},"geometry":{"type":"LineString","coordinates":[[-3.59233,37.18054],[-3.59232,37.18052],[-3.59232,37.18049]]}},{"type":"Feature","properties":{"name":"Calle Casa de Paso","kind":"road","road":"pedestrian","osm":879204296},"geometry":{"type":"LineString","coordinates":[[-3.5984,37.17913],[-3.59837,37.17909],[-3.5984,37.17907]]}},{"type":"Feature","properties":{"name":"Calle Puerta Nueva","kind":"road","road":"pedestrian","osm":880120860},"geometry":{"type":"LineString","coordinates":[[-3.59372,37.18251],[-3.59351,37.18258],[-3.59349,37.18262]]}},{"type":"Feature","properties":{"name":"Plaza Larga","kind":"road","road":"pedestrian","osm":880120861},"geometry":{"type":"LineString","coordinates":[[-3.59349,37.18262],[-3.59349,37.18263],[-3.59348,37.18272]]}},{"type":"Feature","properties":{"name":"Calle Horno del Hoyo","kind":"road","road":"pedestrian","osm":880145434},"geometry":{"type":"LineString","coordinates":[[-3.59251,37.18288],[-3.59258,37.18274]]}},{"type":"Feature","properties":{"name":"Calle Agua del Albayzín","kind":"road","road":"pedestrian","osm":880145435},"geometry":{"type":"LineString","coordinates":[[-3.59317,37.1838],[-3.59318,37.18378],[-3.59324,37.1837],[-3.59327,37.1836],[-3.59327,37.18351]]}},{"type":"Feature","properties":{"name":"Placeta Alamillos","kind":"road","road":"pedestrian","osm":880917454},"geometry":{"type":"LineString","coordinates":[[-3.59867,37.18401],[-3.59862,37.184]]}},{"type":"Feature","properties":{"name":"Placeta Rosales","kind":"road","road":"pedestrian","osm":880917455},"geometry":{"type":"LineString","coordinates":[[-3.59934,37.18478],[-3.59931,37.1847],[-3.59928,37.18457],[-3.59921,37.18457],[-3.59913,37.1845]]}},{"type":"Feature","properties":{"name":"Calle Pernaleros Alto","kind":"road","road":"pedestrian","osm":880917460},"geometry":{"type":"LineString","coordinates":[[-3.59828,37.18398],[-3.5983,37.18396],[-3.59828,37.18387],[-3.59832,37.18381],[-3.59832,37.18379]]}},{"type":"Feature","properties":{"name":"Calle Cruz de Arqueros","kind":"road","road":"pedestrian","osm":880917464},"geometry":{"type":"LineString","coordinates":[[-3.59849,37.18295],[-3.59846,37.18293],[-3.59818,37.18276]]}},{"type":"Feature","properties":{"name":"Placeta de Liñán","kind":"road","road":"pedestrian","osm":880917479},"geometry":{"type":"LineString","coordinates":[[-3.59802,37.18315],[-3.59796,37.18319]]}},{"type":"Feature","properties":{"name":"Cuesta de San Cristóbal","kind":"road","road":"pedestrian","osm":880917481},"geometry":{"type":"LineString","coordinates":[[-3.59666,37.18274],[-3.59667,37.18268],[-3.59659,37.18262],[-3.59646,37.18259]]}},{"type":"Feature","properties":{"name":"Placeta de los Ortegas","kind":"road","road":"pedestrian","osm":880940984},"geometry":{"type":"LineString","coordinates":[[-3.59184,37.18289],[-3.59192,37.18295],[-3.59184,37.18306],[-3.59184,37.18305],[-3.59182,37.18305],[-3.59174,37.18299],[-3.59184,37.18289]]}},{"type":"Feature","properties":{"name":"Calle Charca","kind":"road","road":"pedestrian","osm":880941000},"geometry":{"type":"LineString","coordinates":[[-3.59183,37.18243],[-3.5918,37.18249]]}},{"type":"Feature","properties":{"name":"Plaza de Isabel la Católica","kind":"road","road":"secondary","osm":883105512},"geometry":{"type":"LineString","coordinates":[[-3.59663,37.17553],[-3.59667,37.17556],[-3.59673,37.17558],[-3.59705,37.17564],[-3.59709,37.17562]]}},{"type":"Feature","properties":{"name":"Plaza de Isabel la Católica","kind":"road","road":"secondary","osm":883105513},"geometry":{"type":"LineString","coordinates":[[-3.59709,37.17562],[-3.59713,37.17563],[-3.59727,37.17566]]}},{"type":"Feature","properties":{"name":"","kind":"park","road":"","osm":883105514},"geometry":{"type":"Polygon","coordinates":[[[-3.59705,37.17562],[-3.59704,37.17562],[-3.59672,37.17556],[-3.59672,37.17555],[-3.59673,37.17555],[-3.59704,37.17561],[-3.59705,37.17561],[-3.59705,37.17562]]]}},{"type":"Feature","properties":{"name":"Calle San Matías","kind":"road","road":"tertiary","osm":883139577},"geometry":{"type":"LineString","coordinates":[[-3.59658,37.17541],[-3.59657,37.17542],[-3.59655,37.1755]]}},{"type":"Feature","properties":{"name":"Calle Torillo de San Matías","kind":"road","road":"pedestrian","osm":883139600},"geometry":{"type":"LineString","coordinates":[[-3.59677,37.17391],[-3.59695,37.17395],[-3.59691,37.17408]]}},{"type":"Feature","properties":{"name":"Calle Santiago","kind":"road","road":"secondary","osm":884077048},"geometry":{"type":"LineString","coordinates":[[-3.59224,37.17139],[-3.59237,37.17151],[-3.59255,37.17168],[-3.59257,37.1717],[-3.59277,37.1719],[-3.593,37.17216],[-3.59302,37.17218],[-3.59335,37.17256]]}},{"type":"Feature","properties":{"name":"","kind":"road","road":"pedestrian","osm":884077054},"geometry":{"type":"LineString","coordinates":[[-3.59139,37.17064],[-3.59123,37.17075]]}},{"type":"Feature","properties":{"name":"Calle Ballesteros","kind":"road","road":"pedestrian","osm":885474256},"geometry":{"type":"LineString","coordinates":[[-3.5962,37.17403],[-3.59619,37.17405],[-3.59607,37.17415],[-3.59603,37.17418]]}},{"type":"Feature","properties":{"name":"Calle Hoteles de Belén Calle C","kind":"road","road":"pedestrian","osm":886127630},"geometry":{"type":"LineString","coordinates":[[-3.58955,37.1721],[-3.58939,37.17219]]}},{"type":"Feature","properties":{"name":"","kind":"park","road":"","osm":889912014},"geometry":{"type":"Polygon","coordinates":[[[-3.60185,37.18343],[-3.60169,37.18345],[-3.60189,37.18327],[-3.60185,37.18343]]]}},{"type":"Feature","properties":{"name":"","kind":"park","road":"","osm":889912015},"geometry":{"type":"Polygon","coordinates":[[[-3.6023,37.18431],[-3.6023,37.18434],[-3.60212,37.18444],[-3.60194,37.18429],[-3.60199,37.18423],[-3.6023,37.18431]]]}},{"type":"Feature","properties":{"name":"","kind":"park","road":"","osm":889912016},"geometry":{"type":"Polygon","coordinates":[[[-3.60255,37.18399],[-3.60298,37.18392],[-3.60298,37.18394],[-3.6025,37.18422],[-3.60248,37.1842],[-3.60255,37.18399]]]}},{"type":"Feature","properties":{"name":"","kind":"park","road":"","osm":889912017},"geometry":{"type":"Polygon","coordinates":[[[-3.60154,37.18385],[-3.60146,37.18391],[-3.60132,37.18379],[-3.60146,37.18366],[-3.60154,37.18385]]]}},{"type":"Feature","properties":{"name":"","kind":"park","road":"","osm":889912018},"geometry":{"type":"Polygon","coordinates":[[[-3.60173,37.18383],[-3.60162,37.18384],[-3.60154,37.18359],[-3.60158,37.18355],[-3.60183,37.1835],[-3.60173,37.18383]]]}},{"type":"Feature","properties":{"name":"","kind":"park","road":"","osm":889912019},"geometry":{"type":"Polygon","coordinates":[[[-3.60204,37.18408],[-3.60245,37.18401],[-3.60238,37.18424],[-3.60202,37.18418],[-3.60204,37.18408]]]}},{"type":"Feature","properties":{"name":"Camino Viejo del Fargue","kind":"road","road":"secondary","osm":891213983},"geometry":{"type":"LineString","coordinates":[[-3.58899,37.18968],[-3.58896,37.18971],[-3.58891,37.18977],[-3.5888,37.18989]]}},{"type":"Feature","properties":{"name":"Circunvalación de Granada","kind":"road","road":"motorway","osm":891902475},"geometry":{"type":"LineString","coordinates":[[-3.6114,37.17275],[-3.61162,37.17316],[-3.61191,37.17366],[-3.61208,37.17392]]}},{"type":"Feature","properties":{"name":"Circunvalación de Granada","kind":"road","road":"motorway","osm":891902476},"geometry":{"type":"LineString","coordinates":[[-3.61047,37.17048],[-3.61063,37.17097],[-3.61078,37.17137],[-3.61099,37.17188],[-3.61113,37.1722],[-3.61131,37.17258]]}},{"type":"Feature","properties":{"name":"Circunvalación de Granada","kind":"road","road":"motorway","osm":891902478},"geometry":{"type":"LineString","coordinates":[[-3.61069,37.17055],[-3.61062,37.17038],[-3.61053,37.17006],[-3.61044,37.1697],[-3.61023,37.1686],[-3.61018,37.16827]]}},{"type":"Feature","properties":{"name":"Circunvalación de Granada","kind":"road","road":"motorway","osm":891902479},"geometry":{"type":"LineString","coordinates":[[-3.61231,37.174],[-3.61205,37.17355],[-3.61174,37.173],[-3.61157,37.17268]]}},{"type":"Feature","properties":{"name":"Avenida del Sur","kind":"road","road":"primary","osm":893679599},"geometry":{"type":"LineString","coordinates":[[-3.61284,37.18766],[-3.6127,37.18762],[-3.61238,37.18753],[-3.61232,37.18751],[-3.6121,37.18745],[-3.61168,37.18733],[-3.61164,37.18732],[-3.61155,37.18729],[-3.61135,37.18723],[-3.611,37.18712]]}},{"type":"Feature","properties":{"name":"Jardín del Convento de San Francisco","kind":"park","road":"","osm":902256623},"geometry":{"type":"Polygon","coordinates":[[[-3.58765,37.17659],[-3.58761,37.17677],[-3.58758,37.17691],[-3.58751,37.17701],[-3.58721,37.1768],[-3.58688,37.17662],[-3.58677,37.17657],[-3.58662,37.17636],[-3.58639,37.1762],[-3.5864,37.17611],[-3.58649,37.17596],[-3.5864,37.17591],[-3.58647,37.17578],[-3.58684,37.17592],[-3.58708,37.17601],[-3.58724,37.17605],[-3.58725,37.17598],[-3.58744,37.17602],[-3.5874,37.17614],[-3.58772,37.17621],[-3.58766,37.17641],[-3.58767,37.17643],[-3.58765,37.17659]]]}},{"type":"Feature","properties":{"name":"","kind":"park","road":"","osm":906066078},"geometry":{"type":"Polygon","coordinates":[[[-3.61037,37.17758],[-3.61035,37.17759],[-3.61007,37.17712],[-3.61009,37.17711],[-3.61037,37.17758]]]}},{"type":"Feature","properties":{"name":"","kind":"park","road":"","osm":906066079},"geometry":{"type":"Polygon","coordinates":[[[-3.61039,37.17766],[-3.61041,37.17765],[-3.61049,37.17777],[-3.61046,37.17778],[-3.61039,37.17766]]]}},{"type":"Feature","properties":{"name":"Calle Santa Escolástica","kind":"road","road":"secondary","osm":912767452},"geometry":{"type":"LineString","coordinates":[[-3.59501,37.1743],[-3.59498,37.17428],[-3.59474,37.17407],[-3.59459,37.1739]]}},{"type":"Feature","properties":{"name":"Calle Santa Escolástica","kind":"road","road":"secondary","osm":912767453},"geometry":{"type":"LineString","coordinates":[[-3.59552,37.17466],[-3.59536,37.17458],[-3.5953,37.17455]]}},{"type":"Feature","properties":{"name":"Jardines del Carmen de los Mártires","kind":"park","road":"","osm":912904335},"geometry":{"type":"Polygon","coordinates":[[[-3.58763,37.17252],[-3.58794,37.17291],[-3.58812,37.17278],[-3.58812,37.17276],[-3.58814,37.17275],[-3.58793,37.17244],[-3.58781,37.17223],[-3.58772,37.17214],[-3.58766,37.17197],[-3.5868,37.17124],[-3.58669,37.17134],[-3.58666,37.17132],[-3.58644,37.17151],[-3.58536,37.17167],[-3.58527,37.17168],[-3.58511,37.17171],[-3.58483,37.17183],[-3.5849,37.17219],[-3.58538,37.17272],[-3.58572,37.17283],[-3.5862,37.17322],[-3.58668,37.17326],[-3.5869,37.1739],[-3.58717,37.17384],[-3.58717,37.17376],[-3.58713,37.17369],[-3.58711,37.17354],[-3.58724,37.17338],[-3.58758,37.17334],[-3.58785,37.17339],[-3.58797,37.17341],[-3.58798,37.17335],[-3.58729,37.17276],[-3.58735,37.17272],[-3.58737,37.1727],[-3.58745,37.17264],[-3.58763,37.17252]]]}},{"type":"Feature","properties":{"name":"","kind":"road","road":"pedestrian","osm":913628090},"geometry":{"type":"LineString","coordinates":[[-3.61816,37.19011],[-3.61806,37.18993],[-3.61785,37.18948],[-3.61777,37.18925],[-3.61768,37.18901]]}},{"type":"Feature","properties":{"name":"Calle Frailes","kind":"road","road":"pedestrian","osm":935287255},"geometry":{"type":"LineString","coordinates":[[-3.60003,37.17244],[-3.60038,37.1724]]}},{"type":"Feature","properties":{"name":"Calle Verónica de la Virgen","kind":"road","road":"pedestrian","osm":935287256},"geometry":{"type":"LineString","coordinates":[[-3.59961,37.16987],[-3.59957,37.16988],[-3.59922,37.16995],[-3.5992,37.16996]]}},{"type":"Feature","properties":{"name":"Calle Duende","kind":"road","road":"pedestrian","osm":935287257},"geometry":{"type":"LineString","coordinates":[[-3.59939,37.17053],[-3.59963,37.17048],[-3.59966,37.17048]]}},{"type":"Feature","properties":{"name":"Calle Arabial","kind":"road","road":"primary","osm":941033579},"geometry":{"type":"LineString","coordinates":[[-3.61323,37.17995],[-3.61326,37.18],[-3.61328,37.18003],[-3.61329,37.18005],[-3.61355,37.18047],[-3.614,37.1812]]}},{"type":"Feature","properties":{"name":"Camino de Ronda","kind":"road","road":"primary","osm":943229538},"geometry":{"type":"LineString","coordinates":[[-3.61196,37.18031],[-3.61206,37.18048],[-3.61208,37.1805],[-3.61219,37.18068],[-3.61258,37.18133]]}},{"type":"Feature","properties":{"name":"Camino de Ronda","kind":"road","road":"primary","osm":943229539},"geometry":{"type":"LineString","coordinates":[[-3.61204,37.18028],[-3.61183,37.17993],[-3.6118,37.17988],[-3.61178,37.17985],[-3.61141,37.17923],[-3.6114,37.17922],[-3.61135,37.17914]]}},{"type":"Feature","properties":{"name":"Camino de Ronda","kind":"road","road":"primary","osm":943229540},"geometry":{"type":"LineString","coordinates":[[-3.61213,37.18043],[-3.61204,37.18028]]}},{"type":"Feature","properties":{"name":"Carretera de Málaga","kind":"road","road":"primary","osm":947448620},"geometry":{"type":"LineString","coordinates":[[-3.61508,37.18829],[-3.61498,37.18825],[-3.61487,37.18821]]}},{"type":"Feature","properties":{"name":"Carretera de Málaga","kind":"road","road":"primary","osm":947448621},"geometry":{"type":"LineString","coordinates":[[-3.61514,37.18831],[-3.61508,37.18829]]}},{"type":"Feature","properties":{"name":"Carretera de Málaga","kind":"road","road":"primary","osm":947448622},"geometry":{"type":"LineString","coordinates":[[-3.61519,37.18833],[-3.61514,37.18831]]}},{"type":"Feature","properties":{"name":"","kind":"park","road":"","osm":948149397},"geometry":{"type":"Polygon","coordinates":[[[-3.6121,37.18026],[-3.61209,37.18028],[-3.61211,37.18032],[-3.61212,37.18033],[-3.61213,37.18033],[-3.61215,37.18034],[-3.6121,37.18026]]]}},{"type":"Feature","properties":{"name":"","kind":"park","road":"","osm":976924252},"geometry":{"type":"Polygon","coordinates":[[[-3.606,37.18648],[-3.60593,37.18645],[-3.60606,37.18627],[-3.60613,37.1863],[-3.606,37.18648]]]}},{"type":"Feature","properties":{"name":"","kind":"park","road":"","osm":976924253},"geometry":{"type":"Polygon","coordinates":[[[-3.6063,37.18663],[-3.60623,37.1866],[-3.60637,37.18643],[-3.60643,37.18646],[-3.6063,37.18663]]]}},{"type":"Feature","properties":{"name":"","kind":"park","road":"","osm":976924258},"geometry":{"type":"Polygon","coordinates":[[[-3.60586,37.18574],[-3.60578,37.1857],[-3.60567,37.18582],[-3.60576,37.18587],[-3.60586,37.18574]]]}},{"type":"Feature","properties":{"name":"","kind":"park","road":"","osm":976924260},"geometry":{"type":"Polygon","coordinates":[[[-3.60654,37.18727],[-3.60643,37.18721],[-3.60652,37.18709],[-3.60665,37.18715],[-3.60654,37.18727]]]}},{"type":"Feature","properties":{"name":"","kind":"road","road":"pedestrian","osm":976924261},"geometry":{"type":"LineString","coordinates":[[-3.60656,37.18742],[-3.60668,37.1875],[-3.6066,37.18757],[-3.60648,37.18749],[-3.60644,37.18747],[-3.60641,37.18745],[-3.60614,37.18726],[-3.60627,37.18712],[-3.60643,37.18721],[-3.60636,37.18728],[-3.60647,37.18735],[-3.60648,37.18736],[-3.60649,37.18737],[-3.60647,37.1874],[-3.60646,37.18742],[-3.60648,37.18744],[-3.6065,37.18744],[-3.60652,37.18744],[-3.60655,37.18741],[-3.60656,37.18742]]}},{"type":"Feature","properties":{"name":"Calle Halcón","kind":"road","road":"secondary","osm":981208228},"geometry":{"type":"LineString","coordinates":[[-3.61387,37.18527],[-3.6139,37.18528],[-3.61448,37.18534],[-3.61459,37.18536],[-3.61463,37.18536],[-3.61465,37.18537]]}},{"type":"Feature","properties":{"name":"Calle Núñez Blanca","kind":"road","road":"pedestrian","osm":982087156},"geometry":{"type":"LineString","coordinates":[[-3.61602,37.18313],[-3.61581,37.18336]]}},{"type":"Feature","properties":{"name":"","kind":"water","road":"","osm":986758308},"geometry":{"type":"Polygon","coordinates":[[[-3.6092,37.17209],[-3.60919,37.17209],[-3.60947,37.17193],[-3.60947,37.17194],[-3.6092,37.17209]]]}},{"type":"Feature","properties":{"name":"","kind":"water","road":"","osm":986758309},"geometry":{"type":"Polygon","coordinates":[[[-3.60954,37.1719],[-3.60953,37.1719],[-3.60987,37.17171],[-3.60987,37.17172],[-3.60954,37.1719]]]}},{"type":"Feature","properties":{"name":"","kind":"water","road":"","osm":986758310},"geometry":{"type":"Polygon","coordinates":[[[-3.61001,37.17164],[-3.61031,37.17146],[-3.61032,37.17147],[-3.61001,37.17164]]]}},{"type":"Feature","properties":{"name":"","kind":"water","road":"","osm":986758312},"geometry":{"type":"Polygon","coordinates":[[[-3.60901,37.17219],[-3.60913,37.17212],[-3.60913,37.17213],[-3.60901,37.17219]]]}},{"type":"Feature","properties":{"name":"Calle Cañaveral","kind":"road","road":"secondary","osm":991441096},"geometry":{"type":"LineString","coordinates":[[-3.61355,37.17899],[-3.61348,37.17896],[-3.61277,37.17873],[-3.61275,37.17872],[-3.6127,37.1787],[-3.61265,37.17869],[-3.61259,37.17867]]}},{"type":"Feature","properties":{"name":"Calle Cañaveral","kind":"road","road":"tertiary","osm":1002052243},"geometry":{"type":"LineString","coordinates":[[-3.61111,37.17818],[-3.61106,37.17817],[-3.61105,37.17816],[-3.61103,37.17816],[-3.61101,37.17816],[-3.611,37.17815],[-3.61097,37.17815],[-3.61094,37.17815],[-3.61092,37.17816],[-3.61089,37.17816],[-3.61088,37.17816],[-3.61085,37.17816],[-3.61083,37.17817],[-3.61082,37.17817],[-3.6108,37.17818],[-3.61078,37.17819]]}},{"type":"Feature","properties":{"name":"Calle Profesor Emilio Orozco","kind":"road","road":"secondary","osm":1011221527},"geometry":{"type":"LineString","coordinates":[[-3.6003,37.18228],[-3.60063,37.18235]]}},{"type":"Feature","properties":{"name":"Camino de Ronda","kind":"road","road":"secondary","osm":1014252510},"geometry":{"type":"LineString","coordinates":[[-3.61358,37.18298],[-3.61368,37.183]]}},{"type":"Feature","properties":{"name":"Camino de Ronda","kind":"road","road":"primary","osm":1014252511},"geometry":{"type":"LineString","coordinates":[[-3.61368,37.183],[-3.61364,37.18293]]}},{"type":"Feature","properties":{"name":"Camino de Ronda","kind":"road","road":"primary","osm":1014252512},"geometry":{"type":"LineString","coordinates":[[-3.61364,37.18293],[-3.6136,37.18286],[-3.61358,37.18283],[-3.61313,37.18208],[-3.61307,37.18199]]}},{"type":"Feature","properties":{"name":"Plaza Grupo Granadino 091","kind":"park","road":"","osm":1020250015},"geometry":{"type":"Polygon","coordinates":[[[-3.6188,37.19005],[-3.61935,37.19005],[-3.61978,37.18955],[-3.6188,37.18955],[-3.6188,37.19005]]]}},{"type":"Feature","properties":{"name":"Paseo de los Basilios","kind":"road","road":"secondary","osm":1023411663},"geometry":{"type":"LineString","coordinates":[[-3.59419,37.16885],[-3.59402,37.1689],[-3.59385,37.16894],[-3.59367,37.16896],[-3.59349,37.16896],[-3.5933,37.16896],[-3.59311,37.16894],[-3.59295,37.16891],[-3.59294,37.16891],[-3.59261,37.16883],[-3.59242,37.16878],[-3.59211,37.16869],[-3.59187,37.16859],[-3.59164,37.16847],[-3.59145,37.16835],[-3.59121,37.16819]]}},{"type":"Feature","properties":{"name":"","kind":"road","road":"secondary","osm":1023715109},"geometry":{"type":"LineString","coordinates":[[-3.5943,37.1651],[-3.5943,37.16508],[-3.59429,37.16507],[-3.59427,37.16505],[-3.59426,37.16504]]}},{"type":"Feature","properties":{"name":"","kind":"road","road":"secondary","osm":1023715110},"geometry":{"type":"LineString","coordinates":[[-3.59406,37.16508],[-3.59405,37.16511],[-3.59405,37.16513],[-3.59406,37.16515],[-3.59407,37.16517]]}},{"type":"Feature","properties":{"name":"Avenida Pablo Picasso","kind":"road","road":"secondary","osm":1023715111},"geometry":{"type":"LineString","coordinates":[[-3.59434,37.16509],[-3.59446,37.16502],[-3.59447,37.16498]]}},{"type":"Feature","properties":{"name":"Calle Séneca","kind":"road","road":"tertiary","osm":1026372546},"geometry":{"type":"LineString","coordinates":[[-3.61312,37.18],[-3.61312,37.17999],[-3.61315,37.17998],[-3.6132,37.17996]]}},{"type":"Feature","properties":{"name":"Calle Séneca","kind":"road","road":"tertiary","osm":1026372547},"geometry":{"type":"LineString","coordinates":[[-3.6132,37.17996],[-3.61323,37.17995]]}},{"type":"Feature","properties":{"name":"","kind":"park","road":"","osm":1027353426},"geometry":{"type":"Polygon","coordinates":[[[-3.61134,37.17906],[-3.61137,37.17905],[-3.61139,37.17909],[-3.61138,37.17909],[-3.61137,37.17909],[-3.61136,37.17908],[-3.61135,37.17908],[-3.61134,37.17906]]]}},{"type":"Feature","properties":{"name":"","kind":"park","road":"","osm":1032602521},"geometry":{"type":"Polygon","coordinates":[[[-3.5867,37.18012],[-3.58703,37.18011],[-3.58709,37.18004],[-3.58706,37.18002],[-3.58701,37.17999],[-3.58699,37.18001],[-3.58692,37.17996],[-3.58693,37.17995],[-3.58679,37.17985],[-3.58682,37.17983],[-3.5868,37.17981],[-3.58701,37.17962],[-3.58681,37.17949],[-3.58652,37.17965],[-3.58648,37.17981],[-3.5867,37.18012]]]}},{"type":"Feature","properties":{"name":"","kind":"park","road":"","osm":1032602522},"geometry":{"type":"Polygon","coordinates":[[[-3.58727,37.17959],[-3.58736,37.17982],[-3.58739,37.17984],[-3.58792,37.17978],[-3.58819,37.17975],[-3.58815,37.17962],[-3.58803,37.17933],[-3.58799,37.17934],[-3.58801,37.17939],[-3.58795,37.17941],[-3.58796,37.17944],[-3.58792,37.17945],[-3.58788,37.17946],[-3.58785,37.17939],[-3.58745,37.17942],[-3.58706,37.17941],[-3.58707,37.17949],[-3.58727,37.17959]]]}},{"type":"Feature","properties":{"name":"Calle Méndez Núñez","kind":"road","road":"primary","osm":1033009785},"geometry":{"type":"LineString","coordinates":[[-3.61134,37.17756],[-3.61165,37.17744],[-3.61167,37.17743],[-3.61169,37.17742],[-3.61172,37.17741]]}},{"type":"Feature","properties":{"name":"Calle Arabial","kind":"road","road":"primary","osm":1034111836},"geometry":{"type":"LineString","coordinates":[[-3.61218,37.17797],[-3.61223,37.17805]]}},{"type":"Feature","properties":{"name":"Calle Arabial","kind":"road","road":"primary","osm":1034111837},"geometry":{"type":"LineString","coordinates":[[-3.61223,37.17805],[-3.61241,37.17834],[-3.61244,37.17839],[-3.61245,37.17841],[-3.61248,37.17845],[-3.61249,37.17847],[-3.61249,37.17848],[-3.6125,37.1785],[-3.6125,37.17851]]}},{"type":"Feature","properties":{"name":"","kind":"park","road":"","osm":1036300332},"geometry":{"type":"Polygon","coordinates":[[[-3.59707,37.16561],[-3.59706,37.16568],[-3.59694,37.16574],[-3.5969,37.1657],[-3.59707,37.16561]]]}},{"type":"Feature","properties":{"name":"Calle Huerta del Rasillo","kind":"road","road":"tertiary","osm":1036777824},"geometry":{"type":"LineString","coordinates":[[-3.61408,37.17599],[-3.61407,37.17606]]}},{"type":"Feature","properties":{"name":"","kind":"road","road":"primary","osm":1036777825},"geometry":{"type":"LineString","coordinates":[[-3.61414,37.17665],[-3.61429,37.17656],[-3.6144,37.1765],[-3.61443,37.17647]]}},{"type":"Feature","properties":{"name":"","kind":"road","road":"primary","osm":1036777826},"geometry":{"type":"LineString","coordinates":[[-3.61424,37.17605],[-3.61418,37.17604]]}},{"type":"Feature","properties":{"name":"","kind":"road","road":"primary","osm":1036777828},"geometry":{"type":"LineString","coordinates":[[-3.61418,37.17604],[-3.61412,37.17605],[-3.61407,37.17606],[-3.61404,37.17607]]}},{"type":"Feature","properties":{"name":"","kind":"road","road":"primary","osm":1036777829},"geometry":{"type":"LineString","coordinates":[[-3.61451,37.17633],[-3.61451,37.1763],[-3.61451,37.17627],[-3.61451,37.17625],[-3.6145,37.17622],[-3.61448,37.17618],[-3.61445,37.17614],[-3.61441,37.17611],[-3.61438,37.17609],[-3.61435,37.17608],[-3.6143,37.17606],[-3.61424,37.17605]]}},{"type":"Feature","properties":{"name":"","kind":"road","road":"primary","osm":1036777830},"geometry":{"type":"LineString","coordinates":[[-3.61449,37.1764],[-3.6145,37.17636],[-3.61451,37.17633]]}},{"type":"Feature","properties":{"name":"","kind":"road","road":"primary","osm":1036777831},"geometry":{"type":"LineString","coordinates":[[-3.61404,37.17607],[-3.61401,37.17609],[-3.61376,37.17625]]}},{"type":"Feature","properties":{"name":"","kind":"road","road":"primary","osm":1036777832},"geometry":{"type":"LineString","coordinates":[[-3.61362,37.17633],[-3.61358,37.17636],[-3.61348,37.17642],[-3.61339,37.17648]]}},{"type":"Feature","properties":{"name":"","kind":"road","road":"primary","osm":1036777833},"geometry":{"type":"LineString","coordinates":[[-3.61339,37.17648],[-3.61333,37.17652],[-3.61329,37.17655],[-3.61326,37.17659],[-3.61324,37.17662],[-3.61323,37.17666],[-3.61322,37.17671],[-3.61322,37.17674],[-3.61323,37.17677]]}},{"type":"Feature","properties":{"name":"","kind":"road","road":"primary","osm":1036777834},"geometry":{"type":"LineString","coordinates":[[-3.61323,37.17677],[-3.61324,37.17679],[-3.61326,37.17682],[-3.61327,37.17683],[-3.61329,37.17686]]}},{"type":"Feature","properties":{"name":"","kind":"road","road":"primary","osm":1036777835},"geometry":{"type":"LineString","coordinates":[[-3.61329,37.17686],[-3.61331,37.17688],[-3.61334,37.1769],[-3.61337,37.17692],[-3.61341,37.17694],[-3.61345,37.17695],[-3.61349,37.17696],[-3.61352,37.17696]]}},{"type":"Feature","properties":{"name":"","kind":"road","road":"primary","osm":1036777836},"geometry":{"type":"LineString","coordinates":[[-3.61377,37.17689],[-3.61397,37.17676],[-3.61404,37.17672]]}},{"type":"Feature","properties":{"name":"Calle María Moliner","kind":"road","road":"primary","osm":1036779512},"geometry":{"type":"LineString","coordinates":[[-3.61439,37.17828],[-3.61444,37.17836],[-3.61445,37.17837],[-3.61446,37.17838]]}},{"type":"Feature","properties":{"name":"","kind":"park","road":"","osm":1038887722},"geometry":{"type":"Polygon","coordinates":[[[-3.59668,37.16684],[-3.59658,37.16672],[-3.59664,37.16669],[-3.59674,37.16681],[-3.59668,37.16684]]]}},{"type":"Feature","properties":{"name":"Calle Las Acacias","kind":"road","road":"pedestrian","osm":1039151515},"geometry":{"type":"LineString","coordinates":[[-3.61785,37.18948],[-3.61867,37.18946],[-3.61869,37.18946]]}},{"type":"Feature","properties":{"name":"Placeta de Torres Molina","kind":"road","road":"pedestrian","osm":1044728952},"geometry":{"type":"LineString","coordinates":[[-3.5922,37.18],[-3.5922,37.18001],[-3.5922,37.18002],[-3.59204,37.18005],[-3.59202,37.18005],[-3.59202,37.18003],[-3.59201,37.18001],[-3.59204,37.18],[-3.5921,37.17999],[-3.59219,37.17998],[-3.59219,37.17999],[-3.5922,37.18]]}},{"type":"Feature","properties":{"name":"","kind":"park","road":"","osm":1052610048},"geometry":{"type":"Polygon","coordinates":[[[-3.60949,37.18968],[-3.6094,37.18984],[-3.60942,37.18984],[-3.60945,37.18984],[-3.60948,37.18983],[-3.60951,37.18982],[-3.60953,37.18979],[-3.60954,37.18977],[-3.60954,37.18974],[-3.60953,37.18971],[-3.60951,37.18969],[-3.60949,37.18968]]]}},{"type":"Feature","properties":{"name":"","kind":"park","road":"","osm":1052610049},"geometry":{"type":"Polygon","coordinates":[[[-3.60937,37.18982],[-3.60935,37.18982],[-3.60933,37.18979],[-3.60932,37.18976],[-3.60933,37.18973],[-3.60934,37.1897],[-3.60937,37.18968],[-3.6094,37.18967],[-3.60944,37.18967],[-3.60946,37.18967],[-3.60937,37.18982]]]}},{"type":"Feature","properties":{"name":"","kind":"park","road":"","osm":1052634528},"geometry":{"type":"Polygon","coordinates":[[[-3.60267,37.18353],[-3.60281,37.1836],[-3.6028,37.18364],[-3.60274,37.18366],[-3.60272,37.18365],[-3.60269,37.18365],[-3.60267,37.18365],[-3.60259,37.18359],[-3.60267,37.18353]]]}},{"type":"Feature","properties":{"name":"","kind":"park","road":"","osm":1052634529},"geometry":{"type":"Polygon","coordinates":[[[-3.60256,37.18361],[-3.60263,37.18368],[-3.60262,37.18369],[-3.60263,37.18371],[-3.60257,37.18373],[-3.60257,37.18372],[-3.60255,37.18373],[-3.6025,37.18365],[-3.60256,37.18361]]]}},{"type":"Feature","properties":{"name":"","kind":"park","road":"","osm":1052634530},"geometry":{"type":"Polygon","coordinates":[[[-3.60246,37.18368],[-3.60251,37.18375],[-3.60249,37.18376],[-3.60249,37.18377],[-3.60245,37.18379],[-3.60239,37.18373],[-3.60246,37.18368]]]}},{"type":"Feature","properties":{"name":"","kind":"park","road":"","osm":1052634531},"geometry":{"type":"Polygon","coordinates":[[[-3.60257,37.18385],[-3.60253,37.18386],[-3.6025,37.18383],[-3.6025,37.1838],[-3.60251,37.1838],[-3.60252,37.18381],[-3.60254,37.1838],[-3.60257,37.18384],[-3.60257,37.18385]]]}},{"type":"Feature","properties":{"name":"","kind":"park","road":"","osm":1052634532},"geometry":{"type":"Polygon","coordinates":[[[-3.60263,37.18384],[-3.60261,37.18383],[-3.60258,37.18379],[-3.6026,37.18378],[-3.60259,37.18376],[-3.60264,37.18375],[-3.60265,37.18375],[-3.60267,37.18376],[-3.60269,37.18376],[-3.60271,37.18381],[-3.60263,37.18384]]]}},{"type":"Feature","properties":{"name":"","kind":"park","road":"","osm":1052634533},"geometry":{"type":"Polygon","coordinates":[[[-3.60275,37.1838],[-3.60273,37.18375],[-3.60275,37.18374],[-3.60276,37.18372],[-3.60276,37.1837],[-3.60288,37.18364],[-3.6029,37.18365],[-3.60289,37.18369],[-3.60287,37.18369],[-3.60286,37.18373],[-3.60288,37.18373],[-3.60288,37.18377],[-3.60275,37.1838]]]}},{"type":"Feature","properties":{"name":"","kind":"park","road":"","osm":1052634534},"geometry":{"type":"Polygon","coordinates":[[[-3.60293,37.18376],[-3.60292,37.18375],[-3.60293,37.18369],[-3.60295,37.18368],[-3.60299,37.1837],[-3.60299,37.18375],[-3.60293,37.18376]]]}},{"type":"Feature","properties":{"name":"","kind":"park","road":"","osm":1052634535},"geometry":{"type":"Polygon","coordinates":[[[-3.60226,37.18346],[-3.60226,37.18348],[-3.60218,37.18355],[-3.60216,37.18355],[-3.60212,37.18352],[-3.60216,37.18345],[-3.60218,37.18345],[-3.6022,37.18345],[-3.60221,37.18344],[-3.60226,37.18346]]]}},{"type":"Feature","properties":{"name":"","kind":"park","road":"","osm":1052634536},"geometry":{"type":"Polygon","coordinates":[[[-3.60211,37.18339],[-3.60211,37.18341],[-3.60211,37.18342],[-3.60212,37.18344],[-3.60208,37.18349],[-3.60202,37.18344],[-3.60205,37.18336],[-3.60211,37.18339]]]}},{"type":"Feature","properties":{"name":"","kind":"park","road":"","osm":1052634537},"geometry":{"type":"Polygon","coordinates":[[[-3.60206,37.18333],[-3.6021,37.18324],[-3.60212,37.18323],[-3.60221,37.18327],[-3.6022,37.18329],[-3.6022,37.18332],[-3.60218,37.18335],[-3.60216,37.18335],[-3.60214,37.18335],[-3.60213,37.18336],[-3.60206,37.18333]]]}},{"type":"Feature","properties":{"name":"","kind":"park","road":"","osm":1052634538},"geometry":{"type":"Polygon","coordinates":[[[-3.60222,37.18337],[-3.60225,37.18333],[-3.60227,37.18333],[-3.60229,37.18332],[-3.60236,37.18335],[-3.60236,37.18339],[-3.6023,37.18345],[-3.60223,37.18341],[-3.60224,37.1834],[-3.60223,37.18338],[-3.60222,37.18337]]]}},{"type":"Feature","properties":{"name":"","kind":"park","road":"","osm":1052634539},"geometry":{"type":"Polygon","coordinates":[[[-3.60195,37.18357],[-3.60205,37.18364],[-3.60205,37.18367],[-3.60204,37.18368],[-3.60202,37.18367],[-3.60199,37.1837],[-3.60199,37.18371],[-3.60198,37.18372],[-3.60191,37.18369],[-3.60192,37.18366],[-3.60194,37.18367],[-3.60195,37.18364],[-3.60192,37.18362],[-3.60193,37.18359],[-3.60195,37.18357]]]}},{"type":"Feature","properties":{"name":"","kind":"park","road":"","osm":1052634540},"geometry":{"type":"Polygon","coordinates":[[[-3.60225,37.18393],[-3.60222,37.18394],[-3.60218,37.18388],[-3.6022,37.18387],[-3.60221,37.18388],[-3.60225,37.18385],[-3.60224,37.18384],[-3.60225,37.18383],[-3.60228,37.18383],[-3.60235,37.18389],[-3.60234,37.18391],[-3.60229,37.18392],[-3.60227,37.1839],[-3.60224,37.18391],[-3.60225,37.18393]]]}},{"type":"Feature","properties":{"name":"","kind":"park","road":"","osm":1053306786},"geometry":{"type":"Polygon","coordinates":[[[-3.6124,37.18583],[-3.61239,37.18584],[-3.61238,37.18583],[-3.61236,37.18582],[-3.61234,37.18581],[-3.61232,37.18582],[-3.6123,37.18582],[-3.61229,37.18583],[-3.61228,37.18585],[-3.61228,37.18586],[-3.61226,37.18586],[-3.61226,37.18585],[-3.61227,37.18583],[-3.61228,37.18582],[-3.6123,37.18581],[-3.61232,37.18581],[-3.61234,37.1858],[-3.61235,37.18581],[-3.61237,37.18581],[-3.61239,37.18582],[-3.6124,37.18583]]]}},{"type":"Feature","properties":{"name":"","kind":"park","road":"","osm":1053306787},"geometry":{"type":"Polygon","coordinates":[[[-3.61241,37.18586],[-3.6124,37.18588],[-3.6124,37.18589],[-3.61239,37.1859],[-3.61237,37.18591],[-3.61236,37.18592],[-3.61234,37.18592],[-3.61232,37.18592],[-3.61231,37.18592],[-3.61229,37.18591],[-3.61228,37.1859],[-3.61227,37.18589],[-3.61228,37.18588],[-3.61229,37.18589],[-3.61231,37.1859],[-3.61233,37.18591],[-3.61234,37.18591],[-3.61236,37.1859],[-3.61238,37.1859],[-3.61239,37.18588],[-3.61239,37.18587],[-3.6124,37.18586],[-3.61241,37.18586]]]}},{"type":"Feature","properties":{"name":"Camino de Ronda","kind":"road","road":"primary","osm":1057595866},"geometry":{"type":"LineString","coordinates":[[-3.61476,37.18541],[-3.61476,37.18549],[-3.61475,37.18558],[-3.61474,37.1861],[-3.61473,37.18615],[-3.61471,37.18681],[-3.61471,37.18686],[-3.61471,37.1869],[-3.6147,37.18711],[-3.61469,37.1873],[-3.61469,37.18739],[-3.61466,37.18788],[-3.61466,37.18791],[-3.61466,37.18807],[-3.61466,37.1881],[-3.61465,37.18815]]}},{"type":"Feature","properties":{"name":"Camino de Ronda","kind":"road","road":"secondary","osm":1057595867},"geometry":{"type":"LineString","coordinates":[[-3.61476,37.18541],[-3.61485,37.18538]]}},{"type":"Feature","properties":{"name":"Camino de Ronda","kind":"road","road":"primary","osm":1057595868},"geometry":{"type":"LineString","coordinates":[[-3.61485,37.18538],[-3.61485,37.18531],[-3.61484,37.18521],[-3.61483,37.18512]]}},{"type":"Feature","properties":{"name":"Calle Gran Vía de Colón","kind":"road","road":"primary","osm":1059078526},"geometry":{"type":"LineString","coordinates":[[-3.59822,37.17703],[-3.59835,37.17726],[-3.59836,37.17729],[-3.59838,37.17731],[-3.59845,37.17744]]}},{"type":"Feature","properties":{"name":"Avenida Capitán Moreno","kind":"road","road":"secondary","osm":1062946290},"geometry":{"type":"LineString","coordinates":[[-3.60102,37.18394],[-3.60096,37.18387],[-3.60094,37.18385],[-3.60074,37.18363]]}},{"type":"Feature","properties":{"name":"Calle Acera de San Ildefonso","kind":"road","road":"tertiary","osm":1062946291},"geometry":{"type":"LineString","coordinates":[[-3.59973,37.18269],[-3.59976,37.18275],[-3.59978,37.18284]]}},{"type":"Feature","properties":{"name":"Avenida de la Ciencia","kind":"road","road":"secondary","osm":1065258923},"geometry":{"type":"LineString","coordinates":[[-3.60799,37.16278],[-3.60677,37.16212],[-3.60673,37.1621],[-3.60658,37.16202]]}},{"type":"Feature","properties":{"name":"Calle de los Juncos","kind":"road","road":"secondary","osm":1065258934},"geometry":{"type":"LineString","coordinates":[[-3.60833,37.16306],[-3.60842,37.16302]]}},{"type":"Feature","properties":{"name":"Carretera de Murcia","kind":"road","road":"secondary","osm":1066961262},"geometry":{"type":"LineString","coordinates":[[-3.6001,37.18801],[-3.59995,37.188]]}},{"type":"Feature","properties":{"name":"Glorieta Festival Internacional de Música y Danza de Granada","kind":"road","road":"secondary","osm":1067179114},"geometry":{"type":"LineString","coordinates":[[-3.60631,37.18132],[-3.60628,37.18129],[-3.60626,37.18127],[-3.60622,37.18126],[-3.60618,37.18124]]}},{"type":"Feature","properties":{"name":"Glorieta Víctimas del Terrorismo","kind":"road","road":"primary","osm":1067256376},"geometry":{"type":"LineString","coordinates":[[-3.60945,37.16799],[-3.60964,37.16798],[-3.60971,37.16798]]}},{"type":"Feature","properties":{"name":"Glorieta Víctimas del Terrorismo","kind":"road","road":"primary","osm":1067256377},"geometry":{"type":"LineString","coordinates":[[-3.60937,37.16734],[-3.60925,37.16735],[-3.60921,37.16735],[-3.60917,37.16735],[-3.60912,37.16736]]}},{"type":"Feature","properties":{"name":"Rotonda Universiada 2015","kind":"road","road":"primary","osm":1067256414},"geometry":{"type":"LineString","coordinates":[[-3.60241,37.16269],[-3.60248,37.16267]]}},{"type":"Feature","properties":{"name":"Glorieta Víctimas del Terrorismo","kind":"road","road":"primary","osm":1067256415},"geometry":{"type":"LineString","coordinates":[[-3.60988,37.16797],[-3.61019,37.16796],[-3.61024,37.16796]]}},{"type":"Feature","properties":{"name":"Paseo de los Basilios","kind":"road","road":"secondary","osm":1067888813},"geometry":{"type":"LineString","coordinates":[[-3.5954,37.16829],[-3.59539,37.16829]]}},{"type":"Feature","properties":{"name":"","kind":"park","road":"","osm":1069967601},"geometry":{"type":"Polygon","coordinates":[[[-3.59988,37.1752],[-3.59976,37.17524],[-3.59971,37.17516],[-3.59982,37.17511],[-3.59988,37.1752]]]}},{"type":"Feature","properties":{"name":"Fuente de los Gigantes","kind":"water","road":"","osm":1069967602},"geometry":{"type":"Polygon","coordinates":[[[-3.59984,37.17519],[-3.59978,37.17521],[-3.59975,37.17516],[-3.59981,37.17514],[-3.59984,37.17519]]]}},{"type":"Feature","properties":{"name":"","kind":"water","road":"","osm":1069967603},"geometry":{"type":"Polygon","coordinates":[[[-3.60162,37.17605],[-3.60164,37.17605],[-3.60165,37.17606],[-3.60167,37.17607],[-3.60168,37.17608],[-3.60168,37.17609],[-3.60168,37.17611],[-3.60167,37.17612],[-3.60165,37.17613],[-3.60164,37.17613],[-3.60162,37.17613],[-3.60161,37.17613],[-3.60159,37.17612],[-3.60158,37.17611],[-3.60158,37.1761],[-3.60158,37.17609],[-3.60158,37.17607],[-3.60159,37.17606],[-3.60161,37.17606],[-3.60162,37.17605]]]}},{"type":"Feature","properties":{"name":"","kind":"water","road":"","osm":1069967604},"geometry":{"type":"Polygon","coordinates":[[[-3.60319,37.17712],[-3.60317,37.17712],[-3.60315,37.17712],[-3.60314,37.17711],[-3.60313,37.1771],[-3.60312,37.17708],[-3.60313,37.17707],[-3.60314,37.17705],[-3.60315,37.17704],[-3.60317,37.17704],[-3.60319,37.17704],[-3.6032,37.17704],[-3.60322,37.17705],[-3.60323,37.17706],[-3.60323,37.17707],[-3.60323,37.17708],[-3.60323,37.1771],[-3.60322,37.17711],[-3.60321,37.17712],[-3.60319,37.17712]]]}},{"type":"Feature","properties":{"name":"","kind":"water","road":"","osm":1069967605},"geometry":{"type":"Polygon","coordinates":[[[-3.60437,37.17911],[-3.60438,37.1791],[-3.60436,37.17909],[-3.60434,37.1791],[-3.60437,37.17911]]]}},{"type":"Feature","properties":{"name":"","kind":"water","road":"","osm":1069967606},"geometry":{"type":"Polygon","coordinates":[[[-3.6048,37.17922],[-3.60481,37.17923],[-3.60482,37.17923],[-3.60482,37.17922],[-3.60482,37.17921],[-3.60481,37.17921],[-3.6048,37.17922]]]}},{"type":"Feature","properties":{"name":"","kind":"water","road":"","osm":1069967610},"geometry":{"type":"Polygon","coordinates":[[[-3.59548,37.17183],[-3.59549,37.17181],[-3.59536,37.17173],[-3.59535,37.17174],[-3.59548,37.17183]]]}},{"type":"Feature","properties":{"name":"","kind":"water","road":"","osm":1069967611},"geometry":{"type":"Polygon","coordinates":[[[-3.595,37.17178],[-3.59502,37.17178],[-3.59504,37.17178],[-3.59505,37.17177],[-3.59506,37.17176],[-3.59507,37.17175],[-3.59507,37.17173],[-3.59506,37.17172],[-3.59505,37.17171],[-3.59503,37.1717],[-3.59501,37.17169],[-3.59499,37.17169],[-3.59498,37.1717],[-3.59496,37.17171],[-3.59495,37.17172],[-3.59495,37.17174],[-3.59496,37.17176],[-3.59497,37.17177],[-3.59498,37.17178],[-3.595,37.17178]]]}},{"type":"Feature","properties":{"name":"","kind":"water","road":"","osm":1069967612},"geometry":{"type":"LineString","coordinates":[[-3.59492,37.17159],[-3.59492,37.1716],[-3.59492,37.17159]]}},{"type":"Feature","properties":{"name":"Fuente de Bibataubín","kind":"water","road":"","osm":1069967614},"geometry":{"type":"Polygon","coordinates":[[[-3.59773,37.17162],[-3.59773,37.17163],[-3.59773,37.17164],[-3.59774,37.17164],[-3.59775,37.17164],[-3.59776,37.17164],[-3.59776,37.17163],[-3.59776,37.17162],[-3.59775,37.17162],[-3.59774,37.17162],[-3.59773,37.17162]]]}},{"type":"Feature","properties":{"name":"Fuente de las Batallas","kind":"water","road":"","osm":1069967615},"geometry":{"type":"Polygon","coordinates":[[[-3.59861,37.17219],[-3.59859,37.17218],[-3.59858,37.17217],[-3.59857,37.17215],[-3.59857,37.17213],[-3.59857,37.17211],[-3.59859,37.1721],[-3.59861,37.17209],[-3.59863,37.17208],[-3.59866,37.17208],[-3.59868,37.17209],[-3.59869,37.1721],[-3.5987,37.17212],[-3.59871,37.17214],[-3.5987,37.17215],[-3.59869,37.17217],[-3.59868,37.17218],[-3.59866,37.17219],[-3.59864,37.17219],[-3.59861,37.17219]]]}},{"type":"Feature","properties":{"name":"Fuente de la Plaza del Campillo","kind":"water","road":"","osm":1069967617},"geometry":{"type":"Polygon","coordinates":[[[-3.59798,37.17225],[-3.59799,37.17225],[-3.598,37.17225],[-3.59801,37.17225],[-3.59801,37.17224],[-3.59802,37.17224],[-3.59802,37.17223],[-3.59802,37.17222],[-3.59801,37.17221],[-3.598,37.17221],[-3.59799,37.17221],[-3.59798,37.17221],[-3.59797,37.17222],[-3.59797,37.17223],[-3.59797,37.17224],[-3.59798,37.17225]]]}},{"type":"Feature","properties":{"name":"","kind":"water","road":"","osm":1069967618},"geometry":{"type":"Polygon","coordinates":[[[-3.59716,37.17231],[-3.5972,37.17226],[-3.59713,37.17223],[-3.5971,37.17228],[-3.59716,37.17231]]]}},{"type":"Feature","properties":{"name":"","kind":"park","road":"","osm":1073321951},"geometry":{"type":"Polygon","coordinates":[[[-3.61357,37.17486],[-3.61353,37.17488],[-3.61349,37.17489],[-3.61342,37.17491],[-3.61335,37.17492],[-3.61326,37.17481],[-3.61335,37.17474],[-3.61357,37.17486]]]}},{"type":"Feature","properties":{"name":"","kind":"park","road":"","osm":1073321952},"geometry":{"type":"Polygon","coordinates":[[[-3.61357,37.17519],[-3.6137,37.17494],[-3.61361,37.17489],[-3.61356,37.17491],[-3.61351,37.17493],[-3.61344,37.17494],[-3.61337,37.17495],[-3.61357,37.17519]]]}},{"type":"Feature","properties":{"name":"","kind":"park","road":"","osm":1075706682},"geometry":{"type":"Polygon","coordinates":[[[-3.60789,37.16293],[-3.60814,37.16306],[-3.60662,37.16383],[-3.60648,37.16366],[-3.60677,37.1635],[-3.60789,37.16293]]]}},{"type":"Feature","properties":{"name":"Calle Santo Tomás de Villanueva","kind":"road","road":"tertiary","osm":1076120335},"geometry":{"type":"LineString","coordinates":[[-3.61308,37.17964],[-3.61311,37.17964],[-3.61314,37.17964],[-3.61321,37.17966]]}},{"type":"Feature","properties":{"name":"Calle Santo Tomás de Villanueva","kind":"road","road":"tertiary","osm":1076120336},"geometry":{"type":"LineString","coordinates":[[-3.61305,37.17965],[-3.61308,37.17964]]}},{"type":"Feature","properties":{"name":"Calle Cañaveral","kind":"road","road":"tertiary","osm":1076120339},"geometry":{"type":"LineString","coordinates":[[-3.61254,37.17866],[-3.61238,37.17861]]}},{"type":"Feature","properties":{"name":"Calle Cañaveral","kind":"road","road":"secondary","osm":1079050681},"geometry":{"type":"LineString","coordinates":[[-3.61259,37.17867],[-3.61254,37.17866]]}},{"type":"Feature","properties":{"name":"Jardines Bajos","kind":"park","road":"","osm":1079185006},"geometry":{"type":"Polygon","coordinates":[[[-3.58516,37.17637],[-3.58544,37.17693],[-3.58547,37.177],[-3.58572,37.17752],[-3.5858,37.17765],[-3.58572,37.17768],[-3.58553,37.17748],[-3.58534,37.1776],[-3.58485,37.17657],[-3.5848,37.17648],[-3.58516,37.17637]]]}},{"type":"Feature","properties":{"name":"Patio de la Guardia","kind":"road","road":"pedestrian","osm":1079185008},"geometry":{"type":"LineString","coordinates":[[-3.58548,37.17769],[-3.58552,37.17773],[-3.58557,37.17778],[-3.58548,37.17783],[-3.58544,37.17779],[-3.5854,37.17775],[-3.58548,37.17769]]}},{"type":"Feature","properties":{"name":"","kind":"park","road":"","osm":1079185010},"geometry":{"type":"Polygon","coordinates":[[[-3.586,37.17837],[-3.58588,37.17845],[-3.5858,37.17837],[-3.58576,37.17833],[-3.58574,37.17834],[-3.58572,37.17832],[-3.58577,37.17829],[-3.58581,37.17833],[-3.58585,37.1783],[-3.58582,37.17826],[-3.58587,37.17823],[-3.58596,37.17833],[-3.586,37.17837]]]}},{"type":"Feature","properties":{"name":"","kind":"park","road":"","osm":1079185011},"geometry":{"type":"Polygon","coordinates":[[[-3.58596,37.17833],[-3.58587,37.17823],[-3.58591,37.17821],[-3.58596,37.17818],[-3.58606,37.17827],[-3.58596,37.17833]]]}},{"type":"Feature","properties":{"name":"","kind":"park","road":"","osm":1079185012},"geometry":{"type":"Polygon","coordinates":[[[-3.58587,37.17818],[-3.58586,37.17818],[-3.58583,37.17816],[-3.5857,37.17802],[-3.58572,37.17801],[-3.58567,37.17796],[-3.58565,37.17797],[-3.58552,37.17785],[-3.5856,37.1778],[-3.58562,37.17782],[-3.58593,37.17814],[-3.58587,37.17818]]]}},{"type":"Feature","properties":{"name":"","kind":"park","road":"","osm":1079185018},"geometry":{"type":"Polygon","coordinates":[[[-3.58551,37.17841],[-3.58545,37.17843],[-3.58534,37.17846],[-3.58531,37.1784],[-3.58547,37.17837],[-3.58549,37.17839],[-3.58551,37.17841]]]}},{"type":"Feature","properties":{"name":"Jardines Altos","kind":"park","road":"","osm":1079185019},"geometry":{"type":"Polygon","coordinates":[[[-3.58514,37.17778],[-3.58529,37.17792],[-3.58545,37.17806],[-3.58532,37.17813],[-3.58535,37.17816],[-3.5853,37.1782],[-3.58541,37.17831],[-3.58533,37.1783],[-3.58508,37.17826],[-3.58499,37.17813],[-3.58496,37.17809],[-3.58506,37.17788],[-3.58514,37.17778]]]}},{"type":"Feature","properties":{"name":"","kind":"park","road":"","osm":1079220427},"geometry":{"type":"Polygon","coordinates":[[[-3.61733,37.18383],[-3.61718,37.18374],[-3.61711,37.18381],[-3.61727,37.1839],[-3.61733,37.18383]]]}},{"type":"Feature","properties":{"name":"Calle Núñez Blanca","kind":"road","road":"pedestrian","osm":1079464364},"geometry":{"type":"LineString","coordinates":[[-3.61604,37.18311],[-3.61602,37.18313]]}},{"type":"Feature","properties":{"name":"Calle San Jerónimo","kind":"road","road":"secondary","osm":1080707534},"geometry":{"type":"LineString","coordinates":[[-3.59993,37.17708],[-3.59979,37.17696],[-3.59955,37.17673]]}},{"type":"Feature","properties":{"name":"","kind":"park","road":"","osm":1081108108},"geometry":{"type":"Polygon","coordinates":[[[-3.61015,37.17302],[-3.61013,37.17297],[-3.61011,37.17296],[-3.60981,37.17304],[-3.6098,37.17304],[-3.60974,37.17293],[-3.60941,37.17305],[-3.60937,37.173],[-3.60931,37.17302],[-3.60935,37.17307],[-3.60954,37.17314],[-3.61015,37.17302]]]}},{"type":"Feature","properties":{"name":"","kind":"park","road":"","osm":1081108109},"geometry":{"type":"Polygon","coordinates":[[[-3.61021,37.17301],[-3.61008,37.17271],[-3.61004,37.17272],[-3.60984,37.17242],[-3.60911,37.17268],[-3.60908,37.17264],[-3.60919,37.1726],[-3.60998,37.17232],[-3.61005,37.17243],[-3.61033,37.17289],[-3.61038,37.17297],[-3.61039,37.17298],[-3.61021,37.17301]]]}},{"type":"Feature","properties":{"name":"","kind":"park","road":"","osm":1081108110},"geometry":{"type":"Polygon","coordinates":[[[-3.60982,37.17253],[-3.60955,37.17263],[-3.60954,37.17261],[-3.6095,37.17263],[-3.60951,37.17264],[-3.60922,37.17275],[-3.60926,37.17281],[-3.60942,37.17275],[-3.60947,37.17281],[-3.60953,37.17278],[-3.60955,37.17282],[-3.60952,37.17283],[-3.60926,37.17293],[-3.60913,37.17273],[-3.60979,37.17249],[-3.60982,37.17253]]]}},{"type":"Feature","properties":{"name":"Avenida de la Constitución","kind":"road","road":"primary","osm":1081121013},"geometry":{"type":"LineString","coordinates":[[-3.61063,37.18719],[-3.61081,37.18725],[-3.61085,37.18726],[-3.61101,37.18732]]}},{"type":"Feature","properties":{"name":"","kind":"water","road":"","osm":1081947261},"geometry":{"type":"Polygon","coordinates":[[[-3.5872,37.17523],[-3.58717,37.17522],[-3.58714,37.17528],[-3.58717,37.17529],[-3.5872,37.17523]]]}},{"type":"Feature","properties":{"name":"","kind":"park","road":"","osm":1082273590},"geometry":{"type":"Polygon","coordinates":[[[-3.58806,37.1759],[-3.58812,37.1759],[-3.58812,37.17584],[-3.58806,37.17582],[-3.58806,37.1759]]]}},{"type":"Feature","properties":{"name":"","kind":"park","road":"","osm":1082273591},"geometry":{"type":"Polygon","coordinates":[[[-3.58806,37.17597],[-3.58812,37.17597],[-3.58812,37.17592],[-3.58806,37.17592],[-3.58806,37.17597]]]}},{"type":"Feature","properties":{"name":"","kind":"park","road":"","osm":1082273593},"geometry":{"type":"Polygon","coordinates":[[[-3.58815,37.17596],[-3.58832,37.17595],[-3.58832,37.1759],[-3.58815,37.17585],[-3.58815,37.17596]]]}},{"type":"Feature","properties":{"name":"Placeta Carlos V","kind":"road","road":"pedestrian","osm":1082273597},"geometry":{"type":"LineString","coordinates":[[-3.59067,37.17717],[-3.59073,37.17668],[-3.59069,37.17667],[-3.5907,37.17663],[-3.59071,37.1766],[-3.59069,37.1766],[-3.5907,37.17659],[-3.5905,37.17655],[-3.59053,37.17641],[-3.59025,37.17634],[-3.59028,37.17626],[-3.59023,37.17624],[-3.59024,37.17623],[-3.58983,37.17609],[-3.58981,37.17614],[-3.58979,37.17619],[-3.59012,37.17629],[-3.59015,37.17632],[-3.59019,37.17636],[-3.59016,37.17647],[-3.59016,37.1765],[-3.59036,37.17653],[-3.59029,37.17683],[-3.59022,37.17712],[-3.59021,37.17715],[-3.59067,37.17717]]}},{"type":"Feature","properties":{"name":"","kind":"park","road":"","osm":1082273603},"geometry":{"type":"Polygon","coordinates":[[[-3.59072,37.17717],[-3.59077,37.17674],[-3.59073,37.17674],[-3.59069,37.17716],[-3.59072,37.17717]]]}},{"type":"Feature","properties":{"name":"","kind":"park","road":"","osm":1082273605},"geometry":{"type":"Polygon","coordinates":[[[-3.59114,37.17715],[-3.59109,37.17715],[-3.59109,37.17718],[-3.59103,37.17718],[-3.59101,37.17744],[-3.59111,37.17744],[-3.59114,37.17715]]]}},{"type":"Feature","properties":{"name":"","kind":"park","road":"","osm":1082273606},"geometry":{"type":"Polygon","coordinates":[[[-3.59103,37.17675],[-3.59117,37.17683],[-3.59115,37.1771],[-3.59111,37.17709],[-3.59112,37.17694],[-3.59106,37.17686],[-3.591,37.17683],[-3.59103,37.17675]]]}},{"type":"Feature","properties":{"name":"","kind":"park","road":"","osm":1082273607},"geometry":{"type":"Polygon","coordinates":[[[-3.5883,37.17672],[-3.58832,37.17647],[-3.58809,37.17646],[-3.58807,37.17671],[-3.58814,37.17671],[-3.58816,37.17649],[-3.58824,37.17649],[-3.58823,37.17672],[-3.5883,37.17672]]]}},{"type":"Feature","properties":{"name":"","kind":"water","road":"","osm":1082273615},"geometry":{"type":"Polygon","coordinates":[[[-3.58451,37.17668],[-3.58448,37.1766],[-3.58455,37.17659],[-3.58458,37.17666],[-3.58451,37.17668]]]}},{"type":"Feature","properties":{"name":"","kind":"park","road":"","osm":1082273616},"geometry":{"type":"Polygon","coordinates":[[[-3.58757,37.17677],[-3.58689,37.17636],[-3.58686,37.1764],[-3.58752,37.1768],[-3.58757,37.17677]]]}},{"type":"Feature","properties":{"name":"","kind":"park","road":"","osm":1082273637},"geometry":{"type":"Polygon","coordinates":[[[-3.58741,37.17674],[-3.5875,37.1768],[-3.58742,37.17689],[-3.58732,37.17683],[-3.58741,37.17674]]]}},{"type":"Feature","properties":{"name":"","kind":"park","road":"","osm":1082273638},"geometry":{"type":"Polygon","coordinates":[[[-3.58669,37.17616],[-3.58673,37.17611],[-3.58665,37.17607],[-3.58661,37.17613],[-3.58669,37.17616]]]}},{"type":"Feature","properties":{"name":"","kind":"park","road":"","osm":1082273639},"geometry":{"type":"Polygon","coordinates":[[[-3.58682,37.17615],[-3.58675,37.17612],[-3.58669,37.17619],[-3.58676,37.17623],[-3.58682,37.17615]]]}},{"type":"Feature","properties":{"name":"","kind":"park","road":"","osm":1082273640},"geometry":{"type":"Polygon","coordinates":[[[-3.58695,37.17622],[-3.58684,37.17616],[-3.58677,37.17624],[-3.58688,37.1763],[-3.58695,37.17622]]]}},{"type":"Feature","properties":{"name":"","kind":"park","road":"","osm":1082273641},"geometry":{"type":"Polygon","coordinates":[[[-3.58705,37.17628],[-3.58696,37.17623],[-3.58689,37.17631],[-3.58698,37.17636],[-3.58705,37.17628]]]}},{"type":"Feature","properties":{"name":"","kind":"park","road":"","osm":1082273642},"geometry":{"type":"Polygon","coordinates":[[[-3.58715,37.17634],[-3.58706,37.17629],[-3.58699,37.17636],[-3.58708,37.17641],[-3.58715,37.17634]]]}},{"type":"Feature","properties":{"name":"","kind":"park","road":"","osm":1082273643},"geometry":{"type":"Polygon","coordinates":[[[-3.58725,37.17639],[-3.58716,37.17634],[-3.58709,37.17642],[-3.58718,37.17647],[-3.58725,37.17639]]]}},{"type":"Feature","properties":{"name":"","kind":"park","road":"","osm":1082273644},"geometry":{"type":"Polygon","coordinates":[[[-3.58735,37.17645],[-3.58726,37.1764],[-3.58719,37.17648],[-3.58728,37.17653],[-3.58735,37.17645]]]}},{"type":"Feature","properties":{"name":"","kind":"park","road":"","osm":1082273645},"geometry":{"type":"Polygon","coordinates":[[[-3.58745,37.17651],[-3.58736,37.17646],[-3.58729,37.17653],[-3.58737,37.17659],[-3.58745,37.17651]]]}},{"type":"Feature","properties":{"name":"","kind":"park","road":"","osm":1082273646},"geometry":{"type":"Polygon","coordinates":[[[-3.5869,37.17645],[-3.58684,37.17641],[-3.58677,37.17645],[-3.58683,37.17651],[-3.5869,37.17645]]]}},{"type":"Feature","properties":{"name":"","kind":"park","road":"","osm":1082273647},"geometry":{"type":"Polygon","coordinates":[[[-3.587,37.17651],[-3.58691,37.17645],[-3.58684,37.17653],[-3.58691,37.17659],[-3.587,37.17651]]]}},{"type":"Feature","properties":{"name":"","kind":"park","road":"","osm":1082273648},"geometry":{"type":"Polygon","coordinates":[[[-3.58709,37.17656],[-3.58701,37.17651],[-3.58692,37.1766],[-3.587,37.17665],[-3.58709,37.17656]]]}},{"type":"Feature","properties":{"name":"","kind":"park","road":"","osm":1082273649},"geometry":{"type":"Polygon","coordinates":[[[-3.5872,37.17663],[-3.58711,37.17657],[-3.58702,37.17666],[-3.58712,37.17672],[-3.5872,37.17663]]]}},{"type":"Feature","properties":{"name":"","kind":"park","road":"","osm":1082273650},"geometry":{"type":"Polygon","coordinates":[[[-3.58729,37.17668],[-3.58722,37.17663],[-3.58713,37.17672],[-3.58721,37.17677],[-3.58729,37.17668]]]}},{"type":"Feature","properties":{"name":"","kind":"park","road":"","osm":1082273651},"geometry":{"type":"Polygon","coordinates":[[[-3.58739,37.17674],[-3.58731,37.17668],[-3.58722,37.17677],[-3.58731,37.17683],[-3.58739,37.17674]]]}},{"type":"Feature","properties":{"name":"","kind":"park","road":"","osm":1082273658},"geometry":{"type":"Polygon","coordinates":[[[-3.58893,37.17677],[-3.58893,37.17674],[-3.58893,37.17671],[-3.58887,37.17671],[-3.58882,37.17671],[-3.58882,37.17674],[-3.58882,37.17677],[-3.58888,37.17677],[-3.58893,37.17677]]]}},{"type":"Feature","properties":{"name":"","kind":"park","road":"","osm":1082273660},"geometry":{"type":"Polygon","coordinates":[[[-3.58893,37.17686],[-3.58893,37.17682],[-3.58893,37.1768],[-3.58887,37.17679],[-3.58882,37.17679],[-3.58882,37.17683],[-3.58882,37.17686],[-3.58888,37.17686],[-3.58893,37.17686]]]}},{"type":"Feature","properties":{"name":"","kind":"park","road":"","osm":1083126233},"geometry":{"type":"Polygon","coordinates":[[[-3.61202,37.17729],[-3.61203,37.17731],[-3.61304,37.17691],[-3.61303,37.17689],[-3.61202,37.17729]]]}},{"type":"Feature","properties":{"name":"","kind":"park","road":"","osm":1083149292},"geometry":{"type":"Polygon","coordinates":[[[-3.58511,37.17624],[-3.58506,37.17613],[-3.58502,37.17614],[-3.58507,37.17625],[-3.58511,37.17624]]]}},{"type":"Feature","properties":{"name":"","kind":"park","road":"","osm":1083149293},"geometry":{"type":"Polygon","coordinates":[[[-3.58505,37.1761],[-3.58502,37.17604],[-3.58498,37.17605],[-3.58501,37.17612],[-3.58505,37.1761]]]}},{"type":"Feature","properties":{"name":"","kind":"park","road":"","osm":1083149294},"geometry":{"type":"Polygon","coordinates":[[[-3.58499,37.176],[-3.58496,37.17593],[-3.58492,37.17595],[-3.58495,37.17601],[-3.58499,37.176]]]}},{"type":"Feature","properties":{"name":"","kind":"park","road":"","osm":1083149329},"geometry":{"type":"Polygon","coordinates":[[[-3.58688,37.17565],[-3.58694,37.17556],[-3.58652,37.1755],[-3.58632,37.17587],[-3.5864,37.17591],[-3.58647,37.17578],[-3.58656,37.17564],[-3.58661,37.17555],[-3.58688,37.17565]]]}},{"type":"Feature","properties":{"name":"","kind":"park","road":"","osm":1083149332},"geometry":{"type":"Polygon","coordinates":[[[-3.58683,37.17639],[-3.58687,37.17634],[-3.58663,37.17621],[-3.58662,37.17623],[-3.58683,37.17639]]]}},{"type":"Feature","properties":{"name":"","kind":"park","road":"","osm":1083149334},"geometry":{"type":"Polygon","coordinates":[[[-3.58784,37.17665],[-3.58786,37.17654],[-3.58772,37.17652],[-3.5877,37.17664],[-3.58784,37.17665]]]}},{"type":"Feature","properties":{"name":"","kind":"park","road":"","osm":1083149371},"geometry":{"type":"Polygon","coordinates":[[[-3.58495,37.1759],[-3.58472,37.17541],[-3.58413,37.17597],[-3.58433,37.17621],[-3.58467,37.17647],[-3.58475,37.17645],[-3.58448,37.17583],[-3.58481,37.17573],[-3.58491,37.17592],[-3.58495,37.1759]]]}},{"type":"Feature","properties":{"name":"","kind":"park","road":"","osm":1083149373},"geometry":{"type":"Polygon","coordinates":[[[-3.58546,37.17743],[-3.58541,37.17745],[-3.58542,37.17746],[-3.5854,37.17747],[-3.58539,37.17746],[-3.58532,37.17748],[-3.58536,37.17755],[-3.58549,37.17748],[-3.58546,37.17743]]]}},{"type":"Feature","properties":{"name":"","kind":"park","road":"","osm":1083149375},"geometry":{"type":"Polygon","coordinates":[[[-3.58509,37.17677],[-3.58504,37.17678],[-3.58503,37.17676],[-3.58508,37.17674],[-3.58509,37.17677]]]}},{"type":"Feature","properties":{"name":"","kind":"park","road":"","osm":1083149376},"geometry":{"type":"Polygon","coordinates":[[[-3.58524,37.17673],[-3.58519,37.17674],[-3.58517,37.17671],[-3.58522,37.1767],[-3.58524,37.17673]]]}},{"type":"Feature","properties":{"name":"","kind":"park","road":"","osm":1083149377},"geometry":{"type":"Polygon","coordinates":[[[-3.58527,37.17665],[-3.58518,37.17647],[-3.58514,37.17648],[-3.58507,37.1765],[-3.58512,37.1766],[-3.58516,37.17668],[-3.58523,37.17666],[-3.58527,37.17665]]]}},{"type":"Feature","properties":{"name":"","kind":"park","road":"","osm":1083149378},"geometry":{"type":"Polygon","coordinates":[[[-3.58539,37.17691],[-3.58532,37.17675],[-3.58528,37.17676],[-3.58522,37.17678],[-3.58526,37.17686],[-3.5853,37.17694],[-3.58535,37.17692],[-3.58539,37.17691]]]}},{"type":"Feature","properties":{"name":"","kind":"park","road":"","osm":1083149379},"geometry":{"type":"Polygon","coordinates":[[[-3.58519,37.17697],[-3.5851,37.17679],[-3.58505,37.1768],[-3.58502,37.17681],[-3.58511,37.17699],[-3.58514,37.17698],[-3.58519,37.17697]]]}},{"type":"Feature","properties":{"name":"","kind":"park","road":"","osm":1083149380},"geometry":{"type":"Polygon","coordinates":[[[-3.58492,37.17655],[-3.58493,37.17658],[-3.58493,37.17659],[-3.58492,37.1766],[-3.58493,37.1766],[-3.58493,37.17661],[-3.58494,37.17661],[-3.58494,37.17662],[-3.58495,37.17662],[-3.58496,37.17664],[-3.58496,37.17665],[-3.58496,37.17666],[-3.58497,37.17666],[-3.58497,37.17667],[-3.58498,37.17667],[-3.58499,37.17669],[-3.58498,37.17669],[-3.58498,37.1767],[-3.58498,37.17671],[-3.58499,37.17672],[-3.585,37.17672],[-3.58501,37.17674],[-3.58498,37.17675],[-3.58489,37.17656],[-3.58492,37.17655]]]}},{"type":"Feature","properties":{"name":"","kind":"park","road":"","osm":1083149403},"geometry":{"type":"Polygon","coordinates":[[[-3.58506,37.17461],[-3.58493,37.17461],[-3.58489,37.17462],[-3.58485,37.17463],[-3.58477,37.17451],[-3.58462,37.17429],[-3.58459,37.17434],[-3.58462,37.17436],[-3.58463,37.17438],[-3.58463,37.17441],[-3.58481,37.17465],[-3.58488,37.17476],[-3.5849,37.17488],[-3.58496,37.17489],[-3.58493,37.17511],[-3.58499,37.17512],[-3.58503,37.17494],[-3.58506,37.17461]]]}},{"type":"Feature","properties":{"name":"","kind":"park","road":"","osm":1083149407},"geometry":{"type":"Polygon","coordinates":[[[-3.58137,37.17204],[-3.58135,37.17207],[-3.58324,37.17315],[-3.58357,37.17323],[-3.58373,37.1733],[-3.58386,37.17339],[-3.58392,37.17344],[-3.58395,37.1735],[-3.58399,37.1736],[-3.58399,37.17366],[-3.58404,37.17376],[-3.58408,37.17391],[-3.58411,37.17392],[-3.58432,37.17398],[-3.58468,37.17407],[-3.58483,37.17412],[-3.5847,37.17406],[-3.58446,37.17397],[-3.58428,37.17392],[-3.58418,37.17387],[-3.58413,37.1738],[-3.58409,37.17372],[-3.58399,37.17346],[-3.58393,37.17334],[-3.58389,37.17329],[-3.58383,37.17324],[-3.58375,37.17321],[-3.58357,37.17314],[-3.58318,37.173],[-3.58236,37.17257],[-3.58137,37.17204]]]}},{"type":"Feature","properties":{"name":"","kind":"park","road":"","osm":1083149413},"geometry":{"type":"Polygon","coordinates":[[[-3.58322,37.17321],[-3.58303,37.1731],[-3.58301,37.17312],[-3.58315,37.17323],[-3.58317,37.17321],[-3.5832,37.17323],[-3.58322,37.17321]]]}},{"type":"Feature","properties":{"name":"","kind":"park","road":"","osm":1083149414},"geometry":{"type":"Polygon","coordinates":[[[-3.58229,37.17371],[-3.5822,37.17376],[-3.58212,37.17367],[-3.58215,37.17365],[-3.58166,37.17325],[-3.58168,37.17323],[-3.58223,37.17365],[-3.58229,37.17371]]]}},{"type":"Feature","properties":{"name":"","kind":"park","road":"","osm":1084639067},"geometry":{"type":"Polygon","coordinates":[[[-3.60005,37.17008],[-3.60003,37.16989],[-3.59998,37.16989],[-3.59997,37.16982],[-3.59987,37.16983],[-3.59988,37.1699],[-3.59971,37.16991],[-3.59972,37.16995],[-3.59986,37.16994],[-3.59992,37.16994],[-3.59993,37.16998],[-3.59993,37.17006],[-3.59994,37.1701],[-3.60005,37.17009],[-3.60005,37.17008]]]}},{"type":"Feature","properties":{"name":"","kind":"park","road":"","osm":1086161367},"geometry":{"type":"Polygon","coordinates":[[[-3.60072,37.16453],[-3.60073,37.16472],[-3.60078,37.16472],[-3.60077,37.1645],[-3.60072,37.16453]]]}},{"type":"Feature","properties":{"name":"","kind":"park","road":"","osm":1086161368},"geometry":{"type":"Polygon","coordinates":[[[-3.6008,37.16497],[-3.60079,37.16477],[-3.60073,37.16478],[-3.60075,37.16495],[-3.6008,37.16497]]]}},{"type":"Feature","properties":{"name":"","kind":"park","road":"","osm":1086161370},"geometry":{"type":"Polygon","coordinates":[[[-3.60048,37.16415],[-3.60053,37.16422],[-3.60061,37.16419],[-3.60054,37.16409],[-3.60048,37.16415]]]}},{"type":"Feature","properties":{"name":"","kind":"park","road":"","osm":1086161371},"geometry":{"type":"Polygon","coordinates":[[[-3.60076,37.16446],[-3.60061,37.16422],[-3.60054,37.16425],[-3.60069,37.1645],[-3.60071,37.1645],[-3.60076,37.16446]]]}},{"type":"Feature","properties":{"name":"","kind":"park","road":"","osm":1086161373},"geometry":{"type":"Polygon","coordinates":[[[-3.59578,37.16694],[-3.59574,37.16689],[-3.59568,37.16692],[-3.59572,37.16697],[-3.59578,37.16694]]]}},{"type":"Feature","properties":{"name":"","kind":"park","road":"","osm":1086161374},"geometry":{"type":"Polygon","coordinates":[[[-3.596,37.16683],[-3.59596,37.16678],[-3.59576,37.16688],[-3.59581,37.16693],[-3.596,37.16683]]]}},{"type":"Feature","properties":{"name":"","kind":"park","road":"","osm":1086161391},"geometry":{"type":"Polygon","coordinates":[[[-3.60034,37.16408],[-3.60049,37.16389],[-3.60047,37.16388],[-3.60005,37.16439],[-3.60007,37.1644],[-3.60034,37.16408]]]}},{"type":"Feature","properties":{"name":"","kind":"park","road":"","osm":1086161392},"geometry":{"type":"Polygon","coordinates":[[[-3.60004,37.16445],[-3.6,37.16443],[-3.59969,37.1648],[-3.59972,37.16482],[-3.60004,37.16445]]]}},{"type":"Feature","properties":{"name":"","kind":"park","road":"","osm":1086257967},"geometry":{"type":"Polygon","coordinates":[[[-3.61842,37.18389],[-3.61845,37.18385],[-3.61825,37.18377],[-3.61823,37.18381],[-3.61842,37.18389]]]}},{"type":"Feature","properties":{"name":"","kind":"park","road":"","osm":1086257968},"geometry":{"type":"Polygon","coordinates":[[[-3.61871,37.18401],[-3.61873,37.18397],[-3.61854,37.18389],[-3.61851,37.18392],[-3.61871,37.18401]]]}},{"type":"Feature","properties":{"name":"","kind":"park","road":"","osm":1086257969},"geometry":{"type":"Polygon","coordinates":[[[-3.61899,37.18414],[-3.61902,37.1841],[-3.61882,37.18401],[-3.6188,37.18405],[-3.61899,37.18414]]]}},{"type":"Feature","properties":{"name":"","kind":"park","road":"","osm":1086257971},"geometry":{"type":"Polygon","coordinates":[[[-3.61884,37.18352],[-3.61873,37.18347],[-3.61861,37.18365],[-3.61865,37.18367],[-3.61884,37.18352]]]}},{"type":"Feature","properties":{"name":"","kind":"park","road":"","osm":1086257972},"geometry":{"type":"Polygon","coordinates":[[[-3.61903,37.18383],[-3.61908,37.18379],[-3.61875,37.18365],[-3.61869,37.18369],[-3.61903,37.18383]]]}},{"type":"Feature","properties":{"name":"","kind":"park","road":"","osm":1086257973},"geometry":{"type":"Polygon","coordinates":[[[-3.6193,37.18372],[-3.61925,37.1837],[-3.61908,37.18386],[-3.61917,37.18389],[-3.6193,37.18372]]]}},{"type":"Feature","properties":{"name":"","kind":"park","road":"","osm":1086257976},"geometry":{"type":"Polygon","coordinates":[[[-3.61948,37.18349],[-3.61922,37.18327],[-3.61928,37.18323],[-3.61933,37.18328],[-3.61936,37.18331],[-3.6194,37.18332],[-3.61943,37.18334],[-3.61944,37.18338],[-3.61947,37.18342],[-3.6195,37.18346],[-3.61948,37.18349]]]}},{"type":"Feature","properties":{"name":"","kind":"park","road":"","osm":1086257977},"geometry":{"type":"Polygon","coordinates":[[[-3.61887,37.18314],[-3.61872,37.18326],[-3.61899,37.18339],[-3.61908,37.18332],[-3.61887,37.18314]]]}},{"type":"Feature","properties":{"name":"","kind":"park","road":"","osm":1086257978},"geometry":{"type":"Polygon","coordinates":[[[-3.61883,37.18311],[-3.61864,37.18296],[-3.61846,37.18315],[-3.61866,37.18324],[-3.61883,37.18311]]]}},{"type":"Feature","properties":{"name":"","kind":"park","road":"","osm":1086257979},"geometry":{"type":"Polygon","coordinates":[[[-3.61905,37.18294],[-3.61877,37.18281],[-3.61873,37.18287],[-3.61892,37.18303],[-3.61905,37.18294]]]}},{"type":"Feature","properties":{"name":"","kind":"park","road":"","osm":1086257980},"geometry":{"type":"Polygon","coordinates":[[[-3.61938,37.18308],[-3.61911,37.18296],[-3.61897,37.18307],[-3.61918,37.18325],[-3.61938,37.18308]]]}},{"type":"Feature","properties":{"name":"","kind":"park","road":"","osm":1086812476},"geometry":{"type":"Polygon","coordinates":[[[-3.58495,37.17419],[-3.58503,37.17424],[-3.58501,37.17425],[-3.58499,37.17425],[-3.58497,37.17425],[-3.58496,37.17424],[-3.58495,37.17422],[-3.58495,37.1742],[-3.58495,37.17419]]]}},{"type":"Feature","properties":{"name":"","kind":"park","road":"","osm":1086812486},"geometry":{"type":"Polygon","coordinates":[[[-3.58652,37.17432],[-3.58678,37.1743],[-3.58679,37.17432],[-3.58652,37.17434],[-3.58652,37.17432]]]}},{"type":"Feature","properties":{"name":"","kind":"park","road":"","osm":1086812487},"geometry":{"type":"Polygon","coordinates":[[[-3.5855,37.17438],[-3.58648,37.17432],[-3.58648,37.17434],[-3.5855,37.1744],[-3.5855,37.17438]]]}},{"type":"Feature","properties":{"name":"","kind":"park","road":"","osm":1086812488},"geometry":{"type":"Polygon","coordinates":[[[-3.58519,37.17446],[-3.58519,37.17445],[-3.58525,37.17446],[-3.5853,37.17446],[-3.58537,37.17447],[-3.5868,37.17438],[-3.58687,37.17438],[-3.58691,37.17439],[-3.58696,37.1744],[-3.58695,37.17441],[-3.58687,37.1744],[-3.58677,37.1744],[-3.58538,37.17448],[-3.5853,37.17448],[-3.58524,37.17447],[-3.58519,37.17446]]]}},{"type":"Feature","properties":{"name":"","kind":"park","road":"","osm":1090345459},"geometry":{"type":"Polygon","coordinates":[[[-3.60377,37.18789],[-3.60383,37.18799],[-3.60387,37.18804],[-3.6039,37.18806],[-3.60397,37.18808],[-3.604,37.1881],[-3.60404,37.18813],[-3.60409,37.18817],[-3.60411,37.18821],[-3.60412,37.18824],[-3.60405,37.18825],[-3.604,37.18825],[-3.60395,37.18823],[-3.6039,37.18821],[-3.60385,37.18817],[-3.6038,37.18812],[-3.60378,37.18808],[-3.60377,37.18803],[-3.60377,37.18789]]]}},{"type":"Feature","properties":{"name":"","kind":"park","road":"","osm":1090345460},"geometry":{"type":"Polygon","coordinates":[[[-3.60381,37.18768],[-3.60382,37.18771],[-3.60386,37.1878],[-3.60388,37.18782],[-3.6039,37.18783],[-3.60392,37.18785],[-3.60387,37.18784],[-3.60384,37.18782],[-3.60382,37.1878],[-3.60378,37.18775],[-3.60379,37.18772],[-3.60381,37.18768]]]}},{"type":"Feature","properties":{"name":"","kind":"park","road":"","osm":1090345461},"geometry":{"type":"Polygon","coordinates":[[[-3.60399,37.18768],[-3.60404,37.18769],[-3.60411,37.18772],[-3.60417,37.18775],[-3.60422,37.1878],[-3.60425,37.18786],[-3.60427,37.1879],[-3.60418,37.18784],[-3.60411,37.1878],[-3.60406,37.18776],[-3.60403,37.18773],[-3.60399,37.18768]]]}},{"type":"Feature","properties":{"name":"","kind":"park","road":"","osm":1090345462},"geometry":{"type":"Polygon","coordinates":[[[-3.60388,37.18772],[-3.60396,37.18775],[-3.60406,37.1878],[-3.60416,37.18785],[-3.60422,37.18789],[-3.60425,37.18792],[-3.60419,37.1879],[-3.60409,37.18788],[-3.60404,37.18787],[-3.60399,37.18784],[-3.60388,37.18772]]]}},{"type":"Feature","properties":{"name":"","kind":"park","road":"","osm":1090345463},"geometry":{"type":"Polygon","coordinates":[[[-3.60417,37.1881],[-3.60413,37.18807],[-3.6041,37.18803],[-3.60407,37.18794],[-3.60404,37.1879],[-3.60395,37.18785],[-3.60405,37.18789],[-3.60409,37.18791],[-3.60413,37.18797],[-3.60417,37.1881]]]}},{"type":"Feature","properties":{"name":"","kind":"park","road":"","osm":1090345464},"geometry":{"type":"Polygon","coordinates":[[[-3.60411,37.18814],[-3.60398,37.18804],[-3.60396,37.18802],[-3.60395,37.18799],[-3.60394,37.18795],[-3.60389,37.1879],[-3.60398,37.18795],[-3.60404,37.18798],[-3.60408,37.18802],[-3.60409,37.18805],[-3.60411,37.18814]]]}},{"type":"Feature","properties":{"name":"Calle Arabial","kind":"road","road":"primary","osm":1092671598},"geometry":{"type":"LineString","coordinates":[[-3.6125,37.17851],[-3.61251,37.17853],[-3.61252,37.17855],[-3.61253,37.17858],[-3.61253,37.1786],[-3.61253,37.17862],[-3.61254,37.17866]]}},{"type":"Feature","properties":{"name":"Calle Arabial","kind":"road","road":"primary","osm":1092671599},"geometry":{"type":"LineString","coordinates":[[-3.61191,37.17753],[-3.61193,37.17755],[-3.61194,37.17757],[-3.61218,37.17797]]}},{"type":"Feature","properties":{"name":"Plaza Guitarrista Manuel Cano","kind":"road","road":"primary","osm":1092671600},"geometry":{"type":"LineString","coordinates":[[-3.61204,37.17733],[-3.61296,37.17697],[-3.61305,37.17694]]}},{"type":"Feature","properties":{"name":"Calle Méndez Núñez","kind":"road","road":"primary","osm":1092850987},"geometry":{"type":"LineString","coordinates":[[-3.61181,37.17735],[-3.61173,37.17741],[-3.61172,37.17741]]}},{"type":"Feature","properties":{"name":"Calle Méndez Núñez","kind":"road","road":"primary","osm":1092850988},"geometry":{"type":"LineString","coordinates":[[-3.61172,37.17741],[-3.61183,37.17739]]}},{"type":"Feature","properties":{"name":"Calle Arabial","kind":"road","road":"primary","osm":1092850989},"geometry":{"type":"LineString","coordinates":[[-3.61183,37.17739],[-3.61186,37.17744],[-3.61191,37.17752],[-3.61191,37.17753]]}},{"type":"Feature","properties":{"name":"","kind":"road","road":"primary","osm":1092850990},"geometry":{"type":"LineString","coordinates":[[-3.61191,37.17753],[-3.61193,37.1775],[-3.61193,37.17749],[-3.61193,37.17747],[-3.61193,37.17746],[-3.61193,37.17745],[-3.61193,37.17744],[-3.61193,37.17742],[-3.61193,37.17741],[-3.61193,37.17739],[-3.61194,37.17737]]}},{"type":"Feature","properties":{"name":"Plaza Guitarrista Manuel Cano","kind":"road","road":"primary","osm":1092850991},"geometry":{"type":"LineString","coordinates":[[-3.61194,37.17737],[-3.61195,37.17737],[-3.61198,37.17735],[-3.612,37.17734],[-3.61204,37.17733]]}},{"type":"Feature","properties":{"name":"Calle María Moliner","kind":"road","road":"primary","osm":1093786923},"geometry":{"type":"LineString","coordinates":[[-3.61498,37.17909],[-3.61501,37.17915],[-3.61503,37.17916]]}},{"type":"Feature","properties":{"name":"Calle María Moliner","kind":"road","road":"primary","osm":1093786924},"geometry":{"type":"LineString","coordinates":[[-3.6148,37.17879],[-3.61495,37.17904],[-3.61498,37.17909]]}},{"type":"Feature","properties":{"name":"","kind":"park","road":"","osm":1094720077},"geometry":{"type":"Polygon","coordinates":[[[-3.60627,37.18417],[-3.60638,37.1842],[-3.60624,37.18467],[-3.60619,37.18465],[-3.60604,37.18435],[-3.60627,37.18417]]]}},{"type":"Feature","properties":{"name":"","kind":"park","road":"","osm":1094720078},"geometry":{"type":"Polygon","coordinates":[[[-3.60599,37.18385],[-3.6062,37.18412],[-3.606,37.18427],[-3.60586,37.18402],[-3.60592,37.1839],[-3.60599,37.18385]]]}},{"type":"Feature","properties":{"name":"","kind":"park","road":"","osm":1094720079},"geometry":{"type":"Polygon","coordinates":[[[-3.60649,37.18368],[-3.60651,37.18373],[-3.60639,37.18414],[-3.60628,37.18411],[-3.60603,37.18378],[-3.60619,37.18362],[-3.60649,37.18368]]]}},{"type":"Feature","properties":{"name":"","kind":"park","road":"","osm":1094720080},"geometry":{"type":"Polygon","coordinates":[[[-3.60571,37.18358],[-3.60576,37.18361],[-3.60582,37.18367],[-3.60583,37.18375],[-3.60577,37.18386],[-3.60572,37.18387],[-3.60567,37.18382],[-3.60558,37.18363],[-3.60571,37.18358]]]}},{"type":"Feature","properties":{"name":"","kind":"park","road":"","osm":1094720083},"geometry":{"type":"Polygon","coordinates":[[[-3.60573,37.18399],[-3.60583,37.18408],[-3.60596,37.18433],[-3.60583,37.18437],[-3.60549,37.18421],[-3.60558,37.18403],[-3.60573,37.18399]]]}},{"type":"Feature","properties":{"name":"","kind":"park","road":"","osm":1094720084},"geometry":{"type":"Polygon","coordinates":[[[-3.60597,37.18436],[-3.60615,37.18469],[-3.60591,37.18458],[-3.60579,37.18454],[-3.60554,37.18443],[-3.6055,37.18436],[-3.60553,37.18431],[-3.60561,37.1843],[-3.60583,37.1844],[-3.60597,37.18436]]]}},{"type":"Feature","properties":{"name":"","kind":"park","road":"","osm":1094720085},"geometry":{"type":"Polygon","coordinates":[[[-3.60549,37.18424],[-3.60549,37.18432],[-3.60544,37.1844],[-3.60501,37.1842],[-3.60497,37.18412],[-3.60511,37.18407],[-3.60549,37.18424]]]}},{"type":"Feature","properties":{"name":"","kind":"park","road":"","osm":1094720086},"geometry":{"type":"Polygon","coordinates":[[[-3.60553,37.18393],[-3.6055,37.18406],[-3.60544,37.18417],[-3.60514,37.18405],[-3.60527,37.18385],[-3.60549,37.1839],[-3.60553,37.18393]]]}},{"type":"Feature","properties":{"name":"","kind":"park","road":"","osm":1094720087},"geometry":{"type":"Polygon","coordinates":[[[-3.60545,37.18351],[-3.60559,37.18379],[-3.60555,37.18384],[-3.60544,37.18384],[-3.6053,37.18381],[-3.60545,37.18351]]]}},{"type":"Feature","properties":{"name":"","kind":"park","road":"","osm":1094720088},"geometry":{"type":"Polygon","coordinates":[[[-3.60529,37.18368],[-3.60507,37.18404],[-3.60494,37.18409],[-3.60491,37.184],[-3.60513,37.1836],[-3.60529,37.18368]]]}},{"type":"Feature","properties":{"name":"","kind":"park","road":"","osm":1094720089},"geometry":{"type":"Polygon","coordinates":[[[-3.60531,37.18365],[-3.60514,37.18357],[-3.60539,37.18309],[-3.60544,37.18311],[-3.60543,37.18343],[-3.60531,37.18365]]]}},{"type":"Feature","properties":{"name":"","kind":"park","road":"","osm":1094720090},"geometry":{"type":"Polygon","coordinates":[[[-3.60554,37.18358],[-3.60549,37.18344],[-3.60552,37.18333],[-3.60562,37.1833],[-3.60566,37.18333],[-3.60568,37.18352],[-3.60554,37.18358]]]}},{"type":"Feature","properties":{"name":"","kind":"park","road":"","osm":1094720091},"geometry":{"type":"Polygon","coordinates":[[[-3.60566,37.18326],[-3.60551,37.18327],[-3.60549,37.18302],[-3.60557,37.183],[-3.60562,37.18302],[-3.60559,37.18323],[-3.60566,37.18326]]]}},{"type":"Feature","properties":{"name":"","kind":"park","road":"","osm":1095116402},"geometry":{"type":"Polygon","coordinates":[[[-3.60847,37.16224],[-3.60853,37.16227],[-3.60814,37.16273],[-3.60807,37.16269],[-3.60842,37.1623],[-3.60847,37.16224]]]}},{"type":"Feature","properties":{"name":"","kind":"park","road":"","osm":1095135072},"geometry":{"type":"Polygon","coordinates":[[[-3.59648,37.16663],[-3.59646,37.1666],[-3.59644,37.16659],[-3.59641,37.16658],[-3.59639,37.16658],[-3.59636,37.16658],[-3.59632,37.16659],[-3.59622,37.16664],[-3.59624,37.16668],[-3.59627,37.16666],[-3.5963,37.16668],[-3.59634,37.16666],[-3.59636,37.16669],[-3.59648,37.16663]]]}},{"type":"Feature","properties":{"name":"","kind":"park","road":"","osm":1095135074},"geometry":{"type":"Polygon","coordinates":[[[-3.59618,37.16613],[-3.59616,37.16614],[-3.59637,37.16641],[-3.59639,37.16639],[-3.59638,37.16638],[-3.59618,37.16613]]]}},{"type":"Feature","properties":{"name":"","kind":"park","road":"","osm":1095135075},"geometry":{"type":"Polygon","coordinates":[[[-3.59641,37.16641],[-3.59639,37.16643],[-3.59653,37.16661],[-3.59656,37.16662],[-3.59658,37.16663],[-3.59657,37.1666],[-3.59641,37.16641]]]}},{"type":"Feature","properties":{"name":"Calle Padre Marcelino Álvarez","kind":"road","road":"primary","osm":1098366906},"geometry":{"type":"LineString","coordinates":[[-3.61549,37.17964],[-3.61547,37.17963],[-3.61545,37.17961],[-3.61543,37.1796],[-3.61541,37.17958],[-3.6154,37.17956],[-3.61539,37.17955],[-3.61537,37.17954],[-3.61537,37.17953],[-3.61536,37.17951],[-3.61536,37.1795]]}},{"type":"Feature","properties":{"name":"Calle Padre Marcelino Álvarez","kind":"road","road":"primary","osm":1098366907},"geometry":{"type":"LineString","coordinates":[[-3.61535,37.1796],[-3.61538,37.17962],[-3.61542,37.17963],[-3.61546,37.17963],[-3.61549,37.17964]]}},{"type":"Feature","properties":{"name":"Calle Padre Marcelino Álvarez","kind":"road","road":"primary","osm":1098366908},"geometry":{"type":"LineString","coordinates":[[-3.61523,37.17955],[-3.61535,37.1796]]}},{"type":"Feature","properties":{"name":"Parque Concejal José María Corpas","kind":"park","road":"","osm":1099991890},"geometry":{"type":"Polygon","coordinates":[[[-3.61438,37.1862],[-3.61433,37.18627],[-3.61395,37.18673],[-3.61392,37.18676],[-3.61368,37.18706],[-3.61354,37.18731],[-3.6135,37.18736],[-3.61342,37.1875],[-3.6133,37.18769],[-3.6132,37.18766],[-3.6133,37.18732],[-3.61339,37.18697],[-3.61341,37.1869],[-3.61342,37.18686],[-3.61354,37.18642],[-3.61355,37.18638],[-3.61363,37.18615],[-3.61365,37.18608],[-3.61371,37.18589],[-3.61372,37.18585],[-3.61375,37.18577],[-3.61388,37.18536],[-3.61395,37.18533],[-3.6138,37.18577],[-3.6139,37.1858],[-3.61398,37.18582],[-3.61388,37.18611],[-3.61391,37.18611],[-3.61394,37.18612],[-3.61411,37.18615],[-3.61414,37.18616],[-3.61417,37.18616],[-3.61438,37.1862]]]}},{"type":"Feature","properties":{"name":"Plaza Guitarrista Manuel Cano","kind":"road","road":"primary","osm":1101496865},"geometry":{"type":"LineString","coordinates":[[-3.61305,37.17694],[-3.61309,37.17692],[-3.61312,37.17691],[-3.61316,37.17689],[-3.61318,37.17689],[-3.6132,37.17688],[-3.61321,37.17688],[-3.61322,37.17688],[-3.61324,37.17688],[-3.61326,37.17688],[-3.61327,37.17688],[-3.61331,37.17688]]}},{"type":"Feature","properties":{"name":"","kind":"park","road":"","osm":1103115681},"geometry":{"type":"Polygon","coordinates":[[[-3.60103,37.18238],[-3.60098,37.1823],[-3.60092,37.18236],[-3.60102,37.18238],[-3.60103,37.18238]]]}},{"type":"Feature","properties":{"name":"Calle María Moliner","kind":"road","road":"primary","osm":1103591477},"geometry":{"type":"LineString","coordinates":[[-3.61368,37.1771],[-3.6137,37.17715]]}},{"type":"Feature","properties":{"name":"Calle María Moliner","kind":"road","road":"primary","osm":1103591478},"geometry":{"type":"LineString","coordinates":[[-3.61431,37.17814],[-3.61431,37.17815],[-3.61432,37.17816],[-3.61439,37.17828]]}},{"type":"Feature","properties":{"name":"","kind":"park","road":"","osm":1104592051},"geometry":{"type":"Polygon","coordinates":[[[-3.61023,37.17936],[-3.61009,37.17941],[-3.61006,37.17936],[-3.60986,37.17944],[-3.60979,37.17931],[-3.61012,37.17918],[-3.61023,37.17936]]]}},{"type":"Feature","properties":{"name":"Avenida de Cervantes","kind":"road","road":"primary","osm":1104818215},"geometry":{"type":"LineString","coordinates":[[-3.58949,37.16577],[-3.58953,37.16582],[-3.58958,37.16589],[-3.58984,37.1662]]}},{"type":"Feature","properties":{"name":"Avenida de Pampaneira","kind":"road","road":"tertiary","osm":1106281795},"geometry":{"type":"LineString","coordinates":[[-3.61965,37.18547],[-3.61959,37.1854],[-3.61951,37.18535],[-3.61942,37.18533],[-3.61931,37.18533],[-3.6192,37.18535],[-3.6191,37.18536]]}},{"type":"Feature","properties":{"name":"","kind":"park","road":"","osm":1106281796},"geometry":{"type":"Polygon","coordinates":[[[-3.61917,37.18557],[-3.61953,37.18564],[-3.61957,37.18564],[-3.6196,37.18562],[-3.61961,37.1856],[-3.61961,37.18556],[-3.61959,37.1855],[-3.61954,37.18545],[-3.61949,37.18541],[-3.61943,37.18539],[-3.61937,37.18538],[-3.6193,37.18539],[-3.61923,37.18541],[-3.61917,37.18545],[-3.61914,37.18549],[-3.61913,37.18552],[-3.61914,37.18555],[-3.61917,37.18557]]]}},{"type":"Feature","properties":{"name":"","kind":"park","road":"","osm":1107162873},"geometry":{"type":"Polygon","coordinates":[[[-3.61311,37.17686],[-3.61312,37.17688],[-3.61313,37.17687],[-3.61313,37.17686],[-3.61313,37.17685],[-3.61312,37.17685],[-3.61311,37.17686]]]}},{"type":"Feature","properties":{"name":"","kind":"park","road":"","osm":1108306198},"geometry":{"type":"Polygon","coordinates":[[[-3.59378,37.18864],[-3.59391,37.18871],[-3.59392,37.18877],[-3.59369,37.18881],[-3.59368,37.18873],[-3.59378,37.18864]]]}},{"type":"Feature","properties":{"name":"","kind":"park","road":"","osm":1108306256},"geometry":{"type":"Polygon","coordinates":[[[-3.59345,37.18933],[-3.5934,37.18934],[-3.5934,37.18919],[-3.59354,37.18917],[-3.59354,37.18918],[-3.59342,37.1892],[-3.59345,37.18933]]]}},{"type":"Feature","properties":{"name":"Placeta de San José","kind":"road","road":"pedestrian","osm":1109915899},"geometry":{"type":"LineString","coordinates":[[-3.59588,37.17855],[-3.59577,37.17856]]}},{"type":"Feature","properties":{"name":"Calle Recogidas","kind":"road","road":"primary","osm":1110881021},"geometry":{"type":"LineString","coordinates":[[-3.60571,37.17026],[-3.60578,37.17025],[-3.6058,37.17024],[-3.60583,37.17023]]}},{"type":"Feature","properties":{"name":"Camino de Ronda","kind":"road","road":"primary","osm":1110881022},"geometry":{"type":"LineString","coordinates":[[-3.60583,37.17023],[-3.60589,37.17033]]}},{"type":"Feature","properties":{"name":"","kind":"road","road":"tertiary","osm":1112253000},"geometry":{"type":"LineString","coordinates":[[-3.61902,37.1856],[-3.61919,37.18563],[-3.61954,37.18571],[-3.61963,37.18571]]}},{"type":"Feature","properties":{"name":"","kind":"water","road":"","osm":1112680286},"geometry":{"type":"Polygon","coordinates":[[[-3.60409,37.17534],[-3.60407,37.17531],[-3.604,37.17534],[-3.60401,37.17537],[-3.60409,37.17534]]]}},{"type":"Feature","properties":{"name":"","kind":"park","road":"","osm":1114722643},"geometry":{"type":"Polygon","coordinates":[[[-3.59185,37.16599],[-3.59188,37.16597],[-3.59188,37.16596],[-3.59183,37.16596],[-3.59183,37.16599],[-3.59185,37.16599]]]}},{"type":"Feature","properties":{"name":"","kind":"park","road":"","osm":1114722644},"geometry":{"type":"Polygon","coordinates":[[[-3.59184,37.16595],[-3.59185,37.1659],[-3.59183,37.1659],[-3.59183,37.16595],[-3.59184,37.16595]]]}},{"type":"Feature","properties":{"name":"","kind":"park","road":"","osm":1114722645},"geometry":{"type":"Polygon","coordinates":[[[-3.59188,37.16595],[-3.59188,37.1659],[-3.59186,37.1659],[-3.59186,37.16595],[-3.59188,37.16595]]]}},{"type":"Feature","properties":{"name":"","kind":"park","road":"","osm":1114722646},"geometry":{"type":"Polygon","coordinates":[[[-3.59185,37.16589],[-3.59185,37.16584],[-3.59183,37.16584],[-3.59183,37.16589],[-3.59185,37.16589]]]}},{"type":"Feature","properties":{"name":"","kind":"park","road":"","osm":1114722647},"geometry":{"type":"Polygon","coordinates":[[[-3.59189,37.16589],[-3.59189,37.16584],[-3.59187,37.16584],[-3.59187,37.16589],[-3.59189,37.16589]]]}},{"type":"Feature","properties":{"name":"","kind":"park","road":"","osm":1114722648},"geometry":{"type":"Polygon","coordinates":[[[-3.59057,37.16585],[-3.59057,37.16568],[-3.59071,37.16569],[-3.59063,37.16584],[-3.59057,37.16585]]]}},{"type":"Feature","properties":{"name":"","kind":"park","road":"","osm":1114722649},"geometry":{"type":"Polygon","coordinates":[[[-3.59047,37.1662],[-3.59059,37.16608],[-3.5906,37.16605],[-3.5906,37.166],[-3.59048,37.16597],[-3.59048,37.16598],[-3.59045,37.16601],[-3.59043,37.16619],[-3.59047,37.1662]]]}},{"type":"Feature","properties":{"name":"","kind":"park","road":"","osm":1114722650},"geometry":{"type":"Polygon","coordinates":[[[-3.59148,37.16528],[-3.59187,37.16521],[-3.59193,37.16546],[-3.59187,37.16547],[-3.59183,37.16532],[-3.59163,37.16535],[-3.59148,37.16528]]]}},{"type":"Feature","properties":{"name":"","kind":"park","road":"","osm":1114722651},"geometry":{"type":"Polygon","coordinates":[[[-3.59115,37.16546],[-3.59089,37.1655],[-3.59097,37.16533],[-3.59137,37.16527],[-3.59136,37.1654],[-3.59114,37.16543],[-3.59115,37.16546]]]}},{"type":"Feature","properties":{"name":"","kind":"park","road":"","osm":1114722652},"geometry":{"type":"Polygon","coordinates":[[[-3.59047,37.16628],[-3.59047,37.16631],[-3.59089,37.16623],[-3.59083,37.16606],[-3.59066,37.16608],[-3.59047,37.16628]]]}},{"type":"Feature","properties":{"name":"Plaza Pescadería","kind":"road","road":"pedestrian","osm":1116894201},"geometry":{"type":"LineString","coordinates":[[-3.60082,37.17614],[-3.60065,37.17574]]}},{"type":"Feature","properties":{"name":"Plaza Pescadería","kind":"road","road":"pedestrian","osm":1116894202},"geometry":{"type":"LineString","coordinates":[[-3.60067,37.17573],[-3.60065,37.17574]]}},{"type":"Feature","properties":{"name":"Plaza Pescadería","kind":"road","road":"pedestrian","osm":1116894203},"geometry":{"type":"LineString","coordinates":[[-3.60068,37.17617],[-3.60052,37.17579]]}},{"type":"Feature","properties":{"name":"Plaza Pescadería","kind":"road","road":"pedestrian","osm":1116894204},"geometry":{"type":"LineString","coordinates":[[-3.60068,37.17617],[-3.60069,37.17618]]}},{"type":"Feature","properties":{"name":"","kind":"park","road":"","osm":1118060666},"geometry":{"type":"Polygon","coordinates":[[[-3.59873,37.17877],[-3.59881,37.17875],[-3.59879,37.17873],[-3.59877,37.17869],[-3.59876,37.17869],[-3.59873,37.1787],[-3.59868,37.17873],[-3.5987,37.17875],[-3.5987,37.17876],[-3.59872,37.17878],[-3.59873,37.17877]]]}},{"type":"Feature","properties":{"name":"","kind":"park","road":"","osm":1118329075},"geometry":{"type":"Polygon","coordinates":[[[-3.60166,37.17904],[-3.60157,37.17895],[-3.6014,37.17906],[-3.60157,37.17925],[-3.60174,37.17913],[-3.60166,37.17904]]]}},{"type":"Feature","properties":{"name":"","kind":"park","road":"","osm":1118640598},"geometry":{"type":"Polygon","coordinates":[[[-3.60419,37.17328],[-3.6041,37.17333],[-3.60419,37.17344],[-3.60424,37.17341],[-3.60422,37.1734],[-3.6042,37.17338],[-3.60419,37.17336],[-3.60418,37.17333],[-3.60418,37.17331],[-3.60419,37.17328]]]}},{"type":"Feature","properties":{"name":"","kind":"park","road":"","osm":1118640599},"geometry":{"type":"Polygon","coordinates":[[[-3.60439,37.17328],[-3.60436,37.17326],[-3.60434,37.17325],[-3.60431,37.17325],[-3.60428,37.17326],[-3.60425,37.17327],[-3.60423,37.17328],[-3.60422,37.17331],[-3.60422,37.17333],[-3.60422,37.17335],[-3.60424,37.17337],[-3.60426,37.17339],[-3.60429,37.1734],[-3.60432,37.1734],[-3.60435,37.1734],[-3.60437,37.17338],[-3.60439,37.17337],[-3.6044,37.17335],[-3.60441,37.17332],[-3.6044,37.1733],[-3.60439,37.17328]]]}},{"type":"Feature","properties":{"name":"","kind":"park","road":"","osm":1118640600},"geometry":{"type":"Polygon","coordinates":[[[-3.60439,37.17345],[-3.60447,37.17341],[-3.6045,37.17345],[-3.60459,37.1734],[-3.60453,37.17332],[-3.60444,37.17327],[-3.60442,37.17328],[-3.60443,37.17331],[-3.60444,37.17334],[-3.60443,37.17336],[-3.60441,37.17339],[-3.60439,37.17341],[-3.60436,37.17342],[-3.60439,37.17345]]]}},{"type":"Feature","properties":{"name":"","kind":"park","road":"","osm":1119208348},"geometry":{"type":"Polygon","coordinates":[[[-3.59402,37.1649],[-3.59398,37.16486],[-3.59393,37.16489],[-3.59396,37.16493],[-3.59402,37.1649]]]}},{"type":"Feature","properties":{"name":"","kind":"park","road":"","osm":1119217125},"geometry":{"type":"Polygon","coordinates":[[[-3.58784,37.17869],[-3.58783,37.17867],[-3.58782,37.17865],[-3.58769,37.17868],[-3.5877,37.1787],[-3.5877,37.17872],[-3.58784,37.17869]]]}},{"type":"Feature","properties":{"name":"","kind":"park","road":"","osm":1119217126},"geometry":{"type":"Polygon","coordinates":[[[-3.58798,37.17866],[-3.58797,37.17863],[-3.58796,37.17861],[-3.58783,37.17865],[-3.58784,37.17867],[-3.58784,37.17869],[-3.58798,37.17866]]]}},{"type":"Feature","properties":{"name":"","kind":"park","road":"","osm":1119334282},"geometry":{"type":"Polygon","coordinates":[[[-3.60411,37.1821],[-3.6041,37.18203],[-3.60393,37.18193],[-3.60385,37.18193],[-3.60368,37.18209],[-3.6037,37.18216],[-3.60384,37.18224],[-3.60393,37.18224],[-3.60411,37.1821]]]}},{"type":"Feature","properties":{"name":"Calle Santa Bárbara","kind":"road","road":"tertiary","osm":1119334283},"geometry":{"type":"LineString","coordinates":[[-3.60403,37.18257],[-3.60446,37.18228],[-3.60453,37.18223],[-3.60459,37.18218],[-3.60549,37.18142]]}},{"type":"Feature","properties":{"name":"Calle Santo Tomás de Villanueva","kind":"road","road":"tertiary","osm":1119334284},"geometry":{"type":"LineString","coordinates":[[-3.61321,37.17966],[-3.61387,37.17986],[-3.61434,37.18002]]}},{"type":"Feature","properties":{"name":"Calle Gran Capitán","kind":"road","road":"secondary","osm":1119334285},"geometry":{"type":"LineString","coordinates":[[-3.60347,37.17912],[-3.60379,37.17861],[-3.60393,37.17846],[-3.60399,37.17841],[-3.60431,37.17818]]}},{"type":"Feature","properties":{"name":"Calle Azacayas","kind":"road","road":"tertiary","osm":1120129522},"geometry":{"type":"LineString","coordinates":[[-3.60052,37.17995],[-3.60049,37.17995]]}},{"type":"Feature","properties":{"name":"Calle Azacayas","kind":"road","road":"tertiary","osm":1120129523},"geometry":{"type":"LineString","coordinates":[[-3.60068,37.17994],[-3.60064,37.17994],[-3.60052,37.17995]]}},{"type":"Feature","properties":{"name":"Avenida Capitán Moreno","kind":"road","road":"secondary","osm":1120298150},"geometry":{"type":"LineString","coordinates":[[-3.60041,37.1833],[-3.60004,37.18292],[-3.59992,37.18281]]}},{"type":"Feature","properties":{"name":"","kind":"road","road":"secondary","osm":1120304543},"geometry":{"type":"LineString","coordinates":[[-3.59142,37.16363],[-3.59143,37.16364],[-3.59144,37.16365],[-3.59145,37.16366],[-3.59147,37.16366],[-3.59148,37.16366],[-3.5915,37.16366]]}},{"type":"Feature","properties":{"name":"","kind":"road","road":"secondary","osm":1120304544},"geometry":{"type":"LineString","coordinates":[[-3.59146,37.16358],[-3.59144,37.16359],[-3.59143,37.1636],[-3.59142,37.16361],[-3.59142,37.16362],[-3.59142,37.16363]]}},{"type":"Feature","properties":{"name":"","kind":"road","road":"secondary","osm":1120304545},"geometry":{"type":"LineString","coordinates":[[-3.5915,37.16366],[-3.59151,37.16365],[-3.59152,37.16364],[-3.59152,37.16363],[-3.59153,37.16362]]}},{"type":"Feature","properties":{"name":"","kind":"road","road":"secondary","osm":1120304546},"geometry":{"type":"LineString","coordinates":[[-3.59227,37.16593],[-3.59225,37.16593],[-3.59222,37.16593],[-3.59219,37.16593],[-3.59216,37.16593]]}},{"type":"Feature","properties":{"name":"Plaza de Bib-Rambla","kind":"road","road":"pedestrian","osm":1123170686},"geometry":{"type":"LineString","coordinates":[[-3.60003,37.17499],[-3.59999,37.175]]}},{"type":"Feature","properties":{"name":"Plaza de Bib-Rambla","kind":"road","road":"pedestrian","osm":1123170687},"geometry":{"type":"LineString","coordinates":[[-3.59955,37.17479],[-3.59955,37.1748]]}},{"type":"Feature","properties":{"name":"Plaza Pescadería","kind":"road","road":"pedestrian","osm":1123170688},"geometry":{"type":"LineString","coordinates":[[-3.60052,37.17579],[-3.6005,37.1758]]}},{"type":"Feature","properties":{"name":"","kind":"park","road":"","osm":1123454980},"geometry":{"type":"Polygon","coordinates":[[[-3.60092,37.1713],[-3.60095,37.17122],[-3.60098,37.17116],[-3.60085,37.17113],[-3.60072,37.1711],[-3.60074,37.17104],[-3.6007,37.17105],[-3.60064,37.17106],[-3.6006,37.17108],[-3.60061,37.17128],[-3.60067,37.17129],[-3.60091,37.17134],[-3.60092,37.1713]]]}},{"type":"Feature","properties":{"name":"","kind":"park","road":"","osm":1123638795},"geometry":{"type":"Polygon","coordinates":[[[-3.604,37.17532],[-3.60398,37.17529],[-3.60401,37.17528],[-3.60404,37.17531],[-3.604,37.17532]]]}},{"type":"Feature","properties":{"name":"","kind":"park","road":"","osm":1123638796},"geometry":{"type":"Polygon","coordinates":[[[-3.60392,37.17536],[-3.6039,37.17533],[-3.60393,37.17532],[-3.60395,37.17534],[-3.60392,37.17536]]]}},{"type":"Feature","properties":{"name":"","kind":"park","road":"","osm":1123638797},"geometry":{"type":"Polygon","coordinates":[[[-3.60399,37.17545],[-3.60397,37.17542],[-3.604,37.17541],[-3.60403,37.17543],[-3.60399,37.17545]]]}},{"type":"Feature","properties":{"name":"","kind":"park","road":"","osm":1123638798},"geometry":{"type":"Polygon","coordinates":[[[-3.60407,37.17541],[-3.60405,37.17538],[-3.60408,37.17537],[-3.6041,37.1754],[-3.60407,37.17541]]]}},{"type":"Feature","properties":{"name":"","kind":"park","road":"","osm":1123638799},"geometry":{"type":"Polygon","coordinates":[[[-3.60408,37.17528],[-3.60406,37.17525],[-3.6041,37.17524],[-3.60412,37.17526],[-3.60408,37.17528]]]}},{"type":"Feature","properties":{"name":"","kind":"park","road":"","osm":1123638800},"geometry":{"type":"Polygon","coordinates":[[[-3.60415,37.17537],[-3.60413,37.17534],[-3.60417,37.17533],[-3.60419,37.17536],[-3.60415,37.17537]]]}},{"type":"Feature","properties":{"name":"Calle de los Negros","kind":"road","road":"pedestrian","osm":1124479841},"geometry":{"type":"LineString","coordinates":[[-3.59712,37.17888],[-3.59713,37.1789],[-3.59721,37.17902],[-3.59728,37.17913]]}},{"type":"Feature","properties":{"name":"Calle Cementerio San José","kind":"road","road":"pedestrian","osm":1124479842},"geometry":{"type":"LineString","coordinates":[[-3.59661,37.17857],[-3.59645,37.17865],[-3.59642,37.17867],[-3.59641,37.17869],[-3.59641,37.17871],[-3.59643,37.17875]]}},{"type":"Feature","properties":{"name":"","kind":"water","road":"","osm":1126797076},"geometry":{"type":"Polygon","coordinates":[[[-3.60731,37.1639],[-3.60725,37.16383],[-3.60717,37.16373],[-3.60774,37.16344],[-3.60831,37.16314],[-3.60912,37.16279],[-3.60986,37.16253],[-3.6105,37.16236],[-3.61138,37.16214],[-3.61352,37.16165],[-3.61416,37.1615],[-3.61458,37.16142],[-3.61519,37.16133],[-3.61587,37.1613],[-3.61639,37.1613],[-3.61703,37.16132],[-3.61778,37.16137],[-3.61776,37.16149],[-3.61774,37.16161],[-3.61633,37.16152],[-3.61575,37.16152],[-3.61521,37.16156],[-3.61471,37.16162],[-3.61412,37.16173],[-3.61289,37.16201],[-3.61083,37.16249],[-3.61042,37.1626],[-3.60973,37.16281],[-3.60873,37.1632],[-3.60845,37.16332],[-3.60731,37.1639]]]}},{"type":"Feature","properties":{"name":"Calle San Isidoro","kind":"road","road":"secondary","osm":1132155961},"geometry":{"type":"LineString","coordinates":[[-3.6099,37.17653],[-3.6098,37.17657]]}},{"type":"Feature","properties":{"name":"Calle Borreguiles","kind":"road","road":"tertiary","osm":1132690959},"geometry":{"type":"LineString","coordinates":[[-3.58249,37.16467],[-3.58249,37.16461]]}},{"type":"Feature","properties":{"name":"Placeta Atalaya","kind":"road","road":"tertiary","osm":1132690960},"geometry":{"type":"LineString","coordinates":[[-3.58231,37.165],[-3.58236,37.16495]]}},{"type":"Feature","properties":{"name":"Placeta Atalaya","kind":"road","road":"tertiary","osm":1132690961},"geometry":{"type":"LineString","coordinates":[[-3.58231,37.16493],[-3.58231,37.165]]}},{"type":"Feature","properties":{"name":"Calle Borreguiles","kind":"road","road":"tertiary","osm":1132690962},"geometry":{"type":"LineString","coordinates":[[-3.58249,37.16461],[-3.58244,37.16466]]}},{"type":"Feature","properties":{"name":"","kind":"road","road":"tertiary","osm":1132690963},"geometry":{"type":"LineString","coordinates":[[-3.58244,37.16466],[-3.58231,37.16493]]}},{"type":"Feature","properties":{"name":"Calle Borreguiles","kind":"road","road":"tertiary","osm":1132690964},"geometry":{"type":"LineString","coordinates":[[-3.58253,37.16452],[-3.58249,37.16461]]}},{"type":"Feature","properties":{"name":"Calle Borreguiles","kind":"road","road":"tertiary","osm":1132690965},"geometry":{"type":"LineString","coordinates":[[-3.58258,37.16442],[-3.58253,37.16452]]}},{"type":"Feature","properties":{"name":"Placeta Atalaya","kind":"road","road":"tertiary","osm":1132690966},"geometry":{"type":"LineString","coordinates":[[-3.58224,37.16513],[-3.58212,37.16542],[-3.58211,37.16545],[-3.58209,37.16548],[-3.58208,37.16551],[-3.58206,37.16557]]}},{"type":"Feature","properties":{"name":"","kind":"park","road":"","osm":1133458807},"geometry":{"type":"Polygon","coordinates":[[[-3.57793,37.17128],[-3.57795,37.17136],[-3.57793,37.17137],[-3.5778,37.17128],[-3.57777,37.17126],[-3.57784,37.17126],[-3.57788,37.17125],[-3.57792,37.17126],[-3.57793,37.17128]]]}},{"type":"Feature","properties":{"name":"","kind":"park","road":"","osm":1133458825},"geometry":{"type":"Polygon","coordinates":[[[-3.57819,37.17064],[-3.57828,37.17073],[-3.57819,37.1708],[-3.5781,37.17071],[-3.57819,37.17064]]]}},{"type":"Feature","properties":{"name":"","kind":"park","road":"","osm":1133458826},"geometry":{"type":"Polygon","coordinates":[[[-3.57829,37.17065],[-3.57841,37.17057],[-3.57846,37.17062],[-3.57834,37.1707],[-3.57829,37.17065]]]}},{"type":"Feature","properties":{"name":"","kind":"park","road":"","osm":1133458827},"geometry":{"type":"Polygon","coordinates":[[[-3.5783,37.17049],[-3.57833,37.17051],[-3.57807,37.17069],[-3.57804,37.17066],[-3.5783,37.17049]]]}},{"type":"Feature","properties":{"name":"","kind":"park","road":"","osm":1133458828},"geometry":{"type":"Polygon","coordinates":[[[-3.5783,37.17057],[-3.57833,37.1706],[-3.57829,37.17063],[-3.57826,37.1706],[-3.5783,37.17057]]]}},{"type":"Feature","properties":{"name":"","kind":"park","road":"","osm":1133458832},"geometry":{"type":"Polygon","coordinates":[[[-3.57862,37.17046],[-3.57866,37.17051],[-3.5786,37.17055],[-3.57856,37.17051],[-3.57862,37.17046]]]}},{"type":"Feature","properties":{"name":"","kind":"park","road":"","osm":1133458836},"geometry":{"type":"Polygon","coordinates":[[[-3.57875,37.17077],[-3.57877,37.17076],[-3.57873,37.17072],[-3.57855,37.17085],[-3.57857,37.17087],[-3.57873,37.17075],[-3.57875,37.17077]]]}},{"type":"Feature","properties":{"name":"","kind":"park","road":"","osm":1133458837},"geometry":{"type":"Polygon","coordinates":[[[-3.57855,37.17088],[-3.57836,37.17102],[-3.57834,37.17099],[-3.57853,37.17086],[-3.57855,37.17088]]]}},{"type":"Feature","properties":{"name":"","kind":"park","road":"","osm":1133458838},"geometry":{"type":"Polygon","coordinates":[[[-3.57832,37.17101],[-3.57834,37.17103],[-3.57823,37.17111],[-3.57823,37.17113],[-3.57826,37.17115],[-3.57819,37.1712],[-3.57813,37.17114],[-3.57832,37.17101]]]}},{"type":"Feature","properties":{"name":"Camino del Sacromonte","kind":"road","road":"tertiary","osm":1134787117},"geometry":{"type":"LineString","coordinates":[[-3.58171,37.18144],[-3.58165,37.18143],[-3.58155,37.18141],[-3.58151,37.18141],[-3.58145,37.18141],[-3.58137,37.18143],[-3.58126,37.18146],[-3.5811,37.18147],[-3.58091,37.18149],[-3.58079,37.18149],[-3.58069,37.18149],[-3.58056,37.18147],[-3.58045,37.18145],[-3.58038,37.18144],[-3.58028,37.18142],[-3.58012,37.1814],[-3.57998,37.18139],[-3.57991,37.18139],[-3.57984,37.18139],[-3.57976,37.1814],[-3.57968,37.18142],[-3.57963,37.18145],[-3.57957,37.18148],[-3.57951,37.18153],[-3.57947,37.18156],[-3.5794,37.18161]]}},{"type":"Feature","properties":{"name":"Camino del Sacromonte","kind":"road","road":"tertiary","osm":1134787118},"geometry":{"type":"LineString","coordinates":[[-3.58185,37.18145],[-3.58171,37.18144]]}},{"type":"Feature","properties":{"name":"Camino del Sacromonte","kind":"road","road":"tertiary","osm":1134788589},"geometry":{"type":"LineString","coordinates":[[-3.57931,37.18163],[-3.57927,37.18162],[-3.57923,37.18161],[-3.57918,37.18159]]}},{"type":"Feature","properties":{"name":"Camino del Sacromonte","kind":"road","road":"tertiary","osm":1134788590},"geometry":{"type":"LineString","coordinates":[[-3.5794,37.18161],[-3.57931,37.18163]]}},{"type":"Feature","properties":{"name":"Placeta de Torres Molina","kind":"road","road":"pedestrian","osm":1152886547},"geometry":{"type":"LineString","coordinates":[[-3.5922,37.18001],[-3.59204,37.18004]]}},{"type":"Feature","properties":{"name":"Avenida de Pampaneira","kind":"road","road":"tertiary","osm":1155785133},"geometry":{"type":"LineString","coordinates":[[-3.61895,37.1857],[-3.61897,37.18569],[-3.61902,37.1856]]}},{"type":"Feature","properties":{"name":"Calle Poeta Manuel de Góngora","kind":"road","road":"secondary","osm":1162743955},"geometry":{"type":"LineString","coordinates":[[-3.59553,37.16697],[-3.59554,37.16698],[-3.59576,37.16724]]}},{"type":"Feature","properties":{"name":"Calle Poeta Manuel de Góngora","kind":"road","road":"secondary","osm":1162743956},"geometry":{"type":"LineString","coordinates":[[-3.59417,37.16535],[-3.59506,37.16641],[-3.59509,37.16645],[-3.59518,37.16656]]}},{"type":"Feature","properties":{"name":"Calle Poeta Manuel de Góngora","kind":"road","road":"secondary","osm":1162743957},"geometry":{"type":"LineString","coordinates":[[-3.59576,37.16724],[-3.59603,37.16756],[-3.59606,37.1676],[-3.59616,37.16768]]}},{"type":"Feature","properties":{"name":"","kind":"road","road":"pedestrian","osm":1171488896},"geometry":{"type":"LineString","coordinates":[[-3.59157,37.18168],[-3.59139,37.18182]]}},{"type":"Feature","properties":{"name":"Calle Arabial","kind":"road","road":"primary","osm":1176866877},"geometry":{"type":"LineString","coordinates":[[-3.6071,37.16966],[-3.60712,37.16969],[-3.60714,37.16972],[-3.60715,37.16974],[-3.60719,37.1698],[-3.60744,37.17019],[-3.60746,37.17023],[-3.60749,37.17027],[-3.60751,37.17031]]}},{"type":"Feature","properties":{"name":"Calle Arabial","kind":"road","road":"primary","osm":1176866878},"geometry":{"type":"LineString","coordinates":[[-3.60692,37.16937],[-3.60703,37.16954]]}},{"type":"Feature","properties":{"name":"Calle Neptuno","kind":"road","road":"primary","osm":1176866879},"geometry":{"type":"LineString","coordinates":[[-3.60712,37.16953],[-3.60726,37.16941],[-3.60729,37.16938],[-3.6076,37.16911],[-3.60856,37.16824],[-3.60862,37.16819],[-3.60874,37.16809],[-3.60883,37.16806],[-3.60893,37.16803],[-3.609,37.16802],[-3.60919,37.168]]}},{"type":"Feature","properties":{"name":"Calle Neptuno","kind":"road","road":"primary","osm":1176866880},"geometry":{"type":"LineString","coordinates":[[-3.60715,37.16939],[-3.60708,37.16946],[-3.60703,37.16954]]}},{"type":"Feature","properties":{"name":"","kind":"park","road":"","osm":1191646536},"geometry":{"type":"Polygon","coordinates":[[[-3.58022,37.16925],[-3.57993,37.1696],[-3.57988,37.16958],[-3.58017,37.16923],[-3.58022,37.16925]]]}},{"type":"Feature","properties":{"name":"","kind":"park","road":"","osm":1191646537},"geometry":{"type":"Polygon","coordinates":[[[-3.57983,37.16972],[-3.57956,37.17004],[-3.57952,37.17002],[-3.57979,37.1697],[-3.57983,37.16972]]]}},{"type":"Feature","properties":{"name":"","kind":"park","road":"","osm":1191646538},"geometry":{"type":"Polygon","coordinates":[[[-3.58025,37.16974],[-3.58023,37.16976],[-3.58017,37.16974],[-3.58019,37.16971],[-3.58025,37.16974]]]}},{"type":"Feature","properties":{"name":"","kind":"park","road":"","osm":1191646539},"geometry":{"type":"Polygon","coordinates":[[[-3.58013,37.16989],[-3.58007,37.16986],[-3.5801,37.16984],[-3.58015,37.16986],[-3.58013,37.16989]]]}},{"type":"Feature","properties":{"name":"","kind":"park","road":"","osm":1191646540},"geometry":{"type":"Polygon","coordinates":[[[-3.58051,37.16941],[-3.58049,37.16943],[-3.58045,37.1694],[-3.58047,37.16938],[-3.58051,37.16941]]]}},{"type":"Feature","properties":{"name":"","kind":"park","road":"","osm":1191661005},"geometry":{"type":"Polygon","coordinates":[[[-3.57953,37.1708],[-3.57952,37.1708],[-3.5795,37.1708],[-3.57947,37.17084],[-3.5796,37.17091],[-3.57964,37.17085],[-3.57953,37.1708]]]}},{"type":"Feature","properties":{"name":"","kind":"park","road":"","osm":1191661006},"geometry":{"type":"Polygon","coordinates":[[[-3.57955,37.17077],[-3.57955,37.17076],[-3.57954,37.17075],[-3.57958,37.1707],[-3.57971,37.17076],[-3.57966,37.17082],[-3.57955,37.17077]]]}},{"type":"Feature","properties":{"name":"","kind":"park","road":"","osm":1191661007},"geometry":{"type":"Polygon","coordinates":[[[-3.57955,37.17068],[-3.57945,37.17063],[-3.57944,37.17065],[-3.57953,37.1707],[-3.57955,37.17068]]]}},{"type":"Feature","properties":{"name":"","kind":"park","road":"","osm":1191661010},"geometry":{"type":"Polygon","coordinates":[[[-3.57945,37.17081],[-3.57934,37.17076],[-3.57933,37.17077],[-3.57943,37.17083],[-3.57945,37.17081]]]}},{"type":"Feature","properties":{"name":"","kind":"park","road":"","osm":1191661011},"geometry":{"type":"Polygon","coordinates":[[[-3.57946,37.17076],[-3.57946,37.17078],[-3.57946,37.17079],[-3.57936,37.17074],[-3.57938,37.17072],[-3.57946,37.17076]]]}},{"type":"Feature","properties":{"name":"","kind":"park","road":"","osm":1191661012},"geometry":{"type":"Polygon","coordinates":[[[-3.57948,37.17074],[-3.57939,37.17069],[-3.57941,37.17067],[-3.57951,37.17072],[-3.5795,37.17073],[-3.57948,37.17074]]]}},{"type":"Feature","properties":{"name":"","kind":"park","road":"","osm":1203369525},"geometry":{"type":"Polygon","coordinates":[[[-3.61498,37.17913],[-3.61492,37.17915],[-3.61488,37.1791],[-3.61491,37.17911],[-3.61495,37.17911],[-3.61496,37.17912],[-3.61497,37.17912],[-3.61498,37.17913]]]}},{"type":"Feature","properties":{"name":"","kind":"park","road":"","osm":1203369526},"geometry":{"type":"Polygon","coordinates":[[[-3.61473,37.17873],[-3.61467,37.17876],[-3.61471,37.17882],[-3.61472,37.1788],[-3.61474,37.17877],[-3.61474,37.17876],[-3.61474,37.17875],[-3.61474,37.17874],[-3.61473,37.17873]]]}},{"type":"Feature","properties":{"name":"","kind":"park","road":"","osm":1203369527},"geometry":{"type":"Polygon","coordinates":[[[-3.61452,37.1787],[-3.61451,37.17871],[-3.6145,37.17872],[-3.61449,37.17873],[-3.61448,37.17873],[-3.61447,37.17873],[-3.61446,37.17873],[-3.61445,37.17873],[-3.61444,37.17873],[-3.61444,37.17872],[-3.61443,37.17872],[-3.61442,37.17871],[-3.61442,37.1787],[-3.61441,37.17869],[-3.61442,37.17868],[-3.61442,37.17867],[-3.61443,37.17866],[-3.61444,37.17865],[-3.61445,37.17865],[-3.61446,37.17864],[-3.61447,37.17864],[-3.61448,37.17865],[-3.61449,37.17865],[-3.6145,37.17865],[-3.61451,37.17866],[-3.61452,37.17867],[-3.61452,37.17868],[-3.61452,37.17869],[-3.61452,37.1787]]]}},{"type":"Feature","properties":{"name":"Camino de Ronda","kind":"road","road":"secondary","osm":1204142819},"geometry":{"type":"LineString","coordinates":[[-3.61485,37.18538],[-3.61476,37.18534]]}},{"type":"Feature","properties":{"name":"Calle Halcón","kind":"road","road":"secondary","osm":1204142820},"geometry":{"type":"LineString","coordinates":[[-3.61465,37.18537],[-3.61467,37.18539],[-3.61472,37.18541],[-3.61476,37.18541]]}},{"type":"Feature","properties":{"name":"Calle Halcón","kind":"road","road":"secondary","osm":1204142821},"geometry":{"type":"LineString","coordinates":[[-3.61476,37.18534],[-3.61469,37.18534],[-3.61465,37.18537]]}},{"type":"Feature","properties":{"name":"Camino de Ronda","kind":"road","road":"primary","osm":1204142822},"geometry":{"type":"LineString","coordinates":[[-3.61476,37.18534],[-3.61476,37.18541]]}},{"type":"Feature","properties":{"name":"Calle Alondra","kind":"road","road":"secondary","osm":1204142823},"geometry":{"type":"LineString","coordinates":[[-3.61376,37.18531],[-3.61371,37.18524]]}},{"type":"Feature","properties":{"name":"Calle Alondra","kind":"road","road":"secondary","osm":1204142824},"geometry":{"type":"LineString","coordinates":[[-3.61376,37.18531],[-3.61387,37.18527]]}},{"type":"Feature","properties":{"name":"Calle Halcón","kind":"road","road":"secondary","osm":1204142825},"geometry":{"type":"LineString","coordinates":[[-3.61387,37.18527],[-3.61385,37.18526],[-3.61371,37.18524]]}},{"type":"Feature","properties":{"name":"","kind":"park","road":"","osm":1204142835},"geometry":{"type":"Polygon","coordinates":[[[-3.61387,37.18588],[-3.61372,37.18585],[-3.61375,37.18577],[-3.6138,37.18577],[-3.6139,37.1858],[-3.61387,37.18588]]]}},{"type":"Feature","properties":{"name":"","kind":"park","road":"","osm":1204142836},"geometry":{"type":"Polygon","coordinates":[[[-3.61386,37.18592],[-3.61379,37.1861],[-3.61365,37.18608],[-3.61371,37.18589],[-3.61386,37.18592]]]}},{"type":"Feature","properties":{"name":"","kind":"park","road":"","osm":1205289968},"geometry":{"type":"Polygon","coordinates":[[[-3.61207,37.17739],[-3.61211,37.17745],[-3.61225,37.1774],[-3.61224,37.1774],[-3.61223,37.1774],[-3.61222,37.1774],[-3.61221,37.17739],[-3.6122,37.17739],[-3.61219,37.17739],[-3.61218,37.17739],[-3.61217,37.17739],[-3.61216,37.17739],[-3.61215,37.17738],[-3.61214,37.17738],[-3.61213,37.17738],[-3.61212,37.17738],[-3.61211,37.17738],[-3.6121,37.17738],[-3.61209,37.17738],[-3.61208,37.17738],[-3.61207,37.17739]]]}},{"type":"Feature","properties":{"name":"","kind":"park","road":"","osm":1215251502},"geometry":{"type":"Polygon","coordinates":[[[-3.61854,37.18631],[-3.61854,37.18639],[-3.61852,37.18639],[-3.61851,37.18631],[-3.61854,37.18631]]]}},{"type":"Feature","properties":{"name":"","kind":"park","road":"","osm":1215251503},"geometry":{"type":"Polygon","coordinates":[[[-3.61855,37.18643],[-3.61855,37.18651],[-3.61853,37.18651],[-3.61852,37.18643],[-3.61855,37.18643]]]}},{"type":"Feature","properties":{"name":"","kind":"park","road":"","osm":1215251504},"geometry":{"type":"Polygon","coordinates":[[[-3.61838,37.18628],[-3.61839,37.1864],[-3.61836,37.1864],[-3.61835,37.18628],[-3.61838,37.18628]]]}},{"type":"Feature","properties":{"name":"","kind":"park","road":"","osm":1215251505},"geometry":{"type":"Polygon","coordinates":[[[-3.61839,37.18643],[-3.6184,37.18652],[-3.61837,37.18652],[-3.61837,37.18643],[-3.61839,37.18643]]]}},{"type":"Feature","properties":{"name":"","kind":"park","road":"","osm":1215251513},"geometry":{"type":"Polygon","coordinates":[[[-3.61887,37.187],[-3.61868,37.18701],[-3.61868,37.187],[-3.61887,37.18699],[-3.61887,37.187]]]}},{"type":"Feature","properties":{"name":"","kind":"road","road":"pedestrian","osm":1215251552},"geometry":{"type":"LineString","coordinates":[[-3.61882,37.18623],[-3.61885,37.18615],[-3.61893,37.18592],[-3.61896,37.18593],[-3.61912,37.18596],[-3.61908,37.18607],[-3.62204,37.18667],[-3.62197,37.18687],[-3.62195,37.18687],[-3.62047,37.18657],[-3.619,37.18627],[-3.61882,37.18623]]}},{"type":"Feature","properties":{"name":"","kind":"park","road":"","osm":1223183301},"geometry":{"type":"Polygon","coordinates":[[[-3.59202,37.18116],[-3.59201,37.18121],[-3.59199,37.18121],[-3.59197,37.1812],[-3.59198,37.18116],[-3.59202,37.18116]]]}},{"type":"Feature","properties":{"name":"","kind":"park","road":"","osm":1223183302},"geometry":{"type":"Polygon","coordinates":[[[-3.59196,37.18116],[-3.59195,37.1812],[-3.59194,37.1812],[-3.59194,37.18121],[-3.59191,37.18121],[-3.59191,37.18116],[-3.59196,37.18116]]]}},{"type":"Feature","properties":{"name":"","kind":"park","road":"","osm":1223183303},"geometry":{"type":"Polygon","coordinates":[[[-3.59188,37.18117],[-3.59188,37.18119],[-3.59187,37.1812],[-3.59187,37.18122],[-3.59189,37.18123],[-3.59194,37.18124],[-3.59193,37.18128],[-3.59186,37.18127],[-3.59183,37.18117],[-3.59188,37.18117]]]}},{"type":"Feature","properties":{"name":"","kind":"park","road":"","osm":1223183304},"geometry":{"type":"Polygon","coordinates":[[[-3.59201,37.18124],[-3.592,37.18126],[-3.59196,37.18125],[-3.59198,37.18124],[-3.59201,37.18124]]]}},{"type":"Feature","properties":{"name":"","kind":"park","road":"","osm":1223183305},"geometry":{"type":"Polygon","coordinates":[[[-3.59216,37.18125],[-3.59213,37.18126],[-3.59212,37.18123],[-3.59213,37.18123],[-3.59213,37.18121],[-3.59214,37.1812],[-3.59213,37.1812],[-3.59212,37.18119],[-3.59211,37.18119],[-3.5921,37.18117],[-3.59214,37.18116],[-3.59215,37.18117],[-3.59214,37.18117],[-3.59216,37.18125]]]}},{"type":"Feature","properties":{"name":"","kind":"park","road":"","osm":1223183306},"geometry":{"type":"Polygon","coordinates":[[[-3.59211,37.18126],[-3.59209,37.18126],[-3.59204,37.18126],[-3.59205,37.18117],[-3.59208,37.18117],[-3.59209,37.18119],[-3.59207,37.18119],[-3.59208,37.18121],[-3.59207,37.18122],[-3.59208,37.18122],[-3.59208,37.18124],[-3.5921,37.18123],[-3.59211,37.18126]]]}},{"type":"Feature","properties":{"name":"","kind":"park","road":"","osm":1225396825},"geometry":{"type":"Polygon","coordinates":[[[-3.60892,37.16456],[-3.60894,37.1646],[-3.60893,37.16463],[-3.60891,37.16465],[-3.60877,37.1647],[-3.60873,37.1647],[-3.6087,37.16469],[-3.60868,37.16466],[-3.60892,37.16456]]]}},{"type":"Feature","properties":{"name":"","kind":"park","road":"","osm":1225396826},"geometry":{"type":"Polygon","coordinates":[[[-3.60861,37.16468],[-3.60863,37.16472],[-3.60862,37.16475],[-3.6086,37.16477],[-3.60846,37.16482],[-3.60843,37.16482],[-3.6084,37.16481],[-3.60837,37.16477],[-3.60861,37.16468]]]}},{"type":"Feature","properties":{"name":"","kind":"park","road":"","osm":1225396827},"geometry":{"type":"Polygon","coordinates":[[[-3.60832,37.16479],[-3.60835,37.16483],[-3.60834,37.16486],[-3.60832,37.16488],[-3.60817,37.16494],[-3.60813,37.16493],[-3.6081,37.16492],[-3.60808,37.16489],[-3.60832,37.16479]]]}},{"type":"Feature","properties":{"name":"","kind":"park","road":"","osm":1225396828},"geometry":{"type":"Polygon","coordinates":[[[-3.60903,37.16474],[-3.60901,37.1647],[-3.60898,37.16469],[-3.60895,37.16469],[-3.6088,37.16475],[-3.60877,37.16477],[-3.60877,37.1648],[-3.60879,37.16483],[-3.60903,37.16474]]]}},{"type":"Feature","properties":{"name":"","kind":"park","road":"","osm":1225396829},"geometry":{"type":"Polygon","coordinates":[[[-3.60872,37.16486],[-3.6087,37.16482],[-3.60866,37.16481],[-3.60863,37.16481],[-3.60849,37.16487],[-3.60847,37.16489],[-3.60846,37.16492],[-3.60848,37.16495],[-3.60872,37.16486]]]}},{"type":"Feature","properties":{"name":"","kind":"park","road":"","osm":1225396830},"geometry":{"type":"Polygon","coordinates":[[[-3.60843,37.16497],[-3.60841,37.16493],[-3.60838,37.16492],[-3.60834,37.16493],[-3.6082,37.16498],[-3.60817,37.165],[-3.60817,37.16503],[-3.60819,37.16506],[-3.60843,37.16497]]]}},{"type":"Feature","properties":{"name":"","kind":"park","road":"","osm":1225396831},"geometry":{"type":"Polygon","coordinates":[[[-3.60793,37.16494],[-3.60796,37.16498],[-3.60795,37.16501],[-3.60793,37.16503],[-3.60776,37.16509],[-3.60773,37.16509],[-3.60771,37.16508],[-3.60769,37.16504],[-3.60793,37.16494]]]}},{"type":"Feature","properties":{"name":"","kind":"park","road":"","osm":1225396832},"geometry":{"type":"Polygon","coordinates":[[[-3.60761,37.16507],[-3.60763,37.1651],[-3.60763,37.16513],[-3.60761,37.16515],[-3.60744,37.16522],[-3.60741,37.16521],[-3.60738,37.1652],[-3.60736,37.16516],[-3.60761,37.16507]]]}},{"type":"Feature","properties":{"name":"","kind":"park","road":"","osm":1225396833},"geometry":{"type":"Polygon","coordinates":[[[-3.60772,37.16525],[-3.6077,37.16521],[-3.60767,37.1652],[-3.60764,37.1652],[-3.60747,37.16526],[-3.60745,37.16529],[-3.60745,37.16531],[-3.60747,37.16534],[-3.60772,37.16525]]]}},{"type":"Feature","properties":{"name":"","kind":"park","road":"","osm":1225396834},"geometry":{"type":"Polygon","coordinates":[[[-3.60804,37.16512],[-3.60802,37.16509],[-3.608,37.16508],[-3.60797,37.16507],[-3.60779,37.16514],[-3.60778,37.16516],[-3.60777,37.16519],[-3.60779,37.16522],[-3.60804,37.16512]]]}},{"type":"Feature","properties":{"name":"","kind":"park","road":"","osm":1225396835},"geometry":{"type":"Polygon","coordinates":[[[-3.60721,37.16546],[-3.60688,37.16558],[-3.60684,37.16551],[-3.60716,37.16539],[-3.60721,37.16546]]]}},{"type":"Feature","properties":{"name":"","kind":"park","road":"","osm":1225396836},"geometry":{"type":"Polygon","coordinates":[[[-3.60713,37.16534],[-3.60681,37.16546],[-3.60677,37.16539],[-3.60709,37.16527],[-3.60713,37.16534]]]}},{"type":"Feature","properties":{"name":"","kind":"park","road":"","osm":1225396837},"geometry":{"type":"Polygon","coordinates":[[[-3.60675,37.16548],[-3.60645,37.1656],[-3.60641,37.16553],[-3.60671,37.16541],[-3.60675,37.16548]]]}},{"type":"Feature","properties":{"name":"","kind":"park","road":"","osm":1225396838},"geometry":{"type":"Polygon","coordinates":[[[-3.60678,37.16553],[-3.60682,37.16561],[-3.60652,37.16572],[-3.60648,37.16565],[-3.60678,37.16553]]]}},{"type":"Feature","properties":{"name":"","kind":"park","road":"","osm":1225396839},"geometry":{"type":"Polygon","coordinates":[[[-3.60629,37.16572],[-3.60633,37.16579],[-3.60594,37.16594],[-3.6059,37.16587],[-3.60629,37.16572]]]}},{"type":"Feature","properties":{"name":"","kind":"park","road":"","osm":1225396840},"geometry":{"type":"Polygon","coordinates":[[[-3.60621,37.16561],[-3.60625,37.16567],[-3.60587,37.16582],[-3.60583,37.16575],[-3.60621,37.16561]]]}},{"type":"Feature","properties":{"name":"","kind":"park","road":"","osm":1225396841},"geometry":{"type":"Polygon","coordinates":[[[-3.60577,37.16578],[-3.60581,37.16584],[-3.60555,37.16594],[-3.60551,37.16588],[-3.60577,37.16578]]]}},{"type":"Feature","properties":{"name":"","kind":"park","road":"","osm":1225396842},"geometry":{"type":"Polygon","coordinates":[[[-3.60584,37.1659],[-3.60588,37.16596],[-3.60562,37.16606],[-3.60558,37.166],[-3.60584,37.1659]]]}},{"type":"Feature","properties":{"name":"","kind":"park","road":"","osm":1225396843},"geometry":{"type":"Polygon","coordinates":[[[-3.60552,37.16602],[-3.60556,37.16609],[-3.60516,37.16624],[-3.60512,37.16617],[-3.60552,37.16602]]]}},{"type":"Feature","properties":{"name":"","kind":"park","road":"","osm":1225396844},"geometry":{"type":"Polygon","coordinates":[[[-3.60545,37.1659],[-3.60549,37.16596],[-3.60509,37.16612],[-3.60505,37.16605],[-3.60545,37.1659]]]}},{"type":"Feature","properties":{"name":"","kind":"park","road":"","osm":1225396845},"geometry":{"type":"Polygon","coordinates":[[[-3.60619,37.16615],[-3.60608,37.1662],[-3.60597,37.16601],[-3.60608,37.16597],[-3.60619,37.16615]]]}},{"type":"Feature","properties":{"name":"","kind":"park","road":"","osm":1225396846},"geometry":{"type":"Polygon","coordinates":[[[-3.60635,37.16641],[-3.60624,37.16645],[-3.60612,37.16627],[-3.60623,37.16623],[-3.60635,37.16641]]]}},{"type":"Feature","properties":{"name":"","kind":"park","road":"","osm":1225396847},"geometry":{"type":"Polygon","coordinates":[[[-3.60584,37.16645],[-3.60575,37.16649],[-3.60555,37.16617],[-3.60565,37.16613],[-3.60584,37.16645]]]}},{"type":"Feature","properties":{"name":"","kind":"park","road":"","osm":1225396848},"geometry":{"type":"Polygon","coordinates":[[[-3.60603,37.16673],[-3.60613,37.16688],[-3.6061,37.1669],[-3.606,37.16674],[-3.60603,37.16673]]]}},{"type":"Feature","properties":{"name":"","kind":"park","road":"","osm":1225396849},"geometry":{"type":"Polygon","coordinates":[[[-3.60625,37.16649],[-3.60631,37.16659],[-3.60604,37.16669],[-3.60598,37.16659],[-3.60625,37.16649]]]}},{"type":"Feature","properties":{"name":"","kind":"park","road":"","osm":1225396850},"geometry":{"type":"Polygon","coordinates":[[[-3.60602,37.1667],[-3.60599,37.16671],[-3.60593,37.16661],[-3.60596,37.1666],[-3.60602,37.1667]]]}},{"type":"Feature","properties":{"name":"","kind":"park","road":"","osm":1225396851},"geometry":{"type":"Polygon","coordinates":[[[-3.60656,37.16637],[-3.60661,37.16647],[-3.60635,37.16657],[-3.60629,37.16647],[-3.60656,37.16637]]]}},{"type":"Feature","properties":{"name":"","kind":"park","road":"","osm":1225396852},"geometry":{"type":"Polygon","coordinates":[[[-3.60667,37.16638],[-3.60677,37.16654],[-3.6067,37.16656],[-3.60661,37.1664],[-3.60667,37.16638]]]}},{"type":"Feature","properties":{"name":"","kind":"park","road":"","osm":1225396853},"geometry":{"type":"Polygon","coordinates":[[[-3.60541,37.16665],[-3.60585,37.16648],[-3.60591,37.16658],[-3.60586,37.16659],[-3.60591,37.16666],[-3.60551,37.1667],[-3.60548,37.16671],[-3.60546,37.16674],[-3.60541,37.16665]]]}},{"type":"Feature","properties":{"name":"","kind":"park","road":"","osm":1225396854},"geometry":{"type":"Polygon","coordinates":[[[-3.60714,37.16556],[-3.6072,37.16553],[-3.60723,37.16559],[-3.60726,37.16558],[-3.60753,37.16602],[-3.60749,37.16604],[-3.6075,37.16607],[-3.60747,37.16609],[-3.60749,37.16612],[-3.60723,37.16622],[-3.60721,37.16618],[-3.60688,37.1663],[-3.60687,37.16629],[-3.60738,37.1661],[-3.60741,37.16608],[-3.60742,37.16605],[-3.60741,37.16602],[-3.60714,37.16556]]]}},{"type":"Feature","properties":{"name":"","kind":"park","road":"","osm":1225396855},"geometry":{"type":"Polygon","coordinates":[[[-3.60674,37.16473],[-3.6068,37.16484],[-3.6065,37.16495],[-3.60643,37.16484],[-3.60674,37.16473]]]}},{"type":"Feature","properties":{"name":"","kind":"park","road":"","osm":1225396856},"geometry":{"type":"Polygon","coordinates":[[[-3.60637,37.16487],[-3.60644,37.16498],[-3.60617,37.16508],[-3.60611,37.16497],[-3.60637,37.16487]]]}},{"type":"Feature","properties":{"name":"","kind":"park","road":"","osm":1225396857},"geometry":{"type":"Polygon","coordinates":[[[-3.60656,37.16496],[-3.60666,37.16513],[-3.60652,37.16518],[-3.60642,37.16502],[-3.60656,37.16496]]]}},{"type":"Feature","properties":{"name":"","kind":"park","road":"","osm":1225396858},"geometry":{"type":"Polygon","coordinates":[[[-3.60667,37.16515],[-3.60677,37.16532],[-3.60663,37.16537],[-3.60654,37.1652],[-3.60667,37.16515]]]}},{"type":"Feature","properties":{"name":"","kind":"park","road":"","osm":1225396859},"geometry":{"type":"Polygon","coordinates":[[[-3.60544,37.16555],[-3.60557,37.16577],[-3.60545,37.16581],[-3.60532,37.16559],[-3.60544,37.16555]]]}},{"type":"Feature","properties":{"name":"","kind":"park","road":"","osm":1225396860},"geometry":{"type":"Polygon","coordinates":[[[-3.60522,37.1652],[-3.60533,37.16538],[-3.60522,37.16543],[-3.60514,37.1653],[-3.60515,37.16529],[-3.60512,37.16524],[-3.60522,37.1652]]]}},{"type":"Feature","properties":{"name":"","kind":"park","road":"","osm":1225396861},"geometry":{"type":"Polygon","coordinates":[[[-3.60535,37.16542],[-3.60541,37.16551],[-3.6053,37.16556],[-3.60524,37.16546],[-3.60535,37.16542]]]}},{"type":"Feature","properties":{"name":"","kind":"park","road":"","osm":1225396862},"geometry":{"type":"Polygon","coordinates":[[[-3.60563,37.16531],[-3.60569,37.16541],[-3.60546,37.1655],[-3.6054,37.1654],[-3.60563,37.16531]]]}},{"type":"Feature","properties":{"name":"","kind":"park","road":"","osm":1225396863},"geometry":{"type":"Polygon","coordinates":[[[-3.60591,37.1652],[-3.60597,37.1653],[-3.60578,37.16537],[-3.60572,37.16527],[-3.60591,37.1652]]]}},{"type":"Feature","properties":{"name":"","kind":"park","road":"","osm":1225396864},"geometry":{"type":"Polygon","coordinates":[[[-3.60519,37.16548],[-3.60525,37.16557],[-3.60508,37.16564],[-3.60502,37.16554],[-3.60519,37.16548]]]}},{"type":"Feature","properties":{"name":"","kind":"park","road":"","osm":1225396865},"geometry":{"type":"Polygon","coordinates":[[[-3.60498,37.16556],[-3.60504,37.16566],[-3.6049,37.16571],[-3.60484,37.16562],[-3.60498,37.16556]]]}},{"type":"Feature","properties":{"name":"","kind":"park","road":"","osm":1225396866},"geometry":{"type":"Polygon","coordinates":[[[-3.60486,37.16615],[-3.60466,37.16622],[-3.60464,37.16619],[-3.60467,37.16611],[-3.6048,37.16606],[-3.60486,37.16615]]]}},{"type":"Feature","properties":{"name":"","kind":"park","road":"","osm":1225396867},"geometry":{"type":"Polygon","coordinates":[[[-3.60438,37.16622],[-3.60458,37.16614],[-3.6046,37.16618],[-3.60456,37.16626],[-3.60444,37.16631],[-3.60439,37.16623],[-3.60438,37.16622]]]}},{"type":"Feature","properties":{"name":"Jardines de López Font","kind":"park","road":"","osm":1225396874},"geometry":{"type":"Polygon","coordinates":[[[-3.60434,37.16617],[-3.60438,37.16622],[-3.60439,37.16623],[-3.60409,37.16631],[-3.60413,37.16655],[-3.60382,37.16657],[-3.60367,37.16632],[-3.60363,37.16626],[-3.60364,37.16625],[-3.60376,37.16621],[-3.60404,37.16609],[-3.60409,37.16617],[-3.60434,37.16617]]]}},{"type":"Feature","properties":{"name":"","kind":"park","road":"","osm":1255242566},"geometry":{"type":"Polygon","coordinates":[[[-3.59738,37.17479],[-3.5972,37.1748],[-3.59718,37.17468],[-3.59734,37.17467],[-3.59734,37.17464],[-3.59745,37.17465],[-3.59745,37.17457],[-3.59752,37.17457],[-3.59758,37.17455],[-3.59761,37.17465],[-3.59766,37.17464],[-3.59766,37.17465],[-3.59767,37.17468],[-3.59765,37.17469],[-3.59765,37.1748],[-3.59749,37.17479],[-3.59738,37.17478],[-3.59738,37.17479]]]}},{"type":"Feature","properties":{"name":"","kind":"park","road":"","osm":1255242567},"geometry":{"type":"Polygon","coordinates":[[[-3.59742,37.17486],[-3.59742,37.17498],[-3.59742,37.175],[-3.5973,37.175],[-3.5973,37.17496],[-3.59724,37.17496],[-3.59722,37.17487],[-3.59726,37.17487],[-3.59742,37.17486]]]}},{"type":"Feature","properties":{"name":"Carretera de Málaga","kind":"road","road":"primary","osm":1286513332},"geometry":{"type":"LineString","coordinates":[[-3.61504,37.18837],[-3.61513,37.18838],[-3.61519,37.18839],[-3.61531,37.1884]]}},{"type":"Feature","properties":{"name":"Carretera de Málaga","kind":"road","road":"primary","osm":1286513333},"geometry":{"type":"LineString","coordinates":[[-3.61543,37.18843],[-3.61531,37.1884]]}},{"type":"Feature","properties":{"name":"","kind":"park","road":"","osm":1292316730},"geometry":{"type":"Polygon","coordinates":[[[-3.61585,37.18492],[-3.61611,37.18507],[-3.61613,37.1851],[-3.61593,37.18505],[-3.61596,37.18502],[-3.61591,37.185],[-3.6159,37.18502],[-3.61586,37.18499],[-3.61587,37.18498],[-3.61585,37.18497],[-3.61584,37.18498],[-3.61581,37.18497],[-3.61585,37.18492]]]}},{"type":"Feature","properties":{"name":"Calle Labella Dávalos","kind":"road","road":"tertiary","osm":1307965451},"geometry":{"type":"LineString","coordinates":[[-3.60162,37.18947],[-3.60169,37.18946],[-3.60194,37.18945],[-3.60219,37.18938],[-3.60221,37.18938],[-3.60227,37.18936]]}},{"type":"Feature","properties":{"name":"Calle García Morato","kind":"road","road":"tertiary","osm":1307965452},"geometry":{"type":"LineString","coordinates":[[-3.60162,37.18947],[-3.60162,37.1894],[-3.60155,37.18878],[-3.60154,37.18873]]}},{"type":"Feature","properties":{"name":"Calle Labella Dávalos","kind":"road","road":"tertiary","osm":1307965453},"geometry":{"type":"LineString","coordinates":[[-3.60118,37.18949],[-3.60123,37.18949],[-3.60157,37.18947],[-3.60162,37.18947]]}},{"type":"Feature","properties":{"name":"Jardines del Carmen de las Tomasas","kind":"park","road":"","osm":1320828811},"geometry":{"type":"Polygon","coordinates":[[[-3.59109,37.1807],[-3.59101,37.18042],[-3.59079,37.18051],[-3.59054,37.18061],[-3.59036,37.18066],[-3.5904,37.18082],[-3.59042,37.18086],[-3.59046,37.1809],[-3.59052,37.18097],[-3.59072,37.18094],[-3.59071,37.18092],[-3.59067,37.1808],[-3.59076,37.18078],[-3.59082,37.18077],[-3.59093,37.18075],[-3.59107,37.18071],[-3.59109,37.1807]]]}},{"type":"Feature","properties":{"name":"Jardines del Carmen de los Cipreses","kind":"park","road":"","osm":1321138787},"geometry":{"type":"Polygon","coordinates":[[[-3.59489,37.17872],[-3.59487,37.17871],[-3.59491,37.1787],[-3.59488,37.17865],[-3.59485,37.1786],[-3.5949,37.17858],[-3.59493,37.17857],[-3.59492,37.17854],[-3.59499,37.17851],[-3.59504,37.17849],[-3.59503,37.17849],[-3.595,37.17845],[-3.59493,37.17848],[-3.59493,37.17847],[-3.59484,37.17851],[-3.59482,37.17848],[-3.59475,37.17849],[-3.59458,37.17855],[-3.59447,37.17862],[-3.5943,37.17876],[-3.59423,37.17882],[-3.59428,37.17888],[-3.59432,37.17885],[-3.59436,37.17882],[-3.59437,37.17881],[-3.59433,37.17878],[-3.59438,37.17874],[-3.5944,37.17876],[-3.59443,37.17873],[-3.59445,37.17874],[-3.59447,37.17874],[-3.59452,37.17878],[-3.59454,37.17878],[-3.59456,37.17877],[-3.59458,37.17876],[-3.59459,37.17875],[-3.5946,37.17878],[-3.59465,37.17876],[-3.59469,37.17874],[-3.59472,37.17878],[-3.59476,37.17884],[-3.59489,37.17872]]]}},{"type":"Feature","properties":{"name":"Camino de Ronda","kind":"road","road":"primary","osm":1325622111},"geometry":{"type":"LineString","coordinates":[[-3.61299,37.18202],[-3.61305,37.18211],[-3.61329,37.18251],[-3.61348,37.18283],[-3.6135,37.18286],[-3.61358,37.18298]]}},{"type":"Feature","properties":{"name":"","kind":"park","road":"","osm":1332814947},"geometry":{"type":"Polygon","coordinates":[[[-3.6052,37.17733],[-3.60527,37.17743],[-3.60519,37.17742],[-3.60518,37.17741],[-3.60517,37.1774],[-3.6052,37.17733]]]}},{"type":"Feature","properties":{"name":"","kind":"park","road":"","osm":1332814948},"geometry":{"type":"Polygon","coordinates":[[[-3.60527,37.17744],[-3.6051,37.17756],[-3.60513,37.17748],[-3.60514,37.17748],[-3.60515,37.17748],[-3.60517,37.17747],[-3.60518,37.17745],[-3.60519,37.17744],[-3.60527,37.17744]]]}},{"type":"Feature","properties":{"name":"","kind":"park","road":"","osm":1332814949},"geometry":{"type":"Polygon","coordinates":[[[-3.60508,37.17756],[-3.60498,37.17742],[-3.60507,37.17743],[-3.60507,37.17744],[-3.60507,37.17745],[-3.60507,37.17746],[-3.60508,37.17747],[-3.60509,37.17747],[-3.6051,37.17748],[-3.60508,37.17756]]]}},{"type":"Feature","properties":{"name":"","kind":"park","road":"","osm":1332814950},"geometry":{"type":"Polygon","coordinates":[[[-3.60507,37.17737],[-3.60509,37.1774],[-3.60508,37.1774],[-3.60507,37.17741],[-3.60499,37.17741],[-3.60507,37.17737]]]}},{"type":"Feature","properties":{"name":"","kind":"park","road":"","osm":1332814951},"geometry":{"type":"Polygon","coordinates":[[[-3.60517,37.17733],[-3.60514,37.17739],[-3.60513,37.17738],[-3.60511,37.17739],[-3.60509,37.17736],[-3.60517,37.17733]]]}},{"type":"Feature","properties":{"name":"Plaza del Humilladero","kind":"park","road":"","osm":1333287470},"geometry":{"type":"Polygon","coordinates":[[[-3.59662,37.16913],[-3.59633,37.16927],[-3.59627,37.16928],[-3.59623,37.16927],[-3.5962,37.16925],[-3.59619,37.16923],[-3.59619,37.16919],[-3.59621,37.16916],[-3.5963,37.16907],[-3.59634,37.16901],[-3.59639,37.16894],[-3.59639,37.16886],[-3.59641,37.16881],[-3.59662,37.16913]]]}},{"type":"Feature","properties":{"name":"Río Genil","kind":"river","road":"","osm":1339291180},"geometry":{"type":"LineString","coordinates":[[-3.53331,37.15524],[-3.53379,37.15542],[-3.53432,37.15563],[-3.53539,37.15565],[-3.53648,37.15547],[-3.53724,37.15528],[-3.53721,37.15537],[-3.53725,37.15544],[-3.53729,37.15543],[-3.53752,37.15537],[-3.53825,37.15527],[-3.5403,37.15539],[-3.54063,37.1553],[-3.54132,37.1554],[-3.54184,37.15546],[-3.5421,37.15554],[-3.5427,37.15569],[-3.54332,37.15572],[-3.54351,37.15575],[-3.54451,37.15606],[-3.54475,37.15618],[-3.54547,37.15632],[-3.54586,37.15648],[-3.54651,37.15669],[-3.54664,37.15674],[-3.54706,37.1569],[-3.5476,37.1571],[-3.54783,37.1572],[-3.54788,37.15722],[-3.54835,37.15742],[-3.54908,37.15772],[-3.55067,37.15824],[-3.55109,37.15838],[-3.55218,37.15859],[-3.55358,37.15886],[-3.55576,37.15955],[-3.55713,37.15998],[-3.55818,37.16021],[-3.55971,37.16067],[-3.56013,37.16076],[-3.56076,37.16091],[-3.56211,37.16117],[-3.56328,37.16128],[-3.5643,37.16123],[-3.56548,37.16106],[-3.56591,37.16103],[-3.56632,37.16103],[-3.56701,37.16108],[-3.5675,37.16116],[-3.56812,37.16123],[-3.56833,37.16127],[-3.56877,37.16136],[-3.56985,37.16163],[-3.57066,37.16183],[-3.57116,37.16197],[-3.57159,37.16201],[-3.57201,37.16214],[-3.57264,37.16228],[-3.5735,37.1625],[-3.57371,37.16253],[-3.57412,37.16272],[-3.57446,37.16278],[-3.5746,37.16282],[-3.57538,37.16296]]}},{"type":"Feature","properties":{"name":"Camino Real de los Neveros","kind":"road","road":"secondary","osm":1354384885},"geometry":{"type":"LineString","coordinates":[[-3.5866,37.16288],[-3.58664,37.16294],[-3.58669,37.16298],[-3.58675,37.16302],[-3.58683,37.16306],[-3.58686,37.16307],[-3.5869,37.16308],[-3.58703,37.16309]]}},{"type":"Feature","properties":{"name":"Paseo de los Basilios","kind":"road","road":"secondary","osm":1360052416},"geometry":{"type":"LineString","coordinates":[[-3.59121,37.16819],[-3.59098,37.16804],[-3.59051,37.16772],[-3.58994,37.16735],[-3.58972,37.1672],[-3.5897,37.16719],[-3.58958,37.16711]]}},{"type":"Feature","properties":{"name":"Calle Ángel Ganivet","kind":"road","road":"tertiary","osm":1360053236},"geometry":{"type":"LineString","coordinates":[[-3.59935,37.17345],[-3.59929,37.17343],[-3.59874,37.1732],[-3.5984,37.17305]]}},{"type":"Feature","properties":{"name":"Calle Ángel Ganivet","kind":"road","road":"tertiary","osm":1360053361},"geometry":{"type":"LineString","coordinates":[[-3.5984,37.17305],[-3.59819,37.17296]]}},{"type":"Feature","properties":{"name":"Calle Arabial","kind":"road","road":"primary","osm":1360966910},"geometry":{"type":"LineString","coordinates":[[-3.61102,37.17608],[-3.61106,37.17614],[-3.61108,37.17617],[-3.61129,37.17652],[-3.61136,37.17662],[-3.61138,37.17665],[-3.61152,37.17689]]}},{"type":"Feature","properties":{"name":"Calle Arabial","kind":"road","road":"primary","osm":1360966915},"geometry":{"type":"LineString","coordinates":[[-3.61152,37.17689],[-3.61171,37.17719],[-3.61172,37.17722],[-3.61178,37.17731],[-3.61181,37.17735]]}},{"type":"Feature","properties":{"name":"Calle Misericordia","kind":"road","road":"pedestrian","osm":1364052258},"geometry":{"type":"LineString","coordinates":[[-3.60342,37.17758],[-3.60319,37.17727]]}},{"type":"Feature","properties":{"name":"Plaza de los Lobos","kind":"road","road":"pedestrian","osm":1364052260},"geometry":{"type":"LineString","coordinates":[[-3.60297,37.17739],[-3.60301,37.17735],[-3.60313,37.17729],[-3.60319,37.17727]]}},{"type":"Feature","properties":{"name":"","kind":"road","road":"primary","osm":1364475979},"geometry":{"type":"LineString","coordinates":[[-3.61502,37.17937],[-3.615,37.17938]]}},{"type":"Feature","properties":{"name":"","kind":"road","road":"primary","osm":1364475980},"geometry":{"type":"LineString","coordinates":[[-3.615,37.17938],[-3.61499,37.17939],[-3.61499,37.1794],[-3.61498,37.17941],[-3.61499,37.17943],[-3.61499,37.17944],[-3.615,37.17945],[-3.61501,37.17946],[-3.61503,37.17947],[-3.61504,37.17948],[-3.61506,37.17949],[-3.61523,37.17955]]}},{"type":"Feature","properties":{"name":"","kind":"road","road":"primary","osm":1364475981},"geometry":{"type":"LineString","coordinates":[[-3.61536,37.1795],[-3.61536,37.17949],[-3.61536,37.17947]]}},{"type":"Feature","properties":{"name":"Río Darro","kind":"river","road":"","osm":1364489525},"geometry":{"type":"LineString","coordinates":[[-3.58827,37.17918],[-3.58833,37.17915],[-3.58856,37.17903],[-3.58875,37.17895],[-3.589,37.1788],[-3.58924,37.17869],[-3.5895,37.17861],[-3.58972,37.17856],[-3.58995,37.17855],[-3.5902,37.17854],[-3.59042,37.17856],[-3.59053,37.17855],[-3.59067,37.17853],[-3.59085,37.17845],[-3.5911,37.17835],[-3.59131,37.17832],[-3.59167,37.17834],[-3.59184,37.17842],[-3.5921,37.17849],[-3.59254,37.17841],[-3.59293,37.1782],[-3.5931,37.17812],[-3.59321,37.17807],[-3.5935,37.17798],[-3.59373,37.17795],[-3.59413,37.17784],[-3.59449,37.17765],[-3.59491,37.17737]]}},{"type":"Feature","properties":{"name":"","kind":"road","road":"secondary","osm":1364489529},"geometry":{"type":"LineString","coordinates":[[-3.5964,37.17648],[-3.59638,37.17646]]}},{"type":"Feature","properties":{"name":"Calle Elvira","kind":"road","road":"secondary","osm":1364489532},"geometry":{"type":"LineString","coordinates":[[-3.59957,37.18215],[-3.59941,37.18214],[-3.59938,37.18213]]}},{"type":"Feature","properties":{"name":"Calle Lavadero de Mendéz","kind":"road","road":"pedestrian","osm":1364489536},"geometry":{"type":"LineString","coordinates":[[-3.59509,37.18279],[-3.59511,37.18276],[-3.59558,37.1826],[-3.59568,37.18255],[-3.59575,37.18254]]}},{"type":"Feature","properties":{"name":"Carretera de Murcia","kind":"road","road":"secondary","osm":1364489537},"geometry":{"type":"LineString","coordinates":[[-3.59597,37.18331],[-3.59591,37.1834],[-3.59583,37.18355],[-3.59577,37.18365],[-3.59572,37.18371],[-3.5957,37.18373],[-3.59567,37.18376],[-3.59564,37.18378],[-3.59562,37.1838],[-3.59537,37.18397],[-3.59534,37.18398],[-3.59514,37.18411],[-3.59506,37.18414],[-3.59497,37.18417],[-3.59487,37.18419],[-3.59457,37.18423],[-3.59446,37.18425],[-3.59437,37.18427],[-3.59418,37.18433]]}},{"type":"Feature","properties":{"name":"Calle Trajano","kind":"road","road":"tertiary","osm":1365222779},"geometry":{"type":"LineString","coordinates":[[-3.60655,37.17496],[-3.60657,37.17499]]}},{"type":"Feature","properties":{"name":"Camino de Ronda","kind":"road","road":"secondary","osm":1365273781},"geometry":{"type":"LineString","coordinates":[[-3.61303,37.182],[-3.61299,37.18202]]}},{"type":"Feature","properties":{"name":"Calle Padre Marcelino Álvarez","kind":"road","road":"primary","osm":1365273782},"geometry":{"type":"LineString","coordinates":[[-3.61634,37.17984],[-3.616,37.17976]]}},{"type":"Feature","properties":{"name":"Calle Gabriel Miró","kind":"road","road":"secondary","osm":1365273784},"geometry":{"type":"LineString","coordinates":[[-3.61348,37.18298],[-3.61358,37.18298]]}},{"type":"Feature","properties":{"name":"Calle Maitena","kind":"road","road":"pedestrian","osm":1377509829},"geometry":{"type":"LineString","coordinates":[[-3.5825,37.16373],[-3.58247,37.1638]]}},{"type":"Feature","properties":{"name":"Calle Maitena","kind":"road","road":"pedestrian","osm":1377509830},"geometry":{"type":"LineString","coordinates":[[-3.58247,37.1638],[-3.58246,37.16384]]}},{"type":"Feature","properties":{"name":"Calle Cañaveral","kind":"road","road":"tertiary","osm":1390528829},"geometry":{"type":"LineString","coordinates":[[-3.61208,37.17851],[-3.61188,37.17844],[-3.61186,37.17843]]}},{"type":"Feature","properties":{"name":"Calle Santa Clotilde","kind":"road","road":"tertiary","osm":1390528830},"geometry":{"type":"LineString","coordinates":[[-3.61192,37.17854],[-3.61186,37.17843]]}},{"type":"Feature","properties":{"name":"Plaza del Duque de San Pedro de Galatino","kind":"road","road":"primary","osm":1415748610},"geometry":{"type":"LineString","coordinates":[[-3.58812,37.16768],[-3.58821,37.16772],[-3.58857,37.16789],[-3.5886,37.1679],[-3.58871,37.16795],[-3.58879,37.16795]]}},{"type":"Feature","properties":{"name":"Plaza del Duque de San Pedro de Galatino","kind":"road","road":"primary","osm":1415748654},"geometry":{"type":"LineString","coordinates":[[-3.58831,37.16743],[-3.58807,37.16733],[-3.5878,37.16721]]}},{"type":"Feature","properties":{"name":"Plaza del Duque de San Pedro de Galatino","kind":"road","road":"primary","osm":1415748677},"geometry":{"type":"LineString","coordinates":[[-3.5878,37.16721],[-3.58773,37.16717],[-3.58751,37.16711]]}},{"type":"Feature","properties":{"name":"Circunvalación de Granada","kind":"road","road":"motorway","osm":1421729610},"geometry":{"type":"LineString","coordinates":[[-3.61632,37.17843],[-3.61667,37.17869]]}},{"type":"Feature","properties":{"name":"Avenida de Madrid","kind":"road","road":"tertiary","osm":1424200275},"geometry":{"type":"LineString","coordinates":[[-3.60429,37.1852],[-3.60418,37.18551],[-3.60412,37.18567]]}},{"type":"Feature","properties":{"name":"Calle Doctor Severo Ochoa","kind":"road","road":"primary","osm":1424200276},"geometry":{"type":"LineString","coordinates":[[-3.60467,37.18415],[-3.60476,37.18405]]}},{"type":"Feature","properties":{"name":"Calle Doctor Severo Ochoa","kind":"road","road":"primary","osm":1424200277},"geometry":{"type":"LineString","coordinates":[[-3.60476,37.18405],[-3.60479,37.184],[-3.6048,37.18396],[-3.60528,37.18305],[-3.60534,37.18282]]}},{"type":"Feature","properties":{"name":"Acueducto de San Juan","kind":"river","road":"","osm":1428143718},"geometry":{"type":"LineString","coordinates":[[-3.58516,37.17203],[-3.58595,37.17179],[-3.58598,37.17179]]}},{"type":"Feature","properties":{"name":"Parque del Agua","kind":"park","road":"","osm":1429412063},"geometry":{"type":"Polygon","coordinates":[[[-3.59936,37.18803],[-3.59916,37.18802],[-3.59879,37.18801],[-3.5987,37.18801],[-3.59825,37.188],[-3.59851,37.18895],[-3.59867,37.18893],[-3.59877,37.18891],[-3.59924,37.18884],[-3.59928,37.1884],[-3.59932,37.18827],[-3.59934,37.18815],[-3.59936,37.18803]]]}},{"type":"Feature","properties":{"name":"Avenida de Madrid","kind":"road","road":"tertiary","osm":1445621044},"geometry":{"type":"LineString","coordinates":[[-3.60429,37.1852],[-3.6043,37.1851],[-3.60435,37.18492],[-3.60437,37.18483]]}},{"type":"Feature","properties":{"name":"","kind":"park","road":"","osm":1447747280},"geometry":{"type":"Polygon","coordinates":[[[-3.58493,37.17654],[-3.58498,37.17653],[-3.58507,37.17672],[-3.58503,37.17673],[-3.58502,37.17672],[-3.58502,37.17671],[-3.58503,37.1767],[-3.58502,37.1767],[-3.58502,37.17669],[-3.58501,37.17668],[-3.585,37.17668],[-3.58499,37.17666],[-3.585,37.17666],[-3.585,37.17665],[-3.585,37.17664],[-3.58499,37.17664],[-3.58499,37.17663],[-3.58498,37.17663],[-3.58497,37.17661],[-3.58497,37.1766],[-3.58498,37.1766],[-3.58498,37.17659],[-3.58497,37.17658],[-3.58496,37.17658],[-3.58495,37.17657],[-3.58493,37.17654]]]}},{"type":"Feature","properties":{"name":"","kind":"park","road":"","osm":1447747294},"geometry":{"type":"Polygon","coordinates":[[[-3.58538,37.17703],[-3.58539,37.17703],[-3.58543,37.17701],[-3.58546,37.17707],[-3.58541,37.17708],[-3.58541,37.17707],[-3.5854,37.17707],[-3.58538,37.17703]]]}},{"type":"Feature","properties":{"name":"","kind":"park","road":"","osm":1447747295},"geometry":{"type":"Polygon","coordinates":[[[-3.58536,37.17704],[-3.58538,37.17708],[-3.58536,37.17708],[-3.58537,37.17709],[-3.58533,37.17711],[-3.5853,37.17705],[-3.58535,37.17704],[-3.58536,37.17704]]]}},{"type":"Feature","properties":{"name":"","kind":"park","road":"","osm":1447747296},"geometry":{"type":"Polygon","coordinates":[[[-3.58534,37.17712],[-3.58537,37.17711],[-3.58538,37.17712],[-3.5854,37.17712],[-3.58543,37.17718],[-3.5854,37.17719],[-3.58539,37.17717],[-3.58537,37.17718],[-3.58534,37.17712]]]}},{"type":"Feature","properties":{"name":"","kind":"park","road":"","osm":1447747297},"geometry":{"type":"Polygon","coordinates":[[[-3.58545,37.17718],[-3.58541,37.17711],[-3.58543,37.17711],[-3.58542,37.1771],[-3.58547,37.17708],[-3.58548,37.17711],[-3.58547,37.17711],[-3.58548,37.17714],[-3.58549,37.17713],[-3.58551,37.17716],[-3.58545,37.17718]]]}},{"type":"Feature","properties":{"name":"","kind":"park","road":"","osm":1447747301},"geometry":{"type":"Polygon","coordinates":[[[-3.58545,37.17719],[-3.58551,37.17718],[-3.58553,37.17721],[-3.58552,37.17721],[-3.58553,37.17723],[-3.58554,37.17723],[-3.58555,37.17725],[-3.58551,37.17727],[-3.5855,37.17726],[-3.58549,37.17726],[-3.58545,37.17719]]]}},{"type":"Feature","properties":{"name":"","kind":"park","road":"","osm":1447747302},"geometry":{"type":"Polygon","coordinates":[[[-3.58541,37.17721],[-3.58544,37.1772],[-3.58547,37.17727],[-3.58545,37.17728],[-3.58546,37.17728],[-3.58542,37.17729],[-3.58539,37.17724],[-3.58542,37.17723],[-3.58541,37.17721]]]}},{"type":"Feature","properties":{"name":"","kind":"park","road":"","osm":1447747303},"geometry":{"type":"Polygon","coordinates":[[[-3.5853,37.17711],[-3.58527,37.17712],[-3.58527,37.17711],[-3.58525,37.17712],[-3.58523,37.17708],[-3.58524,37.17707],[-3.58528,37.17706],[-3.5853,37.17711]]]}},{"type":"Feature","properties":{"name":"","kind":"park","road":"","osm":1447747304},"geometry":{"type":"Polygon","coordinates":[[[-3.58528,37.17714],[-3.58531,37.17713],[-3.58534,37.17719],[-3.58532,37.1772],[-3.58533,37.17721],[-3.5853,37.17722],[-3.58527,37.17715],[-3.58528,37.17715],[-3.58528,37.17714]]]}},{"type":"Feature","properties":{"name":"","kind":"park","road":"","osm":1447747305},"geometry":{"type":"Polygon","coordinates":[[[-3.58528,37.17723],[-3.58521,37.17725],[-3.58518,37.17717],[-3.58523,37.17715],[-3.58524,37.17717],[-3.58525,37.17716],[-3.58528,37.17723]]]}},{"type":"Feature","properties":{"name":"","kind":"park","road":"","osm":1447747306},"geometry":{"type":"Polygon","coordinates":[[[-3.58514,37.1771],[-3.58518,37.17709],[-3.58521,37.17708],[-3.58523,37.17712],[-3.58522,37.17713],[-3.58522,37.17714],[-3.58517,37.17716],[-3.58514,37.1771]]]}},{"type":"Feature","properties":{"name":"","kind":"park","road":"","osm":1447747307},"geometry":{"type":"Polygon","coordinates":[[[-3.58537,37.17725],[-3.58539,37.1773],[-3.58536,37.17731],[-3.58536,37.1773],[-3.58534,37.17731],[-3.58531,37.17724],[-3.58534,37.17723],[-3.58535,37.17725],[-3.58537,37.17725]]]}},{"type":"Feature","properties":{"name":"","kind":"park","road":"","osm":1447747308},"geometry":{"type":"Polygon","coordinates":[[[-3.58522,37.17727],[-3.58529,37.17725],[-3.58532,37.17731],[-3.58531,37.17732],[-3.58531,37.17733],[-3.58526,37.17734],[-3.58522,37.17727]]]}},{"type":"Feature","properties":{"name":"","kind":"park","road":"","osm":1447747309},"geometry":{"type":"Polygon","coordinates":[[[-3.58547,37.1773],[-3.58547,37.17731],[-3.58549,37.17731],[-3.58553,37.17739],[-3.58548,37.17741],[-3.58543,37.17731],[-3.58547,37.1773]]]}},{"type":"Feature","properties":{"name":"","kind":"park","road":"","osm":1447747310},"geometry":{"type":"Polygon","coordinates":[[[-3.58551,37.17746],[-3.58549,37.17743],[-3.58554,37.17741],[-3.58554,37.17742],[-3.58556,37.17741],[-3.58556,37.1774],[-3.58562,37.17739],[-3.58551,37.17746]]]}},{"type":"Feature","properties":{"name":"","kind":"park","road":"","osm":1447747311},"geometry":{"type":"Polygon","coordinates":[[[-3.58559,37.17733],[-3.58561,37.17737],[-3.58555,37.17739],[-3.58551,37.1773],[-3.58552,37.1773],[-3.58551,37.17729],[-3.58556,37.17727],[-3.58558,37.17731],[-3.58557,37.17731],[-3.58558,37.17734],[-3.58559,37.17733]]]}},{"type":"Feature","properties":{"name":"","kind":"park","road":"","osm":1447747312},"geometry":{"type":"Polygon","coordinates":[[[-3.58545,37.17742],[-3.5854,37.17743],[-3.58536,37.17735],[-3.58537,37.17734],[-3.58537,37.17733],[-3.5854,37.17732],[-3.58545,37.17742]]]}},{"type":"Feature","properties":{"name":"","kind":"park","road":"","osm":1447747313},"geometry":{"type":"Polygon","coordinates":[[[-3.58538,37.17744],[-3.58531,37.17746],[-3.58527,37.17736],[-3.58532,37.17735],[-3.58533,37.17736],[-3.58534,37.17735],[-3.58538,37.17744]]]}},{"type":"Feature","properties":{"name":"","kind":"park","road":"","osm":1447884960},"geometry":{"type":"Polygon","coordinates":[[[-3.58418,37.17415],[-3.58382,37.17442],[-3.5836,37.17424],[-3.58397,37.17397],[-3.58418,37.17415]]]}},{"type":"Feature","properties":{"name":"","kind":"park","road":"","osm":1447894712},"geometry":{"type":"Polygon","coordinates":[[[-3.58795,37.17562],[-3.58792,37.17563],[-3.5879,37.17558],[-3.58787,37.17554],[-3.58781,37.17554],[-3.58781,37.17541],[-3.58784,37.17543],[-3.58787,37.17547],[-3.5879,37.17551],[-3.58795,37.17562]]]}},{"type":"Feature","properties":{"name":"","kind":"water","road":"","osm":1447894714},"geometry":{"type":"Polygon","coordinates":[[[-3.58995,37.17444],[-3.59005,37.1745],[-3.58997,37.17458],[-3.58987,37.17452],[-3.58995,37.17444]]]}},{"type":"Feature","properties":{"name":"","kind":"park","road":"","osm":1457536200},"geometry":{"type":"Polygon","coordinates":[[[-3.61183,37.1891],[-3.61175,37.18903],[-3.61182,37.18898],[-3.61183,37.18899],[-3.61183,37.18901],[-3.61184,37.18903],[-3.61184,37.18904],[-3.61184,37.18906],[-3.61184,37.18907],[-3.61183,37.18908],[-3.61183,37.1891]]]}},{"type":"Feature","properties":{"name":"Calle Pintor Soria Aedo","kind":"road","road":"pedestrian","osm":1459286124},"geometry":{"type":"LineString","coordinates":[[-3.60792,37.1794],[-3.608,37.17946]]}},{"type":"Feature","properties":{"name":"Calle Pintor Soria Aedo","kind":"road","road":"pedestrian","osm":1459286125},"geometry":{"type":"LineString","coordinates":[[-3.60745,37.17909],[-3.60744,37.17905]]}},{"type":"Feature","properties":{"name":"Calle Don Emilio Durán Durán","kind":"road","road":"tertiary","osm":1467775519},"geometry":{"type":"LineString","coordinates":[[-3.60507,37.18558],[-3.60504,37.18557]]}},{"type":"Feature","properties":{"name":"Calle Faisán","kind":"road","road":"pedestrian","osm":1468764294},"geometry":{"type":"LineString","coordinates":[[-3.61124,37.18526],[-3.61122,37.18526]]}},{"type":"Feature","properties":{"name":"","kind":"park","road":"","osm":1475516481},"geometry":{"type":"Polygon","coordinates":[[[-3.6139,37.1877],[-3.61385,37.18769],[-3.61391,37.18758],[-3.61395,37.18759],[-3.6139,37.1877]]]}},{"type":"Feature","properties":{"name":"Avenida de Madrid","kind":"road","road":"pedestrian","osm":1477367926},"geometry":{"type":"LineString","coordinates":[[-3.6041,37.18474],[-3.60356,37.18445],[-3.60367,37.18431]]}},{"type":"Feature","properties":{"name":"Calle San Juan de Letrán","kind":"road","road":"pedestrian","osm":1479126600},"geometry":{"type":"LineString","coordinates":[[-3.60759,37.1862],[-3.60774,37.18598]]}},{"type":"Feature","properties":{"name":"Placeta del Moral","kind":"road","road":"pedestrian","osm":1483011130},"geometry":{"type":"LineString","coordinates":[[-3.58578,37.17761],[-3.58581,37.1776],[-3.58594,37.17754],[-3.58587,37.17743],[-3.58583,37.1774],[-3.5857,37.1774],[-3.58568,37.17741],[-3.5857,37.17744],[-3.58578,37.17761]]}},{"type":"Feature","properties":{"name":"Patio del Descabalgamiento","kind":"road","road":"pedestrian","osm":1483011131},"geometry":{"type":"LineString","coordinates":[[-3.58567,37.1777],[-3.58564,37.17766],[-3.58561,37.17764],[-3.58553,37.17768],[-3.58556,37.17771],[-3.58559,37.17774],[-3.58567,37.1777]]}},{"type":"Feature","properties":{"name":"","kind":"water","road":"","osm":1483955610},"geometry":{"type":"Polygon","coordinates":[[[-3.58696,37.172],[-3.58679,37.17187],[-3.5868,37.17186],[-3.58697,37.172],[-3.58696,37.172]]]}},{"type":"Feature","properties":{"name":"Plaza de la Explanada","kind":"road","road":"pedestrian","osm":1484873968},"geometry":{"type":"LineString","coordinates":[[-3.5903,37.17606],[-3.59015,37.17596],[-3.59016,37.17595],[-3.58998,37.17586],[-3.58999,37.17585],[-3.5899,37.1758],[-3.58989,37.1758],[-3.58988,37.1758],[-3.58989,37.17584],[-3.58986,37.17588],[-3.58983,37.17589],[-3.58977,37.1759],[-3.58997,37.17601],[-3.58999,37.17599],[-3.59026,37.17614],[-3.59029,37.1761],[-3.5903,37.17606]]}},{"type":"Feature","properties":{"name":"Plaza del Cardenal Cisneros","kind":"road","road":"pedestrian","osm":1488775496},"geometry":{"type":"LineString","coordinates":[[-3.6029,37.18957],[-3.60293,37.18965]]}},{"type":"Feature","properties":{"name":"Plaza del Cardenal Cisneros","kind":"road","road":"pedestrian","osm":1488775497},"geometry":{"type":"LineString","coordinates":[[-3.60289,37.18956],[-3.6029,37.18957]]}},{"type":"Feature","properties":{"name":"Calle Nueva de San Matías","kind":"road","road":"pedestrian","osm":1493006644},"geometry":{"type":"LineString","coordinates":[[-3.59717,37.17365],[-3.59725,37.17349]]}},{"type":"Feature","properties":{"name":"Calle Santo Tomás de Villanueva","kind":"road","road":"tertiary","osm":1498126996},"geometry":{"type":"LineString","coordinates":[[-3.61831,37.18146],[-3.61831,37.1814],[-3.61831,37.18137]]}},{"type":"Feature","properties":{"name":"Calle Santo Tomás de Villanueva","kind":"road","road":"tertiary","osm":1498126997},"geometry":{"type":"LineString","coordinates":[[-3.61854,37.18144],[-3.61831,37.18137]]}},{"type":"Feature","properties":{"name":"Calle Santo Tomás de Villanueva","kind":"road","road":"tertiary","osm":1498126998},"geometry":{"type":"LineString","coordinates":[[-3.61831,37.18137],[-3.61815,37.18132],[-3.61808,37.1813]]}},{"type":"Feature","properties":{"name":"","kind":"road","road":"secondary","osm":1498126999},"geometry":{"type":"LineString","coordinates":[[-3.61678,37.18178],[-3.61682,37.18178],[-3.61685,37.18177],[-3.61688,37.18176]]}},{"type":"Feature","properties":{"name":"Calle María Guerrero","kind":"road","road":"tertiary","osm":1498127000},"geometry":{"type":"LineString","coordinates":[[-3.61688,37.18186],[-3.61688,37.18179],[-3.61688,37.18176]]}},{"type":"Feature","properties":{"name":"","kind":"water","road":"","osm":1504486266},"geometry":{"type":"Polygon","coordinates":[[[-3.60446,37.16328],[-3.60448,37.16326],[-3.60444,37.16324],[-3.60442,37.16326],[-3.60446,37.16328]]]}},{"type":"Feature","properties":{"name":"Calle Recoletos","kind":"road","road":"pedestrian","osm":1512498822},"geometry":{"type":"LineString","coordinates":[[-3.61514,37.1815],[-3.61519,37.18153],[-3.61523,37.18155]]}},{"type":"Feature","properties":{"name":"Calle Puente Cabrera","kind":"road","road":"pedestrian","osm":1513435955},"geometry":{"type":"LineString","coordinates":[[-3.59368,37.17762],[-3.59372,37.17771]]}},{"type":"Feature","properties":{"name":"","kind":"park","road":"","osm":1517558028},"geometry":{"type":"Polygon","coordinates":[[[-3.59515,37.16895],[-3.59515,37.16897],[-3.59516,37.16899],[-3.59518,37.16901],[-3.5952,37.16901],[-3.59523,37.16901],[-3.59525,37.16899],[-3.59525,37.16897],[-3.59524,37.16895],[-3.59522,37.16894],[-3.5952,37.16893],[-3.59517,37.16894],[-3.59515,37.16895]]]}},{"type":"Feature","properties":{"name":"","kind":"park","road":"","osm":1517558029},"geometry":{"type":"Polygon","coordinates":[[[-3.59479,37.169],[-3.59482,37.16904],[-3.59459,37.16911],[-3.59458,37.16907],[-3.59479,37.169]]]}},{"type":"Feature","properties":{"name":"","kind":"park","road":"","osm":1517558030},"geometry":{"type":"Polygon","coordinates":[[[-3.59483,37.16907],[-3.59485,37.16912],[-3.59463,37.16915],[-3.59462,37.16912],[-3.59483,37.16907]]]}},{"type":"Feature","properties":{"name":"","kind":"park","road":"","osm":1517558031},"geometry":{"type":"Polygon","coordinates":[[[-3.59491,37.16912],[-3.59489,37.16906],[-3.59511,37.16901],[-3.59512,37.16903],[-3.59513,37.16904],[-3.59516,37.16905],[-3.59518,37.16905],[-3.59519,37.16909],[-3.59491,37.16912]]]}},{"type":"Feature","properties":{"name":"","kind":"park","road":"","osm":1517558032},"geometry":{"type":"Polygon","coordinates":[[[-3.59524,37.16908],[-3.59534,37.16908],[-3.59533,37.16899],[-3.5953,37.16899],[-3.5953,37.16901],[-3.59529,37.16902],[-3.59528,37.16904],[-3.59525,37.16905],[-3.59524,37.16905],[-3.59524,37.16908]]]}},{"type":"Feature","properties":{"name":"","kind":"park","road":"","osm":1517558033},"geometry":{"type":"Polygon","coordinates":[[[-3.59509,37.16895],[-3.59488,37.16902],[-3.59486,37.16898],[-3.59508,37.16891],[-3.59509,37.16892],[-3.59509,37.16894],[-3.59509,37.16895]]]}},{"type":"Feature","properties":{"name":"","kind":"park","road":"","osm":1517558034},"geometry":{"type":"Polygon","coordinates":[[[-3.59579,37.16882],[-3.59585,37.16881],[-3.59585,37.16879],[-3.59586,37.16877],[-3.59587,37.16874],[-3.59589,37.16873],[-3.59591,37.16872],[-3.59589,37.16867],[-3.59577,37.16871],[-3.59579,37.16882]]]}},{"type":"Feature","properties":{"name":"","kind":"park","road":"","osm":1517558035},"geometry":{"type":"Polygon","coordinates":[[[-3.59572,37.16883],[-3.59535,37.1689],[-3.59533,37.16893],[-3.5953,37.16893],[-3.5953,37.16892],[-3.59529,37.1689],[-3.59527,37.16889],[-3.59525,37.16888],[-3.59523,37.16888],[-3.59523,37.16886],[-3.5957,37.16873],[-3.59572,37.16883]]]}},{"type":"Feature","properties":{"name":"","kind":"park","road":"","osm":1517558036},"geometry":{"type":"Polygon","coordinates":[[[-3.596,37.16871],[-3.59599,37.16865],[-3.59611,37.16862],[-3.59614,37.16875],[-3.59609,37.16876],[-3.59607,37.16874],[-3.59604,37.16873],[-3.59602,37.16872],[-3.596,37.16871]]]}},{"type":"Feature","properties":{"name":"","kind":"park","road":"","osm":1517558037},"geometry":{"type":"Polygon","coordinates":[[[-3.59595,37.16896],[-3.59594,37.16892],[-3.59591,37.16892],[-3.59588,37.16891],[-3.59585,37.16888],[-3.59585,37.16886],[-3.59579,37.16887],[-3.59581,37.16894],[-3.59585,37.16898],[-3.59595,37.16896]]]}},{"type":"Feature","properties":{"name":"","kind":"park","road":"","osm":1517558038},"geometry":{"type":"Polygon","coordinates":[[[-3.59603,37.16891],[-3.59605,37.1689],[-3.59607,37.16888],[-3.59608,37.16886],[-3.59609,37.16884],[-3.59609,37.16882],[-3.59614,37.16881],[-3.59614,37.1689],[-3.59609,37.16895],[-3.59603,37.16895],[-3.59603,37.16891]]]}},{"type":"Feature","properties":{"name":"","kind":"park","road":"","osm":1517558039},"geometry":{"type":"Polygon","coordinates":[[[-3.596,37.16906],[-3.59585,37.16908],[-3.59584,37.16902],[-3.59599,37.169],[-3.596,37.16906]]]}},{"type":"Feature","properties":{"name":"","kind":"park","road":"","osm":1517558040},"geometry":{"type":"Polygon","coordinates":[[[-3.59603,37.16905],[-3.59614,37.16904],[-3.59619,37.16897],[-3.59603,37.169],[-3.59603,37.16905]]]}},{"type":"Feature","properties":{"name":"","kind":"park","road":"","osm":1517558041},"geometry":{"type":"Polygon","coordinates":[[[-3.59438,37.16917],[-3.59437,37.16913],[-3.59399,37.1692],[-3.594,37.16923],[-3.59438,37.16917]]]}},{"type":"Feature","properties":{"name":"","kind":"park","road":"","osm":1517558042},"geometry":{"type":"Polygon","coordinates":[[[-3.59439,37.1692],[-3.5944,37.16923],[-3.594,37.16927],[-3.594,37.16925],[-3.59439,37.1692]]]}},{"type":"Feature","properties":{"name":"","kind":"park","road":"","osm":1517558043},"geometry":{"type":"Polygon","coordinates":[[[-3.5939,37.16924],[-3.59389,37.16922],[-3.59367,37.16924],[-3.59367,37.16926],[-3.5939,37.16924]]]}},{"type":"Feature","properties":{"name":"","kind":"park","road":"","osm":1517558044},"geometry":{"type":"Polygon","coordinates":[[[-3.59392,37.16926],[-3.59392,37.16929],[-3.59364,37.16932],[-3.59363,37.16929],[-3.59392,37.16926]]]}},{"type":"Feature","properties":{"name":"","kind":"park","road":"","osm":1517558045},"geometry":{"type":"Polygon","coordinates":[[[-3.5936,37.16927],[-3.5936,37.16925],[-3.59349,37.16926],[-3.5934,37.16926],[-3.59324,37.16927],[-3.59308,37.16926],[-3.59302,37.16925],[-3.59301,37.16932],[-3.59348,37.16929],[-3.5936,37.16927]]]}},{"type":"Feature","properties":{"name":"","kind":"park","road":"","osm":1517558046},"geometry":{"type":"Polygon","coordinates":[[[-3.5936,37.16932],[-3.5936,37.1693],[-3.59301,37.16934],[-3.59301,37.16937],[-3.5936,37.16932]]]}},{"type":"Feature","properties":{"name":"","kind":"park","road":"","osm":1517558047},"geometry":{"type":"Polygon","coordinates":[[[-3.59249,37.16918],[-3.59246,37.16925],[-3.59218,37.16913],[-3.5922,37.1691],[-3.59249,37.16918]]]}},{"type":"Feature","properties":{"name":"","kind":"park","road":"","osm":1517558048},"geometry":{"type":"Polygon","coordinates":[[[-3.59216,37.16909],[-3.59215,37.16912],[-3.59196,37.16903],[-3.59198,37.16902],[-3.59216,37.16909]]]}},{"type":"Feature","properties":{"name":"","kind":"park","road":"","osm":1517558049},"geometry":{"type":"Polygon","coordinates":[[[-3.59193,37.169],[-3.59192,37.16902],[-3.59168,37.16891],[-3.59169,37.16889],[-3.59193,37.169]]]}},{"type":"Feature","properties":{"name":"","kind":"park","road":"","osm":1517558050},"geometry":{"type":"Polygon","coordinates":[[[-3.59135,37.16875],[-3.59136,37.16875],[-3.59139,37.16872],[-3.59139,37.16871],[-3.5916,37.16883],[-3.59158,37.16886],[-3.59135,37.16875]]]}},{"type":"Feature","properties":{"name":"","kind":"road","road":"pedestrian","osm":1521285342},"geometry":{"type":"LineString","coordinates":[[-3.59423,37.18479],[-3.59403,37.18452]]}},{"type":"Feature","properties":{"name":"Calle Alcaicería","kind":"road","road":"pedestrian","osm":1522326544},"geometry":{"type":"LineString","coordinates":[[-3.59877,37.17538],[-3.59875,37.17536]]}},{"type":"Feature","properties":{"name":"Calle Alcaicería","kind":"road","road":"pedestrian","osm":1522326545},"geometry":{"type":"LineString","coordinates":[[-3.59878,37.17539],[-3.59877,37.17538]]}},{"type":"Feature","properties":{"name":"Placeta de la Seda","kind":"road","road":"pedestrian","osm":1522326546},"geometry":{"type":"LineString","coordinates":[[-3.59892,37.17574],[-3.59893,37.17575]]}},{"type":"Feature","properties":{"name":"Calle Alcaicería","kind":"road","road":"pedestrian","osm":1522326547},"geometry":{"type":"LineString","coordinates":[[-3.59904,37.17565],[-3.59902,37.17563]]}},{"type":"Feature","properties":{"name":"Calle Alcaicería","kind":"road","road":"pedestrian","osm":1522326548},"geometry":{"type":"LineString","coordinates":[[-3.5991,37.17573],[-3.59905,37.17568],[-3.59904,37.17565]]}},{"type":"Feature","properties":{"name":"Pasaje de la Ermita","kind":"road","road":"pedestrian","osm":1523324068},"geometry":{"type":"LineString","coordinates":[[-3.59905,37.17523],[-3.59902,37.17519]]}},{"type":"Feature","properties":{"name":"","kind":"park","road":"","osm":1524932497},"geometry":{"type":"Polygon","coordinates":[[[-3.57941,37.16941],[-3.57985,37.16913],[-3.57986,37.16911],[-3.5799,37.16905],[-3.57995,37.16907],[-3.57954,37.16956],[-3.57941,37.16941]]]}},{"type":"Feature","properties":{"name":"","kind":"park","road":"","osm":1524940585},"geometry":{"type":"Polygon","coordinates":[[[-3.57819,37.16827],[-3.57826,37.16823],[-3.57804,37.16813],[-3.57819,37.16827]]]}},{"type":"Feature","properties":{"name":"","kind":"park","road":"","osm":1524942378},"geometry":{"type":"Polygon","coordinates":[[[-3.5777,37.16809],[-3.57769,37.16808],[-3.57772,37.16806],[-3.57772,37.16807],[-3.57778,37.16803],[-3.57777,37.16802],[-3.5777,37.16799],[-3.57769,37.16799],[-3.57767,37.16798],[-3.57767,37.16797],[-3.5776,37.16794],[-3.5776,37.16795],[-3.57757,37.16793],[-3.57746,37.16788],[-3.57753,37.16795],[-3.57754,37.16795],[-3.57756,37.16797],[-3.57755,37.16798],[-3.57766,37.16809],[-3.57768,37.16809],[-3.5777,37.16809]]]}},{"type":"Feature","properties":{"name":"","kind":"park","road":"","osm":1524942382},"geometry":{"type":"Polygon","coordinates":[[[-3.57744,37.16853],[-3.57747,37.16851],[-3.57738,37.16843],[-3.57736,37.16845],[-3.57744,37.16853]]]}},{"type":"Feature","properties":{"name":"","kind":"park","road":"","osm":1524942383},"geometry":{"type":"Polygon","coordinates":[[[-3.57747,37.16855],[-3.57749,37.16853],[-3.57758,37.16861],[-3.57756,37.16863],[-3.57747,37.16855]]]}},{"type":"Feature","properties":{"name":"","kind":"water","road":"","osm":1524943290},"geometry":{"type":"Polygon","coordinates":[[[-3.57851,37.16862],[-3.57847,37.16867],[-3.57832,37.16858],[-3.57836,37.16854],[-3.57851,37.16862]]]}},{"type":"Feature","properties":{"name":"","kind":"park","road":"","osm":1524944919},"geometry":{"type":"Polygon","coordinates":[[[-3.57884,37.16859],[-3.57887,37.16857],[-3.57874,37.16846],[-3.57865,37.16841],[-3.57884,37.16859]]]}},{"type":"Feature","properties":{"name":"","kind":"park","road":"","osm":1524944924},"geometry":{"type":"Polygon","coordinates":[[[-3.57847,37.1683],[-3.5784,37.16828],[-3.57845,37.16831],[-3.57847,37.1683]]]}},{"type":"Feature","properties":{"name":"","kind":"park","road":"","osm":1524944925},"geometry":{"type":"Polygon","coordinates":[[[-3.5784,37.16828],[-3.57837,37.16829],[-3.57832,37.16825],[-3.5784,37.16828]]]}},{"type":"Feature","properties":{"name":"","kind":"park","road":"","osm":1524945705},"geometry":{"type":"Polygon","coordinates":[[[-3.57606,37.16843],[-3.5761,37.16847],[-3.57597,37.16855],[-3.57593,37.16852],[-3.57606,37.16843]]]}},{"type":"Feature","properties":{"name":"","kind":"park","road":"","osm":1524945706},"geometry":{"type":"Polygon","coordinates":[[[-3.57588,37.16855],[-3.57592,37.16858],[-3.57579,37.16868],[-3.57575,37.16864],[-3.57588,37.16855]]]}},{"type":"Feature","properties":{"name":"","kind":"park","road":"","osm":1524945707},"geometry":{"type":"Polygon","coordinates":[[[-3.5757,37.16868],[-3.57573,37.1687],[-3.57561,37.16879],[-3.57558,37.16876],[-3.5757,37.16868]]]}},{"type":"Feature","properties":{"name":"","kind":"park","road":"","osm":1524945708},"geometry":{"type":"Polygon","coordinates":[[[-3.57548,37.16882],[-3.57553,37.16879],[-3.57556,37.16882],[-3.57552,37.16885],[-3.57548,37.16882]]]}},{"type":"Feature","properties":{"name":"","kind":"park","road":"","osm":1524945712},"geometry":{"type":"Polygon","coordinates":[[[-3.57587,37.16848],[-3.57593,37.16844],[-3.57562,37.16815],[-3.57557,37.16819],[-3.57587,37.16848]]]}},{"type":"Feature","properties":{"name":"","kind":"park","road":"","osm":1524945713},"geometry":{"type":"Polygon","coordinates":[[[-3.57565,37.16863],[-3.57561,37.16866],[-3.57531,37.16836],[-3.57536,37.16834],[-3.57565,37.16863]]]}},{"type":"Feature","properties":{"name":"","kind":"park","road":"","osm":1524945714},"geometry":{"type":"Polygon","coordinates":[[[-3.57525,37.16831],[-3.57529,37.16828],[-3.57496,37.16798],[-3.57492,37.16801],[-3.57525,37.16831]]]}},{"type":"Feature","properties":{"name":"","kind":"park","road":"","osm":1524945724},"geometry":{"type":"Polygon","coordinates":[[[-3.5752,37.16783],[-3.57524,37.1678],[-3.57554,37.1681],[-3.5755,37.16813],[-3.5752,37.16783]]]}},{"type":"Feature","properties":{"name":"","kind":"park","road":"","osm":1524945726},"geometry":{"type":"Polygon","coordinates":[[[-3.576,37.16816],[-3.57629,37.16833],[-3.57622,37.16839],[-3.57618,37.16835],[-3.5762,37.16833],[-3.576,37.16816]]]}},{"type":"Feature","properties":{"name":"","kind":"park","road":"","osm":1524945727},"geometry":{"type":"Polygon","coordinates":[[[-3.57619,37.16841],[-3.57615,37.16844],[-3.57611,37.1684],[-3.57615,37.16837],[-3.57619,37.16841]]]}},{"type":"Feature","properties":{"name":"","kind":"park","road":"","osm":1524945728},"geometry":{"type":"Polygon","coordinates":[[[-3.57548,37.16784],[-3.57572,37.16798],[-3.57568,37.16802],[-3.57548,37.16784]]]}},{"type":"Feature","properties":{"name":"","kind":"park","road":"","osm":1524946148},"geometry":{"type":"Polygon","coordinates":[[[-3.57921,37.17003],[-3.57929,37.16997],[-3.57943,37.17005],[-3.57937,37.17012],[-3.57921,37.17003]]]}},{"type":"Feature","properties":{"name":"","kind":"park","road":"","osm":1524946149},"geometry":{"type":"Polygon","coordinates":[[[-3.5794,37.17013],[-3.57946,37.17006],[-3.57952,37.17009],[-3.57946,37.17016],[-3.5794,37.17013]]]}},{"type":"Feature","properties":{"name":"","kind":"park","road":"","osm":1524946150},"geometry":{"type":"Polygon","coordinates":[[[-3.57997,37.17031],[-3.58003,37.17035],[-3.57996,37.17043],[-3.5799,37.1704],[-3.57997,37.17031]]]}},{"type":"Feature","properties":{"name":"","kind":"park","road":"","osm":1524946151},"geometry":{"type":"Polygon","coordinates":[[[-3.57935,37.16861],[-3.5795,37.1685],[-3.57969,37.16867],[-3.57966,37.16881],[-3.57974,37.16885],[-3.57971,37.16887],[-3.57966,37.16887],[-3.57962,37.16885],[-3.57935,37.16861]]]}},{"type":"Feature","properties":{"name":"","kind":"park","road":"","osm":1524947613},"geometry":{"type":"Polygon","coordinates":[[[-3.57796,37.16823],[-3.57801,37.16828],[-3.57792,37.16833],[-3.57787,37.16828],[-3.57796,37.16823]]]}},{"type":"Feature","properties":{"name":"","kind":"park","road":"","osm":1524947614},"geometry":{"type":"Polygon","coordinates":[[[-3.57699,37.16818],[-3.57703,37.16822],[-3.57699,37.16825],[-3.57695,37.16821],[-3.57699,37.16818]]]}},{"type":"Feature","properties":{"name":"","kind":"park","road":"","osm":1524947615},"geometry":{"type":"Polygon","coordinates":[[[-3.57708,37.16834],[-3.57712,37.16831],[-3.57717,37.16835],[-3.57712,37.16838],[-3.57708,37.16834]]]}},{"type":"Feature","properties":{"name":"","kind":"park","road":"","osm":1524947616},"geometry":{"type":"Polygon","coordinates":[[[-3.57796,37.16859],[-3.57788,37.16862],[-3.57712,37.16788],[-3.57718,37.16785],[-3.57796,37.16859]]]}},{"type":"Feature","properties":{"name":"","kind":"park","road":"","osm":1524947617},"geometry":{"type":"Polygon","coordinates":[[[-3.57802,37.16865],[-3.57797,37.16868],[-3.57873,37.16939],[-3.57877,37.16938],[-3.57874,37.16935],[-3.57877,37.16933],[-3.57802,37.16865]]]}},{"type":"Feature","properties":{"name":"Plaza del Boquerón","kind":"road","road":"pedestrian","osm":1525084720},"geometry":{"type":"LineString","coordinates":[[-3.60074,37.18003],[-3.6007,37.17996],[-3.60069,37.17996],[-3.60068,37.17994]]}},{"type":"Feature","properties":{"name":"Calle Recogidas","kind":"road","road":"primary","osm":1526393030},"geometry":{"type":"LineString","coordinates":[[-3.60261,37.17191],[-3.60258,37.17193]]}},{"type":"Feature","properties":{"name":"Carretera de la Sierra","kind":"road","road":"primary","osm":1535803020},"geometry":{"type":"LineString","coordinates":[[-3.57528,37.16382],[-3.57554,37.16386]]}},{"type":"Feature","properties":{"name":"Carretera de la Sierra","kind":"road","road":"primary","osm":1535803021},"geometry":{"type":"LineString","coordinates":[[-3.57554,37.16386],[-3.57574,37.1639],[-3.5763,37.16401]]}},{"type":"Feature","properties":{"name":"Carretera de la Sierra","kind":"road","road":"primary","osm":1535803022},"geometry":{"type":"LineString","coordinates":[[-3.57655,37.16407],[-3.57658,37.16408]]}},{"type":"Feature","properties":{"name":"Carretera de la Sierra","kind":"road","road":"primary","osm":1535803023},"geometry":{"type":"LineString","coordinates":[[-3.57658,37.16408],[-3.57667,37.1641],[-3.57744,37.16428],[-3.57808,37.16443],[-3.5782,37.16446],[-3.57826,37.16448],[-3.57829,37.16449],[-3.57833,37.1645],[-3.57881,37.16464],[-3.5791,37.16471],[-3.57917,37.16474],[-3.57938,37.16479],[-3.58006,37.16499],[-3.58013,37.16501],[-3.58041,37.16509],[-3.58123,37.16533],[-3.58148,37.1654],[-3.58187,37.16551],[-3.58191,37.16552],[-3.58194,37.16553],[-3.58206,37.16557]]}},{"type":"Feature","properties":{"name":"Carretera de la Sierra","kind":"road","road":"primary","osm":1535803024},"geometry":{"type":"LineString","coordinates":[[-3.5763,37.16401],[-3.57655,37.16407]]}},{"type":"Feature","properties":{"name":"Carretera de la Sierra","kind":"road","road":"primary","osm":1539763423},"geometry":{"type":"LineString","coordinates":[[-3.57456,37.1637],[-3.57467,37.16372],[-3.57528,37.16382]]}},{"type":"Feature","properties":{"name":"Glorieta Víctimas del Terrorismo","kind":"road","road":"primary","osm":1539771128},"geometry":{"type":"LineString","coordinates":[[-3.60971,37.16798],[-3.60988,37.16797]]}},{"type":"Feature","properties":{"name":"Glorieta Víctimas del Terrorismo","kind":"road","road":"primary","osm":1539771129},"geometry":{"type":"LineString","coordinates":[[-3.61024,37.16796],[-3.61027,37.16796],[-3.61034,37.16794],[-3.61041,37.16791]]}},{"type":"Feature","properties":{"name":"Glorieta Víctimas del Terrorismo","kind":"road","road":"primary","osm":1539771130},"geometry":{"type":"LineString","coordinates":[[-3.60983,37.16733],[-3.60968,37.16733],[-3.60961,37.16734],[-3.60955,37.16734]]}},{"type":"Feature","properties":{"name":"Glorieta Víctimas del Terrorismo","kind":"road","road":"primary","osm":1539771131},"geometry":{"type":"LineString","coordinates":[[-3.61032,37.16733],[-3.61028,37.16732],[-3.61023,37.16732],[-3.61018,37.16732]]}},{"type":"Feature","properties":{"name":"","kind":"park","road":"","osm":1545977202},"geometry":{"type":"Polygon","coordinates":[[[-3.59987,37.18784],[-3.59989,37.18785],[-3.59991,37.18786],[-3.59995,37.18791],[-3.59995,37.18793],[-3.59995,37.18795],[-3.59994,37.18795],[-3.59992,37.18796],[-3.59979,37.18794],[-3.59979,37.18792],[-3.59971,37.18791],[-3.5997,37.18792],[-3.59962,37.18791],[-3.59987,37.18784]]]}},{"type":"Feature","properties":{"name":"Calle Victoria de San Andrés","kind":"road","road":"pedestrian","osm":1547870191},"geometry":{"type":"LineString","coordinates":[[-3.59873,37.18097],[-3.59889,37.18095]]}},{"type":"Feature","properties":{"name":"Calle Victoria de San Andrés","kind":"road","road":"pedestrian","osm":1547870192},"geometry":{"type":"LineString","coordinates":[[-3.59868,37.18098],[-3.59873,37.18097]]}},{"type":"Feature","properties":{"name":"Avenida de Fuente Nueva","kind":"road","road":"tertiary","osm":1549447917},"geometry":{"type":"LineString","coordinates":[[-3.60593,37.18106],[-3.60582,37.18115],[-3.6058,37.18118],[-3.6058,37.18121]]}},{"type":"Feature","properties":{"name":"","kind":"road","road":"primary","osm":1558329661},"geometry":{"type":"LineString","coordinates":[[-3.61443,37.17647],[-3.61445,37.17646],[-3.61446,37.17644],[-3.61449,37.1764]]}},{"type":"Feature","properties":{"name":"","kind":"road","road":"primary","osm":1558329662},"geometry":{"type":"LineString","coordinates":[[-3.61404,37.17672],[-3.61414,37.17665]]}},{"type":"Feature","properties":{"name":"","kind":"road","road":"primary","osm":1558329663},"geometry":{"type":"LineString","coordinates":[[-3.61376,37.17625],[-3.61362,37.17633]]}}]}