{"bounds":[42.86959,-8.5592,42.8886,-8.53444],"date":"2026-09-18T16:57:21Z","type":"FeatureCollection","features":[{"type":"Feature","properties":{"name":"Campo da Estrela","kind":"road","road":"tertiary","osm":7753429},"geometry":{"type":"LineString","coordinates":[[-8.5462,42.87727],[-8.54622,42.87723],[-8.54625,42.87718],[-8.54629,42.87714]]}},{"type":"Feature","properties":{"name":"","kind":"road","road":"tertiary","osm":7753455},"geometry":{"type":"LineString","coordinates":[[-8.55545,42.87197],[-8.55543,42.87197],[-8.55541,42.87198],[-8.55539,42.87198],[-8.55537,42.87199],[-8.55536,42.87201],[-8.55535,42.87202],[-8.55534,42.87204]]}},{"type":"Feature","properties":{"name":"Avenida de Rosalía de Castro","kind":"road","road":"tertiary","osm":7753466},"geometry":{"type":"LineString","coordinates":[[-8.55356,42.87308],[-8.55358,42.87303],[-8.55363,42.87296]]}},{"type":"Feature","properties":{"name":"","kind":"road","road":"tertiary","osm":7753469},"geometry":{"type":"LineString","coordinates":[[-8.55346,42.87318],[-8.55349,42.87317],[-8.55351,42.87316],[-8.55352,42.87315],[-8.55354,42.87314],[-8.55355,42.87312],[-8.55355,42.87311]]}},{"type":"Feature","properties":{"name":"Avenida de Rosalía de Castro","kind":"road","road":"tertiary","osm":7753475},"geometry":{"type":"LineString","coordinates":[[-8.55534,42.87204],[-8.55527,42.87206],[-8.55501,42.87214],[-8.55484,42.8722],[-8.55467,42.87228],[-8.55454,42.87234],[-8.55445,42.87239],[-8.55434,42.87246],[-8.55417,42.87258],[-8.55367,42.87293],[-8.55363,42.87296]]}},{"type":"Feature","properties":{"name":"Avenida de Rosalía de Castro","kind":"road","road":"tertiary","osm":7753480},"geometry":{"type":"LineString","coordinates":[[-8.55332,42.87313],[-8.55323,42.87325]]}},{"type":"Feature","properties":{"name":"Avenida de Rosalía de Castro","kind":"road","road":"tertiary","osm":7753486},"geometry":{"type":"LineString","coordinates":[[-8.55245,42.87386],[-8.5524,42.87391],[-8.55235,42.87396],[-8.55208,42.87419],[-8.55196,42.87429],[-8.55175,42.87447],[-8.55164,42.87457],[-8.55153,42.87466],[-8.55146,42.87472],[-8.5513,42.87485],[-8.55123,42.8749],[-8.55118,42.87493],[-8.55108,42.875],[-8.55074,42.87521],[-8.55038,42.87544],[-8.55029,42.87548],[-8.55022,42.87552],[-8.55015,42.87554],[-8.5501,42.87556],[-8.55001,42.87559]]}},{"type":"Feature","properties":{"name":"Campo da Estrela","kind":"road","road":"tertiary","osm":7753488},"geometry":{"type":"LineString","coordinates":[[-8.54671,42.87682],[-8.54655,42.87685],[-8.54639,42.87688],[-8.54634,42.8769],[-8.54631,42.87692],[-8.54627,42.87696]]}},{"type":"Feature","properties":{"name":"Avenida do Mestre Mateo","kind":"road","road":"primary","osm":9862891},"geometry":{"type":"LineString","coordinates":[[-8.55799,42.87272],[-8.55807,42.87268],[-8.55817,42.87265],[-8.55826,42.87263],[-8.56101,42.87222],[-8.56106,42.87222],[-8.56109,42.87222],[-8.56112,42.87222],[-8.56115,42.87222],[-8.56118,42.87222],[-8.56126,42.87223]]}},{"type":"Feature","properties":{"name":"Estrada de San Lourenzo","kind":"road","road":"tertiary","osm":9863684},"geometry":{"type":"LineString","coordinates":[[-8.56461,42.87192],[-8.5641,42.87232],[-8.56395,42.87243],[-8.56385,42.87252],[-8.56379,42.87259],[-8.5635,42.87297],[-8.56341,42.87314],[-8.56338,42.87321],[-8.56335,42.8733],[-8.56334,42.87338],[-8.56332,42.87345],[-8.56332,42.87351],[-8.56336,42.87414],[-8.56338,42.87459],[-8.56337,42.87482],[-8.56336,42.87499],[-8.56333,42.87519],[-8.56323,42.8756],[-8.56321,42.87568],[-8.56318,42.87574],[-8.56312,42.87587],[-8.56305,42.87599],[-8.56293,42.87613],[-8.56267,42.87634],[-8.56195,42.87686],[-8.56176,42.87699],[-8.56125,42.87736],[-8.56114,42.87743],[-8.56072,42.87774],[-8.56037,42.87798],[-8.56029,42.87802],[-8.56023,42.87804],[-8.56017,42.87806],[-8.56001,42.8781],[-8.55981,42.87816],[-8.55949,42.87822],[-8.55937,42.87823],[-8.55924,42.87823],[-8.55912,42.87821],[-8.55899,42.87818],[-8.55888,42.87815],[-8.55877,42.87809],[-8.55869,42.87805],[-8.55853,42.87795],[-8.55847,42.87792],[-8.55836,42.87788],[-8.55801,42.87783],[-8.5578,42.87781],[-8.55761,42.87779],[-8.55743,42.87778],[-8.55716,42.87782],[-8.557,42.87786],[-8.55686,42.87792],[-8.55653,42.87807],[-8.55617,42.87823],[-8.55563,42.87848],[-8.55562,42.87849],[-8.55551,42.87854]]}},{"type":"Feature","properties":{"name":"","kind":"road","road":"primary","osm":9863691},"geometry":{"type":"LineString","coordinates":[[-8.54842,42.86981],[-8.54848,42.8698],[-8.54853,42.86978],[-8.54857,42.86974],[-8.54859,42.8697]]}},{"type":"Feature","properties":{"name":"Rúa de San Pedro","kind":"road","road":"pedestrian","osm":9863919},"geometry":{"type":"LineString","coordinates":[[-8.54015,42.88199],[-8.54002,42.88197],[-8.53995,42.88195],[-8.53989,42.88194],[-8.5398,42.88191],[-8.53969,42.88187],[-8.53959,42.88184],[-8.53946,42.88179],[-8.53922,42.88168],[-8.53876,42.88149],[-8.53842,42.88135],[-8.53828,42.8813],[-8.53816,42.88127],[-8.53804,42.88126]]}},{"type":"Feature","properties":{"name":"Rúa do Pombal","kind":"road","road":"tertiary","osm":9865734},"geometry":{"type":"LineString","coordinates":[[-8.54797,42.87815],[-8.548,42.87818],[-8.54805,42.87823],[-8.54807,42.87826],[-8.54819,42.8784],[-8.54928,42.87967],[-8.54938,42.87981],[-8.54946,42.87993],[-8.54949,42.87998],[-8.54951,42.88003]]}},{"type":"Feature","properties":{"name":"","kind":"road","road":"primary","osm":9865750},"geometry":{"type":"LineString","coordinates":[[-8.55799,42.87272],[-8.55801,42.87267],[-8.55801,42.87261],[-8.55799,42.87256],[-8.55795,42.87251]]}},{"type":"Feature","properties":{"name":"Rúa do Hórreo","kind":"road","road":"tertiary","osm":9867073},"geometry":{"type":"LineString","coordinates":[[-8.54477,42.87373],[-8.54476,42.87395],[-8.54474,42.87406],[-8.54459,42.87447],[-8.54455,42.87456]]}},{"type":"Feature","properties":{"name":"Rúa do Hórreo","kind":"road","road":"tertiary","osm":9867076},"geometry":{"type":"LineString","coordinates":[[-8.54395,42.87591],[-8.54395,42.87598],[-8.54397,42.87608],[-8.54398,42.87611],[-8.54398,42.87613],[-8.544,42.87621],[-8.54403,42.87629]]}},{"type":"Feature","properties":{"name":"Avenida de Lugo","kind":"road","road":"trunk","osm":9868018},"geometry":{"type":"LineString","coordinates":[[-8.53781,42.87358],[-8.53791,42.87354],[-8.53835,42.87339],[-8.53876,42.87327]]}},{"type":"Feature","properties":{"name":"Avenida de Lugo","kind":"road","road":"trunk","osm":9868020},"geometry":{"type":"LineString","coordinates":[[-8.53801,42.87342],[-8.53745,42.87365],[-8.53712,42.87383],[-8.53669,42.87409]]}},{"type":"Feature","properties":{"name":"Rúa de Curros Enríquez","kind":"road","road":"tertiary","osm":9868292},"geometry":{"type":"LineString","coordinates":[[-8.54138,42.87511],[-8.54108,42.87525],[-8.54055,42.87551],[-8.54047,42.87555],[-8.54022,42.87575],[-8.5402,42.87576],[-8.54017,42.87579]]}},{"type":"Feature","properties":{"name":"Praza de Galicia","kind":"park","road":"","osm":9868296},"geometry":{"type":"Polygon","coordinates":[[[-8.54409,42.87631],[-8.54419,42.87668],[-8.5442,42.87669],[-8.5442,42.8767],[-8.54422,42.87671],[-8.54424,42.87672],[-8.54426,42.87673],[-8.54428,42.87674],[-8.5443,42.87674],[-8.54443,42.87672],[-8.54446,42.87671],[-8.54448,42.8767],[-8.54449,42.87668],[-8.5445,42.87666],[-8.5445,42.87664],[-8.5445,42.87661],[-8.5445,42.87649],[-8.54449,42.87648],[-8.54448,42.87647],[-8.54447,42.87646],[-8.54445,42.87646],[-8.54444,42.87646],[-8.54437,42.87646],[-8.54435,42.8764],[-8.54445,42.87638],[-8.54446,42.87638],[-8.54448,42.87637],[-8.54449,42.87636],[-8.54449,42.87635],[-8.54449,42.87625],[-8.54448,42.87623],[-8.54447,42.87621],[-8.54446,42.8762],[-8.54442,42.87618],[-8.54438,42.87618],[-8.54415,42.87622],[-8.54413,42.87623],[-8.54412,42.87624],[-8.54411,42.87626],[-8.5441,42.87627],[-8.54409,42.87629],[-8.54409,42.87631]]]}},{"type":"Feature","properties":{"name":"Campo da Estrela","kind":"road","road":"tertiary","osm":9868396},"geometry":{"type":"LineString","coordinates":[[-8.54617,42.87712],[-8.54617,42.87717],[-8.54618,42.8772],[-8.54618,42.87723],[-8.5462,42.87727]]}},{"type":"Feature","properties":{"name":"Rúa do Hórreo","kind":"road","road":"secondary","osm":14638348},"geometry":{"type":"LineString","coordinates":[[-8.54823,42.86964],[-8.54813,42.86967],[-8.54804,42.86972],[-8.54799,42.86975],[-8.54792,42.86978],[-8.54755,42.86993],[-8.54753,42.86994],[-8.54748,42.86996],[-8.54723,42.87006],[-8.54697,42.87017]]}},{"type":"Feature","properties":{"name":"Rúa das Trompas","kind":"road","road":"pedestrian","osm":25850731},"geometry":{"type":"LineString","coordinates":[[-8.53869,42.87855],[-8.53864,42.87853],[-8.53851,42.87849],[-8.53828,42.87842],[-8.53794,42.87839],[-8.53777,42.87838]]}},{"type":"Feature","properties":{"name":"Rúa das Galeras","kind":"road","road":"secondary","osm":25919223},"geometry":{"type":"LineString","coordinates":[[-8.54957,42.88044],[-8.54956,42.88047],[-8.54956,42.8805],[-8.54955,42.88052]]}},{"type":"Feature","properties":{"name":"Rúa da Carreira do Conde","kind":"road","road":"pedestrian","osm":25952971},"geometry":{"type":"LineString","coordinates":[[-8.54648,42.8767],[-8.54655,42.87668],[-8.54665,42.87665],[-8.54773,42.8763],[-8.54783,42.87626],[-8.54803,42.87617],[-8.54885,42.87571]]}},{"type":"Feature","properties":{"name":"Praza da Paz","kind":"road","road":"tertiary","osm":25955190},"geometry":{"type":"LineString","coordinates":[[-8.53625,42.8886],[-8.53621,42.88855],[-8.53617,42.88851],[-8.53612,42.88847]]}},{"type":"Feature","properties":{"name":"Rúa de Pastoriza","kind":"road","road":"tertiary","osm":25955196},"geometry":{"type":"LineString","coordinates":[[-8.53625,42.8886],[-8.53629,42.88856],[-8.53632,42.88853],[-8.53644,42.88841]]}},{"type":"Feature","properties":{"name":"Rúa das Rodas","kind":"road","road":"tertiary","osm":25955197},"geometry":{"type":"LineString","coordinates":[[-8.54015,42.88199],[-8.54015,42.88204],[-8.54016,42.88206],[-8.54018,42.8821],[-8.54022,42.88215],[-8.54026,42.88219],[-8.54031,42.88223],[-8.54037,42.88228],[-8.54045,42.88234],[-8.54056,42.88241],[-8.54068,42.8825],[-8.54081,42.88258],[-8.54091,42.88265],[-8.54101,42.8827],[-8.5411,42.88276],[-8.54118,42.8828],[-8.54127,42.88284],[-8.54136,42.88288],[-8.54145,42.88291],[-8.54154,42.88294],[-8.54165,42.88296],[-8.54207,42.88306],[-8.54212,42.88308],[-8.54215,42.88309],[-8.54216,42.88313]]}},{"type":"Feature","properties":{"name":"Rúa de Pastoriza","kind":"road","road":"tertiary","osm":25955198},"geometry":{"type":"LineString","coordinates":[[-8.53644,42.88841],[-8.53633,42.88844],[-8.53626,42.88845],[-8.53619,42.88846],[-8.53612,42.88847]]}},{"type":"Feature","properties":{"name":"Rúa de Anxo Casal","kind":"road","road":"tertiary","osm":25955199},"geometry":{"type":"LineString","coordinates":[[-8.53606,42.88846],[-8.53584,42.88834],[-8.53569,42.88825],[-8.53553,42.88816],[-8.53541,42.88808],[-8.53517,42.88796]]}},{"type":"Feature","properties":{"name":"Rúa de Anxo Casal","kind":"road","road":"tertiary","osm":25955209},"geometry":{"type":"LineString","coordinates":[[-8.53504,42.88803],[-8.53506,42.88804],[-8.53544,42.88824],[-8.53549,42.88828],[-8.53552,42.8883],[-8.53553,42.88832],[-8.53557,42.88837],[-8.53562,42.88846],[-8.53568,42.88864],[-8.53574,42.8887]]}},{"type":"Feature","properties":{"name":"Costa Vella","kind":"road","road":"pedestrian","osm":25957294},"geometry":{"type":"LineString","coordinates":[[-8.54327,42.88319],[-8.54328,42.8833]]}},{"type":"Feature","properties":{"name":"Rúa da Porta da Pena","kind":"road","road":"pedestrian","osm":25957295},"geometry":{"type":"LineString","coordinates":[[-8.54316,42.88337],[-8.54319,42.88332],[-8.54321,42.88327],[-8.54323,42.88323],[-8.54327,42.88319],[-8.5433,42.88315],[-8.54336,42.88294],[-8.54343,42.88265]]}},{"type":"Feature","properties":{"name":"Rúa de San Clemente","kind":"road","road":"pedestrian","osm":25957301},"geometry":{"type":"LineString","coordinates":[[-8.54656,42.87921],[-8.54623,42.87916],[-8.54619,42.87918]]}},{"type":"Feature","properties":{"name":"Rúa de Diego Bernal","kind":"road","road":"tertiary","osm":26003861},"geometry":{"type":"LineString","coordinates":[[-8.53059,42.87461],[-8.53069,42.87428],[-8.53092,42.87369],[-8.53152,42.87264],[-8.53223,42.87148],[-8.53226,42.87144],[-8.53237,42.87135],[-8.53248,42.8713],[-8.53259,42.87127],[-8.53269,42.87126],[-8.53283,42.87127],[-8.53343,42.87128],[-8.5338,42.87129],[-8.53415,42.8713],[-8.53439,42.87132],[-8.53466,42.87127],[-8.53473,42.87124]]}},{"type":"Feature","properties":{"name":"Rúa do Olvido","kind":"road","road":"pedestrian","osm":26003864},"geometry":{"type":"LineString","coordinates":[[-8.53939,42.87539],[-8.5394,42.87544],[-8.53941,42.87559],[-8.53943,42.87564],[-8.53947,42.87575],[-8.53961,42.87606],[-8.53965,42.87626],[-8.53969,42.87647],[-8.5397,42.87652],[-8.53977,42.87662],[-8.53985,42.8767]]}},{"type":"Feature","properties":{"name":"Rúa de Sar","kind":"road","road":"tertiary","osm":26004245},"geometry":{"type":"LineString","coordinates":[[-8.53863,42.87431],[-8.53852,42.87416],[-8.53837,42.87401],[-8.53828,42.87391],[-8.5382,42.87384],[-8.53802,42.87367],[-8.53799,42.87364]]}},{"type":"Feature","properties":{"name":"Porta do Camiño","kind":"road","road":"pedestrian","osm":30012332},"geometry":{"type":"LineString","coordinates":[[-8.54012,42.88175],[-8.54017,42.88174],[-8.54022,42.88174],[-8.54025,42.88173],[-8.54032,42.88173],[-8.54032,42.88183],[-8.54033,42.88186],[-8.54032,42.88191],[-8.54032,42.88195],[-8.54033,42.88204],[-8.54034,42.8821],[-8.54038,42.88215],[-8.54043,42.88223],[-8.54042,42.88224],[-8.54037,42.88228],[-8.54032,42.88229],[-8.5403,42.8823],[-8.54002,42.88208],[-8.53999,42.88206],[-8.53995,42.88204],[-8.53996,42.88203],[-8.53994,42.882],[-8.53995,42.88195],[-8.53996,42.8819],[-8.53997,42.88187],[-8.53998,42.8818],[-8.53999,42.88178],[-8.54004,42.88177],[-8.54007,42.88176],[-8.54011,42.88175],[-8.54012,42.88175]]}},{"type":"Feature","properties":{"name":"Rúa das Casas Reais","kind":"road","road":"pedestrian","osm":30012342},"geometry":{"type":"LineString","coordinates":[[-8.54016,42.88194],[-8.54027,42.88189]]}},{"type":"Feature","properties":{"name":"Rúa da Algalia de Arriba","kind":"road","road":"pedestrian","osm":30012349},"geometry":{"type":"LineString","coordinates":[[-8.54223,42.88287],[-8.54224,42.88279],[-8.54223,42.88267],[-8.54223,42.88265],[-8.54222,42.88259],[-8.54222,42.88254]]}},{"type":"Feature","properties":{"name":"Rúa do Franco","kind":"road","road":"pedestrian","osm":30012451},"geometry":{"type":"LineString","coordinates":[[-8.54576,42.87739],[-8.54564,42.87755],[-8.54554,42.87771],[-8.54541,42.87792],[-8.54538,42.87799],[-8.5453,42.8782],[-8.54522,42.87842],[-8.5452,42.87852],[-8.5452,42.87855],[-8.54519,42.8786],[-8.54519,42.87863],[-8.54515,42.87887],[-8.54514,42.87889],[-8.54511,42.87902]]}},{"type":"Feature","properties":{"name":"Rúa do Vilar","kind":"road","road":"pedestrian","osm":30012478},"geometry":{"type":"LineString","coordinates":[[-8.54564,42.87755],[-8.54536,42.87762],[-8.54514,42.87769],[-8.54502,42.87789],[-8.54494,42.87804],[-8.54479,42.8783],[-8.54468,42.87848],[-8.54454,42.87869],[-8.54449,42.87879],[-8.54444,42.87889],[-8.54436,42.87921],[-8.54433,42.87932],[-8.54428,42.8795],[-8.54423,42.87963],[-8.5442,42.87981],[-8.54419,42.87984]]}},{"type":"Feature","properties":{"name":"Rúa da Raíña","kind":"road","road":"pedestrian","osm":30012496},"geometry":{"type":"LineString","coordinates":[[-8.5446,42.87988],[-8.54468,42.87958],[-8.5447,42.87942],[-8.54476,42.87908],[-8.54479,42.87886],[-8.54482,42.87884],[-8.54488,42.87875],[-8.54495,42.87873],[-8.54501,42.87859],[-8.5451,42.87853],[-8.5452,42.87855]]}},{"type":"Feature","properties":{"name":"Rúa de Fonseca","kind":"road","road":"pedestrian","osm":30012504},"geometry":{"type":"LineString","coordinates":[[-8.54448,42.87989],[-8.54452,42.87989],[-8.5446,42.87988],[-8.5452,42.87983]]}},{"type":"Feature","properties":{"name":"Praza das Praterías","kind":"road","road":"pedestrian","osm":30012528},"geometry":{"type":"LineString","coordinates":[[-8.54448,42.87989],[-8.54444,42.87989],[-8.54426,42.87985],[-8.54419,42.87984]]}},{"type":"Feature","properties":{"name":"Praza da Quintana de Vivos","kind":"road","road":"pedestrian","osm":30012560},"geometry":{"type":"LineString","coordinates":[[-8.54352,42.88075],[-8.54352,42.88085],[-8.54354,42.88086],[-8.54356,42.88086],[-8.54369,42.88086],[-8.54385,42.88085],[-8.54392,42.88085],[-8.54396,42.88087],[-8.54397,42.88085],[-8.54397,42.88076],[-8.54372,42.88076],[-8.54352,42.88075]]}},{"type":"Feature","properties":{"name":"Ruela de Entrecercas","kind":"road","road":"pedestrian","osm":31753749},"geometry":{"type":"LineString","coordinates":[[-8.54594,42.87725],[-8.54589,42.87728],[-8.54574,42.87733],[-8.54575,42.87738],[-8.54576,42.87739],[-8.54578,42.8774],[-8.54584,42.87744],[-8.54593,42.87757],[-8.54602,42.87785],[-8.54603,42.87794],[-8.546,42.87803],[-8.54595,42.87818],[-8.54596,42.87835]]}},{"type":"Feature","properties":{"name":"Ruela de Fonterrabía","kind":"road","road":"pedestrian","osm":31753762},"geometry":{"type":"LineString","coordinates":[[-8.54521,42.8772],[-8.54525,42.8774]]}},{"type":"Feature","properties":{"name":"Rúa de Entremurallas","kind":"road","road":"pedestrian","osm":31753767},"geometry":{"type":"LineString","coordinates":[[-8.54419,42.87705],[-8.54442,42.87701],[-8.54455,42.877],[-8.5448,42.877],[-8.54515,42.87701]]}},{"type":"Feature","properties":{"name":"Rúa dos Bautizados","kind":"road","road":"pedestrian","osm":31753780},"geometry":{"type":"LineString","coordinates":[[-8.54575,42.87738],[-8.54564,42.87736],[-8.54525,42.8774],[-8.54511,42.87742]]}},{"type":"Feature","properties":{"name":"Rúa Nova","kind":"road","road":"pedestrian","osm":31753787},"geometry":{"type":"LineString","coordinates":[[-8.54438,42.87752],[-8.54421,42.87771],[-8.54413,42.87781],[-8.54394,42.87805],[-8.54379,42.87832],[-8.54365,42.8786],[-8.54347,42.87903],[-8.54342,42.87923],[-8.54328,42.87972]]}},{"type":"Feature","properties":{"name":"Tránsito dos Gramáticos","kind":"road","road":"pedestrian","osm":31753793},"geometry":{"type":"LineString","coordinates":[[-8.54296,42.8774],[-8.54299,42.87742],[-8.543,42.87744],[-8.54286,42.87756],[-8.54274,42.87769],[-8.5427,42.87772],[-8.54261,42.87794],[-8.54259,42.87796]]}},{"type":"Feature","properties":{"name":"Arco do Pazo","kind":"road","road":"pedestrian","osm":31753800},"geometry":{"type":"LineString","coordinates":[[-8.54501,42.88097],[-8.54472,42.88106],[-8.54462,42.88109]]}},{"type":"Feature","properties":{"name":"Rúa do Castro","kind":"road","road":"pedestrian","osm":31753893},"geometry":{"type":"LineString","coordinates":[[-8.54229,42.87972],[-8.54221,42.87964],[-8.54218,42.87936],[-8.54224,42.87927],[-8.54234,42.87913],[-8.54238,42.87908]]}},{"type":"Feature","properties":{"name":"Rúa de San Bieito","kind":"road","road":"pedestrian","osm":31753903},"geometry":{"type":"LineString","coordinates":[[-8.54242,42.88116],[-8.54205,42.88111],[-8.54179,42.88108],[-8.54164,42.88106]]}},{"type":"Feature","properties":{"name":"Vía Sacra","kind":"road","road":"pedestrian","osm":31753917},"geometry":{"type":"LineString","coordinates":[[-8.54332,42.88124],[-8.54335,42.881]]}},{"type":"Feature","properties":{"name":"Vía Sacra","kind":"road","road":"pedestrian","osm":31753929},"geometry":{"type":"LineString","coordinates":[[-8.54336,42.88096],[-8.54339,42.88088],[-8.5435,42.88088]]}},{"type":"Feature","properties":{"name":"Rúa da Conga","kind":"road","road":"pedestrian","osm":31753942},"geometry":{"type":"LineString","coordinates":[[-8.5442,42.88007],[-8.5441,42.88006],[-8.54387,42.88003],[-8.54349,42.87998],[-8.54331,42.87996],[-8.54282,42.87987]]}},{"type":"Feature","properties":{"name":"","kind":"road","road":"pedestrian","osm":31753945},"geometry":{"type":"LineString","coordinates":[[-8.54337,42.87974],[-8.54331,42.87996]]}},{"type":"Feature","properties":{"name":"Praza da Fonte Sequelo","kind":"road","road":"pedestrian","osm":31753968},"geometry":{"type":"LineString","coordinates":[[-8.54291,42.8797],[-8.54291,42.87968],[-8.54291,42.87967],[-8.54285,42.87966],[-8.54279,42.87966],[-8.54274,42.87966],[-8.54269,42.87966],[-8.54259,42.87968],[-8.54253,42.87969],[-8.54256,42.87971],[-8.54259,42.87973],[-8.54263,42.87975],[-8.54279,42.87986],[-8.5428,42.87984],[-8.54281,42.87982],[-8.5428,42.87981],[-8.54281,42.87975],[-8.5428,42.87975],[-8.54279,42.87975],[-8.54278,42.87975],[-8.54277,42.87975],[-8.54276,42.87974],[-8.54275,42.87973],[-8.54276,42.87972],[-8.54276,42.87971],[-8.54277,42.87971],[-8.54278,42.87971],[-8.54279,42.87971],[-8.54279,42.87973],[-8.54279,42.87974],[-8.54281,42.87974],[-8.54282,42.87974],[-8.5429,42.87975],[-8.5429,42.8797],[-8.54291,42.8797]]}},{"type":"Feature","properties":{"name":"Praza da Quintana de Mortos","kind":"road","road":"pedestrian","osm":31753985},"geometry":{"type":"LineString","coordinates":[[-8.54349,42.87998],[-8.5435,42.88015],[-8.54351,42.88017]]}},{"type":"Feature","properties":{"name":"Rúa de Santo Domingo de la Calzada","kind":"road","road":"pedestrian","osm":37674539},"geometry":{"type":"LineString","coordinates":[[-8.54883,42.87526],[-8.54929,42.8747]]}},{"type":"Feature","properties":{"name":"Rúa de San Francisco","kind":"road","road":"pedestrian","osm":39075321},"geometry":{"type":"LineString","coordinates":[[-8.54536,42.88094],[-8.54538,42.88104],[-8.54548,42.88172],[-8.54551,42.88196],[-8.54548,42.88231],[-8.54538,42.88287],[-8.54537,42.88297]]}},{"type":"Feature","properties":{"name":"","kind":"park","road":"","osm":39237330},"geometry":{"type":"Polygon","coordinates":[[[-8.54623,42.88172],[-8.54626,42.88169],[-8.54624,42.88156],[-8.5462,42.88154],[-8.54607,42.88155],[-8.54604,42.88158],[-8.54606,42.8817],[-8.5461,42.88173],[-8.54623,42.88172]]]}},{"type":"Feature","properties":{"name":"","kind":"park","road":"","osm":39237331},"geometry":{"type":"Polygon","coordinates":[[[-8.54585,42.88175],[-8.54582,42.88157],[-8.54564,42.88158],[-8.54566,42.88176],[-8.54585,42.88175]]]}},{"type":"Feature","properties":{"name":"Avenida do Mestre Mateo","kind":"road","road":"primary","osm":39245188},"geometry":{"type":"LineString","coordinates":[[-8.55752,42.87258],[-8.55736,42.87262],[-8.55724,42.87265],[-8.55695,42.8727]]}},{"type":"Feature","properties":{"name":"","kind":"park","road":"","osm":39251069},"geometry":{"type":"Polygon","coordinates":[[[-8.53897,42.88294],[-8.53866,42.88294],[-8.53867,42.88272],[-8.53897,42.88274],[-8.53897,42.88294]]]}},{"type":"Feature","properties":{"name":"Rúa de San Roque","kind":"road","road":"tertiary","osm":39251070},"geometry":{"type":"LineString","coordinates":[[-8.54216,42.88313],[-8.54215,42.88317],[-8.54196,42.88355],[-8.54195,42.88358],[-8.54193,42.8836],[-8.54191,42.88364],[-8.5419,42.88366],[-8.54189,42.88367]]}},{"type":"Feature","properties":{"name":"","kind":"park","road":"","osm":39251082},"geometry":{"type":"Polygon","coordinates":[[[-8.53703,42.87684],[-8.53676,42.87682],[-8.53679,42.87662],[-8.53705,42.87664],[-8.53703,42.87684]]]}},{"type":"Feature","properties":{"name":"","kind":"park","road":"","osm":39251083},"geometry":{"type":"Polygon","coordinates":[[[-8.53621,42.87678],[-8.53594,42.87676],[-8.53597,42.87657],[-8.53623,42.87659],[-8.53621,42.87678]]]}},{"type":"Feature","properties":{"name":"Praza de Cervantes","kind":"road","road":"pedestrian","osm":39253502},"geometry":{"type":"LineString","coordinates":[[-8.54242,42.88116],[-8.54286,42.8812]]}},{"type":"Feature","properties":{"name":"Rúa da Fonte de San Miguel","kind":"road","road":"pedestrian","osm":39253860},"geometry":{"type":"LineString","coordinates":[[-8.54347,42.88246],[-8.54348,42.88242],[-8.5435,42.88226],[-8.54348,42.88213],[-8.54347,42.88209],[-8.54346,42.88192],[-8.54349,42.88188]]}},{"type":"Feature","properties":{"name":"Praza de San Martiño Pinario","kind":"road","road":"pedestrian","osm":39253861},"geometry":{"type":"LineString","coordinates":[[-8.54392,42.88246],[-8.54382,42.88246],[-8.54363,42.88246],[-8.54357,42.88246],[-8.54351,42.88246],[-8.54347,42.88246],[-8.54343,42.88246],[-8.54343,42.88244],[-8.54345,42.88236],[-8.54345,42.88231],[-8.54346,42.88226],[-8.54345,42.88218],[-8.54344,42.88213],[-8.54343,42.88209],[-8.54347,42.88209],[-8.54351,42.88209],[-8.54357,42.88209],[-8.54361,42.88209],[-8.54371,42.88209],[-8.54372,42.88209],[-8.54381,42.88208],[-8.54381,42.88209],[-8.5438,42.88209],[-8.54381,42.8821],[-8.5438,42.8821],[-8.54381,42.88212],[-8.54382,42.88215],[-8.54381,42.88215],[-8.54382,42.88218],[-8.54381,42.88218],[-8.54381,42.88219],[-8.54381,42.8822],[-8.54382,42.8822],[-8.54382,42.88221],[-8.54383,42.88223],[-8.54383,42.88225],[-8.54383,42.88226],[-8.54382,42.88226],[-8.54382,42.88227],[-8.54383,42.88227],[-8.54383,42.88228],[-8.54384,42.88228],[-8.54385,42.8823],[-8.54386,42.88233],[-8.54385,42.88233],[-8.54386,42.88235],[-8.54387,42.88235],[-8.54387,42.88237],[-8.54389,42.88236],[-8.54391,42.88242],[-8.54392,42.88246]]}},{"type":"Feature","properties":{"name":"","kind":"road","road":"secondary","osm":39254905},"geometry":{"type":"LineString","coordinates":[[-8.53962,42.87309],[-8.53961,42.87303],[-8.53957,42.87298],[-8.53952,42.87294],[-8.53945,42.87291]]}},{"type":"Feature","properties":{"name":"Avenida do Mestre Mateo","kind":"road","road":"primary","osm":39269667},"geometry":{"type":"LineString","coordinates":[[-8.56122,42.87204],[-8.56113,42.87208],[-8.5611,42.87209],[-8.56107,42.8721],[-8.56104,42.8721],[-8.56101,42.87211],[-8.56093,42.87212],[-8.5597,42.87229],[-8.55833,42.8725],[-8.55817,42.87252],[-8.55809,42.87252],[-8.55803,42.87252],[-8.55795,42.87251]]}},{"type":"Feature","properties":{"name":"Avenida de Antonio Raimundo Ibáñez","kind":"road","road":"pedestrian","osm":39270361},"geometry":{"type":"LineString","coordinates":[[-8.55377,42.87739],[-8.55376,42.87733],[-8.55375,42.8772],[-8.55373,42.87709],[-8.55372,42.87703]]}},{"type":"Feature","properties":{"name":"","kind":"road","road":"pedestrian","osm":40308420},"geometry":{"type":"LineString","coordinates":[[-8.54448,42.88105],[-8.54446,42.88089],[-8.54446,42.88088]]}},{"type":"Feature","properties":{"name":"Praza da Universidade","kind":"road","road":"pedestrian","osm":41723374},"geometry":{"type":"LineString","coordinates":[[-8.54241,42.87901],[-8.54245,42.87901],[-8.54247,42.87895],[-8.54248,42.87891],[-8.54249,42.87886],[-8.5425,42.87885],[-8.54251,42.87881],[-8.54256,42.87871],[-8.54263,42.8786],[-8.54264,42.87858],[-8.54265,42.87856],[-8.54248,42.87851],[-8.54254,42.87839],[-8.54249,42.87838],[-8.54242,42.87837],[-8.54241,42.87836],[-8.54236,42.87835],[-8.54236,42.87836],[-8.54237,42.87836],[-8.54237,42.87838],[-8.54237,42.87841],[-8.54238,42.87841],[-8.5424,42.87854],[-8.54239,42.87854],[-8.54239,42.87855],[-8.5423,42.87855],[-8.5423,42.87856],[-8.54232,42.87865],[-8.54231,42.87865],[-8.54232,42.87871],[-8.54233,42.87872],[-8.54235,42.87885],[-8.54235,42.87886],[-8.54235,42.87893],[-8.54237,42.87901],[-8.54241,42.87901]]}},{"type":"Feature","properties":{"name":"Avenida de Raxoi","kind":"road","road":"pedestrian","osm":42806825},"geometry":{"type":"LineString","coordinates":[[-8.54619,42.87918],[-8.54624,42.87941],[-8.54628,42.87964],[-8.54626,42.87979],[-8.54626,42.87983],[-8.54612,42.87987],[-8.54599,42.87992],[-8.54581,42.87999]]}},{"type":"Feature","properties":{"name":"Praza Roxa","kind":"road","road":"pedestrian","osm":42806826},"geometry":{"type":"LineString","coordinates":[[-8.54974,42.87425],[-8.54967,42.87419],[-8.54951,42.87411],[-8.54946,42.87409],[-8.54939,42.87404],[-8.54923,42.87409],[-8.54914,42.87412],[-8.54913,42.87425],[-8.54907,42.87429],[-8.54903,42.87434],[-8.54901,42.87439],[-8.54901,42.87447],[-8.54901,42.87448],[-8.54902,42.87453],[-8.54905,42.87457],[-8.5491,42.87463],[-8.54915,42.87466],[-8.54916,42.87466],[-8.54919,42.87467],[-8.54921,42.87468],[-8.54925,42.87469],[-8.54929,42.8747],[-8.54932,42.87471],[-8.54937,42.87471],[-8.54939,42.87472],[-8.54946,42.87469],[-8.54954,42.87467],[-8.54961,42.87463],[-8.54966,42.87458],[-8.5497,42.87453],[-8.54976,42.8745],[-8.54977,42.87447],[-8.54979,42.87444],[-8.54985,42.87436],[-8.5498,42.87429],[-8.54974,42.87425]]}},{"type":"Feature","properties":{"name":"Tránsito da Quintana","kind":"road","road":"pedestrian","osm":42807958},"geometry":{"type":"LineString","coordinates":[[-8.54396,42.88087],[-8.54398,42.88094],[-8.5441,42.88092]]}},{"type":"Feature","properties":{"name":"Rúa da Conga","kind":"road","road":"pedestrian","osm":43276598},"geometry":{"type":"LineString","coordinates":[[-8.54282,42.87987],[-8.54271,42.88],[-8.54262,42.88005],[-8.54257,42.88007]]}},{"type":"Feature","properties":{"name":"Rúa de Xelmírez","kind":"road","road":"pedestrian","osm":43276599},"geometry":{"type":"LineString","coordinates":[[-8.54271,42.87969],[-8.54281,42.87968],[-8.54291,42.87968],[-8.543,42.87969],[-8.54328,42.87972],[-8.54337,42.87974],[-8.54371,42.87978],[-8.54414,42.87984],[-8.54419,42.87984]]}},{"type":"Feature","properties":{"name":"Cantón do Toural","kind":"road","road":"pedestrian","osm":43280811},"geometry":{"type":"LineString","coordinates":[[-8.54472,42.87751],[-8.54438,42.87752],[-8.54414,42.87747]]}},{"type":"Feature","properties":{"name":"Ruela do Peso","kind":"road","road":"pedestrian","osm":43280812},"geometry":{"type":"LineString","coordinates":[[-8.54525,42.87701],[-8.5456,42.877],[-8.54562,42.87706],[-8.54574,42.87733]]}},{"type":"Feature","properties":{"name":"Rúa do Cardeal Payá","kind":"road","road":"pedestrian","osm":43280813},"geometry":{"type":"LineString","coordinates":[[-8.54319,42.87812],[-8.54263,42.87797],[-8.54259,42.87796]]}},{"type":"Feature","properties":{"name":"Rúa das Orfas","kind":"road","road":"pedestrian","osm":43280814},"geometry":{"type":"LineString","coordinates":[[-8.54319,42.87812],[-8.54337,42.87804],[-8.54379,42.87783],[-8.54398,42.87767],[-8.54409,42.87753],[-8.54414,42.87747],[-8.54416,42.87742],[-8.54417,42.87733],[-8.54419,42.87709],[-8.54419,42.87705],[-8.54418,42.87697],[-8.54418,42.87693],[-8.54417,42.8769]]}},{"type":"Feature","properties":{"name":"Rúa da Caldeirería","kind":"road","road":"pedestrian","osm":43280816},"geometry":{"type":"LineString","coordinates":[[-8.54297,42.87843],[-8.54286,42.87861],[-8.54284,42.87864],[-8.54271,42.87886],[-8.5426,42.87906],[-8.54257,42.8791],[-8.54257,42.87911],[-8.54253,42.87917],[-8.54252,42.87919],[-8.54239,42.87943],[-8.54232,42.87967],[-8.54229,42.87972]]}},{"type":"Feature","properties":{"name":"Rúa do Preguntoiro","kind":"road","road":"pedestrian","osm":43280817},"geometry":{"type":"LineString","coordinates":[[-8.54242,42.88116],[-8.54245,42.88109],[-8.54246,42.88102],[-8.54237,42.88079],[-8.54234,42.88068],[-8.54227,42.88054],[-8.54225,42.88036],[-8.54226,42.88007]]}},{"type":"Feature","properties":{"name":"Rúa do Preguntoiro","kind":"road","road":"pedestrian","osm":43280818},"geometry":{"type":"LineString","coordinates":[[-8.54226,42.88007],[-8.54228,42.87979],[-8.54229,42.87972]]}},{"type":"Feature","properties":{"name":"Rúa de San Paio de Antealtares","kind":"road","road":"pedestrian","osm":43280819},"geometry":{"type":"LineString","coordinates":[[-8.54257,42.88007],[-8.54271,42.88056],[-8.54278,42.88072],[-8.54288,42.88084],[-8.54294,42.88089],[-8.54306,42.88094],[-8.54325,42.88098],[-8.54335,42.881]]}},{"type":"Feature","properties":{"name":"Travesa de San Paio de Antealtares","kind":"road","road":"pedestrian","osm":43280820},"geometry":{"type":"LineString","coordinates":[[-8.54234,42.88068],[-8.54271,42.88056]]}},{"type":"Feature","properties":{"name":"Praza da Pescadería Vella","kind":"road","road":"pedestrian","osm":43280821},"geometry":{"type":"LineString","coordinates":[[-8.54199,42.88072],[-8.54204,42.88073],[-8.54205,42.88073],[-8.54205,42.8807],[-8.54205,42.88064],[-8.54205,42.88062],[-8.54205,42.88055],[-8.54205,42.88054],[-8.54203,42.88054],[-8.54199,42.88053],[-8.54199,42.88052],[-8.54196,42.88052],[-8.54192,42.88056],[-8.54189,42.88059],[-8.54182,42.88066],[-8.54178,42.8807],[-8.54178,42.88075],[-8.54178,42.88078],[-8.54186,42.88079],[-8.54191,42.8808],[-8.54195,42.88081],[-8.54198,42.8808],[-8.54199,42.88072]]}},{"type":"Feature","properties":{"name":"","kind":"road","road":"pedestrian","osm":43280822},"geometry":{"type":"LineString","coordinates":[[-8.54227,42.88054],[-8.54205,42.88054],[-8.54201,42.88055],[-8.54178,42.88075],[-8.54173,42.8808]]}},{"type":"Feature","properties":{"name":"Cantón de San Bieito","kind":"road","road":"pedestrian","osm":43280823},"geometry":{"type":"LineString","coordinates":[[-8.54164,42.88106],[-8.54169,42.88095],[-8.54172,42.88086],[-8.54173,42.8808]]}},{"type":"Feature","properties":{"name":"Praza de Santo Agostiño","kind":"road","road":"pedestrian","osm":43280829},"geometry":{"type":"LineString","coordinates":[[-8.54178,42.8807],[-8.54161,42.88064],[-8.54158,42.88062],[-8.54155,42.88062],[-8.54142,42.88058],[-8.54137,42.88057],[-8.54132,42.88056],[-8.54127,42.88069],[-8.54129,42.88071],[-8.54132,42.88071],[-8.54138,42.88072],[-8.54147,42.88074],[-8.54152,42.88075],[-8.54159,42.88076],[-8.54164,42.88078],[-8.5417,42.88079],[-8.54173,42.8808],[-8.54178,42.88078],[-8.54178,42.88075],[-8.54178,42.8807]]}},{"type":"Feature","properties":{"name":"Praza de San Fiz de Solovio","kind":"road","road":"pedestrian","osm":43280830},"geometry":{"type":"LineString","coordinates":[[-8.54076,42.88035],[-8.5409,42.87993],[-8.54106,42.8795],[-8.54116,42.87952],[-8.54131,42.87954],[-8.54143,42.87956],[-8.54157,42.87959],[-8.5416,42.87959],[-8.54165,42.8796],[-8.54171,42.87961]]}},{"type":"Feature","properties":{"name":"Rúa de Altamira","kind":"road","road":"pedestrian","osm":43280831},"geometry":{"type":"LineString","coordinates":[[-8.54186,42.87968],[-8.54184,42.87973],[-8.54179,42.87991],[-8.54176,42.88008],[-8.54172,42.88033],[-8.54158,42.88062]]}},{"type":"Feature","properties":{"name":"Praza de San Fiz de Solovio","kind":"road","road":"pedestrian","osm":43280832},"geometry":{"type":"LineString","coordinates":[[-8.54192,42.87916],[-8.54186,42.87916],[-8.54142,42.87918],[-8.5414,42.87923],[-8.54139,42.87926],[-8.54173,42.87932],[-8.54174,42.87932],[-8.54173,42.87937],[-8.54174,42.87937],[-8.54172,42.87945],[-8.54171,42.87945],[-8.5417,42.87949],[-8.54168,42.8795],[-8.54168,42.87951],[-8.54168,42.87952],[-8.54165,42.8796],[-8.54164,42.87966],[-8.54169,42.87966],[-8.54174,42.87964],[-8.54179,42.8796],[-8.54183,42.87956],[-8.54187,42.87941],[-8.54189,42.87935],[-8.54182,42.87934],[-8.54185,42.87928],[-8.54188,42.87923],[-8.5419,42.8792],[-8.54192,42.87916]]}},{"type":"Feature","properties":{"name":"Rúa das Ameas","kind":"road","road":"pedestrian","osm":43280833},"geometry":{"type":"LineString","coordinates":[[-8.5414,42.8805],[-8.54127,42.88047],[-8.54114,42.88044],[-8.54099,42.8804],[-8.54088,42.88038],[-8.54076,42.88035],[-8.54074,42.88034]]}},{"type":"Feature","properties":{"name":"","kind":"road","road":"pedestrian","osm":43280834},"geometry":{"type":"LineString","coordinates":[[-8.54117,42.87998],[-8.54116,42.87998],[-8.54102,42.87995],[-8.5409,42.87993]]}},{"type":"Feature","properties":{"name":"Rúa da Tafona","kind":"road","road":"pedestrian","osm":43281314},"geometry":{"type":"LineString","coordinates":[[-8.54038,42.88074],[-8.54029,42.88072],[-8.53996,42.88065],[-8.53985,42.88062],[-8.53973,42.88054],[-8.53948,42.88046],[-8.53929,42.88037]]}},{"type":"Feature","properties":{"name":"Rúa de Santo Agostiño","kind":"road","road":"pedestrian","osm":43281315},"geometry":{"type":"LineString","coordinates":[[-8.54127,42.88069],[-8.54113,42.88097],[-8.54108,42.88112]]}},{"type":"Feature","properties":{"name":"Praza do Irmán Gómez","kind":"road","road":"pedestrian","osm":43281316},"geometry":{"type":"LineString","coordinates":[[-8.54063,42.88135],[-8.54061,42.88135],[-8.54044,42.88132],[-8.54059,42.88099],[-8.54104,42.8811],[-8.54108,42.88112],[-8.541,42.88113],[-8.54098,42.88117],[-8.54096,42.88121],[-8.54094,42.8812],[-8.54093,42.88121],[-8.5409,42.8812],[-8.54074,42.88114],[-8.54067,42.88128],[-8.54065,42.88135],[-8.54063,42.88135]]}},{"type":"Feature","properties":{"name":"Praza da Quintana de Mortos","kind":"road","road":"pedestrian","osm":43281318},"geometry":{"type":"LineString","coordinates":[[-8.54351,42.8807],[-8.54372,42.8807],[-8.54397,42.88071],[-8.54394,42.88057],[-8.54393,42.88046],[-8.5441,42.88045],[-8.54407,42.88023],[-8.54407,42.88022],[-8.54407,42.8802],[-8.54354,42.88014],[-8.5435,42.88015],[-8.54348,42.88016],[-8.5435,42.88048],[-8.54351,42.8807]]}},{"type":"Feature","properties":{"name":"","kind":"road","road":"pedestrian","osm":43283997},"geometry":{"type":"LineString","coordinates":[[-8.54284,42.87864],[-8.54264,42.87858],[-8.54245,42.87854]]}},{"type":"Feature","properties":{"name":"Avenida de Figueroa","kind":"road","road":"pedestrian","osm":43284175},"geometry":{"type":"LineString","coordinates":[[-8.5463,42.87782],[-8.5462,42.87766],[-8.54602,42.87736],[-8.546,42.87732]]}},{"type":"Feature","properties":{"name":"Travesa de Fonseca","kind":"road","road":"pedestrian","osm":43284179},"geometry":{"type":"LineString","coordinates":[[-8.54511,42.87902],[-8.54543,42.87904],[-8.54562,42.87905],[-8.546,42.87906],[-8.54605,42.87904],[-8.54615,42.87904]]}},{"type":"Feature","properties":{"name":"Rúa da Moeda Vella","kind":"road","road":"pedestrian","osm":43775039},"geometry":{"type":"LineString","coordinates":[[-8.54372,42.88209],[-8.54383,42.88201],[-8.5438,42.8819],[-8.54379,42.88183],[-8.54374,42.8816]]}},{"type":"Feature","properties":{"name":"Rúa da Algalia de Abaixo","kind":"road","road":"pedestrian","osm":43775065},"geometry":{"type":"LineString","coordinates":[[-8.5422,42.88139],[-8.54219,42.88142],[-8.54219,42.88144]]}},{"type":"Feature","properties":{"name":"Praza de San Miguel dos Agros","kind":"road","road":"pedestrian","osm":43775073},"geometry":{"type":"LineString","coordinates":[[-8.54345,42.88218],[-8.54333,42.88219],[-8.54321,42.8822],[-8.54305,42.88221],[-8.543,42.88221],[-8.54296,42.88222],[-8.54295,42.88212],[-8.54296,42.88212],[-8.54297,42.88211],[-8.54298,42.88209],[-8.54298,42.8821],[-8.54299,42.8821],[-8.54299,42.88211],[-8.54303,42.8821],[-8.54307,42.8821],[-8.54311,42.8821],[-8.54312,42.8821],[-8.54312,42.88208],[-8.54316,42.88208],[-8.54317,42.88209],[-8.54318,42.88209],[-8.54326,42.88209],[-8.54333,42.88209],[-8.54343,42.88209],[-8.54344,42.88213],[-8.54345,42.88218]]}},{"type":"Feature","properties":{"name":"Ruela de Xerusalén","kind":"road","road":"pedestrian","osm":43775079},"geometry":{"type":"LineString","coordinates":[[-8.54293,42.88121],[-8.54293,42.88127],[-8.54297,42.88137],[-8.54308,42.88155],[-8.54316,42.88168],[-8.54319,42.88185],[-8.54316,42.88188],[-8.54317,42.88209]]}},{"type":"Feature","properties":{"name":"Rúa de San Miguel dos Agros","kind":"road","road":"pedestrian","osm":43775083},"geometry":{"type":"LineString","coordinates":[[-8.5428,42.8821],[-8.54297,42.88211]]}},{"type":"Feature","properties":{"name":"Praza de Salvador Parga","kind":"road","road":"pedestrian","osm":43776953},"geometry":{"type":"LineString","coordinates":[[-8.54181,42.88195],[-8.54179,42.88199],[-8.54177,42.88198],[-8.54168,42.88196],[-8.54165,42.88196],[-8.54161,42.88195],[-8.54145,42.88191],[-8.54146,42.88189],[-8.54148,42.88181],[-8.5415,42.88177],[-8.5415,42.88176],[-8.5415,42.88169],[-8.5416,42.88164],[-8.54175,42.88158],[-8.54164,42.88184],[-8.54168,42.8819],[-8.54179,42.88193],[-8.54185,42.88194],[-8.54198,42.88198],[-8.54197,42.88198],[-8.54197,42.88199],[-8.54181,42.88195]]}},{"type":"Feature","properties":{"name":"Rúa de Entremuros","kind":"road","road":"pedestrian","osm":43779911},"geometry":{"type":"LineString","coordinates":[[-8.54057,42.88185],[-8.54057,42.88189],[-8.54058,42.88195],[-8.54063,42.88209],[-8.54069,42.88227],[-8.54092,42.88244],[-8.54128,42.88265],[-8.54153,42.88277],[-8.5417,42.88283]]}},{"type":"Feature","properties":{"name":"Praza da Algalia de Abaixo","kind":"road","road":"pedestrian","osm":43780361},"geometry":{"type":"LineString","coordinates":[[-8.54202,42.88291],[-8.54202,42.8829],[-8.54203,42.88287],[-8.54205,42.88282],[-8.54205,42.88281],[-8.54194,42.88282],[-8.54195,42.88264],[-8.54178,42.88263],[-8.54177,42.88266],[-8.54172,42.88281],[-8.5417,42.88283],[-8.54168,42.88291],[-8.54178,42.88294],[-8.54181,42.88286],[-8.54199,42.88291],[-8.54201,42.88291],[-8.54202,42.88291]]}},{"type":"Feature","properties":{"name":"Rúa da Atalaia","kind":"road","road":"pedestrian","osm":43780364},"geometry":{"type":"LineString","coordinates":[[-8.54327,42.88319],[-8.543,42.88314],[-8.54281,42.88309],[-8.54262,42.88304],[-8.5426,42.88304]]}},{"type":"Feature","properties":{"name":"Praza da Algalia de Abaixo","kind":"road","road":"pedestrian","osm":43780367},"geometry":{"type":"LineString","coordinates":[[-8.54202,42.88291],[-8.5422,42.88295]]}},{"type":"Feature","properties":{"name":"Praza de San Roque","kind":"road","road":"pedestrian","osm":43780370},"geometry":{"type":"LineString","coordinates":[[-8.54223,42.88287],[-8.5422,42.88295],[-8.54218,42.88299],[-8.54217,42.883]]}},{"type":"Feature","properties":{"name":"Rúa de Santa Cristina","kind":"road","road":"pedestrian","osm":43782646},"geometry":{"type":"LineString","coordinates":[[-8.54343,42.88265],[-8.54293,42.88264],[-8.5429,42.88271],[-8.54289,42.88277],[-8.54285,42.88278],[-8.54282,42.88283],[-8.54276,42.88283],[-8.54263,42.88282],[-8.54224,42.88279]]}},{"type":"Feature","properties":{"name":"Praza da Atalaia","kind":"road","road":"pedestrian","osm":43783870},"geometry":{"type":"LineString","coordinates":[[-8.54263,42.88282],[-8.54262,42.88295],[-8.54262,42.88304]]}},{"type":"Feature","properties":{"name":"Avenida de Romero Donallo","kind":"road","road":"tertiary","osm":52288286},"geometry":{"type":"LineString","coordinates":[[-8.55197,42.87218],[-8.5532,42.87302],[-8.55331,42.87308]]}},{"type":"Feature","properties":{"name":"Avenida de Romero Donallo","kind":"road","road":"primary","osm":52288293},"geometry":{"type":"LineString","coordinates":[[-8.54916,42.87025],[-8.54965,42.87057],[-8.54968,42.8706],[-8.55009,42.87087],[-8.55086,42.87139],[-8.5512,42.87163],[-8.5513,42.87169]]}},{"type":"Feature","properties":{"name":"Avenida de Romero Donallo","kind":"road","road":"tertiary","osm":52288294},"geometry":{"type":"LineString","coordinates":[[-8.55346,42.873],[-8.55333,42.87291],[-8.55216,42.87211],[-8.55206,42.87207]]}},{"type":"Feature","properties":{"name":"Rúa de Diego de Muros","kind":"road","road":"pedestrian","osm":52290243},"geometry":{"type":"LineString","coordinates":[[-8.54951,42.87403],[-8.5494,42.87397],[-8.54932,42.87385],[-8.54925,42.87373],[-8.54923,42.8737],[-8.54913,42.87353],[-8.54906,42.87343],[-8.54907,42.87336],[-8.54862,42.87266]]}},{"type":"Feature","properties":{"name":"","kind":"road","road":"pedestrian","osm":52290244},"geometry":{"type":"LineString","coordinates":[[-8.54907,42.87336],[-8.54872,42.87348]]}},{"type":"Feature","properties":{"name":"Praza de Mazarelos","kind":"road","road":"pedestrian","osm":57832842},"geometry":{"type":"LineString","coordinates":[[-8.54242,42.87837],[-8.54241,42.87836],[-8.54236,42.87835],[-8.54232,42.87836],[-8.54206,42.87838],[-8.54202,42.87823],[-8.542,42.87814],[-8.54201,42.87814],[-8.54202,42.87814],[-8.54208,42.87812],[-8.54211,42.8781],[-8.54216,42.87808],[-8.5422,42.87807],[-8.54224,42.87805],[-8.54229,42.87803],[-8.54232,42.87802],[-8.54235,42.878],[-8.5424,42.87802],[-8.54246,42.87798],[-8.5425,42.87795],[-8.54251,42.87796],[-8.54258,42.87793],[-8.54261,42.87794],[-8.54264,42.87795],[-8.54263,42.87797],[-8.54261,42.87802],[-8.54257,42.87814],[-8.54256,42.87818],[-8.54255,42.87823],[-8.54253,42.87827],[-8.54253,42.87828],[-8.54252,42.87832],[-8.5425,42.87837],[-8.54249,42.87838],[-8.54242,42.87837]]}},{"type":"Feature","properties":{"name":"","kind":"road","road":"pedestrian","osm":68452670},"geometry":{"type":"LineString","coordinates":[[-8.54575,42.88049],[-8.54582,42.88084],[-8.54583,42.8809]]}},{"type":"Feature","properties":{"name":"Rúa da Caramoniña","kind":"road","road":"pedestrian","osm":77430953},"geometry":{"type":"LineString","coordinates":[[-8.53969,42.88223],[-8.53972,42.88226],[-8.53993,42.88249],[-8.54011,42.88262],[-8.54002,42.88275],[-8.53996,42.88291],[-8.53998,42.883]]}},{"type":"Feature","properties":{"name":"Rúa do Campo da Angustia","kind":"road","road":"pedestrian","osm":77431003},"geometry":{"type":"LineString","coordinates":[[-8.53547,42.88252],[-8.53555,42.88253],[-8.53556,42.88253],[-8.53634,42.88228],[-8.53646,42.88224]]}},{"type":"Feature","properties":{"name":"Avenida de Rosalía de Castro","kind":"road","road":"tertiary","osm":77432809},"geometry":{"type":"LineString","coordinates":[[-8.55001,42.87559],[-8.54991,42.87563],[-8.54985,42.87565],[-8.54978,42.87568],[-8.54948,42.8758],[-8.54923,42.87589],[-8.54905,42.87597],[-8.549,42.87599]]}},{"type":"Feature","properties":{"name":"Rúa dos Feáns","kind":"road","road":"pedestrian","osm":77432876},"geometry":{"type":"LineString","coordinates":[[-8.55208,42.87419],[-8.55212,42.87421],[-8.55231,42.87435],[-8.55271,42.87469],[-8.55274,42.87474],[-8.55277,42.87484],[-8.5528,42.87495]]}},{"type":"Feature","properties":{"name":"Rúa de Rodríguez Carracido","kind":"road","road":"pedestrian","osm":77433195},"geometry":{"type":"LineString","coordinates":[[-8.54893,42.87256],[-8.54895,42.87259],[-8.54937,42.87325],[-8.54947,42.87341],[-8.54947,42.87342],[-8.54932,42.87347],[-8.54923,42.8735],[-8.54922,42.8735],[-8.54912,42.87334],[-8.54907,42.87336]]}},{"type":"Feature","properties":{"name":"Avenida de Rosalía de Castro","kind":"road","road":"tertiary","osm":77433273},"geometry":{"type":"LineString","coordinates":[[-8.55636,42.8716],[-8.55621,42.87167],[-8.55588,42.87183]]}},{"type":"Feature","properties":{"name":"Rúa das Salvadas","kind":"road","road":"secondary","osm":77487341},"geometry":{"type":"LineString","coordinates":[[-8.54769,42.88575],[-8.5477,42.88581],[-8.54772,42.88608],[-8.54773,42.88628],[-8.54773,42.88641],[-8.54773,42.88647],[-8.54773,42.88653],[-8.5477,42.88665],[-8.54768,42.88671],[-8.54766,42.88678],[-8.5476,42.88689],[-8.54748,42.88716],[-8.5472,42.88778],[-8.54714,42.88795],[-8.54705,42.88829],[-8.54701,42.88847],[-8.54697,42.88867],[-8.54696,42.88876]]}},{"type":"Feature","properties":{"name":"Parque da Alameda","kind":"park","road":"","osm":77511450},"geometry":{"type":"Polygon","coordinates":[[[-8.54729,42.87751],[-8.54746,42.87763],[-8.54805,42.87813],[-8.54813,42.87825],[-8.54909,42.87934],[-8.54938,42.87944],[-8.54984,42.87933],[-8.54972,42.87895],[-8.54973,42.87892],[-8.55057,42.87852],[-8.55108,42.87811],[-8.55137,42.87755],[-8.55135,42.87737],[-8.55135,42.87732],[-8.55134,42.8772],[-8.55118,42.87702],[-8.55058,42.8763],[-8.55038,42.87638],[-8.54931,42.87636],[-8.5492,42.87645],[-8.5489,42.87651],[-8.54871,42.87652],[-8.54861,42.87649],[-8.54814,42.87658],[-8.54811,42.87654],[-8.54805,42.87644],[-8.54679,42.87688],[-8.54645,42.87708],[-8.54637,42.87714],[-8.54633,42.87717],[-8.5463,42.87721],[-8.54628,42.87724],[-8.54627,42.87727],[-8.54629,42.87733],[-8.54633,42.87742],[-8.5464,42.87747],[-8.54644,42.87748],[-8.54649,42.87748],[-8.54664,42.87747],[-8.54676,42.87746],[-8.54713,42.87742],[-8.54729,42.87751]]]}},{"type":"Feature","properties":{"name":"Parque das Galeras","kind":"park","road":"","osm":77530108},"geometry":{"type":"Polygon","coordinates":[[[-8.54868,42.88416],[-8.54859,42.88446],[-8.54864,42.88442],[-8.54868,42.8844],[-8.54875,42.88439],[-8.54934,42.88455],[-8.54939,42.88457],[-8.54943,42.88461],[-8.54944,42.88468],[-8.54948,42.88475],[-8.54952,42.88477],[-8.54954,42.88481],[-8.5496,42.88484],[-8.54968,42.88484],[-8.54971,42.88482],[-8.54971,42.88476],[-8.54967,42.8846],[-8.54965,42.88443],[-8.54968,42.8843],[-8.54979,42.88421],[-8.54996,42.88413],[-8.55015,42.88405],[-8.55031,42.88395],[-8.55034,42.88391],[-8.55039,42.88388],[-8.55047,42.88383],[-8.55059,42.88374],[-8.55067,42.88366],[-8.5507,42.88357],[-8.55073,42.88353],[-8.55076,42.88351],[-8.55069,42.88282],[-8.55063,42.88263],[-8.55057,42.88242],[-8.55084,42.88225],[-8.55089,42.88222],[-8.55112,42.88209],[-8.55134,42.88191],[-8.5517,42.88142],[-8.55185,42.88123],[-8.55152,42.88109],[-8.55144,42.88106],[-8.55137,42.88115],[-8.55121,42.88125],[-8.55107,42.88118],[-8.5508,42.88128],[-8.55085,42.88138],[-8.55086,42.88139],[-8.55086,42.8814],[-8.55121,42.88128],[-8.55142,42.88139],[-8.55134,42.8817],[-8.55119,42.88185],[-8.55103,42.88196],[-8.55082,42.88211],[-8.55073,42.88215],[-8.55062,42.88218],[-8.5505,42.88219],[-8.55045,42.88194],[-8.55037,42.88195],[-8.55025,42.88197],[-8.55018,42.88183],[-8.54942,42.88207],[-8.54929,42.88236],[-8.54897,42.88325],[-8.54868,42.88416]]]}},{"type":"Feature","properties":{"name":"Rúa do Hórreo","kind":"road","road":"tertiary","osm":77544173},"geometry":{"type":"LineString","coordinates":[[-8.54477,42.87373],[-8.54477,42.87365],[-8.54477,42.87356]]}},{"type":"Feature","properties":{"name":"Rúa do Pombal","kind":"road","road":"tertiary","osm":77589315},"geometry":{"type":"LineString","coordinates":[[-8.54955,42.88018],[-8.54956,42.88034],[-8.54957,42.88038],[-8.54957,42.88044]]}},{"type":"Feature","properties":{"name":"Rúa do Medio","kind":"road","road":"pedestrian","osm":77592708},"geometry":{"type":"LineString","coordinates":[[-8.53914,42.88194],[-8.53925,42.882],[-8.53934,42.88203]]}},{"type":"Feature","properties":{"name":"Rúa da Ponte de Sar","kind":"road","road":"tertiary","osm":77594109},"geometry":{"type":"LineString","coordinates":[[-8.53473,42.87124],[-8.53394,42.87042],[-8.53371,42.8702],[-8.53345,42.86998],[-8.53325,42.86982],[-8.5332,42.86978],[-8.53316,42.86973],[-8.53314,42.86966]]}},{"type":"Feature","properties":{"name":"A Ponte de Sar","kind":"road","road":"tertiary","osm":77594110},"geometry":{"type":"LineString","coordinates":[[-8.53605,42.87241],[-8.53585,42.87223]]}},{"type":"Feature","properties":{"name":"Rúa de Sar","kind":"road","road":"tertiary","osm":77594945},"geometry":{"type":"LineString","coordinates":[[-8.53688,42.87318],[-8.53676,42.87315],[-8.53648,42.87307],[-8.53642,42.87304],[-8.53637,42.873],[-8.53626,42.87289],[-8.53618,42.87277],[-8.53615,42.87271],[-8.53612,42.87261],[-8.53611,42.87252],[-8.53606,42.87242]]}},{"type":"Feature","properties":{"name":"Rúa de Sar","kind":"road","road":"tertiary","osm":77594946},"geometry":{"type":"LineString","coordinates":[[-8.53799,42.87364],[-8.53786,42.87354],[-8.53772,42.87345],[-8.53758,42.87339]]}},{"type":"Feature","properties":{"name":"Río Corgo","kind":"river","road":"","osm":77641534},"geometry":{"type":"LineString","coordinates":[[-8.54878,42.88422],[-8.5495,42.88393],[-8.54981,42.88347],[-8.54995,42.88323]]}},{"type":"Feature","properties":{"name":"Río Corgo","kind":"river","road":"","osm":77641934},"geometry":{"type":"LineString","coordinates":[[-8.54767,42.88439],[-8.54806,42.8844],[-8.54836,42.8844],[-8.54846,42.8844],[-8.54862,42.88437],[-8.54878,42.88422]]}},{"type":"Feature","properties":{"name":"Río Corgo","kind":"river","road":"","osm":77641937},"geometry":{"type":"LineString","coordinates":[[-8.54536,42.88715],[-8.54586,42.8855],[-8.54588,42.88546]]}},{"type":"Feature","properties":{"name":"Río Sarela","kind":"river","road":"","osm":77644067},"geometry":{"type":"LineString","coordinates":[[-8.55294,42.92064],[-8.5525,42.92075],[-8.55232,42.92083],[-8.55221,42.92093],[-8.55215,42.92105],[-8.55214,42.92118],[-8.55211,42.92126],[-8.552,42.92131],[-8.55186,42.92134],[-8.55147,42.92136],[-8.55135,42.92138],[-8.55122,42.92138],[-8.55109,42.92137],[-8.55098,42.92137],[-8.55088,42.92138],[-8.55079,42.92136],[-8.55067,42.92133],[-8.55051,42.92124],[-8.55041,42.92111],[-8.55034,42.92105],[-8.55025,42.921],[-8.55014,42.92097],[-8.55008,42.92096],[-8.55004,42.92097],[-8.55,42.921],[-8.54996,42.921],[-8.5499,42.92097],[-8.5498,42.92093],[-8.54973,42.92089],[-8.54965,42.92089],[-8.54952,42.9209],[-8.54943,42.9209],[-8.54934,42.92088],[-8.54924,42.92084],[-8.54915,42.92079],[-8.5491,42.92074],[-8.54903,42.92069],[-8.54891,42.92059],[-8.54875,42.92049],[-8.54868,42.9204],[-8.54866,42.92034],[-8.54866,42.92027],[-8.54862,42.92021],[-8.54857,42.92012],[-8.54863,42.92001],[-8.5487,42.91989],[-8.54869,42.91972],[-8.54866,42.91953],[-8.54858,42.91942],[-8.5485,42.91928],[-8.54844,42.91912],[-8.54838,42.91895],[-8.54829,42.91883],[-8.54825,42.91873],[-8.54822,42.91861],[-8.54822,42.9184],[-8.5482,42.91827],[-8.54817,42.91813],[-8.54809,42.91793],[-8.54802,42.91782],[-8.54794,42.9177],[-8.54777,42.91762],[-8.54751,42.91755],[-8.54711,42.91744],[-8.54681,42.91734],[-8.54632,42.91723],[-8.54622,42.9172],[-8.54617,42.91719],[-8.54601,42.91701],[-8.54582,42.91689],[-8.54556,42.91687],[-8.54506,42.91671],[-8.54475,42.91649],[-8.54459,42.91636],[-8.54455,42.91628],[-8.54455,42.91622],[-8.54462,42.91607],[-8.5447,42.91594],[-8.54482,42.91572],[-8.54491,42.9155],[-8.54499,42.91529],[-8.545,42.9152],[-8.54496,42.91497],[-8.54489,42.91473],[-8.54485,42.91468],[-8.54473,42.91457],[-8.54461,42.91445],[-8.54448,42.91426],[-8.54426,42.91381],[-8.5441,42.91351],[-8.54404,42.91335],[-8.54402,42.91322],[-8.54401,42.91285],[-8.54395,42.91278],[-8.54388,42.91273],[-8.54374,42.91261],[-8.54374,42.91252],[-8.54378,42.91239],[-8.54384,42.91224],[-8.54395,42.91212],[-8.54403,42.91206],[-8.54413,42.91202],[-8.54432,42.912],[-8.54442,42.91202],[-8.54454,42.91206],[-8.54469,42.91204],[-8.54482,42.91203],[-8.5449,42.91202],[-8.54498,42.91204],[-8.54511,42.9121],[-8.54525,42.91211],[-8.54534,42.91208],[-8.54536,42.912],[-8.54532,42.9118],[-8.54534,42.91154],[-8.54542,42.91129],[-8.54544,42.91076],[-8.54541,42.91045],[-8.54525,42.91007],[-8.54505,42.90961],[-8.54483,42.90908],[-8.5445,42.90863],[-8.54433,42.90846],[-8.54393,42.90823],[-8.54375,42.9081],[-8.54371,42.908],[-8.54377,42.90783],[-8.5439,42.90758],[-8.54393,42.90743],[-8.54386,42.90711],[-8.54374,42.90688],[-8.54374,42.90673],[-8.54378,42.90656],[-8.54394,42.90631],[-8.54405,42.90618],[-8.54401,42.90609],[-8.5439,42.90584],[-8.54392,42.90569],[-8.5441,42.90553],[-8.54419,42.90545],[-8.54432,42.90536],[-8.54461,42.9053],[-8.54499,42.90529],[-8.54548,42.90528],[-8.54587,42.90523],[-8.5463,42.905],[-8.54644,42.9048],[-8.54659,42.90473],[-8.5466,42.90454],[-8.54669,42.90448],[-8.54683,42.90439],[-8.54685,42.90435],[-8.54705,42.90412],[-8.54743,42.90398],[-8.54755,42.90382],[-8.54761,42.90372],[-8.54755,42.90339],[-8.54759,42.90332],[-8.54775,42.9032],[-8.54774,42.90304],[-8.54774,42.90302],[-8.54802,42.90285],[-8.54807,42.9028],[-8.54808,42.90271],[-8.54797,42.90246],[-8.54795,42.90235],[-8.54801,42.90223],[-8.5482,42.90209],[-8.54833,42.90196],[-8.54831,42.9019],[-8.5483,42.90186],[-8.54821,42.90173],[-8.54821,42.90156],[-8.54822,42.90147],[-8.54821,42.90132],[-8.54823,42.90117],[-8.54829,42.9011],[-8.54849,42.90105],[-8.54865,42.90097],[-8.54869,42.90092],[-8.54868,42.90085],[-8.54862,42.90075],[-8.54871,42.90053],[-8.54889,42.90011],[-8.5491,42.89984],[-8.54921,42.89974],[-8.54928,42.89956],[-8.54938,42.89944],[-8.54954,42.89932],[-8.54983,42.89919],[-8.54998,42.89907],[-8.55001,42.89903],[-8.55002,42.89898],[-8.55001,42.89894],[-8.54998,42.89891],[-8.54963,42.89877],[-8.5495,42.89873],[-8.5494,42.89867],[-8.54937,42.89863],[-8.54934,42.89857],[-8.54932,42.89848],[-8.54931,42.89837],[-8.54934,42.89833],[-8.54949,42.89823],[-8.54954,42.89814],[-8.54953,42.89807],[-8.54944,42.89801],[-8.5492,42.89792],[-8.54912,42.89779],[-8.54908,42.89777],[-8.54892,42.89775],[-8.54896,42.89761],[-8.54893,42.89752],[-8.54871,42.89733],[-8.54867,42.8973],[-8.54867,42.89724],[-8.54876,42.89722],[-8.54901,42.89697],[-8.549,42.89689],[-8.54933,42.89639],[-8.54947,42.8963],[-8.54972,42.89624],[-8.54978,42.89621],[-8.54986,42.89617],[-8.55002,42.89609],[-8.54994,42.8958],[-8.5499,42.89569],[-8.54964,42.89558],[-8.54962,42.89553],[-8.54971,42.89536],[-8.54986,42.89522],[-8.54994,42.89511],[-8.54985,42.89478],[-8.54979,42.89469],[-8.54964,42.89437],[-8.54957,42.89406],[-8.5496,42.89393],[-8.54967,42.89382],[-8.54996,42.89357],[-8.55007,42.89345],[-8.55009,42.8934],[-8.55008,42.89337],[-8.54997,42.8933],[-8.54993,42.89326],[-8.54996,42.89324],[-8.5501,42.89317],[-8.55015,42.89305],[-8.5502,42.893],[-8.55027,42.89297],[-8.55034,42.89298],[-8.55057,42.89298],[-8.55066,42.89296],[-8.55076,42.89286],[-8.55077,42.89276],[-8.55077,42.89262],[-8.55075,42.89249],[-8.55064,42.89231],[-8.55035,42.89205],[-8.5501,42.89184],[-8.55009,42.89163],[-8.55015,42.89126],[-8.55028,42.89097],[-8.55036,42.89061],[-8.5501,42.89019],[-8.54989,42.89004],[-8.54941,42.88982],[-8.54935,42.88973],[-8.54926,42.88954],[-8.54915,42.88939],[-8.54876,42.88898],[-8.5487,42.8887],[-8.54868,42.8884],[-8.54868,42.88786],[-8.54872,42.88745],[-8.54881,42.88726],[-8.54894,42.88708],[-8.54906,42.88692],[-8.54936,42.88669],[-8.54949,42.88656],[-8.5497,42.88641],[-8.54983,42.88622],[-8.54994,42.88603],[-8.54995,42.88577],[-8.54963,42.88473],[-8.54956,42.88425],[-8.54966,42.88416],[-8.54995,42.88407],[-8.55015,42.884],[-8.55027,42.8839],[-8.55027,42.88373],[-8.55023,42.8836],[-8.54995,42.88323],[-8.55003,42.88294],[-8.55011,42.88276],[-8.55009,42.88261],[-8.55014,42.88251],[-8.55019,42.88244],[-8.55032,42.88233],[-8.55048,42.88223],[-8.55082,42.88216],[-8.55102,42.88203],[-8.5512,42.88192],[-8.55132,42.88182],[-8.55141,42.88168],[-8.55151,42.8814],[-8.5516,42.88123],[-8.55181,42.88108],[-8.55217,42.881],[-8.5524,42.88094],[-8.55255,42.88092],[-8.55262,42.88091],[-8.55269,42.88092],[-8.55289,42.88105],[-8.55299,42.88115],[-8.55307,42.88127],[-8.55314,42.8814],[-8.55323,42.88168],[-8.55337,42.88191],[-8.55354,42.88202],[-8.55379,42.88212],[-8.55397,42.88211],[-8.55411,42.8821],[-8.55425,42.88207],[-8.55436,42.88202],[-8.55448,42.88198],[-8.55458,42.88201],[-8.55467,42.88207],[-8.55474,42.88215],[-8.55478,42.88222],[-8.55481,42.88228],[-8.55475,42.88238],[-8.55462,42.88259],[-8.5545,42.88283],[-8.55448,42.88293],[-8.55449,42.88301],[-8.55478,42.88319],[-8.55498,42.88331],[-8.55517,42.88347],[-8.55524,42.88355],[-8.55532,42.8836],[-8.55539,42.88361],[-8.55551,42.8836],[-8.55585,42.88348],[-8.55597,42.88346],[-8.55606,42.88338],[-8.55619,42.88315],[-8.55621,42.88308],[-8.55626,42.88297],[-8.55631,42.88294],[-8.55636,42.88292],[-8.55643,42.88291],[-8.5565,42.88292],[-8.55671,42.88299],[-8.55692,42.88302],[-8.55714,42.88301],[-8.55742,42.88302],[-8.55764,42.8831],[-8.55769,42.88312],[-8.55779,42.88313],[-8.55786,42.88314],[-8.55792,42.88314],[-8.55799,42.88311],[-8.55803,42.88306],[-8.55806,42.883],[-8.55816,42.8827],[-8.55823,42.88256],[-8.55836,42.88244],[-8.5586,42.88223],[-8.55872,42.88208],[-8.55878,42.88188],[-8.55879,42.88179],[-8.55875,42.88168],[-8.55868,42.88162],[-8.55865,42.88159],[-8.55861,42.88159],[-8.55856,42.88161],[-8.55848,42.88169],[-8.55843,42.8817],[-8.55837,42.88168],[-8.55829,42.88161],[-8.55809,42.88142],[-8.55806,42.88128],[-8.55817,42.88117],[-8.55829,42.88104],[-8.55848,42.88092],[-8.55877,42.88081],[-8.55913,42.8806],[-8.55916,42.8803],[-8.5597,42.87971],[-8.56007,42.87931],[-8.56031,42.87908],[-8.56063,42.87898],[-8.56133,42.87872],[-8.56196,42.87878],[-8.56241,42.87875],[-8.56303,42.87871],[-8.56334,42.87864],[-8.56359,42.8785],[-8.56367,42.87842],[-8.56355,42.87799],[-8.56342,42.87765],[-8.56374,42.87678],[-8.56361,42.87644],[-8.56381,42.87606],[-8.56389,42.87593],[-8.56422,42.87557],[-8.56456,42.87525],[-8.56463,42.87515],[-8.56475,42.8751],[-8.56499,42.87502],[-8.56504,42.87496],[-8.56502,42.87485],[-8.56522,42.87472],[-8.56529,42.87458],[-8.56528,42.87445],[-8.56516,42.87428],[-8.56494,42.87401],[-8.56468,42.87379],[-8.56447,42.87373],[-8.56423,42.87358],[-8.5642,42.87341],[-8.56421,42.8733],[-8.56429,42.87323],[-8.56467,42.87306],[-8.56495,42.87294],[-8.56532,42.87299],[-8.56549,42.87285],[-8.56555,42.8728],[-8.56564,42.87272],[-8.56593,42.87238],[-8.56604,42.87207],[-8.56599,42.87167],[-8.56619,42.87135],[-8.56668,42.8712],[-8.56731,42.87103],[-8.56763,42.87091],[-8.56826,42.87065],[-8.56851,42.87049],[-8.56863,42.87026],[-8.56888,42.8702],[-8.56928,42.86995],[-8.56999,42.86966],[-8.57068,42.86926],[-8.57132,42.86904],[-8.57188,42.86897],[-8.57228,42.86876],[-8.57272,42.86856],[-8.57395,42.86811],[-8.57402,42.86806],[-8.57415,42.86763],[-8.57418,42.86724],[-8.57405,42.867],[-8.57413,42.86695],[-8.57423,42.86691],[-8.57436,42.86673],[-8.5743,42.86669],[-8.57429,42.8666],[-8.57434,42.86651]]}},{"type":"Feature","properties":{"name":"Praza do Irmán Gómez","kind":"road","road":"pedestrian","osm":77657959},"geometry":{"type":"LineString","coordinates":[[-8.54108,42.88112],[-8.54082,42.88109],[-8.5407,42.88109],[-8.54064,42.88119],[-8.54063,42.88135]]}},{"type":"Feature","properties":{"name":"Ruela da Oliveira","kind":"road","road":"pedestrian","osm":77659493},"geometry":{"type":"LineString","coordinates":[[-8.54059,42.88148],[-8.54056,42.88161],[-8.54051,42.88183],[-8.54051,42.88185]]}},{"type":"Feature","properties":{"name":"Ruela de Sae se Podes","kind":"road","road":"pedestrian","osm":77659500},"geometry":{"type":"LineString","coordinates":[[-8.54087,42.8814],[-8.5409,42.8814],[-8.54093,42.8814],[-8.54094,42.8814],[-8.54096,42.88139],[-8.54098,42.8814],[-8.54097,42.88143],[-8.54094,42.88147],[-8.54088,42.88145],[-8.54085,42.88152],[-8.54084,42.88152],[-8.54082,42.88152],[-8.54086,42.88143],[-8.54078,42.88141],[-8.54073,42.88139],[-8.54068,42.88138],[-8.54065,42.88138],[-8.54065,42.88136],[-8.54065,42.88135],[-8.54068,42.88136],[-8.54069,42.88136],[-8.54073,42.88137],[-8.54077,42.88138],[-8.54081,42.88139],[-8.54084,42.8814],[-8.54087,42.8814]]}},{"type":"Feature","properties":{"name":"Rúa da Oliveira","kind":"road","road":"pedestrian","osm":77659770},"geometry":{"type":"LineString","coordinates":[[-8.54108,42.8816],[-8.54105,42.88159],[-8.54084,42.88153],[-8.54059,42.88148]]}},{"type":"Feature","properties":{"name":"Túnel do Hórreo","kind":"road","road":"trunk","osm":77702883},"geometry":{"type":"LineString","coordinates":[[-8.54408,42.87189],[-8.54455,42.87172],[-8.54478,42.87164],[-8.54491,42.87158],[-8.5453,42.87133],[-8.54546,42.87117],[-8.54595,42.8707],[-8.54612,42.87058],[-8.54633,42.87048],[-8.54691,42.87023],[-8.54766,42.86991],[-8.548,42.86978],[-8.54828,42.86972],[-8.54882,42.86975]]}},{"type":"Feature","properties":{"name":"","kind":"road","road":"pedestrian","osm":77707651},"geometry":{"type":"LineString","coordinates":[[-8.54971,42.87314],[-8.54945,42.87322],[-8.54942,42.87323],[-8.54937,42.87325]]}},{"type":"Feature","properties":{"name":"Rúa das Galeras","kind":"road","road":"secondary","osm":77908062},"geometry":{"type":"LineString","coordinates":[[-8.54769,42.88566],[-8.54769,42.88575]]}},{"type":"Feature","properties":{"name":"Rúa do Morón","kind":"road","road":"secondary","osm":77908072},"geometry":{"type":"LineString","coordinates":[[-8.54769,42.88566],[-8.54768,42.88557],[-8.5477,42.88542],[-8.54775,42.88525],[-8.54781,42.88514],[-8.54786,42.88507],[-8.54797,42.88493],[-8.54799,42.88489],[-8.54801,42.88486],[-8.54805,42.88478],[-8.54811,42.8846],[-8.54812,42.88457],[-8.54813,42.88454],[-8.54817,42.88445]]}},{"type":"Feature","properties":{"name":"Rúa de Mazarelos","kind":"road","road":"pedestrian","osm":78516601},"geometry":{"type":"LineString","coordinates":[[-8.54155,42.87814],[-8.54163,42.87812],[-8.54186,42.87807],[-8.54226,42.87793]]}},{"type":"Feature","properties":{"name":"Praza de Ramón Domínguez","kind":"road","road":"pedestrian","osm":78516759},"geometry":{"type":"LineString","coordinates":[[-8.54108,42.87321],[-8.54102,42.87321],[-8.54079,42.87321],[-8.54071,42.87321],[-8.54071,42.87324],[-8.54077,42.87324],[-8.54076,42.87329],[-8.54069,42.87336],[-8.54063,42.87336],[-8.54062,42.87314]]}},{"type":"Feature","properties":{"name":"Praza de Pascual Veiga","kind":"road","road":"pedestrian","osm":78521635},"geometry":{"type":"LineString","coordinates":[[-8.55847,42.87124],[-8.55718,42.87198],[-8.55722,42.87202],[-8.55776,42.87186],[-8.55866,42.87159],[-8.55867,42.87158],[-8.55867,42.87156],[-8.55847,42.87124]]}},{"type":"Feature","properties":{"name":"Parque de Xixón","kind":"park","road":"","osm":78595257},"geometry":{"type":"Polygon","coordinates":[[[-8.54237,42.88713],[-8.54194,42.88753],[-8.5419,42.88757],[-8.54144,42.88803],[-8.54126,42.8882],[-8.54094,42.88851],[-8.54095,42.88851],[-8.5412,42.88827],[-8.54126,42.88825],[-8.54136,42.88823],[-8.54145,42.88824],[-8.5415,42.88826],[-8.54186,42.88846],[-8.54198,42.88853],[-8.5421,42.88854],[-8.54214,42.88855],[-8.54218,42.88857],[-8.54225,42.88861],[-8.54238,42.88865],[-8.54242,42.88864],[-8.54251,42.8883],[-8.54253,42.88819],[-8.54256,42.88781],[-8.54254,42.88769],[-8.54251,42.88745],[-8.54248,42.88729],[-8.54244,42.88722],[-8.54237,42.88713]]]}},{"type":"Feature","properties":{"name":"Parque de San Domingos de Bonaval","kind":"park","road":"","osm":78595398},"geometry":{"type":"Polygon","coordinates":[[[-8.53837,42.88249],[-8.53836,42.88249],[-8.53837,42.88246],[-8.5384,42.88245],[-8.53845,42.88245],[-8.53846,42.88244],[-8.53846,42.88242],[-8.53853,42.88243],[-8.53854,42.8824],[-8.53849,42.8824],[-8.53855,42.88211],[-8.53832,42.8821],[-8.53827,42.88205],[-8.53804,42.88207],[-8.53804,42.88208],[-8.53801,42.88209],[-8.538,42.88208],[-8.53798,42.88209],[-8.53798,42.88208],[-8.53775,42.88213],[-8.53774,42.8821],[-8.5376,42.8821],[-8.53761,42.88211],[-8.53759,42.88211],[-8.53757,42.88211],[-8.53753,42.88219],[-8.53745,42.88219],[-8.53731,42.88241],[-8.5373,42.88243],[-8.53725,42.88248],[-8.53722,42.88254],[-8.53709,42.88278],[-8.53697,42.88303],[-8.53694,42.88311],[-8.53694,42.88316],[-8.53699,42.88331],[-8.537,42.88339],[-8.53703,42.88357],[-8.53703,42.88366],[-8.53703,42.8837],[-8.53703,42.88372],[-8.53704,42.88374],[-8.53706,42.88376],[-8.5371,42.88379],[-8.53714,42.88383],[-8.53717,42.88386],[-8.53731,42.88399],[-8.53743,42.88411],[-8.53765,42.88435],[-8.538,42.88426],[-8.53839,42.88416],[-8.53873,42.88407],[-8.53922,42.88394],[-8.53932,42.88392],[-8.53944,42.88388],[-8.53954,42.88384],[-8.53962,42.88379],[-8.53967,42.88377],[-8.53968,42.88376],[-8.53969,42.88348],[-8.53945,42.88347],[-8.53944,42.88344],[-8.53937,42.88308],[-8.53941,42.88307],[-8.53932,42.88277],[-8.53927,42.88278],[-8.5392,42.88278],[-8.5392,42.88311],[-8.53849,42.88311],[-8.53849,42.88299],[-8.53844,42.88299],[-8.53844,42.88268],[-8.53839,42.88267],[-8.5384,42.88264],[-8.53838,42.88263],[-8.53838,42.88264],[-8.53835,42.88264],[-8.53833,42.88261],[-8.53833,42.88259],[-8.53831,42.88258],[-8.53827,42.88257],[-8.53825,42.88254],[-8.53826,42.88251],[-8.53829,42.88249],[-8.53833,42.88249],[-8.53837,42.88249]]]}},{"type":"Feature","properties":{"name":"Avenida de Lugo","kind":"road","road":"trunk","osm":78595468},"geometry":{"type":"LineString","coordinates":[[-8.53967,42.87296],[-8.53874,42.8732]]}},{"type":"Feature","properties":{"name":"Avenida de Lugo","kind":"road","road":"trunk","osm":78595469},"geometry":{"type":"LineString","coordinates":[[-8.53874,42.8732],[-8.53801,42.87342]]}},{"type":"Feature","properties":{"name":"Avenida de Lugo","kind":"road","road":"trunk","osm":78595470},"geometry":{"type":"LineString","coordinates":[[-8.54194,42.87246],[-8.54268,42.87227],[-8.54352,42.87205]]}},{"type":"Feature","properties":{"name":"Avenida de Lugo","kind":"road","road":"trunk","osm":78595471},"geometry":{"type":"LineString","coordinates":[[-8.53876,42.87327],[-8.53927,42.87314]]}},{"type":"Feature","properties":{"name":"Rúa de Tras do Pilar","kind":"road","road":"pedestrian","osm":79718468},"geometry":{"type":"LineString","coordinates":[[-8.549,42.87599],[-8.54904,42.87605],[-8.54916,42.87624],[-8.54921,42.87632]]}},{"type":"Feature","properties":{"name":"Rúa das Casas Reais","kind":"road","road":"pedestrian","osm":80594959},"geometry":{"type":"LineString","coordinates":[[-8.5411,42.88178],[-8.54121,42.88174],[-8.54123,42.88174],[-8.5416,42.88163],[-8.54169,42.88155],[-8.54183,42.88149],[-8.54197,42.88144],[-8.5422,42.88139],[-8.54231,42.88138]]}},{"type":"Feature","properties":{"name":"Rúa das Casas Reais","kind":"road","road":"pedestrian","osm":80595331},"geometry":{"type":"LineString","coordinates":[[-8.54098,42.88183],[-8.54108,42.88179],[-8.5411,42.88178]]}},{"type":"Feature","properties":{"name":"Ruela de Altamira","kind":"road","road":"pedestrian","osm":82525228},"geometry":{"type":"LineString","coordinates":[[-8.54229,42.87972],[-8.54224,42.87976],[-8.54206,42.87973],[-8.54186,42.87968],[-8.54186,42.87965]]}},{"type":"Feature","properties":{"name":"Rúa de Tras San Fiz de Solovio","kind":"road","road":"pedestrian","osm":82525283},"geometry":{"type":"LineString","coordinates":[[-8.54126,42.87924],[-8.54126,42.87925],[-8.54123,42.87934],[-8.5412,42.87941],[-8.54118,42.87948],[-8.54108,42.87947],[-8.54104,42.87946],[-8.54112,42.87919],[-8.54117,42.87921],[-8.54126,42.87924]]}},{"type":"Feature","properties":{"name":"Praza de Marcial Villamor Varela","kind":"park","road":"","osm":82796939},"geometry":{"type":"Polygon","coordinates":[[[-8.53973,42.8758],[-8.53966,42.87589],[-8.53986,42.87599],[-8.53993,42.87591],[-8.54006,42.87597],[-8.54005,42.87601],[-8.53999,42.876],[-8.53993,42.87618],[-8.53998,42.87619],[-8.53995,42.87626],[-8.53988,42.87652],[-8.53984,42.87652],[-8.53979,42.87652],[-8.53974,42.87652],[-8.53971,42.87646],[-8.53964,42.87604],[-8.53953,42.87583],[-8.53961,42.87578],[-8.53966,42.87577],[-8.53973,42.8758]]]}},{"type":"Feature","properties":{"name":"Avenida Xoán Carlos I","kind":"road","road":"tertiary","osm":82800386},"geometry":{"type":"LineString","coordinates":[[-8.54829,42.87626],[-8.54797,42.87638]]}},{"type":"Feature","properties":{"name":"Rúa de Santa Marta de Arriba","kind":"road","road":"tertiary","osm":82855493},"geometry":{"type":"LineString","coordinates":[[-8.5587,42.87003],[-8.55834,42.87027],[-8.55795,42.87054],[-8.55786,42.8706],[-8.55763,42.87075],[-8.55752,42.87083],[-8.55706,42.87114],[-8.55696,42.87121],[-8.55671,42.87138],[-8.55636,42.8716]]}},{"type":"Feature","properties":{"name":"Avenida de Romero Donallo","kind":"road","road":"primary","osm":83279270},"geometry":{"type":"LineString","coordinates":[[-8.55214,42.87221],[-8.55322,42.87295]]}},{"type":"Feature","properties":{"name":"Avenida do Mestre Mateo","kind":"road","road":"primary","osm":83279323},"geometry":{"type":"LineString","coordinates":[[-8.55402,42.87317],[-8.55619,42.87287]]}},{"type":"Feature","properties":{"name":"Rúa das Casas do Rego","kind":"road","road":"tertiary","osm":83762839},"geometry":{"type":"LineString","coordinates":[[-8.55386,42.8831],[-8.55409,42.8833],[-8.55418,42.88341],[-8.5543,42.8836],[-8.5546,42.88413],[-8.55469,42.88439],[-8.55474,42.88454],[-8.5548,42.88465],[-8.55487,42.88473],[-8.55496,42.88477],[-8.55502,42.88479],[-8.55508,42.88479],[-8.55513,42.88479],[-8.55518,42.88479],[-8.55524,42.88477],[-8.55529,42.88475],[-8.55537,42.88471],[-8.55542,42.88467],[-8.55547,42.88462],[-8.55549,42.88459],[-8.55557,42.88435],[-8.55566,42.88419],[-8.55576,42.88407],[-8.55581,42.88403],[-8.55591,42.88396],[-8.556,42.8839],[-8.55623,42.88379],[-8.55633,42.88375],[-8.55643,42.88372],[-8.55656,42.8837],[-8.5567,42.8837],[-8.55683,42.88371],[-8.55695,42.88375],[-8.55738,42.88392],[-8.55747,42.88395],[-8.55755,42.88397],[-8.55764,42.88398],[-8.55773,42.88398],[-8.55783,42.88397],[-8.55793,42.88395],[-8.5581,42.8839],[-8.55846,42.88378],[-8.55855,42.88377],[-8.55867,42.88376],[-8.55877,42.88376],[-8.55892,42.88379],[-8.55903,42.88381]]}},{"type":"Feature","properties":{"name":"","kind":"road","road":"pedestrian","osm":84005406},"geometry":{"type":"LineString","coordinates":[[-8.53646,42.882],[-8.53627,42.88209],[-8.53628,42.88213],[-8.53648,42.88208],[-8.53646,42.882]]}},{"type":"Feature","properties":{"name":"Campo da Angustia","kind":"park","road":"","osm":84005407},"geometry":{"type":"Polygon","coordinates":[[[-8.53643,42.8822],[-8.53634,42.88221],[-8.53636,42.88225],[-8.53636,42.88226],[-8.53635,42.88226],[-8.53633,42.88226],[-8.53631,42.88227],[-8.5363,42.88227],[-8.53629,42.88222],[-8.53613,42.88225],[-8.53603,42.88234],[-8.53594,42.88234],[-8.53556,42.88252],[-8.53556,42.88253],[-8.53557,42.88255],[-8.53567,42.88252],[-8.5357,42.88252],[-8.53576,42.8825],[-8.5358,42.88249],[-8.53585,42.88247],[-8.53592,42.88245],[-8.53597,42.88244],[-8.53601,42.88242],[-8.53611,42.88239],[-8.53621,42.88236],[-8.53623,42.88235],[-8.53626,42.88233],[-8.53634,42.88231],[-8.53638,42.88229],[-8.53645,42.88227],[-8.53646,42.8823],[-8.53649,42.88229],[-8.5365,42.88228],[-8.53649,42.88226],[-8.53648,42.88225],[-8.53647,42.88225],[-8.53646,42.88226],[-8.53643,42.8822]]]}},{"type":"Feature","properties":{"name":"Campo da Estrela","kind":"road","road":"tertiary","osm":84541682},"geometry":{"type":"LineString","coordinates":[[-8.54629,42.87714],[-8.54631,42.87707],[-8.54631,42.87704],[-8.54631,42.877],[-8.54627,42.87696],[-8.54624,42.87692],[-8.54621,42.87689],[-8.54618,42.87688],[-8.54613,42.87686]]}},{"type":"Feature","properties":{"name":"Campo da Estrela","kind":"road","road":"tertiary","osm":84541684},"geometry":{"type":"LineString","coordinates":[[-8.54601,42.87693],[-8.54618,42.87696],[-8.54627,42.87696],[-8.54636,42.87696],[-8.54647,42.87695],[-8.54664,42.8769]]}},{"type":"Feature","properties":{"name":"Campo da Estrela","kind":"road","road":"tertiary","osm":84542219},"geometry":{"type":"LineString","coordinates":[[-8.54671,42.87682],[-8.54666,42.87681],[-8.54639,42.87685],[-8.54624,42.87685],[-8.54613,42.87686]]}},{"type":"Feature","properties":{"name":"Rúa de Clara Campoamor","kind":"road","road":"secondary","osm":85630417},"geometry":{"type":"LineString","coordinates":[[-8.53927,42.87285],[-8.53926,42.87288],[-8.53926,42.87291],[-8.53925,42.87293]]}},{"type":"Feature","properties":{"name":"Rúa de Clara Campoamor","kind":"road","road":"secondary","osm":85630477},"geometry":{"type":"LineString","coordinates":[[-8.53961,42.87222],[-8.53947,42.87229],[-8.5394,42.87237],[-8.53938,42.87241],[-8.53936,42.87247],[-8.53933,42.87256]]}},{"type":"Feature","properties":{"name":"Rúa de Clara Campoamor","kind":"road","road":"secondary","osm":85630478},"geometry":{"type":"LineString","coordinates":[[-8.53933,42.87256],[-8.53928,42.87281],[-8.53927,42.87285]]}},{"type":"Feature","properties":{"name":"Rúa de Clara Campoamor","kind":"road","road":"secondary","osm":85630479},"geometry":{"type":"LineString","coordinates":[[-8.53943,42.87291],[-8.53941,42.87288],[-8.5394,42.87286],[-8.5394,42.87282]]}},{"type":"Feature","properties":{"name":"","kind":"road","road":"pedestrian","osm":86259924},"geometry":{"type":"LineString","coordinates":[[-8.53777,42.88229],[-8.53778,42.88231],[-8.53787,42.88229],[-8.53786,42.88224],[-8.53784,42.88224],[-8.53782,42.88218],[-8.53786,42.88217],[-8.53788,42.88217],[-8.5379,42.88216],[-8.53795,42.88215],[-8.53797,42.88222],[-8.53796,42.88222],[-8.53798,42.88227],[-8.53804,42.88225],[-8.53809,42.88225],[-8.5381,42.88228],[-8.53807,42.88229],[-8.53799,42.8823],[-8.53799,42.88232],[-8.53798,42.88233],[-8.53797,42.88234],[-8.53796,42.88235],[-8.53794,42.88235],[-8.53793,42.88235],[-8.53791,42.88235],[-8.53789,42.88234],[-8.53789,42.88232],[-8.53779,42.88234],[-8.5378,42.88235],[-8.53771,42.88237],[-8.53771,42.88235],[-8.53769,42.8823],[-8.53777,42.88229]]}},{"type":"Feature","properties":{"name":"Campo da Estrela","kind":"road","road":"tertiary","osm":86263632},"geometry":{"type":"LineString","coordinates":[[-8.54627,42.87696],[-8.54623,42.87699],[-8.54621,42.87702],[-8.54619,42.87707],[-8.54617,42.87712]]}},{"type":"Feature","properties":{"name":"Travesa das Dúas Portas","kind":"road","road":"pedestrian","osm":86427828},"geometry":{"type":"LineString","coordinates":[[-8.54452,42.88111],[-8.54469,42.88132],[-8.54478,42.88131],[-8.54495,42.8813],[-8.54506,42.88138],[-8.54514,42.88166],[-8.54516,42.88172],[-8.54542,42.88172],[-8.54548,42.88172]]}},{"type":"Feature","properties":{"name":"Rúa de Santa Cristina","kind":"road","road":"pedestrian","osm":86428693},"geometry":{"type":"LineString","coordinates":[[-8.54293,42.88264],[-8.54275,42.88264]]}},{"type":"Feature","properties":{"name":"Rúa do Val de Deus","kind":"road","road":"pedestrian","osm":86428695},"geometry":{"type":"LineString","coordinates":[[-8.54515,42.8818],[-8.54515,42.88187],[-8.54505,42.88289]]}},{"type":"Feature","properties":{"name":"Rúa de Abril Ares","kind":"road","road":"pedestrian","osm":86428696},"geometry":{"type":"LineString","coordinates":[[-8.54379,42.88183],[-8.54349,42.88188]]}},{"type":"Feature","properties":{"name":"Praza da Atalaia","kind":"road","road":"pedestrian","osm":86429010},"geometry":{"type":"LineString","coordinates":[[-8.54285,42.88298],[-8.54279,42.88298],[-8.54271,42.88296],[-8.54264,42.88295],[-8.54262,42.88295],[-8.54261,42.88295],[-8.54261,42.88301],[-8.5426,42.88304],[-8.54281,42.88309],[-8.54282,42.88306],[-8.54283,42.88302],[-8.54285,42.88298]]}},{"type":"Feature","properties":{"name":"Praciña da Algalia de Arriba","kind":"road","road":"pedestrian","osm":86430849},"geometry":{"type":"LineString","coordinates":[[-8.54209,42.88265],[-8.54212,42.88253],[-8.54212,42.88252],[-8.5422,42.88254],[-8.54222,42.88254],[-8.54225,42.88255],[-8.54224,42.8826],[-8.54225,42.88265],[-8.54223,42.88265],[-8.54219,42.88265],[-8.5421,42.88265],[-8.54209,42.88265]]}},{"type":"Feature","properties":{"name":"","kind":"road","road":"pedestrian","osm":86430850},"geometry":{"type":"LineString","coordinates":[[-8.54105,42.8823],[-8.54089,42.88217],[-8.54083,42.88213],[-8.54073,42.88209],[-8.54063,42.88209]]}},{"type":"Feature","properties":{"name":"Rúa das Campás de San Xoán","kind":"road","road":"pedestrian","osm":86430852},"geometry":{"type":"LineString","coordinates":[[-8.54345,42.88169],[-8.54374,42.8816]]}},{"type":"Feature","properties":{"name":"","kind":"road","road":"pedestrian","osm":86430854},"geometry":{"type":"LineString","coordinates":[[-8.54195,42.88242],[-8.54195,42.88243],[-8.54194,42.88249],[-8.54212,42.88253],[-8.54222,42.88259]]}},{"type":"Feature","properties":{"name":"","kind":"road","road":"pedestrian","osm":86662863},"geometry":{"type":"LineString","coordinates":[[-8.53796,42.88208],[-8.53791,42.88194],[-8.53782,42.88195],[-8.53772,42.88196],[-8.53776,42.88211],[-8.53786,42.88209],[-8.53796,42.88208]]}},{"type":"Feature","properties":{"name":"","kind":"park","road":"","osm":86701937},"geometry":{"type":"Polygon","coordinates":[[[-8.53938,42.88215],[-8.53956,42.88222],[-8.53957,42.88222],[-8.53957,42.88225],[-8.5394,42.88234],[-8.53938,42.88232],[-8.53935,42.8823],[-8.53932,42.88227],[-8.53932,42.88225],[-8.53933,42.88222],[-8.53938,42.88215]]]}},{"type":"Feature","properties":{"name":"","kind":"park","road":"","osm":86701938},"geometry":{"type":"Polygon","coordinates":[[[-8.53934,42.88238],[-8.53932,42.88234],[-8.53928,42.88232],[-8.53924,42.88231],[-8.53922,42.88231],[-8.53918,42.88239],[-8.53917,42.88241],[-8.53915,42.88242],[-8.53913,42.88247],[-8.53912,42.8825],[-8.53914,42.8825],[-8.53916,42.88248],[-8.53925,42.88243],[-8.53934,42.88238]]]}},{"type":"Feature","properties":{"name":"Parque do Monte da Almáciga","kind":"park","road":"","osm":96881418},"geometry":{"type":"Polygon","coordinates":[[[-8.53529,42.88593],[-8.53529,42.88592],[-8.53568,42.88595],[-8.53567,42.88603],[-8.53636,42.88609],[-8.53644,42.8856],[-8.53663,42.88562],[-8.53675,42.88563],[-8.5368,42.88563],[-8.53677,42.88569],[-8.53677,42.88572],[-8.53682,42.88573],[-8.53684,42.88575],[-8.53695,42.88594],[-8.53692,42.88619],[-8.53705,42.88618],[-8.53719,42.88631],[-8.53734,42.88631],[-8.53759,42.88634],[-8.53757,42.88646],[-8.53772,42.88646],[-8.53772,42.88657],[-8.53759,42.88657],[-8.53754,42.88658],[-8.53755,42.88664],[-8.53755,42.88671],[-8.53756,42.88678],[-8.53756,42.8868],[-8.53757,42.88682],[-8.53753,42.88682],[-8.53746,42.88675],[-8.53621,42.88752],[-8.53625,42.88755],[-8.53608,42.88765],[-8.53573,42.88738],[-8.53608,42.88712],[-8.53587,42.88696],[-8.53565,42.8869],[-8.53563,42.88685],[-8.53559,42.88677],[-8.53551,42.88668],[-8.5355,42.88661],[-8.5355,42.88659],[-8.53521,42.8866],[-8.53522,42.88596],[-8.53523,42.88592],[-8.53529,42.88593]]]}},{"type":"Feature","properties":{"name":"Ruela das Fontiñas","kind":"road","road":"pedestrian","osm":96960059},"geometry":{"type":"LineString","coordinates":[[-8.5382,42.88103],[-8.53834,42.88067]]}},{"type":"Feature","properties":{"name":"Parque de Belvís","kind":"park","road":"","osm":96960060},"geometry":{"type":"Polygon","coordinates":[[[-8.5378,42.87943],[-8.5379,42.87967],[-8.53816,42.87965],[-8.53831,42.87965],[-8.53828,42.87984],[-8.53828,42.88005],[-8.53825,42.88015],[-8.53827,42.88021],[-8.53828,42.88026],[-8.53837,42.8804],[-8.53843,42.88054],[-8.53845,42.88057],[-8.53845,42.88058],[-8.53834,42.88065],[-8.53831,42.88067],[-8.53832,42.88067],[-8.53835,42.88068],[-8.53848,42.88073],[-8.53863,42.8808],[-8.53874,42.88085],[-8.53873,42.88086],[-8.53878,42.8809],[-8.53884,42.88095],[-8.53885,42.88095],[-8.53889,42.88098],[-8.53894,42.88101],[-8.53903,42.88104],[-8.53902,42.88104],[-8.5391,42.88107],[-8.53919,42.88111],[-8.53928,42.88114],[-8.5393,42.88115],[-8.53932,42.88113],[-8.53941,42.88113],[-8.53943,42.88106],[-8.53938,42.88097],[-8.53935,42.88089],[-8.53935,42.88084],[-8.53935,42.88073],[-8.53932,42.88068],[-8.5393,42.88065],[-8.53931,42.88065],[-8.53925,42.88053],[-8.53919,42.8804],[-8.53918,42.88038],[-8.539,42.8804],[-8.53897,42.88039],[-8.53887,42.88027],[-8.53887,42.87989],[-8.5389,42.87976],[-8.53897,42.87965],[-8.53942,42.87976],[-8.53942,42.87983],[-8.53973,42.8795],[-8.53976,42.87947],[-8.53977,42.8794],[-8.53978,42.87909],[-8.53985,42.87898],[-8.53982,42.87898],[-8.53981,42.87898],[-8.53972,42.87896],[-8.5396,42.87894],[-8.53938,42.8789],[-8.53931,42.87888],[-8.53921,42.87886],[-8.53922,42.87884],[-8.53926,42.87874],[-8.53926,42.8787],[-8.53926,42.87869],[-8.53922,42.87858],[-8.53917,42.87849],[-8.53915,42.87845],[-8.53913,42.87838],[-8.53913,42.87826],[-8.53914,42.87816],[-8.53913,42.8781],[-8.53916,42.8781],[-8.53922,42.87801],[-8.53925,42.87796],[-8.53926,42.87782],[-8.53926,42.87776],[-8.53929,42.87777],[-8.5396,42.87778],[-8.5396,42.87777],[-8.53961,42.8775],[-8.53961,42.87744],[-8.53961,42.87743],[-8.5396,42.8774],[-8.53963,42.87733],[-8.53957,42.87731],[-8.53958,42.87728],[-8.53956,42.87718],[-8.53955,42.87705],[-8.53956,42.87696],[-8.53957,42.87688],[-8.53956,42.87685],[-8.53953,42.87678],[-8.53951,42.87673],[-8.5395,42.87671],[-8.53953,42.8767],[-8.53951,42.87665],[-8.53948,42.87659],[-8.53945,42.87652],[-8.53899,42.87646],[-8.53899,42.87647],[-8.53895,42.87646],[-8.53892,42.87646],[-8.53891,42.87644],[-8.53891,42.87642],[-8.5389,42.87638],[-8.53891,42.87612],[-8.53891,42.87609],[-8.539,42.87586],[-8.539,42.87583],[-8.53901,42.8757],[-8.53886,42.87572],[-8.53885,42.87568],[-8.53885,42.87566],[-8.53884,42.87559],[-8.5387,42.87561],[-8.53838,42.87563],[-8.53838,42.8752],[-8.53849,42.8752],[-8.53849,42.87533],[-8.53848,42.87543],[-8.53854,42.87543],[-8.53857,42.87542],[-8.53858,42.87541],[-8.53867,42.87541],[-8.53865,42.87533],[-8.53864,42.87529],[-8.53864,42.87526],[-8.53863,42.87522],[-8.53861,42.87517],[-8.5386,42.87512],[-8.5386,42.8751],[-8.53858,42.87507],[-8.53857,42.87505],[-8.53854,42.87499],[-8.53851,42.8749],[-8.53848,42.87484],[-8.53845,42.87478],[-8.53843,42.87475],[-8.53841,42.87469],[-8.53795,42.87472],[-8.53794,42.87475],[-8.53794,42.87477],[-8.53794,42.87478],[-8.53773,42.87482],[-8.5378,42.87495],[-8.53789,42.87511],[-8.53792,42.8751],[-8.53801,42.87519],[-8.53801,42.87521],[-8.53792,42.87528],[-8.53775,42.87566],[-8.53771,42.87585],[-8.53775,42.8759],[-8.53775,42.87592],[-8.5377,42.87598],[-8.53772,42.87615],[-8.53774,42.87625],[-8.53765,42.87688],[-8.53764,42.87704],[-8.53764,42.87707],[-8.53764,42.87712],[-8.5376,42.87717],[-8.53759,42.87719],[-8.53756,42.87725],[-8.53757,42.87729],[-8.53767,42.87744],[-8.53773,42.87768],[-8.53773,42.87784],[-8.53772,42.87786],[-8.53772,42.87813],[-8.53779,42.87828],[-8.5378,42.87836],[-8.53803,42.87838],[-8.53803,42.87843],[-8.538,42.87856],[-8.53797,42.87872],[-8.53789,42.87871],[-8.53785,42.87871],[-8.53784,42.87881],[-8.53783,42.87887],[-8.53783,42.87894],[-8.53782,42.87902],[-8.53782,42.87904],[-8.53784,42.87908],[-8.53779,42.87926],[-8.53775,42.8794],[-8.53776,42.87942],[-8.5378,42.87943]]]}},{"type":"Feature","properties":{"name":"Rúa da Caramoniña","kind":"road","road":"pedestrian","osm":96960103},"geometry":{"type":"LineString","coordinates":[[-8.54014,42.88314],[-8.54011,42.88316],[-8.54,42.88324],[-8.53973,42.88329],[-8.53976,42.88341],[-8.53973,42.88359],[-8.5397,42.8838],[-8.53963,42.88381],[-8.53957,42.88383],[-8.53943,42.88389],[-8.53928,42.88394],[-8.53899,42.88402],[-8.53877,42.88409],[-8.53858,42.88414]]}},{"type":"Feature","properties":{"name":"Rúa do Curro da Parra","kind":"road","road":"pedestrian","osm":96981793},"geometry":{"type":"LineString","coordinates":[[-8.54159,42.88106],[-8.54159,42.88108]]}},{"type":"Feature","properties":{"name":"Rúa dos Truques","kind":"road","road":"pedestrian","osm":96981804},"geometry":{"type":"LineString","coordinates":[[-8.54239,42.88218],[-8.54236,42.88217],[-8.54198,42.88209],[-8.54195,42.88209]]}},{"type":"Feature","properties":{"name":"Rúa Travesa","kind":"road","road":"pedestrian","osm":96981806},"geometry":{"type":"LineString","coordinates":[[-8.54134,42.88103],[-8.54133,42.88105],[-8.54126,42.88125],[-8.5412,42.88138],[-8.5411,42.88153],[-8.54108,42.88159],[-8.54108,42.8816]]}},{"type":"Feature","properties":{"name":"Ruela das Ánimas","kind":"road","road":"pedestrian","osm":96981809},"geometry":{"type":"LineString","coordinates":[[-8.54183,42.88145],[-8.54179,42.88128],[-8.5418,42.88128],[-8.5418,42.88123],[-8.5418,42.8811],[-8.54179,42.8811],[-8.54176,42.8811],[-8.54176,42.88111],[-8.54175,42.88114],[-8.54176,42.88114],[-8.54176,42.88117],[-8.54176,42.88124],[-8.54176,42.88129],[-8.54176,42.8813],[-8.54176,42.88131],[-8.54178,42.88137],[-8.54181,42.88146],[-8.54182,42.88146],[-8.54183,42.88145]]}},{"type":"Feature","properties":{"name":"Rúa do Curro da Parra","kind":"road","road":"pedestrian","osm":96981813},"geometry":{"type":"LineString","coordinates":[[-8.54157,42.88107],[-8.54154,42.88114],[-8.54155,42.88114],[-8.54153,42.88119],[-8.54152,42.88121],[-8.54151,42.88121],[-8.5415,42.88126],[-8.54148,42.8813],[-8.54146,42.88134],[-8.54145,42.88136],[-8.54149,42.88136],[-8.54149,42.88133],[-8.54154,42.88133],[-8.54154,42.88131],[-8.54155,42.88131],[-8.54155,42.8813],[-8.54156,42.8813],[-8.54156,42.88128],[-8.54158,42.88121],[-8.5416,42.88108],[-8.54159,42.88108],[-8.54157,42.88107]]}},{"type":"Feature","properties":{"name":"Rúa dos Truques","kind":"road","road":"pedestrian","osm":96981819},"geometry":{"type":"LineString","coordinates":[[-8.54207,42.8821],[-8.54208,42.88208],[-8.54199,42.88205],[-8.54198,42.88209],[-8.54197,42.88212],[-8.54208,42.88214],[-8.54218,42.88215],[-8.54224,42.88217],[-8.54235,42.88219],[-8.54236,42.88217],[-8.54236,42.88216],[-8.54223,42.88213],[-8.54207,42.8821]]}},{"type":"Feature","properties":{"name":"Rúa da Algalia de Abaixo","kind":"road","road":"pedestrian","osm":96981822},"geometry":{"type":"LineString","coordinates":[[-8.54185,42.88242],[-8.54194,42.88243],[-8.54195,42.88243],[-8.54196,42.88243],[-8.54205,42.88244],[-8.54207,42.88242],[-8.54208,42.88239],[-8.54209,42.88236],[-8.54211,42.88231],[-8.54212,42.88231],[-8.54213,42.88227],[-8.54212,42.88226],[-8.54211,42.88227],[-8.5421,42.88227],[-8.54205,42.88226],[-8.54203,42.88231],[-8.54201,42.88238],[-8.542,42.88241],[-8.54185,42.8824],[-8.54185,42.88241],[-8.54185,42.88242]]}},{"type":"Feature","properties":{"name":"Rúa Travesa","kind":"road","road":"pedestrian","osm":96981833},"geometry":{"type":"LineString","coordinates":[[-8.54119,42.88163],[-8.54122,42.88172],[-8.54124,42.88171],[-8.54123,42.88166],[-8.54119,42.88156],[-8.54112,42.88155],[-8.54112,42.88154],[-8.54115,42.8815],[-8.54117,42.88146],[-8.5412,42.88142],[-8.54121,42.88142],[-8.54124,42.88137],[-8.54126,42.88133],[-8.54128,42.8813],[-8.54127,42.8813],[-8.54128,42.88126],[-8.5413,42.88122],[-8.54132,42.88117],[-8.54133,42.88113],[-8.54136,42.88105],[-8.54133,42.88105],[-8.54131,42.88105],[-8.54128,42.88111],[-8.54127,42.88114],[-8.54126,42.8812],[-8.54124,42.88125],[-8.54122,42.88129],[-8.5412,42.88133],[-8.54121,42.88133],[-8.54116,42.8814],[-8.54112,42.88144],[-8.54111,42.88147],[-8.54109,42.88153],[-8.54105,42.88158],[-8.54105,42.88159],[-8.54104,42.88161],[-8.54103,42.88163],[-8.54103,42.88164],[-8.54101,42.88167],[-8.54101,42.88168],[-8.54099,42.88173],[-8.54097,42.88181],[-8.54108,42.88177],[-8.54112,42.88175],[-8.54111,42.88165],[-8.54116,42.88164],[-8.54118,42.88164],[-8.54118,42.88163],[-8.54119,42.88163]]}},{"type":"Feature","properties":{"name":"Rúa das Casas Reais","kind":"road","road":"pedestrian","osm":96981845},"geometry":{"type":"LineString","coordinates":[[-8.54161,42.8816],[-8.5416,42.88161],[-8.54158,42.88162],[-8.54154,42.88163],[-8.54152,42.88164],[-8.54148,42.88165],[-8.54143,42.88166],[-8.54137,42.88168],[-8.54129,42.8817],[-8.54124,42.88171],[-8.54122,42.88172],[-8.54112,42.88175],[-8.54108,42.88177],[-8.54097,42.88181],[-8.54091,42.88182],[-8.54083,42.88183],[-8.54076,42.88183],[-8.54066,42.88183],[-8.54066,42.88182],[-8.54061,42.88182],[-8.54053,42.88182],[-8.54051,42.88183],[-8.5405,42.88183],[-8.54041,42.88183],[-8.54032,42.88183],[-8.54033,42.88186],[-8.54032,42.88191],[-8.54038,42.88191],[-8.5405,42.8819],[-8.54057,42.88189],[-8.54066,42.88188],[-8.54076,42.88188],[-8.54085,42.88188],[-8.54093,42.88187],[-8.54101,42.88185],[-8.54117,42.8818],[-8.54123,42.88178],[-8.54127,42.88177],[-8.54126,42.88175],[-8.54135,42.88173],[-8.54141,42.88171],[-8.5415,42.88169],[-8.5416,42.88164],[-8.54175,42.88158],[-8.54195,42.88162],[-8.54197,42.88162],[-8.54198,42.88148],[-8.54197,42.88144],[-8.54196,42.88142],[-8.54183,42.88145],[-8.54182,42.88146],[-8.54181,42.88146],[-8.54172,42.88148],[-8.54157,42.8815],[-8.54157,42.88151],[-8.54161,42.8816]]}},{"type":"Feature","properties":{"name":"Parque de Barcelona","kind":"park","road":"","osm":97044895},"geometry":{"type":"Polygon","coordinates":[[[-8.56106,42.87112],[-8.56122,42.87186],[-8.56121,42.87192],[-8.56117,42.87198],[-8.56106,42.87203],[-8.56097,42.87204],[-8.56072,42.87208],[-8.55983,42.87221],[-8.55915,42.87231],[-8.55862,42.87238],[-8.55808,42.87246],[-8.55805,42.87246],[-8.55803,42.87245],[-8.558,42.87244],[-8.55796,42.87242],[-8.55794,42.87241],[-8.55791,42.8724],[-8.55788,42.87239],[-8.55785,42.87225],[-8.55957,42.87175],[-8.55955,42.87171],[-8.55963,42.87168],[-8.55959,42.87162],[-8.55971,42.87151],[-8.55991,42.87145],[-8.56036,42.87132],[-8.56088,42.87117],[-8.56106,42.87112]]]}},{"type":"Feature","properties":{"name":"Rúa de Bernardo Barreiro de Vázquez-Varela","kind":"road","road":"tertiary","osm":97096183},"geometry":{"type":"LineString","coordinates":[[-8.53934,42.87325],[-8.5394,42.8733],[-8.53945,42.87334],[-8.53949,42.87338],[-8.53954,42.87344]]}},{"type":"Feature","properties":{"name":"Rúa dos Irmáns Rey-Alvite","kind":"road","road":"pedestrian","osm":97096186},"geometry":{"type":"LineString","coordinates":[[-8.54335,42.87392],[-8.54331,42.87399],[-8.54317,42.87431],[-8.54314,42.87436]]}},{"type":"Feature","properties":{"name":"Rúa de Bernardo Barreiro de Vázquez-Varela","kind":"road","road":"tertiary","osm":97096189},"geometry":{"type":"LineString","coordinates":[[-8.54138,42.87511],[-8.54135,42.87509],[-8.54128,42.87506],[-8.54092,42.87486],[-8.54082,42.8748],[-8.54072,42.87474],[-8.54049,42.87459],[-8.54042,42.87452],[-8.54028,42.87441],[-8.54016,42.87432],[-8.53999,42.87412],[-8.53994,42.87406],[-8.53993,42.87404],[-8.53986,42.87397],[-8.53978,42.87385],[-8.53971,42.87374],[-8.53957,42.8735],[-8.53954,42.87344]]}},{"type":"Feature","properties":{"name":"Rúa de Bernardo Barreiro de Vázquez-Varela","kind":"road","road":"tertiary","osm":97096191},"geometry":{"type":"LineString","coordinates":[[-8.53954,42.87344],[-8.53953,42.87336],[-8.53952,42.87332],[-8.53952,42.87328],[-8.53953,42.87321]]}},{"type":"Feature","properties":{"name":"Parque das Ciencias Isidro Parga Pondal","kind":"park","road":"","osm":97099418},"geometry":{"type":"Polygon","coordinates":[[[-8.54023,42.8831],[-8.54021,42.88311],[-8.54022,42.88311],[-8.54029,42.88317],[-8.54039,42.88322],[-8.54048,42.88326],[-8.54063,42.88331],[-8.541,42.8834],[-8.54156,42.88353],[-8.54157,42.88349],[-8.54151,42.88347],[-8.54153,42.88344],[-8.54137,42.8834],[-8.5414,42.88335],[-8.54138,42.88335],[-8.54139,42.88333],[-8.54137,42.88333],[-8.54142,42.88317],[-8.54144,42.88318],[-8.54148,42.88304],[-8.54145,42.88302],[-8.54143,42.88307],[-8.5414,42.88312],[-8.54101,42.88307],[-8.54101,42.88312],[-8.54023,42.8831]]]}},{"type":"Feature","properties":{"name":"","kind":"park","road":"","osm":97262869},"geometry":{"type":"Polygon","coordinates":[[[-8.53702,42.87811],[-8.53736,42.8781],[-8.53734,42.87782],[-8.53706,42.87783],[-8.53706,42.87784],[-8.53701,42.87784],[-8.53702,42.87811]]]}},{"type":"Feature","properties":{"name":"Parque da Trisca","kind":"park","road":"","osm":97264092},"geometry":{"type":"Polygon","coordinates":[[[-8.53572,42.87901],[-8.53582,42.87892],[-8.53599,42.87856],[-8.53599,42.87854],[-8.53605,42.87841],[-8.53605,42.87838],[-8.53604,42.87835],[-8.53604,42.87833],[-8.53604,42.87832],[-8.53603,42.87831],[-8.53602,42.87831],[-8.536,42.87832],[-8.53599,42.87833],[-8.53591,42.87839],[-8.53589,42.8784],[-8.53586,42.87842],[-8.53584,42.87843],[-8.53582,42.87845],[-8.53578,42.87847],[-8.53578,42.87846],[-8.53576,42.87846],[-8.5357,42.87846],[-8.53568,42.87847],[-8.53563,42.87849],[-8.53536,42.87863],[-8.53536,42.87865],[-8.53536,42.87866],[-8.53536,42.87867],[-8.5355,42.87884],[-8.53553,42.87888],[-8.53556,42.8789],[-8.5357,42.879],[-8.53571,42.87901],[-8.53572,42.87901]]]}},{"type":"Feature","properties":{"name":"Tránsito da Mercé","kind":"road","road":"tertiary","osm":98005705},"geometry":{"type":"LineString","coordinates":[[-8.54246,42.87762],[-8.54239,42.87765]]}},{"type":"Feature","properties":{"name":"Rúa da Ensinanza","kind":"road","road":"tertiary","osm":98005712},"geometry":{"type":"LineString","coordinates":[[-8.54172,42.87797],[-8.54163,42.87805],[-8.54155,42.87814],[-8.54147,42.87826],[-8.54136,42.87843]]}},{"type":"Feature","properties":{"name":"Rúa de Aller Ulloa","kind":"road","road":"tertiary","osm":98005714},"geometry":{"type":"LineString","coordinates":[[-8.54017,42.88143],[-8.54017,42.88171],[-8.54017,42.88174]]}},{"type":"Feature","properties":{"name":"Rúa da Virxe da Cerca","kind":"road","road":"tertiary","osm":98005715},"geometry":{"type":"LineString","coordinates":[[-8.54108,42.87912],[-8.54104,42.87921],[-8.54094,42.87952],[-8.54085,42.87977],[-8.54083,42.87983],[-8.54081,42.87989],[-8.54078,42.87994],[-8.54076,42.87999],[-8.54073,42.88005],[-8.54058,42.88035],[-8.54046,42.88057],[-8.54044,42.8806],[-8.54042,42.88064],[-8.54041,42.88067],[-8.54039,42.8807],[-8.54038,42.88074],[-8.54028,42.88095],[-8.54025,42.881],[-8.54024,42.88104],[-8.54022,42.8811],[-8.5402,42.88116],[-8.54019,42.88121],[-8.54018,42.88127],[-8.54017,42.88133],[-8.54017,42.88143]]}},{"type":"Feature","properties":{"name":"Rúa de Aller Ulloa","kind":"road","road":"tertiary","osm":98005718},"geometry":{"type":"LineString","coordinates":[[-8.54017,42.88174],[-8.54016,42.8818],[-8.54016,42.88185],[-8.54016,42.8819],[-8.54016,42.88194]]}},{"type":"Feature","properties":{"name":"Praciña de Belvís","kind":"road","road":"pedestrian","osm":98638620},"geometry":{"type":"LineString","coordinates":[[-8.53708,42.87842],[-8.53709,42.87836],[-8.53709,42.87832],[-8.53714,42.87832],[-8.53715,42.87831],[-8.53729,42.8783],[-8.53731,42.8783],[-8.53736,42.8783],[-8.53736,42.87827],[-8.53741,42.87827],[-8.53741,42.87831],[-8.53741,42.87836],[-8.53742,42.87839],[-8.53741,42.87839],[-8.5374,42.87853],[-8.53738,42.87852],[-8.53737,42.87852],[-8.53737,42.87846],[-8.53722,42.87844],[-8.53718,42.87843],[-8.53708,42.87842]]}},{"type":"Feature","properties":{"name":"","kind":"road","road":"pedestrian","osm":99550187},"geometry":{"type":"LineString","coordinates":[[-8.55179,42.88133],[-8.55179,42.88135],[-8.55177,42.88138],[-8.55176,42.88139],[-8.55175,42.8814],[-8.55178,42.88141],[-8.55179,42.88142],[-8.55183,42.88142],[-8.55194,42.88147],[-8.55195,42.88148],[-8.55197,42.88149],[-8.55197,42.88146],[-8.55199,42.88146],[-8.55195,42.88139],[-8.55205,42.88136],[-8.55203,42.88133],[-8.552,42.8813],[-8.552,42.88134],[-8.55188,42.88135],[-8.55188,42.88134],[-8.55181,42.88133],[-8.55179,42.88133]]}},{"type":"Feature","properties":{"name":"Calzada do Carme de Abaixo","kind":"road","road":"pedestrian","osm":99556286},"geometry":{"type":"LineString","coordinates":[[-8.54986,42.88056],[-8.54998,42.88054],[-8.55037,42.88064],[-8.55042,42.88064]]}},{"type":"Feature","properties":{"name":"Rúa do Campo das Hortas","kind":"road","road":"pedestrian","osm":99556331},"geometry":{"type":"LineString","coordinates":[[-8.54942,42.88047],[-8.54939,42.88043],[-8.54929,42.88021],[-8.54929,42.8802],[-8.54928,42.88019],[-8.54928,42.88018],[-8.54913,42.88019],[-8.54906,42.8802],[-8.54908,42.8802],[-8.54915,42.88022],[-8.54915,42.88025],[-8.54918,42.88028],[-8.5493,42.88044],[-8.54936,42.88052],[-8.54939,42.88055],[-8.54944,42.88054],[-8.54944,42.88052],[-8.54945,42.8805],[-8.54942,42.88047]]}},{"type":"Feature","properties":{"name":"Corredoira do Espiño","kind":"road","road":"pedestrian","osm":99556655},"geometry":{"type":"LineString","coordinates":[[-8.55052,42.88244],[-8.55058,42.88258],[-8.55063,42.88278],[-8.55064,42.8828],[-8.55073,42.88353]]}},{"type":"Feature","properties":{"name":"Parque de Música en Compostela","kind":"park","road":"","osm":99612589},"geometry":{"type":"Polygon","coordinates":[[[-8.54434,42.88898],[-8.54444,42.88897],[-8.54447,42.88895],[-8.54452,42.88891],[-8.54473,42.88874],[-8.54476,42.88871],[-8.54479,42.8887],[-8.54483,42.8887],[-8.54495,42.88871],[-8.54509,42.88873],[-8.54518,42.88877],[-8.54524,42.88882],[-8.54525,42.88884],[-8.54526,42.88885],[-8.54528,42.88885],[-8.5453,42.88886],[-8.54535,42.88887],[-8.5454,42.88889],[-8.54541,42.88891],[-8.5454,42.88893],[-8.54538,42.88894],[-8.54536,42.88895],[-8.54534,42.88897],[-8.54522,42.88906],[-8.5452,42.88907],[-8.54518,42.88909],[-8.54518,42.88912],[-8.54515,42.88912],[-8.54511,42.88913],[-8.54506,42.88916],[-8.54502,42.8892],[-8.54501,42.88923],[-8.54501,42.88926],[-8.54501,42.88928],[-8.54503,42.88931],[-8.54508,42.88936],[-8.54514,42.88926],[-8.54531,42.88921],[-8.54537,42.88932],[-8.54539,42.88935],[-8.54549,42.88921],[-8.54563,42.88903],[-8.54567,42.88898],[-8.54571,42.88893],[-8.54574,42.88888],[-8.54575,42.88883],[-8.54575,42.8888],[-8.54571,42.88865],[-8.54567,42.88851],[-8.54557,42.88821],[-8.54549,42.88796],[-8.54549,42.88795],[-8.54549,42.88785],[-8.5455,42.88771],[-8.54551,42.88768],[-8.5455,42.88765],[-8.54545,42.8876],[-8.5453,42.88747],[-8.54528,42.88747],[-8.54517,42.88754],[-8.54509,42.88764],[-8.54501,42.88761],[-8.54486,42.88771],[-8.5445,42.88799],[-8.54414,42.88827],[-8.54425,42.88833],[-8.54431,42.88838],[-8.54438,42.88846],[-8.54442,42.88853],[-8.54443,42.8886],[-8.54443,42.88864],[-8.54443,42.88872],[-8.5444,42.88886],[-8.54437,42.88892],[-8.54434,42.88898]]]}},{"type":"Feature","properties":{"name":"Parque de Xixón","kind":"park","road":"","osm":99618114},"geometry":{"type":"Polygon","coordinates":[[[-8.54369,42.88836],[-8.54371,42.88877],[-8.54422,42.8889],[-8.54423,42.88888],[-8.54427,42.88878],[-8.54428,42.88871],[-8.54428,42.88864],[-8.54427,42.88858],[-8.54424,42.88851],[-8.54419,42.88845],[-8.54413,42.8884],[-8.54405,42.88836],[-8.54397,42.88833],[-8.54381,42.88829],[-8.54369,42.88826],[-8.54352,42.88822],[-8.54329,42.88817],[-8.54316,42.88814],[-8.54311,42.88812],[-8.54302,42.88807],[-8.54297,42.88805],[-8.54287,42.88796],[-8.54284,42.88792],[-8.5428,42.88787],[-8.54277,42.88782],[-8.54275,42.88776],[-8.54273,42.8877],[-8.54272,42.88765],[-8.54264,42.88739],[-8.54261,42.88727],[-8.54259,42.88719],[-8.54259,42.88707],[-8.54261,42.88699],[-8.54264,42.88693],[-8.54267,42.88688],[-8.54269,42.88685],[-8.54273,42.88681],[-8.54276,42.88676],[-8.54278,42.88671],[-8.54278,42.88669],[-8.54278,42.88667],[-8.54277,42.88666],[-8.54276,42.88666],[-8.54274,42.88666],[-8.54272,42.88667],[-8.5427,42.8867],[-8.54267,42.88675],[-8.54263,42.88681],[-8.54257,42.88688],[-8.54253,42.88694],[-8.54249,42.887],[-8.54243,42.88707],[-8.54248,42.88715],[-8.5425,42.88715],[-8.54253,42.8872],[-8.54255,42.88735],[-8.54259,42.88761],[-8.54261,42.88781],[-8.54262,42.88792],[-8.5426,42.88803],[-8.54255,42.88839],[-8.54249,42.88859],[-8.54249,42.88875],[-8.54252,42.88889],[-8.54267,42.88881],[-8.54312,42.88862],[-8.5436,42.88837],[-8.54369,42.88834],[-8.54369,42.88836]]]}},{"type":"Feature","properties":{"name":"","kind":"road","road":"pedestrian","osm":99618119},"geometry":{"type":"LineString","coordinates":[[-8.54277,42.88712],[-8.54276,42.88711],[-8.54274,42.88709],[-8.54274,42.88705],[-8.54276,42.88699],[-8.54282,42.88691],[-8.54289,42.88681],[-8.54293,42.88675],[-8.54295,42.88664],[-8.54295,42.88658],[-8.54295,42.88653],[-8.54292,42.88625],[-8.54292,42.88621],[-8.54295,42.88614],[-8.54301,42.88605],[-8.54308,42.88594],[-8.54343,42.88542],[-8.5435,42.8853],[-8.54373,42.88493],[-8.54384,42.88477],[-8.54422,42.88419],[-8.54447,42.88379],[-8.5446,42.88359],[-8.54464,42.88352],[-8.54469,42.88359],[-8.54464,42.88367],[-8.54461,42.88372],[-8.54462,42.88386],[-8.54452,42.88402],[-8.54449,42.88406],[-8.54441,42.88418],[-8.54442,42.88423],[-8.54403,42.88483],[-8.54402,42.88488],[-8.54388,42.88511],[-8.54384,42.88515],[-8.54365,42.88546],[-8.54327,42.88605],[-8.54301,42.88645],[-8.54303,42.88669],[-8.54297,42.88677],[-8.54294,42.88682],[-8.54293,42.88683],[-8.54281,42.88702],[-8.54283,42.88703],[-8.54277,42.88712]]}},{"type":"Feature","properties":{"name":"","kind":"road","road":"pedestrian","osm":99703450},"geometry":{"type":"LineString","coordinates":[[-8.55946,42.87507],[-8.55947,42.87511],[-8.55944,42.87515],[-8.5594,42.87519],[-8.55935,42.87523],[-8.55928,42.87524],[-8.5592,42.87523],[-8.55914,42.8752],[-8.55908,42.87516],[-8.55906,42.87512],[-8.55924,42.8751],[-8.55927,42.87509],[-8.55929,42.87509],[-8.55946,42.87507]]}},{"type":"Feature","properties":{"name":"Río Corgo","kind":"river","road":"","osm":100194581},"geometry":{"type":"LineString","coordinates":[[-8.54479,42.8887],[-8.5448,42.88867],[-8.54503,42.88856],[-8.54504,42.88851],[-8.54504,42.88838],[-8.54505,42.88826],[-8.54505,42.88806],[-8.54509,42.88792],[-8.54514,42.88779],[-8.54521,42.88766]]}},{"type":"Feature","properties":{"name":"Finca de Lois","kind":"park","road":"","osm":100194588},"geometry":{"type":"Polygon","coordinates":[[[-8.54252,42.88889],[-8.54251,42.88891],[-8.54249,42.88906],[-8.54247,42.88921],[-8.54366,42.8889],[-8.54367,42.88888],[-8.54369,42.88887],[-8.54372,42.88881],[-8.54371,42.88877],[-8.54369,42.88836],[-8.54369,42.88834],[-8.5436,42.88837],[-8.54312,42.88862],[-8.54267,42.88881],[-8.54252,42.88889]]]}},{"type":"Feature","properties":{"name":"Rúa do Porto de Vite","kind":"road","road":"pedestrian","osm":100194612},"geometry":{"type":"LineString","coordinates":[[-8.54277,42.89024],[-8.54275,42.89018],[-8.54274,42.89012],[-8.54273,42.89],[-8.54271,42.88989],[-8.54271,42.88982],[-8.5427,42.88974],[-8.5427,42.88969],[-8.54269,42.88962],[-8.54268,42.88957],[-8.54266,42.88949],[-8.54263,42.88945],[-8.5426,42.88942],[-8.54256,42.88938],[-8.54246,42.8893],[-8.54243,42.88928],[-8.54242,42.88924],[-8.54242,42.88919],[-8.54244,42.88913],[-8.54245,42.88908],[-8.54246,42.88901],[-8.54247,42.88892],[-8.54247,42.88884],[-8.54248,42.88878],[-8.54247,42.88871],[-8.54246,42.88866],[-8.54247,42.88857],[-8.54252,42.88839],[-8.54258,42.88801],[-8.54258,42.88792],[-8.54257,42.88771],[-8.54255,42.88753],[-8.54252,42.88734],[-8.54249,42.88725]]}},{"type":"Feature","properties":{"name":"Río Corgo","kind":"river","road":"","osm":100194676},"geometry":{"type":"LineString","coordinates":[[-8.54521,42.88766],[-8.54536,42.88715]]}},{"type":"Feature","properties":{"name":"","kind":"park","road":"","osm":100510234},"geometry":{"type":"Polygon","coordinates":[[[-8.54551,42.87948],[-8.5455,42.8794],[-8.54549,42.87931],[-8.54538,42.87932],[-8.54526,42.87932],[-8.54526,42.87941],[-8.54527,42.8795],[-8.54539,42.87949],[-8.54551,42.87948]]]}},{"type":"Feature","properties":{"name":"Rúa de Tomiño","kind":"road","road":"pedestrian","osm":103478963},"geometry":{"type":"LineString","coordinates":[[-8.53466,42.88572],[-8.53467,42.88578],[-8.53468,42.88581],[-8.53465,42.88615]]}},{"type":"Feature","properties":{"name":"Praza de Iqbal Masih","kind":"park","road":"","osm":103478980},"geometry":{"type":"Polygon","coordinates":[[[-8.53445,42.88451],[-8.53427,42.88449],[-8.53449,42.88418],[-8.53451,42.8842],[-8.5345,42.88429],[-8.53449,42.88432],[-8.53448,42.88438],[-8.53445,42.88451]]]}},{"type":"Feature","properties":{"name":"Travesa do Franco","kind":"road","road":"pedestrian","osm":103695080},"geometry":{"type":"LineString","coordinates":[[-8.54449,42.87879],[-8.54479,42.87886]]}},{"type":"Feature","properties":{"name":"Parque de Vista Alegre","kind":"park","road":"","osm":103695085},"geometry":{"type":"Polygon","coordinates":[[[-8.54759,42.88573],[-8.54756,42.88572],[-8.5472,42.88563],[-8.54636,42.88548],[-8.54614,42.88546],[-8.546,42.88546],[-8.54592,42.88548],[-8.54573,42.88607],[-8.54554,42.88666],[-8.54538,42.8872],[-8.54544,42.88727],[-8.54574,42.88736],[-8.54578,42.88737],[-8.5461,42.88747],[-8.54651,42.88759],[-8.54688,42.8877],[-8.5471,42.88775],[-8.54715,42.88764],[-8.54738,42.88716],[-8.54739,42.88714],[-8.54749,42.88691],[-8.54759,42.88671],[-8.54761,42.88666],[-8.54763,42.88658],[-8.54764,42.88653],[-8.54765,42.88644],[-8.54764,42.88619],[-8.54763,42.88618],[-8.54761,42.88595],[-8.54759,42.88573]]]}},{"type":"Feature","properties":{"name":"Avenida de Rosalía de Castro","kind":"road","road":"pedestrian","osm":103695088},"geometry":{"type":"LineString","coordinates":[[-8.55187,42.87553],[-8.55184,42.87551],[-8.55152,42.87524],[-8.55147,42.87519],[-8.55125,42.875],[-8.55124,42.87499]]}},{"type":"Feature","properties":{"name":"Praciña do Franco","kind":"road","road":"pedestrian","osm":103695092},"geometry":{"type":"LineString","coordinates":[[-8.54519,42.8786],[-8.54517,42.8786],[-8.54502,42.87859],[-8.54501,42.87859],[-8.545,42.87858],[-8.54502,42.87854],[-8.54505,42.87848],[-8.5451,42.87849],[-8.54518,42.87851],[-8.5452,42.87852],[-8.54519,42.8786]]}},{"type":"Feature","properties":{"name":"Praza do Toural","kind":"road","road":"pedestrian","osm":103695102},"geometry":{"type":"LineString","coordinates":[[-8.54511,42.87766],[-8.54514,42.87769]]}},{"type":"Feature","properties":{"name":"Avenida de Rosalía de Castro","kind":"road","road":"pedestrian","osm":103695136},"geometry":{"type":"LineString","coordinates":[[-8.55147,42.87519],[-8.55166,42.87506],[-8.55156,42.87496]]}},{"type":"Feature","properties":{"name":"Camiño das Maceiras","kind":"road","road":"pedestrian","osm":103704576},"geometry":{"type":"LineString","coordinates":[[-8.55071,42.88505],[-8.55074,42.88502],[-8.55077,42.88499],[-8.55081,42.88495],[-8.5509,42.88485],[-8.55101,42.88469],[-8.55107,42.88454],[-8.55109,42.88451]]}},{"type":"Feature","properties":{"name":"Paseo das Maceiras","kind":"road","road":"pedestrian","osm":103704577},"geometry":{"type":"LineString","coordinates":[[-8.55109,42.88451],[-8.55107,42.88445],[-8.55105,42.88437],[-8.55105,42.88435],[-8.55103,42.8843],[-8.55097,42.88392],[-8.55096,42.88388],[-8.55089,42.8836],[-8.55085,42.88358],[-8.55078,42.88357],[-8.55076,42.88357],[-8.55073,42.88357]]}},{"type":"Feature","properties":{"name":"","kind":"park","road":"","osm":106844353},"geometry":{"type":"Polygon","coordinates":[[[-8.54418,42.87304],[-8.54419,42.87325],[-8.54381,42.87325],[-8.5438,42.87264],[-8.54417,42.87263],[-8.54417,42.87284],[-8.5441,42.87284],[-8.5441,42.87289],[-8.54408,42.87289],[-8.54408,42.87284],[-8.54383,42.87285],[-8.54384,42.87304],[-8.54408,42.87304],[-8.54408,42.873],[-8.54411,42.873],[-8.54411,42.87304],[-8.54418,42.87304]]]}},{"type":"Feature","properties":{"name":"Avenida de Romero Donallo","kind":"road","road":"primary","osm":111713909},"geometry":{"type":"LineString","coordinates":[[-8.55214,42.87221],[-8.55206,42.87207]]}},{"type":"Feature","properties":{"name":"Avenida de Romero Donallo","kind":"road","road":"primary","osm":111718023},"geometry":{"type":"LineString","coordinates":[[-8.55197,42.87218],[-8.55214,42.87221]]}},{"type":"Feature","properties":{"name":"Avenida de Romero Donallo","kind":"road","road":"primary","osm":111718024},"geometry":{"type":"LineString","coordinates":[[-8.55181,42.87206],[-8.55197,42.87218]]}},{"type":"Feature","properties":{"name":"Rúa da Senra","kind":"road","road":"tertiary","osm":111719124},"geometry":{"type":"LineString","coordinates":[[-8.54592,42.87685],[-8.54601,42.87693]]}},{"type":"Feature","properties":{"name":"Rúa de San Clemente","kind":"road","road":"tertiary","osm":111719267},"geometry":{"type":"LineString","coordinates":[[-8.54628,42.8775],[-8.54633,42.87753],[-8.54636,42.87754],[-8.54639,42.87754],[-8.54643,42.87755],[-8.54647,42.87755],[-8.54671,42.87753],[-8.54701,42.8775]]}},{"type":"Feature","properties":{"name":"Avenida de Romero Donallo","kind":"road","road":"primary","osm":111721354},"geometry":{"type":"LineString","coordinates":[[-8.55206,42.87207],[-8.5519,42.87197]]}},{"type":"Feature","properties":{"name":"Túnel do Hórreo","kind":"road","road":"trunk","osm":114011302},"geometry":{"type":"LineString","coordinates":[[-8.54882,42.86975],[-8.54924,42.86974],[-8.54941,42.86973],[-8.54976,42.86969],[-8.5501,42.86964]]}},{"type":"Feature","properties":{"name":"Avenida de Lugo","kind":"road","road":"secondary","osm":114011303},"geometry":{"type":"LineString","coordinates":[[-8.54383,42.87198],[-8.5446,42.87178],[-8.54468,42.87175],[-8.54473,42.87173],[-8.54477,42.8717]]}},{"type":"Feature","properties":{"name":"Avenida de Lugo","kind":"road","road":"secondary","osm":114018264},"geometry":{"type":"LineString","coordinates":[[-8.54371,42.87188],[-8.54364,42.87189],[-8.54356,42.87189],[-8.54351,42.8719],[-8.54311,42.872],[-8.54271,42.87211],[-8.54174,42.87239],[-8.5412,42.87253]]}},{"type":"Feature","properties":{"name":"Avenida de Lugo","kind":"road","road":"secondary","osm":114018275},"geometry":{"type":"LineString","coordinates":[[-8.54474,42.87162],[-8.54456,42.87168],[-8.54444,42.87172],[-8.54429,42.87176],[-8.54421,42.87178]]}},{"type":"Feature","properties":{"name":"Rúa da Milagrosa","kind":"road","road":"pedestrian","osm":116631948},"geometry":{"type":"LineString","coordinates":[[-8.55713,42.87207],[-8.55699,42.87196]]}},{"type":"Feature","properties":{"name":"Avenida de Lugo","kind":"road","road":"trunk","osm":117559963},"geometry":{"type":"LineString","coordinates":[[-8.54348,42.87197],[-8.54144,42.87251],[-8.54126,42.87256],[-8.54035,42.87279],[-8.53967,42.87296]]}},{"type":"Feature","properties":{"name":"Rúa do Hórreo","kind":"road","road":"tertiary","osm":117559964},"geometry":{"type":"LineString","coordinates":[[-8.54483,42.8719],[-8.5449,42.87181],[-8.54492,42.87177],[-8.54495,42.87171]]}},{"type":"Feature","properties":{"name":"Túnel do Hórreo","kind":"road","road":"trunk","osm":117559967},"geometry":{"type":"LineString","coordinates":[[-8.55007,42.86956],[-8.54982,42.86961],[-8.5494,42.86965],[-8.5488,42.86968]]}},{"type":"Feature","properties":{"name":"Túnel do Hórreo","kind":"road","road":"trunk","osm":117559968},"geometry":{"type":"LineString","coordinates":[[-8.5488,42.86968],[-8.54842,42.86965],[-8.54813,42.86968],[-8.54772,42.86983],[-8.54718,42.87006],[-8.54687,42.87019],[-8.54619,42.87049],[-8.54594,42.87066],[-8.54574,42.87084],[-8.54529,42.87128],[-8.54518,42.87137],[-8.54498,42.87149],[-8.5448,42.87159],[-8.54452,42.87167],[-8.54348,42.87197]]}},{"type":"Feature","properties":{"name":"Túnel do Hórreo","kind":"road","road":"trunk","osm":117559972},"geometry":{"type":"LineString","coordinates":[[-8.54352,42.87205],[-8.54364,42.87201],[-8.54385,42.87195],[-8.54408,42.87189]]}},{"type":"Feature","properties":{"name":"Rúa da Senra","kind":"road","road":"tertiary","osm":119389956},"geometry":{"type":"LineString","coordinates":[[-8.54455,42.87678],[-8.54435,42.8768],[-8.54422,42.87684],[-8.54418,42.87686]]}},{"type":"Feature","properties":{"name":"Rúa de Tras Salomé","kind":"road","road":"pedestrian","osm":119389961},"geometry":{"type":"LineString","coordinates":[[-8.54319,42.87812],[-8.54332,42.87824],[-8.54321,42.87849]]}},{"type":"Feature","properties":{"name":"Ruela de Entrerrúas","kind":"road","road":"pedestrian","osm":119389962},"geometry":{"type":"LineString","coordinates":[[-8.54494,42.87804],[-8.54472,42.87798],[-8.54454,42.87793],[-8.54452,42.87792],[-8.54451,42.87791],[-8.54455,42.87782],[-8.54421,42.87771]]}},{"type":"Feature","properties":{"name":"Rúa de Tras Salomé","kind":"road","road":"pedestrian","osm":119389963},"geometry":{"type":"LineString","coordinates":[[-8.54297,42.87843],[-8.54321,42.87849],[-8.54328,42.87851],[-8.54365,42.8786]]}},{"type":"Feature","properties":{"name":"Rúa da Senra","kind":"road","road":"tertiary","osm":119389965},"geometry":{"type":"LineString","coordinates":[[-8.54467,42.87682],[-8.54471,42.87682],[-8.54476,42.87682],[-8.54516,42.87683],[-8.54566,42.87685],[-8.5457,42.87685],[-8.54578,42.87685],[-8.54585,42.87685],[-8.54589,42.87685],[-8.54592,42.87685]]}},{"type":"Feature","properties":{"name":"Rúa da Senra","kind":"road","road":"tertiary","osm":119389966},"geometry":{"type":"LineString","coordinates":[[-8.54417,42.8769],[-8.5443,42.87687]]}},{"type":"Feature","properties":{"name":"Avenida do Mestre Mateo","kind":"road","road":"primary","osm":125389413},"geometry":{"type":"LineString","coordinates":[[-8.55342,42.8731],[-8.55353,42.87315],[-8.55367,42.87318],[-8.55385,42.87318],[-8.55402,42.87317]]}},{"type":"Feature","properties":{"name":"","kind":"park","road":"","osm":129475878},"geometry":{"type":"Polygon","coordinates":[[[-8.54844,42.8696],[-8.54841,42.8696],[-8.54837,42.8696],[-8.54834,42.86962],[-8.54832,42.86964],[-8.54831,42.86966],[-8.5483,42.86969],[-8.54831,42.86971],[-8.54833,42.86973],[-8.54836,42.86975],[-8.54839,42.86976],[-8.54842,42.86976],[-8.54846,42.86976],[-8.54849,42.86974],[-8.54851,42.86972],[-8.54852,42.8697],[-8.54853,42.86967],[-8.54852,42.86965],[-8.5485,42.86963],[-8.54847,42.86961],[-8.54844,42.8696]]]}},{"type":"Feature","properties":{"name":"Avenida de Romero Donallo","kind":"road","road":"primary","osm":132865884},"geometry":{"type":"LineString","coordinates":[[-8.55322,42.87295],[-8.55342,42.8731]]}},{"type":"Feature","properties":{"name":"Avenida de Rosalía de Castro","kind":"road","road":"tertiary","osm":132906556},"geometry":{"type":"LineString","coordinates":[[-8.55323,42.87325],[-8.55327,42.87324],[-8.55336,42.87319],[-8.55339,42.87317]]}},{"type":"Feature","properties":{"name":"Rúa da Caramoniña","kind":"road","road":"pedestrian","osm":133331177},"geometry":{"type":"LineString","coordinates":[[-8.53771,42.88435],[-8.53763,42.88437],[-8.5376,42.88438],[-8.53757,42.88439]]}},{"type":"Feature","properties":{"name":"Rúa de Clara Campoamor","kind":"road","road":"secondary","osm":134402035},"geometry":{"type":"LineString","coordinates":[[-8.53945,42.87251],[-8.5395,42.87236],[-8.53954,42.87231]]}},{"type":"Feature","properties":{"name":"Rúa das Galeras","kind":"road","road":"secondary","osm":137305862},"geometry":{"type":"LineString","coordinates":[[-8.54951,42.8806],[-8.54948,42.88068],[-8.54947,42.88072],[-8.54945,42.88075],[-8.54944,42.88079],[-8.54939,42.88092],[-8.54935,42.88101],[-8.54926,42.88123],[-8.54912,42.88158],[-8.5491,42.88161],[-8.54909,42.88164],[-8.54908,42.88167]]}},{"type":"Feature","properties":{"name":"Rúa da Carricova","kind":"road","road":"pedestrian","osm":140479722},"geometry":{"type":"LineString","coordinates":[[-8.53623,42.88209],[-8.53623,42.88206],[-8.53623,42.88189]]}},{"type":"Feature","properties":{"name":"Rúa da Porta Faxeira","kind":"road","road":"pedestrian","osm":141607976},"geometry":{"type":"LineString","coordinates":[[-8.54596,42.87732],[-8.546,42.87732],[-8.54612,42.87731],[-8.54613,42.87731],[-8.5462,42.87731]]}},{"type":"Feature","properties":{"name":"Rúa do Hórreo","kind":"road","road":"tertiary","osm":145469162},"geometry":{"type":"LineString","coordinates":[[-8.54403,42.87629],[-8.54403,42.8763],[-8.54412,42.87666],[-8.54413,42.87668],[-8.54417,42.87682]]}},{"type":"Feature","properties":{"name":"Rúa do Castrón d'Ouro","kind":"road","road":"tertiary","osm":145469165},"geometry":{"type":"LineString","coordinates":[[-8.54017,42.87579],[-8.53983,42.87562],[-8.53939,42.87539],[-8.53926,42.87532],[-8.53918,42.87528]]}},{"type":"Feature","properties":{"name":"Rúa de San Roque","kind":"road","road":"tertiary","osm":145469167},"geometry":{"type":"LineString","coordinates":[[-8.54189,42.88367],[-8.54181,42.88383],[-8.54178,42.88388],[-8.54159,42.88425],[-8.54151,42.88441],[-8.54141,42.88463],[-8.54139,42.88466],[-8.54138,42.88468],[-8.54137,42.88471],[-8.54136,42.88474],[-8.54135,42.88476]]}},{"type":"Feature","properties":{"name":"Avenida de Lugo","kind":"road","road":"secondary","osm":146060177},"geometry":{"type":"LineString","coordinates":[[-8.54194,42.87246],[-8.54202,42.87249],[-8.54213,42.87246],[-8.54223,42.87245],[-8.54242,42.87241],[-8.54281,42.8723],[-8.5431,42.87223],[-8.54341,42.87214],[-8.54347,42.87213],[-8.54362,42.87208],[-8.54368,42.87205],[-8.54375,42.87201],[-8.54383,42.87198]]}},{"type":"Feature","properties":{"name":"Rúa da Senra","kind":"road","road":"tertiary","osm":149432440},"geometry":{"type":"LineString","coordinates":[[-8.54418,42.87686],[-8.54417,42.8769]]}},{"type":"Feature","properties":{"name":"Rúa da Senra","kind":"road","road":"tertiary","osm":149432444},"geometry":{"type":"LineString","coordinates":[[-8.54436,42.87686],[-8.54459,42.87684],[-8.54463,42.87683],[-8.54467,42.87682]]}},{"type":"Feature","properties":{"name":"Rúa do Hórreo","kind":"road","road":"tertiary","osm":149432445},"geometry":{"type":"LineString","coordinates":[[-8.54455,42.87456],[-8.54452,42.87464],[-8.54403,42.87573],[-8.54399,42.87582],[-8.54395,42.87591]]}},{"type":"Feature","properties":{"name":"Avenida de Antonio Raimundo Ibáñez","kind":"road","road":"pedestrian","osm":152627793},"geometry":{"type":"LineString","coordinates":[[-8.55148,42.87738],[-8.55159,42.87738],[-8.55179,42.87737],[-8.5523,42.87733],[-8.55247,42.87732]]}},{"type":"Feature","properties":{"name":"Avenida de Antonio Raimundo Ibáñez","kind":"road","road":"pedestrian","osm":152627795},"geometry":{"type":"LineString","coordinates":[[-8.55245,42.87718],[-8.5531,42.87713],[-8.55355,42.8771],[-8.55373,42.87709]]}},{"type":"Feature","properties":{"name":"Avenida de Antonio Raimundo Ibáñez","kind":"road","road":"pedestrian","osm":152627797},"geometry":{"type":"LineString","coordinates":[[-8.55246,42.87725],[-8.55229,42.87726],[-8.55173,42.87729],[-8.55158,42.8773],[-8.55148,42.87731]]}},{"type":"Feature","properties":{"name":"Avenida de Antonio Raimundo Ibáñez","kind":"road","road":"pedestrian","osm":152627800},"geometry":{"type":"LineString","coordinates":[[-8.55247,42.87739],[-8.55362,42.87733],[-8.55376,42.87733]]}},{"type":"Feature","properties":{"name":"Tránsito de Entrerrúas","kind":"road","road":"pedestrian","osm":156485720},"geometry":{"type":"LineString","coordinates":[[-8.5394,42.88205],[-8.53955,42.88188],[-8.53957,42.88186],[-8.53959,42.88184]]}},{"type":"Feature","properties":{"name":"Avenida do Mestre Mateo","kind":"road","road":"primary","osm":157472501},"geometry":{"type":"LineString","coordinates":[[-8.55684,42.87281],[-8.55709,42.87278],[-8.55733,42.87276],[-8.55749,42.87276],[-8.55756,42.87276]]}},{"type":"Feature","properties":{"name":"","kind":"park","road":"","osm":158251924},"geometry":{"type":"Polygon","coordinates":[[[-8.546,42.87837],[-8.54608,42.87837],[-8.54616,42.87885],[-8.54615,42.87886],[-8.54612,42.87887],[-8.54609,42.87886],[-8.546,42.87837]]]}},{"type":"Feature","properties":{"name":"Praza do Obradoiro","kind":"road","road":"pedestrian","osm":158948444},"geometry":{"type":"LineString","coordinates":[[-8.54529,42.88007],[-8.54544,42.8802],[-8.54575,42.88049]]}},{"type":"Feature","properties":{"name":"Avenida de Rosalía de Castro","kind":"road","road":"tertiary","osm":161585266},"geometry":{"type":"LineString","coordinates":[[-8.55363,42.87296],[-8.55356,42.87299],[-8.55353,42.873],[-8.55348,42.87301]]}},{"type":"Feature","properties":{"name":"Rúa da Fonte de Santo Antonio","kind":"road","road":"tertiary","osm":161602327},"geometry":{"type":"LineString","coordinates":[[-8.54417,42.8769],[-8.54414,42.87691],[-8.54411,42.87692],[-8.54408,42.87693],[-8.54403,42.87694],[-8.54399,42.87696],[-8.54372,42.87707],[-8.54371,42.87708],[-8.54296,42.8774],[-8.54246,42.87762]]}},{"type":"Feature","properties":{"name":"Rúa do Medio","kind":"road","road":"pedestrian","osm":164667500},"geometry":{"type":"LineString","coordinates":[[-8.53936,42.88204],[-8.5394,42.88205]]}},{"type":"Feature","properties":{"name":"Rúa do Medio","kind":"road","road":"pedestrian","osm":164667501},"geometry":{"type":"LineString","coordinates":[[-8.53934,42.88203],[-8.53935,42.88204],[-8.53936,42.88204]]}},{"type":"Feature","properties":{"name":"Avenida de Figueroa","kind":"road","road":"tertiary","osm":166182927},"geometry":{"type":"LineString","coordinates":[[-8.5462,42.87731],[-8.54623,42.87742],[-8.54624,42.87745],[-8.54625,42.87747],[-8.54628,42.8775]]}},{"type":"Feature","properties":{"name":"Campo da Estrela","kind":"road","road":"tertiary","osm":166182928},"geometry":{"type":"LineString","coordinates":[[-8.54664,42.8769],[-8.54671,42.87686],[-8.54675,42.87684],[-8.54685,42.87678]]}},{"type":"Feature","properties":{"name":"Rúa da Porta Faxeira","kind":"road","road":"pedestrian","osm":166182929},"geometry":{"type":"LineString","coordinates":[[-8.54602,42.87736],[-8.54612,42.87734],[-8.54612,42.87731],[-8.54611,42.87718],[-8.54611,42.87715],[-8.54605,42.87718],[-8.54597,42.87722],[-8.54593,42.87724],[-8.5459,42.87726],[-8.54588,42.87727],[-8.54574,42.87732],[-8.54574,42.87733],[-8.54575,42.87738],[-8.54576,42.87739],[-8.54578,42.8774],[-8.54583,42.87741],[-8.54588,42.87738],[-8.54599,42.87737],[-8.54602,42.87736]]}},{"type":"Feature","properties":{"name":"Ruela de Paio o Eremita","kind":"road","road":"pedestrian","osm":178564568},"geometry":{"type":"LineString","coordinates":[[-8.54502,42.87789],[-8.54538,42.87799]]}},{"type":"Feature","properties":{"name":"Rúa da Trindade","kind":"road","road":"pedestrian","osm":178564569},"geometry":{"type":"LineString","coordinates":[[-8.5466,42.88082],[-8.54656,42.88061],[-8.54659,42.88054],[-8.5465,42.87996],[-8.54656,42.87975],[-8.54655,42.87953],[-8.54656,42.87927]]}},{"type":"Feature","properties":{"name":"Avenida de Raxoi","kind":"road","road":"pedestrian","osm":178564575},"geometry":{"type":"LineString","coordinates":[[-8.54627,42.87992],[-8.54622,42.87992],[-8.54611,42.87993],[-8.546,42.87993],[-8.54602,42.88],[-8.54601,42.88001],[-8.54585,42.88002],[-8.54579,42.88002],[-8.54575,42.88002],[-8.54572,42.87995],[-8.54577,42.87993],[-8.54586,42.8799],[-8.54593,42.87987],[-8.546,42.87984],[-8.54608,42.87981],[-8.54614,42.87979],[-8.54623,42.87978],[-8.54626,42.87979],[-8.54628,42.87979],[-8.54627,42.87992]]}},{"type":"Feature","properties":{"name":"","kind":"road","road":"pedestrian","osm":178564583},"geometry":{"type":"LineString","coordinates":[[-8.54628,42.87993],[-8.54629,42.87996],[-8.54623,42.87996],[-8.54612,42.87996],[-8.54613,42.88],[-8.54646,42.87997],[-8.54646,42.87996],[-8.54646,42.87994],[-8.54628,42.87993]]}},{"type":"Feature","properties":{"name":"Praza de Vigo","kind":"park","road":"","osm":178668562},"geometry":{"type":"Polygon","coordinates":[[[-8.55194,42.87361],[-8.55181,42.87366],[-8.55178,42.8737],[-8.55182,42.87374],[-8.55183,42.87376],[-8.55186,42.87379],[-8.55187,42.87381],[-8.55183,42.87382],[-8.55185,42.87384],[-8.55187,42.87386],[-8.55193,42.87387],[-8.55195,42.87386],[-8.552,42.87384],[-8.55205,42.87382],[-8.55203,42.8738],[-8.55209,42.87377],[-8.55211,42.87379],[-8.55217,42.87377],[-8.55223,42.87375],[-8.55227,42.87371],[-8.55229,42.87369],[-8.5523,42.87365],[-8.55223,42.87354],[-8.55219,42.87353],[-8.55215,42.87352],[-8.55194,42.87361]]]}},{"type":"Feature","properties":{"name":"Campo da Estrela","kind":"road","road":"tertiary","osm":180604707},"geometry":{"type":"LineString","coordinates":[[-8.54613,42.87686],[-8.54608,42.87685],[-8.54604,42.87685],[-8.54592,42.87685]]}},{"type":"Feature","properties":{"name":"Campo da Estrela","kind":"road","road":"tertiary","osm":180604709},"geometry":{"type":"LineString","coordinates":[[-8.54629,42.87714],[-8.54637,42.87707],[-8.5466,42.87693],[-8.54664,42.8769]]}},{"type":"Feature","properties":{"name":"","kind":"park","road":"","osm":182027096},"geometry":{"type":"Polygon","coordinates":[[[-8.53681,42.87715],[-8.5372,42.87718],[-8.5372,42.87696],[-8.53683,42.87694],[-8.53681,42.87715]]]}},{"type":"Feature","properties":{"name":"","kind":"park","road":"","osm":182027097},"geometry":{"type":"Polygon","coordinates":[[[-8.53733,42.87627],[-8.53725,42.87626],[-8.53723,42.87648],[-8.53733,42.87648],[-8.53733,42.87627]]]}},{"type":"Feature","properties":{"name":"","kind":"park","road":"","osm":182027098},"geometry":{"type":"Polygon","coordinates":[[[-8.53731,42.87674],[-8.53722,42.87674],[-8.53719,42.87695],[-8.53725,42.87695],[-8.53731,42.87674]]]}},{"type":"Feature","properties":{"name":"","kind":"park","road":"","osm":182027101},"geometry":{"type":"Polygon","coordinates":[[[-8.53609,42.8771],[-8.5361,42.87695],[-8.5359,42.87693],[-8.53576,42.87702],[-8.53579,42.87708],[-8.53609,42.8771]]]}},{"type":"Feature","properties":{"name":"","kind":"road","road":"pedestrian","osm":186872726},"geometry":{"type":"LineString","coordinates":[[-8.54666,42.8772],[-8.54664,42.8772],[-8.54663,42.8772],[-8.54661,42.8772],[-8.54659,42.87719],[-8.54657,42.87718],[-8.54656,42.87716],[-8.54656,42.87715],[-8.54657,42.87713],[-8.54658,42.87711],[-8.5466,42.8771],[-8.54662,42.87709],[-8.54665,42.87709],[-8.54667,42.8771],[-8.54669,42.87711],[-8.5467,42.87713],[-8.54671,42.87714],[-8.54671,42.87716],[-8.5467,42.87718],[-8.54668,42.87719],[-8.54666,42.8772]]}},{"type":"Feature","properties":{"name":"","kind":"road","road":"pedestrian","osm":186872729},"geometry":{"type":"LineString","coordinates":[[-8.54663,42.87723],[-8.54665,42.87722],[-8.54667,42.87722],[-8.54666,42.8772],[-8.54664,42.8772],[-8.54663,42.8772],[-8.54663,42.87723]]}},{"type":"Feature","properties":{"name":"","kind":"road","road":"pedestrian","osm":186872730},"geometry":{"type":"LineString","coordinates":[[-8.54692,42.87719],[-8.54667,42.87722],[-8.54665,42.87722],[-8.54663,42.87723],[-8.54627,42.87727],[-8.54628,42.8773],[-8.54629,42.87733],[-8.54664,42.87729],[-8.54666,42.87729],[-8.54668,42.87729],[-8.54696,42.87726],[-8.54694,42.87722],[-8.54692,42.87719]]}},{"type":"Feature","properties":{"name":"Estanque de Méndez Núñez","kind":"water","road":"","osm":186878948},"geometry":{"type":"Polygon","coordinates":[[[-8.54718,42.87682],[-8.5473,42.87678],[-8.5473,42.87677],[-8.54731,42.87676],[-8.54732,42.87676],[-8.54731,42.87675],[-8.54735,42.87673],[-8.54738,42.87672],[-8.54742,42.8767],[-8.54745,42.87669],[-8.54749,42.87669],[-8.54753,42.87667],[-8.54754,42.87668],[-8.54755,42.87668],[-8.54756,42.87668],[-8.54757,42.87668],[-8.54758,42.87668],[-8.54768,42.87665],[-8.54768,42.87664],[-8.54769,42.87664],[-8.54769,42.87663],[-8.5477,42.87663],[-8.54769,42.87662],[-8.5477,42.87662],[-8.54772,42.87661],[-8.54773,42.8766],[-8.54774,42.8766],[-8.54776,42.87659],[-8.54778,42.87659],[-8.54779,42.87659],[-8.54779,42.8766],[-8.5478,42.8766],[-8.54781,42.8766],[-8.54782,42.8766],[-8.54783,42.8766],[-8.54783,42.87661],[-8.54783,42.87662],[-8.54782,42.87663],[-8.54782,42.87664],[-8.54781,42.87664],[-8.54779,42.87665],[-8.54778,42.87666],[-8.54777,42.87666],[-8.54775,42.87666],[-8.54773,42.87667],[-8.54772,42.87667],[-8.54772,42.87666],[-8.54771,42.87666],[-8.5477,42.87666],[-8.54769,42.87666],[-8.54759,42.8767],[-8.54759,42.87671],[-8.54758,42.87671],[-8.54758,42.87672],[-8.54757,42.87672],[-8.54757,42.87673],[-8.54753,42.87675],[-8.5475,42.87677],[-8.54747,42.87678],[-8.54743,42.87679],[-8.5474,42.87679],[-8.54735,42.87681],[-8.54735,42.8768],[-8.54734,42.8768],[-8.54733,42.8768],[-8.54732,42.8768],[-8.54731,42.8768],[-8.54719,42.87684],[-8.54719,42.87685],[-8.54718,42.87685],[-8.54718,42.87686],[-8.54717,42.87686],[-8.54716,42.87687],[-8.54714,42.87688],[-8.54713,42.87689],[-8.54711,42.87689],[-8.54709,42.87689],[-8.54708,42.8769],[-8.54708,42.87689],[-8.54707,42.87689],[-8.54706,42.87689],[-8.54705,42.87689],[-8.54705,42.87688],[-8.54704,42.87688],[-8.54704,42.87687],[-8.54705,42.87686],[-8.54706,42.87686],[-8.54705,42.87685],[-8.54706,42.87685],[-8.54708,42.87684],[-8.54709,42.87683],[-8.54711,42.87682],[-8.54712,42.87682],[-8.54714,42.87682],[-8.54715,42.87681],[-8.54715,42.87682],[-8.54716,42.87682],[-8.54717,42.87682],[-8.54718,42.87682]]]}},{"type":"Feature","properties":{"name":"","kind":"park","road":"","osm":186878954},"geometry":{"type":"Polygon","coordinates":[[[-8.54725,42.87687],[-8.54692,42.87699],[-8.54686,42.87689],[-8.54718,42.87677],[-8.54721,42.87678],[-8.54725,42.87686],[-8.54725,42.87687]]]}},{"type":"Feature","properties":{"name":"","kind":"park","road":"","osm":186878956},"geometry":{"type":"Polygon","coordinates":[[[-8.54802,42.87661],[-8.54795,42.8765],[-8.54763,42.87661],[-8.54762,42.87663],[-8.54767,42.87671],[-8.5477,42.87672],[-8.54802,42.87661]]]}},{"type":"Feature","properties":{"name":"","kind":"park","road":"","osm":186878958},"geometry":{"type":"Polygon","coordinates":[[[-8.54764,42.87672],[-8.54763,42.87674],[-8.54731,42.87685],[-8.54729,42.87685],[-8.54724,42.87677],[-8.54724,42.87675],[-8.54757,42.87664],[-8.54759,42.87665],[-8.54764,42.87672]]]}},{"type":"Feature","properties":{"name":"Avenida de Figueroa","kind":"road","road":"pedestrian","osm":186882272},"geometry":{"type":"LineString","coordinates":[[-8.54596,42.87732],[-8.54594,42.87725],[-8.54593,42.87724],[-8.54578,42.87697],[-8.54578,42.8769],[-8.54578,42.87685]]}},{"type":"Feature","properties":{"name":"Rúa das Ameas","kind":"road","road":"pedestrian","osm":187483526},"geometry":{"type":"LineString","coordinates":[[-8.54169,42.87966],[-8.54167,42.87972],[-8.54156,42.88005],[-8.5414,42.8805],[-8.54137,42.88057]]}},{"type":"Feature","properties":{"name":"","kind":"road","road":"pedestrian","osm":187841059},"geometry":{"type":"LineString","coordinates":[[-8.53955,42.87672],[-8.53973,42.87666],[-8.53977,42.87671],[-8.53979,42.87673],[-8.5398,42.87677],[-8.53981,42.8768],[-8.53981,42.87683],[-8.53979,42.87686],[-8.53973,42.87684],[-8.53961,42.87697],[-8.53958,42.87696],[-8.53956,42.87696],[-8.53957,42.87688],[-8.53956,42.87685],[-8.53953,42.87678],[-8.53954,42.87678],[-8.53957,42.87677],[-8.53955,42.87672]]}},{"type":"Feature","properties":{"name":"","kind":"road","road":"pedestrian","osm":189098688},"geometry":{"type":"LineString","coordinates":[[-8.54063,42.88135],[-8.54059,42.88147]]}},{"type":"Feature","properties":{"name":"","kind":"park","road":"","osm":190048501},"geometry":{"type":"Polygon","coordinates":[[[-8.53775,42.88033],[-8.53777,42.88015],[-8.53757,42.88016],[-8.53755,42.88018],[-8.53756,42.88027],[-8.53761,42.88035],[-8.53767,42.88035],[-8.53775,42.88033]]]}},{"type":"Feature","properties":{"name":"","kind":"water","road":"","osm":190048504},"geometry":{"type":"Polygon","coordinates":[[[-8.53803,42.88049],[-8.53807,42.88047],[-8.53811,42.88046],[-8.53813,42.88047],[-8.53815,42.88048],[-8.53815,42.88049],[-8.53815,42.8805],[-8.53813,42.88051],[-8.53806,42.88053],[-8.53803,42.88049]]]}},{"type":"Feature","properties":{"name":"Rúa da Oliveira","kind":"road","road":"pedestrian","osm":192524046},"geometry":{"type":"LineString","coordinates":[[-8.54059,42.88148],[-8.54041,42.88145],[-8.54025,42.88144],[-8.54022,42.88144],[-8.54017,42.88143]]}},{"type":"Feature","properties":{"name":"Travesa do Franco","kind":"road","road":"pedestrian","osm":193321802},"geometry":{"type":"LineString","coordinates":[[-8.54482,42.87884],[-8.54514,42.87889]]}},{"type":"Feature","properties":{"name":"Rúa da Algalia de Abaixo","kind":"road","road":"pedestrian","osm":193337989},"geometry":{"type":"LineString","coordinates":[[-8.54176,42.88263],[-8.54183,42.8824],[-8.54195,42.88209],[-8.542,42.88199],[-8.54219,42.88144]]}},{"type":"Feature","properties":{"name":"Praza de Mazarelos","kind":"road","road":"pedestrian","osm":200337918},"geometry":{"type":"LineString","coordinates":[[-8.54235,42.87808],[-8.54242,42.87804],[-8.54259,42.87796]]}},{"type":"Feature","properties":{"name":"","kind":"road","road":"pedestrian","osm":203042859},"geometry":{"type":"LineString","coordinates":[[-8.54815,42.88242],[-8.54823,42.88243],[-8.5483,42.88244],[-8.54831,42.88242],[-8.54836,42.88231],[-8.54842,42.88215],[-8.54842,42.88213],[-8.54849,42.88196],[-8.54835,42.88191],[-8.54828,42.8821],[-8.54828,42.88212],[-8.54827,42.88213],[-8.54815,42.88242]]}},{"type":"Feature","properties":{"name":"","kind":"road","road":"pedestrian","osm":203042864},"geometry":{"type":"LineString","coordinates":[[-8.54785,42.88174],[-8.54781,42.88201],[-8.54777,42.88227]]}},{"type":"Feature","properties":{"name":"","kind":"road","road":"pedestrian","osm":203088686},"geometry":{"type":"LineString","coordinates":[[-8.54551,42.88757],[-8.54555,42.88754],[-8.54564,42.88745],[-8.54574,42.88736],[-8.54576,42.88732]]}},{"type":"Feature","properties":{"name":"Finca do Espiño","kind":"park","road":"","osm":204435893},"geometry":{"type":"Polygon","coordinates":[[[-8.55221,42.88358],[-8.55241,42.88318],[-8.5521,42.8831],[-8.55217,42.88296],[-8.5522,42.8829],[-8.55252,42.88279],[-8.55267,42.88274],[-8.55255,42.88255],[-8.55234,42.88245],[-8.55211,42.88211],[-8.55192,42.88217],[-8.55183,42.88224],[-8.55159,42.8825],[-8.55154,42.88255],[-8.55137,42.88246],[-8.55089,42.88222],[-8.55084,42.88225],[-8.55057,42.88242],[-8.55063,42.88263],[-8.55069,42.88282],[-8.55076,42.88351],[-8.55078,42.88351],[-8.55082,42.88352],[-8.55098,42.88339],[-8.55114,42.88345],[-8.55159,42.88354],[-8.55174,42.88357],[-8.55198,42.88358],[-8.55221,42.88358]]]}},{"type":"Feature","properties":{"name":"Rúa de Felipe Ramón Cordero Carrete","kind":"road","road":"pedestrian","osm":204561133},"geometry":{"type":"LineString","coordinates":[[-8.54796,42.88248],[-8.54795,42.88253],[-8.54784,42.88298],[-8.54781,42.88308],[-8.54779,42.88316],[-8.54759,42.88395],[-8.54758,42.88399],[-8.54758,42.88401]]}},{"type":"Feature","properties":{"name":"Rúa das Galeras","kind":"road","road":"secondary","osm":233524994},"geometry":{"type":"LineString","coordinates":[[-8.54817,42.88445],[-8.54822,42.88438],[-8.54826,42.8842],[-8.54828,42.8841],[-8.54839,42.88362],[-8.54849,42.88329],[-8.54856,42.88307],[-8.54867,42.88279],[-8.54869,42.88275],[-8.5487,42.88272],[-8.54872,42.88268],[-8.54889,42.88228],[-8.549,42.88199],[-8.54904,42.8819],[-8.54904,42.88187]]}},{"type":"Feature","properties":{"name":"Rúa das Galeras","kind":"road","road":"secondary","osm":233524998},"geometry":{"type":"LineString","coordinates":[[-8.54894,42.88188],[-8.5488,42.88224],[-8.5487,42.88248],[-8.54868,42.88251],[-8.54865,42.88258]]}},{"type":"Feature","properties":{"name":"Rúa de San Pedro","kind":"road","road":"pedestrian","osm":234104737},"geometry":{"type":"LineString","coordinates":[[-8.53804,42.88126],[-8.53786,42.8813],[-8.53723,42.8814],[-8.53664,42.88152],[-8.53639,42.88158],[-8.5362,42.88161],[-8.53534,42.88176],[-8.53524,42.88178]]}},{"type":"Feature","properties":{"name":"Praza de San Xoán Bautista de La Salle","kind":"road","road":"pedestrian","osm":234114585},"geometry":{"type":"LineString","coordinates":[[-8.54173,42.88382],[-8.5418,42.88369],[-8.54162,42.88365],[-8.54152,42.88363],[-8.54147,42.88375],[-8.54157,42.88377],[-8.54173,42.88382]]}},{"type":"Feature","properties":{"name":"Avenida de Lugo","kind":"road","road":"secondary","osm":236563810},"geometry":{"type":"LineString","coordinates":[[-8.54421,42.87178],[-8.54405,42.8718],[-8.544,42.87181],[-8.54379,42.87187],[-8.54374,42.87188],[-8.54371,42.87188]]}},{"type":"Feature","properties":{"name":"Rúa do Hórreo","kind":"road","road":"secondary","osm":236563813},"geometry":{"type":"LineString","coordinates":[[-8.54499,42.87167],[-8.54504,42.87159],[-8.54506,42.87157],[-8.54508,42.87154],[-8.54511,42.87152]]}},{"type":"Feature","properties":{"name":"Rúa do Hórreo","kind":"road","road":"tertiary","osm":236563815},"geometry":{"type":"LineString","coordinates":[[-8.54479,42.87171],[-8.54481,42.8718],[-8.54483,42.8719]]}},{"type":"Feature","properties":{"name":"Avenida de Figueroa","kind":"road","road":"tertiary","osm":236864415},"geometry":{"type":"LineString","coordinates":[[-8.5462,42.87727],[-8.5462,42.87731]]}},{"type":"Feature","properties":{"name":"Praza da Paz","kind":"road","road":"tertiary","osm":236864424},"geometry":{"type":"LineString","coordinates":[[-8.53606,42.88846],[-8.536,42.88847],[-8.53594,42.88848],[-8.53588,42.88851],[-8.53584,42.88855],[-8.5358,42.88859],[-8.53578,42.88861],[-8.53576,42.88864],[-8.53574,42.8887]]}},{"type":"Feature","properties":{"name":"Avenida de Romero Donallo","kind":"road","road":"primary","osm":236865944},"geometry":{"type":"LineString","coordinates":[[-8.5517,42.87184],[-8.5513,42.87159],[-8.55118,42.87151],[-8.55113,42.87148],[-8.55089,42.87132],[-8.55014,42.87081],[-8.54974,42.87054],[-8.54956,42.87042],[-8.54901,42.87004],[-8.54885,42.86992],[-8.54882,42.8699],[-8.54877,42.86985],[-8.54873,42.86982]]}},{"type":"Feature","properties":{"name":"","kind":"road","road":"primary","osm":236871258},"geometry":{"type":"LineString","coordinates":[[-8.54828,42.86958],[-8.54825,42.86961],[-8.54823,42.86964]]}},{"type":"Feature","properties":{"name":"","kind":"road","road":"primary","osm":236871259},"geometry":{"type":"LineString","coordinates":[[-8.54823,42.86964],[-8.54823,42.86968],[-8.54824,42.86971],[-8.54826,42.86975],[-8.5483,42.86978]]}},{"type":"Feature","properties":{"name":"Rúa do Hórreo","kind":"road","road":"secondary","osm":236871389},"geometry":{"type":"LineString","coordinates":[[-8.54738,42.87006],[-8.54757,42.86999],[-8.54759,42.86997],[-8.54777,42.8699],[-8.54789,42.86985],[-8.54799,42.86982],[-8.54807,42.86981],[-8.54814,42.86979],[-8.54822,42.86979],[-8.5483,42.86978]]}},{"type":"Feature","properties":{"name":"Avenida de Rosalía de Castro","kind":"road","road":"tertiary","osm":236878411},"geometry":{"type":"LineString","coordinates":[[-8.55556,42.87206],[-8.55569,42.87194],[-8.55588,42.87183]]}},{"type":"Feature","properties":{"name":"Avenida de Rosalía de Castro","kind":"road","road":"tertiary","osm":236878414},"geometry":{"type":"LineString","coordinates":[[-8.55588,42.87183],[-8.55566,42.8719],[-8.55556,42.87192],[-8.55552,42.87194],[-8.55545,42.87197]]}},{"type":"Feature","properties":{"name":"Avenida de Xoán XXIII","kind":"road","road":"tertiary","osm":237817519},"geometry":{"type":"LineString","coordinates":[[-8.53703,42.88843],[-8.53692,42.88849],[-8.53684,42.88853],[-8.53654,42.88872],[-8.5365,42.88874],[-8.53647,42.88875],[-8.53624,42.88888]]}},{"type":"Feature","properties":{"name":"Río Sar","kind":"river","road":"","osm":238441261},"geometry":{"type":"LineString","coordinates":[[-8.522,42.87822],[-8.52194,42.87799],[-8.52204,42.87788],[-8.52218,42.87784],[-8.52227,42.87781],[-8.52234,42.87779],[-8.52236,42.87772],[-8.52242,42.87769],[-8.52256,42.8777],[-8.52276,42.87778],[-8.52295,42.87783],[-8.52307,42.87774],[-8.52331,42.8776],[-8.5237,42.87733],[-8.52389,42.87723],[-8.52391,42.87705],[-8.52418,42.87706],[-8.52455,42.87703],[-8.52479,42.877],[-8.52488,42.87689],[-8.52506,42.87678],[-8.52538,42.87672],[-8.52565,42.87658],[-8.52583,42.87645],[-8.52619,42.87674],[-8.52637,42.87684],[-8.52655,42.8769],[-8.52675,42.87694],[-8.52688,42.87702],[-8.52724,42.87727],[-8.52766,42.87719],[-8.528,42.87713],[-8.52836,42.87706],[-8.52874,42.87702],[-8.52889,42.87698],[-8.52905,42.87695],[-8.52932,42.87695],[-8.52947,42.87694],[-8.52963,42.87694],[-8.52977,42.87695],[-8.5299,42.87694],[-8.52999,42.87691],[-8.53013,42.8769],[-8.53028,42.87685],[-8.53043,42.8769],[-8.53054,42.87697],[-8.53071,42.87696],[-8.5309,42.87699],[-8.5311,42.87698],[-8.53131,42.877],[-8.53156,42.87695],[-8.53167,42.87672],[-8.53168,42.87641],[-8.53167,42.87625],[-8.53172,42.87607],[-8.53185,42.87593],[-8.53222,42.87571],[-8.53253,42.87553],[-8.53289,42.87525],[-8.53322,42.87487],[-8.53339,42.87464],[-8.53358,42.87434],[-8.53381,42.87397],[-8.53403,42.87369],[-8.53428,42.87345],[-8.53475,42.87304],[-8.53495,42.87284],[-8.5351,42.87272],[-8.53536,42.87261],[-8.53567,42.87246],[-8.53583,42.8724],[-8.53611,42.87225],[-8.5362,42.87215],[-8.53625,42.87204],[-8.53624,42.87186],[-8.53618,42.87166],[-8.5362,42.87155],[-8.53631,42.8715],[-8.53665,42.87131],[-8.53689,42.8712],[-8.53705,42.87115],[-8.53719,42.87106],[-8.5374,42.87098],[-8.5376,42.87072],[-8.53764,42.87047],[-8.53778,42.87042],[-8.53796,42.87042],[-8.53821,42.87032],[-8.53839,42.87031],[-8.53848,42.8703],[-8.5385,42.87024],[-8.53831,42.87014],[-8.53829,42.87012],[-8.53835,42.87003],[-8.53895,42.86997],[-8.53925,42.87012],[-8.53944,42.87014],[-8.5397,42.87022],[-8.53998,42.87022],[-8.54019,42.87023],[-8.54044,42.8699],[-8.5406,42.86978],[-8.54085,42.8697],[-8.54096,42.86968],[-8.54107,42.8697],[-8.54113,42.86978],[-8.54119,42.86986],[-8.54127,42.86987],[-8.54148,42.86983],[-8.54173,42.86972],[-8.54188,42.86969],[-8.54198,42.86959],[-8.54213,42.86953],[-8.54229,42.86944],[-8.54229,42.8694],[-8.54223,42.86929],[-8.54234,42.86931],[-8.54251,42.86932],[-8.54269,42.86927],[-8.5429,42.86918],[-8.54308,42.86906],[-8.54308,42.86893],[-8.54284,42.86886],[-8.54286,42.86868],[-8.54289,42.86853],[-8.54279,42.86835],[-8.54274,42.86812],[-8.54267,42.86768],[-8.54285,42.86761],[-8.54305,42.86749],[-8.54318,42.86756],[-8.54343,42.86778],[-8.54364,42.86776],[-8.54383,42.86762],[-8.54389,42.86749],[-8.54423,42.86728]]}},{"type":"Feature","properties":{"name":"","kind":"park","road":"","osm":244696693},"geometry":{"type":"Polygon","coordinates":[[[-8.55167,42.87635],[-8.55167,42.87631],[-8.5519,42.87629],[-8.55191,42.87636],[-8.5521,42.87634],[-8.55206,42.87597],[-8.55217,42.87597],[-8.5522,42.87597],[-8.55224,42.8764],[-8.55224,42.87641],[-8.55224,42.87642],[-8.55223,42.87642],[-8.55169,42.87645],[-8.55167,42.87635]]]}},{"type":"Feature","properties":{"name":"","kind":"park","road":"","osm":244696694},"geometry":{"type":"Polygon","coordinates":[[[-8.55096,42.87605],[-8.551,42.87642],[-8.55119,42.8764],[-8.55118,42.87634],[-8.55142,42.87632],[-8.55142,42.87636],[-8.55144,42.87647],[-8.5512,42.87648],[-8.55097,42.87649],[-8.55065,42.87614],[-8.55066,42.87612],[-8.55096,42.87605]]]}},{"type":"Feature","properties":{"name":"Ruela das Fontiñas","kind":"road","road":"pedestrian","osm":248673869},"geometry":{"type":"LineString","coordinates":[[-8.53804,42.88126],[-8.53803,42.88124],[-8.53799,42.88119],[-8.538,42.88104],[-8.538,42.88102],[-8.5382,42.88103]]}},{"type":"Feature","properties":{"name":"","kind":"road","road":"pedestrian","osm":298359059},"geometry":{"type":"LineString","coordinates":[[-8.53834,42.88805],[-8.5383,42.88794],[-8.53827,42.8879],[-8.53822,42.88788],[-8.53816,42.88786],[-8.538,42.88779],[-8.53793,42.88776]]}},{"type":"Feature","properties":{"name":"Rúa de Santa Clara","kind":"road","road":"tertiary","osm":298385554},"geometry":{"type":"LineString","coordinates":[[-8.541,42.8855],[-8.54094,42.88562],[-8.54084,42.88583],[-8.54076,42.88596],[-8.54059,42.88617]]}},{"type":"Feature","properties":{"name":"","kind":"road","road":"pedestrian","osm":298836517},"geometry":{"type":"LineString","coordinates":[[-8.54384,42.87719],[-8.54374,42.87709],[-8.54372,42.87707]]}},{"type":"Feature","properties":{"name":"Tránsito da Mercé","kind":"road","road":"tertiary","osm":300528723},"geometry":{"type":"LineString","coordinates":[[-8.54211,42.87777],[-8.54185,42.87789],[-8.54172,42.87797]]}},{"type":"Feature","properties":{"name":"","kind":"park","road":"","osm":304078282},"geometry":{"type":"Polygon","coordinates":[[[-8.54455,42.87175],[-8.54454,42.87173],[-8.54424,42.87181],[-8.54416,42.87182],[-8.5441,42.87182],[-8.54404,42.87183],[-8.54373,42.87191],[-8.54364,42.87191],[-8.54356,42.87192],[-8.54344,42.87193],[-8.54347,42.87196],[-8.54348,42.87197],[-8.54351,42.87201],[-8.54352,42.87204],[-8.54352,42.87205],[-8.54352,42.87209],[-8.54361,42.87206],[-8.54379,42.87196],[-8.54388,42.87193],[-8.5442,42.87185],[-8.54455,42.87175]]]}},{"type":"Feature","properties":{"name":"","kind":"park","road":"","osm":304078285},"geometry":{"type":"Polygon","coordinates":[[[-8.54865,42.8698],[-8.54862,42.86976],[-8.54857,42.8698],[-8.54865,42.8698]]]}},{"type":"Feature","properties":{"name":"","kind":"park","road":"","osm":304078294},"geometry":{"type":"Polygon","coordinates":[[[-8.54876,42.86989],[-8.54871,42.86984],[-8.54865,42.86984],[-8.54874,42.8699],[-8.54876,42.86989]]]}},{"type":"Feature","properties":{"name":"","kind":"park","road":"","osm":304078300},"geometry":{"type":"Polygon","coordinates":[[[-8.54818,42.86969],[-8.54799,42.86979],[-8.54808,42.86977],[-8.54814,42.86977],[-8.54821,42.86976],[-8.5482,42.86975],[-8.54818,42.86972],[-8.54818,42.86969]]]}},{"type":"Feature","properties":{"name":"","kind":"park","road":"","osm":304078302},"geometry":{"type":"Polygon","coordinates":[[[-8.54623,42.87332],[-8.54622,42.87329],[-8.54611,42.8733],[-8.54592,42.87337],[-8.54593,42.87339],[-8.54616,42.87333],[-8.54623,42.87332]]]}},{"type":"Feature","properties":{"name":"","kind":"park","road":"","osm":304078310},"geometry":{"type":"Polygon","coordinates":[[[-8.5538,42.87328],[-8.5538,42.87325],[-8.5538,42.87324],[-8.55372,42.87323],[-8.55353,42.87323],[-8.55344,42.87323],[-8.55344,42.87326],[-8.55354,42.87331],[-8.55376,42.87329],[-8.5538,42.87328]]]}},{"type":"Feature","properties":{"name":"","kind":"road","road":"primary","osm":304231357},"geometry":{"type":"LineString","coordinates":[[-8.55771,42.87282],[-8.5578,42.87283],[-8.55788,42.87281]]}},{"type":"Feature","properties":{"name":"Praza da Constitución","kind":"park","road":"","osm":304248640},"geometry":{"type":"Polygon","coordinates":[[[-8.54286,42.87343],[-8.54272,42.87343],[-8.54152,42.8734],[-8.54267,42.87309],[-8.54266,42.87249],[-8.54272,42.87249],[-8.54304,42.87249],[-8.54304,42.87244],[-8.54314,42.87244],[-8.54331,42.87244],[-8.54334,42.87244],[-8.54337,42.87244],[-8.54339,42.87244],[-8.5434,42.87307],[-8.54334,42.87308],[-8.54326,42.87307],[-8.54317,42.87308],[-8.54313,42.87308],[-8.54299,42.87308],[-8.54295,42.87308],[-8.54286,42.87308],[-8.54286,42.87332],[-8.54287,42.87332],[-8.54288,42.87332],[-8.54286,42.87343]]]}},{"type":"Feature","properties":{"name":"Praza da Constitución","kind":"road","road":"pedestrian","osm":304248641},"geometry":{"type":"LineString","coordinates":[[-8.54286,42.87308],[-8.54286,42.87332],[-8.54287,42.87332],[-8.54288,42.87332],[-8.54286,42.87343],[-8.54332,42.87344],[-8.54335,42.87344],[-8.5434,42.87344],[-8.5434,42.87307],[-8.54334,42.87308],[-8.54326,42.87307],[-8.54317,42.87308],[-8.54313,42.87308],[-8.54299,42.87308],[-8.54295,42.87308],[-8.54286,42.87308]]}},{"type":"Feature","properties":{"name":"Costa Vella","kind":"road","road":"pedestrian","osm":309381066},"geometry":{"type":"LineString","coordinates":[[-8.5433,42.8834],[-8.54339,42.88338],[-8.54338,42.88333]]}},{"type":"Feature","properties":{"name":"Avenida de Lugo","kind":"road","road":"trunk","osm":314118561},"geometry":{"type":"LineString","coordinates":[[-8.53469,42.87669],[-8.53477,42.87658],[-8.53487,42.87645],[-8.53527,42.87593]]}},{"type":"Feature","properties":{"name":"Avenida de Lugo","kind":"road","road":"trunk","osm":314118563},"geometry":{"type":"LineString","coordinates":[[-8.53419,42.87733],[-8.53435,42.87713],[-8.5345,42.87693],[-8.5346,42.87682]]}},{"type":"Feature","properties":{"name":"Avenida de Lugo","kind":"road","road":"trunk","osm":314118577},"geometry":{"type":"LineString","coordinates":[[-8.53457,42.87665],[-8.53451,42.87679],[-8.53398,42.87747]]}},{"type":"Feature","properties":{"name":"Avenida de Lugo","kind":"road","road":"trunk","osm":314118584},"geometry":{"type":"LineString","coordinates":[[-8.5346,42.87682],[-8.53465,42.87675],[-8.53469,42.87669]]}},{"type":"Feature","properties":{"name":"Avenida de Lugo","kind":"road","road":"trunk","osm":314118596},"geometry":{"type":"LineString","coordinates":[[-8.53669,42.87409],[-8.5364,42.87434]]}},{"type":"Feature","properties":{"name":"Avenida de Lugo","kind":"road","road":"trunk","osm":314118605},"geometry":{"type":"LineString","coordinates":[[-8.5364,42.87434],[-8.5362,42.87453],[-8.53575,42.8751],[-8.53515,42.87589]]}},{"type":"Feature","properties":{"name":"Avenida de Lugo","kind":"road","road":"trunk","osm":314118617},"geometry":{"type":"LineString","coordinates":[[-8.53629,42.87459],[-8.53644,42.87446],[-8.5366,42.87431],[-8.53672,42.87421],[-8.53683,42.87413],[-8.53692,42.87406],[-8.53706,42.87397],[-8.53726,42.87385],[-8.53756,42.87369],[-8.53781,42.87358]]}},{"type":"Feature","properties":{"name":"Avenida de Antonio Raimundo Ibáñez","kind":"road","road":"pedestrian","osm":318625689},"geometry":{"type":"LineString","coordinates":[[-8.55249,42.87749],[-8.55247,42.87739],[-8.55247,42.87732],[-8.55246,42.87729],[-8.55246,42.87725],[-8.55245,42.87718],[-8.55244,42.87706]]}},{"type":"Feature","properties":{"name":"Rúa das Carretas","kind":"road","road":"pedestrian","osm":323040820},"geometry":{"type":"LineString","coordinates":[[-8.54669,42.88229],[-8.54671,42.88223],[-8.54677,42.88207],[-8.54678,42.8818],[-8.54676,42.88143],[-8.54668,42.88113],[-8.54663,42.88101],[-8.54655,42.88083]]}},{"type":"Feature","properties":{"name":"","kind":"road","road":"primary","osm":324752433},"geometry":{"type":"LineString","coordinates":[[-8.54859,42.8697],[-8.5486,42.86965],[-8.54857,42.86961]]}},{"type":"Feature","properties":{"name":"","kind":"road","road":"primary","osm":324753511},"geometry":{"type":"LineString","coordinates":[[-8.54857,42.86961],[-8.54856,42.86959],[-8.54853,42.86957]]}},{"type":"Feature","properties":{"name":"","kind":"road","road":"secondary","osm":325191841},"geometry":{"type":"LineString","coordinates":[[-8.54487,42.87154],[-8.54485,42.87154],[-8.54483,42.87155],[-8.5448,42.87155],[-8.54478,42.87156],[-8.54477,42.87158],[-8.54475,42.87159],[-8.54474,42.87161],[-8.54474,42.87162]]}},{"type":"Feature","properties":{"name":"Praza de Feixoo","kind":"road","road":"pedestrian","osm":337177350},"geometry":{"type":"LineString","coordinates":[[-8.54257,42.88007],[-8.54226,42.88007]]}},{"type":"Feature","properties":{"name":"Rúa da Fonte Sequelo","kind":"road","road":"pedestrian","osm":337177352},"geometry":{"type":"LineString","coordinates":[[-8.54229,42.87972],[-8.54256,42.87971],[-8.54271,42.87969]]}},{"type":"Feature","properties":{"name":"Rúa de Santo Agostiño","kind":"road","road":"pedestrian","osm":337177353},"geometry":{"type":"LineString","coordinates":[[-8.54134,42.88103],[-8.54113,42.88097]]}},{"type":"Feature","properties":{"name":"Rúa da Troia","kind":"road","road":"pedestrian","osm":337177354},"geometry":{"type":"LineString","coordinates":[[-8.54349,42.88188],[-8.54351,42.88183],[-8.54345,42.88169],[-8.54341,42.88162],[-8.54339,42.8816],[-8.54326,42.88144],[-8.54318,42.88136],[-8.54315,42.88132],[-8.5431,42.88123]]}},{"type":"Feature","properties":{"name":"Rúa da Acibechería","kind":"road","road":"pedestrian","osm":337177355},"geometry":{"type":"LineString","coordinates":[[-8.5431,42.88123],[-8.54332,42.88124],[-8.54378,42.88124],[-8.54382,42.88123],[-8.54422,42.88118],[-8.54439,42.88114],[-8.54444,42.88113],[-8.54449,42.88112],[-8.54452,42.88111]]}},{"type":"Feature","properties":{"name":"","kind":"park","road":"","osm":339500243},"geometry":{"type":"Polygon","coordinates":[[[-8.5477,42.88237],[-8.54722,42.88231],[-8.54739,42.88186],[-8.54778,42.88187],[-8.5477,42.88237]]]}},{"type":"Feature","properties":{"name":"","kind":"park","road":"","osm":339500249},"geometry":{"type":"Polygon","coordinates":[[[-8.54815,42.88242],[-8.5478,42.88237],[-8.54786,42.88204],[-8.54827,42.88213],[-8.54815,42.88242]]]}},{"type":"Feature","properties":{"name":"","kind":"park","road":"","osm":339500250},"geometry":{"type":"Polygon","coordinates":[[[-8.54828,42.8821],[-8.54786,42.88201],[-8.5479,42.88175],[-8.54835,42.88191],[-8.54828,42.8821]]]}},{"type":"Feature","properties":{"name":"Rúa das Galeras","kind":"road","road":"secondary","osm":339726545},"geometry":{"type":"LineString","coordinates":[[-8.54908,42.88167],[-8.54903,42.88172],[-8.549,42.88175],[-8.54898,42.8818],[-8.54894,42.88188]]}},{"type":"Feature","properties":{"name":"Avenida de Romero Donallo","kind":"road","road":"primary","osm":362815538},"geometry":{"type":"LineString","coordinates":[[-8.54873,42.86982],[-8.5487,42.86979],[-8.54866,42.86976],[-8.54859,42.8697]]}},{"type":"Feature","properties":{"name":"Rúa dos Feáns","kind":"road","road":"pedestrian","osm":368084570},"geometry":{"type":"LineString","coordinates":[[-8.5527,42.87495],[-8.5528,42.87495],[-8.55357,42.87496],[-8.55373,42.87495]]}},{"type":"Feature","properties":{"name":"Estanque do Campus Vida","kind":"water","road":"","osm":368084579},"geometry":{"type":"Polygon","coordinates":[[[-8.55272,42.87727],[-8.55276,42.87727],[-8.55276,42.8773],[-8.55322,42.87727],[-8.55322,42.87724],[-8.55327,42.87724],[-8.55327,42.87723],[-8.55322,42.87723],[-8.55321,42.87721],[-8.55276,42.87724],[-8.55276,42.87726],[-8.55271,42.87726],[-8.55272,42.87727]]]}},{"type":"Feature","properties":{"name":"Rúa de Felipe Ramón Cordero Carrete","kind":"road","road":"pedestrian","osm":368086546},"geometry":{"type":"LineString","coordinates":[[-8.54782,42.88246],[-8.5478,42.88251],[-8.54758,42.88304],[-8.54755,42.88313],[-8.54734,42.88395],[-8.54731,42.88404]]}},{"type":"Feature","properties":{"name":"Rúa de Marie Curie","kind":"road","road":"pedestrian","osm":368086547},"geometry":{"type":"LineString","coordinates":[[-8.54734,42.88239],[-8.54732,42.88245],[-8.54717,42.88307],[-8.54716,42.88319],[-8.54698,42.88389],[-8.54696,42.88394],[-8.54696,42.88397]]}},{"type":"Feature","properties":{"name":"Estanque da Finca do Espiño","kind":"water","road":"","osm":368086549},"geometry":{"type":"Polygon","coordinates":[[[-8.55104,42.88247],[-8.55105,42.88246],[-8.55104,42.88244],[-8.55105,42.88243],[-8.55109,42.88241],[-8.55108,42.88238],[-8.55106,42.88237],[-8.55102,42.88238],[-8.55099,42.8824],[-8.55098,42.88242],[-8.55096,42.88246],[-8.55099,42.88247],[-8.55104,42.88247]]]}},{"type":"Feature","properties":{"name":"Xardín das Pedras que Falan","kind":"park","road":"","osm":368139228},"geometry":{"type":"Polygon","coordinates":[[[-8.54562,42.87909],[-8.54567,42.87909],[-8.54603,42.8791],[-8.54605,42.8791],[-8.54607,42.8791],[-8.54611,42.8791],[-8.54616,42.87927],[-8.54618,42.87934],[-8.54619,42.87937],[-8.54573,42.8794],[-8.54574,42.87944],[-8.54566,42.87944],[-8.54565,42.87941],[-8.54564,42.8793],[-8.54562,42.87909]]]}},{"type":"Feature","properties":{"name":"","kind":"road","road":"pedestrian","osm":368156220},"geometry":{"type":"LineString","coordinates":[[-8.54769,42.88566],[-8.54759,42.88564],[-8.54752,42.88563],[-8.54742,42.88561],[-8.54699,42.88552],[-8.54701,42.88545],[-8.54703,42.88541],[-8.54703,42.88539],[-8.54713,42.88539],[-8.54756,42.88522],[-8.54755,42.88521],[-8.54763,42.88515],[-8.54765,42.88516],[-8.54768,42.88519],[-8.5477,42.8852],[-8.54775,42.88525],[-8.5477,42.88542],[-8.54768,42.88557],[-8.54769,42.88566]]}},{"type":"Feature","properties":{"name":"","kind":"road","road":"pedestrian","osm":368156995},"geometry":{"type":"LineString","coordinates":[[-8.54802,42.88584],[-8.5479,42.88577],[-8.54776,42.88568],[-8.54769,42.88566],[-8.54768,42.88557],[-8.5477,42.88542],[-8.54775,42.88525],[-8.54813,42.88454],[-8.54817,42.88445],[-8.54825,42.88447],[-8.54833,42.88449],[-8.54837,42.8845],[-8.54862,42.88456],[-8.54859,42.88459],[-8.54827,42.88482],[-8.548,42.88502],[-8.5481,42.88513],[-8.54804,42.88518],[-8.54843,42.8855],[-8.54804,42.88582],[-8.54802,42.88584]]}},{"type":"Feature","properties":{"name":"","kind":"road","road":"pedestrian","osm":368156996},"geometry":{"type":"LineString","coordinates":[[-8.5451,42.88721],[-8.54504,42.88748],[-8.54503,42.88748],[-8.54503,42.8875],[-8.54504,42.8875],[-8.54505,42.8875],[-8.54506,42.8875],[-8.5451,42.8875],[-8.54512,42.88751],[-8.54517,42.88754],[-8.5452,42.88756],[-8.54526,42.88755],[-8.54534,42.88749],[-8.54527,42.88743],[-8.54521,42.8873],[-8.54517,42.8872],[-8.54513,42.8871],[-8.54512,42.8871],[-8.5451,42.88721]]}},{"type":"Feature","properties":{"name":"","kind":"road","road":"pedestrian","osm":368293757},"geometry":{"type":"LineString","coordinates":[[-8.54643,42.88085],[-8.54638,42.88056]]}},{"type":"Feature","properties":{"name":"","kind":"road","road":"pedestrian","osm":370121779},"geometry":{"type":"LineString","coordinates":[[-8.54945,42.87322],[-8.54956,42.87338],[-8.54965,42.87353],[-8.54974,42.87366],[-8.54978,42.87373],[-8.5498,42.87376],[-8.54963,42.87391],[-8.54959,42.87396],[-8.54951,42.87403]]}},{"type":"Feature","properties":{"name":"","kind":"road","road":"pedestrian","osm":370121780},"geometry":{"type":"LineString","coordinates":[[-8.54978,42.87373],[-8.5499,42.87369],[-8.55005,42.87364]]}},{"type":"Feature","properties":{"name":"Xardín do Pazo de Amarante","kind":"park","road":"","osm":370312444},"geometry":{"type":"Polygon","coordinates":[[[-8.5415,42.88258],[-8.54147,42.88257],[-8.54143,42.88256],[-8.54135,42.88255],[-8.54125,42.88252],[-8.54115,42.88247],[-8.54118,42.88242],[-8.54119,42.88241],[-8.54124,42.8823],[-8.54121,42.8823],[-8.54123,42.88224],[-8.5413,42.88225],[-8.54131,42.88223],[-8.54143,42.88225],[-8.54141,42.8823],[-8.54151,42.88231],[-8.54157,42.88232],[-8.54157,42.88233],[-8.54151,42.88251],[-8.54153,42.88251],[-8.54151,42.88258],[-8.5415,42.88258]]]}},{"type":"Feature","properties":{"name":"Praza do Obradoiro","kind":"road","road":"pedestrian","osm":372069669},"geometry":{"type":"LineString","coordinates":[[-8.54639,42.88082],[-8.54636,42.88075],[-8.5462,42.88076],[-8.54618,42.88076],[-8.54604,42.88001],[-8.54606,42.88],[-8.54612,42.88],[-8.54613,42.88],[-8.54612,42.87996],[-8.54611,42.87993],[-8.546,42.87993],[-8.54602,42.88],[-8.54601,42.88001],[-8.54585,42.88002],[-8.54568,42.88014],[-8.54566,42.8801],[-8.54564,42.88005],[-8.54571,42.88002],[-8.54555,42.88005],[-8.54548,42.88006],[-8.54535,42.88008],[-8.54534,42.88008],[-8.54529,42.88007],[-8.54518,42.88009],[-8.54523,42.88035],[-8.54523,42.8804],[-8.54524,42.88043],[-8.54538,42.88042],[-8.54539,42.88048],[-8.54539,42.88052],[-8.5454,42.88056],[-8.54541,42.88062],[-8.54527,42.88063],[-8.54528,42.8807],[-8.5453,42.8807],[-8.54533,42.88085],[-8.54536,42.88085],[-8.54537,42.88092],[-8.5453,42.88092],[-8.5453,42.88095],[-8.54531,42.88104],[-8.54538,42.88104],[-8.54542,42.88103],[-8.54583,42.881],[-8.54628,42.88097],[-8.54636,42.88098],[-8.54643,42.88097],[-8.54649,42.88095],[-8.54645,42.88089],[-8.54587,42.88093],[-8.54583,42.8809],[-8.54586,42.88087],[-8.54603,42.88085],[-8.5462,42.88084],[-8.54639,42.88082]]}},{"type":"Feature","properties":{"name":"Rúa dos Feáns","kind":"road","road":"pedestrian","osm":372089837},"geometry":{"type":"LineString","coordinates":[[-8.55277,42.87484],[-8.55308,42.87412],[-8.55327,42.87387],[-8.55355,42.87365],[-8.5537,42.87349],[-8.5537,42.87346],[-8.55362,42.87343],[-8.55346,42.87334],[-8.55343,42.87331],[-8.55342,42.87329],[-8.55342,42.87318]]}},{"type":"Feature","properties":{"name":"Avenida de Rosalía de Castro","kind":"road","road":"pedestrian","osm":372099746},"geometry":{"type":"LineString","coordinates":[[-8.55039,42.87552],[-8.5504,42.87554],[-8.5506,42.8757],[-8.55068,42.87577],[-8.55111,42.87549],[-8.55152,42.87524]]}},{"type":"Feature","properties":{"name":"","kind":"road","road":"pedestrian","osm":372413994},"geometry":{"type":"LineString","coordinates":[[-8.54842,42.88215],[-8.5486,42.88219]]}},{"type":"Feature","properties":{"name":"Rúa de Isaac Díaz Pardo","kind":"road","road":"pedestrian","osm":372413995},"geometry":{"type":"LineString","coordinates":[[-8.54818,42.88409],[-8.54815,42.88408],[-8.54813,42.88408],[-8.54811,42.88408],[-8.54758,42.88401],[-8.54753,42.88401],[-8.54746,42.88401],[-8.54731,42.88404],[-8.54729,42.88405],[-8.54717,42.8841],[-8.54715,42.88411]]}},{"type":"Feature","properties":{"name":"","kind":"road","road":"pedestrian","osm":379435230},"geometry":{"type":"LineString","coordinates":[[-8.5578,42.87407],[-8.55778,42.87398],[-8.55778,42.87395],[-8.55796,42.87398],[-8.55798,42.87398],[-8.558,42.87391],[-8.55807,42.87392],[-8.55806,42.87395],[-8.55817,42.87396],[-8.55824,42.87397],[-8.55826,42.87402],[-8.55815,42.87403],[-8.55798,42.87405],[-8.5578,42.87407]]}},{"type":"Feature","properties":{"name":"","kind":"road","road":"pedestrian","osm":379435231},"geometry":{"type":"LineString","coordinates":[[-8.55826,42.87392],[-8.55826,42.87393],[-8.55825,42.87394],[-8.55807,42.87392],[-8.55806,42.87395],[-8.55817,42.87396],[-8.55824,42.87397],[-8.55826,42.87402],[-8.55836,42.87401],[-8.55835,42.87398],[-8.55849,42.87397],[-8.55851,42.87397],[-8.55852,42.87397],[-8.55844,42.87393],[-8.55842,42.87393],[-8.5584,42.87394],[-8.55838,42.87394],[-8.55826,42.87392]]}},{"type":"Feature","properties":{"name":"Praza da Fonte Sequelo","kind":"road","road":"pedestrian","osm":383688283},"geometry":{"type":"LineString","coordinates":[[-8.54282,42.87987],[-8.5428,42.87984],[-8.54279,42.87983],[-8.54273,42.87976],[-8.54273,42.87975],[-8.54272,42.87972],[-8.54271,42.87969]]}},{"type":"Feature","properties":{"name":"Avenida de Romero Donallo","kind":"road","road":"primary","osm":384765943},"geometry":{"type":"LineString","coordinates":[[-8.5513,42.87169],[-8.55149,42.87183],[-8.55164,42.87193],[-8.55168,42.87196],[-8.55181,42.87206]]}},{"type":"Feature","properties":{"name":"Cantón de San Bieito","kind":"road","road":"pedestrian","osm":384866452},"geometry":{"type":"LineString","coordinates":[[-8.54198,42.8808],[-8.54205,42.88081],[-8.54204,42.88084],[-8.54202,42.88087],[-8.54201,42.8809],[-8.542,42.88093],[-8.54195,42.88092],[-8.54194,42.88095],[-8.54196,42.88097],[-8.54203,42.88098],[-8.54209,42.88099],[-8.54208,42.88101],[-8.54171,42.88096],[-8.54169,42.88095],[-8.54166,42.88095],[-8.54167,42.88092],[-8.5417,42.88088],[-8.54172,42.88086],[-8.54174,42.88085],[-8.54176,42.88085],[-8.54184,42.88087],[-8.54185,42.88087],[-8.54188,42.88088],[-8.54189,42.88088],[-8.54193,42.88089],[-8.54195,42.88084],[-8.54195,42.88081],[-8.54198,42.8808]]}},{"type":"Feature","properties":{"name":"Rúa de Carlos Briones Varela","kind":"road","road":"pedestrian","osm":385187571},"geometry":{"type":"LineString","coordinates":[[-8.54779,42.88316],[-8.54837,42.88324],[-8.5484,42.88325]]}},{"type":"Feature","properties":{"name":"","kind":"road","road":"pedestrian","osm":385187572},"geometry":{"type":"LineString","coordinates":[[-8.5486,42.88219],[-8.54871,42.88222]]}},{"type":"Feature","properties":{"name":"","kind":"road","road":"pedestrian","osm":385187573},"geometry":{"type":"LineString","coordinates":[[-8.54871,42.88222],[-8.54877,42.88223],[-8.5488,42.88224]]}},{"type":"Feature","properties":{"name":"","kind":"road","road":"pedestrian","osm":385187575},"geometry":{"type":"LineString","coordinates":[[-8.54865,42.88313],[-8.54868,42.88306],[-8.5487,42.883],[-8.54896,42.88305],[-8.54894,42.88311],[-8.54892,42.88317],[-8.54865,42.88313]]}},{"type":"Feature","properties":{"name":"","kind":"road","road":"pedestrian","osm":385187576},"geometry":{"type":"LineString","coordinates":[[-8.54883,42.88346],[-8.54885,42.8834],[-8.54887,42.88334],[-8.5486,42.88329],[-8.54857,42.88336],[-8.54856,42.88342],[-8.54883,42.88346]]}},{"type":"Feature","properties":{"name":"","kind":"road","road":"pedestrian","osm":385187577},"geometry":{"type":"LineString","coordinates":[[-8.54851,42.88359],[-8.54849,42.88365],[-8.54847,42.88371],[-8.54874,42.88375],[-8.54876,42.88369],[-8.54878,42.88363],[-8.54851,42.88359]]}},{"type":"Feature","properties":{"name":"","kind":"road","road":"pedestrian","osm":385187578},"geometry":{"type":"LineString","coordinates":[[-8.54843,42.88388],[-8.54841,42.88394],[-8.54839,42.884],[-8.54866,42.88405],[-8.54868,42.88398],[-8.54869,42.88392],[-8.54843,42.88388]]}},{"type":"Feature","properties":{"name":"Rúa da Algalia de Arriba","kind":"road","road":"pedestrian","osm":386148115},"geometry":{"type":"LineString","coordinates":[[-8.54231,42.88138],[-8.54237,42.88123],[-8.54242,42.88116]]}},{"type":"Feature","properties":{"name":"","kind":"park","road":"","osm":391779616},"geometry":{"type":"Polygon","coordinates":[[[-8.53687,42.88422],[-8.53709,42.88417],[-8.53711,42.88425],[-8.53714,42.88432],[-8.53715,42.88438],[-8.53727,42.88457],[-8.53728,42.88464],[-8.5373,42.88487],[-8.53733,42.88512],[-8.53733,42.88523],[-8.53735,42.88528],[-8.53738,42.88545],[-8.53738,42.88547],[-8.5374,42.88563],[-8.53741,42.88572],[-8.53701,42.8859],[-8.53695,42.88594],[-8.53684,42.88575],[-8.53682,42.88573],[-8.53677,42.88572],[-8.53677,42.88569],[-8.5368,42.88563],[-8.53675,42.88563],[-8.53677,42.88546],[-8.5368,42.88528],[-8.53682,42.88515],[-8.53703,42.88518],[-8.53706,42.88444],[-8.53696,42.88443],[-8.53686,42.88442],[-8.53687,42.88422]]]}},{"type":"Feature","properties":{"name":"Rúa do Franco","kind":"road","road":"pedestrian","osm":392358330},"geometry":{"type":"LineString","coordinates":[[-8.54529,42.88007],[-8.5452,42.87983]]}},{"type":"Feature","properties":{"name":"Rúa do Franco","kind":"road","road":"pedestrian","osm":392358332},"geometry":{"type":"LineString","coordinates":[[-8.5452,42.87983],[-8.54513,42.87976],[-8.5451,42.8796],[-8.54508,42.87942],[-8.54507,42.87932],[-8.54506,42.87921],[-8.54508,42.87909],[-8.54511,42.87902]]}},{"type":"Feature","properties":{"name":"Xardín de Coimbra","kind":"park","road":"","osm":401315279},"geometry":{"type":"Polygon","coordinates":[[[-8.54175,42.88706],[-8.54187,42.88712],[-8.54188,42.88712],[-8.5419,42.88712],[-8.54192,42.88711],[-8.54195,42.8871],[-8.54204,42.88703],[-8.54208,42.88699],[-8.5421,42.88697],[-8.54213,42.88691],[-8.54215,42.88687],[-8.54208,42.88684],[-8.54196,42.88682],[-8.54175,42.88706]]]}},{"type":"Feature","properties":{"name":"","kind":"park","road":"","osm":401634369},"geometry":{"type":"Polygon","coordinates":[[[-8.55939,42.87316],[-8.5594,42.87322],[-8.55909,42.87325],[-8.55911,42.87332],[-8.55942,42.87329],[-8.55947,42.87353],[-8.55955,42.87353],[-8.55952,42.87349],[-8.5595,42.87346],[-8.55949,42.87343],[-8.55948,42.8734],[-8.55947,42.87335],[-8.55948,42.8733],[-8.55948,42.87325],[-8.55949,42.8732],[-8.55946,42.87318],[-8.55943,42.87316],[-8.55939,42.87316]]]}},{"type":"Feature","properties":{"name":"","kind":"park","road":"","osm":401634372},"geometry":{"type":"Polygon","coordinates":[[[-8.55946,42.87312],[-8.55938,42.87312],[-8.55933,42.87312],[-8.55929,42.87308],[-8.55838,42.87316],[-8.55839,42.8732],[-8.5584,42.87323],[-8.55837,42.87324],[-8.55835,42.87327],[-8.55837,42.87331],[-8.55839,42.87332],[-8.5584,42.87332],[-8.55841,42.8734],[-8.55825,42.87341],[-8.55831,42.87368],[-8.55816,42.87369],[-8.55797,42.87291],[-8.55797,42.87286],[-8.55807,42.87277],[-8.55813,42.87273],[-8.5582,42.8727],[-8.55822,42.8727],[-8.55823,42.87273],[-8.55817,42.87274],[-8.55818,42.87277],[-8.55817,42.87277],[-8.55816,42.87278],[-8.55816,42.87279],[-8.55816,42.87283],[-8.55818,42.87284],[-8.5582,42.87284],[-8.55821,42.87288],[-8.55829,42.87286],[-8.55837,42.87313],[-8.55848,42.87308],[-8.55849,42.87313],[-8.55882,42.87309],[-8.55881,42.87304],[-8.55907,42.873],[-8.55915,42.873],[-8.55925,42.87301],[-8.5593,42.87303],[-8.55935,42.87304],[-8.55941,42.87307],[-8.55946,42.87312]]]}},{"type":"Feature","properties":{"name":"","kind":"park","road":"","osm":401634373},"geometry":{"type":"Polygon","coordinates":[[[-8.5588,42.87299],[-8.55875,42.8728],[-8.55869,42.87281],[-8.55868,42.87275],[-8.55869,42.87275],[-8.5587,42.87275],[-8.5587,42.87274],[-8.5587,42.87273],[-8.5587,42.87271],[-8.55869,42.87271],[-8.55868,42.8727],[-8.55867,42.8727],[-8.55866,42.87267],[-8.55832,42.87272],[-8.55831,42.87268],[-8.55865,42.87263],[-8.56102,42.87229],[-8.5611,42.87228],[-8.56122,42.87234],[-8.56131,42.87243],[-8.56151,42.87331],[-8.56117,42.87334],[-8.56117,42.87331],[-8.56108,42.87286],[-8.56105,42.87282],[-8.56103,42.87279],[-8.56097,42.87276],[-8.5609,42.87275],[-8.56083,42.87275],[-8.56064,42.87277],[-8.56056,42.87273],[-8.56055,42.87273],[-8.56054,42.87269],[-8.56061,42.87268],[-8.5606,42.87263],[-8.56029,42.87267],[-8.56006,42.873],[-8.55965,42.87305],[-8.55961,42.87307],[-8.55957,42.8731],[-8.55954,42.87313],[-8.55951,42.87313],[-8.55947,42.87308],[-8.55942,42.87303],[-8.55937,42.873],[-8.55931,42.87298],[-8.55923,42.87297],[-8.55912,42.87296],[-8.55902,42.87296],[-8.5588,42.87299]]]}},{"type":"Feature","properties":{"name":"","kind":"park","road":"","osm":401634375},"geometry":{"type":"Polygon","coordinates":[[[-8.55858,42.87353],[-8.55837,42.87355],[-8.55834,42.87342],[-8.55841,42.8734],[-8.55857,42.87339],[-8.55858,42.87342],[-8.55856,42.87343],[-8.55858,42.87353]]]}},{"type":"Feature","properties":{"name":"","kind":"park","road":"","osm":401634376},"geometry":{"type":"Polygon","coordinates":[[[-8.55928,42.87331],[-8.55911,42.87333],[-8.55906,42.87333],[-8.55907,42.87339],[-8.55927,42.87337],[-8.55927,42.87335],[-8.55928,42.87335],[-8.55928,42.87331]]]}},{"type":"Feature","properties":{"name":"","kind":"park","road":"","osm":401638407},"geometry":{"type":"Polygon","coordinates":[[[-8.55838,42.87394],[-8.55826,42.87392],[-8.55801,42.87388],[-8.55802,42.87385],[-8.5582,42.87383],[-8.5584,42.87394],[-8.55838,42.87394]]]}},{"type":"Feature","properties":{"name":"","kind":"park","road":"","osm":401766513},"geometry":{"type":"Polygon","coordinates":[[[-8.5488,42.86994],[-8.54881,42.86994],[-8.54897,42.87006],[-8.5488,42.86994]]]}},{"type":"Feature","properties":{"name":"","kind":"park","road":"","osm":401766522},"geometry":{"type":"Polygon","coordinates":[[[-8.55223,42.87182],[-8.55213,42.8719],[-8.55211,42.8719],[-8.55208,42.87189],[-8.55205,42.87188],[-8.55206,42.8718],[-8.55223,42.87182]]]}},{"type":"Feature","properties":{"name":"","kind":"park","road":"","osm":407398931},"geometry":{"type":"Polygon","coordinates":[[[-8.55111,42.87664],[-8.55155,42.87713],[-8.55157,42.87716],[-8.55159,42.87719],[-8.5516,42.87723],[-8.55161,42.87726],[-8.55226,42.87723],[-8.55231,42.87721],[-8.55234,42.87718],[-8.55227,42.87656],[-8.55111,42.87664]]]}},{"type":"Feature","properties":{"name":"","kind":"park","road":"","osm":407398934},"geometry":{"type":"Polygon","coordinates":[[[-8.55256,42.87746],[-8.55263,42.87801],[-8.55263,42.87802],[-8.55264,42.87803],[-8.55375,42.87796],[-8.5537,42.87752],[-8.55367,42.87751],[-8.55364,42.87749],[-8.5536,42.87747],[-8.55358,42.87745],[-8.55356,42.87743],[-8.55354,42.87739],[-8.55256,42.87746]]]}},{"type":"Feature","properties":{"name":"","kind":"park","road":"","osm":407398941},"geometry":{"type":"Polygon","coordinates":[[[-8.5516,42.87752],[-8.55131,42.87808],[-8.55131,42.87809],[-8.55132,42.8781],[-8.55134,42.8781],[-8.55235,42.87804],[-8.55243,42.87802],[-8.55244,42.87802],[-8.55244,42.878],[-8.5524,42.87776],[-8.55237,42.87744],[-8.55236,42.87741],[-8.55234,42.8774],[-8.5523,42.87738],[-8.55226,42.87737],[-8.55222,42.87736],[-8.55218,42.87736],[-8.55162,42.8774],[-8.55162,42.87743],[-8.55162,42.87746],[-8.55161,42.87749],[-8.5516,42.87752]]]}},{"type":"Feature","properties":{"name":"","kind":"park","road":"","osm":407398944},"geometry":{"type":"Polygon","coordinates":[[[-8.55385,42.87742],[-8.55386,42.87742],[-8.5546,42.87738],[-8.55455,42.87693],[-8.55441,42.87694],[-8.55382,42.87697],[-8.55381,42.87698],[-8.55385,42.87742]]]}},{"type":"Feature","properties":{"name":"","kind":"park","road":"","osm":407398950},"geometry":{"type":"Polygon","coordinates":[[[-8.55124,42.87728],[-8.55122,42.87731],[-8.5512,42.87734],[-8.5512,42.87737],[-8.55121,42.8774],[-8.55123,42.87743],[-8.55126,42.87745],[-8.55107,42.87746],[-8.55105,42.87729],[-8.55124,42.87728]]]}},{"type":"Feature","properties":{"name":"","kind":"park","road":"","osm":415815039},"geometry":{"type":"Polygon","coordinates":[[[-8.55368,42.87434],[-8.5534,42.87436],[-8.55338,42.87418],[-8.55366,42.87416],[-8.55368,42.87434]]]}},{"type":"Feature","properties":{"name":"","kind":"park","road":"","osm":415815041},"geometry":{"type":"Polygon","coordinates":[[[-8.55767,42.87339],[-8.55772,42.87339],[-8.55773,42.87339],[-8.55767,42.8734],[-8.55767,42.87339]]]}},{"type":"Feature","properties":{"name":"","kind":"road","road":"pedestrian","osm":415815043},"geometry":{"type":"LineString","coordinates":[[-8.55401,42.87405],[-8.55389,42.87406],[-8.55388,42.87396],[-8.55382,42.87348],[-8.55383,42.87344],[-8.55384,42.87339],[-8.55385,42.87335],[-8.55387,42.87334],[-8.55389,42.87333],[-8.55393,42.87333],[-8.554,42.87395],[-8.55401,42.87405]]}},{"type":"Feature","properties":{"name":"Praza do Seminario de Estudos Galegos","kind":"park","road":"","osm":415816924},"geometry":{"type":"Polygon","coordinates":[[[-8.55551,42.87466],[-8.5555,42.87469],[-8.55547,42.87471],[-8.5554,42.87472],[-8.55536,42.87472],[-8.5553,42.87467],[-8.55505,42.87468],[-8.55463,42.87471],[-8.55456,42.87471],[-8.55452,42.87477],[-8.55427,42.87479],[-8.55422,42.87477],[-8.55419,42.87475],[-8.55416,42.87455],[-8.55415,42.87449],[-8.55414,42.87436],[-8.5542,42.87428],[-8.55427,42.87428],[-8.55437,42.87426],[-8.55457,42.87424],[-8.55499,42.87419],[-8.55531,42.87416],[-8.55538,42.87416],[-8.55543,42.87421],[-8.55546,42.87438],[-8.55551,42.87466]]]}},{"type":"Feature","properties":{"name":"","kind":"road","road":"pedestrian","osm":416552380},"geometry":{"type":"LineString","coordinates":[[-8.54755,42.88313],[-8.54749,42.88312]]}},{"type":"Feature","properties":{"name":"","kind":"road","road":"pedestrian","osm":416552381},"geometry":{"type":"LineString","coordinates":[[-8.54734,42.88309],[-8.54731,42.88309],[-8.54717,42.88307]]}},{"type":"Feature","properties":{"name":"","kind":"road","road":"pedestrian","osm":416552382},"geometry":{"type":"LineString","coordinates":[[-8.54749,42.88312],[-8.54734,42.88309]]}},{"type":"Feature","properties":{"name":"","kind":"road","road":"pedestrian","osm":418346090},"geometry":{"type":"LineString","coordinates":[[-8.54912,42.88232],[-8.54927,42.88235],[-8.54929,42.88236],[-8.54942,42.88207],[-8.55018,42.88183],[-8.55021,42.88182],[-8.55023,42.88182],[-8.5502,42.88177],[-8.5502,42.88176],[-8.54936,42.88202],[-8.54922,42.88206],[-8.54912,42.88232]]}},{"type":"Feature","properties":{"name":"","kind":"park","road":"","osm":421884360},"geometry":{"type":"Polygon","coordinates":[[[-8.55704,42.8779],[-8.55728,42.87784],[-8.5573,42.87784],[-8.55728,42.87794],[-8.55736,42.87795],[-8.55735,42.878],[-8.55746,42.87801],[-8.55746,42.87803],[-8.55747,42.87803],[-8.55743,42.87826],[-8.55791,42.87831],[-8.55801,42.87802],[-8.55802,42.87802],[-8.55811,42.87803],[-8.55799,42.87829],[-8.558,42.87832],[-8.5586,42.87838],[-8.55857,42.87845],[-8.55854,42.87849],[-8.55848,42.87854],[-8.55844,42.8786],[-8.55842,42.87873],[-8.55847,42.87877],[-8.55853,42.87879],[-8.55862,42.87879],[-8.55871,42.87878],[-8.55882,42.87881],[-8.55895,42.8788],[-8.55904,42.87884],[-8.55913,42.87885],[-8.55919,42.87888],[-8.55921,42.87894],[-8.55928,42.87898],[-8.559,42.87901],[-8.55892,42.87901],[-8.55885,42.879],[-8.55877,42.87898],[-8.55863,42.87893],[-8.55849,42.87887],[-8.55838,42.87883],[-8.55832,42.87882],[-8.55825,42.87883],[-8.55821,42.87884],[-8.55817,42.87885],[-8.55786,42.87881],[-8.55781,42.87879],[-8.55782,42.87875],[-8.55792,42.87836],[-8.55742,42.8783],[-8.5571,42.87827],[-8.55699,42.87825],[-8.55692,42.87824],[-8.55687,42.87822],[-8.55688,42.8782],[-8.55689,42.87819],[-8.55704,42.8779]]]}},{"type":"Feature","properties":{"name":"Carballeira de San Lourenzo","kind":"park","road":"","osm":421884361},"geometry":{"type":"Polygon","coordinates":[[[-8.55689,42.87819],[-8.55688,42.8782],[-8.55687,42.87822],[-8.55684,42.87831],[-8.55682,42.87839],[-8.55682,42.87848],[-8.55686,42.87861],[-8.55689,42.87865],[-8.55693,42.87868],[-8.55698,42.87872],[-8.55709,42.87877],[-8.55749,42.87895],[-8.55764,42.87901],[-8.55775,42.87904],[-8.5577,42.87908],[-8.55767,42.87913],[-8.55766,42.87917],[-8.55765,42.87918],[-8.55762,42.87918],[-8.55751,42.87917],[-8.55739,42.87916],[-8.55718,42.87911],[-8.55709,42.87908],[-8.557,42.87906],[-8.55677,42.87899],[-8.55664,42.87895],[-8.5566,42.87893],[-8.55656,42.87892],[-8.55644,42.87886],[-8.55597,42.87864],[-8.5559,42.8786],[-8.55581,42.87857],[-8.55572,42.87853],[-8.5557,42.87851],[-8.55569,42.8785],[-8.55569,42.87849],[-8.5569,42.87796],[-8.55695,42.87794],[-8.557,42.87792],[-8.55704,42.8779],[-8.55689,42.87819]]]}},{"type":"Feature","properties":{"name":"Rúa de Anxo Casal","kind":"road","road":"tertiary","osm":424068667},"geometry":{"type":"LineString","coordinates":[[-8.53446,42.88774],[-8.53452,42.88776],[-8.53458,42.88778],[-8.53463,42.88781],[-8.53504,42.88803]]}},{"type":"Feature","properties":{"name":"Rúa de Anxo Casal","kind":"road","road":"tertiary","osm":424068668},"geometry":{"type":"LineString","coordinates":[[-8.53517,42.88796],[-8.53506,42.8879],[-8.53462,42.88765],[-8.53452,42.88759]]}},{"type":"Feature","properties":{"name":"","kind":"road","road":"pedestrian","osm":430866209},"geometry":{"type":"LineString","coordinates":[[-8.55763,42.87107],[-8.5576,42.87108],[-8.55756,42.87105],[-8.5575,42.871],[-8.55751,42.87099],[-8.55751,42.87098],[-8.55755,42.87101],[-8.55763,42.87107]]}},{"type":"Feature","properties":{"name":"","kind":"road","road":"pedestrian","osm":430866210},"geometry":{"type":"LineString","coordinates":[[-8.55759,42.87109],[-8.5576,42.87108],[-8.55756,42.87105],[-8.5575,42.871],[-8.55751,42.87099],[-8.55751,42.87098],[-8.55746,42.87094],[-8.55731,42.87104],[-8.55732,42.87105],[-8.55733,42.87106],[-8.55712,42.87119],[-8.55719,42.87118],[-8.55746,42.87109],[-8.55747,42.87109],[-8.55748,42.87109],[-8.5575,42.87109],[-8.55753,42.8711],[-8.55759,42.87109]]}},{"type":"Feature","properties":{"name":"","kind":"road","road":"pedestrian","osm":438647806},"geometry":{"type":"LineString","coordinates":[[-8.54822,42.88306],[-8.54817,42.88305],[-8.54817,42.88304],[-8.54805,42.88302],[-8.54804,42.88303],[-8.54799,42.88302],[-8.548,42.883],[-8.5481,42.88258],[-8.54818,42.8826],[-8.54839,42.88263],[-8.54822,42.88306]]}},{"type":"Feature","properties":{"name":"","kind":"road","road":"pedestrian","osm":438647807},"geometry":{"type":"LineString","coordinates":[[-8.548,42.883],[-8.54785,42.88298]]}},{"type":"Feature","properties":{"name":"","kind":"road","road":"pedestrian","osm":438647808},"geometry":{"type":"LineString","coordinates":[[-8.54785,42.88298],[-8.54784,42.88298]]}},{"type":"Feature","properties":{"name":"Rúa de Carlos Briones Varela","kind":"road","road":"pedestrian","osm":438647809},"geometry":{"type":"LineString","coordinates":[[-8.54779,42.88316],[-8.54765,42.88314]]}},{"type":"Feature","properties":{"name":"","kind":"road","road":"pedestrian","osm":438647811},"geometry":{"type":"LineString","coordinates":[[-8.54716,42.88319],[-8.54663,42.88312],[-8.54659,42.88312]]}},{"type":"Feature","properties":{"name":"Recantos de San Miguel","kind":"road","road":"pedestrian","osm":448002310},"geometry":{"type":"LineString","coordinates":[[-8.5428,42.8821],[-8.5428,42.88194],[-8.54287,42.88194],[-8.54288,42.88189],[-8.54295,42.88189]]}},{"type":"Feature","properties":{"name":"Ruela das Ánimas","kind":"road","road":"pedestrian","osm":448003655},"geometry":{"type":"LineString","coordinates":[[-8.54183,42.88149],[-8.54182,42.88146],[-8.54178,42.88129],[-8.54178,42.88125],[-8.54179,42.8811],[-8.54179,42.88108]]}},{"type":"Feature","properties":{"name":"Praza da Fonte Seca","kind":"road","road":"pedestrian","osm":448006390},"geometry":{"type":"LineString","coordinates":[[-8.54239,42.87913],[-8.54245,42.87915],[-8.54251,42.87916],[-8.54253,42.87917],[-8.54256,42.87918],[-8.54256,42.87917],[-8.54259,42.87912],[-8.54262,42.87907],[-8.5426,42.87906],[-8.54259,42.87906],[-8.54253,42.87904],[-8.54254,42.87903],[-8.54252,42.87902],[-8.54245,42.87901],[-8.54241,42.87901],[-8.54237,42.87901],[-8.54236,42.87903],[-8.54238,42.87908],[-8.54239,42.87913]]}},{"type":"Feature","properties":{"name":"Praza de Entrepraciñas","kind":"road","road":"pedestrian","osm":448006393},"geometry":{"type":"LineString","coordinates":[[-8.54239,42.87913],[-8.54238,42.87908],[-8.54214,42.87909],[-8.54212,42.8791],[-8.54212,42.87914],[-8.54213,42.87919],[-8.54214,42.87927],[-8.54217,42.87927],[-8.54224,42.87927],[-8.54227,42.87927],[-8.54233,42.87928],[-8.54234,42.87926],[-8.54236,42.87921],[-8.54237,42.87918],[-8.54238,42.87913],[-8.54239,42.87913]]}},{"type":"Feature","properties":{"name":"Rúa do Castro","kind":"road","road":"pedestrian","osm":448006397},"geometry":{"type":"LineString","coordinates":[[-8.54215,42.87919],[-8.54217,42.87927],[-8.54218,42.87936]]}},{"type":"Feature","properties":{"name":"Rúa de Sar","kind":"road","road":"tertiary","osm":457769329},"geometry":{"type":"LineString","coordinates":[[-8.53758,42.87339],[-8.53749,42.87336]]}},{"type":"Feature","properties":{"name":"Rúa da Porta Faxeira","kind":"road","road":"pedestrian","osm":457769341},"geometry":{"type":"LineString","coordinates":[[-8.54576,42.87739],[-8.54592,42.87734],[-8.54595,42.87733],[-8.54596,42.87732]]}},{"type":"Feature","properties":{"name":"","kind":"road","road":"pedestrian","osm":463332937},"geometry":{"type":"LineString","coordinates":[[-8.54959,42.87396],[-8.54958,42.87402],[-8.54951,42.87411]]}},{"type":"Feature","properties":{"name":"Rúa da Milagrosa","kind":"road","road":"pedestrian","osm":465757617},"geometry":{"type":"LineString","coordinates":[[-8.55688,42.87189],[-8.55659,42.87169]]}},{"type":"Feature","properties":{"name":"Praza de Salvador Parga","kind":"road","road":"pedestrian","osm":477752923},"geometry":{"type":"LineString","coordinates":[[-8.5416,42.88163],[-8.5416,42.88164],[-8.54157,42.88188],[-8.54197,42.88198],[-8.542,42.88199]]}},{"type":"Feature","properties":{"name":"Parque da Trindade","kind":"park","road":"","osm":484209848},"geometry":{"type":"Polygon","coordinates":[[[-8.54675,42.88008],[-8.54656,42.8801],[-8.54665,42.88057],[-8.54676,42.88055],[-8.54681,42.88055],[-8.54687,42.88053],[-8.54675,42.88008]]]}},{"type":"Feature","properties":{"name":"","kind":"road","road":"pedestrian","osm":485424696},"geometry":{"type":"LineString","coordinates":[[-8.546,42.87586],[-8.546,42.87585],[-8.54599,42.87581],[-8.54598,42.87578],[-8.54598,42.87575],[-8.54602,42.87571],[-8.54606,42.8757],[-8.54613,42.87568],[-8.5462,42.87567],[-8.54623,42.87566],[-8.54628,42.8757],[-8.54629,42.87572],[-8.54629,42.87575],[-8.5463,42.87578],[-8.54631,42.8758],[-8.54625,42.87581],[-8.54622,42.87585],[-8.54623,42.87586],[-8.5462,42.87587],[-8.54616,42.87587],[-8.5461,42.87589],[-8.54606,42.8759],[-8.54605,42.87588],[-8.546,42.87586]]}},{"type":"Feature","properties":{"name":"","kind":"road","road":"pedestrian","osm":491275805},"geometry":{"type":"LineString","coordinates":[[-8.53529,42.87227],[-8.53521,42.87244],[-8.53519,42.87248],[-8.53525,42.87249],[-8.5353,42.87251],[-8.53533,42.87254],[-8.53549,42.87247],[-8.53546,42.87244],[-8.53542,42.8724],[-8.53538,42.87236],[-8.53529,42.87227]]}},{"type":"Feature","properties":{"name":"Avenida de Xoán XXIII","kind":"road","road":"tertiary","osm":494226557},"geometry":{"type":"LineString","coordinates":[[-8.53774,42.88834],[-8.53787,42.88835],[-8.53795,42.88836],[-8.53803,42.88838],[-8.53813,42.88841]]}},{"type":"Feature","properties":{"name":"Avenida de Xoán XXIII","kind":"road","road":"tertiary","osm":494226567},"geometry":{"type":"LineString","coordinates":[[-8.53628,42.88898],[-8.53649,42.88884],[-8.53655,42.8888],[-8.53701,42.88853],[-8.53707,42.8885]]}},{"type":"Feature","properties":{"name":"Avenida de Xoán XXIII","kind":"road","road":"tertiary","osm":494226578},"geometry":{"type":"LineString","coordinates":[[-8.53813,42.88841],[-8.53824,42.88844],[-8.53827,42.88846],[-8.53878,42.88862],[-8.53917,42.88876],[-8.53938,42.88883]]}},{"type":"Feature","properties":{"name":"Avenida de Xoán XXIII","kind":"road","road":"tertiary","osm":494236624},"geometry":{"type":"LineString","coordinates":[[-8.54121,42.88815],[-8.5418,42.88758],[-8.54228,42.88713],[-8.54232,42.88709],[-8.54233,42.88707],[-8.54234,42.88706]]}},{"type":"Feature","properties":{"name":"Rúa de Pastoriza","kind":"road","road":"tertiary","osm":494748041},"geometry":{"type":"LineString","coordinates":[[-8.53644,42.88841],[-8.53668,42.88828],[-8.53696,42.88815]]}},{"type":"Feature","properties":{"name":"","kind":"park","road":"","osm":494748047},"geometry":{"type":"Polygon","coordinates":[[[-8.53646,42.88865],[-8.53638,42.88855],[-8.53647,42.88847],[-8.53681,42.8883],[-8.53664,42.88848],[-8.53646,42.88865]]]}},{"type":"Feature","properties":{"name":"Rúa dos Basquiños","kind":"road","road":"tertiary","osm":494748048},"geometry":{"type":"LineString","coordinates":[[-8.53862,42.88746],[-8.53879,42.88739],[-8.53889,42.88734],[-8.53901,42.88727],[-8.53933,42.88706],[-8.54001,42.88664],[-8.54009,42.88659],[-8.54025,42.88648],[-8.54039,42.88635],[-8.54046,42.88629],[-8.54051,42.88624],[-8.54056,42.8862],[-8.54059,42.88617]]}},{"type":"Feature","properties":{"name":"","kind":"park","road":"","osm":499456973},"geometry":{"type":"Polygon","coordinates":[[[-8.54625,42.87689],[-8.54627,42.87691],[-8.54632,42.87689],[-8.54632,42.87688],[-8.54625,42.87689]]]}},{"type":"Feature","properties":{"name":"","kind":"park","road":"","osm":499456974},"geometry":{"type":"Polygon","coordinates":[[[-8.54618,42.87699],[-8.54607,42.87697],[-8.54615,42.87708],[-8.54618,42.87699]]]}},{"type":"Feature","properties":{"name":"","kind":"park","road":"","osm":499456975},"geometry":{"type":"Polygon","coordinates":[[[-8.54621,42.87693],[-8.54616,42.8769],[-8.54609,42.87688],[-8.54606,42.87688],[-8.54598,42.87687],[-8.54596,42.87688],[-8.54598,42.8769],[-8.54601,42.8769],[-8.54608,42.87692],[-8.54615,42.87694],[-8.54621,42.87694],[-8.54621,42.87693]]]}},{"type":"Feature","properties":{"name":"","kind":"park","road":"","osm":499456976},"geometry":{"type":"Polygon","coordinates":[[[-8.54626,42.87699],[-8.54623,42.87705],[-8.54622,42.87709],[-8.54621,42.87713],[-8.54621,42.87718],[-8.54626,42.87712],[-8.54628,42.87707],[-8.54628,42.87704],[-8.54627,42.87701],[-8.54627,42.877],[-8.54626,42.87699]]]}},{"type":"Feature","properties":{"name":"","kind":"park","road":"","osm":499456977},"geometry":{"type":"Polygon","coordinates":[[[-8.54646,42.87698],[-8.54634,42.877],[-8.54634,42.87703],[-8.54635,42.87707],[-8.54649,42.87698],[-8.54646,42.87698]]]}},{"type":"Feature","properties":{"name":"","kind":"park","road":"","osm":499456978},"geometry":{"type":"Polygon","coordinates":[[[-8.54633,42.87694],[-8.54638,42.87694],[-8.54648,42.87693],[-8.54657,42.8769],[-8.5467,42.87685],[-8.5466,42.87687],[-8.54645,42.8769],[-8.54639,42.87691],[-8.54633,42.87694]]]}},{"type":"Feature","properties":{"name":"Rúa da Moeda Vella","kind":"road","road":"pedestrian","osm":537852583},"geometry":{"type":"LineString","coordinates":[[-8.54374,42.8816],[-8.54371,42.88148],[-8.54385,42.88143]]}},{"type":"Feature","properties":{"name":"Rúa da Algalia de Arriba","kind":"road","road":"pedestrian","osm":539112471},"geometry":{"type":"LineString","coordinates":[[-8.54258,42.882],[-8.54242,42.88199]]}},{"type":"Feature","properties":{"name":"Rúa de San Miguel dos Agros","kind":"road","road":"pedestrian","osm":539527175},"geometry":{"type":"LineString","coordinates":[[-8.5428,42.8821],[-8.54244,42.88206]]}},{"type":"Feature","properties":{"name":"Rúa da Algalia de Arriba","kind":"road","road":"pedestrian","osm":539527182},"geometry":{"type":"LineString","coordinates":[[-8.54244,42.88206],[-8.54239,42.88218]]}},{"type":"Feature","properties":{"name":"Rúa da Algalia de Arriba","kind":"road","road":"pedestrian","osm":539527183},"geometry":{"type":"LineString","coordinates":[[-8.54239,42.88218],[-8.54228,42.88239],[-8.54222,42.88254]]}},{"type":"Feature","properties":{"name":"Rúa da Algalia de Arriba","kind":"road","road":"pedestrian","osm":539527184},"geometry":{"type":"LineString","coordinates":[[-8.54231,42.88138],[-8.54242,42.88199],[-8.54244,42.88206]]}},{"type":"Feature","properties":{"name":"Rúa da Acibechería","kind":"road","road":"pedestrian","osm":539736785},"geometry":{"type":"LineString","coordinates":[[-8.54452,42.88111],[-8.54457,42.8811],[-8.54462,42.88109]]}},{"type":"Feature","properties":{"name":"Rúa do Val de Deus","kind":"road","road":"pedestrian","osm":539736795},"geometry":{"type":"LineString","coordinates":[[-8.54516,42.88172],[-8.54515,42.88175]]}},{"type":"Feature","properties":{"name":"Rúa da Caldeirería","kind":"road","road":"pedestrian","osm":539870334},"geometry":{"type":"LineString","coordinates":[[-8.54297,42.87843],[-8.54308,42.87827],[-8.54316,42.87815],[-8.54319,42.87812]]}},{"type":"Feature","properties":{"name":"Rúa Travesa","kind":"road","road":"pedestrian","osm":541432332},"geometry":{"type":"LineString","coordinates":[[-8.54108,42.8816],[-8.54108,42.88177],[-8.54108,42.88179]]}},{"type":"Feature","properties":{"name":"Vía Sacra","kind":"road","road":"pedestrian","osm":541432348},"geometry":{"type":"LineString","coordinates":[[-8.54336,42.88097],[-8.54336,42.88096],[-8.54334,42.88096]]}},{"type":"Feature","properties":{"name":"Rúa de Pastoriza","kind":"road","road":"tertiary","osm":555716065},"geometry":{"type":"LineString","coordinates":[[-8.53696,42.88815],[-8.53754,42.88791]]}},{"type":"Feature","properties":{"name":"","kind":"water","road":"","osm":567629923},"geometry":{"type":"Polygon","coordinates":[[[-8.55225,42.87366],[-8.55228,42.87364],[-8.55225,42.8736],[-8.55222,42.87361],[-8.55225,42.87366]]]}},{"type":"Feature","properties":{"name":"","kind":"park","road":"","osm":567629927},"geometry":{"type":"Polygon","coordinates":[[[-8.55187,42.87381],[-8.55197,42.87377],[-8.55192,42.8737],[-8.55182,42.87374],[-8.55183,42.87376],[-8.55186,42.87379],[-8.55187,42.87381]]]}},{"type":"Feature","properties":{"name":"","kind":"park","road":"","osm":567633729},"geometry":{"type":"Polygon","coordinates":[[[-8.54488,42.87955],[-8.5449,42.87954],[-8.54492,42.87954],[-8.54503,42.87958],[-8.54488,42.87957],[-8.54488,42.87955]]]}},{"type":"Feature","properties":{"name":"","kind":"park","road":"","osm":567633731},"geometry":{"type":"Polygon","coordinates":[[[-8.54504,42.87956],[-8.54494,42.87952],[-8.54494,42.87951],[-8.54494,42.87949],[-8.54503,42.87944],[-8.54504,42.87956]]]}},{"type":"Feature","properties":{"name":"","kind":"park","road":"","osm":567633733},"geometry":{"type":"Polygon","coordinates":[[[-8.54493,42.87948],[-8.54491,42.87947],[-8.54489,42.87946],[-8.54489,42.87944],[-8.54502,42.87943],[-8.54493,42.87948]]]}},{"type":"Feature","properties":{"name":"","kind":"park","road":"","osm":567633735},"geometry":{"type":"Polygon","coordinates":[[[-8.54482,42.87947],[-8.54475,42.87944],[-8.54486,42.87944],[-8.54486,42.87945],[-8.54484,42.87946],[-8.54482,42.87947]]]}},{"type":"Feature","properties":{"name":"","kind":"park","road":"","osm":567633737},"geometry":{"type":"Polygon","coordinates":[[[-8.5448,42.87952],[-8.5448,42.8795],[-8.5448,42.87948],[-8.54472,42.87945],[-8.54471,42.87955],[-8.5448,42.87952]]]}},{"type":"Feature","properties":{"name":"","kind":"park","road":"","osm":567633738},"geometry":{"type":"Polygon","coordinates":[[[-8.54471,42.87957],[-8.54482,42.87953],[-8.54484,42.87954],[-8.54486,42.87955],[-8.54486,42.87957],[-8.54471,42.87957]]]}},{"type":"Feature","properties":{"name":"Costa do Cristo","kind":"road","road":"pedestrian","osm":567697975},"geometry":{"type":"LineString","coordinates":[[-8.54643,42.88085],[-8.5464,42.88085],[-8.54583,42.8809]]}},{"type":"Feature","properties":{"name":"","kind":"park","road":"","osm":567721333},"geometry":{"type":"Polygon","coordinates":[[[-8.54448,42.88128],[-8.54447,42.88129],[-8.54446,42.8813],[-8.54445,42.8813],[-8.54445,42.88135],[-8.54453,42.88134],[-8.54455,42.88133],[-8.54453,42.88127],[-8.54448,42.88127],[-8.54448,42.88128]]]}},{"type":"Feature","properties":{"name":"","kind":"park","road":"","osm":567721334},"geometry":{"type":"Polygon","coordinates":[[[-8.54444,42.88135],[-8.54443,42.8813],[-8.54442,42.8813],[-8.54441,42.8813],[-8.5444,42.88129],[-8.54439,42.88129],[-8.54434,42.88129],[-8.54435,42.88135],[-8.54441,42.88134],[-8.54442,42.88136],[-8.54444,42.88135]]]}},{"type":"Feature","properties":{"name":"","kind":"park","road":"","osm":567721335},"geometry":{"type":"Polygon","coordinates":[[[-8.54448,42.88126],[-8.54453,42.88125],[-8.54452,42.88121],[-8.54451,42.88119],[-8.54448,42.88118],[-8.54443,42.88119],[-8.54444,42.88124],[-8.54445,42.88124],[-8.54447,42.88125],[-8.54448,42.88126]]]}},{"type":"Feature","properties":{"name":"","kind":"park","road":"","osm":567721336},"geometry":{"type":"Polygon","coordinates":[[[-8.54442,42.88119],[-8.54442,42.88124],[-8.54441,42.88124],[-8.5444,42.88125],[-8.54439,42.88126],[-8.54439,42.88127],[-8.54434,42.88128],[-8.54432,42.88121],[-8.54442,42.88119]]]}},{"type":"Feature","properties":{"name":"","kind":"park","road":"","osm":567721337},"geometry":{"type":"Polygon","coordinates":[[[-8.5441,42.88131],[-8.54415,42.88131],[-8.54414,42.88124],[-8.54405,42.88126],[-8.54406,42.88129],[-8.54408,42.88129],[-8.54409,42.8813],[-8.5441,42.88131]]]}},{"type":"Feature","properties":{"name":"","kind":"park","road":"","osm":567721338},"geometry":{"type":"Polygon","coordinates":[[[-8.54417,42.88137],[-8.54411,42.88137],[-8.54411,42.8814],[-8.54408,42.8814],[-8.54407,42.88136],[-8.54409,42.88135],[-8.5441,42.88134],[-8.5441,42.88133],[-8.54416,42.88132],[-8.54417,42.88137]]]}},{"type":"Feature","properties":{"name":"","kind":"park","road":"","osm":567721339},"geometry":{"type":"Polygon","coordinates":[[[-8.54397,42.88133],[-8.54397,42.8813],[-8.54397,42.88129],[-8.54399,42.88127],[-8.54404,42.88126],[-8.54404,42.88129],[-8.54403,42.8813],[-8.54402,42.8813],[-8.54401,42.88131],[-8.54401,42.88132],[-8.54397,42.88133]]]}},{"type":"Feature","properties":{"name":"","kind":"park","road":"","osm":567721340},"geometry":{"type":"Polygon","coordinates":[[[-8.54406,42.88136],[-8.54407,42.8814],[-8.54401,42.88141],[-8.54399,42.8814],[-8.54397,42.88134],[-8.54402,42.88134],[-8.54403,42.88135],[-8.54404,42.88136],[-8.54406,42.88136]]]}},{"type":"Feature","properties":{"name":"","kind":"park","road":"","osm":567721341},"geometry":{"type":"Polygon","coordinates":[[[-8.54404,42.88131],[-8.54404,42.88132],[-8.54404,42.88133],[-8.54404,42.88134],[-8.54405,42.88134],[-8.54406,42.88134],[-8.54407,42.88134],[-8.54408,42.88134],[-8.54408,42.88133],[-8.54408,42.88132],[-8.54407,42.88131],[-8.54406,42.88131],[-8.54405,42.88131],[-8.54404,42.88131]]]}},{"type":"Feature","properties":{"name":"","kind":"park","road":"","osm":567721344},"geometry":{"type":"Polygon","coordinates":[[[-8.54442,42.88126],[-8.54441,42.88127],[-8.54441,42.88128],[-8.54442,42.88128],[-8.54442,42.88129],[-8.54443,42.88129],[-8.54444,42.88129],[-8.54445,42.88129],[-8.54445,42.88128],[-8.54446,42.88128],[-8.54446,42.88127],[-8.54445,42.88126],[-8.54444,42.88126],[-8.54443,42.88126],[-8.54442,42.88126]]]}},{"type":"Feature","properties":{"name":"","kind":"water","road":"","osm":567729172},"geometry":{"type":"Polygon","coordinates":[[[-8.54849,42.87667],[-8.54849,42.87668],[-8.54849,42.87669],[-8.5485,42.8767],[-8.54851,42.8767],[-8.54852,42.8767],[-8.54853,42.87669],[-8.54853,42.87668],[-8.54853,42.87667],[-8.54852,42.87667],[-8.54851,42.87666],[-8.5485,42.87667],[-8.54849,42.87667]]]}},{"type":"Feature","properties":{"name":"Fonte de San Roque","kind":"water","road":"","osm":567783609},"geometry":{"type":"Polygon","coordinates":[[[-8.54245,42.88308],[-8.54245,42.88309],[-8.54244,42.88309],[-8.54243,42.88309],[-8.54243,42.88308],[-8.54243,42.88307],[-8.54244,42.88307],[-8.54245,42.88307],[-8.54245,42.88308]]]}},{"type":"Feature","properties":{"name":"Fonte do Matadoiro","kind":"water","road":"","osm":567783611},"geometry":{"type":"Polygon","coordinates":[[[-8.53992,42.88143],[-8.53987,42.88141],[-8.53988,42.8814],[-8.53989,42.8814],[-8.53993,42.88142],[-8.53992,42.88143]]]}},{"type":"Feature","properties":{"name":"Fonte Sequelo","kind":"water","road":"","osm":567791080},"geometry":{"type":"Polygon","coordinates":[[[-8.54277,42.87975],[-8.54278,42.87971],[-8.54277,42.87971],[-8.54276,42.87971],[-8.54276,42.87972],[-8.54275,42.87973],[-8.54276,42.87974],[-8.54277,42.87975]]]}},{"type":"Feature","properties":{"name":"Fonte do Mercado Vello da Alameda","kind":"water","road":"","osm":567793982},"geometry":{"type":"Polygon","coordinates":[[[-8.5502,42.87846],[-8.55019,42.87847],[-8.55019,42.87848],[-8.5502,42.87848],[-8.55021,42.87849],[-8.55022,42.87849],[-8.55023,42.87848],[-8.55023,42.87847],[-8.55023,42.87846],[-8.55022,42.87846],[-8.55021,42.87846],[-8.5502,42.87846]]]}},{"type":"Feature","properties":{"name":"","kind":"water","road":"","osm":567796158},"geometry":{"type":"Polygon","coordinates":[[[-8.55331,42.8772],[-8.55332,42.8772],[-8.55333,42.87721],[-8.55334,42.87721],[-8.55335,42.87722],[-8.55335,42.87723],[-8.55335,42.87724],[-8.55334,42.87725],[-8.55333,42.87726],[-8.55332,42.87726],[-8.5533,42.87726],[-8.55329,42.87725],[-8.55328,42.87725],[-8.55327,42.87724],[-8.55327,42.87723],[-8.55328,42.87722],[-8.55328,42.87721],[-8.5533,42.8772],[-8.55331,42.8772]]]}},{"type":"Feature","properties":{"name":"","kind":"water","road":"","osm":567796161},"geometry":{"type":"Polygon","coordinates":[[[-8.55267,42.87724],[-8.55269,42.87724],[-8.5527,42.87725],[-8.55271,42.87726],[-8.55272,42.87727],[-8.55271,42.87728],[-8.5527,42.87729],[-8.55269,42.8773],[-8.55268,42.8773],[-8.55267,42.8773],[-8.55265,42.8773],[-8.55264,42.87729],[-8.55264,42.87728],[-8.55264,42.87727],[-8.55264,42.87726],[-8.55265,42.87725],[-8.55266,42.87725],[-8.55267,42.87724]]]}},{"type":"Feature","properties":{"name":"","kind":"park","road":"","osm":580679473},"geometry":{"type":"Polygon","coordinates":[[[-8.55541,42.87201],[-8.5554,42.87203],[-8.55539,42.87204],[-8.55539,42.87205],[-8.5554,42.87207],[-8.55541,42.87208],[-8.55543,42.87209],[-8.55545,42.87209],[-8.55547,42.87209],[-8.55549,42.87208],[-8.5555,42.87207],[-8.55551,42.87206],[-8.55552,42.87204],[-8.55551,42.87203],[-8.5555,42.87202],[-8.55549,42.87201],[-8.55547,42.872],[-8.55545,42.872],[-8.55543,42.872],[-8.55541,42.87201]]]}},{"type":"Feature","properties":{"name":"Xardíns de Manuel Feixoo","kind":"park","road":"","osm":582271017},"geometry":{"type":"Polygon","coordinates":[[[-8.54785,42.88445],[-8.54769,42.8844],[-8.54729,42.88483],[-8.54638,42.8851],[-8.54603,42.88521],[-8.54617,42.88522],[-8.54618,42.8852],[-8.54625,42.88521],[-8.54625,42.88519],[-8.54706,42.88529],[-8.54748,42.88511],[-8.54785,42.88445]]]}},{"type":"Feature","properties":{"name":"Rúa da Algalia de Abaixo","kind":"road","road":"pedestrian","osm":583682556},"geometry":{"type":"LineString","coordinates":[[-8.54183,42.8824],[-8.54185,42.88241],[-8.54195,42.88242],[-8.54203,42.88243],[-8.5421,42.88227]]}},{"type":"Feature","properties":{"name":"Ruela de Sae se Podes","kind":"road","road":"pedestrian","osm":583686296},"geometry":{"type":"LineString","coordinates":[[-8.54067,42.88137],[-8.54088,42.88142],[-8.54084,42.88152],[-8.54084,42.88153]]}},{"type":"Feature","properties":{"name":"Praza da Quintana de Vivos","kind":"road","road":"pedestrian","osm":593029668},"geometry":{"type":"LineString","coordinates":[[-8.54372,42.88076],[-8.54354,42.88086]]}},{"type":"Feature","properties":{"name":"Praza da Quintana de Vivos","kind":"road","road":"pedestrian","osm":593029669},"geometry":{"type":"LineString","coordinates":[[-8.54372,42.88076],[-8.54396,42.88087]]}},{"type":"Feature","properties":{"name":"Rúa do Hórreo","kind":"road","road":"tertiary","osm":659572550},"geometry":{"type":"LineString","coordinates":[[-8.54477,42.87207],[-8.54482,42.87194],[-8.54483,42.8719]]}},{"type":"Feature","properties":{"name":"Rúa do Hórreo","kind":"road","road":"tertiary","osm":671412315},"geometry":{"type":"LineString","coordinates":[[-8.54477,42.87356],[-8.54477,42.87351],[-8.54475,42.87293],[-8.54474,42.87248]]}},{"type":"Feature","properties":{"name":"Avenida de Lugo","kind":"road","road":"trunk","osm":674215986},"geometry":{"type":"LineString","coordinates":[[-8.53527,42.87593],[-8.5356,42.87548]]}},{"type":"Feature","properties":{"name":"Xardín dos Basquiños","kind":"park","road":"","osm":696672275},"geometry":{"type":"Polygon","coordinates":[[[-8.5387,42.88659],[-8.53874,42.8864],[-8.53875,42.88637],[-8.53873,42.88629],[-8.53844,42.88634],[-8.53845,42.88653],[-8.53861,42.88652],[-8.53864,42.88657],[-8.5387,42.88659]]]}},{"type":"Feature","properties":{"name":"Praza do Toural","kind":"road","road":"pedestrian","osm":698892102},"geometry":{"type":"LineString","coordinates":[[-8.54511,42.87742],[-8.54491,42.87755]]}},{"type":"Feature","properties":{"name":"Praza do Toural","kind":"road","road":"pedestrian","osm":698892103},"geometry":{"type":"LineString","coordinates":[[-8.54511,42.87766],[-8.54491,42.87755],[-8.54472,42.87751]]}},{"type":"Feature","properties":{"name":"Praza do Obradoiro","kind":"road","road":"pedestrian","osm":698892104},"geometry":{"type":"LineString","coordinates":[[-8.54575,42.88049],[-8.54568,42.88017],[-8.54566,42.8801]]}},{"type":"Feature","properties":{"name":"","kind":"road","road":"pedestrian","osm":698892105},"geometry":{"type":"LineString","coordinates":[[-8.54575,42.88049],[-8.54552,42.8808],[-8.54543,42.88094],[-8.54536,42.88094]]}},{"type":"Feature","properties":{"name":"","kind":"road","road":"pedestrian","osm":714727677},"geometry":{"type":"LineString","coordinates":[[-8.54038,42.87337],[-8.54012,42.87337],[-8.54012,42.87347]]}},{"type":"Feature","properties":{"name":"","kind":"road","road":"pedestrian","osm":714727678},"geometry":{"type":"LineString","coordinates":[[-8.54038,42.87303],[-8.54038,42.87337],[-8.54039,42.87388],[-8.54039,42.87392]]}},{"type":"Feature","properties":{"name":"Rúa das Casas Reais","kind":"road","road":"pedestrian","osm":738056706},"geometry":{"type":"LineString","coordinates":[[-8.54027,42.88189],[-8.54033,42.88186],[-8.54035,42.88186],[-8.54051,42.88185],[-8.54057,42.88185],[-8.54083,42.88185],[-8.54098,42.88183]]}},{"type":"Feature","properties":{"name":"","kind":"road","road":"pedestrian","osm":738057054},"geometry":{"type":"LineString","coordinates":[[-8.54427,42.88141],[-8.54427,42.88139],[-8.54425,42.8813],[-8.54422,42.88118],[-8.54415,42.88094],[-8.5441,42.88092]]}},{"type":"Feature","properties":{"name":"","kind":"road","road":"pedestrian","osm":738057055},"geometry":{"type":"LineString","coordinates":[[-8.54372,42.8807],[-8.54373,42.88051],[-8.54376,42.8802],[-8.54407,42.88022]]}},{"type":"Feature","properties":{"name":"","kind":"road","road":"pedestrian","osm":751827632},"geometry":{"type":"LineString","coordinates":[[-8.54835,42.88214],[-8.54823,42.88243],[-8.54822,42.88246],[-8.5482,42.88251]]}},{"type":"Feature","properties":{"name":"","kind":"road","road":"pedestrian","osm":751827633},"geometry":{"type":"LineString","coordinates":[[-8.54842,42.88215],[-8.54835,42.88214],[-8.54828,42.88212]]}},{"type":"Feature","properties":{"name":"","kind":"road","road":"pedestrian","osm":751827634},"geometry":{"type":"LineString","coordinates":[[-8.54777,42.88227],[-8.54775,42.88239],[-8.54774,42.88244]]}},{"type":"Feature","properties":{"name":"Rúa das Galeras","kind":"road","road":"secondary","osm":751834050},"geometry":{"type":"LineString","coordinates":[[-8.54865,42.88258],[-8.54863,42.88264],[-8.54862,42.88266],[-8.5486,42.8827],[-8.54842,42.88319],[-8.5484,42.88325],[-8.54839,42.88327],[-8.54836,42.88335],[-8.54818,42.88409],[-8.54814,42.88434],[-8.54814,42.88437],[-8.54817,42.88445]]}},{"type":"Feature","properties":{"name":"Rúa da Acibechería","kind":"road","road":"pedestrian","osm":757528196},"geometry":{"type":"LineString","coordinates":[[-8.54286,42.8812],[-8.54293,42.88121],[-8.5431,42.88123]]}},{"type":"Feature","properties":{"name":"Rúa dos Basquiños","kind":"road","road":"tertiary","osm":757528199},"geometry":{"type":"LineString","coordinates":[[-8.53754,42.88791],[-8.53782,42.88779],[-8.53793,42.88776],[-8.53862,42.88746]]}},{"type":"Feature","properties":{"name":"Avenida de Romero Donallo","kind":"road","road":"primary","osm":759198389},"geometry":{"type":"LineString","coordinates":[[-8.5519,42.87197],[-8.55176,42.87188],[-8.5517,42.87184]]}},{"type":"Feature","properties":{"name":"Avenida de Ferrol","kind":"road","road":"tertiary","osm":759198392},"geometry":{"type":"LineString","coordinates":[[-8.55233,42.87185],[-8.5522,42.87196],[-8.55212,42.87201],[-8.55206,42.87207]]}},{"type":"Feature","properties":{"name":"Rúa das Galeras","kind":"road","road":"secondary","osm":762120271},"geometry":{"type":"LineString","coordinates":[[-8.54904,42.88187],[-8.54907,42.8817],[-8.54908,42.88167]]}},{"type":"Feature","properties":{"name":"Avenida de Lugo","kind":"road","road":"trunk","osm":770930420},"geometry":{"type":"LineString","coordinates":[[-8.53612,42.8748],[-8.53616,42.87475],[-8.53629,42.87459]]}},{"type":"Feature","properties":{"name":"","kind":"road","road":"primary","osm":770932505},"geometry":{"type":"LineString","coordinates":[[-8.55788,42.87281],[-8.55794,42.87277],[-8.55799,42.87272]]}},{"type":"Feature","properties":{"name":"","kind":"road","road":"primary","osm":770932506},"geometry":{"type":"LineString","coordinates":[[-8.55756,42.87276],[-8.55763,42.8728],[-8.55771,42.87282]]}},{"type":"Feature","properties":{"name":"Avenida do Mestre Mateo","kind":"road","road":"primary","osm":770932507},"geometry":{"type":"LineString","coordinates":[[-8.55619,42.87287],[-8.55684,42.87281]]}},{"type":"Feature","properties":{"name":"","kind":"road","road":"tertiary","osm":770932508},"geometry":{"type":"LineString","coordinates":[[-8.55332,42.87313],[-8.55333,42.87314],[-8.55335,42.87316],[-8.55337,42.87317],[-8.55339,42.87317]]}},{"type":"Feature","properties":{"name":"","kind":"road","road":"primary","osm":770932510},"geometry":{"type":"LineString","coordinates":[[-8.5483,42.86978],[-8.54836,42.8698],[-8.54842,42.86981]]}},{"type":"Feature","properties":{"name":"","kind":"road","road":"secondary","osm":770932511},"geometry":{"type":"LineString","coordinates":[[-8.54479,42.87171],[-8.54482,42.87173],[-8.54485,42.87173],[-8.54489,42.87173],[-8.54492,42.87172],[-8.54495,42.87171]]}},{"type":"Feature","properties":{"name":"","kind":"park","road":"","osm":794409631},"geometry":{"type":"Polygon","coordinates":[[[-8.54505,42.8813],[-8.54518,42.88165],[-8.54521,42.88167],[-8.54537,42.88167],[-8.54539,42.88165],[-8.54535,42.88128],[-8.54505,42.8813]]]}},{"type":"Feature","properties":{"name":"Rúa de Sar","kind":"road","road":"tertiary","osm":801891479},"geometry":{"type":"LineString","coordinates":[[-8.53606,42.87242],[-8.53605,42.87241]]}},{"type":"Feature","properties":{"name":"Tránsito da Mercé","kind":"road","road":"tertiary","osm":801891480},"geometry":{"type":"LineString","coordinates":[[-8.54239,42.87765],[-8.54211,42.87777]]}},{"type":"Feature","properties":{"name":"","kind":"park","road":"","osm":806567269},"geometry":{"type":"Polygon","coordinates":[[[-8.53675,42.8729],[-8.53669,42.87209],[-8.53668,42.872],[-8.53637,42.87194],[-8.53636,42.87203],[-8.53632,42.87214],[-8.53629,42.8722],[-8.53624,42.87226],[-8.53621,42.8723],[-8.5362,42.8724],[-8.53619,42.87266],[-8.5362,42.8727],[-8.53624,42.87276],[-8.53629,42.87285],[-8.53633,42.8729],[-8.53635,42.87292],[-8.53639,42.87295],[-8.53645,42.873],[-8.5365,42.87303],[-8.53655,42.87305],[-8.53658,42.87306],[-8.53669,42.8731],[-8.53674,42.87297],[-8.53675,42.8729]]]}},{"type":"Feature","properties":{"name":"","kind":"park","road":"","osm":806567274},"geometry":{"type":"Polygon","coordinates":[[[-8.53718,42.87184],[-8.53697,42.87184],[-8.53698,42.872],[-8.53702,42.87201],[-8.53702,42.87198],[-8.53703,42.87198],[-8.53703,42.87201],[-8.53708,42.87201],[-8.53708,42.87198],[-8.5371,42.87198],[-8.5371,42.87201],[-8.53715,42.87201],[-8.53715,42.87198],[-8.53717,42.87198],[-8.53716,42.87201],[-8.53719,42.87201],[-8.53718,42.87184]]]}},{"type":"Feature","properties":{"name":"","kind":"park","road":"","osm":806567275},"geometry":{"type":"Polygon","coordinates":[[[-8.53754,42.87153],[-8.53739,42.8715],[-8.53728,42.87149],[-8.53697,42.87146],[-8.53697,42.87147],[-8.5367,42.87145],[-8.53666,42.87144],[-8.53664,42.87144],[-8.53661,42.87146],[-8.53658,42.87147],[-8.53655,42.87143],[-8.53632,42.87154],[-8.53631,42.87164],[-8.53633,42.87173],[-8.53645,42.87173],[-8.53671,42.87174],[-8.53671,42.8717],[-8.53673,42.8717],[-8.53752,42.87172],[-8.53773,42.87172],[-8.53774,42.87215],[-8.53788,42.8721],[-8.53801,42.87201],[-8.53806,42.87194],[-8.53805,42.87177],[-8.53799,42.87166],[-8.53791,42.87162],[-8.53774,42.87157],[-8.53754,42.87153]]]}},{"type":"Feature","properties":{"name":"Rúa da Ensinanza","kind":"road","road":"tertiary","osm":814642472},"geometry":{"type":"LineString","coordinates":[[-8.54125,42.87866],[-8.54123,42.87869],[-8.54122,42.87872],[-8.54121,42.87874],[-8.54119,42.87878],[-8.54118,42.87882],[-8.54116,42.87886],[-8.54108,42.87912]]}},{"type":"Feature","properties":{"name":"","kind":"road","road":"pedestrian","osm":814642474},"geometry":{"type":"LineString","coordinates":[[-8.54137,42.88057],[-8.54127,42.88069],[-8.54152,42.88074],[-8.54172,42.88077],[-8.54173,42.8808]]}},{"type":"Feature","properties":{"name":"Rúa de San Bieito","kind":"road","road":"pedestrian","osm":814642475},"geometry":{"type":"LineString","coordinates":[[-8.54164,42.88106],[-8.54159,42.88106],[-8.54134,42.88103]]}},{"type":"Feature","properties":{"name":"","kind":"road","road":"pedestrian","osm":824272253},"geometry":{"type":"LineString","coordinates":[[-8.54583,42.8809],[-8.54543,42.88094]]}},{"type":"Feature","properties":{"name":"Praza do Obradoiro","kind":"road","road":"pedestrian","osm":824272254},"geometry":{"type":"LineString","coordinates":[[-8.54552,42.8808],[-8.54544,42.8802]]}},{"type":"Feature","properties":{"name":"Praza do Obradoiro","kind":"road","road":"pedestrian","osm":824272255},"geometry":{"type":"LineString","coordinates":[[-8.54566,42.8801],[-8.54544,42.8802]]}},{"type":"Feature","properties":{"name":"","kind":"road","road":"pedestrian","osm":824286990},"geometry":{"type":"LineString","coordinates":[[-8.54179,42.8796],[-8.54171,42.87961]]}},{"type":"Feature","properties":{"name":"Rúa de Aller Ulloa","kind":"road","road":"tertiary","osm":832756886},"geometry":{"type":"LineString","coordinates":[[-8.54016,42.88194],[-8.54015,42.88199]]}},{"type":"Feature","properties":{"name":"Avenida das Casas de Compostela","kind":"road","road":"tertiary","osm":840231072},"geometry":{"type":"LineString","coordinates":[[-8.549,42.87599],[-8.5489,42.87603],[-8.54885,42.87605],[-8.54881,42.87607],[-8.54836,42.87623],[-8.54829,42.87626]]}},{"type":"Feature","properties":{"name":"Praza de San Roque","kind":"road","road":"pedestrian","osm":854199918},"geometry":{"type":"LineString","coordinates":[[-8.5426,42.88304],[-8.5422,42.88295]]}},{"type":"Feature","properties":{"name":"","kind":"park","road":"","osm":863328112},"geometry":{"type":"Polygon","coordinates":[[[-8.53604,42.87196],[-8.53604,42.87191],[-8.53604,42.87188],[-8.5357,42.87158],[-8.53557,42.87147],[-8.5355,42.87141],[-8.53547,42.87138],[-8.53544,42.8714],[-8.53538,42.87134],[-8.53527,42.87142],[-8.53529,42.87143],[-8.53525,42.87146],[-8.5353,42.8715],[-8.53533,42.87148],[-8.5356,42.87172],[-8.53563,42.87171],[-8.53571,42.87178],[-8.53568,42.8718],[-8.53587,42.87196],[-8.53596,42.87189],[-8.53604,42.87196]]]}},{"type":"Feature","properties":{"name":"","kind":"park","road":"","osm":863328113},"geometry":{"type":"Polygon","coordinates":[[[-8.53532,42.87124],[-8.53518,42.87112],[-8.53502,42.87119],[-8.53506,42.87123],[-8.53514,42.87128],[-8.53522,42.87136],[-8.53528,42.87132],[-8.53524,42.87128],[-8.53532,42.87124]]]}},{"type":"Feature","properties":{"name":"","kind":"park","road":"","osm":863328115},"geometry":{"type":"Polygon","coordinates":[[[-8.5349,42.87162],[-8.53488,42.87164],[-8.53487,42.87164],[-8.5347,42.87176],[-8.53502,42.87201],[-8.53505,42.87197],[-8.5351,42.87201],[-8.53474,42.87228],[-8.53484,42.8724],[-8.53509,42.87243],[-8.53515,42.87226],[-8.53528,42.87228],[-8.53529,42.87227],[-8.53526,42.87224],[-8.53533,42.8722],[-8.53544,42.87214],[-8.53529,42.87201],[-8.53533,42.87199],[-8.53532,42.87198],[-8.53525,42.87192],[-8.53522,42.8719],[-8.5352,42.87192],[-8.53519,42.87191],[-8.53517,42.87192],[-8.53513,42.8719],[-8.53509,42.87194],[-8.53501,42.87188],[-8.53505,42.87185],[-8.53502,42.87183],[-8.535,42.87181],[-8.53503,42.87179],[-8.53499,42.87175],[-8.53495,42.87171],[-8.53498,42.87169],[-8.53494,42.87166],[-8.5349,42.87162]]]}},{"type":"Feature","properties":{"name":"","kind":"park","road":"","osm":863634173},"geometry":{"type":"Polygon","coordinates":[[[-8.53786,42.87295],[-8.53766,42.87309],[-8.53779,42.87318],[-8.53779,42.87319],[-8.53801,42.87308],[-8.53786,42.87295]]]}},{"type":"Feature","properties":{"name":"Praza de Fonterrabía","kind":"road","road":"pedestrian","osm":888605915},"geometry":{"type":"LineString","coordinates":[[-8.54515,42.87701],[-8.54518,42.87701]]}},{"type":"Feature","properties":{"name":"Praza de Fonterrabía","kind":"road","road":"pedestrian","osm":888605916},"geometry":{"type":"LineString","coordinates":[[-8.54518,42.87701],[-8.54525,42.87701]]}},{"type":"Feature","properties":{"name":"Praza de Fonterrabía","kind":"road","road":"pedestrian","osm":888605917},"geometry":{"type":"LineString","coordinates":[[-8.54523,42.87691],[-8.54517,42.87691],[-8.54513,42.87691],[-8.54514,42.87699],[-8.54515,42.87701],[-8.54515,42.87702],[-8.54519,42.87716],[-8.54519,42.87721],[-8.54521,42.8772],[-8.54522,42.8772],[-8.54528,42.8772],[-8.54532,42.87719],[-8.54531,42.87716],[-8.54529,42.87712],[-8.54525,42.87703],[-8.54525,42.87701],[-8.54523,42.87691]]}},{"type":"Feature","properties":{"name":"Praza de Fonterrabía","kind":"road","road":"pedestrian","osm":888605918},"geometry":{"type":"LineString","coordinates":[[-8.54516,42.87683],[-8.54517,42.87689],[-8.54517,42.87691],[-8.54518,42.87701],[-8.54519,42.87706],[-8.5452,42.87714],[-8.54521,42.8772]]}},{"type":"Feature","properties":{"name":"","kind":"road","road":"pedestrian","osm":949849847},"geometry":{"type":"LineString","coordinates":[[-8.54455,42.86943],[-8.54458,42.86947],[-8.54328,42.87001],[-8.54323,42.86996],[-8.54321,42.86993],[-8.54419,42.86948],[-8.54425,42.86945],[-8.54428,42.86942],[-8.5444,42.86942],[-8.54455,42.86943]]}},{"type":"Feature","properties":{"name":"","kind":"park","road":"","osm":961330391},"geometry":{"type":"Polygon","coordinates":[[[-8.54707,42.87629],[-8.54694,42.87633],[-8.54681,42.87606],[-8.5468,42.87604],[-8.54675,42.87595],[-8.5468,42.87593],[-8.54681,42.87593],[-8.54688,42.87592],[-8.54689,42.87593],[-8.54705,42.87625],[-8.54707,42.87629]]]}},{"type":"Feature","properties":{"name":"","kind":"park","road":"","osm":961330392},"geometry":{"type":"Polygon","coordinates":[[[-8.54705,42.87625],[-8.54709,42.87624],[-8.54712,42.8763],[-8.54715,42.87629],[-8.54714,42.87627],[-8.54711,42.87622],[-8.54695,42.87588],[-8.54687,42.8759],[-8.54688,42.87592],[-8.54689,42.87593],[-8.54705,42.87625]]]}},{"type":"Feature","properties":{"name":"Praza de San Clemente","kind":"road","road":"pedestrian","osm":1003487287},"geometry":{"type":"LineString","coordinates":[[-8.54656,42.87927],[-8.54656,42.87921],[-8.5466,42.87913],[-8.54671,42.87912],[-8.54688,42.8791],[-8.54694,42.87907]]}},{"type":"Feature","properties":{"name":"Rúa de Clara Campoamor","kind":"road","road":"secondary","osm":1011229107},"geometry":{"type":"LineString","coordinates":[[-8.54256,42.8702],[-8.54235,42.87033],[-8.5414,42.87101],[-8.54066,42.87152],[-8.5405,42.87162],[-8.54034,42.87174],[-8.54006,42.87192],[-8.53961,42.87222]]}},{"type":"Feature","properties":{"name":"Avenida de Lugo","kind":"road","road":"trunk","osm":1023308411},"geometry":{"type":"LineString","coordinates":[[-8.5356,42.87548],[-8.53581,42.8752],[-8.53603,42.87492]]}},{"type":"Feature","properties":{"name":"Avenida de Lugo","kind":"road","road":"trunk","osm":1023600586},"geometry":{"type":"LineString","coordinates":[[-8.53927,42.87314],[-8.53972,42.87303]]}},{"type":"Feature","properties":{"name":"Avenida de Lugo","kind":"road","road":"trunk","osm":1023600587},"geometry":{"type":"LineString","coordinates":[[-8.54159,42.87256],[-8.54194,42.87246]]}},{"type":"Feature","properties":{"name":"Avenida de Lugo","kind":"road","road":"trunk","osm":1023600588},"geometry":{"type":"LineString","coordinates":[[-8.54124,42.87264],[-8.54159,42.87256]]}},{"type":"Feature","properties":{"name":"Avenida de Lugo","kind":"road","road":"trunk","osm":1023600589},"geometry":{"type":"LineString","coordinates":[[-8.54045,42.87284],[-8.54124,42.87264]]}},{"type":"Feature","properties":{"name":"Avenida de Lugo","kind":"road","road":"trunk","osm":1023600590},"geometry":{"type":"LineString","coordinates":[[-8.53972,42.87303],[-8.54009,42.87293],[-8.54045,42.87284]]}},{"type":"Feature","properties":{"name":"Estanque da Almáciga","kind":"water","road":"","osm":1041439538},"geometry":{"type":"Polygon","coordinates":[[[-8.53726,42.88658],[-8.53729,42.88653],[-8.5372,42.8865],[-8.53712,42.88652],[-8.53712,42.88657],[-8.53726,42.88658]]]}},{"type":"Feature","properties":{"name":"","kind":"road","road":"pedestrian","osm":1043424595},"geometry":{"type":"LineString","coordinates":[[-8.55527,42.88231],[-8.55525,42.88234],[-8.55524,42.88237],[-8.55522,42.8824],[-8.55519,42.88244],[-8.55517,42.88245],[-8.55513,42.88247],[-8.55511,42.88251],[-8.55509,42.88253],[-8.55508,42.88254],[-8.55506,42.88255]]}},{"type":"Feature","properties":{"name":"","kind":"road","road":"pedestrian","osm":1043424596},"geometry":{"type":"LineString","coordinates":[[-8.55517,42.88245],[-8.55518,42.88252],[-8.55521,42.88256],[-8.55531,42.88261]]}},{"type":"Feature","properties":{"name":"Parque do Carme de Abaixo","kind":"park","road":"","osm":1043464314},"geometry":{"type":"Polygon","coordinates":[[[-8.5526,42.88077],[-8.55274,42.88089],[-8.55272,42.88091],[-8.55261,42.88087],[-8.55248,42.88089],[-8.55188,42.88104],[-8.55181,42.88105],[-8.55171,42.88106],[-8.55164,42.88105],[-8.55156,42.88103],[-8.55145,42.88096],[-8.55143,42.88093],[-8.55172,42.88098],[-8.55187,42.88093],[-8.55195,42.88074],[-8.55196,42.88072],[-8.55196,42.88071],[-8.55198,42.88063],[-8.552,42.88064],[-8.55236,42.88067],[-8.55236,42.8807],[-8.55236,42.88071],[-8.55251,42.88072],[-8.55253,42.88073],[-8.55248,42.88075],[-8.55255,42.8808],[-8.5526,42.88077]]]}},{"type":"Feature","properties":{"name":"","kind":"road","road":"pedestrian","osm":1043493988},"geometry":{"type":"LineString","coordinates":[[-8.54995,42.8848],[-8.55001,42.88468],[-8.54995,42.88466],[-8.54983,42.88461],[-8.54974,42.88457],[-8.54974,42.88458],[-8.54977,42.88471],[-8.54988,42.88474],[-8.54986,42.88478],[-8.5499,42.88479],[-8.54995,42.8848]]}},{"type":"Feature","properties":{"name":"Río Corgo","kind":"river","road":"","osm":1043686799},"geometry":{"type":"LineString","coordinates":[[-8.54594,42.88536],[-8.54595,42.88534],[-8.54597,42.8852],[-8.54677,42.88497],[-8.54725,42.88482],[-8.54767,42.88439]]}},{"type":"Feature","properties":{"name":"Río Corgo","kind":"river","road":"","osm":1043686800},"geometry":{"type":"LineString","coordinates":[[-8.54588,42.88546],[-8.54594,42.88536]]}},{"type":"Feature","properties":{"name":"","kind":"road","road":"pedestrian","osm":1046826244},"geometry":{"type":"LineString","coordinates":[[-8.5467,42.88859],[-8.54673,42.88864],[-8.54683,42.88881],[-8.54688,42.88888],[-8.54689,42.88888],[-8.54689,42.88879],[-8.5469,42.88859],[-8.5469,42.88854],[-8.54687,42.88855],[-8.54684,42.88854],[-8.54682,42.88855],[-8.5467,42.88859]]}},{"type":"Feature","properties":{"name":"Xardín do Centro Cívico Brañas de Andrés","kind":"park","road":"","osm":1051669673},"geometry":{"type":"Polygon","coordinates":[[[-8.54651,42.88759],[-8.54642,42.88769],[-8.5463,42.8878],[-8.54626,42.88784],[-8.54618,42.88779],[-8.5462,42.88777],[-8.54611,42.88771],[-8.54604,42.88778],[-8.54598,42.88775],[-8.54603,42.88767],[-8.54609,42.88748],[-8.5461,42.88747],[-8.54651,42.88759]]]}},{"type":"Feature","properties":{"name":"Avenida de Xoán XXIII","kind":"road","road":"tertiary","osm":1051839347},"geometry":{"type":"LineString","coordinates":[[-8.54048,42.88886],[-8.54051,42.88883],[-8.54054,42.8888],[-8.54075,42.88861],[-8.5408,42.88856],[-8.54084,42.88852],[-8.54093,42.88843],[-8.54121,42.88815]]}},{"type":"Feature","properties":{"name":"","kind":"road","road":"tertiary","osm":1054358146},"geometry":{"type":"LineString","coordinates":[[-8.55346,42.873],[-8.55344,42.873],[-8.55341,42.873],[-8.55339,42.873],[-8.55336,42.87301],[-8.55334,42.87302],[-8.55333,42.87304],[-8.55331,42.87306],[-8.55331,42.87308]]}},{"type":"Feature","properties":{"name":"","kind":"road","road":"tertiary","osm":1054358147},"geometry":{"type":"LineString","coordinates":[[-8.55331,42.87308],[-8.55331,42.87309],[-8.55331,42.87311],[-8.55332,42.87313]]}},{"type":"Feature","properties":{"name":"","kind":"road","road":"tertiary","osm":1054358148},"geometry":{"type":"LineString","coordinates":[[-8.55534,42.87204],[-8.55535,42.87207],[-8.55536,42.8721],[-8.5554,42.87212],[-8.55544,42.87213],[-8.55548,42.87213],[-8.5555,42.87212],[-8.55551,42.87212],[-8.55553,42.8721],[-8.55555,42.87208],[-8.55556,42.87206]]}},{"type":"Feature","properties":{"name":"","kind":"road","road":"tertiary","osm":1054358149},"geometry":{"type":"LineString","coordinates":[[-8.55556,42.87204],[-8.55556,42.87203],[-8.55554,42.872],[-8.55552,42.87198],[-8.55548,42.87197],[-8.55545,42.87197]]}},{"type":"Feature","properties":{"name":"","kind":"road","road":"pedestrian","osm":1056652862},"geometry":{"type":"LineString","coordinates":[[-8.54376,42.8802],[-8.54351,42.88017]]}},{"type":"Feature","properties":{"name":"Rúa de Clara Campoamor","kind":"road","road":"secondary","osm":1058200201},"geometry":{"type":"LineString","coordinates":[[-8.53954,42.87231],[-8.53961,42.87222]]}},{"type":"Feature","properties":{"name":"","kind":"road","road":"tertiary","osm":1086465096},"geometry":{"type":"LineString","coordinates":[[-8.55556,42.87206],[-8.55556,42.87204]]}},{"type":"Feature","properties":{"name":"","kind":"road","road":"tertiary","osm":1086465097},"geometry":{"type":"LineString","coordinates":[[-8.55339,42.87317],[-8.55341,42.87318],[-8.55342,42.87318],[-8.55346,42.87318]]}},{"type":"Feature","properties":{"name":"","kind":"road","road":"tertiary","osm":1086465098},"geometry":{"type":"LineString","coordinates":[[-8.55356,42.87308],[-8.55355,42.87306],[-8.55354,42.87304],[-8.55352,42.87303],[-8.5535,42.87301],[-8.55348,42.87301]]}},{"type":"Feature","properties":{"name":"Campo da Estrela","kind":"road","road":"tertiary","osm":1086477046},"geometry":{"type":"LineString","coordinates":[[-8.54685,42.87678],[-8.54677,42.8768],[-8.54673,42.87681],[-8.54671,42.87682]]}},{"type":"Feature","properties":{"name":"Rúa de Anxo Casal","kind":"road","road":"tertiary","osm":1086522079},"geometry":{"type":"LineString","coordinates":[[-8.53446,42.88774],[-8.5345,42.88773],[-8.53452,42.88771],[-8.53454,42.88768],[-8.53455,42.88766],[-8.53455,42.88764],[-8.53454,42.88762],[-8.53452,42.88759]]}},{"type":"Feature","properties":{"name":"Rúa de Anxo Casal","kind":"road","road":"tertiary","osm":1086522081},"geometry":{"type":"LineString","coordinates":[[-8.53452,42.88759],[-8.5345,42.88758],[-8.53447,42.88757],[-8.53444,42.88756]]}},{"type":"Feature","properties":{"name":"Praza da Paz","kind":"road","road":"tertiary","osm":1086522083},"geometry":{"type":"LineString","coordinates":[[-8.53612,42.88847],[-8.53606,42.88846]]}},{"type":"Feature","properties":{"name":"","kind":"road","road":"secondary","osm":1086543726},"geometry":{"type":"LineString","coordinates":[[-8.54477,42.8717],[-8.54479,42.87171]]}},{"type":"Feature","properties":{"name":"","kind":"road","road":"secondary","osm":1086543727},"geometry":{"type":"LineString","coordinates":[[-8.54499,42.87167],[-8.54499,42.87164],[-8.54499,42.87162],[-8.54498,42.8716],[-8.54497,42.87158],[-8.54495,42.87157],[-8.54493,42.87156],[-8.5449,42.87155],[-8.54487,42.87154]]}},{"type":"Feature","properties":{"name":"","kind":"road","road":"secondary","osm":1086667041},"geometry":{"type":"LineString","coordinates":[[-8.54474,42.87162],[-8.54474,42.87164],[-8.54474,42.87167],[-8.54475,42.87169],[-8.54477,42.8717]]}},{"type":"Feature","properties":{"name":"","kind":"road","road":"secondary","osm":1086667042},"geometry":{"type":"LineString","coordinates":[[-8.54495,42.87171],[-8.54497,42.8717],[-8.54498,42.87168],[-8.54499,42.87167]]}},{"type":"Feature","properties":{"name":"Rúa da Senra","kind":"road","road":"tertiary","osm":1086724960},"geometry":{"type":"LineString","coordinates":[[-8.54467,42.87682],[-8.54455,42.87678]]}},{"type":"Feature","properties":{"name":"Rúa da Senra","kind":"road","road":"tertiary","osm":1086724971},"geometry":{"type":"LineString","coordinates":[[-8.5443,42.87687],[-8.54436,42.87686]]}},{"type":"Feature","properties":{"name":"Rúa do Hórreo","kind":"road","road":"tertiary","osm":1086724972},"geometry":{"type":"LineString","coordinates":[[-8.54417,42.87682],[-8.54418,42.87686]]}},{"type":"Feature","properties":{"name":"Avenida de Lugo","kind":"road","road":"trunk","osm":1087483870},"geometry":{"type":"LineString","coordinates":[[-8.53603,42.87492],[-8.53612,42.8748]]}},{"type":"Feature","properties":{"name":"","kind":"road","road":"tertiary","osm":1088283191},"geometry":{"type":"LineString","coordinates":[[-8.55348,42.87301],[-8.55346,42.873]]}},{"type":"Feature","properties":{"name":"","kind":"road","road":"tertiary","osm":1088283192},"geometry":{"type":"LineString","coordinates":[[-8.55355,42.87311],[-8.55356,42.87308]]}},{"type":"Feature","properties":{"name":"Avenida do Mestre Mateo","kind":"road","road":"primary","osm":1088283193},"geometry":{"type":"LineString","coordinates":[[-8.55695,42.8727],[-8.55619,42.87287]]}},{"type":"Feature","properties":{"name":"","kind":"road","road":"primary","osm":1088283194},"geometry":{"type":"LineString","coordinates":[[-8.55752,42.87258],[-8.5575,42.87264],[-8.55752,42.8727],[-8.55756,42.87276]]}},{"type":"Feature","properties":{"name":"","kind":"road","road":"primary","osm":1088283195},"geometry":{"type":"LineString","coordinates":[[-8.55774,42.87245],[-8.55767,42.87246],[-8.5576,42.87249],[-8.55755,42.87253],[-8.55753,42.87255],[-8.55752,42.87258]]}},{"type":"Feature","properties":{"name":"Avenida de Romero Donallo","kind":"road","road":"primary","osm":1088283199},"geometry":{"type":"LineString","coordinates":[[-8.54842,42.86981],[-8.54855,42.86985],[-8.54862,42.86988],[-8.54869,42.86993],[-8.54873,42.86995],[-8.54916,42.87025]]}},{"type":"Feature","properties":{"name":"Rúa do Hórreo","kind":"road","road":"secondary","osm":1088283200},"geometry":{"type":"LineString","coordinates":[[-8.54663,42.87039],[-8.54738,42.87006]]}},{"type":"Feature","properties":{"name":"Rúa de San Roque","kind":"road","road":"tertiary","osm":1088283203},"geometry":{"type":"LineString","coordinates":[[-8.54135,42.88476],[-8.541,42.8855]]}},{"type":"Feature","properties":{"name":"Rúa de Oviedo","kind":"road","road":"pedestrian","osm":1098893341},"geometry":{"type":"LineString","coordinates":[[-8.54137,42.88761],[-8.54138,42.88759],[-8.5414,42.88757],[-8.54138,42.88756],[-8.54164,42.88725],[-8.54162,42.88724]]}},{"type":"Feature","properties":{"name":"Rúa de Oviedo","kind":"road","road":"pedestrian","osm":1100996770},"geometry":{"type":"LineString","coordinates":[[-8.54152,42.8872],[-8.54149,42.88719],[-8.54156,42.88709],[-8.54158,42.88707]]}},{"type":"Feature","properties":{"name":"Rúa de Oviedo","kind":"road","road":"pedestrian","osm":1102288676},"geometry":{"type":"LineString","coordinates":[[-8.5403,42.88864],[-8.54077,42.88811],[-8.54082,42.88806]]}},{"type":"Feature","properties":{"name":"Rúa de Oviedo","kind":"road","road":"pedestrian","osm":1102514969},"geometry":{"type":"LineString","coordinates":[[-8.5409,42.8881],[-8.5413,42.88758]]}},{"type":"Feature","properties":{"name":"","kind":"park","road":"","osm":1110895886},"geometry":{"type":"Polygon","coordinates":[[[-8.54174,42.88573],[-8.54177,42.88575],[-8.54178,42.88579],[-8.54178,42.88584],[-8.54163,42.88606],[-8.54161,42.88609],[-8.54135,42.88645],[-8.54134,42.88647],[-8.54114,42.88676],[-8.54111,42.88676],[-8.54109,42.88676],[-8.54106,42.88675],[-8.54104,42.88675],[-8.54122,42.88649],[-8.54124,42.88646],[-8.54152,42.88605],[-8.54154,42.88603],[-8.54174,42.88573]]]}},{"type":"Feature","properties":{"name":"","kind":"road","road":"secondary","osm":1111513668},"geometry":{"type":"LineString","coordinates":[[-8.54663,42.87039],[-8.54662,42.87037],[-8.54661,42.87035],[-8.54659,42.87034],[-8.54657,42.87033]]}},{"type":"Feature","properties":{"name":"","kind":"park","road":"","osm":1115271408},"geometry":{"type":"Polygon","coordinates":[[[-8.54572,42.8832],[-8.54574,42.8832],[-8.54575,42.88319],[-8.54575,42.88318],[-8.54579,42.88303],[-8.54579,42.88302],[-8.54579,42.88301],[-8.54577,42.88301],[-8.54575,42.88301],[-8.54557,42.88304],[-8.54555,42.88305],[-8.54554,42.88306],[-8.54553,42.88307],[-8.54554,42.88308],[-8.54558,42.88313],[-8.54559,42.88315],[-8.54561,42.88316],[-8.54562,42.88317],[-8.54568,42.8832],[-8.5457,42.8832],[-8.54572,42.8832]]]}},{"type":"Feature","properties":{"name":"","kind":"park","road":"","osm":1115271409},"geometry":{"type":"Polygon","coordinates":[[[-8.54578,42.88295],[-8.54577,42.88295],[-8.54549,42.88299],[-8.54549,42.883],[-8.54549,42.88302],[-8.5455,42.88302],[-8.54577,42.88299],[-8.54577,42.88298],[-8.54578,42.88295]]]}},{"type":"Feature","properties":{"name":"","kind":"park","road":"","osm":1115271410},"geometry":{"type":"Polygon","coordinates":[[[-8.54526,42.88301],[-8.54526,42.88305],[-8.54519,42.88305],[-8.54518,42.88304],[-8.54519,42.88303],[-8.54523,42.88301],[-8.54524,42.88301],[-8.54526,42.88301]]]}},{"type":"Feature","properties":{"name":"","kind":"park","road":"","osm":1115271412},"geometry":{"type":"Polygon","coordinates":[[[-8.54904,42.88286],[-8.54872,42.8828],[-8.54876,42.88269],[-8.54881,42.8827],[-8.5489,42.88249],[-8.54885,42.88248],[-8.54892,42.8823],[-8.54924,42.88237],[-8.54904,42.88286]]]}},{"type":"Feature","properties":{"name":"Parque do Monte Pío","kind":"park","road":"","osm":1115271413},"geometry":{"type":"Polygon","coordinates":[[[-8.55241,42.88318],[-8.55259,42.8832],[-8.55261,42.88325],[-8.55262,42.88337],[-8.55268,42.8835],[-8.55274,42.88357],[-8.55282,42.88373],[-8.5529,42.88396],[-8.55281,42.88404],[-8.55262,42.88381],[-8.55224,42.88376],[-8.55186,42.88402],[-8.55164,42.88504],[-8.55174,42.88528],[-8.55204,42.8853],[-8.55198,42.88561],[-8.55231,42.88564],[-8.5524,42.88582],[-8.55264,42.88636],[-8.55256,42.88638],[-8.55244,42.88633],[-8.55231,42.88628],[-8.55211,42.88624],[-8.55198,42.8862],[-8.55192,42.88619],[-8.5518,42.88615],[-8.5517,42.88612],[-8.55159,42.88606],[-8.55149,42.88598],[-8.55139,42.88588],[-8.55128,42.88571],[-8.55113,42.88545],[-8.55096,42.8852],[-8.55087,42.88507],[-8.55078,42.88502],[-8.55072,42.885],[-8.55066,42.88498],[-8.55071,42.88493],[-8.55083,42.88482],[-8.5509,42.88471],[-8.55096,42.88456],[-8.55099,42.8844],[-8.55095,42.88421],[-8.5509,42.88395],[-8.55086,42.88373],[-8.55082,42.88352],[-8.55098,42.88339],[-8.55114,42.88345],[-8.55174,42.88357],[-8.55198,42.88358],[-8.55221,42.88358],[-8.55241,42.88318]]]}},{"type":"Feature","properties":{"name":"","kind":"park","road":"","osm":1115271416},"geometry":{"type":"Polygon","coordinates":[[[-8.55251,42.88522],[-8.55229,42.88519],[-8.55222,42.88518],[-8.55223,42.88513],[-8.55198,42.8851],[-8.55195,42.88529],[-8.55177,42.88527],[-8.55175,42.88526],[-8.55171,42.88514],[-8.5518,42.88515],[-8.5519,42.88469],[-8.55184,42.88468],[-8.55178,42.88502],[-8.55172,42.88501],[-8.55185,42.88437],[-8.55192,42.88407],[-8.55208,42.88394],[-8.55211,42.88397],[-8.55229,42.88382],[-8.55258,42.88386],[-8.55281,42.88414],[-8.55281,42.8843],[-8.55257,42.88412],[-8.55262,42.88407],[-8.55243,42.88396],[-8.55233,42.88404],[-8.55229,42.88402],[-8.55211,42.88417],[-8.55214,42.88418],[-8.55207,42.88426],[-8.55209,42.88429],[-8.55202,42.88436],[-8.55205,42.88438],[-8.55199,42.88445],[-8.55212,42.88453],[-8.55216,42.88449],[-8.55222,42.88453],[-8.5523,42.88446],[-8.55241,42.88436],[-8.55238,42.88433],[-8.55243,42.88429],[-8.55267,42.88445],[-8.55251,42.88522]]]}},{"type":"Feature","properties":{"name":"Xardín do Doutor Maceira","kind":"park","road":"","osm":1117440453},"geometry":{"type":"Polygon","coordinates":[[[-8.55493,42.87138],[-8.55478,42.87144],[-8.55447,42.87104],[-8.55462,42.87098],[-8.55493,42.87138]]]}},{"type":"Feature","properties":{"name":"Campo da Estrela","kind":"road","road":"tertiary","osm":1118176595},"geometry":{"type":"LineString","coordinates":[[-8.54601,42.87693],[-8.54612,42.87707],[-8.54617,42.87712]]}},{"type":"Feature","properties":{"name":"Rúa de Sar","kind":"road","road":"tertiary","osm":1125257134},"geometry":{"type":"LineString","coordinates":[[-8.53918,42.87528],[-8.53912,42.87522],[-8.53908,42.87515],[-8.53905,42.87507]]}},{"type":"Feature","properties":{"name":"Rúa dos Bautizados","kind":"road","road":"pedestrian","osm":1137600508},"geometry":{"type":"LineString","coordinates":[[-8.54574,42.87733],[-8.54564,42.87736]]}},{"type":"Feature","properties":{"name":"","kind":"road","road":"pedestrian","osm":1137600509},"geometry":{"type":"LineString","coordinates":[[-8.54407,42.88022],[-8.54373,42.88051]]}},{"type":"Feature","properties":{"name":"","kind":"road","road":"pedestrian","osm":1137601769},"geometry":{"type":"LineString","coordinates":[[-8.54457,42.8811],[-8.54456,42.88105],[-8.54448,42.88105],[-8.54442,42.88106],[-8.54436,42.88107]]}},{"type":"Feature","properties":{"name":"","kind":"road","road":"pedestrian","osm":1137601770},"geometry":{"type":"LineString","coordinates":[[-8.54449,42.88109],[-8.54449,42.88112]]}},{"type":"Feature","properties":{"name":"","kind":"road","road":"pedestrian","osm":1137601771},"geometry":{"type":"LineString","coordinates":[[-8.54443,42.8811],[-8.54444,42.88113]]}},{"type":"Feature","properties":{"name":"","kind":"road","road":"pedestrian","osm":1137601772},"geometry":{"type":"LineString","coordinates":[[-8.54438,42.88111],[-8.54439,42.88114]]}},{"type":"Feature","properties":{"name":"","kind":"road","road":"pedestrian","osm":1146112144},"geometry":{"type":"LineString","coordinates":[[-8.54632,42.8746],[-8.54626,42.87465],[-8.54618,42.87465],[-8.54607,42.87464],[-8.54603,42.87462],[-8.54604,42.87454],[-8.54608,42.87449],[-8.54612,42.87447],[-8.54621,42.87446],[-8.5463,42.87445],[-8.54632,42.87447],[-8.54632,42.87454],[-8.54632,42.8746]]}},{"type":"Feature","properties":{"name":"","kind":"park","road":"","osm":1147076177},"geometry":{"type":"Polygon","coordinates":[[[-8.55781,42.8782],[-8.55786,42.87804],[-8.55762,42.87802],[-8.5576,42.87818],[-8.55781,42.8782]]]}},{"type":"Feature","properties":{"name":"Praza da Inmaculada","kind":"road","road":"pedestrian","osm":1152443698},"geometry":{"type":"LineString","coordinates":[[-8.54382,42.88123],[-8.54387,42.88142],[-8.54385,42.88143]]}},{"type":"Feature","properties":{"name":"Rúa de Santo Domingo de la Calzada","kind":"road","road":"pedestrian","osm":1157001552},"geometry":{"type":"LineString","coordinates":[[-8.54919,42.87467],[-8.54874,42.87523]]}},{"type":"Feature","properties":{"name":"Rúa de Marie Curie","kind":"road","road":"pedestrian","osm":1157003235},"geometry":{"type":"LineString","coordinates":[[-8.54758,42.88242],[-8.54756,42.88248],[-8.54731,42.88309]]}},{"type":"Feature","properties":{"name":"","kind":"road","road":"pedestrian","osm":1169189227},"geometry":{"type":"LineString","coordinates":[[-8.55193,42.87011],[-8.55191,42.87015],[-8.5518,42.87011],[-8.55161,42.87005],[-8.5515,42.87002],[-8.5516,42.86985],[-8.55169,42.86992],[-8.55184,42.87004],[-8.55191,42.8701],[-8.55193,42.87011]]}},{"type":"Feature","properties":{"name":"Rúa de Clara Campoamor","kind":"road","road":"secondary","osm":1177815547},"geometry":{"type":"LineString","coordinates":[[-8.5394,42.87282],[-8.5394,42.87279],[-8.53945,42.87251]]}},{"type":"Feature","properties":{"name":"Rúa do Hórreo","kind":"road","road":"secondary","osm":1177840544},"geometry":{"type":"LineString","coordinates":[[-8.54587,42.87073],[-8.54582,42.87077]]}},{"type":"Feature","properties":{"name":"Rúa do Hórreo","kind":"road","road":"secondary","osm":1177840547},"geometry":{"type":"LineString","coordinates":[[-8.54511,42.87152],[-8.54515,42.87148],[-8.54524,42.87141],[-8.54527,42.87139],[-8.54529,42.87137]]}},{"type":"Feature","properties":{"name":"Rúa do Hórreo","kind":"road","road":"secondary","osm":1177840549},"geometry":{"type":"LineString","coordinates":[[-8.54573,42.87095],[-8.54578,42.87091],[-8.54587,42.87083]]}},{"type":"Feature","properties":{"name":"Rúa do Hórreo","kind":"road","road":"secondary","osm":1177840550},"geometry":{"type":"LineString","coordinates":[[-8.54568,42.8709],[-8.54542,42.87114],[-8.5453,42.87126],[-8.54524,42.8713]]}},{"type":"Feature","properties":{"name":"Rúa do Hórreo","kind":"road","road":"secondary","osm":1177840551},"geometry":{"type":"LineString","coordinates":[[-8.54529,42.87137],[-8.54534,42.87132],[-8.54541,42.87127],[-8.54552,42.87115],[-8.54573,42.87095]]}},{"type":"Feature","properties":{"name":"Rúa do Hórreo","kind":"road","road":"secondary","osm":1177840553},"geometry":{"type":"LineString","coordinates":[[-8.54506,42.87144],[-8.54492,42.87151],[-8.54487,42.87154]]}},{"type":"Feature","properties":{"name":"Rúa do Hórreo","kind":"road","road":"secondary","osm":1177840555},"geometry":{"type":"LineString","coordinates":[[-8.54582,42.87077],[-8.54573,42.87086],[-8.54571,42.87087],[-8.54568,42.8709]]}},{"type":"Feature","properties":{"name":"Rúa do Hórreo","kind":"road","road":"secondary","osm":1177840558},"geometry":{"type":"LineString","coordinates":[[-8.54587,42.87083],[-8.5459,42.8708],[-8.54594,42.87076]]}},{"type":"Feature","properties":{"name":"Rúa do Hórreo","kind":"road","road":"secondary","osm":1177840559},"geometry":{"type":"LineString","coordinates":[[-8.54524,42.8713],[-8.54522,42.87132],[-8.54518,42.87136],[-8.54514,42.87139],[-8.5451,42.87142],[-8.54506,42.87144]]}},{"type":"Feature","properties":{"name":"","kind":"road","road":"pedestrian","osm":1181761010},"geometry":{"type":"LineString","coordinates":[[-8.54305,42.88389],[-8.54302,42.88387],[-8.54299,42.88385],[-8.543,42.88381],[-8.54307,42.88384],[-8.54307,42.88385],[-8.54305,42.88389]]}},{"type":"Feature","properties":{"name":"Horta do Mosteiro de San Paio de Antealtares","kind":"park","road":"","osm":1181770381},"geometry":{"type":"Polygon","coordinates":[[[-8.54323,42.88034],[-8.54321,42.87997],[-8.54283,42.87992],[-8.54273,42.88001],[-8.54274,42.88001],[-8.54275,42.88001],[-8.54284,42.88032],[-8.54288,42.88031],[-8.54288,42.88034],[-8.54323,42.88034]]]}},{"type":"Feature","properties":{"name":"","kind":"road","road":"pedestrian","osm":1181774141},"geometry":{"type":"LineString","coordinates":[[-8.5481,42.88418],[-8.54813,42.88408],[-8.54813,42.88407],[-8.5476,42.884],[-8.54758,42.88399],[-8.54756,42.88398],[-8.54736,42.88395],[-8.54734,42.88395],[-8.54728,42.88394],[-8.54713,42.88392],[-8.54698,42.88389],[-8.54692,42.88388],[-8.54696,42.88394],[-8.54698,42.88397],[-8.54709,42.88405],[-8.54717,42.8841],[-8.54721,42.88412],[-8.54726,42.88415],[-8.54727,42.88414],[-8.54753,42.88404],[-8.54777,42.88411],[-8.54778,42.88409],[-8.54779,42.88407],[-8.54784,42.88409],[-8.54785,42.88409],[-8.54785,42.8841],[-8.54788,42.8841],[-8.54788,42.88411],[-8.54792,42.88411],[-8.54792,42.88412],[-8.54796,42.88412],[-8.54796,42.88413],[-8.548,42.88413],[-8.548,42.88414],[-8.54801,42.88414],[-8.54808,42.88416],[-8.54807,42.88417],[-8.5481,42.88418]]}},{"type":"Feature","properties":{"name":"Xardín de San Roque","kind":"park","road":"","osm":1181835959},"geometry":{"type":"Polygon","coordinates":[[[-8.54182,42.88455],[-8.5416,42.88447],[-8.54157,42.88446],[-8.54119,42.88521],[-8.54124,42.88523],[-8.54135,42.88504],[-8.5416,42.88472],[-8.54169,42.8846],[-8.54176,42.88457],[-8.54182,42.88455]]]}},{"type":"Feature","properties":{"name":"Estanque da Praza de Ramón Domínguez","kind":"water","road":"","osm":1182010059},"geometry":{"type":"Polygon","coordinates":[[[-8.54071,42.87332],[-8.54074,42.87328],[-8.54065,42.87328],[-8.54065,42.87332],[-8.54071,42.87332]]]}},{"type":"Feature","properties":{"name":"Xardín dos Frades de Bonaval","kind":"park","road":"","osm":1182203959},"geometry":{"type":"Polygon","coordinates":[[[-8.53909,42.88348],[-8.53893,42.88347],[-8.53889,42.88345],[-8.53879,42.88313],[-8.53919,42.88313],[-8.53909,42.88348]]]}},{"type":"Feature","properties":{"name":"Xardín da Facultade de Xeografía e Historia","kind":"park","road":"","osm":1182287600},"geometry":{"type":"Polygon","coordinates":[[[-8.54184,42.87848],[-8.54182,42.87843],[-8.54182,42.87842],[-8.54162,42.87844],[-8.5416,42.87835],[-8.54159,42.87838],[-8.54155,42.87843],[-8.54155,42.87845],[-8.54154,42.87848],[-8.54151,42.87854],[-8.54148,42.8786],[-8.54131,42.87894],[-8.54144,42.87894],[-8.54149,42.87903],[-8.54138,42.87909],[-8.54127,42.87904],[-8.54124,42.87913],[-8.54166,42.8791],[-8.54164,42.87908],[-8.54162,42.87899],[-8.54163,42.87899],[-8.54162,42.87894],[-8.54156,42.87895],[-8.54153,42.87896],[-8.54148,42.87867],[-8.54151,42.87867],[-8.54157,42.87866],[-8.54156,42.87862],[-8.54154,42.87852],[-8.54156,42.87851],[-8.54165,42.8785],[-8.54173,42.87849],[-8.54184,42.87848]]]}},{"type":"Feature","properties":{"name":"","kind":"road","road":"pedestrian","osm":1183366647},"geometry":{"type":"LineString","coordinates":[[-8.5516,42.86985],[-8.55154,42.86979],[-8.55141,42.86999],[-8.5515,42.87002],[-8.5516,42.86985]]}},{"type":"Feature","properties":{"name":"","kind":"park","road":"","osm":1185000661},"geometry":{"type":"Polygon","coordinates":[[[-8.5472,42.8762],[-8.54713,42.87603],[-8.54704,42.87586],[-8.54695,42.87588],[-8.54711,42.87622],[-8.5472,42.8762]]]}},{"type":"Feature","properties":{"name":"","kind":"park","road":"","osm":1186028777},"geometry":{"type":"Polygon","coordinates":[[[-8.54926,42.87471],[-8.54921,42.87469],[-8.5491,42.87482],[-8.54915,42.87484],[-8.54926,42.87471]]]}},{"type":"Feature","properties":{"name":"","kind":"park","road":"","osm":1186028778},"geometry":{"type":"Polygon","coordinates":[[[-8.54913,42.87486],[-8.54908,42.87484],[-8.54897,42.87497],[-8.54902,42.87499],[-8.54913,42.87486]]]}},{"type":"Feature","properties":{"name":"","kind":"park","road":"","osm":1186028779},"geometry":{"type":"Polygon","coordinates":[[[-8.54901,42.87501],[-8.54895,42.87499],[-8.54883,42.87513],[-8.54889,42.87516],[-8.54901,42.87501]]]}},{"type":"Feature","properties":{"name":"","kind":"road","road":"pedestrian","osm":1189730196},"geometry":{"type":"LineString","coordinates":[[-8.54059,42.88147],[-8.54059,42.88148]]}},{"type":"Feature","properties":{"name":"Avenida Xoán Carlos I","kind":"road","road":"tertiary","osm":1197487036},"geometry":{"type":"LineString","coordinates":[[-8.54797,42.87638],[-8.54685,42.87678]]}},{"type":"Feature","properties":{"name":"","kind":"park","road":"","osm":1214647920},"geometry":{"type":"Polygon","coordinates":[[[-8.54349,42.88431],[-8.54364,42.88446],[-8.5438,42.88463],[-8.54382,42.88464],[-8.54385,42.88463],[-8.54387,42.88462],[-8.54433,42.88388],[-8.54473,42.88328],[-8.54474,42.88325],[-8.54469,42.8832],[-8.54419,42.88326],[-8.54416,42.88341],[-8.54402,42.88361],[-8.54393,42.88359],[-8.5439,42.88368],[-8.54381,42.88367],[-8.54362,42.88369],[-8.5436,42.88378],[-8.54355,42.88389],[-8.54354,42.88395],[-8.5435,42.88402],[-8.54359,42.88413],[-8.54362,42.88415],[-8.54368,42.88422],[-8.54349,42.88431]]]}},{"type":"Feature","properties":{"name":"Avenida de Rosalía de Castro","kind":"road","road":"tertiary","osm":1222306650},"geometry":{"type":"LineString","coordinates":[[-8.55323,42.87325],[-8.55318,42.87329],[-8.553,42.87342],[-8.55286,42.87353],[-8.55268,42.87367],[-8.55256,42.87376]]}},{"type":"Feature","properties":{"name":"Avenida de Rosalía de Castro","kind":"road","road":"tertiary","osm":1222306652},"geometry":{"type":"LineString","coordinates":[[-8.55256,42.87376],[-8.55245,42.87386]]}},{"type":"Feature","properties":{"name":"Praza da Fonte Seca","kind":"road","road":"pedestrian","osm":1230403155},"geometry":{"type":"LineString","coordinates":[[-8.54257,42.87911],[-8.54238,42.87908]]}},{"type":"Feature","properties":{"name":"","kind":"road","road":"primary","osm":1234264554},"geometry":{"type":"LineString","coordinates":[[-8.55795,42.87251],[-8.55791,42.87248],[-8.55786,42.87246],[-8.5578,42.87245],[-8.55774,42.87245]]}},{"type":"Feature","properties":{"name":"Rúa de Clara Campoamor","kind":"road","road":"secondary","osm":1234264555},"geometry":{"type":"LineString","coordinates":[[-8.543,42.86993],[-8.54256,42.8702]]}},{"type":"Feature","properties":{"name":"Praza da Algalia de Abaixo","kind":"road","road":"pedestrian","osm":1234279463},"geometry":{"type":"LineString","coordinates":[[-8.54202,42.88291],[-8.5417,42.88283]]}},{"type":"Feature","properties":{"name":"","kind":"park","road":"","osm":1234643637},"geometry":{"type":"Polygon","coordinates":[[[-8.543,42.88254],[-8.54289,42.88255],[-8.54287,42.88255],[-8.54287,42.88253],[-8.54287,42.88246],[-8.54286,42.8824],[-8.54287,42.8824],[-8.54287,42.88238],[-8.54286,42.88238],[-8.54286,42.88237],[-8.54297,42.88236],[-8.543,42.88249],[-8.543,42.88254]]]}},{"type":"Feature","properties":{"name":"Rúa do Monte dos Chaos","kind":"road","road":"tertiary","osm":1234870858},"geometry":{"type":"LineString","coordinates":[[-8.55903,42.88381],[-8.55919,42.88386],[-8.55933,42.88393],[-8.55944,42.88399],[-8.55974,42.88421],[-8.56004,42.88444],[-8.56026,42.88468],[-8.56036,42.88484],[-8.56062,42.88547],[-8.56083,42.88586],[-8.561,42.88606],[-8.56111,42.88616],[-8.56119,42.88622],[-8.56128,42.88627],[-8.56139,42.88631],[-8.56146,42.88632],[-8.56154,42.88634],[-8.56163,42.88634],[-8.56172,42.88633],[-8.56181,42.88631],[-8.5619,42.88628],[-8.56211,42.8862],[-8.56245,42.88605],[-8.56269,42.88596],[-8.5628,42.88593],[-8.56291,42.8859],[-8.5631,42.88588],[-8.56327,42.88587]]}},{"type":"Feature","properties":{"name":"Rúa da Ponte de Sar","kind":"road","road":"tertiary","osm":1240617793},"geometry":{"type":"LineString","coordinates":[[-8.53585,42.87223],[-8.53578,42.87217],[-8.53575,42.87215],[-8.53562,42.87203],[-8.53488,42.87137],[-8.53481,42.8713],[-8.53473,42.87124]]}},{"type":"Feature","properties":{"name":"","kind":"road","road":"pedestrian","osm":1240617827},"geometry":{"type":"LineString","coordinates":[[-8.54536,42.88094],[-8.5453,42.88095]]}},{"type":"Feature","properties":{"name":"","kind":"park","road":"","osm":1243784387},"geometry":{"type":"Polygon","coordinates":[[[-8.54046,42.8757],[-8.54041,42.87567],[-8.5406,42.87557],[-8.54046,42.8757]]]}},{"type":"Feature","properties":{"name":"","kind":"park","road":"","osm":1243784389},"geometry":{"type":"Polygon","coordinates":[[[-8.54064,42.87554],[-8.54065,42.87555],[-8.54067,42.87557],[-8.54051,42.87573],[-8.54046,42.8757],[-8.5406,42.87557],[-8.54064,42.87554]]]}},{"type":"Feature","properties":{"name":"","kind":"park","road":"","osm":1243784399},"geometry":{"type":"Polygon","coordinates":[[[-8.54067,42.87557],[-8.54073,42.8756],[-8.54061,42.87572],[-8.54057,42.87576],[-8.54055,42.87575],[-8.54051,42.87573],[-8.54067,42.87557]]]}},{"type":"Feature","properties":{"name":"","kind":"park","road":"","osm":1243784400},"geometry":{"type":"Polygon","coordinates":[[[-8.54063,42.87579],[-8.54057,42.87576],[-8.54061,42.87572],[-8.54073,42.8756],[-8.54081,42.87564],[-8.54063,42.87579]]]}},{"type":"Feature","properties":{"name":"","kind":"park","road":"","osm":1243784404},"geometry":{"type":"Polygon","coordinates":[[[-8.54074,42.87585],[-8.54078,42.87581],[-8.5409,42.87572],[-8.54084,42.87568],[-8.54086,42.87566],[-8.54081,42.87564],[-8.54063,42.87579],[-8.54069,42.87582],[-8.54074,42.87585]]]}},{"type":"Feature","properties":{"name":"","kind":"park","road":"","osm":1243784409},"geometry":{"type":"Polygon","coordinates":[[[-8.54096,42.87575],[-8.5409,42.87572],[-8.54078,42.87581],[-8.54081,42.87583],[-8.54089,42.87577],[-8.54092,42.87578],[-8.54096,42.87575]]]}},{"type":"Feature","properties":{"name":"","kind":"park","road":"","osm":1243784413},"geometry":{"type":"Polygon","coordinates":[[[-8.54024,42.87534],[-8.54018,42.87539],[-8.54021,42.87541],[-8.5402,42.87542],[-8.54023,42.87544],[-8.5403,42.87537],[-8.54024,42.87534]]]}},{"type":"Feature","properties":{"name":"","kind":"park","road":"","osm":1243784419},"geometry":{"type":"Polygon","coordinates":[[[-8.54008,42.87529],[-8.54,42.87525],[-8.53998,42.87529],[-8.53999,42.87529],[-8.53994,42.87535],[-8.5399,42.8754],[-8.53995,42.87543],[-8.54008,42.87529]]]}},{"type":"Feature","properties":{"name":"","kind":"park","road":"","osm":1243784420},"geometry":{"type":"Polygon","coordinates":[[[-8.54007,42.87551],[-8.54001,42.87548],[-8.54018,42.8753],[-8.54024,42.87534],[-8.54018,42.87539],[-8.54007,42.87551]]]}},{"type":"Feature","properties":{"name":"","kind":"park","road":"","osm":1243784421},"geometry":{"type":"Polygon","coordinates":[[[-8.53995,42.87545],[-8.53996,42.87544],[-8.53995,42.87543],[-8.54008,42.87529],[-8.54011,42.87526],[-8.54018,42.8753],[-8.54001,42.87548],[-8.53995,42.87545]]]}},{"type":"Feature","properties":{"name":"","kind":"park","road":"","osm":1243784424},"geometry":{"type":"Polygon","coordinates":[[[-8.53978,42.87536],[-8.5397,42.87532],[-8.53971,42.8753],[-8.53972,42.87531],[-8.53973,42.87528],[-8.53982,42.87513],[-8.53988,42.87515],[-8.53994,42.87518],[-8.53991,42.87521],[-8.53985,42.8753],[-8.53982,42.87529],[-8.53978,42.87536]]]}},{"type":"Feature","properties":{"name":"","kind":"park","road":"","osm":1243784425},"geometry":{"type":"Polygon","coordinates":[[[-8.53994,42.87518],[-8.54002,42.87522],[-8.53999,42.87525],[-8.54,42.87525],[-8.53998,42.87529],[-8.53999,42.87529],[-8.5399,42.8754],[-8.53987,42.87543],[-8.53979,42.87539],[-8.5398,42.87537],[-8.53981,42.87535],[-8.53985,42.8753],[-8.53994,42.87518]]]}},{"type":"Feature","properties":{"name":"","kind":"park","road":"","osm":1243784426},"geometry":{"type":"Polygon","coordinates":[[[-8.53972,42.87531],[-8.53971,42.8753],[-8.53967,42.87528],[-8.53966,42.87529],[-8.53962,42.87527],[-8.53967,42.8752],[-8.53974,42.8751],[-8.53982,42.87513],[-8.53973,42.87528],[-8.53972,42.87531]]]}},{"type":"Feature","properties":{"name":"","kind":"park","road":"","osm":1243784431},"geometry":{"type":"Polygon","coordinates":[[[-8.53962,42.87507],[-8.5395,42.87503],[-8.5395,42.87502],[-8.53954,42.87494],[-8.53956,42.8749],[-8.53957,42.87489],[-8.53968,42.87492],[-8.53961,42.87506],[-8.53963,42.87507],[-8.53962,42.87507]]]}},{"type":"Feature","properties":{"name":"","kind":"park","road":"","osm":1243784432},"geometry":{"type":"Polygon","coordinates":[[[-8.5395,42.87502],[-8.53947,42.875],[-8.53942,42.87509],[-8.5394,42.87509],[-8.53935,42.87508],[-8.53935,42.87507],[-8.53939,42.87491],[-8.53941,42.8749],[-8.53954,42.87494],[-8.5395,42.87502]]]}},{"type":"Feature","properties":{"name":"","kind":"park","road":"","osm":1243784434},"geometry":{"type":"Polygon","coordinates":[[[-8.54092,42.87555],[-8.54082,42.8756],[-8.54074,42.87551],[-8.54065,42.87555],[-8.54067,42.87557],[-8.54073,42.8756],[-8.54081,42.87564],[-8.54086,42.87566],[-8.54084,42.87568],[-8.5409,42.87572],[-8.54096,42.87575],[-8.54097,42.87575],[-8.541,42.87577],[-8.54108,42.87573],[-8.54093,42.87556],[-8.54092,42.87555]]]}},{"type":"Feature","properties":{"name":"","kind":"park","road":"","osm":1243784435},"geometry":{"type":"Polygon","coordinates":[[[-8.5409,42.87589],[-8.54089,42.87588],[-8.54084,42.87584],[-8.54092,42.87579],[-8.54094,42.87581],[-8.541,42.87577],[-8.54104,42.87581],[-8.5409,42.87588],[-8.5409,42.87589]]]}},{"type":"Feature","properties":{"name":"","kind":"park","road":"","osm":1253983248},"geometry":{"type":"Polygon","coordinates":[[[-8.54066,42.88565],[-8.54086,42.88517],[-8.54073,42.88519],[-8.54073,42.8852],[-8.54037,42.88523],[-8.54025,42.88556],[-8.54066,42.88565]]]}},{"type":"Feature","properties":{"name":"","kind":"park","road":"","osm":1267599005},"geometry":{"type":"Polygon","coordinates":[[[-8.53863,42.8738],[-8.53861,42.87377],[-8.53894,42.87363],[-8.53896,42.87366],[-8.53869,42.8738],[-8.53867,42.87378],[-8.53863,42.8738]]]}},{"type":"Feature","properties":{"name":"","kind":"park","road":"","osm":1267599006},"geometry":{"type":"Polygon","coordinates":[[[-8.53869,42.87386],[-8.53866,42.87383],[-8.53865,42.87381],[-8.53869,42.8738],[-8.53896,42.87366],[-8.53901,42.87364],[-8.53904,42.87368],[-8.53905,42.87369],[-8.53869,42.87386]]]}},{"type":"Feature","properties":{"name":"","kind":"park","road":"","osm":1267599007},"geometry":{"type":"Polygon","coordinates":[[[-8.53875,42.87389],[-8.53872,42.87385],[-8.53905,42.87369],[-8.53908,42.87373],[-8.53875,42.87389]]]}},{"type":"Feature","properties":{"name":"","kind":"park","road":"","osm":1267599013},"geometry":{"type":"Polygon","coordinates":[[[-8.53927,42.87385],[-8.53923,42.8738],[-8.53918,42.87382],[-8.53907,42.87387],[-8.53906,42.87387],[-8.53872,42.87403],[-8.53876,42.87408],[-8.53878,42.87407],[-8.53888,42.87402],[-8.53895,42.87399],[-8.53908,42.87393],[-8.53927,42.87385]]]}},{"type":"Feature","properties":{"name":"","kind":"park","road":"","osm":1267599015},"geometry":{"type":"Polygon","coordinates":[[[-8.53935,42.87399],[-8.53933,42.87394],[-8.53932,42.87393],[-8.53912,42.87403],[-8.53904,42.87407],[-8.53897,42.8741],[-8.53884,42.87416],[-8.5388,42.87417],[-8.53884,42.87422],[-8.53935,42.87399]]]}},{"type":"Feature","properties":{"name":"","kind":"park","road":"","osm":1267599028},"geometry":{"type":"Polygon","coordinates":[[[-8.53883,42.87422],[-8.53884,42.87422],[-8.53935,42.87399],[-8.53937,42.87405],[-8.53888,42.87426],[-8.53886,42.87427],[-8.53883,42.87422]]]}},{"type":"Feature","properties":{"name":"","kind":"park","road":"","osm":1267599029},"geometry":{"type":"Polygon","coordinates":[[[-8.53891,42.87429],[-8.53888,42.87426],[-8.53937,42.87405],[-8.53939,42.8741],[-8.53936,42.87411],[-8.53928,42.87414],[-8.53891,42.87429]]]}},{"type":"Feature","properties":{"name":"","kind":"park","road":"","osm":1267599038},"geometry":{"type":"Polygon","coordinates":[[[-8.53899,42.87448],[-8.53897,42.87444],[-8.539,42.87442],[-8.53904,42.8744],[-8.53907,42.87439],[-8.53934,42.87429],[-8.53936,42.87434],[-8.53927,42.87438],[-8.53907,42.87445],[-8.53899,42.87448]]]}},{"type":"Feature","properties":{"name":"","kind":"park","road":"","osm":1267599039},"geometry":{"type":"Polygon","coordinates":[[[-8.53945,42.87436],[-8.53944,42.87431],[-8.53936,42.87434],[-8.53927,42.87438],[-8.5393,42.87442],[-8.53939,42.87439],[-8.53945,42.87436]]]}},{"type":"Feature","properties":{"name":"","kind":"park","road":"","osm":1267599040},"geometry":{"type":"Polygon","coordinates":[[[-8.53939,42.87439],[-8.5393,42.87442],[-8.5391,42.87449],[-8.53907,42.8745],[-8.53903,42.87452],[-8.53902,42.87452],[-8.53901,42.87452],[-8.53904,42.87456],[-8.53905,42.87456],[-8.53906,42.87456],[-8.53936,42.87446],[-8.53942,42.87444],[-8.53939,42.87439]]]}},{"type":"Feature","properties":{"name":"","kind":"park","road":"","osm":1267599049},"geometry":{"type":"Polygon","coordinates":[[[-8.53936,42.87446],[-8.53906,42.87456],[-8.53909,42.87461],[-8.53915,42.87459],[-8.53927,42.87455],[-8.5394,42.87451],[-8.53936,42.87446]]]}},{"type":"Feature","properties":{"name":"","kind":"park","road":"","osm":1267599050},"geometry":{"type":"Polygon","coordinates":[[[-8.53915,42.87459],[-8.53927,42.87455],[-8.5394,42.87451],[-8.53941,42.87457],[-8.53939,42.87457],[-8.53918,42.87464],[-8.53915,42.87459]]]}},{"type":"Feature","properties":{"name":"","kind":"park","road":"","osm":1267599060},"geometry":{"type":"Polygon","coordinates":[[[-8.53939,42.87457],[-8.53918,42.87464],[-8.5392,42.87467],[-8.53921,42.87469],[-8.53917,42.8747],[-8.5392,42.87474],[-8.5392,42.87475],[-8.53925,42.87473],[-8.5393,42.87472],[-8.53933,42.87471],[-8.53938,42.87469],[-8.53939,42.87464],[-8.53939,42.87457]]]}},{"type":"Feature","properties":{"name":"","kind":"park","road":"","osm":1267599061},"geometry":{"type":"Polygon","coordinates":[[[-8.53933,42.87471],[-8.5393,42.87472],[-8.53925,42.87473],[-8.5392,42.87475],[-8.5392,42.87474],[-8.53916,42.87475],[-8.53915,42.87475],[-8.53918,42.8748],[-8.53921,42.87479],[-8.53929,42.87477],[-8.53935,42.87475],[-8.53933,42.87471]]]}},{"type":"Feature","properties":{"name":"","kind":"park","road":"","osm":1267599062},"geometry":{"type":"Polygon","coordinates":[[[-8.53939,42.8741],[-8.53936,42.87411],[-8.53928,42.87414],[-8.53891,42.87429],[-8.53889,42.8743],[-8.53893,42.87434],[-8.53891,42.87435],[-8.53894,42.87439],[-8.53897,42.87444],[-8.539,42.87442],[-8.53904,42.8744],[-8.53907,42.87439],[-8.53934,42.87429],[-8.53943,42.87426],[-8.53942,42.87421],[-8.53939,42.8741]]]}},{"type":"Feature","properties":{"name":"","kind":"park","road":"","osm":1267599063},"geometry":{"type":"Polygon","coordinates":[[[-8.53898,42.87448],[-8.53899,42.87448],[-8.53907,42.87445],[-8.5391,42.87449],[-8.53907,42.8745],[-8.53903,42.87452],[-8.53902,42.87452],[-8.53901,42.87452],[-8.53898,42.87448]]]}},{"type":"Feature","properties":{"name":"","kind":"park","road":"","osm":1267599067},"geometry":{"type":"Polygon","coordinates":[[[-8.53918,42.87382],[-8.53913,42.87377],[-8.53884,42.8739],[-8.53885,42.87392],[-8.53893,42.87388],[-8.53894,42.8739],[-8.53904,42.87385],[-8.53906,42.87387],[-8.53907,42.87387],[-8.53918,42.87382]]]}},{"type":"Feature","properties":{"name":"","kind":"park","road":"","osm":1267684172},"geometry":{"type":"Polygon","coordinates":[[[-8.54204,42.87725],[-8.54197,42.87728],[-8.54195,42.87725],[-8.54187,42.87728],[-8.54186,42.87727],[-8.54179,42.8773],[-8.54182,42.87734],[-8.54148,42.87748],[-8.54169,42.87776],[-8.54157,42.8778],[-8.54139,42.87761],[-8.54114,42.87745],[-8.54091,42.87716],[-8.5417,42.87682],[-8.54204,42.87725]]]}},{"type":"Feature","properties":{"name":"","kind":"park","road":"","osm":1267684173},"geometry":{"type":"Polygon","coordinates":[[[-8.54231,42.87749],[-8.54211,42.87722],[-8.54204,42.87725],[-8.54223,42.87749],[-8.54227,42.87747],[-8.54229,42.8775],[-8.54231,42.87749]]]}},{"type":"Feature","properties":{"name":"","kind":"park","road":"","osm":1270230838},"geometry":{"type":"Polygon","coordinates":[[[-8.55512,42.87839],[-8.5551,42.87843],[-8.55511,42.87847],[-8.55512,42.87847],[-8.55519,42.87846],[-8.5552,42.87841],[-8.55517,42.87841],[-8.55516,42.87841],[-8.55515,42.8784],[-8.55512,42.87839]]]}},{"type":"Feature","properties":{"name":"","kind":"park","road":"","osm":1270725844},"geometry":{"type":"Polygon","coordinates":[[[-8.5409,42.87588],[-8.54094,42.87592],[-8.54097,42.87591],[-8.54099,42.87589],[-8.54103,42.87587],[-8.54109,42.87582],[-8.54117,42.87576],[-8.54125,42.87571],[-8.54143,42.87558],[-8.54138,42.87555],[-8.54136,42.87554],[-8.54135,42.87555],[-8.54127,42.87562],[-8.54119,42.8757],[-8.54111,42.87576],[-8.54104,42.87581],[-8.5409,42.87588]]]}},{"type":"Feature","properties":{"name":"","kind":"park","road":"","osm":1270725846},"geometry":{"type":"Polygon","coordinates":[[[-8.54143,42.87558],[-8.54148,42.87562],[-8.54124,42.87579],[-8.54106,42.8759],[-8.54103,42.87592],[-8.54095,42.87598],[-8.54092,42.87596],[-8.54091,42.87596],[-8.5409,42.87595],[-8.54094,42.87592],[-8.54097,42.87591],[-8.54103,42.87587],[-8.54109,42.87582],[-8.54117,42.87576],[-8.54125,42.87571],[-8.54143,42.87558]]]}},{"type":"Feature","properties":{"name":"","kind":"park","road":"","osm":1270725850},"geometry":{"type":"Polygon","coordinates":[[[-8.5417,42.87597],[-8.54165,42.876],[-8.54134,42.87612],[-8.54126,42.87616],[-8.54131,42.87621],[-8.54133,42.87621],[-8.54176,42.87604],[-8.5417,42.87597]]]}},{"type":"Feature","properties":{"name":"","kind":"park","road":"","osm":1270725851},"geometry":{"type":"Polygon","coordinates":[[[-8.54182,42.87591],[-8.54175,42.87585],[-8.54178,42.87583],[-8.54177,42.87583],[-8.54173,42.8758],[-8.54161,42.87587],[-8.54159,42.87588],[-8.54116,42.8761],[-8.54126,42.87616],[-8.54134,42.87612],[-8.54165,42.876],[-8.5417,42.87597],[-8.54182,42.87591]]]}},{"type":"Feature","properties":{"name":"","kind":"park","road":"","osm":1270725852},"geometry":{"type":"Polygon","coordinates":[[[-8.54154,42.87581],[-8.54131,42.87595],[-8.54108,42.87608],[-8.54113,42.87612],[-8.54116,42.8761],[-8.54159,42.87588],[-8.54161,42.87587],[-8.54154,42.87581]]]}},{"type":"Feature","properties":{"name":"","kind":"park","road":"","osm":1270725853},"geometry":{"type":"Polygon","coordinates":[[[-8.5416,42.8757],[-8.54142,42.87581],[-8.54127,42.8759],[-8.54115,42.87598],[-8.54107,42.87602],[-8.54104,42.87604],[-8.54103,42.87605],[-8.54108,42.87608],[-8.54131,42.87595],[-8.54154,42.87581],[-8.54166,42.87575],[-8.54161,42.87571],[-8.5416,42.8757]]]}},{"type":"Feature","properties":{"name":"","kind":"park","road":"","osm":1270725854},"geometry":{"type":"Polygon","coordinates":[[[-8.54148,42.87562],[-8.54152,42.87565],[-8.5416,42.8757],[-8.54142,42.87581],[-8.54127,42.8759],[-8.54115,42.87598],[-8.54107,42.87602],[-8.54104,42.87604],[-8.54103,42.87605],[-8.54094,42.87599],[-8.54095,42.87598],[-8.54103,42.87592],[-8.54106,42.8759],[-8.54124,42.87579],[-8.54148,42.87562]]]}},{"type":"Feature","properties":{"name":"","kind":"park","road":"","osm":1270725872},"geometry":{"type":"Polygon","coordinates":[[[-8.54137,42.87625],[-8.54138,42.87625],[-8.54156,42.87619],[-8.54159,42.87625],[-8.54162,42.87631],[-8.54154,42.87633],[-8.54148,42.87635],[-8.54142,42.8763],[-8.54137,42.87625]]]}},{"type":"Feature","properties":{"name":"","kind":"park","road":"","osm":1272174466},"geometry":{"type":"Polygon","coordinates":[[[-8.54008,42.8819],[-8.54007,42.8819],[-8.54006,42.8819],[-8.54002,42.88192],[-8.53998,42.88192],[-8.53998,42.88193],[-8.54002,42.88193],[-8.54005,42.88192],[-8.54008,42.8819]]]}},{"type":"Feature","properties":{"name":"","kind":"park","road":"","osm":1272175183},"geometry":{"type":"Polygon","coordinates":[[[-8.54002,42.88256],[-8.53991,42.8825],[-8.53986,42.88244],[-8.5398,42.88248],[-8.53978,42.88247],[-8.53963,42.88255],[-8.53972,42.88263],[-8.53983,42.88257],[-8.53993,42.88267],[-8.53994,42.88267],[-8.54002,42.88256]]]}},{"type":"Feature","properties":{"name":"","kind":"park","road":"","osm":1273376541},"geometry":{"type":"Polygon","coordinates":[[[-8.54279,42.88375],[-8.54275,42.8838],[-8.54261,42.88374],[-8.54254,42.88373],[-8.54248,42.88372],[-8.54249,42.88365],[-8.5425,42.88362],[-8.54251,42.88356],[-8.54252,42.88355],[-8.54255,42.88356],[-8.54256,42.88352],[-8.54255,42.88352],[-8.54256,42.88351],[-8.54265,42.88354],[-8.54269,42.88355],[-8.54273,42.88357],[-8.54271,42.88359],[-8.5427,42.8836],[-8.54264,42.88367],[-8.54268,42.88369],[-8.54268,42.8837],[-8.54279,42.88375]]]}},{"type":"Feature","properties":{"name":"","kind":"park","road":"","osm":1273387658},"geometry":{"type":"Polygon","coordinates":[[[-8.5384,42.8844],[-8.53839,42.88439],[-8.53836,42.8844],[-8.53834,42.88437],[-8.53833,42.88437],[-8.53835,42.88441],[-8.5384,42.8844]]]}},{"type":"Feature","properties":{"name":"","kind":"park","road":"","osm":1273387660},"geometry":{"type":"Polygon","coordinates":[[[-8.53848,42.8845],[-8.53846,42.88446],[-8.53844,42.88446],[-8.53847,42.8845],[-8.53848,42.8845]]]}},{"type":"Feature","properties":{"name":"","kind":"park","road":"","osm":1273789069},"geometry":{"type":"Polygon","coordinates":[[[-8.54297,42.88506],[-8.54283,42.88502],[-8.54289,42.88482],[-8.5434,42.88457],[-8.54329,42.88475],[-8.54333,42.88476],[-8.54333,42.88477],[-8.54315,42.88471],[-8.543,42.88494],[-8.54307,42.88497],[-8.54307,42.88498],[-8.54303,42.88497],[-8.54297,42.88506]]]}},{"type":"Feature","properties":{"name":"","kind":"park","road":"","osm":1273789070},"geometry":{"type":"Polygon","coordinates":[[[-8.54292,42.88514],[-8.54281,42.88511],[-8.54271,42.88547],[-8.54292,42.88514]]]}},{"type":"Feature","properties":{"name":"","kind":"park","road":"","osm":1273944465},"geometry":{"type":"Polygon","coordinates":[[[-8.54068,42.88472],[-8.54067,42.88465],[-8.54065,42.88465],[-8.54065,42.88462],[-8.54061,42.88462],[-8.54062,42.88458],[-8.54097,42.88456],[-8.54097,42.88451],[-8.54096,42.8845],[-8.54106,42.88451],[-8.54106,42.88455],[-8.54105,42.88463],[-8.54117,42.88464],[-8.54118,42.88462],[-8.54129,42.88464],[-8.54127,42.88469],[-8.54125,42.8847],[-8.54097,42.88466],[-8.54068,42.88472]]]}},{"type":"Feature","properties":{"name":"","kind":"park","road":"","osm":1274162401},"geometry":{"type":"Polygon","coordinates":[[[-8.54294,42.87594],[-8.54288,42.87584],[-8.54281,42.87587],[-8.54287,42.87598],[-8.54294,42.87594]]]}},{"type":"Feature","properties":{"name":"","kind":"park","road":"","osm":1274162403},"geometry":{"type":"Polygon","coordinates":[[[-8.54152,42.87667],[-8.5415,42.87666],[-8.54149,42.87666],[-8.54151,42.87668],[-8.54152,42.87667]]]}},{"type":"Feature","properties":{"name":"","kind":"park","road":"","osm":1274162404},"geometry":{"type":"Polygon","coordinates":[[[-8.54145,42.87667],[-8.54147,42.87665],[-8.54139,42.8766],[-8.54145,42.87667]]]}},{"type":"Feature","properties":{"name":"","kind":"park","road":"","osm":1274162405},"geometry":{"type":"Polygon","coordinates":[[[-8.54134,42.8766],[-8.54136,42.87658],[-8.54129,42.87654],[-8.54134,42.8766]]]}},{"type":"Feature","properties":{"name":"","kind":"park","road":"","osm":1274162406},"geometry":{"type":"Polygon","coordinates":[[[-8.54124,42.87654],[-8.54126,42.87652],[-8.54119,42.87648],[-8.54124,42.87654]]]}},{"type":"Feature","properties":{"name":"","kind":"park","road":"","osm":1274162407},"geometry":{"type":"Polygon","coordinates":[[[-8.54108,42.87641],[-8.54104,42.87638],[-8.54102,42.8764],[-8.54108,42.87641]]]}},{"type":"Feature","properties":{"name":"","kind":"park","road":"","osm":1274162408},"geometry":{"type":"Polygon","coordinates":[[[-8.54116,42.87631],[-8.54113,42.87629],[-8.54114,42.87633],[-8.54116,42.87631]]]}},{"type":"Feature","properties":{"name":"","kind":"park","road":"","osm":1274162409},"geometry":{"type":"Polygon","coordinates":[[[-8.54084,42.87612],[-8.54083,42.87613],[-8.54081,42.87609],[-8.54084,42.87612]]]}},{"type":"Feature","properties":{"name":"Rúa do Hórreo","kind":"road","road":"secondary","osm":1274918222},"geometry":{"type":"LineString","coordinates":[[-8.54645,42.87039],[-8.54638,42.87042],[-8.54623,42.87049],[-8.54615,42.87053],[-8.54608,42.87057],[-8.54593,42.87067],[-8.54589,42.87071],[-8.54587,42.87073]]}},{"type":"Feature","properties":{"name":"","kind":"road","road":"secondary","osm":1274918223},"geometry":{"type":"LineString","coordinates":[[-8.54657,42.87033],[-8.54654,42.87033],[-8.54652,42.87033],[-8.54649,42.87034],[-8.54647,42.87035],[-8.54646,42.87037],[-8.54645,42.87039]]}},{"type":"Feature","properties":{"name":"","kind":"road","road":"secondary","osm":1274918224},"geometry":{"type":"LineString","coordinates":[[-8.54645,42.87039],[-8.54646,42.87041],[-8.54647,42.87043],[-8.54649,42.87045]]}},{"type":"Feature","properties":{"name":"Rúa do Hórreo","kind":"road","road":"secondary","osm":1274918225},"geometry":{"type":"LineString","coordinates":[[-8.54594,42.87076],[-8.54603,42.87069],[-8.54612,42.87063],[-8.54621,42.87058],[-8.54642,42.87048],[-8.54646,42.87046],[-8.54649,42.87045]]}},{"type":"Feature","properties":{"name":"","kind":"road","road":"secondary","osm":1274918226},"geometry":{"type":"LineString","coordinates":[[-8.54649,42.87045],[-8.54651,42.87045],[-8.54653,42.87046],[-8.54656,42.87046],[-8.54658,42.87045],[-8.54659,42.87044],[-8.54661,42.87043],[-8.54662,42.87042],[-8.54663,42.8704],[-8.54663,42.87039]]}},{"type":"Feature","properties":{"name":"Rúa do Porto de Vite","kind":"road","road":"pedestrian","osm":1278614876},"geometry":{"type":"LineString","coordinates":[[-8.54249,42.88725],[-8.54247,42.88719],[-8.54244,42.88713],[-8.54238,42.8871],[-8.54237,42.88709],[-8.54233,42.88707]]}},{"type":"Feature","properties":{"name":"","kind":"water","road":"","osm":1290126001},"geometry":{"type":"Polygon","coordinates":[[[-8.54436,42.8767],[-8.54438,42.8767],[-8.54434,42.87655],[-8.54432,42.87656],[-8.54436,42.8767]]]}},{"type":"Feature","properties":{"name":"","kind":"park","road":"","osm":1290126007},"geometry":{"type":"Polygon","coordinates":[[[-8.54429,42.87622],[-8.54423,42.87623],[-8.54424,42.87625],[-8.54427,42.87638],[-8.5443,42.87627],[-8.54429,42.87622]]]}},{"type":"Feature","properties":{"name":"","kind":"park","road":"","osm":1290126017},"geometry":{"type":"Polygon","coordinates":[[[-8.54446,42.87649],[-8.54446,42.87648],[-8.54442,42.87646],[-8.54434,42.87648],[-8.54434,42.87647],[-8.54433,42.87647],[-8.54434,42.87651],[-8.54446,42.87649]]]}},{"type":"Feature","properties":{"name":"","kind":"park","road":"","osm":1290126021},"geometry":{"type":"Polygon","coordinates":[[[-8.54436,42.8762],[-8.5444,42.8762],[-8.54446,42.87623],[-8.54446,42.8763],[-8.54445,42.8763],[-8.54445,42.87634],[-8.54433,42.87635],[-8.54436,42.8762]]]}},{"type":"Feature","properties":{"name":"","kind":"park","road":"","osm":1290126025},"geometry":{"type":"Polygon","coordinates":[[[-8.54436,42.8767],[-8.54429,42.87672],[-8.54426,42.8767],[-8.54428,42.87656],[-8.54432,42.87656],[-8.54436,42.8767]]]}},{"type":"Feature","properties":{"name":"","kind":"park","road":"","osm":1290126026},"geometry":{"type":"Polygon","coordinates":[[[-8.54424,42.87657],[-8.54418,42.87657],[-8.54421,42.87666],[-8.54423,42.87666],[-8.54424,42.87657]]]}},{"type":"Feature","properties":{"name":"","kind":"park","road":"","osm":1290126027},"geometry":{"type":"Polygon","coordinates":[[[-8.54448,42.87653],[-8.54436,42.87655],[-8.5444,42.8767],[-8.54446,42.87669],[-8.54448,42.87666],[-8.54448,42.87653]]]}},{"type":"Feature","properties":{"name":"Avenida de Lugo","kind":"road","road":"trunk","osm":1293300389},"geometry":{"type":"LineString","coordinates":[[-8.53515,42.87589],[-8.53457,42.87665]]}},{"type":"Feature","properties":{"name":"Avenida de Antonio Fraguas","kind":"road","road":"trunk","osm":1293650730},"geometry":{"type":"LineString","coordinates":[[-8.5501,42.86964],[-8.55039,42.86958]]}},{"type":"Feature","properties":{"name":"","kind":"park","road":"","osm":1299194075},"geometry":{"type":"Polygon","coordinates":[[[-8.54759,42.87807],[-8.54761,42.87818],[-8.54762,42.87818],[-8.54771,42.87817],[-8.54759,42.87807]]]}},{"type":"Feature","properties":{"name":"","kind":"road","road":"pedestrian","osm":1307536333},"geometry":{"type":"LineString","coordinates":[[-8.53807,42.88229],[-8.5381,42.88228],[-8.53809,42.88225],[-8.53804,42.88225],[-8.53799,42.88209],[-8.53805,42.88208],[-8.53827,42.88206],[-8.53832,42.88211],[-8.53854,42.88212],[-8.53848,42.88239],[-8.53836,42.88238],[-8.53831,42.88241],[-8.53824,42.88241],[-8.53817,42.88245],[-8.53815,42.88245],[-8.53813,42.88246],[-8.53807,42.88229]]}},{"type":"Feature","properties":{"name":"Rúa do Proxecto Vagalume","kind":"road","road":"pedestrian","osm":1307847500},"geometry":{"type":"LineString","coordinates":[[-8.5359,42.88481],[-8.53602,42.88442]]}},{"type":"Feature","properties":{"name":"Rúa de Sar","kind":"road","road":"tertiary","osm":1313576958},"geometry":{"type":"LineString","coordinates":[[-8.53905,42.87507],[-8.53887,42.87469],[-8.5388,42.87457],[-8.53869,42.8744],[-8.53863,42.87431]]}},{"type":"Feature","properties":{"name":"Rúa de Sar","kind":"road","road":"tertiary","osm":1313576959},"geometry":{"type":"LineString","coordinates":[[-8.53749,42.87336],[-8.5374,42.87334],[-8.53731,42.87331],[-8.53726,42.87329],[-8.53715,42.87326],[-8.53703,42.87322],[-8.53688,42.87318]]}},{"type":"Feature","properties":{"name":"Rúa do Pombal","kind":"road","road":"tertiary","osm":1313962606},"geometry":{"type":"LineString","coordinates":[[-8.54951,42.88003],[-8.54954,42.8801],[-8.54955,42.88014],[-8.54955,42.88018]]}},{"type":"Feature","properties":{"name":"","kind":"park","road":"","osm":1314858603},"geometry":{"type":"Polygon","coordinates":[[[-8.54552,42.88315],[-8.54545,42.88311],[-8.54543,42.88313],[-8.54551,42.88317],[-8.54552,42.88317],[-8.54552,42.88315]]]}},{"type":"Feature","properties":{"name":"","kind":"park","road":"","osm":1314858604},"geometry":{"type":"Polygon","coordinates":[[[-8.54541,42.88312],[-8.54543,42.8831],[-8.5454,42.88308],[-8.54537,42.88308],[-8.54536,42.88311],[-8.54539,42.88311],[-8.54541,42.88312]]]}},{"type":"Feature","properties":{"name":"","kind":"park","road":"","osm":1314858605},"geometry":{"type":"Polygon","coordinates":[[[-8.54533,42.88311],[-8.54533,42.88308],[-8.5453,42.88308],[-8.5453,42.88309],[-8.5453,42.88311],[-8.54533,42.88311]]]}},{"type":"Feature","properties":{"name":"","kind":"park","road":"","osm":1314858606},"geometry":{"type":"Polygon","coordinates":[[[-8.54528,42.88311],[-8.54528,42.88308],[-8.54525,42.88308],[-8.54525,42.88311],[-8.54528,42.88311]]]}},{"type":"Feature","properties":{"name":"","kind":"park","road":"","osm":1314858607},"geometry":{"type":"Polygon","coordinates":[[[-8.54523,42.8831],[-8.54523,42.88308],[-8.54519,42.88307],[-8.54517,42.88309],[-8.54518,42.8831],[-8.54523,42.8831]]]}},{"type":"Feature","properties":{"name":"Rúa da Algalia de Arriba","kind":"road","road":"pedestrian","osm":1315714582},"geometry":{"type":"LineString","coordinates":[[-8.54217,42.883],[-8.54216,42.88304],[-8.54215,42.88309]]}},{"type":"Feature","properties":{"name":"","kind":"park","road":"","osm":1315900373},"geometry":{"type":"Polygon","coordinates":[[[-8.54382,42.88321],[-8.54383,42.88315],[-8.54362,42.88312],[-8.54359,42.88325],[-8.54366,42.88324],[-8.54382,42.88321]]]}},{"type":"Feature","properties":{"name":"","kind":"park","road":"","osm":1315900374},"geometry":{"type":"Polygon","coordinates":[[[-8.54143,42.88225],[-8.54147,42.88215],[-8.54121,42.88209],[-8.54122,42.88205],[-8.54115,42.88204],[-8.54114,42.88207],[-8.54107,42.88207],[-8.54099,42.88207],[-8.54101,42.88213],[-8.54101,42.88216],[-8.54102,42.88224],[-8.54109,42.88224],[-8.54116,42.88223],[-8.54123,42.88224],[-8.5413,42.88225],[-8.54131,42.88223],[-8.54143,42.88225]]]}},{"type":"Feature","properties":{"name":"","kind":"park","road":"","osm":1315900375},"geometry":{"type":"Polygon","coordinates":[[[-8.54296,42.88167],[-8.54296,42.88163],[-8.5429,42.88159],[-8.5429,42.88158],[-8.54277,42.88162],[-8.54282,42.88168],[-8.54286,42.8817],[-8.5429,42.8817],[-8.54294,42.8817],[-8.54293,42.88169],[-8.54297,42.88169],[-8.54296,42.88167]]]}},{"type":"Feature","properties":{"name":"","kind":"park","road":"","osm":1315900376},"geometry":{"type":"Polygon","coordinates":[[[-8.5429,42.88158],[-8.54285,42.88146],[-8.54276,42.88148],[-8.54273,42.88155],[-8.54272,42.88156],[-8.54273,42.88157],[-8.54277,42.88162],[-8.5429,42.88158]]]}},{"type":"Feature","properties":{"name":"","kind":"park","road":"","osm":1315900377},"geometry":{"type":"Polygon","coordinates":[[[-8.54335,42.88173],[-8.54333,42.88171],[-8.54331,42.88168],[-8.5433,42.88167],[-8.54318,42.88169],[-8.54321,42.88176],[-8.54321,42.88182],[-8.54331,42.8818],[-8.54329,42.88175],[-8.54335,42.88173]]]}},{"type":"Feature","properties":{"name":"","kind":"park","road":"","osm":1315900378},"geometry":{"type":"Polygon","coordinates":[[[-8.542,42.87813],[-8.542,42.87814],[-8.54201,42.87814],[-8.54197,42.87809],[-8.54192,42.87811],[-8.5419,42.87808],[-8.54176,42.87811],[-8.54165,42.87817],[-8.542,42.87813]]]}},{"type":"Feature","properties":{"name":"","kind":"park","road":"","osm":1319249602},"geometry":{"type":"Polygon","coordinates":[[[-8.54213,42.87696],[-8.54212,42.87695],[-8.5421,42.87696],[-8.54211,42.87697],[-8.54213,42.87696]]]}},{"type":"Feature","properties":{"name":"","kind":"park","road":"","osm":1319249603},"geometry":{"type":"Polygon","coordinates":[[[-8.54203,42.87695],[-8.54202,42.87694],[-8.54199,42.87695],[-8.542,42.87696],[-8.54203,42.87695]]]}},{"type":"Feature","properties":{"name":"","kind":"park","road":"","osm":1319249604},"geometry":{"type":"Polygon","coordinates":[[[-8.54236,42.87741],[-8.54234,42.8774],[-8.54232,42.87741],[-8.54233,42.87742],[-8.54236,42.87741]]]}},{"type":"Feature","properties":{"name":"Rúa da Ensinanza","kind":"road","road":"tertiary","osm":1329560238},"geometry":{"type":"LineString","coordinates":[[-8.54136,42.87843],[-8.54125,42.87866]]}},{"type":"Feature","properties":{"name":"","kind":"road","road":"pedestrian","osm":1332487449},"geometry":{"type":"LineString","coordinates":[[-8.54407,42.88022],[-8.54414,42.88021],[-8.54416,42.8802]]}},{"type":"Feature","properties":{"name":"Praza das Praterías","kind":"road","road":"pedestrian","osm":1332487450},"geometry":{"type":"LineString","coordinates":[[-8.54418,42.88013],[-8.5442,42.88007],[-8.54426,42.87985]]}},{"type":"Feature","properties":{"name":"","kind":"park","road":"","osm":1333243974},"geometry":{"type":"Polygon","coordinates":[[[-8.54043,42.88094],[-8.5404,42.88093],[-8.54038,42.88097],[-8.54041,42.88098],[-8.54043,42.88094]]]}},{"type":"Feature","properties":{"name":"","kind":"park","road":"","osm":1333243975},"geometry":{"type":"Polygon","coordinates":[[[-8.54039,42.88102],[-8.54037,42.88101],[-8.54025,42.88128],[-8.54026,42.88132],[-8.54026,42.88133],[-8.54039,42.88102]]]}},{"type":"Feature","properties":{"name":"","kind":"park","road":"","osm":1333243976},"geometry":{"type":"Polygon","coordinates":[[[-8.54061,42.88058],[-8.54058,42.88057],[-8.54043,42.88087],[-8.54046,42.88088],[-8.54061,42.88058]]]}},{"type":"Feature","properties":{"name":"Praza de San Miguel dos Agros","kind":"road","road":"pedestrian","osm":1334528478},"geometry":{"type":"LineString","coordinates":[[-8.54297,42.88211],[-8.54305,42.88215],[-8.54317,42.88214],[-8.54344,42.88213]]}},{"type":"Feature","properties":{"name":"Ruela de Xerusalén","kind":"road","road":"pedestrian","osm":1334528479},"geometry":{"type":"LineString","coordinates":[[-8.54317,42.88209],[-8.54317,42.88214]]}},{"type":"Feature","properties":{"name":"Rúa da Fonte de San Miguel","kind":"road","road":"pedestrian","osm":1334528480},"geometry":{"type":"LineString","coordinates":[[-8.54343,42.88265],[-8.54347,42.88246]]}},{"type":"Feature","properties":{"name":"Praza de San Martiño Pinario","kind":"road","road":"pedestrian","osm":1334528481},"geometry":{"type":"LineString","coordinates":[[-8.54348,42.88213],[-8.54371,42.8821],[-8.54372,42.88209]]}},{"type":"Feature","properties":{"name":"Praza de San Martiño Pinario","kind":"road","road":"pedestrian","osm":1334528482},"geometry":{"type":"LineString","coordinates":[[-8.54344,42.88213],[-8.54348,42.88213]]}},{"type":"Feature","properties":{"name":"Avenida de Xoán XXIII","kind":"road","road":"tertiary","osm":1362046494},"geometry":{"type":"LineString","coordinates":[[-8.53774,42.88834],[-8.53759,42.88832],[-8.53753,42.88832],[-8.53747,42.88832],[-8.53735,42.88834],[-8.53725,42.88836],[-8.53703,42.88843]]}},{"type":"Feature","properties":{"name":"Avenida de Xoán XXIII","kind":"road","road":"tertiary","osm":1362046495},"geometry":{"type":"LineString","coordinates":[[-8.53707,42.8885],[-8.53725,42.88843],[-8.53735,42.8884],[-8.53745,42.88838],[-8.5376,42.88836],[-8.53774,42.88834]]}},{"type":"Feature","properties":{"name":"","kind":"park","road":"","osm":1363307054},"geometry":{"type":"Polygon","coordinates":[[[-8.55775,42.877],[-8.55774,42.87697],[-8.5577,42.87697],[-8.5577,42.87701],[-8.55775,42.877]]]}},{"type":"Feature","properties":{"name":"Rúa de San Clemente","kind":"road","road":"tertiary","osm":1366242956},"geometry":{"type":"LineString","coordinates":[[-8.54701,42.8775],[-8.54706,42.8775],[-8.54709,42.8775],[-8.54713,42.87751],[-8.54717,42.87753],[-8.5472,42.87754],[-8.54745,42.87772]]}},{"type":"Feature","properties":{"name":"","kind":"park","road":"","osm":1366976564},"geometry":{"type":"Polygon","coordinates":[[[-8.54327,42.88331],[-8.54324,42.88332],[-8.54321,42.88341],[-8.54329,42.8834],[-8.54327,42.88331]]]}},{"type":"Feature","properties":{"name":"","kind":"park","road":"","osm":1368450258},"geometry":{"type":"Polygon","coordinates":[[[-8.55664,42.87159],[-8.55667,42.87158],[-8.55669,42.87157],[-8.5567,42.87156],[-8.55669,42.87155],[-8.55667,42.87155],[-8.55662,42.87158],[-8.55664,42.87159]]]}},{"type":"Feature","properties":{"name":"Rúa do Pombal","kind":"road","road":"tertiary","osm":1372632541},"geometry":{"type":"LineString","coordinates":[[-8.54745,42.87772],[-8.54755,42.87779],[-8.54762,42.87785],[-8.54793,42.87812],[-8.54797,42.87815]]}},{"type":"Feature","properties":{"name":"","kind":"park","road":"","osm":1375857803},"geometry":{"type":"Polygon","coordinates":[[[-8.54189,42.88351],[-8.54174,42.8835],[-8.54174,42.88353],[-8.54166,42.88353],[-8.54167,42.88348],[-8.54165,42.88347],[-8.54163,42.88344],[-8.54163,42.88341],[-8.54164,42.88339],[-8.54156,42.88337],[-8.54153,42.88344],[-8.54151,42.88347],[-8.54157,42.88349],[-8.54156,42.88353],[-8.54183,42.8836],[-8.54189,42.88351]]]}},{"type":"Feature","properties":{"name":"Rúa do Hórreo","kind":"road","road":"secondary","osm":1394049369},"geometry":{"type":"LineString","coordinates":[[-8.54697,42.87017],[-8.54677,42.87025],[-8.54668,42.87029],[-8.54662,42.87031],[-8.54657,42.87033]]}},{"type":"Feature","properties":{"name":"Rúa do Hórreo","kind":"road","road":"tertiary","osm":1394049370},"geometry":{"type":"LineString","coordinates":[[-8.54474,42.87231],[-8.54474,42.87223],[-8.54475,42.87218],[-8.54475,42.87213],[-8.54477,42.87207]]}},{"type":"Feature","properties":{"name":"Rúa do Hórreo","kind":"road","road":"tertiary","osm":1394049371},"geometry":{"type":"LineString","coordinates":[[-8.54474,42.87248],[-8.54474,42.87238],[-8.54474,42.87231]]}},{"type":"Feature","properties":{"name":"Avenida de Ferrol","kind":"road","road":"tertiary","osm":1412267322},"geometry":{"type":"LineString","coordinates":[[-8.5544,42.86967],[-8.55439,42.86971],[-8.5543,42.87012],[-8.55426,42.8703],[-8.55424,42.87036],[-8.55423,42.87039],[-8.55422,42.87042],[-8.5542,42.87045],[-8.55417,42.87047],[-8.55233,42.87185]]}},{"type":"Feature","properties":{"name":"Avenida de Ferrol","kind":"road","road":"tertiary","osm":1412267323},"geometry":{"type":"LineString","coordinates":[[-8.55458,42.8687],[-8.55453,42.86896],[-8.5544,42.86967]]}},{"type":"Feature","properties":{"name":"","kind":"water","road":"","osm":1413023430},"geometry":{"type":"Polygon","coordinates":[[[-8.5503,42.87668],[-8.55031,42.87667],[-8.55032,42.87666],[-8.55032,42.87665],[-8.55031,42.87664],[-8.5503,42.87664],[-8.55029,42.87665],[-8.55029,42.87666],[-8.55029,42.87667],[-8.5503,42.87668]]]}},{"type":"Feature","properties":{"name":"Rúa das Galeras","kind":"road","road":"secondary","osm":1426023687},"geometry":{"type":"LineString","coordinates":[[-8.54955,42.88052],[-8.54953,42.88055],[-8.54951,42.8806]]}},{"type":"Feature","properties":{"name":"","kind":"road","road":"secondary","osm":1449885477},"geometry":{"type":"LineString","coordinates":[[-8.53945,42.87291],[-8.53943,42.87291]]}},{"type":"Feature","properties":{"name":"","kind":"road","road":"secondary","osm":1449885478},"geometry":{"type":"LineString","coordinates":[[-8.53943,42.87291],[-8.53936,42.87291],[-8.5393,42.87291],[-8.53925,42.87293]]}},{"type":"Feature","properties":{"name":"","kind":"road","road":"secondary","osm":1449885479},"geometry":{"type":"LineString","coordinates":[[-8.53925,42.87293],[-8.53921,42.87296],[-8.53917,42.87299]]}},{"type":"Feature","properties":{"name":"","kind":"road","road":"secondary","osm":1449885480},"geometry":{"type":"LineString","coordinates":[[-8.53917,42.87299],[-8.53915,42.87302],[-8.53914,42.87304],[-8.53914,42.87307],[-8.53914,42.8731],[-8.53915,42.87313],[-8.53916,42.87316],[-8.53918,42.87319],[-8.53921,42.87321],[-8.53924,42.87322],[-8.53928,42.87324]]}},{"type":"Feature","properties":{"name":"","kind":"road","road":"secondary","osm":1449885481},"geometry":{"type":"LineString","coordinates":[[-8.53928,42.87324],[-8.53932,42.87325],[-8.53934,42.87325]]}},{"type":"Feature","properties":{"name":"","kind":"road","road":"secondary","osm":1449885482},"geometry":{"type":"LineString","coordinates":[[-8.53934,42.87325],[-8.53938,42.87326],[-8.53942,42.87325],[-8.53948,42.87324],[-8.53953,42.87321]]}},{"type":"Feature","properties":{"name":"","kind":"road","road":"secondary","osm":1449885483},"geometry":{"type":"LineString","coordinates":[[-8.53953,42.87321],[-8.53955,42.8732],[-8.53956,42.87319]]}},{"type":"Feature","properties":{"name":"","kind":"road","road":"secondary","osm":1449885484},"geometry":{"type":"LineString","coordinates":[[-8.53956,42.87319],[-8.53959,42.87317],[-8.5396,42.87314],[-8.53961,42.87311],[-8.53962,42.87309]]}},{"type":"Feature","properties":{"name":"","kind":"park","road":"","osm":1479837890},"geometry":{"type":"Polygon","coordinates":[[[-8.55188,42.87831],[-8.55188,42.8783],[-8.55186,42.87829],[-8.55183,42.87828],[-8.55181,42.87827],[-8.5518,42.87827],[-8.5518,42.8783],[-8.55181,42.8783],[-8.55182,42.87831],[-8.55183,42.87831],[-8.55188,42.87831]]]}},{"type":"Feature","properties":{"name":"","kind":"park","road":"","osm":1479837891},"geometry":{"type":"Polygon","coordinates":[[[-8.55176,42.8783],[-8.55176,42.87827],[-8.55174,42.87828],[-8.55172,42.87829],[-8.5517,42.8783],[-8.55169,42.87831],[-8.55168,42.87832],[-8.55174,42.87832],[-8.55174,42.87831],[-8.55175,42.8783],[-8.55176,42.8783]]]}},{"type":"Feature","properties":{"name":"","kind":"park","road":"","osm":1479837892},"geometry":{"type":"Polygon","coordinates":[[[-8.55174,42.87835],[-8.55168,42.87835],[-8.55169,42.87836],[-8.55172,42.87838],[-8.55173,42.87838],[-8.55175,42.87839],[-8.55177,42.87839],[-8.55177,42.87837],[-8.55176,42.87837],[-8.55175,42.87836],[-8.55174,42.87835]]]}},{"type":"Feature","properties":{"name":"","kind":"park","road":"","osm":1479837893},"geometry":{"type":"Polygon","coordinates":[[[-8.55183,42.87834],[-8.55189,42.87834],[-8.55188,42.87835],[-8.55186,42.87837],[-8.55183,42.87838],[-8.55181,42.87839],[-8.55181,42.87837],[-8.55182,42.87836],[-8.55183,42.87835],[-8.55183,42.87834]]]}},{"type":"Feature","properties":{"name":"Rúa de Clara Campoamor","kind":"road","road":"secondary","osm":1481149770},"geometry":{"type":"LineString","coordinates":[[-8.54437,42.86921],[-8.54434,42.86924],[-8.54428,42.8693],[-8.54422,42.86936],[-8.54415,42.8694],[-8.54408,42.86945],[-8.54399,42.86949],[-8.54328,42.86978],[-8.54319,42.86983],[-8.5431,42.86988],[-8.543,42.86993]]}},{"type":"Feature","properties":{"name":"","kind":"park","road":"","osm":1495115277},"geometry":{"type":"Polygon","coordinates":[[[-8.55337,42.88095],[-8.5535,42.88078],[-8.55397,42.88097],[-8.55397,42.88099],[-8.55392,42.88107],[-8.55388,42.88106],[-8.5535,42.88099],[-8.55337,42.88095]]]}},{"type":"Feature","properties":{"name":"","kind":"park","road":"","osm":1495115279},"geometry":{"type":"Polygon","coordinates":[[[-8.55418,42.88025],[-8.55403,42.88049],[-8.55369,42.88058],[-8.55366,42.88054],[-8.55401,42.88045],[-8.55399,42.88041],[-8.55393,42.88028],[-8.55387,42.88017],[-8.55369,42.88022],[-8.55364,42.88013],[-8.55338,42.8802],[-8.55335,42.88022],[-8.55334,42.88023],[-8.55332,42.88026],[-8.55329,42.88028],[-8.55325,42.8803],[-8.55319,42.88035],[-8.55304,42.88042],[-8.55297,42.88046],[-8.55297,42.88038],[-8.55297,42.88019],[-8.55299,42.88012],[-8.55304,42.88005],[-8.55312,42.87993],[-8.55418,42.88025]]]}},{"type":"Feature","properties":{"name":"","kind":"park","road":"","osm":1495115281},"geometry":{"type":"Polygon","coordinates":[[[-8.55418,42.88025],[-8.55482,42.88044],[-8.55485,42.88052],[-8.55486,42.88059],[-8.55488,42.88068],[-8.55487,42.88069],[-8.55486,42.88071],[-8.55485,42.88073],[-8.55481,42.88075],[-8.55476,42.88078],[-8.55474,42.88079],[-8.55473,42.88081],[-8.55467,42.8809],[-8.55456,42.88106],[-8.55449,42.88103],[-8.55442,42.88113],[-8.55437,42.88119],[-8.55435,42.8812],[-8.55432,42.88121],[-8.5541,42.88113],[-8.55416,42.88106],[-8.55418,42.88107],[-8.55424,42.88098],[-8.55415,42.88094],[-8.55421,42.88086],[-8.55414,42.88083],[-8.55418,42.88077],[-8.55372,42.88059],[-8.55369,42.88058],[-8.55403,42.88049],[-8.55418,42.88025]]]}},{"type":"Feature","properties":{"name":"","kind":"park","road":"","osm":1495115283},"geometry":{"type":"Polygon","coordinates":[[[-8.55333,42.88047],[-8.55327,42.88044],[-8.55324,42.88043],[-8.55321,42.88042],[-8.55317,42.88042],[-8.55314,42.88043],[-8.55305,42.88048],[-8.5531,42.88051],[-8.5532,42.88055],[-8.55327,42.88048],[-8.55328,42.88047],[-8.5533,42.88047],[-8.55333,42.88047]]]}},{"type":"Feature","properties":{"name":"","kind":"park","road":"","osm":1495115284},"geometry":{"type":"Polygon","coordinates":[[[-8.55283,42.88083],[-8.55288,42.88073],[-8.55269,42.88068],[-8.55268,42.88071],[-8.55283,42.88083]]]}},{"type":"Feature","properties":{"name":"","kind":"park","road":"","osm":1495115285},"geometry":{"type":"Polygon","coordinates":[[[-8.55291,42.88066],[-8.55295,42.88059],[-8.5531,42.88051],[-8.55305,42.88048],[-8.55279,42.88063],[-8.55291,42.88066]]]}},{"type":"Feature","properties":{"name":"Rúa de Anxo Casal","kind":"road","road":"tertiary","osm":1506164587},"geometry":{"type":"LineString","coordinates":[[-8.53436,42.88774],[-8.5344,42.88775],[-8.53443,42.88775],[-8.53446,42.88774]]}},{"type":"Feature","properties":{"name":"Rúa de Santa Marta de Arriba","kind":"road","road":"tertiary","osm":1509523798},"geometry":{"type":"LineString","coordinates":[[-8.55948,42.8695],[-8.55916,42.86973],[-8.55879,42.86997],[-8.5587,42.87003]]}},{"type":"Feature","properties":{"name":"","kind":"park","road":"","osm":1514090154},"geometry":{"type":"Polygon","coordinates":[[[-8.54528,42.88362],[-8.5453,42.88344],[-8.54554,42.88346],[-8.54552,42.88363],[-8.54528,42.88362]]]}},{"type":"Feature","properties":{"name":"Praza de San Fiz de Solovio","kind":"road","road":"pedestrian","osm":1536782476},"geometry":{"type":"LineString","coordinates":[[-8.54179,42.8793],[-8.54179,42.87938],[-8.54171,42.87961],[-8.54169,42.87966]]}},{"type":"Feature","properties":{"name":"Rúa de Altamira","kind":"road","road":"pedestrian","osm":1543182911},"geometry":{"type":"LineString","coordinates":[[-8.54158,42.88062],[-8.54152,42.88074]]}},{"type":"Feature","properties":{"name":"","kind":"park","road":"","osm":1543301595},"geometry":{"type":"Polygon","coordinates":[[[-8.53918,42.8757],[-8.5392,42.87576],[-8.53906,42.87578],[-8.53907,42.87576],[-8.53912,42.87575],[-8.53911,42.87571],[-8.53915,42.8757],[-8.53918,42.8757]]]}},{"type":"Feature","properties":{"name":"","kind":"park","road":"","osm":1543301596},"geometry":{"type":"Polygon","coordinates":[[[-8.53926,42.8758],[-8.53926,42.87579],[-8.53925,42.87575],[-8.53923,42.87576],[-8.5392,42.87576],[-8.53906,42.87578],[-8.53905,42.87583],[-8.5391,42.87582],[-8.53926,42.8758]]]}},{"type":"Feature","properties":{"name":"","kind":"park","road":"","osm":1543301597},"geometry":{"type":"Polygon","coordinates":[[[-8.53926,42.8758],[-8.53929,42.87586],[-8.53927,42.87586],[-8.53917,42.87588],[-8.53905,42.87589],[-8.53905,42.87588],[-8.53911,42.87587],[-8.5391,42.87582],[-8.53926,42.8758]]]}},{"type":"Feature","properties":{"name":"","kind":"park","road":"","osm":1543301598},"geometry":{"type":"Polygon","coordinates":[[[-8.5392,42.87598],[-8.53905,42.87599],[-8.53905,42.87589],[-8.53917,42.87588],[-8.5392,42.87598]]]}},{"type":"Feature","properties":{"name":"","kind":"park","road":"","osm":1543301599},"geometry":{"type":"Polygon","coordinates":[[[-8.53943,42.87606],[-8.53939,42.87607],[-8.53931,42.87607],[-8.53927,42.87608],[-8.53901,42.8761],[-8.539,42.8761],[-8.539,42.87605],[-8.53903,42.87605],[-8.53939,42.87602],[-8.53941,42.87602],[-8.53943,42.87606]]]}},{"type":"Feature","properties":{"name":"","kind":"park","road":"","osm":1543301601},"geometry":{"type":"Polygon","coordinates":[[[-8.53939,42.87602],[-8.53939,42.87601],[-8.5394,42.87601],[-8.53939,42.876],[-8.53937,42.876],[-8.53937,42.87601],[-8.5393,42.87602],[-8.53929,42.876],[-8.53928,42.87597],[-8.5392,42.87598],[-8.53905,42.87599],[-8.53903,42.87605],[-8.53939,42.87602]]]}},{"type":"Feature","properties":{"name":"","kind":"park","road":"","osm":1543301603},"geometry":{"type":"Polygon","coordinates":[[[-8.53902,42.87615],[-8.53901,42.8761],[-8.53927,42.87608],[-8.53928,42.87613],[-8.53902,42.87615]]]}},{"type":"Feature","properties":{"name":"","kind":"park","road":"","osm":1543301605},"geometry":{"type":"Polygon","coordinates":[[[-8.53939,42.87624],[-8.53939,42.8762],[-8.53934,42.87621],[-8.53933,42.87618],[-8.5393,42.87618],[-8.53896,42.87619],[-8.53896,42.87624],[-8.53902,42.87624],[-8.53938,42.87624],[-8.53939,42.87624]]]}},{"type":"Feature","properties":{"name":"","kind":"park","road":"","osm":1543301607},"geometry":{"type":"Polygon","coordinates":[[[-8.5393,42.87613],[-8.5393,42.87618],[-8.53896,42.87619],[-8.53897,42.87615],[-8.53902,42.87615],[-8.53928,42.87613],[-8.5393,42.87613]]]}},{"type":"Feature","properties":{"name":"","kind":"park","road":"","osm":1543301613},"geometry":{"type":"Polygon","coordinates":[[[-8.53946,42.87641],[-8.53945,42.87635],[-8.53942,42.87635],[-8.53937,42.87634],[-8.53901,42.87632],[-8.539,42.87632],[-8.53895,42.87632],[-8.53895,42.87635],[-8.53899,42.87636],[-8.53901,42.87636],[-8.53946,42.87641]]]}},{"type":"Feature","properties":{"name":"","kind":"park","road":"","osm":1543301614},"geometry":{"type":"Polygon","coordinates":[[[-8.53954,42.87642],[-8.53952,42.87641],[-8.53901,42.87636],[-8.53899,42.87641],[-8.53929,42.87644],[-8.53933,42.87645],[-8.53938,42.87645],[-8.53945,42.87646],[-8.53953,42.87647],[-8.53954,42.87647],[-8.53955,42.87647],[-8.53954,42.87642]]]}},{"type":"Feature","properties":{"name":"","kind":"park","road":"","osm":1543301616},"geometry":{"type":"Polygon","coordinates":[[[-8.53938,42.87629],[-8.53938,42.87624],[-8.53902,42.87624],[-8.53902,42.87628],[-8.53937,42.87629],[-8.53938,42.87629]]]}},{"type":"Feature","properties":{"name":"","kind":"park","road":"","osm":1543301617},"geometry":{"type":"Polygon","coordinates":[[[-8.53937,42.87629],[-8.53937,42.87634],[-8.53901,42.87632],[-8.53901,42.87628],[-8.53902,42.87628],[-8.53937,42.87629]]]}},{"type":"Feature","properties":{"name":"","kind":"park","road":"","osm":1543301618},"geometry":{"type":"Polygon","coordinates":[[[-8.53946,42.87649],[-8.53938,42.87648],[-8.539,42.87644],[-8.53899,42.87646],[-8.53945,42.87652],[-8.53946,42.87652],[-8.53946,42.87649]]]}},{"type":"Feature","properties":{"name":"","kind":"park","road":"","osm":1543301619},"geometry":{"type":"Polygon","coordinates":[[[-8.53938,42.87648],[-8.53938,42.87645],[-8.53933,42.87645],[-8.53929,42.87644],[-8.53899,42.87641],[-8.53895,42.8764],[-8.53895,42.87641],[-8.53899,42.87642],[-8.53898,42.87644],[-8.539,42.87644],[-8.53938,42.87648]]]}},{"type":"Feature","properties":{"name":"","kind":"park","road":"","osm":1543301625},"geometry":{"type":"Polygon","coordinates":[[[-8.53904,42.87569],[-8.53904,42.87565],[-8.53904,42.87563],[-8.53906,42.87557],[-8.53898,42.87558],[-8.53884,42.87559],[-8.53885,42.87566],[-8.53885,42.87568],[-8.53886,42.87572],[-8.53901,42.8757],[-8.53904,42.87569]]]}},{"type":"Feature","properties":{"name":"","kind":"park","road":"","osm":1543301639},"geometry":{"type":"Polygon","coordinates":[[[-8.53785,42.87871],[-8.53763,42.87869],[-8.53762,42.87869],[-8.53759,42.87878],[-8.53758,42.87878],[-8.53759,42.87878],[-8.53784,42.87881],[-8.53785,42.87871]]]}},{"type":"Feature","properties":{"name":"","kind":"park","road":"","osm":1543301640},"geometry":{"type":"Polygon","coordinates":[[[-8.53759,42.87878],[-8.53758,42.87885],[-8.53783,42.87887],[-8.53784,42.87881],[-8.53759,42.87878]]]}},{"type":"Feature","properties":{"name":"","kind":"park","road":"","osm":1543301641},"geometry":{"type":"Polygon","coordinates":[[[-8.53783,42.87894],[-8.53758,42.87891],[-8.53755,42.87891],[-8.53756,42.87884],[-8.53758,42.87885],[-8.53783,42.87887],[-8.53783,42.87894]]]}},{"type":"Feature","properties":{"name":"","kind":"park","road":"","osm":1543301642},"geometry":{"type":"Polygon","coordinates":[[[-8.53782,42.87902],[-8.53756,42.87899],[-8.53758,42.87891],[-8.53783,42.87894],[-8.53782,42.87902]]]}},{"type":"Feature","properties":{"name":"","kind":"park","road":"","osm":1543301643},"geometry":{"type":"Polygon","coordinates":[[[-8.53752,42.87864],[-8.53754,42.87859],[-8.53765,42.87846],[-8.53775,42.87841],[-8.53803,42.87843],[-8.538,42.87856],[-8.53797,42.87872],[-8.53789,42.87871],[-8.53785,42.87871],[-8.53763,42.87869],[-8.53763,42.87867],[-8.53758,42.87867],[-8.53758,42.87864],[-8.53752,42.87864]]]}},{"type":"Feature","properties":{"name":"","kind":"park","road":"","osm":1543301695},"geometry":{"type":"Polygon","coordinates":[[[-8.53856,42.87465],[-8.5386,42.87471],[-8.53844,42.87475],[-8.53842,42.87469],[-8.53856,42.87465]]]}},{"type":"Feature","properties":{"name":"","kind":"park","road":"","osm":1543301700},"geometry":{"type":"Polygon","coordinates":[[[-8.53881,42.87502],[-8.53883,42.87507],[-8.53878,42.87508],[-8.53862,42.87512],[-8.53861,42.87507],[-8.53874,42.87504],[-8.53876,42.87504],[-8.53881,42.87502]]]}},{"type":"Feature","properties":{"name":"","kind":"park","road":"","osm":1543301701},"geometry":{"type":"Polygon","coordinates":[[[-8.53859,42.87504],[-8.53864,42.87503],[-8.53873,42.87501],[-8.53874,42.87504],[-8.53861,42.87507],[-8.53859,42.87504]]]}},{"type":"Feature","properties":{"name":"","kind":"park","road":"","osm":1543301702},"geometry":{"type":"Polygon","coordinates":[[[-8.53856,42.87498],[-8.53866,42.87496],[-8.53871,42.87495],[-8.53874,42.87501],[-8.53873,42.87501],[-8.53864,42.87503],[-8.53863,42.875],[-8.53858,42.87501],[-8.53856,42.87498]]]}},{"type":"Feature","properties":{"name":"","kind":"park","road":"","osm":1543301704},"geometry":{"type":"Polygon","coordinates":[[[-8.53846,42.87478],[-8.53849,42.87484],[-8.53852,42.87483],[-8.53851,42.87477],[-8.53846,42.87478]]]}},{"type":"Feature","properties":{"name":"","kind":"park","road":"","osm":1543301707},"geometry":{"type":"Polygon","coordinates":[[[-8.53871,42.87468],[-8.5386,42.87471],[-8.53844,42.87475],[-8.53846,42.87478],[-8.53851,42.87477],[-8.53861,42.87476],[-8.53869,42.87474],[-8.53868,42.87471],[-8.53872,42.8747],[-8.53871,42.87468]]]}},{"type":"Feature","properties":{"name":"","kind":"park","road":"","osm":1543301709},"geometry":{"type":"Polygon","coordinates":[[[-8.53849,42.87484],[-8.53853,42.8749],[-8.53863,42.87488],[-8.53868,42.87488],[-8.53868,42.87487],[-8.53873,42.87486],[-8.53871,42.87481],[-8.53863,42.87482],[-8.53852,42.87483],[-8.53849,42.87484]]]}},{"type":"Feature","properties":{"name":"","kind":"park","road":"","osm":1543301710},"geometry":{"type":"Polygon","coordinates":[[[-8.53867,42.87541],[-8.53865,42.87533],[-8.53883,42.87531],[-8.53884,42.87536],[-8.53881,42.87537],[-8.53867,42.87542],[-8.53867,42.87541]]]}},{"type":"Feature","properties":{"name":"","kind":"park","road":"","osm":1543301711},"geometry":{"type":"Polygon","coordinates":[[[-8.53865,42.87533],[-8.53864,42.87529],[-8.5388,42.87527],[-8.53888,42.87525],[-8.5389,42.87529],[-8.53883,42.87531],[-8.53865,42.87533]]]}},{"type":"Feature","properties":{"name":"","kind":"park","road":"","osm":1543301712},"geometry":{"type":"Polygon","coordinates":[[[-8.5386,42.87512],[-8.53862,42.87512],[-8.53878,42.87508],[-8.5388,42.87513],[-8.53861,42.87517],[-8.5386,42.87512]]]}},{"type":"Feature","properties":{"name":"","kind":"park","road":"","osm":1543301713},"geometry":{"type":"Polygon","coordinates":[[[-8.53886,42.87515],[-8.53885,42.87512],[-8.5388,42.87513],[-8.53861,42.87517],[-8.53863,42.87522],[-8.53875,42.87518],[-8.53884,42.87516],[-8.53886,42.87515]]]}},{"type":"Feature","properties":{"name":"","kind":"park","road":"","osm":1543301714},"geometry":{"type":"Polygon","coordinates":[[[-8.53864,42.87526],[-8.53863,42.87522],[-8.53875,42.87518],[-8.53884,42.87516],[-8.53886,42.8752],[-8.53864,42.87526]]]}},{"type":"Feature","properties":{"name":"","kind":"park","road":"","osm":1543301715},"geometry":{"type":"Polygon","coordinates":[[[-8.53888,42.8752],[-8.53886,42.8752],[-8.53864,42.87526],[-8.53864,42.87529],[-8.5388,42.87527],[-8.53879,42.87522],[-8.53883,42.87522],[-8.53884,42.87524],[-8.53887,42.87524],[-8.53889,42.87523],[-8.53888,42.8752]]]}},{"type":"Feature","properties":{"name":"","kind":"park","road":"","osm":1543352149},"geometry":{"type":"Polygon","coordinates":[[[-8.53848,42.87463],[-8.53844,42.87455],[-8.53843,42.87455],[-8.53834,42.87457],[-8.53823,42.87459],[-8.53791,42.87466],[-8.53792,42.87469],[-8.53822,42.87466],[-8.53823,42.87466],[-8.53848,42.87463]]]}},{"type":"Feature","properties":{"name":"","kind":"park","road":"","osm":1543352150},"geometry":{"type":"Polygon","coordinates":[[[-8.53792,42.87469],[-8.53793,42.87472],[-8.53795,42.87472],[-8.53841,42.87469],[-8.53842,42.87469],[-8.53856,42.87465],[-8.53854,42.87462],[-8.53853,42.87461],[-8.53848,42.87463],[-8.53822,42.87466],[-8.53792,42.87469]]]}},{"type":"Feature","properties":{"name":"","kind":"park","road":"","osm":1543352158},"geometry":{"type":"Polygon","coordinates":[[[-8.53774,42.87426],[-8.53773,42.87423],[-8.53774,42.87422],[-8.53773,42.87419],[-8.53796,42.87415],[-8.53803,42.87414],[-8.53802,42.87413],[-8.53806,42.87413],[-8.53811,42.87418],[-8.53807,42.87419],[-8.53801,42.8742],[-8.53783,42.87424],[-8.53774,42.87426]]]}},{"type":"Feature","properties":{"name":"","kind":"park","road":"","osm":1543352159},"geometry":{"type":"Polygon","coordinates":[[[-8.53816,42.87424],[-8.53815,42.87425],[-8.53813,42.87425],[-8.53808,42.87426],[-8.53786,42.87431],[-8.53776,42.87433],[-8.53778,42.87438],[-8.53782,42.87437],[-8.5381,42.87431],[-8.5382,42.87428],[-8.53816,42.87424]]]}},{"type":"Feature","properties":{"name":"","kind":"park","road":"","osm":1543352174},"geometry":{"type":"Polygon","coordinates":[[[-8.53801,42.87407],[-8.53771,42.87412],[-8.5377,42.87408],[-8.53769,42.874],[-8.53773,42.87399],[-8.53775,42.87399],[-8.53776,42.87399],[-8.53781,42.874],[-8.53785,42.87402],[-8.53792,42.87403],[-8.53797,42.87405],[-8.53801,42.87406],[-8.53801,42.87407]]]}},{"type":"Feature","properties":{"name":"","kind":"park","road":"","osm":1543352176},"geometry":{"type":"Polygon","coordinates":[[[-8.53825,42.87426],[-8.5382,42.87428],[-8.5381,42.87431],[-8.53782,42.87437],[-8.53778,42.87438],[-8.53782,42.87452],[-8.5379,42.8745],[-8.53833,42.87438],[-8.53834,42.87438],[-8.53831,42.87435],[-8.53835,42.87433],[-8.53837,42.87431],[-8.53833,42.87428],[-8.5383,42.8743],[-8.53825,42.87426]]]}},{"type":"Feature","properties":{"name":"","kind":"park","road":"","osm":1546160452},"geometry":{"type":"Polygon","coordinates":[[[-8.55804,42.87916],[-8.55814,42.87915],[-8.55804,42.87898],[-8.5581,42.87895],[-8.55815,42.87891],[-8.55818,42.87889],[-8.55819,42.87889],[-8.55821,42.87889],[-8.55822,42.87893],[-8.5584,42.87891],[-8.55854,42.87895],[-8.55864,42.879],[-8.55861,42.87903],[-8.55871,42.87908],[-8.55856,42.87921],[-8.55842,42.87939],[-8.55838,42.87939],[-8.55836,42.87932],[-8.55834,42.87933],[-8.55834,42.87932],[-8.55833,42.87926],[-8.5582,42.87928],[-8.55808,42.87929],[-8.55804,42.87916]]]}},{"type":"Feature","properties":{"name":"","kind":"road","road":"pedestrian","osm":1557635771},"geometry":{"type":"LineString","coordinates":[[-8.54156,42.88005],[-8.5415,42.88004],[-8.54142,42.88003],[-8.54129,42.88001],[-8.54129,42.88],[-8.54125,42.88003],[-8.54117,42.88001],[-8.54117,42.87998],[-8.54119,42.87994],[-8.54128,42.87996],[-8.54129,42.88]]}}]}