{"bounds":[38.90506,-6.36083,38.92531,-6.32772],"date":"2026-09-18T17:02:30Z","type":"FeatureCollection","features":[{"type":"Feature","properties":{"name":"Avenida de la Hispanidad","kind":"road","road":"primary","osm":24212552},"geometry":{"type":"LineString","coordinates":[[-6.35763,38.91603],[-6.35782,38.91607],[-6.35797,38.91613]]}},{"type":"Feature","properties":{"name":"Avenida de la Hispanidad","kind":"road","road":"primary","osm":24212554},"geometry":{"type":"LineString","coordinates":[[-6.35797,38.91613],[-6.35787,38.91603],[-6.35781,38.91597],[-6.35776,38.91591]]}},{"type":"Feature","properties":{"name":"Avenida de la Hispanidad","kind":"road","road":"primary","osm":24212556},"geometry":{"type":"LineString","coordinates":[[-6.35797,38.91613],[-6.35824,38.91632],[-6.35851,38.91643],[-6.35883,38.91647],[-6.35918,38.91644]]}},{"type":"Feature","properties":{"name":"Puente Romano","kind":"road","road":"pedestrian","osm":25024396},"geometry":{"type":"LineString","coordinates":[[-6.34793,38.91507],[-6.34812,38.91495],[-6.34824,38.91487],[-6.34838,38.91478],[-6.34852,38.9147],[-6.34866,38.91461],[-6.34879,38.91452],[-6.3489,38.91445],[-6.3491,38.91433]]}},{"type":"Feature","properties":{"name":"Puente de Lusitania","kind":"road","road":"primary","osm":25024397},"geometry":{"type":"LineString","coordinates":[[-6.35068,38.91783],[-6.35083,38.91771],[-6.35113,38.91764]]}},{"type":"Feature","properties":{"name":"Puente de Lusitania","kind":"road","road":"primary","osm":25024398},"geometry":{"type":"LineString","coordinates":[[-6.35678,38.9157],[-6.3566,38.91584],[-6.35641,38.9159],[-6.35637,38.91591],[-6.35606,38.91602]]}},{"type":"Feature","properties":{"name":"","kind":"road","road":"primary","osm":25024400},"geometry":{"type":"LineString","coordinates":[[-6.35019,38.9176],[-6.35015,38.91764],[-6.35012,38.9177],[-6.35011,38.91775],[-6.35011,38.9178],[-6.35013,38.91785],[-6.35016,38.9179],[-6.35021,38.91794]]}},{"type":"Feature","properties":{"name":"Paseo de Roma","kind":"road","road":"secondary","osm":25024401},"geometry":{"type":"LineString","coordinates":[[-6.35001,38.91725],[-6.34946,38.91667],[-6.34894,38.91614],[-6.34847,38.91563],[-6.34822,38.91544],[-6.34817,38.91539]]}},{"type":"Feature","properties":{"name":"Avenida Reina Sofía","kind":"road","road":"trunk","osm":31353586},"geometry":{"type":"LineString","coordinates":[[-6.32764,38.9236],[-6.32768,38.9234],[-6.32785,38.92285],[-6.32802,38.92246],[-6.32813,38.92212],[-6.3287,38.92085],[-6.32929,38.91958],[-6.32947,38.91917],[-6.3304,38.91712],[-6.33053,38.91688],[-6.33062,38.91675],[-6.33069,38.91669]]}},{"type":"Feature","properties":{"name":"","kind":"road","road":"trunk","osm":31353591},"geometry":{"type":"LineString","coordinates":[[-6.33075,38.91637],[-6.33071,38.91637],[-6.33068,38.91637],[-6.33065,38.91637],[-6.33062,38.91638],[-6.33059,38.9164],[-6.33057,38.91641],[-6.33055,38.91643],[-6.33053,38.91645],[-6.33052,38.91647],[-6.33052,38.91649],[-6.33051,38.91651],[-6.33051,38.91653],[-6.33051,38.91654],[-6.33051,38.91656],[-6.33052,38.91658],[-6.33053,38.9166],[-6.33054,38.91661]]}},{"type":"Feature","properties":{"name":"Avenida Reina Sofía","kind":"road","road":"trunk","osm":31353594},"geometry":{"type":"LineString","coordinates":[[-6.3309,38.91645],[-6.331,38.9163],[-6.33127,38.91608],[-6.33145,38.91592]]}},{"type":"Feature","properties":{"name":"Avenida Reina Sofía","kind":"road","road":"trunk","osm":31353598},"geometry":{"type":"LineString","coordinates":[[-6.34341,38.90992],[-6.34958,38.90806]]}},{"type":"Feature","properties":{"name":"Avenida Reina Sofía","kind":"road","road":"trunk","osm":31353603},"geometry":{"type":"LineString","coordinates":[[-6.34958,38.90806],[-6.35126,38.90756],[-6.35145,38.9075]]}},{"type":"Feature","properties":{"name":"","kind":"road","road":"secondary","osm":31353613},"geometry":{"type":"LineString","coordinates":[[-6.35392,38.90697],[-6.35389,38.90696],[-6.35386,38.90696],[-6.35383,38.90696],[-6.35381,38.90697],[-6.35379,38.90697],[-6.35376,38.90698],[-6.35374,38.90699],[-6.35371,38.90702]]}},{"type":"Feature","properties":{"name":"Avenida Reina Sofía","kind":"road","road":"trunk","osm":31353615},"geometry":{"type":"LineString","coordinates":[[-6.34339,38.90988],[-6.34156,38.91047]]}},{"type":"Feature","properties":{"name":"Avenida Reina Sofía","kind":"road","road":"trunk","osm":31353617},"geometry":{"type":"LineString","coordinates":[[-6.34954,38.90798],[-6.34339,38.90988]]}},{"type":"Feature","properties":{"name":"Avenida Reina Sofía","kind":"road","road":"trunk","osm":31353621},"geometry":{"type":"LineString","coordinates":[[-6.35404,38.90664],[-6.3534,38.90683]]}},{"type":"Feature","properties":{"name":"Avenida Reina Sofía","kind":"road","road":"trunk","osm":31353622},"geometry":{"type":"LineString","coordinates":[[-6.3534,38.90683],[-6.35129,38.90746],[-6.35122,38.90748],[-6.34954,38.90798]]}},{"type":"Feature","properties":{"name":"Avenida Reina Sofía","kind":"road","road":"trunk","osm":31353625},"geometry":{"type":"LineString","coordinates":[[-6.35343,38.9069],[-6.35407,38.90671]]}},{"type":"Feature","properties":{"name":"Avenida Reina Sofía","kind":"road","road":"trunk","osm":31353626},"geometry":{"type":"LineString","coordinates":[[-6.35407,38.90671],[-6.35589,38.90616],[-6.3577,38.90562],[-6.35845,38.9054],[-6.35961,38.90506],[-6.36011,38.90491],[-6.36028,38.90486],[-6.36064,38.90477],[-6.3611,38.90469],[-6.36175,38.90462],[-6.36201,38.90461],[-6.36278,38.90464],[-6.36324,38.9047],[-6.36368,38.9048],[-6.36376,38.90483],[-6.36387,38.90488]]}},{"type":"Feature","properties":{"name":"Avenida de Alange","kind":"road","road":"tertiary","osm":31353630},"geometry":{"type":"LineString","coordinates":[[-6.35499,38.91049],[-6.35376,38.90997],[-6.35367,38.90994],[-6.35265,38.90953],[-6.35252,38.90947],[-6.35244,38.90944],[-6.35204,38.90927],[-6.35184,38.90919],[-6.35129,38.90896],[-6.35118,38.90891],[-6.35045,38.90861],[-6.35036,38.90857],[-6.35032,38.90855],[-6.34989,38.90838]]}},{"type":"Feature","properties":{"name":"","kind":"road","road":"primary","osm":36062593},"geometry":{"type":"LineString","coordinates":[[-6.35717,38.91531],[-6.35706,38.91534],[-6.35697,38.91539],[-6.35689,38.91546],[-6.35683,38.91553],[-6.35679,38.91562],[-6.35678,38.9157]]}},{"type":"Feature","properties":{"name":"Avenida de la Libertad","kind":"road","road":"secondary","osm":36063128},"geometry":{"type":"LineString","coordinates":[[-6.35728,38.91425],[-6.35682,38.91348],[-6.35604,38.91226],[-6.35595,38.91209],[-6.35589,38.91196],[-6.35581,38.9117],[-6.3558,38.91148],[-6.3558,38.91142]]}},{"type":"Feature","properties":{"name":"Rotonda","kind":"road","road":"secondary","osm":36063262},"geometry":{"type":"LineString","coordinates":[[-6.35555,38.91114],[-6.3555,38.91117],[-6.35546,38.9112],[-6.35543,38.91125],[-6.35543,38.91131],[-6.35545,38.91137],[-6.3555,38.91142],[-6.35556,38.91145]]}},{"type":"Feature","properties":{"name":"Avenida de la Libertad","kind":"road","road":"secondary","osm":36102361},"geometry":{"type":"LineString","coordinates":[[-6.35556,38.91145],[-6.35564,38.9115],[-6.35568,38.91153],[-6.3557,38.91157],[-6.35573,38.91163],[-6.35574,38.9117],[-6.35583,38.91199],[-6.35611,38.91246],[-6.35674,38.91352],[-6.35739,38.91461],[-6.35742,38.91478],[-6.35737,38.91512],[-6.35731,38.91523],[-6.35717,38.91531]]}},{"type":"Feature","properties":{"name":"Paseo de los Rosales","kind":"road","road":"secondary","osm":36256305},"geometry":{"type":"LineString","coordinates":[[-6.35545,38.91045],[-6.35536,38.91027],[-6.35502,38.90957],[-6.35445,38.90829],[-6.35441,38.90819],[-6.35414,38.90755],[-6.35404,38.90727],[-6.35402,38.9072]]}},{"type":"Feature","properties":{"name":"Paseo de los Rosales","kind":"road","road":"secondary","osm":36256373},"geometry":{"type":"LineString","coordinates":[[-6.35384,38.90726],[-6.35393,38.90738],[-6.35402,38.90758],[-6.35429,38.90817],[-6.35431,38.90822],[-6.35435,38.90832],[-6.35494,38.90959],[-6.35499,38.90968],[-6.35527,38.9103],[-6.35534,38.91045],[-6.3554,38.91058],[-6.35557,38.91095],[-6.35558,38.911],[-6.35558,38.91103],[-6.35557,38.91106],[-6.35555,38.91114]]}},{"type":"Feature","properties":{"name":"Avenida de Portugal","kind":"road","road":"tertiary","osm":36258115},"geometry":{"type":"LineString","coordinates":[[-6.35545,38.91045],[-6.35559,38.91031]]}},{"type":"Feature","properties":{"name":"Calle Graciano","kind":"road","road":"secondary","osm":37006796},"geometry":{"type":"LineString","coordinates":[[-6.34611,38.91548],[-6.34569,38.9149],[-6.3455,38.91463],[-6.34552,38.91447],[-6.34551,38.91437],[-6.34538,38.91423],[-6.34487,38.91379],[-6.34483,38.91376],[-6.34469,38.91364]]}},{"type":"Feature","properties":{"name":"Calle John Lennon","kind":"road","road":"secondary","osm":37007056},"geometry":{"type":"LineString","coordinates":[[-6.34447,38.91382],[-6.34458,38.91395],[-6.34463,38.91401],[-6.34498,38.91447],[-6.34536,38.91489],[-6.34568,38.9153],[-6.34598,38.91559]]}},{"type":"Feature","properties":{"name":"Calle Oviedo","kind":"road","road":"secondary","osm":37007107},"geometry":{"type":"LineString","coordinates":[[-6.34319,38.91236],[-6.34333,38.91248]]}},{"type":"Feature","properties":{"name":"Calle Cava","kind":"road","road":"secondary","osm":37007336},"geometry":{"type":"LineString","coordinates":[[-6.34784,38.91528],[-6.34773,38.91533],[-6.34762,38.91538],[-6.34722,38.91558],[-6.34718,38.91561],[-6.34659,38.91578],[-6.34642,38.91581],[-6.34635,38.91579]]}},{"type":"Feature","properties":{"name":"La Isla","kind":"park","road":"","osm":37858024},"geometry":{"type":"Polygon","coordinates":[[[-6.34235,38.90629],[-6.34232,38.90636],[-6.34224,38.90649],[-6.34221,38.90656],[-6.34217,38.90665],[-6.34214,38.90673],[-6.34209,38.90687],[-6.34207,38.90693],[-6.34206,38.907],[-6.34205,38.90705],[-6.34205,38.90712],[-6.34205,38.90716],[-6.34205,38.9072],[-6.34205,38.90724],[-6.34204,38.90729],[-6.34205,38.90733],[-6.34207,38.90738],[-6.34211,38.90744],[-6.3422,38.90755],[-6.34224,38.9076],[-6.34229,38.90764],[-6.34232,38.90766],[-6.34238,38.90767],[-6.34242,38.90768],[-6.34246,38.90771],[-6.3425,38.90774],[-6.34257,38.90781],[-6.34261,38.90785],[-6.34266,38.90791],[-6.34269,38.90795],[-6.34275,38.90803],[-6.34279,38.90808],[-6.34283,38.90813],[-6.34286,38.90818],[-6.34292,38.90825],[-6.34297,38.9083],[-6.34303,38.90838],[-6.34309,38.90845],[-6.34322,38.90859],[-6.34329,38.90866],[-6.34335,38.90874],[-6.34339,38.90879],[-6.34346,38.90888],[-6.34349,38.90893],[-6.34354,38.909],[-6.34359,38.90905],[-6.34367,38.90915],[-6.34372,38.90921],[-6.34377,38.90927],[-6.34381,38.90931],[-6.34387,38.90939],[-6.34391,38.90944],[-6.34396,38.90951],[-6.34401,38.90958],[-6.34411,38.90971],[-6.34416,38.90978],[-6.3442,38.90985],[-6.34423,38.90989],[-6.34427,38.90996],[-6.3443,38.91],[-6.34435,38.91005],[-6.3444,38.91009],[-6.34452,38.91016],[-6.34457,38.9102],[-6.34463,38.91024],[-6.34466,38.91027],[-6.34472,38.91032],[-6.34475,38.91035],[-6.3448,38.91039],[-6.34486,38.91042],[-6.34496,38.91049],[-6.34501,38.91052],[-6.34506,38.91055],[-6.3451,38.91058],[-6.34515,38.91062],[-6.34518,38.91064],[-6.34521,38.91066],[-6.34523,38.91069],[-6.34525,38.91073],[-6.34527,38.91074],[-6.3453,38.91076],[-6.34533,38.91076],[-6.3454,38.91075],[-6.34544,38.91075],[-6.34546,38.91077],[-6.34548,38.91079],[-6.34549,38.91084],[-6.34551,38.91087],[-6.34554,38.91092],[-6.34558,38.91096],[-6.34567,38.91105],[-6.34573,38.91112],[-6.34584,38.91124],[-6.34596,38.91138],[-6.3462,38.91166],[-6.34632,38.91181],[-6.34644,38.91195],[-6.34652,38.91206],[-6.34665,38.91221],[-6.34672,38.9123],[-6.34681,38.9124],[-6.34688,38.91249],[-6.34703,38.91265],[-6.34711,38.91273],[-6.3472,38.91284],[-6.34727,38.91293],[-6.34739,38.91309],[-6.34745,38.91318],[-6.34752,38.91326],[-6.34756,38.91332],[-6.34762,38.91342],[-6.34766,38.91348],[-6.34771,38.91355],[-6.34776,38.91361],[-6.34785,38.91373],[-6.3479,38.91379],[-6.34794,38.91385],[-6.34798,38.91389],[-6.34803,38.91394],[-6.34806,38.91397],[-6.34811,38.914],[-6.34815,38.91403],[-6.34824,38.91408],[-6.34829,38.9141],[-6.34837,38.91413],[-6.34843,38.91415],[-6.34856,38.91418],[-6.34863,38.91419],[-6.34869,38.91421],[-6.34873,38.91422],[-6.34878,38.91424],[-6.34882,38.91425],[-6.34886,38.91429],[-6.34889,38.91432],[-6.34896,38.9144],[-6.34899,38.91445],[-6.34901,38.91451],[-6.34902,38.91457],[-6.34901,38.91468],[-6.34902,38.91474],[-6.34904,38.91482],[-6.34907,38.91489],[-6.34915,38.91502],[-6.3492,38.91509],[-6.34926,38.91517],[-6.34931,38.91523],[-6.34941,38.91534],[-6.34947,38.9154],[-6.34954,38.91548],[-6.3496,38.91554],[-6.34972,38.91564],[-6.34977,38.91569],[-6.34982,38.91574],[-6.34984,38.91576],[-6.34987,38.91578],[-6.34989,38.91581],[-6.34995,38.91587],[-6.35002,38.91594],[-6.35016,38.91609],[-6.35024,38.91617],[-6.35034,38.91627],[-6.35042,38.91636],[-6.35057,38.91651],[-6.35065,38.91659],[-6.35074,38.91668],[-6.35081,38.91674],[-6.35094,38.91686],[-6.351,38.91691],[-6.35106,38.91697],[-6.3511,38.91701],[-6.35116,38.91706],[-6.35119,38.91709],[-6.35123,38.91713],[-6.35125,38.91715],[-6.35128,38.9172],[-6.35131,38.91724],[-6.35136,38.91729],[-6.35142,38.91735],[-6.35154,38.91747],[-6.3516,38.91752],[-6.35165,38.91756],[-6.35167,38.91757],[-6.35169,38.91756],[-6.3517,38.91754],[-6.35168,38.91746],[-6.35166,38.91736],[-6.35161,38.91714],[-6.35159,38.91701],[-6.35158,38.91686],[-6.3516,38.91672],[-6.35163,38.91648],[-6.35165,38.91636],[-6.35168,38.91621],[-6.3517,38.9161],[-6.35174,38.91591],[-6.35174,38.9158],[-6.35173,38.91565],[-6.35171,38.91553],[-6.35164,38.9153],[-6.3516,38.91517],[-6.35155,38.91504],[-6.3515,38.91495],[-6.3514,38.91479],[-6.35134,38.91471],[-6.35126,38.91463],[-6.35117,38.91457],[-6.351,38.91447],[-6.35091,38.91443],[-6.35081,38.9144],[-6.35073,38.91438],[-6.3506,38.91438],[-6.35052,38.91438],[-6.3504,38.91437],[-6.3503,38.91437],[-6.35009,38.91436],[-6.34998,38.91436],[-6.34987,38.91435],[-6.34979,38.91435],[-6.34965,38.91434],[-6.34958,38.91434],[-6.3495,38.91434],[-6.34944,38.91434],[-6.34934,38.91435],[-6.34929,38.91434],[-6.34925,38.91431],[-6.34924,38.91427],[-6.34923,38.91419],[-6.34923,38.91414],[-6.34924,38.91409],[-6.34926,38.91406],[-6.34931,38.914],[-6.34933,38.91397],[-6.34937,38.91393],[-6.34941,38.9139],[-6.34948,38.91385],[-6.34951,38.91382],[-6.34956,38.91379],[-6.3496,38.91377],[-6.34968,38.91375],[-6.34972,38.91373],[-6.34977,38.91371],[-6.34981,38.91369],[-6.34989,38.91366],[-6.34993,38.91364],[-6.34999,38.91362],[-6.35004,38.91359],[-6.35013,38.91354],[-6.35017,38.91352],[-6.3502,38.91349],[-6.35021,38.91348],[-6.35022,38.91345],[-6.35021,38.91344],[-6.35017,38.91342],[-6.35012,38.91339],[-6.35,38.91335],[-6.34993,38.91333],[-6.34986,38.9133],[-6.34981,38.91328],[-6.34971,38.91325],[-6.34966,38.91322],[-6.3496,38.9132],[-6.34955,38.91318],[-6.34946,38.91314],[-6.3494,38.91311],[-6.34931,38.91306],[-6.34923,38.91302],[-6.34906,38.91293],[-6.34898,38.91288],[-6.3489,38.91283],[-6.34886,38.91279],[-6.34879,38.91273],[-6.34875,38.91269],[-6.34869,38.91264],[-6.34862,38.9126],[-6.3485,38.91252],[-6.34843,38.91247],[-6.34837,38.91242],[-6.34832,38.91238],[-6.34825,38.91232],[-6.34821,38.91228],[-6.34817,38.91224],[-6.34813,38.91221],[-6.34807,38.91216],[-6.34803,38.91213],[-6.34799,38.91211],[-6.34796,38.91209],[-6.34791,38.91208],[-6.34787,38.91205],[-6.34781,38.912],[-6.34775,38.91192],[-6.34762,38.91176],[-6.34754,38.91168],[-6.34746,38.91159],[-6.34738,38.91152],[-6.34725,38.91141],[-6.34718,38.91135],[-6.34711,38.91128],[-6.34705,38.91122],[-6.34695,38.91111],[-6.34688,38.91104],[-6.34676,38.91096],[-6.34664,38.91088],[-6.3464,38.91072],[-6.34629,38.91066],[-6.34619,38.9106],[-6.34615,38.91058],[-6.34611,38.91057],[-6.34608,38.91056],[-6.34605,38.91054],[-6.34602,38.91053],[-6.34597,38.91049],[-6.34594,38.91047],[-6.34589,38.91045],[-6.34584,38.91043],[-6.34573,38.9104],[-6.34568,38.91039],[-6.34564,38.91037],[-6.34561,38.91036],[-6.34558,38.91034],[-6.34557,38.91033],[-6.34556,38.9103],[-6.34557,38.91028],[-6.3456,38.91024],[-6.34562,38.9102],[-6.34564,38.91014],[-6.34567,38.91008],[-6.34571,38.90994],[-6.34573,38.90988],[-6.34573,38.9098],[-6.34573,38.90975],[-6.34571,38.90966],[-6.34569,38.90958],[-6.34564,38.90945],[-6.34558,38.90931],[-6.34545,38.909],[-6.34542,38.90895],[-6.34537,38.90884],[-6.34527,38.90869],[-6.34517,38.90859],[-6.345,38.90843],[-6.34493,38.90836],[-6.34488,38.90829],[-6.34489,38.90826],[-6.34494,38.90821],[-6.34496,38.90819],[-6.34496,38.90817],[-6.34495,38.90816],[-6.34491,38.90814],[-6.34488,38.90813],[-6.34485,38.90813],[-6.34483,38.90813],[-6.34479,38.90814],[-6.34476,38.90813],[-6.3447,38.9081],[-6.34464,38.90806],[-6.3445,38.90796],[-6.34443,38.90791],[-6.34436,38.90785],[-6.3443,38.9078],[-6.3442,38.90772],[-6.34416,38.90767],[-6.34413,38.90763],[-6.34413,38.9076],[-6.34416,38.90756],[-6.34417,38.90754],[-6.34417,38.90751],[-6.34417,38.90749],[-6.34416,38.90746],[-6.34415,38.90744],[-6.34413,38.90744],[-6.34411,38.90744],[-6.34406,38.90746],[-6.34402,38.90746],[-6.34397,38.90743],[-6.34393,38.90739],[-6.34383,38.90729],[-6.34378,38.90724],[-6.34371,38.90718],[-6.34365,38.90712],[-6.34353,38.90703],[-6.34347,38.90698],[-6.34343,38.90694],[-6.3434,38.90692],[-6.34338,38.9069],[-6.34337,38.90688],[-6.34337,38.90687],[-6.34338,38.90685],[-6.3434,38.90683],[-6.34341,38.90682],[-6.3434,38.90681],[-6.34337,38.9068],[-6.34331,38.90679],[-6.34328,38.90678],[-6.34324,38.90675],[-6.34321,38.90671],[-6.34317,38.90662],[-6.34313,38.90657],[-6.34308,38.9065],[-6.34303,38.90645],[-6.34292,38.90634],[-6.34286,38.90629],[-6.34279,38.90624],[-6.34274,38.9062],[-6.34264,38.90614],[-6.34259,38.90612],[-6.34253,38.90612],[-6.3425,38.90614],[-6.34243,38.90619],[-6.3424,38.90623],[-6.34235,38.90629]]]}},{"type":"Feature","properties":{"name":"Calle Oviedo","kind":"road","road":"secondary","osm":37858745},"geometry":{"type":"LineString","coordinates":[[-6.34253,38.91174],[-6.34245,38.91167],[-6.3422,38.91145],[-6.3418,38.91111],[-6.34172,38.91106],[-6.34158,38.91097],[-6.34149,38.9109],[-6.34145,38.91087],[-6.34143,38.91083],[-6.34142,38.91079],[-6.34141,38.91074]]}},{"type":"Feature","properties":{"name":"","kind":"road","road":"secondary","osm":37858746},"geometry":{"type":"LineString","coordinates":[[-6.34253,38.91174],[-6.34249,38.91174],[-6.34246,38.91174],[-6.34243,38.91175],[-6.34241,38.91177],[-6.34239,38.9118],[-6.34239,38.91182]]}},{"type":"Feature","properties":{"name":"Calle Almendralejo","kind":"road","road":"secondary","osm":37858775},"geometry":{"type":"LineString","coordinates":[[-6.34915,38.918],[-6.34869,38.91824],[-6.34796,38.91866],[-6.34776,38.91874],[-6.34758,38.91878],[-6.34747,38.91881],[-6.34702,38.91883],[-6.34686,38.91883],[-6.34668,38.91883],[-6.34652,38.91885],[-6.34633,38.91889],[-6.34593,38.91911],[-6.34586,38.91914],[-6.34575,38.91919],[-6.34545,38.91927],[-6.34521,38.91933],[-6.34512,38.91935],[-6.34458,38.91951],[-6.34446,38.91956],[-6.34353,38.91991],[-6.34347,38.91997]]}},{"type":"Feature","properties":{"name":"","kind":"road","road":"tertiary","osm":37859078},"geometry":{"type":"LineString","coordinates":[[-6.33926,38.90922],[-6.33929,38.90918],[-6.33931,38.90914],[-6.33932,38.90909],[-6.33931,38.90905],[-6.33929,38.90901],[-6.33925,38.90898],[-6.3392,38.90895],[-6.33915,38.90893],[-6.33911,38.90893],[-6.33906,38.90893],[-6.33902,38.90894],[-6.339,38.90895]]}},{"type":"Feature","properties":{"name":"Calle Marquesa de Pinares","kind":"road","road":"primary","osm":37859105},"geometry":{"type":"LineString","coordinates":[[-6.34921,38.92245],[-6.34895,38.92224],[-6.3488,38.92214],[-6.34851,38.92202],[-6.34832,38.92194],[-6.34825,38.92192],[-6.34724,38.92151],[-6.34715,38.92147],[-6.34642,38.92121],[-6.34565,38.92089],[-6.34521,38.92072],[-6.34516,38.92071],[-6.34475,38.92055],[-6.34366,38.92012],[-6.34349,38.92006]]}},{"type":"Feature","properties":{"name":"","kind":"road","road":"primary","osm":37859118},"geometry":{"type":"LineString","coordinates":[[-6.35385,38.92167],[-6.35387,38.92163],[-6.35388,38.92159],[-6.35387,38.92154],[-6.35384,38.9215],[-6.3538,38.92147],[-6.35375,38.92146],[-6.35369,38.92146]]}},{"type":"Feature","properties":{"name":"Calle de Santiago Ramón y Cajal","kind":"road","road":"pedestrian","osm":37859127},"geometry":{"type":"LineString","coordinates":[[-6.35235,38.92089],[-6.35186,38.92037],[-6.35129,38.91982]]}},{"type":"Feature","properties":{"name":"Plaza Santo Domingo","kind":"road","road":"secondary","osm":37876530},"geometry":{"type":"LineString","coordinates":[[-6.34469,38.91364],[-6.34447,38.91382]]}},{"type":"Feature","properties":{"name":"Calle Almendralejo","kind":"road","road":"secondary","osm":37876758},"geometry":{"type":"LineString","coordinates":[[-6.35012,38.9177],[-6.34994,38.91775],[-6.34976,38.91776]]}},{"type":"Feature","properties":{"name":"Avenida José Fernández López","kind":"road","road":"primary","osm":37876791},"geometry":{"type":"LineString","coordinates":[[-6.35021,38.91794],[-6.35032,38.9181],[-6.35038,38.91814],[-6.3511,38.91885],[-6.35114,38.91889],[-6.35142,38.91916],[-6.35174,38.91947],[-6.35181,38.91954]]}},{"type":"Feature","properties":{"name":"Río Guadiana","kind":"river","road":"","osm":37907889},"geometry":{"type":"LineString","coordinates":[[-6.35455,38.91743],[-6.3546,38.91796],[-6.3546,38.91837],[-6.35477,38.91902],[-6.35505,38.91958],[-6.35544,38.92012],[-6.35584,38.92057],[-6.3563,38.92102],[-6.35657,38.92123],[-6.35707,38.92175],[-6.35751,38.92237],[-6.3582,38.92284],[-6.35893,38.92367],[-6.35956,38.92407],[-6.36024,38.92447],[-6.36171,38.9249]]}},{"type":"Feature","properties":{"name":"Avenida de Portugal","kind":"road","road":"tertiary","osm":37911449},"geometry":{"type":"LineString","coordinates":[[-6.35905,38.90813],[-6.35897,38.90818],[-6.35807,38.90873],[-6.35797,38.90879],[-6.35789,38.90885],[-6.35669,38.90962],[-6.35659,38.90969]]}},{"type":"Feature","properties":{"name":"Avenida José Fernández López","kind":"road","road":"primary","osm":37911797},"geometry":{"type":"LineString","coordinates":[[-6.35369,38.92146],[-6.35359,38.92135],[-6.35307,38.92068],[-6.35246,38.92004],[-6.35224,38.91982],[-6.35182,38.91942],[-6.3515,38.91911],[-6.35123,38.91884],[-6.35112,38.91873],[-6.35051,38.91813],[-6.3505,38.91805],[-6.35051,38.91801],[-6.35051,38.91797]]}},{"type":"Feature","properties":{"name":"Avenida Emérita Augusta","kind":"road","road":"primary","osm":37911898},"geometry":{"type":"LineString","coordinates":[[-6.35417,38.92225],[-6.35426,38.92233],[-6.35456,38.92261],[-6.35466,38.92275],[-6.35472,38.92285]]}},{"type":"Feature","properties":{"name":"Avenida Emérita Augusta","kind":"road","road":"primary","osm":37911900},"geometry":{"type":"LineString","coordinates":[[-6.35544,38.92453],[-6.35538,38.92441],[-6.35536,38.92433],[-6.35523,38.92385],[-6.35505,38.92338]]}},{"type":"Feature","properties":{"name":"Avenida Emérita Augusta","kind":"road","road":"primary","osm":37911932},"geometry":{"type":"LineString","coordinates":[[-6.35523,38.92483],[-6.35523,38.92493],[-6.35521,38.92502],[-6.35511,38.9253],[-6.35501,38.92552],[-6.35474,38.92599]]}},{"type":"Feature","properties":{"name":"Parque de Acueducto de San Lázaro","kind":"park","road":"","osm":37916814},"geometry":{"type":"Polygon","coordinates":[[[-6.33532,38.92024],[-6.33535,38.92055],[-6.33571,38.92052],[-6.33568,38.92033],[-6.33545,38.92023],[-6.33564,38.92015],[-6.33625,38.92032],[-6.33673,38.9205],[-6.33675,38.92089],[-6.33667,38.92094],[-6.33671,38.92122],[-6.33646,38.92125],[-6.33557,38.92136],[-6.33557,38.92145],[-6.33554,38.92145],[-6.33554,38.92148],[-6.33554,38.92161],[-6.33554,38.92169],[-6.33549,38.9217],[-6.33546,38.92175],[-6.33549,38.92181],[-6.33555,38.92182],[-6.33558,38.92228],[-6.33524,38.92229],[-6.33477,38.92231],[-6.33473,38.922],[-6.33453,38.92058],[-6.33532,38.92024]]]}},{"type":"Feature","properties":{"name":"Calle Vicente Aleixandre","kind":"road","road":"tertiary","osm":37917831},"geometry":{"type":"LineString","coordinates":[[-6.34077,38.91053],[-6.34073,38.91052],[-6.34067,38.9105],[-6.34062,38.91047],[-6.34043,38.91034],[-6.34025,38.91023],[-6.34019,38.91019],[-6.33972,38.9099],[-6.33962,38.90984],[-6.33954,38.90977],[-6.33946,38.90969],[-6.3394,38.90961],[-6.33927,38.90941]]}},{"type":"Feature","properties":{"name":"Camino del Peral","kind":"road","road":"tertiary","osm":37917844},"geometry":{"type":"LineString","coordinates":[[-6.33865,38.90882],[-6.33787,38.90838],[-6.33779,38.90833],[-6.33748,38.90816],[-6.33723,38.90802],[-6.33715,38.90797],[-6.33688,38.90781],[-6.33647,38.90756],[-6.33638,38.90751],[-6.33632,38.90747],[-6.33574,38.90711],[-6.33565,38.90705],[-6.33525,38.90681],[-6.3349,38.90661],[-6.33476,38.90654],[-6.3346,38.90648],[-6.33443,38.90642]]}},{"type":"Feature","properties":{"name":"","kind":"road","road":"pedestrian","osm":38255929},"geometry":{"type":"LineString","coordinates":[[-6.34276,38.92521],[-6.34274,38.92527],[-6.34255,38.92579]]}},{"type":"Feature","properties":{"name":"","kind":"road","road":"pedestrian","osm":38255936},"geometry":{"type":"LineString","coordinates":[[-6.34109,38.92543],[-6.34131,38.92487]]}},{"type":"Feature","properties":{"name":"","kind":"road","road":"pedestrian","osm":38255938},"geometry":{"type":"LineString","coordinates":[[-6.3393,38.92502],[-6.33953,38.92446]]}},{"type":"Feature","properties":{"name":"","kind":"river","road":"","osm":38256147},"geometry":{"type":"LineString","coordinates":[[-6.35171,38.91808],[-6.35169,38.91814],[-6.35181,38.91839],[-6.35191,38.91857],[-6.35201,38.91871],[-6.35227,38.91905],[-6.35259,38.91957],[-6.35283,38.91996],[-6.353,38.9201],[-6.35312,38.92018],[-6.35331,38.92022],[-6.35358,38.92026],[-6.35371,38.92032],[-6.35393,38.92059],[-6.35457,38.9215],[-6.35468,38.92182],[-6.35478,38.92213],[-6.35503,38.92243]]}},{"type":"Feature","properties":{"name":"Calle Oviedo","kind":"road","road":"secondary","osm":58528767},"geometry":{"type":"LineString","coordinates":[[-6.34247,38.9119],[-6.34258,38.91197],[-6.34319,38.91236]]}},{"type":"Feature","properties":{"name":"Calle Oviedo","kind":"road","road":"secondary","osm":58528770},"geometry":{"type":"LineString","coordinates":[[-6.34319,38.91236],[-6.34268,38.91188],[-6.3426,38.91182]]}},{"type":"Feature","properties":{"name":"Avenida Reina Sofía","kind":"road","road":"trunk","osm":58528775},"geometry":{"type":"LineString","coordinates":[[-6.36397,38.90472],[-6.36389,38.90474],[-6.3638,38.90474],[-6.36371,38.90472],[-6.36329,38.90463],[-6.36276,38.90456],[-6.36201,38.90455],[-6.36163,38.90454],[-6.3611,38.90461],[-6.36054,38.9047],[-6.3601,38.90482],[-6.35972,38.90494],[-6.35844,38.90532],[-6.35769,38.90555],[-6.35742,38.90563],[-6.35585,38.9061]]}},{"type":"Feature","properties":{"name":"","kind":"road","road":"secondary","osm":74482999},"geometry":{"type":"LineString","coordinates":[[-6.34101,38.9105],[-6.34097,38.91054],[-6.34095,38.9106],[-6.34095,38.91063],[-6.34096,38.91067],[-6.34098,38.91072],[-6.34101,38.91076],[-6.34106,38.91079],[-6.34111,38.91081],[-6.34116,38.91082],[-6.34122,38.91082],[-6.34129,38.91081],[-6.34136,38.91078],[-6.34141,38.91074]]}},{"type":"Feature","properties":{"name":"Avenida Reina Sofía","kind":"road","road":"trunk","osm":74483009},"geometry":{"type":"LineString","coordinates":[[-6.34082,38.91073],[-6.3383,38.91171],[-6.33815,38.91174],[-6.33808,38.91176]]}},{"type":"Feature","properties":{"name":"Avenida Reina Sofía","kind":"road","road":"trunk","osm":74483025},"geometry":{"type":"LineString","coordinates":[[-6.34158,38.9105],[-6.34341,38.90992]]}},{"type":"Feature","properties":{"name":"","kind":"road","road":"trunk","osm":74483027},"geometry":{"type":"LineString","coordinates":[[-6.33782,38.91176],[-6.33775,38.91179],[-6.33768,38.91183],[-6.33761,38.91187],[-6.33756,38.91192],[-6.33754,38.91197],[-6.33755,38.91202],[-6.33758,38.91207],[-6.33763,38.9121],[-6.33767,38.91211],[-6.33776,38.91211],[-6.33784,38.9121],[-6.33794,38.91207]]}},{"type":"Feature","properties":{"name":"Avenida Reina Sofía","kind":"road","road":"trunk","osm":74483030},"geometry":{"type":"LineString","coordinates":[[-6.33054,38.91661],[-6.33043,38.91684],[-6.33023,38.91723],[-6.32993,38.9179],[-6.32959,38.91863],[-6.32913,38.91967],[-6.32871,38.92059],[-6.32819,38.92172],[-6.32804,38.92205],[-6.32788,38.92243],[-6.32752,38.9232]]}},{"type":"Feature","properties":{"name":"","kind":"road","road":"primary","osm":74483032},"geometry":{"type":"LineString","coordinates":[[-6.35524,38.92453],[-6.35522,38.92453],[-6.3552,38.92454],[-6.35516,38.92457],[-6.35513,38.9246],[-6.35512,38.92464],[-6.35511,38.92468],[-6.35511,38.92471],[-6.35513,38.92475],[-6.35516,38.92479],[-6.35519,38.92481],[-6.35523,38.92483]]}},{"type":"Feature","properties":{"name":"Avenida Reina Sofía","kind":"road","road":"trunk","osm":74483038},"geometry":{"type":"LineString","coordinates":[[-6.33754,38.91197],[-6.33745,38.91204],[-6.33735,38.91208],[-6.33583,38.91268],[-6.33558,38.91278],[-6.33508,38.913],[-6.33491,38.91309],[-6.33468,38.91325],[-6.33432,38.91352],[-6.33409,38.91371],[-6.33398,38.91379],[-6.33352,38.91417],[-6.33319,38.91442],[-6.33307,38.91449],[-6.33299,38.91452]]}},{"type":"Feature","properties":{"name":"Avenida Reina Sofía","kind":"road","road":"trunk","osm":74483049},"geometry":{"type":"LineString","coordinates":[[-6.33816,38.91188],[-6.33835,38.91178],[-6.34084,38.91075]]}},{"type":"Feature","properties":{"name":"Carretera de Valverde Mérida","kind":"road","road":"tertiary","osm":80813731},"geometry":{"type":"LineString","coordinates":[[-6.32788,38.92243],[-6.32765,38.92274],[-6.32751,38.92285],[-6.32726,38.92292],[-6.32694,38.92295]]}},{"type":"Feature","properties":{"name":"Avenida Reina Sofía","kind":"road","road":"trunk","osm":83008530},"geometry":{"type":"LineString","coordinates":[[-6.34156,38.91047],[-6.34082,38.91073]]}},{"type":"Feature","properties":{"name":"Avenida Reina Sofía","kind":"road","road":"trunk","osm":83008610},"geometry":{"type":"LineString","coordinates":[[-6.34084,38.91075],[-6.34158,38.9105]]}},{"type":"Feature","properties":{"name":"Paseo de Roma","kind":"road","road":"secondary","osm":85163411},"geometry":{"type":"LineString","coordinates":[[-6.34801,38.91536],[-6.34817,38.91539]]}},{"type":"Feature","properties":{"name":"Avenida Emérita Augusta","kind":"road","road":"primary","osm":85163413},"geometry":{"type":"LineString","coordinates":[[-6.35494,38.92308],[-6.35491,38.92302],[-6.35476,38.92273],[-6.3546,38.92252],[-6.35415,38.9221],[-6.35398,38.92191],[-6.35389,38.92176],[-6.35385,38.92167]]}},{"type":"Feature","properties":{"name":"Avenida Emérita Augusta","kind":"road","road":"primary","osm":85163419},"geometry":{"type":"LineString","coordinates":[[-6.35495,38.9234],[-6.35497,38.92348],[-6.35512,38.92388],[-6.35525,38.92434],[-6.35526,38.92441],[-6.35524,38.92453]]}},{"type":"Feature","properties":{"name":"","kind":"road","road":"secondary","osm":85163421},"geometry":{"type":"LineString","coordinates":[[-6.34786,38.91536],[-6.34789,38.91537],[-6.34793,38.91538],[-6.34796,38.91538],[-6.34798,38.91537],[-6.34801,38.91536]]}},{"type":"Feature","properties":{"name":"Paseo de Roma","kind":"road","road":"secondary","osm":85163423},"geometry":{"type":"LineString","coordinates":[[-6.35014,38.91741],[-6.35018,38.91754],[-6.35019,38.9176]]}},{"type":"Feature","properties":{"name":"Avenida Emérita Augusta","kind":"road","road":"primary","osm":85163433},"geometry":{"type":"LineString","coordinates":[[-6.35505,38.92338],[-6.35494,38.92308]]}},{"type":"Feature","properties":{"name":"Paseo de Roma","kind":"road","road":"secondary","osm":85163439},"geometry":{"type":"LineString","coordinates":[[-6.34817,38.91539],[-6.3481,38.91533],[-6.34804,38.91528]]}},{"type":"Feature","properties":{"name":"Paseo de Roma","kind":"road","road":"secondary","osm":85163442},"geometry":{"type":"LineString","coordinates":[[-6.35037,38.91754],[-6.35014,38.91741]]}},{"type":"Feature","properties":{"name":"Calle del Ferrocarril","kind":"road","road":"primary","osm":86497617},"geometry":{"type":"LineString","coordinates":[[-6.34949,38.92267],[-6.34961,38.92269],[-6.35,38.92274],[-6.35026,38.92275],[-6.35051,38.92275],[-6.3508,38.92271],[-6.35104,38.92267],[-6.35129,38.92261],[-6.35181,38.92244],[-6.35182,38.92243],[-6.35194,38.92239],[-6.35202,38.92236],[-6.35222,38.92228],[-6.3525,38.92216],[-6.3528,38.92202],[-6.35321,38.92181],[-6.35342,38.92173]]}},{"type":"Feature","properties":{"name":"Calle del Ferrocarril","kind":"road","road":"primary","osm":86813358},"geometry":{"type":"LineString","coordinates":[[-6.35342,38.92173],[-6.35362,38.9217]]}},{"type":"Feature","properties":{"name":"Calle del Ferrocarril","kind":"road","road":"primary","osm":86813359},"geometry":{"type":"LineString","coordinates":[[-6.35354,38.92161],[-6.35342,38.92173]]}},{"type":"Feature","properties":{"name":"Puente Romano de la Puerta","kind":"road","road":"pedestrian","osm":86985126},"geometry":{"type":"LineString","coordinates":[[-6.34894,38.9246],[-6.34939,38.92304]]}},{"type":"Feature","properties":{"name":"Avenida de Extremadura","kind":"road","road":"primary","osm":86996476},"geometry":{"type":"LineString","coordinates":[[-6.34335,38.92003],[-6.34331,38.92006],[-6.34319,38.92009],[-6.34253,38.92023],[-6.34189,38.92031],[-6.34167,38.92034],[-6.3414,38.92039],[-6.3411,38.9204],[-6.34089,38.92039],[-6.34029,38.92035]]}},{"type":"Feature","properties":{"name":"Avenida Juan Carlos I","kind":"road","road":"primary","osm":86996481},"geometry":{"type":"LineString","coordinates":[[-6.336,38.92001],[-6.33561,38.92009]]}},{"type":"Feature","properties":{"name":"","kind":"road","road":"secondary","osm":87354788},"geometry":{"type":"LineString","coordinates":[[-6.35351,38.90657],[-6.3536,38.90668],[-6.35369,38.90688],[-6.35371,38.90696],[-6.35371,38.90702]]}},{"type":"Feature","properties":{"name":"Calle Romero Leal","kind":"road","road":"pedestrian","osm":87382635},"geometry":{"type":"LineString","coordinates":[[-6.34384,38.91636],[-6.34388,38.91634],[-6.34399,38.91632],[-6.34433,38.9162],[-6.34476,38.91602]]}},{"type":"Feature","properties":{"name":"Calle Alonso Zamora Vicente","kind":"road","road":"pedestrian","osm":87383682},"geometry":{"type":"LineString","coordinates":[[-6.34476,38.91602],[-6.34492,38.91617],[-6.34524,38.9166]]}},{"type":"Feature","properties":{"name":"Calle Baños","kind":"road","road":"pedestrian","osm":87384969},"geometry":{"type":"LineString","coordinates":[[-6.34331,38.91652],[-6.34311,38.91633],[-6.34291,38.91621]]}},{"type":"Feature","properties":{"name":"Calle Miguel de Cervantes","kind":"road","road":"pedestrian","osm":87393308},"geometry":{"type":"LineString","coordinates":[[-6.34298,38.91816],[-6.34301,38.91831],[-6.34345,38.91944]]}},{"type":"Feature","properties":{"name":"Calle San Francisco","kind":"road","road":"pedestrian","osm":87393316},"geometry":{"type":"LineString","coordinates":[[-6.34424,38.91721],[-6.34479,38.91776],[-6.34512,38.91808],[-6.34548,38.91845]]}},{"type":"Feature","properties":{"name":"Calle Moreno de Vargas","kind":"road","road":"pedestrian","osm":87393821},"geometry":{"type":"LineString","coordinates":[[-6.34354,38.91754],[-6.34416,38.91816],[-6.34444,38.91847],[-6.34468,38.91874],[-6.34512,38.91935]]}},{"type":"Feature","properties":{"name":"Calle Berzocana","kind":"road","road":"pedestrian","osm":87393822},"geometry":{"type":"LineString","coordinates":[[-6.34338,38.91744],[-6.34315,38.91775]]}},{"type":"Feature","properties":{"name":"Calle Santa Catalina","kind":"road","road":"pedestrian","osm":87394473},"geometry":{"type":"LineString","coordinates":[[-6.34399,38.91632],[-6.34415,38.9165],[-6.34438,38.91674],[-6.34441,38.91678]]}},{"type":"Feature","properties":{"name":"Calle José Ramón Mélida","kind":"road","road":"pedestrian","osm":87491535},"geometry":{"type":"LineString","coordinates":[[-6.33649,38.9166],[-6.33694,38.91687],[-6.33702,38.91691],[-6.33715,38.91695],[-6.33729,38.91697],[-6.33743,38.91698],[-6.33783,38.91693],[-6.33823,38.91686],[-6.33832,38.91685],[-6.33939,38.91671],[-6.33953,38.91676],[-6.3399,38.91702],[-6.34016,38.91716],[-6.34049,38.91727],[-6.34131,38.91752],[-6.34173,38.91768],[-6.34218,38.91776],[-6.34268,38.91783],[-6.34282,38.91793]]}},{"type":"Feature","properties":{"name":"Calle Manos Albas","kind":"road","road":"pedestrian","osm":87491665},"geometry":{"type":"LineString","coordinates":[[-6.34384,38.91685],[-6.34417,38.91721]]}},{"type":"Feature","properties":{"name":"Calle Louis Braille","kind":"road","road":"pedestrian","osm":87492664},"geometry":{"type":"LineString","coordinates":[[-6.34468,38.91874],[-6.34501,38.91854],[-6.34508,38.9185],[-6.34515,38.91848],[-6.34522,38.91846],[-6.34523,38.91846],[-6.34548,38.91845]]}},{"type":"Feature","properties":{"name":"Calle Cárdenas","kind":"road","road":"pedestrian","osm":87492680},"geometry":{"type":"LineString","coordinates":[[-6.34444,38.91847],[-6.34466,38.91834],[-6.34495,38.91819],[-6.34512,38.91808]]}},{"type":"Feature","properties":{"name":"Calle de la Concepción","kind":"road","road":"pedestrian","osm":87492742},"geometry":{"type":"LineString","coordinates":[[-6.34512,38.91808],[-6.34555,38.91784],[-6.34568,38.91778],[-6.34611,38.91759]]}},{"type":"Feature","properties":{"name":"Calle Juan Pablo Forner","kind":"road","road":"pedestrian","osm":87549794},"geometry":{"type":"LineString","coordinates":[[-6.34568,38.91723],[-6.3457,38.91715],[-6.34524,38.9166]]}},{"type":"Feature","properties":{"name":"Calle del Puente","kind":"road","road":"secondary","osm":87549941},"geometry":{"type":"LineString","coordinates":[[-6.34666,38.916],[-6.34708,38.91576],[-6.34723,38.91568],[-6.34778,38.91539],[-6.34786,38.91536]]}},{"type":"Feature","properties":{"name":"Plaza del Rastro","kind":"road","road":"secondary","osm":88504256},"geometry":{"type":"LineString","coordinates":[[-6.34598,38.91559],[-6.34602,38.91563],[-6.34626,38.91586],[-6.34632,38.91599],[-6.34633,38.916]]}},{"type":"Feature","properties":{"name":"Plaza del Rastro","kind":"road","road":"secondary","osm":88504279},"geometry":{"type":"LineString","coordinates":[[-6.34635,38.91579],[-6.34629,38.91575],[-6.34616,38.91556],[-6.34613,38.91552],[-6.34611,38.91548]]}},{"type":"Feature","properties":{"name":"Calle Castelar","kind":"road","road":"pedestrian","osm":88504693},"geometry":{"type":"LineString","coordinates":[[-6.34708,38.91576],[-6.34744,38.9162],[-6.34746,38.91624]]}},{"type":"Feature","properties":{"name":"Travesía de San Salvador","kind":"road","road":"pedestrian","osm":88504874},"geometry":{"type":"LineString","coordinates":[[-6.34852,38.91648],[-6.34797,38.91681]]}},{"type":"Feature","properties":{"name":"Calle de San Juan de Dios","kind":"road","road":"pedestrian","osm":88505161},"geometry":{"type":"LineString","coordinates":[[-6.34716,38.91732],[-6.34728,38.91729],[-6.34739,38.91722],[-6.34758,38.91709],[-6.348,38.91685]]}},{"type":"Feature","properties":{"name":"Calle Obispo y Arco","kind":"road","road":"pedestrian","osm":88506349},"geometry":{"type":"LineString","coordinates":[[-6.34639,38.91781],[-6.34646,38.91777],[-6.34662,38.91763],[-6.34716,38.91732]]}},{"type":"Feature","properties":{"name":"Calle Alvarado","kind":"road","road":"pedestrian","osm":88506456},"geometry":{"type":"LineString","coordinates":[[-6.34656,38.91802],[-6.34692,38.91784],[-6.34734,38.91775],[-6.34747,38.91768]]}},{"type":"Feature","properties":{"name":"Calle Arquitas","kind":"road","road":"pedestrian","osm":88506557},"geometry":{"type":"LineString","coordinates":[[-6.34814,38.91574],[-6.34744,38.9162]]}},{"type":"Feature","properties":{"name":"Plaza de Santa María","kind":"road","road":"pedestrian","osm":88506595},"geometry":{"type":"LineString","coordinates":[[-6.34753,38.91659],[-6.34757,38.91662],[-6.34772,38.91655],[-6.34774,38.91652],[-6.34777,38.91649],[-6.34769,38.9164],[-6.34767,38.91638],[-6.34757,38.91628],[-6.3475,38.91621],[-6.34746,38.91624],[-6.34744,38.91624],[-6.34733,38.9163],[-6.34732,38.9163],[-6.34725,38.91631],[-6.34727,38.91635],[-6.34727,38.91637],[-6.34733,38.91643],[-6.34735,38.91643],[-6.34739,38.91647],[-6.34741,38.91646],[-6.34749,38.91654],[-6.34753,38.91659]]}},{"type":"Feature","properties":{"name":"Calle de Juan Macías","kind":"road","road":"pedestrian","osm":88507186},"geometry":{"type":"LineString","coordinates":[[-6.34753,38.91659],[-6.34736,38.91668],[-6.34725,38.91671],[-6.34716,38.91673],[-6.34705,38.91679]]}},{"type":"Feature","properties":{"name":"Calle Escult Manuel Madrigal","kind":"road","road":"pedestrian","osm":88507187},"geometry":{"type":"LineString","coordinates":[[-6.34675,38.9165],[-6.34676,38.9165],[-6.34684,38.91658],[-6.34705,38.91679]]}},{"type":"Feature","properties":{"name":"Pasaje Maestre Lopez Correa","kind":"road","road":"pedestrian","osm":88507190},"geometry":{"type":"LineString","coordinates":[[-6.3465,38.91711],[-6.34706,38.91682],[-6.34705,38.91679]]}},{"type":"Feature","properties":{"name":"Parque de la Rambla de Santa Eulalia","kind":"park","road":"","osm":88507595},"geometry":{"type":"Polygon","coordinates":[[[-6.34248,38.9183],[-6.34247,38.91831],[-6.34167,38.91885],[-6.34129,38.91908],[-6.3407,38.91929],[-6.34077,38.91936],[-6.34079,38.9195],[-6.34106,38.91937],[-6.3413,38.91947],[-6.34145,38.91916],[-6.34202,38.91931],[-6.34238,38.91851],[-6.34251,38.91832],[-6.34251,38.91831],[-6.3425,38.9183],[-6.34248,38.9183]]]}},{"type":"Feature","properties":{"name":"Rambla de la Mártir Santa Eulalia","kind":"road","road":"pedestrian","osm":88507666},"geometry":{"type":"LineString","coordinates":[[-6.34276,38.91809],[-6.3426,38.91823],[-6.34254,38.91827]]}},{"type":"Feature","properties":{"name":"","kind":"road","road":"pedestrian","osm":122078867},"geometry":{"type":"LineString","coordinates":[[-6.34438,38.91674],[-6.3447,38.91655],[-6.34433,38.9162]]}},{"type":"Feature","properties":{"name":"Plaza de Roma","kind":"road","road":"pedestrian","osm":122078875},"geometry":{"type":"LineString","coordinates":[[-6.34792,38.91522],[-6.34791,38.91517],[-6.34793,38.91507]]}},{"type":"Feature","properties":{"name":"Parque del Dia","kind":"park","road":"","osm":122080772},"geometry":{"type":"Polygon","coordinates":[[[-6.33651,38.90904],[-6.33578,38.90966],[-6.33542,38.90939],[-6.33527,38.90928],[-6.33524,38.90926],[-6.33597,38.90863],[-6.33651,38.90904]]]}},{"type":"Feature","properties":{"name":"","kind":"road","road":"pedestrian","osm":140067944},"geometry":{"type":"LineString","coordinates":[[-6.33942,38.90661],[-6.33939,38.9065]]}},{"type":"Feature","properties":{"name":"","kind":"road","road":"pedestrian","osm":140067948},"geometry":{"type":"LineString","coordinates":[[-6.33859,38.9072],[-6.3387,38.90716],[-6.33875,38.90713],[-6.33878,38.90706],[-6.33894,38.90704],[-6.33906,38.90702],[-6.33909,38.90703]]}},{"type":"Feature","properties":{"name":"","kind":"road","road":"pedestrian","osm":140067949},"geometry":{"type":"LineString","coordinates":[[-6.3387,38.90716],[-6.33878,38.90729],[-6.33884,38.90739],[-6.33893,38.90743],[-6.33908,38.90744],[-6.33926,38.9074],[-6.33934,38.90731],[-6.33961,38.90728],[-6.33993,38.90721],[-6.34015,38.90715],[-6.34014,38.90714],[-6.33997,38.90713],[-6.33991,38.90711],[-6.33987,38.90709],[-6.33985,38.90705]]}},{"type":"Feature","properties":{"name":"","kind":"road","road":"pedestrian","osm":140067951},"geometry":{"type":"LineString","coordinates":[[-6.3383,38.90667],[-6.33832,38.90671],[-6.33845,38.90695],[-6.33848,38.90699],[-6.33859,38.9072],[-6.3386,38.90721],[-6.33878,38.90753]]}},{"type":"Feature","properties":{"name":"","kind":"road","road":"pedestrian","osm":140067952},"geometry":{"type":"LineString","coordinates":[[-6.33996,38.90733],[-6.33993,38.90721]]}},{"type":"Feature","properties":{"name":"","kind":"road","road":"pedestrian","osm":140067953},"geometry":{"type":"LineString","coordinates":[[-6.3383,38.90667],[-6.33832,38.90667],[-6.33878,38.90659],[-6.33939,38.9065],[-6.33974,38.90644]]}},{"type":"Feature","properties":{"name":"","kind":"road","road":"pedestrian","osm":140067954},"geometry":{"type":"LineString","coordinates":[[-6.33878,38.90706],[-6.33874,38.90707],[-6.3387,38.90691]]}},{"type":"Feature","properties":{"name":"","kind":"road","road":"pedestrian","osm":140067956},"geometry":{"type":"LineString","coordinates":[[-6.34014,38.90714],[-6.34012,38.9071],[-6.34005,38.90699],[-6.34003,38.90682],[-6.33998,38.90674],[-6.33984,38.90639],[-6.3398,38.90637],[-6.33975,38.90638]]}},{"type":"Feature","properties":{"name":"","kind":"road","road":"pedestrian","osm":140067957},"geometry":{"type":"LineString","coordinates":[[-6.33852,38.90724],[-6.3386,38.90721]]}},{"type":"Feature","properties":{"name":"","kind":"road","road":"pedestrian","osm":140067958},"geometry":{"type":"LineString","coordinates":[[-6.33878,38.90729],[-6.33881,38.90728],[-6.33894,38.90726],[-6.33905,38.90726],[-6.33916,38.90727],[-6.33919,38.90728],[-6.33934,38.90731]]}},{"type":"Feature","properties":{"name":"","kind":"road","road":"pedestrian","osm":140067959},"geometry":{"type":"LineString","coordinates":[[-6.3384,38.90701],[-6.33848,38.90699]]}},{"type":"Feature","properties":{"name":"","kind":"road","road":"pedestrian","osm":140067960},"geometry":{"type":"LineString","coordinates":[[-6.33882,38.90671],[-6.33878,38.90659]]}},{"type":"Feature","properties":{"name":"","kind":"road","road":"pedestrian","osm":140067962},"geometry":{"type":"LineString","coordinates":[[-6.33919,38.90728],[-6.3392,38.90723],[-6.33918,38.90715]]}},{"type":"Feature","properties":{"name":"","kind":"road","road":"pedestrian","osm":140067963},"geometry":{"type":"LineString","coordinates":[[-6.33785,38.90678],[-6.33791,38.90676],[-6.338,38.90675],[-6.33832,38.90671]]}},{"type":"Feature","properties":{"name":"","kind":"road","road":"pedestrian","osm":140067964},"geometry":{"type":"LineString","coordinates":[[-6.33894,38.90704],[-6.33893,38.90702],[-6.3389,38.90689],[-6.3387,38.90691],[-6.33845,38.90695]]}},{"type":"Feature","properties":{"name":"Avenida Jose Saramago de Sousa","kind":"road","road":"tertiary","osm":141212350},"geometry":{"type":"LineString","coordinates":[[-6.3531,38.90656],[-6.35249,38.90674],[-6.35165,38.90699],[-6.35114,38.90714],[-6.3511,38.90715],[-6.35092,38.90718],[-6.35074,38.90721],[-6.34907,38.90752],[-6.34881,38.90756]]}},{"type":"Feature","properties":{"name":"","kind":"road","road":"secondary","osm":141212351},"geometry":{"type":"LineString","coordinates":[[-6.35331,38.90636],[-6.35331,38.90641],[-6.35332,38.90646],[-6.35336,38.90651],[-6.3534,38.90654]]}},{"type":"Feature","properties":{"name":"Avenida Jose Saramago de Sousa","kind":"road","road":"tertiary","osm":141212358},"geometry":{"type":"LineString","coordinates":[[-6.3531,38.90656],[-6.35329,38.90653],[-6.35333,38.90653],[-6.3534,38.90654]]}},{"type":"Feature","properties":{"name":"","kind":"road","road":"secondary","osm":141212361},"geometry":{"type":"LineString","coordinates":[[-6.35392,38.90697],[-6.35383,38.90684],[-6.35374,38.90665],[-6.35371,38.90658],[-6.35369,38.90652]]}},{"type":"Feature","properties":{"name":"Avenida Jose Saramago de Sousa","kind":"road","road":"tertiary","osm":141212363},"geometry":{"type":"LineString","coordinates":[[-6.35331,38.90636],[-6.35323,38.90645],[-6.35314,38.90652],[-6.3531,38.90656]]}},{"type":"Feature","properties":{"name":"Calle Oviedo","kind":"road","road":"secondary","osm":149604413},"geometry":{"type":"LineString","coordinates":[[-6.34122,38.91082],[-6.34128,38.91085],[-6.34133,38.91088],[-6.34135,38.91089],[-6.34148,38.91098],[-6.34158,38.91105],[-6.34166,38.9111],[-6.3418,38.9112],[-6.34195,38.91132],[-6.34216,38.91152],[-6.34233,38.91172],[-6.34239,38.9118]]}},{"type":"Feature","properties":{"name":"Calle Vicente Aleixandre","kind":"road","road":"tertiary","osm":149604418},"geometry":{"type":"LineString","coordinates":[[-6.34101,38.9105],[-6.34093,38.91052],[-6.34085,38.91053],[-6.34077,38.91053]]}},{"type":"Feature","properties":{"name":"Calle Vicente Aleixandre","kind":"road","road":"tertiary","osm":149604421},"geometry":{"type":"LineString","coordinates":[[-6.34077,38.91053],[-6.34083,38.91054],[-6.34091,38.91057],[-6.34095,38.9106]]}},{"type":"Feature","properties":{"name":"Avenida Juan Carlos I","kind":"road","road":"primary","osm":149660368},"geometry":{"type":"LineString","coordinates":[[-6.33561,38.92009],[-6.33538,38.92015],[-6.3351,38.92025],[-6.33467,38.92046],[-6.33433,38.92057],[-6.33388,38.92064],[-6.33364,38.92069]]}},{"type":"Feature","properties":{"name":"","kind":"road","road":"primary","osm":149660369},"geometry":{"type":"LineString","coordinates":[[-6.34347,38.91997],[-6.34341,38.91996],[-6.34338,38.91998],[-6.34335,38.92],[-6.34335,38.92003]]}},{"type":"Feature","properties":{"name":"Avenida Reina Sofía","kind":"road","road":"trunk","osm":149713208},"geometry":{"type":"LineString","coordinates":[[-6.33278,38.91468],[-6.33273,38.91478],[-6.33264,38.91486],[-6.33237,38.91508],[-6.33183,38.9155],[-6.33163,38.91565]]}},{"type":"Feature","properties":{"name":"Avenida Reina Sofía","kind":"road","road":"trunk","osm":149713209},"geometry":{"type":"LineString","coordinates":[[-6.33311,38.91464],[-6.33327,38.91448],[-6.33477,38.9133],[-6.33497,38.91316],[-6.33513,38.91308],[-6.33542,38.91294],[-6.33553,38.91289],[-6.33739,38.91216],[-6.33754,38.91212],[-6.33763,38.9121]]}},{"type":"Feature","properties":{"name":"","kind":"road","road":"trunk","osm":149713236},"geometry":{"type":"LineString","coordinates":[[-6.33278,38.91468],[-6.33279,38.91471],[-6.33282,38.91474],[-6.33285,38.91476],[-6.33288,38.91477],[-6.33292,38.91478],[-6.33296,38.91478],[-6.33301,38.91477],[-6.33304,38.91475],[-6.33307,38.91473],[-6.3331,38.9147],[-6.33311,38.91467],[-6.33311,38.91464],[-6.3331,38.91461]]}},{"type":"Feature","properties":{"name":"Avenida Juan Carlos I","kind":"road","road":"primary","osm":149716538},"geometry":{"type":"LineString","coordinates":[[-6.33216,38.92146],[-6.33204,38.92147],[-6.33144,38.92181],[-6.33127,38.92192],[-6.33117,38.92198],[-6.33098,38.92208],[-6.33092,38.92212],[-6.3307,38.92225],[-6.33065,38.92228],[-6.33011,38.92258],[-6.32971,38.9228],[-6.32949,38.92292],[-6.32921,38.92307],[-6.32874,38.92334],[-6.32819,38.92362],[-6.32803,38.92371],[-6.32792,38.92374],[-6.32784,38.92375],[-6.32776,38.92373],[-6.32768,38.9237]]}},{"type":"Feature","properties":{"name":"Avenida Juan Carlos I","kind":"road","road":"primary","osm":149716539},"geometry":{"type":"LineString","coordinates":[[-6.32764,38.9239],[-6.32797,38.92381],[-6.32827,38.92367],[-6.32879,38.9234],[-6.32927,38.92313],[-6.32931,38.92311],[-6.32977,38.92286],[-6.32983,38.92283],[-6.33017,38.92264],[-6.33026,38.92258],[-6.33069,38.92233],[-6.33089,38.92222],[-6.33096,38.92218],[-6.33112,38.92209],[-6.33132,38.92198],[-6.33139,38.92194],[-6.33209,38.92153],[-6.33216,38.92146]]}},{"type":"Feature","properties":{"name":"Avenida Reina Sofía","kind":"road","road":"trunk","osm":149743924},"geometry":{"type":"LineString","coordinates":[[-6.33163,38.91565],[-6.3314,38.91584]]}},{"type":"Feature","properties":{"name":"Avenida Reina Sofía","kind":"road","road":"trunk","osm":149743928},"geometry":{"type":"LineString","coordinates":[[-6.33145,38.91592],[-6.33169,38.91573]]}},{"type":"Feature","properties":{"name":"Avenida Reina Sofía","kind":"road","road":"trunk","osm":149743932},"geometry":{"type":"LineString","coordinates":[[-6.3314,38.91584],[-6.33103,38.91615],[-6.33091,38.91624],[-6.33081,38.91631],[-6.33075,38.91637]]}},{"type":"Feature","properties":{"name":"Avenida Reina Sofía","kind":"road","road":"trunk","osm":149743937},"geometry":{"type":"LineString","coordinates":[[-6.33169,38.91573],[-6.33191,38.91558],[-6.33244,38.91514],[-6.33266,38.91497],[-6.33272,38.91492],[-6.33284,38.91482],[-6.33296,38.91478]]}},{"type":"Feature","properties":{"name":"Parque Acueducto de los Milagros","kind":"park","road":"","osm":152829748},"geometry":{"type":"Polygon","coordinates":[[[-6.35215,38.92277],[-6.35406,38.92231],[-6.35455,38.92272],[-6.35474,38.9232],[-6.35387,38.92338],[-6.35325,38.92339],[-6.35226,38.92333],[-6.35226,38.92311],[-6.35215,38.92277]]]}},{"type":"Feature","properties":{"name":"Parque de la Argentina","kind":"park","road":"","osm":152829749},"geometry":{"type":"Polygon","coordinates":[[[-6.33775,38.91688],[-6.3373,38.91691],[-6.33709,38.91688],[-6.33656,38.91656],[-6.3365,38.91623],[-6.33674,38.91604],[-6.33775,38.91688]]]}},{"type":"Feature","properties":{"name":"Jardines del Hipodromo","kind":"park","road":"","osm":152829754},"geometry":{"type":"Polygon","coordinates":[[[-6.33377,38.91898],[-6.33311,38.91907],[-6.33314,38.9194],[-6.3306,38.9195],[-6.33085,38.919],[-6.33107,38.91857],[-6.33115,38.91843],[-6.33134,38.91805],[-6.3314,38.91807],[-6.33145,38.91819],[-6.33258,38.91784],[-6.33278,38.91792],[-6.33292,38.9181],[-6.33377,38.91898]]]}},{"type":"Feature","properties":{"name":"","kind":"park","road":"","osm":152837525},"geometry":{"type":"Polygon","coordinates":[[[-6.33133,38.91579],[-6.3307,38.91624],[-6.32931,38.91375],[-6.3294,38.91375],[-6.33013,38.91376],[-6.33133,38.91579]]]}},{"type":"Feature","properties":{"name":"Calle Martín Almagro","kind":"road","road":"pedestrian","osm":154757703},"geometry":{"type":"LineString","coordinates":[[-6.35926,38.91369],[-6.35915,38.91313]]}},{"type":"Feature","properties":{"name":"Calle Miguel Calderón Caldera","kind":"road","road":"pedestrian","osm":154757708},"geometry":{"type":"LineString","coordinates":[[-6.36063,38.91299],[-6.36068,38.91299],[-6.3607,38.91307],[-6.36073,38.91323],[-6.36079,38.91351]]}},{"type":"Feature","properties":{"name":"","kind":"road","road":"pedestrian","osm":154761632},"geometry":{"type":"LineString","coordinates":[[-6.35193,38.90902],[-6.35227,38.90913],[-6.35257,38.90922]]}},{"type":"Feature","properties":{"name":"","kind":"road","road":"pedestrian","osm":154761633},"geometry":{"type":"LineString","coordinates":[[-6.35348,38.90787],[-6.35322,38.90772]]}},{"type":"Feature","properties":{"name":"Calle Francisco de Ulloa","kind":"road","road":"pedestrian","osm":154761634},"geometry":{"type":"LineString","coordinates":[[-6.35204,38.90869],[-6.35067,38.90817]]}},{"type":"Feature","properties":{"name":"","kind":"road","road":"pedestrian","osm":154761639},"geometry":{"type":"LineString","coordinates":[[-6.3548,38.90601],[-6.35477,38.90597],[-6.35428,38.905],[-6.35424,38.90493]]}},{"type":"Feature","properties":{"name":"Calle Juan de la Cosa","kind":"road","road":"pedestrian","osm":154761640},"geometry":{"type":"LineString","coordinates":[[-6.35322,38.90772],[-6.35263,38.90837],[-6.35254,38.90846]]}},{"type":"Feature","properties":{"name":"Calle Juan de la Cosa","kind":"road","road":"pedestrian","osm":154761642},"geometry":{"type":"LineString","coordinates":[[-6.35254,38.90846],[-6.35227,38.90913]]}},{"type":"Feature","properties":{"name":"","kind":"park","road":"","osm":154938166},"geometry":{"type":"Polygon","coordinates":[[[-6.35783,38.91289],[-6.3578,38.91267],[-6.35766,38.91267],[-6.35754,38.91265],[-6.35741,38.9126],[-6.35727,38.91251],[-6.35698,38.91221],[-6.35704,38.91216],[-6.35689,38.912],[-6.35681,38.91198],[-6.35676,38.91199],[-6.3565,38.91214],[-6.35647,38.91219],[-6.35648,38.91224],[-6.35663,38.91247],[-6.35709,38.91319],[-6.35714,38.91322],[-6.35722,38.91324],[-6.35727,38.91325],[-6.35733,38.91324],[-6.35738,38.91323],[-6.35735,38.91315],[-6.3575,38.91313],[-6.35758,38.91313],[-6.35768,38.91313],[-6.35781,38.91313],[-6.35793,38.91316],[-6.35813,38.91323],[-6.35808,38.913],[-6.35807,38.91293],[-6.35806,38.91289],[-6.35806,38.91287],[-6.35861,38.91279],[-6.35823,38.91284],[-6.35783,38.91289]]]}},{"type":"Feature","properties":{"name":"","kind":"park","road":"","osm":154945752},"geometry":{"type":"Polygon","coordinates":[[[-6.35964,38.90677],[-6.35914,38.90708],[-6.35904,38.9069],[-6.35897,38.90673],[-6.35892,38.90662],[-6.35886,38.90651],[-6.35882,38.9064],[-6.35876,38.90628],[-6.35874,38.90625],[-6.35848,38.90576],[-6.35859,38.90574],[-6.35876,38.9061],[-6.35886,38.90607],[-6.3589,38.90606],[-6.35897,38.90604],[-6.35901,38.90609],[-6.35882,38.90621],[-6.35907,38.9065],[-6.35929,38.90638],[-6.35964,38.90677]]]}},{"type":"Feature","properties":{"name":"","kind":"park","road":"","osm":154946769},"geometry":{"type":"Polygon","coordinates":[[[-6.3534,38.90899],[-6.3531,38.90834],[-6.35289,38.9086],[-6.35281,38.90875],[-6.3534,38.90899]]]}},{"type":"Feature","properties":{"name":"","kind":"park","road":"","osm":154946772},"geometry":{"type":"Polygon","coordinates":[[[-6.35471,38.90987],[-6.35468,38.90991],[-6.35465,38.90994],[-6.35461,38.90995],[-6.35455,38.90994],[-6.35451,38.90993],[-6.35449,38.9099],[-6.35447,38.90987],[-6.35447,38.90984],[-6.35448,38.90981],[-6.35451,38.90978],[-6.35455,38.90976],[-6.3546,38.90976],[-6.35465,38.90977],[-6.35469,38.9098],[-6.35471,38.90984],[-6.35471,38.90987]]]}},{"type":"Feature","properties":{"name":"","kind":"park","road":"","osm":154946773},"geometry":{"type":"Polygon","coordinates":[[[-6.35593,38.90823],[-6.35589,38.90825],[-6.35577,38.90828],[-6.35594,38.90865],[-6.35596,38.90871],[-6.35604,38.90868],[-6.35615,38.90891],[-6.35616,38.90893],[-6.35638,38.90886],[-6.35641,38.90893],[-6.35631,38.90899],[-6.35616,38.90907],[-6.35599,38.9089],[-6.35578,38.90903],[-6.35591,38.90916],[-6.35592,38.90919],[-6.35592,38.90921],[-6.35591,38.90923],[-6.35568,38.90937],[-6.35563,38.90939],[-6.35557,38.9094],[-6.3555,38.90939],[-6.35545,38.90938],[-6.35539,38.90936],[-6.35535,38.90934],[-6.35531,38.9093],[-6.35528,38.90927],[-6.35525,38.90922],[-6.35511,38.90889],[-6.35509,38.90884],[-6.35509,38.9088],[-6.3551,38.90875],[-6.35511,38.90871],[-6.35513,38.90867],[-6.35516,38.90863],[-6.3552,38.90859],[-6.35526,38.90855],[-6.35551,38.9084],[-6.35555,38.90837],[-6.3556,38.90833],[-6.35563,38.90829],[-6.35567,38.90823],[-6.3557,38.90819],[-6.35571,38.90813],[-6.35571,38.90807],[-6.3557,38.90801],[-6.35568,38.90796],[-6.35547,38.90749],[-6.35546,38.90744],[-6.35546,38.90741],[-6.35548,38.90737],[-6.35551,38.90734],[-6.35554,38.90732],[-6.35558,38.9073],[-6.3558,38.90724],[-6.35589,38.90744],[-6.35571,38.90749],[-6.35566,38.90751],[-6.35584,38.90789],[-6.3559,38.90787],[-6.35606,38.9082],[-6.35601,38.90821],[-6.35593,38.90823]]]}},{"type":"Feature","properties":{"name":"","kind":"park","road":"","osm":154946774},"geometry":{"type":"Polygon","coordinates":[[[-6.35495,38.90974],[-6.35525,38.91039],[-6.35522,38.91043],[-6.35517,38.91044],[-6.35509,38.91044],[-6.355,38.91044],[-6.35493,38.91042],[-6.35257,38.90943],[-6.35263,38.90917],[-6.35265,38.90915],[-6.35437,38.90987],[-6.3544,38.90993],[-6.35445,38.90998],[-6.35452,38.91001],[-6.35459,38.91002],[-6.35467,38.91001],[-6.35472,38.90998],[-6.35477,38.90993],[-6.3548,38.90988],[-6.3548,38.90986],[-6.35479,38.90981],[-6.35477,38.90977],[-6.35495,38.90974]]]}},{"type":"Feature","properties":{"name":"","kind":"park","road":"","osm":154953513},"geometry":{"type":"Polygon","coordinates":[[[-6.35978,38.91211],[-6.35974,38.91212],[-6.3596,38.91213],[-6.35951,38.91214],[-6.35938,38.91216],[-6.35929,38.91217],[-6.35915,38.91219],[-6.35907,38.9122],[-6.35893,38.91221],[-6.35888,38.91222],[-6.35892,38.91234],[-6.35968,38.91226],[-6.35979,38.91225],[-6.35978,38.91211]]]}},{"type":"Feature","properties":{"name":"","kind":"park","road":"","osm":154953515},"geometry":{"type":"Polygon","coordinates":[[[-6.35968,38.91105],[-6.35966,38.91097],[-6.35958,38.91085],[-6.35923,38.91062],[-6.35984,38.91046],[-6.35989,38.91043],[-6.35992,38.91047],[-6.3603,38.91044],[-6.36032,38.91061],[-6.36033,38.91089],[-6.36048,38.91087],[-6.36064,38.91084],[-6.36069,38.91084],[-6.36079,38.91083],[-6.3608,38.91093],[-6.36015,38.911],[-6.36009,38.91101],[-6.35968,38.91105]]]}},{"type":"Feature","properties":{"name":"","kind":"park","road":"","osm":154953520},"geometry":{"type":"Polygon","coordinates":[[[-6.35991,38.91206],[-6.35994,38.91206],[-6.36006,38.91204],[-6.36011,38.91204],[-6.36015,38.91226],[-6.36001,38.91228],[-6.35994,38.91224],[-6.35991,38.91206]]]}},{"type":"Feature","properties":{"name":"","kind":"park","road":"","osm":154955669},"geometry":{"type":"Polygon","coordinates":[[[-6.34154,38.90822],[-6.34117,38.90745],[-6.3415,38.90737],[-6.342,38.9081],[-6.34154,38.90822]]]}},{"type":"Feature","properties":{"name":"Parque de la universidad","kind":"park","road":"","osm":154955674},"geometry":{"type":"Polygon","coordinates":[[[-6.33829,38.90778],[-6.33781,38.90687],[-6.33699,38.90708],[-6.3369,38.90714],[-6.33814,38.90786],[-6.33821,38.90786],[-6.33827,38.90784],[-6.3383,38.90782],[-6.33829,38.90778]]]}},{"type":"Feature","properties":{"name":"Parque De los Pollos Columpios","kind":"park","road":"","osm":154955679},"geometry":{"type":"Polygon","coordinates":[[[-6.33762,38.9111],[-6.33767,38.9111],[-6.33847,38.91044],[-6.33848,38.91042],[-6.33846,38.91038],[-6.3383,38.91026],[-6.33827,38.91028],[-6.33791,38.91057],[-6.33749,38.91091],[-6.33743,38.91096],[-6.33762,38.9111]]]}},{"type":"Feature","properties":{"name":"Paque de los Pollos","kind":"park","road":"","osm":154955681},"geometry":{"type":"Polygon","coordinates":[[[-6.3404,38.91039],[-6.3405,38.91049],[-6.33984,38.91052],[-6.33958,38.91057],[-6.33915,38.91069],[-6.33776,38.91118],[-6.33776,38.91113],[-6.3385,38.91051],[-6.33856,38.91052],[-6.33879,38.91067],[-6.33884,38.91068],[-6.33889,38.91067],[-6.33894,38.91066],[-6.33972,38.90999],[-6.3404,38.91039]]]}},{"type":"Feature","properties":{"name":"Rotonda de las monjas","kind":"park","road":"","osm":154955686},"geometry":{"type":"Polygon","coordinates":[[[-6.33909,38.90897],[-6.33903,38.90898],[-6.33898,38.90901],[-6.33894,38.90906],[-6.33893,38.9091],[-6.33894,38.90914],[-6.33898,38.90919],[-6.33903,38.90921],[-6.33911,38.90922],[-6.33916,38.90921],[-6.33921,38.90919],[-6.33924,38.90915],[-6.33925,38.9091],[-6.33925,38.90907],[-6.33922,38.90902],[-6.33918,38.90899],[-6.33913,38.90898],[-6.33909,38.90897]]]}},{"type":"Feature","properties":{"name":"Parque trasero de la Universidad","kind":"park","road":"","osm":154955688},"geometry":{"type":"Polygon","coordinates":[[[-6.34136,38.90712],[-6.33994,38.90736],[-6.34001,38.90758],[-6.34148,38.90732],[-6.34136,38.90712]]]}},{"type":"Feature","properties":{"name":"Camino del Peral","kind":"road","road":"tertiary","osm":157519403},"geometry":{"type":"LineString","coordinates":[[-6.33865,38.90882],[-6.33873,38.9089],[-6.33882,38.90901],[-6.33888,38.90909]]}},{"type":"Feature","properties":{"name":"Camino del Peral","kind":"road","road":"tertiary","osm":157519404},"geometry":{"type":"LineString","coordinates":[[-6.339,38.90895],[-6.33891,38.90892],[-6.33876,38.90888],[-6.33865,38.90882]]}},{"type":"Feature","properties":{"name":"Calle San Bartolomé","kind":"road","road":"pedestrian","osm":157556113},"geometry":{"type":"LineString","coordinates":[[-6.35116,38.92483],[-6.35115,38.92475],[-6.35118,38.92475],[-6.35117,38.92473],[-6.35117,38.92471],[-6.35117,38.92468],[-6.35091,38.9247],[-6.35091,38.92472],[-6.35092,38.92484],[-6.35109,38.92483],[-6.35113,38.92483],[-6.35116,38.92483]]}},{"type":"Feature","properties":{"name":"","kind":"road","road":"pedestrian","osm":157556126},"geometry":{"type":"LineString","coordinates":[[-6.35084,38.92448],[-6.35082,38.92422]]}},{"type":"Feature","properties":{"name":"Avenida Rabo de Buey","kind":"road","road":"pedestrian","osm":157579597},"geometry":{"type":"LineString","coordinates":[[-6.33663,38.92761],[-6.3366,38.92755],[-6.33613,38.92718],[-6.33607,38.9271],[-6.33603,38.92701],[-6.33584,38.92652],[-6.33556,38.92576],[-6.3355,38.92532],[-6.33551,38.92467],[-6.33518,38.92332],[-6.33515,38.92323]]}},{"type":"Feature","properties":{"name":"Calle Julio César","kind":"road","road":"pedestrian","osm":157590286},"geometry":{"type":"LineString","coordinates":[[-6.3471,38.92487],[-6.34697,38.92486],[-6.34692,38.92486],[-6.34688,38.92486],[-6.34676,38.92486],[-6.34667,38.92486],[-6.34658,38.92486],[-6.34642,38.92485],[-6.34628,38.92485],[-6.3462,38.92485],[-6.34611,38.92485],[-6.34599,38.92484],[-6.34568,38.92484]]}},{"type":"Feature","properties":{"name":"Calle Marco Antonio","kind":"road","road":"pedestrian","osm":157590287},"geometry":{"type":"LineString","coordinates":[[-6.3471,38.92509],[-6.34696,38.92509],[-6.34691,38.92509],[-6.34642,38.92507],[-6.34597,38.92506],[-6.34564,38.92505]]}},{"type":"Feature","properties":{"name":"Calle Marco Bruto","kind":"road","road":"pedestrian","osm":157590288},"geometry":{"type":"LineString","coordinates":[[-6.34642,38.92473],[-6.34639,38.92473],[-6.3463,38.92473],[-6.34624,38.92472],[-6.3462,38.92472],[-6.34612,38.92472],[-6.34603,38.92472],[-6.346,38.92472]]}},{"type":"Feature","properties":{"name":"","kind":"road","road":"pedestrian","osm":157719150},"geometry":{"type":"LineString","coordinates":[[-6.32943,38.92318],[-6.32958,38.92334],[-6.32969,38.92328],[-6.32985,38.92347],[-6.32948,38.92367],[-6.32932,38.92348],[-6.32944,38.92342],[-6.32947,38.92337],[-6.32932,38.92322],[-6.32939,38.92321],[-6.32943,38.92318]]}},{"type":"Feature","properties":{"name":"Calle Puebla de la Calzada","kind":"road","road":"pedestrian","osm":157721240},"geometry":{"type":"LineString","coordinates":[[-6.33011,38.92141],[-6.32989,38.92096]]}},{"type":"Feature","properties":{"name":"Calle Alburquerque","kind":"road","road":"pedestrian","osm":157741413},"geometry":{"type":"LineString","coordinates":[[-6.33749,38.9214],[-6.33736,38.92131],[-6.33729,38.92122],[-6.33725,38.92115],[-6.33721,38.92106],[-6.33718,38.92098],[-6.33718,38.92091]]}},{"type":"Feature","properties":{"name":"Calle Arzobispo Paulo","kind":"road","road":"pedestrian","osm":157741417},"geometry":{"type":"LineString","coordinates":[[-6.33682,38.92203],[-6.33656,38.92204],[-6.33642,38.92204],[-6.33621,38.92204],[-6.33559,38.92205]]}},{"type":"Feature","properties":{"name":"Calle Cardenal Molina","kind":"road","road":"pedestrian","osm":157748656},"geometry":{"type":"LineString","coordinates":[[-6.35164,38.92043],[-6.3511,38.91992]]}},{"type":"Feature","properties":{"name":"Calle Fernández y Pérez","kind":"road","road":"pedestrian","osm":157748661},"geometry":{"type":"LineString","coordinates":[[-6.35199,38.92097],[-6.35151,38.92047]]}},{"type":"Feature","properties":{"name":"Travesía Prudencio","kind":"road","road":"pedestrian","osm":157748679},"geometry":{"type":"LineString","coordinates":[[-6.35135,38.92052],[-6.35116,38.92032]]}},{"type":"Feature","properties":{"name":"Calle San Salvador","kind":"road","road":"pedestrian","osm":157867287},"geometry":{"type":"LineString","coordinates":[[-6.34774,38.91652],[-6.34797,38.91681],[-6.348,38.91685],[-6.3485,38.91729],[-6.34904,38.91768]]}},{"type":"Feature","properties":{"name":"Calle Beatriz de Silva","kind":"road","road":"pedestrian","osm":157868774},"geometry":{"type":"LineString","coordinates":[[-6.34568,38.91778],[-6.34584,38.91799],[-6.34594,38.91806],[-6.34607,38.91822]]}},{"type":"Feature","properties":{"name":"Calle Delgado Valencia","kind":"road","road":"pedestrian","osm":157868775},"geometry":{"type":"LineString","coordinates":[[-6.34313,38.91791],[-6.34324,38.91798],[-6.34335,38.91804],[-6.34351,38.9181],[-6.34376,38.91826],[-6.34391,38.91831]]}},{"type":"Feature","properties":{"name":"Calle Santa Catalina","kind":"road","road":"pedestrian","osm":157899544},"geometry":{"type":"LineString","coordinates":[[-6.34415,38.9165],[-6.34399,38.91659],[-6.34386,38.91662]]}},{"type":"Feature","properties":{"name":"Plaza de Pizarro","kind":"park","road":"","osm":158067942},"geometry":{"type":"Polygon","coordinates":[[[-6.34207,38.91355],[-6.34183,38.91336],[-6.34151,38.91355],[-6.34154,38.91358],[-6.34162,38.91364],[-6.34178,38.91375],[-6.34179,38.91374],[-6.34188,38.91368],[-6.34192,38.91365],[-6.34197,38.91362],[-6.34201,38.91359],[-6.34207,38.91355]]]}},{"type":"Feature","properties":{"name":"Río Guadiana","kind":"river","road":"","osm":158198980},"geometry":{"type":"LineString","coordinates":[[-6.13805,38.94964],[-6.13935,38.95042],[-6.14004,38.95076],[-6.14337,38.9512],[-6.14484,38.9515],[-6.14653,38.95155],[-6.14759,38.95128],[-6.14829,38.95074],[-6.14963,38.94938],[-6.15079,38.94808],[-6.15246,38.94656],[-6.15442,38.9451],[-6.15542,38.94462],[-6.15714,38.94396],[-6.15897,38.94343],[-6.16009,38.94327],[-6.16244,38.94332],[-6.16388,38.94339],[-6.16466,38.94325],[-6.16714,38.94246],[-6.16893,38.94137],[-6.17028,38.94058],[-6.17207,38.93977],[-6.17389,38.93852],[-6.17544,38.937],[-6.18099,38.93308],[-6.18288,38.93119],[-6.18365,38.93002],[-6.18592,38.92669],[-6.18685,38.92528],[-6.18852,38.92325],[-6.18885,38.92227],[-6.18882,38.92169],[-6.18842,38.9213],[-6.18747,38.92066],[-6.18658,38.9201],[-6.18602,38.91995],[-6.18394,38.91963],[-6.1836,38.91954],[-6.18334,38.91934],[-6.18329,38.91913],[-6.1833,38.9189],[-6.18382,38.918],[-6.18471,38.91671],[-6.18579,38.91532],[-6.18692,38.91424],[-6.18734,38.91381],[-6.18792,38.91347],[-6.18882,38.91311],[-6.18941,38.91284],[-6.19001,38.91241],[-6.19032,38.91187],[-6.1918,38.90641],[-6.19171,38.90509],[-6.1903,38.90201],[-6.18987,38.90066],[-6.18975,38.8993],[-6.18978,38.89713],[-6.19027,38.8941],[-6.19034,38.89122],[-6.1902,38.88758],[-6.19035,38.88681],[-6.19086,38.88604],[-6.1914,38.88545],[-6.19209,38.88501],[-6.19278,38.88478],[-6.19367,38.88463],[-6.19462,38.88462],[-6.19789,38.88521],[-6.20043,38.88553],[-6.20145,38.88549],[-6.2028,38.88528],[-6.20529,38.88525],[-6.20738,38.88569],[-6.20935,38.88624],[-6.21072,38.88586],[-6.21186,38.88505],[-6.21257,38.88428],[-6.21306,38.88338],[-6.2131,38.88282],[-6.21315,38.8816],[-6.21376,38.87991],[-6.21366,38.87886],[-6.21297,38.87786],[-6.21151,38.87658],[-6.21035,38.87552],[-6.20963,38.87443],[-6.20884,38.87274],[-6.20863,38.87214],[-6.20848,38.87135],[-6.20852,38.87055],[-6.20842,38.86941],[-6.20848,38.86933],[-6.20858,38.86928],[-6.20922,38.8694],[-6.20983,38.86938],[-6.21035,38.8691],[-6.2106,38.86869],[-6.21055,38.86798],[-6.21027,38.86725],[-6.21033,38.86684],[-6.21048,38.86643],[-6.2107,38.86608],[-6.21108,38.86574],[-6.21291,38.86484],[-6.21404,38.86433],[-6.21737,38.86257],[-6.22104,38.86109],[-6.22174,38.86063],[-6.22251,38.86036],[-6.22311,38.86039],[-6.2238,38.86029],[-6.22441,38.86006],[-6.22594,38.85915],[-6.22681,38.85853],[-6.22736,38.85766],[-6.22758,38.85679],[-6.22749,38.85618],[-6.22728,38.85555],[-6.22675,38.85466],[-6.22666,38.85442],[-6.22664,38.85422],[-6.22659,38.85152],[-6.22666,38.85139],[-6.22684,38.85124],[-6.22711,38.85114],[-6.22734,38.85102],[-6.2274,38.85091],[-6.22735,38.8503],[-6.22695,38.84815],[-6.22626,38.84703],[-6.2261,38.84541],[-6.22637,38.84377],[-6.22676,38.84293],[-6.2274,38.84199],[-6.22842,38.84091],[-6.23037,38.8392],[-6.2319,38.83833],[-6.23401,38.83768],[-6.23578,38.83748],[-6.23773,38.83679],[-6.24025,38.83522],[-6.24254,38.83349],[-6.2455,38.83205],[-6.24798,38.83124],[-6.25065,38.8309],[-6.25348,38.831],[-6.25674,38.83183],[-6.25829,38.83236],[-6.25963,38.83266],[-6.26228,38.83294],[-6.26541,38.83359],[-6.26775,38.83337],[-6.27109,38.83242],[-6.27479,38.83209],[-6.28037,38.83269],[-6.28119,38.83318],[-6.28307,38.8338],[-6.28469,38.83405],[-6.28534,38.83422],[-6.28605,38.83459],[-6.28674,38.8353],[-6.288,38.83746],[-6.29018,38.83871],[-6.29148,38.83924],[-6.29187,38.83942],[-6.293,38.84019],[-6.29417,38.84129],[-6.29493,38.84227],[-6.3012,38.84702],[-6.30427,38.84815],[-6.30716,38.85032],[-6.31262,38.85531],[-6.31525,38.85792],[-6.31674,38.85955],[-6.31829,38.86142],[-6.31833,38.86211],[-6.3187,38.86249],[-6.31917,38.86249],[-6.31964,38.86229],[-6.31987,38.86248],[-6.32035,38.86326],[-6.32022,38.86371],[-6.32005,38.86429],[-6.32025,38.86506],[-6.32122,38.86658],[-6.32164,38.86694],[-6.32272,38.86842],[-6.32332,38.8692],[-6.32366,38.86973],[-6.32402,38.87009],[-6.32437,38.8703],[-6.32476,38.87054],[-6.32493,38.87081],[-6.32495,38.87084],[-6.32495,38.87122],[-6.32495,38.8713],[-6.325,38.87182],[-6.32502,38.87231],[-6.32533,38.87307],[-6.32555,38.87374],[-6.32585,38.87422],[-6.32587,38.87462],[-6.3259,38.87506],[-6.32615,38.87563],[-6.32652,38.87587],[-6.3268,38.87614],[-6.32705,38.87646],[-6.32728,38.87686],[-6.32756,38.8776],[-6.32769,38.87811],[-6.32829,38.87929],[-6.32872,38.88042],[-6.32969,38.88138],[-6.33022,38.88213],[-6.33062,38.88304],[-6.33111,38.88389],[-6.33157,38.88467],[-6.3345,38.88858],[-6.33695,38.89556],[-6.33917,38.90172],[-6.34156,38.90353],[-6.34605,38.90834],[-6.34603,38.90963],[-6.34787,38.91145],[-6.35073,38.91313],[-6.35244,38.91524],[-6.35455,38.91743],[-6.35587,38.91776],[-6.35706,38.91834],[-6.35766,38.91919],[-6.35833,38.9207],[-6.35905,38.92138],[-6.3607,38.92331],[-6.36121,38.92426],[-6.36171,38.9249],[-6.36238,38.92526],[-6.36558,38.92662],[-6.37032,38.92837],[-6.37346,38.9292],[-6.38658,38.93166],[-6.39526,38.93288],[-6.40098,38.93308],[-6.40743,38.93294],[-6.40935,38.93301],[-6.41127,38.93271],[-6.4162,38.93104],[-6.42435,38.92771],[-6.42606,38.92632],[-6.42723,38.92512],[-6.42834,38.92397],[-6.4291,38.92366]]}},{"type":"Feature","properties":{"name":"Calle Ramón de Calatrava","kind":"road","road":"pedestrian","osm":158349308},"geometry":{"type":"LineString","coordinates":[[-6.34127,38.90946],[-6.34102,38.90953],[-6.34093,38.90955],[-6.34061,38.90965],[-6.34028,38.90974],[-6.34021,38.90976]]}},{"type":"Feature","properties":{"name":"Plaza Jose Zorrilla","kind":"road","road":"pedestrian","osm":158349310},"geometry":{"type":"LineString","coordinates":[[-6.34114,38.91035],[-6.34158,38.91022],[-6.34151,38.9101],[-6.34148,38.91003],[-6.34104,38.91016],[-6.34113,38.91032],[-6.34114,38.91035]]}},{"type":"Feature","properties":{"name":"Travesía Jacinto Benavente y Martínez","kind":"road","road":"pedestrian","osm":158349311},"geometry":{"type":"LineString","coordinates":[[-6.34117,38.90925],[-6.34111,38.90927],[-6.34092,38.90933]]}},{"type":"Feature","properties":{"name":"Calle Vicente Aleixandre","kind":"road","road":"tertiary","osm":158349314},"geometry":{"type":"LineString","coordinates":[[-6.33911,38.90927],[-6.33917,38.90932],[-6.33921,38.90935],[-6.33927,38.90941]]}},{"type":"Feature","properties":{"name":"Calle Vicente Aleixandre","kind":"road","road":"tertiary","osm":158349316},"geometry":{"type":"LineString","coordinates":[[-6.33927,38.90941],[-6.33924,38.90933],[-6.33925,38.90928],[-6.33926,38.90922]]}},{"type":"Feature","properties":{"name":"Plaza de los Escritores","kind":"park","road":"","osm":158375791},"geometry":{"type":"Polygon","coordinates":[[[-6.33362,38.91204],[-6.33359,38.91203],[-6.3334,38.91174],[-6.33341,38.91172],[-6.33343,38.91169],[-6.33375,38.91157],[-6.33379,38.91158],[-6.33382,38.91159],[-6.334,38.91187],[-6.33399,38.91189],[-6.33398,38.91192],[-6.33365,38.91205],[-6.33362,38.91204]]]}},{"type":"Feature","properties":{"name":"Avenida de Alange","kind":"road","road":"tertiary","osm":158585623},"geometry":{"type":"LineString","coordinates":[[-6.34826,38.90757],[-6.34817,38.90753],[-6.34808,38.90748],[-6.34795,38.90734],[-6.34786,38.90726]]}},{"type":"Feature","properties":{"name":"Travesía Eduardo Hernández Pacheco","kind":"road","road":"pedestrian","osm":159919412},"geometry":{"type":"LineString","coordinates":[[-6.35068,38.91013],[-6.35079,38.91007],[-6.35087,38.91002],[-6.35108,38.9099],[-6.35113,38.90986],[-6.35121,38.9098],[-6.35122,38.90979]]}},{"type":"Feature","properties":{"name":"Travesía San Antonio","kind":"road","road":"pedestrian","osm":159919413},"geometry":{"type":"LineString","coordinates":[[-6.35108,38.9099],[-6.35118,38.90997],[-6.35129,38.91005],[-6.35164,38.91031],[-6.35198,38.91056],[-6.35205,38.91061],[-6.35208,38.91063]]}},{"type":"Feature","properties":{"name":"Calle Alfredo Kraus","kind":"road","road":"pedestrian","osm":159960912},"geometry":{"type":"LineString","coordinates":[[-6.34999,38.90875],[-6.35017,38.90884],[-6.35034,38.90892],[-6.3505,38.90899],[-6.35067,38.90907],[-6.35083,38.90915],[-6.35095,38.90924]]}},{"type":"Feature","properties":{"name":"Calle Isaac Albéniz","kind":"road","road":"pedestrian","osm":159960914},"geometry":{"type":"LineString","coordinates":[[-6.35083,38.90915],[-6.3504,38.90941],[-6.35014,38.90958]]}},{"type":"Feature","properties":{"name":"Calle Joaquín Rodrigo","kind":"road","road":"pedestrian","osm":159960915},"geometry":{"type":"LineString","coordinates":[[-6.35017,38.90884],[-6.34996,38.90897],[-6.34967,38.90914]]}},{"type":"Feature","properties":{"name":"Calle Manuel de Falla","kind":"road","road":"pedestrian","osm":159960916},"geometry":{"type":"LineString","coordinates":[[-6.3505,38.90899],[-6.35019,38.90919],[-6.3499,38.90936]]}},{"type":"Feature","properties":{"name":"Plaza Bellavista","kind":"road","road":"pedestrian","osm":159960918},"geometry":{"type":"LineString","coordinates":[[-6.35691,38.90682],[-6.35693,38.90686]]}},{"type":"Feature","properties":{"name":"Plaza Bellavista","kind":"road","road":"pedestrian","osm":159960919},"geometry":{"type":"LineString","coordinates":[[-6.35603,38.90707],[-6.35606,38.90712]]}},{"type":"Feature","properties":{"name":"Plaza Bellavista","kind":"road","road":"pedestrian","osm":159960920},"geometry":{"type":"LineString","coordinates":[[-6.35691,38.90682],[-6.35676,38.90652],[-6.35671,38.90654],[-6.35588,38.90677],[-6.35603,38.90707],[-6.35691,38.90682]]}},{"type":"Feature","properties":{"name":"","kind":"road","road":"pedestrian","osm":159960923},"geometry":{"type":"LineString","coordinates":[[-6.35588,38.90677],[-6.35572,38.90643]]}},{"type":"Feature","properties":{"name":"","kind":"road","road":"pedestrian","osm":159960925},"geometry":{"type":"LineString","coordinates":[[-6.35184,38.90919],[-6.35193,38.90902],[-6.35204,38.90869],[-6.3522,38.90827]]}},{"type":"Feature","properties":{"name":"","kind":"road","road":"pedestrian","osm":159960926},"geometry":{"type":"LineString","coordinates":[[-6.34984,38.90885],[-6.34996,38.90897],[-6.35007,38.90908],[-6.35019,38.90919],[-6.35031,38.90931],[-6.3504,38.90941],[-6.35053,38.90954]]}},{"type":"Feature","properties":{"name":"Calle Concha Espina","kind":"road","road":"pedestrian","osm":159970388},"geometry":{"type":"LineString","coordinates":[[-6.34812,38.90441],[-6.34863,38.90542]]}},{"type":"Feature","properties":{"name":"Calle Margarita Nelken","kind":"road","road":"pedestrian","osm":159970393},"geometry":{"type":"LineString","coordinates":[[-6.34867,38.90423],[-6.34922,38.90524]]}},{"type":"Feature","properties":{"name":"Plaza San Germán y San Serván","kind":"road","road":"pedestrian","osm":159970396},"geometry":{"type":"LineString","coordinates":[[-6.3578,38.90702],[-6.35777,38.90695],[-6.35773,38.90686],[-6.35817,38.90673],[-6.35825,38.90691],[-6.3578,38.90702]]}},{"type":"Feature","properties":{"name":"Travesía Luis Álvarez Lencero","kind":"road","road":"pedestrian","osm":159970398},"geometry":{"type":"LineString","coordinates":[[-6.35563,38.90749],[-6.35615,38.90861],[-6.35628,38.90858],[-6.35644,38.90894]]}},{"type":"Feature","properties":{"name":"","kind":"road","road":"pedestrian","osm":171238645},"geometry":{"type":"LineString","coordinates":[[-6.35544,38.91219],[-6.35539,38.91219],[-6.3554,38.91224],[-6.35541,38.9123],[-6.35544,38.91235],[-6.35548,38.91239],[-6.35555,38.91241],[-6.35561,38.91242],[-6.35566,38.91243],[-6.35565,38.9124],[-6.35565,38.91236],[-6.35565,38.91232],[-6.35563,38.91229],[-6.35561,38.91226],[-6.35557,38.91223],[-6.35552,38.91221],[-6.35544,38.91219]]}},{"type":"Feature","properties":{"name":"","kind":"road","road":"pedestrian","osm":171240456},"geometry":{"type":"LineString","coordinates":[[-6.35579,38.91324],[-6.35561,38.91295],[-6.35549,38.91286],[-6.3553,38.91276],[-6.3552,38.9127],[-6.35512,38.91268],[-6.35507,38.9127],[-6.35502,38.91273],[-6.35498,38.91278],[-6.355,38.91282],[-6.35506,38.91288],[-6.35515,38.91294],[-6.35508,38.91299],[-6.35506,38.91302],[-6.35506,38.91305],[-6.3551,38.9131],[-6.35517,38.91316],[-6.35526,38.91322],[-6.35531,38.91323],[-6.35535,38.91323],[-6.35544,38.91322],[-6.35549,38.91322],[-6.35555,38.91323],[-6.35563,38.91326],[-6.35568,38.91326],[-6.35575,38.91326],[-6.35579,38.91324]]}},{"type":"Feature","properties":{"name":"","kind":"road","road":"pedestrian","osm":171241758},"geometry":{"type":"LineString","coordinates":[[-6.35675,38.9156],[-6.35672,38.91559],[-6.35669,38.91558],[-6.35667,38.91561],[-6.35664,38.91564],[-6.35661,38.91567],[-6.35657,38.91568],[-6.3561,38.91582],[-6.35611,38.91584],[-6.35612,38.91587],[-6.35601,38.91591],[-6.35605,38.91599],[-6.35636,38.91588],[-6.3564,38.91587],[-6.35655,38.91583],[-6.35666,38.91578],[-6.35673,38.91567],[-6.35675,38.9156]]}},{"type":"Feature","properties":{"name":"","kind":"road","road":"pedestrian","osm":171241759},"geometry":{"type":"LineString","coordinates":[[-6.35683,38.91593],[-6.35678,38.91587],[-6.35675,38.91578],[-6.35661,38.91587],[-6.35644,38.91593],[-6.35639,38.91595],[-6.35609,38.91604],[-6.35612,38.91608],[-6.35613,38.91611],[-6.35642,38.91601],[-6.35647,38.916],[-6.35666,38.91594],[-6.35683,38.91593]]}},{"type":"Feature","properties":{"name":"","kind":"road","road":"pedestrian","osm":171241760},"geometry":{"type":"LineString","coordinates":[[-6.35614,38.91619],[-6.35617,38.91625],[-6.35629,38.91622],[-6.3563,38.91624],[-6.35632,38.91625],[-6.35676,38.91612],[-6.35682,38.9161],[-6.35686,38.91609],[-6.35694,38.91611],[-6.35695,38.91609],[-6.35696,38.91608],[-6.35697,38.91606],[-6.3569,38.91602],[-6.3568,38.91599],[-6.35668,38.916],[-6.35649,38.91606],[-6.35645,38.91607],[-6.35614,38.91619]]}},{"type":"Feature","properties":{"name":"Parque de las 7 sillas","kind":"park","road":"","osm":171243881},"geometry":{"type":"Polygon","coordinates":[[[-6.35675,38.91541],[-6.35663,38.91562],[-6.35655,38.91567],[-6.3558,38.91589],[-6.3557,38.91562],[-6.35551,38.91515],[-6.35539,38.91484],[-6.35524,38.91438],[-6.35515,38.91433],[-6.35509,38.91426],[-6.35493,38.91418],[-6.35487,38.91412],[-6.35483,38.91403],[-6.35481,38.91387],[-6.35481,38.91379],[-6.35474,38.9136],[-6.35461,38.91345],[-6.35455,38.91333],[-6.35442,38.91329],[-6.35416,38.91322],[-6.35407,38.9132],[-6.35392,38.91312],[-6.35376,38.91301],[-6.35364,38.91296],[-6.35356,38.91295],[-6.35345,38.9129],[-6.35331,38.91283],[-6.35324,38.91283],[-6.35305,38.91273],[-6.35287,38.91273],[-6.35273,38.91276],[-6.35259,38.91272],[-6.35248,38.9127],[-6.35233,38.91273],[-6.35222,38.91276],[-6.35208,38.9128],[-6.35192,38.91281],[-6.35188,38.91279],[-6.35191,38.91272],[-6.35198,38.91265],[-6.35203,38.91259],[-6.35206,38.91255],[-6.35207,38.91253],[-6.35502,38.9107],[-6.35508,38.9107],[-6.35516,38.91068],[-6.35527,38.91065],[-6.35533,38.91065],[-6.35536,38.91073],[-6.35549,38.911],[-6.35546,38.91113],[-6.35539,38.9112],[-6.35537,38.91126],[-6.35537,38.91131],[-6.35538,38.91137],[-6.35542,38.91142],[-6.35549,38.91147],[-6.35555,38.9115],[-6.35566,38.91169],[-6.35577,38.912],[-6.35695,38.91398],[-6.35603,38.91434],[-6.35675,38.91541]]]}},{"type":"Feature","properties":{"name":"","kind":"road","road":"pedestrian","osm":171661739},"geometry":{"type":"LineString","coordinates":[[-6.33811,38.90693],[-6.338,38.90675]]}},{"type":"Feature","properties":{"name":"Puente de Lusitania","kind":"road","road":"primary","osm":212424643},"geometry":{"type":"LineString","coordinates":[[-6.35106,38.91751],[-6.3509,38.91755],[-6.35076,38.91758],[-6.35067,38.91758],[-6.35057,38.91758]]}},{"type":"Feature","properties":{"name":"Puente de Lusitania","kind":"road","road":"primary","osm":212424644},"geometry":{"type":"LineString","coordinates":[[-6.35613,38.91616],[-6.35643,38.91604],[-6.35648,38.91603],[-6.35669,38.91597],[-6.35684,38.91597],[-6.3569,38.91597]]}},{"type":"Feature","properties":{"name":"Calle del Agua","kind":"road","road":"pedestrian","osm":212424670},"geometry":{"type":"LineString","coordinates":[[-6.35022,38.92322],[-6.35033,38.92327],[-6.35043,38.9233],[-6.35055,38.9233],[-6.35069,38.92328],[-6.35085,38.92323],[-6.35108,38.92325],[-6.3513,38.92323],[-6.35145,38.9232],[-6.35165,38.92324],[-6.35188,38.9232],[-6.35207,38.92315],[-6.35226,38.92315],[-6.35242,38.92317],[-6.35266,38.92317],[-6.35293,38.92321],[-6.35317,38.92324],[-6.3535,38.92324],[-6.35383,38.92325],[-6.35409,38.92319],[-6.35431,38.92314],[-6.35471,38.92317],[-6.35505,38.92313],[-6.35543,38.92295]]}},{"type":"Feature","properties":{"name":"","kind":"road","road":"pedestrian","osm":232888052},"geometry":{"type":"LineString","coordinates":[[-6.35655,38.90619],[-6.35671,38.90654]]}},{"type":"Feature","properties":{"name":"","kind":"park","road":"","osm":260417182},"geometry":{"type":"Polygon","coordinates":[[[-6.33911,38.91568],[-6.3391,38.91568],[-6.3391,38.91567],[-6.33922,38.91558],[-6.33904,38.91543],[-6.33899,38.91546],[-6.33898,38.91546],[-6.33897,38.91545],[-6.33904,38.9154],[-6.33925,38.91558],[-6.33911,38.91568]]]}},{"type":"Feature","properties":{"name":"","kind":"park","road":"","osm":260417183},"geometry":{"type":"Polygon","coordinates":[[[-6.33906,38.91573],[-6.33892,38.91584],[-6.3387,38.91567],[-6.33877,38.91561],[-6.33878,38.91562],[-6.33878,38.91563],[-6.33877,38.91563],[-6.33873,38.91567],[-6.33892,38.91581],[-6.33905,38.91572],[-6.33906,38.91572],[-6.33906,38.91573]]]}},{"type":"Feature","properties":{"name":"","kind":"park","road":"","osm":260417184},"geometry":{"type":"Polygon","coordinates":[[[-6.33902,38.91571],[-6.33892,38.91579],[-6.33875,38.91567],[-6.33877,38.91565],[-6.33878,38.91566],[-6.33879,38.91566],[-6.3388,38.91565],[-6.33881,38.91565],[-6.33881,38.91564],[-6.3388,38.91563],[-6.33887,38.91558],[-6.33891,38.91562],[-6.3389,38.91563],[-6.3389,38.91566],[-6.33891,38.91567],[-6.33894,38.91568],[-6.33896,38.91568],[-6.33898,38.91567],[-6.33902,38.91571]]]}},{"type":"Feature","properties":{"name":"","kind":"park","road":"","osm":260417185},"geometry":{"type":"Polygon","coordinates":[[[-6.33908,38.91566],[-6.3392,38.91558],[-6.33904,38.91545],[-6.33899,38.91548],[-6.339,38.91549],[-6.339,38.9155],[-6.339,38.91551],[-6.33898,38.91551],[-6.33897,38.91551],[-6.33896,38.9155],[-6.33892,38.91554],[-6.33897,38.91557],[-6.33899,38.91556],[-6.33901,38.91556],[-6.33903,38.91556],[-6.33905,38.91558],[-6.33906,38.91559],[-6.33906,38.9156],[-6.33905,38.91562],[-6.33904,38.91562],[-6.33908,38.91566]]]}},{"type":"Feature","properties":{"name":"","kind":"park","road":"","osm":260417186},"geometry":{"type":"Polygon","coordinates":[[[-6.33916,38.91572],[-6.33914,38.91571],[-6.33931,38.91557],[-6.33907,38.91538],[-6.3391,38.91536],[-6.33936,38.91557],[-6.33916,38.91572]]]}},{"type":"Feature","properties":{"name":"","kind":"park","road":"","osm":260417187},"geometry":{"type":"Polygon","coordinates":[[[-6.33866,38.91571],[-6.33892,38.91591],[-6.3391,38.91577],[-6.33908,38.91575],[-6.33892,38.91588],[-6.33868,38.91569],[-6.33866,38.91571]]]}},{"type":"Feature","properties":{"name":"","kind":"park","road":"","osm":307908386},"geometry":{"type":"Polygon","coordinates":[[[-6.34554,38.91462],[-6.34572,38.91492],[-6.34598,38.91524],[-6.34614,38.91546],[-6.34617,38.9155],[-6.34618,38.91552],[-6.3462,38.91552],[-6.34635,38.91544],[-6.34634,38.91543],[-6.34637,38.91541],[-6.34618,38.91519],[-6.34612,38.91512],[-6.3461,38.91514],[-6.34605,38.91516],[-6.34603,38.91517],[-6.34604,38.91518],[-6.34599,38.9152],[-6.34595,38.91516],[-6.34601,38.91514],[-6.34601,38.91515],[-6.34603,38.91513],[-6.34608,38.91511],[-6.34588,38.91488],[-6.34584,38.9149],[-6.34581,38.91492],[-6.34583,38.91493],[-6.34577,38.91496],[-6.34573,38.91491],[-6.34578,38.91488],[-6.34579,38.91489],[-6.34582,38.91488],[-6.34586,38.91486],[-6.34584,38.91483],[-6.34583,38.91483],[-6.34582,38.91481],[-6.34579,38.91482],[-6.34578,38.91479],[-6.3458,38.91478],[-6.34567,38.91464],[-6.34565,38.91465],[-6.34567,38.91467],[-6.34563,38.91469],[-6.34557,38.91462],[-6.34561,38.9146],[-6.34564,38.91463],[-6.34626,38.91432],[-6.34622,38.91426],[-6.34621,38.91425],[-6.3462,38.91426],[-6.34616,38.91422],[-6.34621,38.91419],[-6.34625,38.91423],[-6.34624,38.91423],[-6.34625,38.91425],[-6.3463,38.9143],[-6.34647,38.91421],[-6.34645,38.91419],[-6.34634,38.91408],[-6.34586,38.91431],[-6.34578,38.91423],[-6.34553,38.91399],[-6.34562,38.91393],[-6.34559,38.9139],[-6.34534,38.91406],[-6.34537,38.91409],[-6.3453,38.91414],[-6.34554,38.91436],[-6.34557,38.91448],[-6.34554,38.91462]]]}},{"type":"Feature","properties":{"name":"Termas públicas","kind":"park","road":"","osm":308200051},"geometry":{"type":"Polygon","coordinates":[[[-6.3412,38.91826],[-6.34123,38.91823],[-6.34142,38.91799],[-6.34108,38.91783],[-6.34104,38.91781],[-6.34102,38.91784],[-6.3408,38.91808],[-6.3412,38.91826]]]}},{"type":"Feature","properties":{"name":"Parque López de Ayala","kind":"park","road":"","osm":308200052},"geometry":{"type":"Polygon","coordinates":[[[-6.3401,38.92031],[-6.34067,38.91947],[-6.34069,38.91942],[-6.34068,38.91937],[-6.34061,38.91933],[-6.33988,38.91957],[-6.3394,38.91973],[-6.33946,38.91997],[-6.33948,38.92022],[-6.3401,38.92031]]]}},{"type":"Feature","properties":{"name":"Busto de Luiz Chamizo","kind":"park","road":"","osm":308248153},"geometry":{"type":"Polygon","coordinates":[[[-6.3498,38.91948],[-6.34925,38.91975],[-6.34923,38.91969],[-6.34916,38.91916],[-6.34919,38.91898],[-6.34925,38.91901],[-6.3498,38.91948]]]}},{"type":"Feature","properties":{"name":"Plaza de San Juan de Dios","kind":"road","road":"pedestrian","osm":308298393},"geometry":{"type":"LineString","coordinates":[[-6.3473,38.91749],[-6.34736,38.91747],[-6.34774,38.91727],[-6.34761,38.91711],[-6.34758,38.91709],[-6.34739,38.91722],[-6.34728,38.91729],[-6.34716,38.91732],[-6.3473,38.91749]]}},{"type":"Feature","properties":{"name":"Río Albarregas","kind":"river","road":"","osm":337205112},"geometry":{"type":"LineString","coordinates":[[-6.33561,38.92246],[-6.33605,38.92243],[-6.33618,38.92243],[-6.33657,38.92243],[-6.33689,38.92242],[-6.33905,38.92242],[-6.33945,38.92246],[-6.3396,38.9225],[-6.34064,38.92301],[-6.34081,38.92308],[-6.34104,38.92311],[-6.34119,38.92309],[-6.34247,38.92294],[-6.34285,38.92293],[-6.34324,38.92295],[-6.34377,38.92303],[-6.34409,38.92312],[-6.34481,38.92338],[-6.3456,38.92365],[-6.34616,38.92384],[-6.34685,38.92405],[-6.34718,38.92417],[-6.34746,38.92422],[-6.34782,38.92423],[-6.34818,38.92422],[-6.34843,38.92416],[-6.34865,38.92407],[-6.3488,38.92401],[-6.34893,38.92394],[-6.34927,38.92379],[-6.35017,38.92361],[-6.35129,38.92343],[-6.35155,38.92342],[-6.3534,38.92349],[-6.35371,38.92348],[-6.35403,38.92345],[-6.35468,38.92331],[-6.35538,38.92324],[-6.3569,38.92324],[-6.3582,38.92284]]}},{"type":"Feature","properties":{"name":"Jardín romano","kind":"park","road":"","osm":337205118},"geometry":{"type":"Polygon","coordinates":[[[-6.33926,38.91664],[-6.33929,38.91661],[-6.33927,38.91658],[-6.33928,38.91658],[-6.33933,38.91654],[-6.33937,38.91658],[-6.33944,38.91664],[-6.33952,38.91659],[-6.33954,38.91653],[-6.33954,38.91592],[-6.33956,38.91584],[-6.33968,38.91562],[-6.33963,38.9156],[-6.33953,38.91568],[-6.33932,38.91583],[-6.3389,38.9161],[-6.33875,38.91605],[-6.3386,38.91612],[-6.33865,38.91625],[-6.33853,38.91674],[-6.33907,38.91649],[-6.33926,38.91664]]]}},{"type":"Feature","properties":{"name":"","kind":"road","road":"pedestrian","osm":344078748},"geometry":{"type":"LineString","coordinates":[[-6.33307,38.91374],[-6.33319,38.91364],[-6.33354,38.91391],[-6.33356,38.91393],[-6.3337,38.91382],[-6.33368,38.9138],[-6.33335,38.91356],[-6.33333,38.91355],[-6.33325,38.91359],[-6.33321,38.91356],[-6.33316,38.9136],[-6.33309,38.91366],[-6.33305,38.91369],[-6.33305,38.91372],[-6.33305,38.91373],[-6.33307,38.91374]]}},{"type":"Feature","properties":{"name":"Plaza Santo Domingo","kind":"road","road":"pedestrian","osm":361454317},"geometry":{"type":"LineString","coordinates":[[-6.34487,38.91379],[-6.34483,38.9138],[-6.34477,38.9138],[-6.34463,38.91388],[-6.34462,38.91394],[-6.34458,38.91395],[-6.34453,38.91397],[-6.34446,38.91391],[-6.34441,38.91386],[-6.34436,38.9138],[-6.34445,38.91374],[-6.34461,38.91362],[-6.34464,38.91359],[-6.34467,38.91357],[-6.34471,38.9136],[-6.34476,38.91364],[-6.3449,38.91376],[-6.34487,38.91379]]}},{"type":"Feature","properties":{"name":"Puente Romano","kind":"road","road":"pedestrian","osm":391413815},"geometry":{"type":"LineString","coordinates":[[-6.35246,38.91222],[-6.35499,38.91067]]}},{"type":"Feature","properties":{"name":"Plaza de las Méridas del mundo","kind":"park","road":"","osm":436789471},"geometry":{"type":"Polygon","coordinates":[[[-6.34756,38.91533],[-6.34758,38.91535],[-6.3474,38.91544],[-6.34739,38.91544],[-6.34737,38.91545],[-6.3472,38.91554],[-6.34719,38.91555],[-6.34717,38.91555],[-6.34712,38.91558],[-6.34703,38.91547],[-6.34701,38.91548],[-6.34695,38.91542],[-6.34698,38.9154],[-6.34697,38.9154],[-6.34702,38.91537],[-6.34713,38.91532],[-6.34714,38.91534],[-6.34717,38.91532],[-6.34716,38.91531],[-6.34734,38.91521],[-6.34735,38.91523],[-6.34738,38.91521],[-6.34738,38.9152],[-6.34751,38.91513],[-6.34761,38.91525],[-6.34761,38.91526],[-6.34762,38.91527],[-6.34761,38.91528],[-6.34763,38.9153],[-6.34757,38.91533],[-6.34756,38.91533]]]}},{"type":"Feature","properties":{"name":"","kind":"road","road":"pedestrian","osm":436789472},"geometry":{"type":"LineString","coordinates":[[-6.3474,38.91544],[-6.34739,38.91544],[-6.34737,38.91545],[-6.34734,38.91541],[-6.34733,38.91541],[-6.34731,38.91541],[-6.3473,38.9154],[-6.34729,38.9154],[-6.34729,38.91539],[-6.34728,38.91538],[-6.34728,38.91537],[-6.34728,38.91536],[-6.34729,38.91536],[-6.34726,38.91532],[-6.34709,38.9154],[-6.3472,38.91554],[-6.34719,38.91555],[-6.34717,38.91555],[-6.34715,38.91553],[-6.34714,38.91553],[-6.34713,38.91552],[-6.34713,38.91551],[-6.3471,38.91547],[-6.34709,38.91548],[-6.34708,38.91546],[-6.34709,38.91545],[-6.34706,38.91541],[-6.34704,38.91542],[-6.34703,38.9154],[-6.34704,38.91539],[-6.34703,38.91539],[-6.34714,38.91534],[-6.34717,38.91532],[-6.34716,38.91531],[-6.34734,38.91521],[-6.34735,38.91523],[-6.34738,38.91521],[-6.34738,38.9152],[-6.34751,38.91513],[-6.34761,38.91525],[-6.34761,38.91526],[-6.34762,38.91527],[-6.34761,38.91528],[-6.34763,38.9153],[-6.34757,38.91533],[-6.34756,38.91533],[-6.34755,38.91534],[-6.34754,38.91532],[-6.34755,38.91531],[-6.34751,38.91527],[-6.3475,38.91528],[-6.34748,38.91526],[-6.3475,38.91525],[-6.34747,38.91521],[-6.34729,38.9153],[-6.34731,38.91534],[-6.34733,38.91534],[-6.34734,38.91534],[-6.34734,38.91535],[-6.34735,38.91535],[-6.34736,38.91536],[-6.34737,38.91537],[-6.34737,38.91538],[-6.34737,38.91539],[-6.34737,38.9154],[-6.3474,38.91544]]}},{"type":"Feature","properties":{"name":"Calle Oviedo","kind":"road","road":"secondary","osm":437282802},"geometry":{"type":"LineString","coordinates":[[-6.34333,38.91248],[-6.34339,38.91252],[-6.34382,38.91287],[-6.34411,38.91311],[-6.34464,38.91359],[-6.34469,38.91364]]}},{"type":"Feature","properties":{"name":"Avenida de la Hispanidad","kind":"road","road":"primary","osm":459588995},"geometry":{"type":"LineString","coordinates":[[-6.35918,38.91644],[-6.35952,38.91635],[-6.36042,38.91613],[-6.36138,38.91588],[-6.36163,38.91582],[-6.36187,38.91576]]}},{"type":"Feature","properties":{"name":"Avenida de Portugal","kind":"road","road":"tertiary","osm":459589004},"geometry":{"type":"LineString","coordinates":[[-6.35559,38.91031],[-6.35605,38.91003],[-6.35648,38.90976],[-6.35659,38.90969]]}},{"type":"Feature","properties":{"name":"Avenida de Alange","kind":"road","road":"tertiary","osm":459831421},"geometry":{"type":"LineString","coordinates":[[-6.34786,38.90726],[-6.34739,38.90675],[-6.34675,38.90607],[-6.34646,38.90573],[-6.34618,38.90533],[-6.34473,38.90303],[-6.34444,38.90267],[-6.34345,38.90178],[-6.34317,38.90149],[-6.34289,38.90113]]}},{"type":"Feature","properties":{"name":"Avenida de Alange","kind":"road","road":"tertiary","osm":459832135},"geometry":{"type":"LineString","coordinates":[[-6.34989,38.90838],[-6.34953,38.9082],[-6.34915,38.90802],[-6.34894,38.90793],[-6.34874,38.90785],[-6.34867,38.90782]]}},{"type":"Feature","properties":{"name":"","kind":"park","road":"","osm":505032965},"geometry":{"type":"Polygon","coordinates":[[[-6.34823,38.91583],[-6.34845,38.91569],[-6.34838,38.91564],[-6.3481,38.91544],[-6.34804,38.91544],[-6.34796,38.91545],[-6.34797,38.91549],[-6.34814,38.91571],[-6.34823,38.91583]]]}},{"type":"Feature","properties":{"name":"","kind":"park","road":"","osm":525559339},"geometry":{"type":"Polygon","coordinates":[[[-6.34847,38.92468],[-6.34856,38.92465],[-6.34875,38.92467],[-6.34882,38.92469],[-6.34883,38.92463],[-6.34884,38.92462],[-6.34888,38.9246],[-6.34904,38.92401],[-6.34795,38.92434],[-6.34751,38.92435],[-6.34702,38.92418],[-6.34655,38.92401],[-6.3465,38.92407],[-6.34644,38.92405],[-6.34572,38.92378],[-6.34482,38.92347],[-6.34404,38.92321],[-6.3436,38.9231],[-6.34314,38.92304],[-6.34258,38.92303],[-6.34134,38.92318],[-6.34106,38.92321],[-6.34077,38.92317],[-6.33935,38.92255],[-6.33922,38.92275],[-6.33915,38.92306],[-6.33921,38.92313],[-6.33932,38.92315],[-6.33969,38.92323],[-6.33987,38.92327],[-6.34016,38.92333],[-6.34023,38.92334],[-6.34025,38.92335],[-6.34027,38.92335],[-6.34029,38.92335],[-6.34067,38.92343],[-6.34091,38.92348],[-6.34158,38.92362],[-6.3438,38.92405],[-6.34633,38.92454],[-6.34722,38.92472],[-6.34723,38.92476],[-6.34784,38.92486],[-6.34847,38.92468]]]}},{"type":"Feature","properties":{"name":"","kind":"park","road":"","osm":525559343},"geometry":{"type":"Polygon","coordinates":[[[-6.34934,38.92269],[-6.34858,38.92251],[-6.34811,38.92236],[-6.34852,38.92209],[-6.3488,38.92223],[-6.34922,38.92254],[-6.34934,38.92269]]]}},{"type":"Feature","properties":{"name":"Parque Acueducto de los Milagros","kind":"park","road":"","osm":525559346},"geometry":{"type":"Polygon","coordinates":[[[-6.35013,38.9235],[-6.34925,38.92367],[-6.34884,38.92379],[-6.34797,38.92405],[-6.34737,38.92407],[-6.34661,38.92395],[-6.3462,38.92378],[-6.34428,38.9231],[-6.34368,38.92295],[-6.34309,38.92287],[-6.34252,38.92289],[-6.34191,38.92292],[-6.34189,38.92293],[-6.34183,38.92226],[-6.3421,38.92222],[-6.34222,38.92214],[-6.34225,38.92207],[-6.34235,38.92208],[-6.34236,38.92238],[-6.34374,38.92271],[-6.34512,38.92314],[-6.34538,38.92319],[-6.34651,38.92323],[-6.34788,38.92294],[-6.34805,38.92249],[-6.34865,38.92267],[-6.3488,38.92281],[-6.3485,38.92309],[-6.34897,38.92339],[-6.34917,38.92315],[-6.3492,38.92311],[-6.34925,38.92305],[-6.34968,38.92321],[-6.35013,38.9235]]]}},{"type":"Feature","properties":{"name":"","kind":"park","road":"","osm":525559347},"geometry":{"type":"Polygon","coordinates":[[[-6.35206,38.92392],[-6.35163,38.92399],[-6.35139,38.92416],[-6.35119,38.92399],[-6.35105,38.92401],[-6.35075,38.9238],[-6.35077,38.92376],[-6.35138,38.9237],[-6.35198,38.92372],[-6.3521,38.9238],[-6.35206,38.92392]]]}},{"type":"Feature","properties":{"name":"Parque Acueducto de los Milagros","kind":"park","road":"","osm":525559348},"geometry":{"type":"Polygon","coordinates":[[[-6.35028,38.92348],[-6.35021,38.92344],[-6.34976,38.9231],[-6.34987,38.92287],[-6.35034,38.92292],[-6.35098,38.92291],[-6.35202,38.92279],[-6.35213,38.9231],[-6.35214,38.92333],[-6.35129,38.92334],[-6.35028,38.92348]]]}},{"type":"Feature","properties":{"name":"","kind":"park","road":"","osm":525559349},"geometry":{"type":"Polygon","coordinates":[[[-6.35223,38.92388],[-6.35221,38.92384],[-6.35224,38.92358],[-6.35292,38.9236],[-6.35386,38.9236],[-6.35483,38.92343],[-6.35517,38.92432],[-6.3552,38.9244],[-6.35512,38.92448],[-6.35496,38.92449],[-6.35297,38.92387],[-6.35223,38.92388]]]}},{"type":"Feature","properties":{"name":"","kind":"park","road":"","osm":539112357},"geometry":{"type":"Polygon","coordinates":[[[-6.34636,38.91847],[-6.34634,38.91846],[-6.34619,38.91845],[-6.34618,38.91846],[-6.34617,38.91848],[-6.34615,38.91848],[-6.34613,38.91848],[-6.34612,38.91853],[-6.34623,38.91855],[-6.34626,38.91854],[-6.34627,38.91854],[-6.34636,38.91847]]]}},{"type":"Feature","properties":{"name":"","kind":"park","road":"","osm":539112358},"geometry":{"type":"Polygon","coordinates":[[[-6.34609,38.91852],[-6.34585,38.91849],[-6.34583,38.91847],[-6.34583,38.91845],[-6.34585,38.91843],[-6.34606,38.91845],[-6.34607,38.91846],[-6.34607,38.91847],[-6.34608,38.91847],[-6.3461,38.91848],[-6.34609,38.91852]]]}},{"type":"Feature","properties":{"name":"","kind":"park","road":"","osm":539112359},"geometry":{"type":"Polygon","coordinates":[[[-6.34631,38.91843],[-6.34618,38.91843],[-6.34618,38.91842],[-6.34618,38.91841],[-6.34617,38.9184],[-6.34616,38.9184],[-6.34615,38.91839],[-6.34617,38.91828],[-6.34618,38.91829],[-6.34619,38.91829],[-6.34632,38.91843],[-6.34631,38.91843]]]}},{"type":"Feature","properties":{"name":"","kind":"park","road":"","osm":539112360},"geometry":{"type":"Polygon","coordinates":[[[-6.3461,38.91828],[-6.34611,38.91828],[-6.34612,38.91828],[-6.34613,38.91829],[-6.34611,38.91839],[-6.3461,38.91839],[-6.34608,38.91839],[-6.34607,38.9184],[-6.34607,38.91841],[-6.34607,38.91842],[-6.34584,38.91841],[-6.34583,38.9184],[-6.34583,38.91839],[-6.34584,38.91839],[-6.3461,38.91828]]]}},{"type":"Feature","properties":{"name":"","kind":"park","road":"","osm":539112361},"geometry":{"type":"Polygon","coordinates":[[[-6.3461,38.91842],[-6.34609,38.91843],[-6.34609,38.91844],[-6.34609,38.91845],[-6.3461,38.91845],[-6.34611,38.91846],[-6.34612,38.91846],[-6.34613,38.91846],[-6.34614,38.91846],[-6.34615,38.91845],[-6.34615,38.91844],[-6.34615,38.91843],[-6.34615,38.91842],[-6.34614,38.91842],[-6.34613,38.91841],[-6.34612,38.91841],[-6.34611,38.91841],[-6.3461,38.91842]]]}},{"type":"Feature","properties":{"name":"","kind":"park","road":"","osm":539112363},"geometry":{"type":"Polygon","coordinates":[[[-6.34584,38.91908],[-6.34582,38.91905],[-6.34581,38.91905],[-6.3458,38.91905],[-6.3458,38.91904],[-6.3458,38.91903],[-6.34574,38.91895],[-6.34548,38.9189],[-6.34538,38.91896],[-6.34549,38.9192],[-6.34557,38.91918],[-6.34555,38.91914],[-6.34567,38.9191],[-6.34569,38.91915],[-6.34583,38.91909],[-6.34584,38.91908]]]}},{"type":"Feature","properties":{"name":"Fuente Ornamental de la Plaza de España","kind":"water","road":"","osm":541624104},"geometry":{"type":"Polygon","coordinates":[[[-6.34635,38.9164],[-6.34635,38.91641],[-6.34636,38.91642],[-6.34637,38.91643],[-6.34638,38.91643],[-6.3464,38.91643],[-6.34641,38.91643],[-6.34642,38.91642],[-6.34643,38.91641],[-6.34643,38.9164],[-6.34643,38.91639],[-6.34643,38.91638],[-6.34642,38.91637],[-6.3464,38.91637],[-6.34639,38.91636],[-6.34638,38.91637],[-6.34636,38.91637],[-6.34635,38.91638],[-6.34635,38.91639],[-6.34635,38.9164]]]}},{"type":"Feature","properties":{"name":"Parque Zona Sur","kind":"park","road":"","osm":544783051},"geometry":{"type":"Polygon","coordinates":[[[-6.34107,38.90904],[-6.34081,38.9085],[-6.34057,38.90857],[-6.34008,38.90871],[-6.34013,38.90884],[-6.3403,38.90918],[-6.34033,38.90925],[-6.34107,38.90904]]]}},{"type":"Feature","properties":{"name":"Parque la Era","kind":"park","road":"","osm":544787758},"geometry":{"type":"Polygon","coordinates":[[[-6.33943,38.91471],[-6.33951,38.91468],[-6.33954,38.91459],[-6.33954,38.91435],[-6.33949,38.91432],[-6.33939,38.91432],[-6.33926,38.91432],[-6.33918,38.91432],[-6.33911,38.91433],[-6.33909,38.91434],[-6.33908,38.91434],[-6.33908,38.91437],[-6.33943,38.91471]]]}},{"type":"Feature","properties":{"name":"","kind":"park","road":"","osm":545492098},"geometry":{"type":"Polygon","coordinates":[[[-6.34758,38.91429],[-6.34792,38.91484],[-6.34799,38.91496],[-6.34806,38.91504],[-6.34816,38.91505],[-6.34809,38.91518],[-6.34798,38.91511],[-6.34789,38.91505],[-6.34783,38.91498],[-6.34787,38.91497],[-6.34783,38.91492],[-6.34777,38.91495],[-6.34766,38.91482],[-6.34769,38.9148],[-6.34768,38.91478],[-6.34764,38.9148],[-6.34745,38.91456],[-6.34748,38.91454],[-6.34746,38.91452],[-6.34743,38.91453],[-6.34729,38.91436],[-6.34731,38.91435],[-6.34729,38.91432],[-6.34727,38.91433],[-6.34714,38.91418],[-6.34716,38.91417],[-6.34714,38.91414],[-6.34712,38.91415],[-6.34698,38.91398],[-6.347,38.91397],[-6.34697,38.91393],[-6.347,38.91392],[-6.34685,38.91374],[-6.3465,38.91332],[-6.34627,38.91305],[-6.34603,38.91276],[-6.34563,38.91232],[-6.34547,38.91216],[-6.34538,38.91201],[-6.3453,38.91188],[-6.34542,38.91171],[-6.34539,38.91161],[-6.34549,38.91155],[-6.34555,38.91154],[-6.34566,38.9116],[-6.34603,38.91204],[-6.34669,38.91299],[-6.34693,38.91333],[-6.34723,38.91374],[-6.34758,38.91429]]]}},{"type":"Feature","properties":{"name":"Parque Instituto Albarregas","kind":"park","road":"","osm":546817532},"geometry":{"type":"Polygon","coordinates":[[[-6.33895,38.92301],[-6.33903,38.92274],[-6.33915,38.92252],[-6.33673,38.92254],[-6.33667,38.92265],[-6.33667,38.92275],[-6.33675,38.92279],[-6.33734,38.92281],[-6.33827,38.92296],[-6.33887,38.92305],[-6.33895,38.92301]]]}},{"type":"Feature","properties":{"name":"Parque Muralla Albarregas","kind":"park","road":"","osm":546817534},"geometry":{"type":"Polygon","coordinates":[[[-6.33645,38.92272],[-6.33634,38.92278],[-6.33611,38.92282],[-6.33576,38.92293],[-6.33544,38.92302],[-6.33456,38.92342],[-6.33451,38.9234],[-6.33448,38.92303],[-6.33385,38.92308],[-6.33381,38.92306],[-6.33355,38.92277],[-6.33342,38.92262],[-6.33492,38.92255],[-6.33498,38.92257],[-6.33556,38.92256],[-6.33659,38.92254],[-6.33653,38.92265],[-6.33645,38.92272]]]}},{"type":"Feature","properties":{"name":"Parque Plaza Toros 1","kind":"park","road":"","osm":546817536},"geometry":{"type":"Polygon","coordinates":[[[-6.34231,38.91174],[-6.34199,38.91192],[-6.34195,38.91181],[-6.34187,38.9117],[-6.34175,38.91163],[-6.34161,38.91158],[-6.34146,38.91156],[-6.34131,38.91159],[-6.34126,38.91155],[-6.34171,38.91128],[-6.34182,38.91128],[-6.34199,38.9114],[-6.34231,38.91174]]]}},{"type":"Feature","properties":{"name":"Parque Plaza Toros 2","kind":"park","road":"","osm":546817537},"geometry":{"type":"Polygon","coordinates":[[[-6.34146,38.91235],[-6.34161,38.91234],[-6.34174,38.9123],[-6.34186,38.91222],[-6.34194,38.91212],[-6.34198,38.91203],[-6.34199,38.91192],[-6.34231,38.91174],[-6.34222,38.9119],[-6.34217,38.91212],[-6.34204,38.91218],[-6.34194,38.91228],[-6.34184,38.91235],[-6.3417,38.91241],[-6.34158,38.91243],[-6.34146,38.91243],[-6.34121,38.91239],[-6.34105,38.91238],[-6.34091,38.91242],[-6.34108,38.91228],[-6.34115,38.91233],[-6.3412,38.91229],[-6.34131,38.91234],[-6.34146,38.91235]]]}},{"type":"Feature","properties":{"name":"Parque de la Piedad","kind":"park","road":"","osm":546817539},"geometry":{"type":"Polygon","coordinates":[[[-6.34213,38.9113],[-6.34188,38.9111],[-6.34161,38.91092],[-6.34151,38.91085],[-6.3415,38.91072],[-6.34159,38.91063],[-6.34164,38.91059],[-6.34172,38.91056],[-6.3418,38.91055],[-6.34191,38.91076],[-6.34204,38.91102],[-6.34212,38.91118],[-6.34213,38.9113]]]}},{"type":"Feature","properties":{"name":"Parque Multicines","kind":"park","road":"","osm":546817540},"geometry":{"type":"Polygon","coordinates":[[[-6.34263,38.91167],[-6.34227,38.91133],[-6.34269,38.91139],[-6.34278,38.91157],[-6.34263,38.91167]]]}},{"type":"Feature","properties":{"name":"Parque de la chimenea","kind":"park","road":"","osm":546819792},"geometry":{"type":"Polygon","coordinates":[[[-6.35513,38.92491],[-6.35513,38.925],[-6.35501,38.9253],[-6.35466,38.92596],[-6.35433,38.92585],[-6.35378,38.92562],[-6.35323,38.92536],[-6.3528,38.92513],[-6.35258,38.925],[-6.35262,38.92498],[-6.35303,38.92516],[-6.35354,38.92536],[-6.35409,38.92557],[-6.35422,38.9256],[-6.35439,38.92559],[-6.35455,38.92554],[-6.35466,38.92547],[-6.35475,38.9253],[-6.35482,38.9252],[-6.35499,38.92495],[-6.35507,38.92486],[-6.3551,38.92487],[-6.35513,38.92491]]]}},{"type":"Feature","properties":{"name":"Parque Beturia","kind":"park","road":"","osm":546820630},"geometry":{"type":"Polygon","coordinates":[[[-6.35302,38.92498],[-6.35304,38.92496],[-6.35308,38.92479],[-6.35292,38.92478],[-6.35261,38.92478],[-6.35265,38.9248],[-6.35281,38.92489],[-6.35291,38.92496],[-6.35298,38.92499],[-6.35302,38.92498]]]}},{"type":"Feature","properties":{"name":"Parque de las Palmitas","kind":"park","road":"","osm":546822135},"geometry":{"type":"Polygon","coordinates":[[[-6.35401,38.9246],[-6.35327,38.92433],[-6.35327,38.92414],[-6.35379,38.9243],[-6.35413,38.92441],[-6.35401,38.9246]]]}},{"type":"Feature","properties":{"name":"Plaza Pizarro","kind":"park","road":"","osm":552087928},"geometry":{"type":"Polygon","coordinates":[[[-6.34207,38.91355],[-6.34201,38.91359],[-6.34197,38.91362],[-6.34192,38.91365],[-6.34188,38.91368],[-6.34179,38.91374],[-6.34178,38.91375],[-6.34162,38.91364],[-6.34154,38.91358],[-6.34151,38.91355],[-6.34182,38.91336],[-6.34207,38.91355]]]}},{"type":"Feature","properties":{"name":"Parque Infantil Zona Sur","kind":"park","road":"","osm":552087929},"geometry":{"type":"Polygon","coordinates":[[[-6.34231,38.90863],[-6.34206,38.90871],[-6.34187,38.90833],[-6.34207,38.90827],[-6.34212,38.90828],[-6.34233,38.90859],[-6.34235,38.90862],[-6.34231,38.90863]]]}},{"type":"Feature","properties":{"name":"Parque de Xenodoquio","kind":"park","road":"","osm":552087930},"geometry":{"type":"Polygon","coordinates":[[[-6.33763,38.92123],[-6.33756,38.92118],[-6.33745,38.921],[-6.33743,38.92089],[-6.33733,38.92077],[-6.33711,38.92076],[-6.33683,38.92081],[-6.33675,38.92089],[-6.33673,38.9205],[-6.33726,38.92061],[-6.33827,38.92079],[-6.33774,38.92119],[-6.33767,38.92125],[-6.33763,38.92123]]]}},{"type":"Feature","properties":{"name":"Plaza de Margarita Xirgú","kind":"park","road":"","osm":552090107},"geometry":{"type":"Polygon","coordinates":[[[-6.3386,38.91702],[-6.33836,38.91697],[-6.33833,38.91691],[-6.33825,38.91689],[-6.33823,38.91686],[-6.33819,38.91682],[-6.33836,38.91678],[-6.33851,38.91675],[-6.33853,38.91674],[-6.33868,38.91668],[-6.33882,38.91661],[-6.339,38.91653],[-6.33907,38.91649],[-6.33924,38.91665],[-6.33929,38.91661],[-6.33939,38.91671],[-6.33932,38.91678],[-6.33918,38.91681],[-6.33912,38.91686],[-6.33901,38.91677],[-6.33892,38.91684],[-6.33881,38.91692],[-6.33874,38.91697],[-6.33869,38.91693],[-6.33861,38.91699],[-6.3386,38.91702]]]}},{"type":"Feature","properties":{"name":"","kind":"water","road":"","osm":567321107},"geometry":{"type":"Polygon","coordinates":[[[-6.35556,38.91349],[-6.35556,38.91346],[-6.35556,38.91345],[-6.35555,38.91344],[-6.35551,38.91339],[-6.3555,38.91339],[-6.35549,38.91339],[-6.35539,38.91341],[-6.35538,38.91341],[-6.35535,38.9134],[-6.35534,38.91341],[-6.35533,38.91341],[-6.35531,38.91347],[-6.35531,38.91348],[-6.35533,38.91352],[-6.35533,38.91353],[-6.35536,38.91356],[-6.35537,38.91356],[-6.35538,38.9136],[-6.35539,38.9136],[-6.35539,38.91361],[-6.35542,38.91362],[-6.35543,38.91363],[-6.35547,38.91363],[-6.35549,38.91363],[-6.35551,38.91362],[-6.35552,38.91362],[-6.35554,38.91359],[-6.35554,38.91358],[-6.35553,38.91355],[-6.35553,38.91354],[-6.35556,38.91349]]]}},{"type":"Feature","properties":{"name":"","kind":"water","road":"","osm":567321109},"geometry":{"type":"Polygon","coordinates":[[[-6.35441,38.912],[-6.35444,38.91204],[-6.35445,38.91207],[-6.35443,38.91211],[-6.35444,38.91216],[-6.35445,38.9122],[-6.35442,38.91222],[-6.35437,38.91224],[-6.35431,38.91224],[-6.35427,38.91221],[-6.35423,38.91216],[-6.35423,38.9121],[-6.35425,38.91205],[-6.35427,38.91201],[-6.35431,38.91199],[-6.35436,38.91198],[-6.35441,38.912]]]}},{"type":"Feature","properties":{"name":"Avenida de Alange","kind":"road","road":"tertiary","osm":639343577},"geometry":{"type":"LineString","coordinates":[[-6.3485,38.90761],[-6.34842,38.9076]]}},{"type":"Feature","properties":{"name":"Avenida de Extremadura","kind":"road","road":"primary","osm":677468576},"geometry":{"type":"LineString","coordinates":[[-6.33788,38.9201],[-6.33677,38.92001],[-6.33641,38.91997],[-6.336,38.92001]]}},{"type":"Feature","properties":{"name":"Plaza de España","kind":"road","road":"secondary","osm":677468578},"geometry":{"type":"LineString","coordinates":[[-6.34633,38.916],[-6.34638,38.91603],[-6.34657,38.91602]]}},{"type":"Feature","properties":{"name":"Plaza de España","kind":"road","road":"pedestrian","osm":687532524},"geometry":{"type":"LineString","coordinates":[[-6.3457,38.91631],[-6.34582,38.91633],[-6.34627,38.91609],[-6.34631,38.91607],[-6.34632,38.91603]]}},{"type":"Feature","properties":{"name":"","kind":"park","road":"","osm":692230173},"geometry":{"type":"Polygon","coordinates":[[[-6.36209,38.92224],[-6.36203,38.92222],[-6.36041,38.92097],[-6.36043,38.92096],[-6.36055,38.92088],[-6.36159,38.92162],[-6.36506,38.91822],[-6.36502,38.9184],[-6.36258,38.92092],[-6.36248,38.92119],[-6.36245,38.92143],[-6.36249,38.92175],[-6.36242,38.92212],[-6.36239,38.92216],[-6.36236,38.92219],[-6.36227,38.92223],[-6.36214,38.92225],[-6.36209,38.92224]]]}},{"type":"Feature","properties":{"name":"","kind":"park","road":"","osm":704302271},"geometry":{"type":"Polygon","coordinates":[[[-6.3276,38.92348],[-6.32745,38.92343],[-6.32771,38.92291],[-6.32779,38.92292],[-6.3276,38.92348]]]}},{"type":"Feature","properties":{"name":"","kind":"park","road":"","osm":704304074},"geometry":{"type":"Polygon","coordinates":[[[-6.33073,38.91663],[-6.33078,38.91662],[-6.33081,38.9166],[-6.33085,38.91655],[-6.33085,38.91652],[-6.33084,38.91648],[-6.33083,38.91646],[-6.33079,38.91643],[-6.33073,38.91641],[-6.33069,38.91642],[-6.33063,38.91644],[-6.3306,38.91647],[-6.33058,38.9165],[-6.33058,38.91654],[-6.3306,38.91657],[-6.33062,38.91659],[-6.33066,38.91662],[-6.3307,38.91663],[-6.33073,38.91663]]]}},{"type":"Feature","properties":{"name":"","kind":"park","road":"","osm":704304728},"geometry":{"type":"Polygon","coordinates":[[[-6.33291,38.91473],[-6.33295,38.91473],[-6.33298,38.91472],[-6.33302,38.91471],[-6.33304,38.91468],[-6.33305,38.91465],[-6.33304,38.91463],[-6.33303,38.9146],[-6.333,38.91458],[-6.33297,38.91457],[-6.33293,38.91456],[-6.33289,38.91457],[-6.33286,38.91459],[-6.33284,38.91461],[-6.33283,38.91464],[-6.33283,38.91467],[-6.33285,38.9147],[-6.33288,38.91472],[-6.33291,38.91473]]]}},{"type":"Feature","properties":{"name":"","kind":"park","road":"","osm":704306329},"geometry":{"type":"Polygon","coordinates":[[[-6.33412,38.9121],[-6.33373,38.91225],[-6.33381,38.91229],[-6.33388,38.9123],[-6.33394,38.9123],[-6.334,38.91229],[-6.33406,38.91227],[-6.3341,38.91222],[-6.33412,38.91216],[-6.33412,38.9121]]]}},{"type":"Feature","properties":{"name":"","kind":"park","road":"","osm":704327788},"geometry":{"type":"Polygon","coordinates":[[[-6.36019,38.90538],[-6.36022,38.90538],[-6.36024,38.90537],[-6.36027,38.90535],[-6.36028,38.90533],[-6.36028,38.90531],[-6.36027,38.90529],[-6.36026,38.90528],[-6.36023,38.90526],[-6.3602,38.90526],[-6.36017,38.90526],[-6.36015,38.90527],[-6.36012,38.90529],[-6.36011,38.90531],[-6.36011,38.90533],[-6.36012,38.90535],[-6.36014,38.90537],[-6.36017,38.90538],[-6.36019,38.90538]]]}},{"type":"Feature","properties":{"name":"Calle Ribera","kind":"road","road":"pedestrian","osm":755263194},"geometry":{"type":"LineString","coordinates":[[-6.34892,38.92464],[-6.34889,38.92463],[-6.34886,38.92463],[-6.34883,38.92463],[-6.34832,38.92451],[-6.34819,38.9245],[-6.34804,38.92452],[-6.34795,38.92455],[-6.34786,38.92459],[-6.34771,38.92462],[-6.34748,38.92462],[-6.34707,38.92457],[-6.3467,38.92446],[-6.34644,38.92431],[-6.34631,38.92426],[-6.34444,38.92392],[-6.34402,38.92387],[-6.34398,38.92387],[-6.34325,38.92372],[-6.34311,38.92371],[-6.34288,38.92368],[-6.34266,38.92361],[-6.34092,38.92335],[-6.34029,38.92323],[-6.33906,38.92299]]}},{"type":"Feature","properties":{"name":"","kind":"water","road":"","osm":770572524},"geometry":{"type":"Polygon","coordinates":[[[-6.34294,38.91801],[-6.34293,38.91801],[-6.34293,38.918],[-6.34292,38.918],[-6.34291,38.918],[-6.34291,38.91801],[-6.3429,38.91801],[-6.3429,38.91802],[-6.3429,38.91803],[-6.34291,38.91804],[-6.34292,38.91804],[-6.34293,38.91804],[-6.34294,38.91804],[-6.34294,38.91803],[-6.34295,38.91803],[-6.34295,38.91802],[-6.34294,38.91802],[-6.34294,38.91801]]]}},{"type":"Feature","properties":{"name":"","kind":"park","road":"","osm":770762992},"geometry":{"type":"Polygon","coordinates":[[[-6.33728,38.91215],[-6.33729,38.91216],[-6.33554,38.91285],[-6.33532,38.91295],[-6.33511,38.91305],[-6.33495,38.91313],[-6.33474,38.91327],[-6.33326,38.91444],[-6.33325,38.91443],[-6.33473,38.91326],[-6.33493,38.91312],[-6.3351,38.91303],[-6.33531,38.91293],[-6.33553,38.91284],[-6.33728,38.91215]]]}},{"type":"Feature","properties":{"name":"","kind":"park","road":"","osm":770762997},"geometry":{"type":"Polygon","coordinates":[[[-6.33772,38.91206],[-6.33778,38.91206],[-6.33785,38.91204],[-6.33791,38.91202],[-6.33797,38.91199],[-6.33802,38.91196],[-6.33807,38.91193],[-6.33809,38.9119],[-6.33809,38.91186],[-6.33808,38.91184],[-6.33805,38.91181],[-6.33802,38.9118],[-6.33798,38.91179],[-6.33792,38.9118],[-6.33785,38.91181],[-6.33779,38.91184],[-6.33773,38.91186],[-6.33767,38.91189],[-6.33763,38.91193],[-6.33761,38.91196],[-6.33761,38.91199],[-6.33762,38.91202],[-6.33764,38.91204],[-6.33768,38.91206],[-6.33772,38.91206]]]}},{"type":"Feature","properties":{"name":"Avenida Juan Carlos I","kind":"road","road":"primary","osm":770843473},"geometry":{"type":"LineString","coordinates":[[-6.33307,38.92093],[-6.33277,38.9211]]}},{"type":"Feature","properties":{"name":"Avenida Juan Carlos I","kind":"road","road":"primary","osm":770843474},"geometry":{"type":"LineString","coordinates":[[-6.33364,38.92069],[-6.33352,38.92073],[-6.33332,38.9208],[-6.3332,38.92086],[-6.33307,38.92093]]}},{"type":"Feature","properties":{"name":"Avenida Juan Carlos I","kind":"road","road":"primary","osm":770843476},"geometry":{"type":"LineString","coordinates":[[-6.33277,38.9211],[-6.33225,38.92141],[-6.33216,38.92146]]}},{"type":"Feature","properties":{"name":"Calle Marquesa de Pinares","kind":"road","road":"primary","osm":770843477},"geometry":{"type":"LineString","coordinates":[[-6.34949,38.92267],[-6.34944,38.92265],[-6.34936,38.92258]]}},{"type":"Feature","properties":{"name":"Puente Romano de la Puerta","kind":"road","road":"pedestrian","osm":770843478},"geometry":{"type":"LineString","coordinates":[[-6.34939,38.92304],[-6.34939,38.92301]]}},{"type":"Feature","properties":{"name":"Puente de Lusitania","kind":"road","road":"primary","osm":770843484},"geometry":{"type":"LineString","coordinates":[[-6.35113,38.91764],[-6.35451,38.91663],[-6.35553,38.91633],[-6.35613,38.91616]]}},{"type":"Feature","properties":{"name":"Puente de Lusitania","kind":"road","road":"primary","osm":770843485},"geometry":{"type":"LineString","coordinates":[[-6.35606,38.91602],[-6.35475,38.91642],[-6.35106,38.91751]]}},{"type":"Feature","properties":{"name":"Plaza de España","kind":"road","road":"secondary","osm":770857607},"geometry":{"type":"LineString","coordinates":[[-6.34657,38.91602],[-6.34666,38.916]]}},{"type":"Feature","properties":{"name":"Calle Marquesa de Pinares","kind":"road","road":"primary","osm":771119243},"geometry":{"type":"LineString","coordinates":[[-6.34936,38.92258],[-6.34921,38.92245]]}},{"type":"Feature","properties":{"name":"Calle Almendralejo","kind":"road","road":"secondary","osm":771119246},"geometry":{"type":"LineString","coordinates":[[-6.34928,38.91793],[-6.34915,38.918]]}},{"type":"Feature","properties":{"name":"Calle Almendralejo","kind":"road","road":"secondary","osm":771119247},"geometry":{"type":"LineString","coordinates":[[-6.34976,38.91776],[-6.34963,38.91781],[-6.34955,38.91784],[-6.34928,38.91793]]}},{"type":"Feature","properties":{"name":"Paseo de Roma","kind":"road","road":"secondary","osm":771119248},"geometry":{"type":"LineString","coordinates":[[-6.35014,38.91741],[-6.35001,38.91725]]}},{"type":"Feature","properties":{"name":"","kind":"water","road":"","osm":771119259},"geometry":{"type":"Polygon","coordinates":[[[-6.35045,38.91773],[-6.35044,38.91772],[-6.35043,38.91772],[-6.35042,38.91771],[-6.35041,38.91771],[-6.35039,38.91771],[-6.35038,38.91771],[-6.35036,38.91771],[-6.35035,38.91772],[-6.35034,38.91772],[-6.35033,38.91773],[-6.35033,38.91774],[-6.35032,38.91775],[-6.35032,38.91776],[-6.35032,38.91778],[-6.35033,38.91779],[-6.35033,38.9178],[-6.35034,38.91781],[-6.35036,38.91782],[-6.35037,38.91782],[-6.35039,38.91782],[-6.3504,38.91782],[-6.35042,38.91782],[-6.35043,38.91782],[-6.35044,38.91781],[-6.35046,38.9178],[-6.35046,38.91779],[-6.35047,38.91778],[-6.35047,38.91777],[-6.35047,38.91776],[-6.35047,38.91775],[-6.35046,38.91774],[-6.35045,38.91773]]]}},{"type":"Feature","properties":{"name":"","kind":"park","road":"","osm":771119260},"geometry":{"type":"Polygon","coordinates":[[[-6.35464,38.92632],[-6.3546,38.92631],[-6.35478,38.926],[-6.35504,38.92554],[-6.35515,38.9253],[-6.35524,38.92505],[-6.35528,38.92491],[-6.35534,38.92491],[-6.35528,38.92506],[-6.35518,38.92531],[-6.35507,38.92555],[-6.35483,38.92601],[-6.35464,38.92632]]]}},{"type":"Feature","properties":{"name":"Avenida Emérita Augusta","kind":"road","road":"primary","osm":771119273},"geometry":{"type":"LineString","coordinates":[[-6.35484,38.9231],[-6.35495,38.9234]]}},{"type":"Feature","properties":{"name":"Avenida Reina Sofía","kind":"road","road":"trunk","osm":793509808},"geometry":{"type":"LineString","coordinates":[[-6.35585,38.9061],[-6.35557,38.90618],[-6.35509,38.90632],[-6.35503,38.90634],[-6.35404,38.90664]]}},{"type":"Feature","properties":{"name":"Avenida Reina Sofía","kind":"road","road":"trunk","osm":793509821},"geometry":{"type":"LineString","coordinates":[[-6.35229,38.90725],[-6.35343,38.9069]]}},{"type":"Feature","properties":{"name":"Avenida de la Libertad","kind":"road","road":"secondary","osm":793509822},"geometry":{"type":"LineString","coordinates":[[-6.35742,38.91451],[-6.35728,38.91425]]}},{"type":"Feature","properties":{"name":"Avenida de la Libertad","kind":"road","road":"secondary","osm":793509825},"geometry":{"type":"LineString","coordinates":[[-6.35752,38.91533],[-6.35745,38.91521],[-6.35745,38.91512],[-6.35748,38.91493],[-6.35749,38.91479],[-6.35747,38.91459],[-6.35742,38.91451]]}},{"type":"Feature","properties":{"name":"","kind":"park","road":"","osm":849313643},"geometry":{"type":"Polygon","coordinates":[[[-6.33184,38.92335],[-6.33317,38.92266],[-6.33312,38.92261],[-6.3328,38.92265],[-6.33246,38.92269],[-6.33207,38.92281],[-6.33176,38.92293],[-6.33158,38.923],[-6.33178,38.92327],[-6.33184,38.92335]]]}},{"type":"Feature","properties":{"name":"","kind":"park","road":"","osm":849313645},"geometry":{"type":"Polygon","coordinates":[[[-6.32819,38.92547],[-6.32749,38.92512],[-6.32734,38.92498],[-6.32722,38.9248],[-6.32718,38.92468],[-6.32719,38.92452],[-6.32725,38.9244],[-6.32742,38.92426],[-6.3276,38.92457],[-6.32806,38.92441],[-6.32851,38.92517],[-6.32819,38.92547]]]}},{"type":"Feature","properties":{"name":"","kind":"park","road":"","osm":849313646},"geometry":{"type":"Polygon","coordinates":[[[-6.32933,38.9248],[-6.33068,38.92433],[-6.33047,38.92395],[-6.33059,38.9237],[-6.33084,38.92337],[-6.33077,38.92342],[-6.3307,38.92347],[-6.33012,38.92397],[-6.32965,38.9244],[-6.32941,38.92462],[-6.32938,38.92464],[-6.32933,38.9248]]]}},{"type":"Feature","properties":{"name":"","kind":"road","road":"primary","osm":909393485},"geometry":{"type":"LineString","coordinates":[[-6.35543,38.92483],[-6.35544,38.92483],[-6.35549,38.9248],[-6.35552,38.92476],[-6.35554,38.92472],[-6.35555,38.92468],[-6.35554,38.92464],[-6.35552,38.9246],[-6.35548,38.92456],[-6.35544,38.92453]]}},{"type":"Feature","properties":{"name":"","kind":"road","road":"primary","osm":909393486},"geometry":{"type":"LineString","coordinates":[[-6.35523,38.92483],[-6.35528,38.92485],[-6.35533,38.92485],[-6.35538,38.92485],[-6.35543,38.92483]]}},{"type":"Feature","properties":{"name":"","kind":"road","road":"primary","osm":909393487},"geometry":{"type":"LineString","coordinates":[[-6.35544,38.92453],[-6.35539,38.92452],[-6.35534,38.92451],[-6.35529,38.92451],[-6.35524,38.92453]]}},{"type":"Feature","properties":{"name":"","kind":"road","road":"primary","osm":909393488},"geometry":{"type":"LineString","coordinates":[[-6.35068,38.91783],[-6.35069,38.91776],[-6.35068,38.91769],[-6.35064,38.91763],[-6.35057,38.91758]]}},{"type":"Feature","properties":{"name":"","kind":"road","road":"primary","osm":909393489},"geometry":{"type":"LineString","coordinates":[[-6.35037,38.91754],[-6.35027,38.91756],[-6.35019,38.9176]]}},{"type":"Feature","properties":{"name":"","kind":"road","road":"primary","osm":909393490},"geometry":{"type":"LineString","coordinates":[[-6.35021,38.91794],[-6.35028,38.91797],[-6.35035,38.91799],[-6.35044,38.91799]]}},{"type":"Feature","properties":{"name":"","kind":"road","road":"primary","osm":909393491},"geometry":{"type":"LineString","coordinates":[[-6.35044,38.91799],[-6.35051,38.91797]]}},{"type":"Feature","properties":{"name":"","kind":"road","road":"primary","osm":909393492},"geometry":{"type":"LineString","coordinates":[[-6.35357,38.92151],[-6.35354,38.92156],[-6.35354,38.92161],[-6.35355,38.92165],[-6.35358,38.92168],[-6.35362,38.9217]]}},{"type":"Feature","properties":{"name":"","kind":"road","road":"primary","osm":909393493},"geometry":{"type":"LineString","coordinates":[[-6.35369,38.92146],[-6.35364,38.92147],[-6.3536,38.92148],[-6.35357,38.92151]]}},{"type":"Feature","properties":{"name":"","kind":"road","road":"primary","osm":909393494},"geometry":{"type":"LineString","coordinates":[[-6.35373,38.92172],[-6.35379,38.92171],[-6.35385,38.92167]]}},{"type":"Feature","properties":{"name":"","kind":"road","road":"secondary","osm":909678294},"geometry":{"type":"LineString","coordinates":[[-6.34804,38.91528],[-6.34803,38.91526],[-6.34801,38.91524],[-6.34798,38.91522],[-6.34795,38.91522],[-6.34792,38.91522]]}},{"type":"Feature","properties":{"name":"","kind":"road","road":"secondary","osm":909678295},"geometry":{"type":"LineString","coordinates":[[-6.34801,38.91536],[-6.34803,38.91534],[-6.34804,38.91533],[-6.34805,38.9153],[-6.34804,38.91528]]}},{"type":"Feature","properties":{"name":"","kind":"road","road":"primary","osm":909678296},"geometry":{"type":"LineString","coordinates":[[-6.35051,38.91797],[-6.35058,38.91794],[-6.35064,38.9179],[-6.35068,38.91783]]}},{"type":"Feature","properties":{"name":"","kind":"road","road":"primary","osm":909678297},"geometry":{"type":"LineString","coordinates":[[-6.35057,38.91758],[-6.35051,38.91755],[-6.35044,38.91754],[-6.35037,38.91754]]}},{"type":"Feature","properties":{"name":"","kind":"road","road":"primary","osm":909678298},"geometry":{"type":"LineString","coordinates":[[-6.3569,38.91597],[-6.35696,38.91602],[-6.35703,38.91605],[-6.3571,38.91608],[-6.35718,38.9161],[-6.35729,38.91612],[-6.35739,38.91611],[-6.35749,38.91609],[-6.35756,38.91606],[-6.35763,38.91603]]}},{"type":"Feature","properties":{"name":"","kind":"road","road":"primary","osm":909678299},"geometry":{"type":"LineString","coordinates":[[-6.35776,38.91591],[-6.3578,38.91584],[-6.35783,38.91577],[-6.35783,38.91569],[-6.35782,38.91561],[-6.35779,38.91554],[-6.35774,38.91547]]}},{"type":"Feature","properties":{"name":"","kind":"road","road":"secondary","osm":909678319},"geometry":{"type":"LineString","coordinates":[[-6.35384,38.90726],[-6.35386,38.90726],[-6.35389,38.90726],[-6.35391,38.90726],[-6.35392,38.90726],[-6.35395,38.90725],[-6.35397,38.90724],[-6.35399,38.90722],[-6.35401,38.90721],[-6.35402,38.9072]]}},{"type":"Feature","properties":{"name":"","kind":"road","road":"secondary","osm":909678320},"geometry":{"type":"LineString","coordinates":[[-6.35374,38.90723],[-6.35375,38.90724],[-6.35377,38.90725],[-6.35378,38.90725],[-6.3538,38.90725],[-6.35382,38.90726],[-6.35384,38.90726]]}},{"type":"Feature","properties":{"name":"Rotonda","kind":"road","road":"secondary","osm":909678321},"geometry":{"type":"LineString","coordinates":[[-6.35585,38.91138],[-6.35587,38.91132],[-6.35588,38.91127],[-6.35585,38.9112],[-6.3558,38.91116]]}},{"type":"Feature","properties":{"name":"Rotonda","kind":"road","road":"secondary","osm":909678322},"geometry":{"type":"LineString","coordinates":[[-6.35556,38.91145],[-6.35564,38.91147],[-6.35569,38.91147],[-6.35574,38.91145],[-6.3558,38.91142]]}},{"type":"Feature","properties":{"name":"","kind":"road","road":"primary","osm":909678323},"geometry":{"type":"LineString","coordinates":[[-6.35678,38.9157],[-6.35679,38.91578],[-6.35681,38.91584],[-6.35685,38.91591],[-6.3569,38.91597]]}},{"type":"Feature","properties":{"name":"","kind":"road","road":"primary","osm":909678324},"geometry":{"type":"LineString","coordinates":[[-6.35752,38.91533],[-6.35743,38.91531],[-6.35734,38.9153],[-6.35726,38.9153],[-6.35717,38.91531]]}},{"type":"Feature","properties":{"name":"","kind":"road","road":"secondary","osm":909678325},"geometry":{"type":"LineString","coordinates":[[-6.34784,38.91528],[-6.34783,38.9153]]}},{"type":"Feature","properties":{"name":"","kind":"road","road":"secondary","osm":909678326},"geometry":{"type":"LineString","coordinates":[[-6.34239,38.91182],[-6.34239,38.91184],[-6.3424,38.91186],[-6.34242,38.91188],[-6.34245,38.91189],[-6.34247,38.9119],[-6.34251,38.9119],[-6.34254,38.91189],[-6.34257,38.91187],[-6.34259,38.91185],[-6.3426,38.91182]]}},{"type":"Feature","properties":{"name":"","kind":"road","road":"secondary","osm":909678327},"geometry":{"type":"LineString","coordinates":[[-6.3426,38.91182],[-6.34259,38.9118],[-6.34258,38.91177],[-6.34255,38.91175],[-6.34253,38.91174]]}},{"type":"Feature","properties":{"name":"","kind":"road","road":"secondary","osm":909678328},"geometry":{"type":"LineString","coordinates":[[-6.34146,38.91065],[-6.34146,38.91059],[-6.34143,38.91053],[-6.34139,38.91049],[-6.34133,38.91045],[-6.34127,38.91043],[-6.3412,38.91043],[-6.34112,38.91044],[-6.34106,38.91046],[-6.34101,38.9105]]}},{"type":"Feature","properties":{"name":"","kind":"road","road":"secondary","osm":909678329},"geometry":{"type":"LineString","coordinates":[[-6.34141,38.91074],[-6.34144,38.9107],[-6.34146,38.91065]]}},{"type":"Feature","properties":{"name":"Avenida Reina Sofía","kind":"road","road":"trunk","osm":909678330},"geometry":{"type":"LineString","coordinates":[[-6.35145,38.9075],[-6.35229,38.90725]]}},{"type":"Feature","properties":{"name":"","kind":"road","road":"secondary","osm":909678331},"geometry":{"type":"LineString","coordinates":[[-6.35406,38.90713],[-6.35406,38.90711],[-6.35405,38.90709],[-6.35405,38.90708],[-6.35405,38.90706],[-6.35404,38.90704],[-6.35403,38.90703],[-6.35401,38.90702],[-6.354,38.907]]}},{"type":"Feature","properties":{"name":"","kind":"road","road":"primary","osm":909678338},"geometry":{"type":"LineString","coordinates":[[-6.35763,38.91603],[-6.3577,38.91598],[-6.35776,38.91591]]}},{"type":"Feature","properties":{"name":"","kind":"road","road":"primary","osm":909724112},"geometry":{"type":"LineString","coordinates":[[-6.34335,38.92003],[-6.34337,38.92007],[-6.34341,38.92008],[-6.34345,38.92008],[-6.34349,38.92006]]}},{"type":"Feature","properties":{"name":"","kind":"road","road":"primary","osm":909724113},"geometry":{"type":"LineString","coordinates":[[-6.34349,38.92006],[-6.34351,38.92003]]}},{"type":"Feature","properties":{"name":"","kind":"road","road":"primary","osm":909724114},"geometry":{"type":"LineString","coordinates":[[-6.34351,38.92003],[-6.3435,38.92],[-6.34347,38.91997]]}},{"type":"Feature","properties":{"name":"","kind":"road","road":"primary","osm":909724130},"geometry":{"type":"LineString","coordinates":[[-6.35362,38.9217],[-6.35367,38.92172],[-6.35373,38.92172]]}},{"type":"Feature","properties":{"name":"","kind":"road","road":"primary","osm":910349911},"geometry":{"type":"LineString","coordinates":[[-6.35774,38.91547],[-6.35767,38.91541],[-6.35759,38.91536],[-6.35752,38.91533]]}},{"type":"Feature","properties":{"name":"","kind":"road","road":"secondary","osm":910349912},"geometry":{"type":"LineString","coordinates":[[-6.35367,38.90708],[-6.35367,38.90711],[-6.35367,38.90713],[-6.35367,38.90715],[-6.35368,38.90717],[-6.35369,38.90718],[-6.3537,38.9072],[-6.35371,38.90721],[-6.35374,38.90723]]}},{"type":"Feature","properties":{"name":"","kind":"road","road":"secondary","osm":910486385},"geometry":{"type":"LineString","coordinates":[[-6.35402,38.9072],[-6.35403,38.90718],[-6.35405,38.90716],[-6.35405,38.90715],[-6.35406,38.90713]]}},{"type":"Feature","properties":{"name":"","kind":"road","road":"secondary","osm":910486386},"geometry":{"type":"LineString","coordinates":[[-6.35371,38.90702],[-6.3537,38.90703],[-6.35368,38.90705],[-6.35368,38.90707],[-6.35367,38.90708]]}},{"type":"Feature","properties":{"name":"Rotonda","kind":"road","road":"secondary","osm":910486387},"geometry":{"type":"LineString","coordinates":[[-6.3558,38.91116],[-6.35574,38.91113],[-6.35567,38.91112],[-6.35562,38.91112],[-6.35555,38.91114]]}},{"type":"Feature","properties":{"name":"","kind":"road","road":"tertiary","osm":946550289},"geometry":{"type":"LineString","coordinates":[[-6.33892,38.90899],[-6.33889,38.90905],[-6.33888,38.90909],[-6.33888,38.90911],[-6.33889,38.90917]]}},{"type":"Feature","properties":{"name":"","kind":"road","road":"tertiary","osm":946550304},"geometry":{"type":"LineString","coordinates":[[-6.33894,38.90922],[-6.33898,38.90925],[-6.33902,38.90926],[-6.33904,38.90927],[-6.33911,38.90927],[-6.33916,38.90926],[-6.33922,38.90925]]}},{"type":"Feature","properties":{"name":"","kind":"road","road":"trunk","osm":946550307},"geometry":{"type":"LineString","coordinates":[[-6.33816,38.91188],[-6.33815,38.91183],[-6.33812,38.91179],[-6.33808,38.91176],[-6.33805,38.91175],[-6.33799,38.91174],[-6.33794,38.91174],[-6.33786,38.91176],[-6.33782,38.91176]]}},{"type":"Feature","properties":{"name":"","kind":"road","road":"trunk","osm":946550308},"geometry":{"type":"LineString","coordinates":[[-6.33794,38.91207],[-6.33799,38.91205],[-6.33806,38.91201],[-6.3381,38.91198],[-6.33812,38.91197],[-6.33815,38.91192],[-6.33816,38.91188]]}},{"type":"Feature","properties":{"name":"Rotonda","kind":"road","road":"secondary","osm":946550310},"geometry":{"type":"LineString","coordinates":[[-6.3558,38.91142],[-6.35585,38.91138]]}},{"type":"Feature","properties":{"name":"Calle Santa Catalina","kind":"road","road":"pedestrian","osm":946764813},"geometry":{"type":"LineString","coordinates":[[-6.34441,38.91678],[-6.34464,38.91701]]}},{"type":"Feature","properties":{"name":"","kind":"road","road":"secondary","osm":1018921223},"geometry":{"type":"LineString","coordinates":[[-6.34792,38.91522],[-6.34789,38.91523],[-6.34787,38.91524],[-6.34785,38.91526],[-6.34784,38.91528]]}},{"type":"Feature","properties":{"name":"","kind":"road","road":"secondary","osm":1018921224},"geometry":{"type":"LineString","coordinates":[[-6.34783,38.9153],[-6.34784,38.91533],[-6.34786,38.91536]]}},{"type":"Feature","properties":{"name":"","kind":"park","road":"","osm":1024299115},"geometry":{"type":"Polygon","coordinates":[[[-6.34656,38.91684],[-6.34649,38.91674],[-6.34647,38.91671],[-6.34632,38.91679],[-6.34641,38.91691],[-6.34656,38.91684]]]}},{"type":"Feature","properties":{"name":"Avenida de Alange","kind":"road","road":"tertiary","osm":1032810713},"geometry":{"type":"LineString","coordinates":[[-6.34842,38.9076],[-6.34836,38.9076],[-6.34831,38.90758],[-6.34826,38.90757]]}},{"type":"Feature","properties":{"name":"Avenida Jose Saramago de Sousa","kind":"road","road":"tertiary","osm":1032810714},"geometry":{"type":"LineString","coordinates":[[-6.34881,38.90756],[-6.34854,38.90761],[-6.3485,38.90761]]}},{"type":"Feature","properties":{"name":"","kind":"park","road":"","osm":1037775092},"geometry":{"type":"Polygon","coordinates":[[[-6.33917,38.90565],[-6.33853,38.90585],[-6.33822,38.90524],[-6.33886,38.90505],[-6.33917,38.90565]]]}},{"type":"Feature","properties":{"name":"","kind":"water","road":"","osm":1055474635},"geometry":{"type":"Polygon","coordinates":[[[-6.34112,38.91055],[-6.3411,38.91056],[-6.34108,38.91059],[-6.34107,38.91061],[-6.34107,38.91063],[-6.34108,38.91066],[-6.34109,38.91068],[-6.34111,38.9107],[-6.34114,38.91071],[-6.34117,38.91072],[-6.3412,38.91072],[-6.34123,38.91071],[-6.34126,38.9107],[-6.34128,38.91068],[-6.3413,38.91066],[-6.34131,38.91064],[-6.34131,38.91062],[-6.3413,38.91059],[-6.34129,38.91057],[-6.34127,38.91055],[-6.34124,38.91054],[-6.34121,38.91053],[-6.34118,38.91053],[-6.34115,38.91054],[-6.34112,38.91055]]]}},{"type":"Feature","properties":{"name":"Puente Romano","kind":"road","road":"pedestrian","osm":1075066789},"geometry":{"type":"LineString","coordinates":[[-6.3491,38.91433],[-6.34915,38.9143],[-6.34934,38.91418],[-6.34952,38.91407],[-6.34969,38.91396],[-6.34987,38.91385],[-6.35003,38.91375],[-6.35033,38.91356],[-6.35044,38.91349],[-6.35056,38.91342],[-6.35067,38.91335],[-6.35078,38.91327],[-6.35092,38.91319],[-6.35106,38.9131],[-6.35119,38.91302],[-6.35132,38.91294],[-6.35144,38.91286],[-6.35155,38.91279],[-6.35166,38.91272],[-6.35178,38.91265],[-6.35188,38.91259],[-6.35201,38.9125],[-6.35212,38.91244],[-6.35246,38.91222]]}},{"type":"Feature","properties":{"name":"","kind":"road","road":"secondary","osm":1075084291},"geometry":{"type":"LineString","coordinates":[[-6.35351,38.90657],[-6.35356,38.90657],[-6.35362,38.90656],[-6.35369,38.90652]]}},{"type":"Feature","properties":{"name":"","kind":"road","road":"secondary","osm":1088309929},"geometry":{"type":"LineString","coordinates":[[-6.354,38.907],[-6.35398,38.90699],[-6.35396,38.90698],[-6.35394,38.90697],[-6.35392,38.90697]]}},{"type":"Feature","properties":{"name":"","kind":"road","road":"secondary","osm":1088309930},"geometry":{"type":"LineString","coordinates":[[-6.35337,38.90627],[-6.35333,38.90632],[-6.35331,38.90636]]}},{"type":"Feature","properties":{"name":"","kind":"road","road":"secondary","osm":1088309931},"geometry":{"type":"LineString","coordinates":[[-6.35353,38.90621],[-6.35346,38.90622],[-6.35337,38.90627]]}},{"type":"Feature","properties":{"name":"","kind":"road","road":"secondary","osm":1088309932},"geometry":{"type":"LineString","coordinates":[[-6.35372,38.90629],[-6.35366,38.90624],[-6.35361,38.90622],[-6.35353,38.90621]]}},{"type":"Feature","properties":{"name":"","kind":"road","road":"secondary","osm":1088309933},"geometry":{"type":"LineString","coordinates":[[-6.35376,38.90641],[-6.35376,38.90637],[-6.35372,38.90629]]}},{"type":"Feature","properties":{"name":"","kind":"road","road":"secondary","osm":1088309934},"geometry":{"type":"LineString","coordinates":[[-6.35369,38.90652],[-6.35374,38.90647],[-6.35376,38.90641]]}},{"type":"Feature","properties":{"name":"","kind":"road","road":"secondary","osm":1088309935},"geometry":{"type":"LineString","coordinates":[[-6.3534,38.90654],[-6.35345,38.90656],[-6.35351,38.90657]]}},{"type":"Feature","properties":{"name":"","kind":"park","road":"","osm":1125874609},"geometry":{"type":"Polygon","coordinates":[[[-6.34707,38.9189],[-6.34707,38.91889],[-6.34732,38.91888],[-6.34733,38.91889],[-6.34714,38.9189],[-6.34707,38.9189]]]}},{"type":"Feature","properties":{"name":"","kind":"park","road":"","osm":1125874612},"geometry":{"type":"Polygon","coordinates":[[[-6.34714,38.91891],[-6.34713,38.91892],[-6.34712,38.91893],[-6.3471,38.91894],[-6.34708,38.91895],[-6.34707,38.91892],[-6.34709,38.91891],[-6.34714,38.91891]]]}},{"type":"Feature","properties":{"name":"","kind":"park","road":"","osm":1125874613},"geometry":{"type":"Polygon","coordinates":[[[-6.34752,38.919],[-6.34751,38.91901],[-6.34743,38.91894],[-6.34744,38.91893],[-6.34752,38.919]]]}},{"type":"Feature","properties":{"name":"Plaza de la Politecnica","kind":"road","road":"pedestrian","osm":1125874615},"geometry":{"type":"LineString","coordinates":[[-6.34746,38.91899],[-6.34747,38.91899],[-6.34751,38.91902],[-6.34721,38.9192],[-6.34721,38.91919],[-6.34717,38.91906],[-6.34712,38.91907],[-6.3471,38.91907],[-6.34708,38.91895],[-6.3471,38.91894],[-6.34712,38.91893],[-6.34713,38.91892],[-6.34714,38.91891],[-6.34714,38.9189],[-6.34733,38.91889],[-6.34736,38.91889],[-6.34739,38.9189],[-6.3474,38.91892],[-6.34738,38.91893],[-6.34745,38.91899],[-6.34746,38.91899]]}},{"type":"Feature","properties":{"name":"","kind":"water","road":"","osm":1126055065},"geometry":{"type":"Polygon","coordinates":[[[-6.33073,38.91657],[-6.33074,38.91656],[-6.33076,38.91656],[-6.33077,38.91654],[-6.33077,38.91653],[-6.33077,38.91651],[-6.33077,38.9165],[-6.33076,38.91649],[-6.33074,38.91648],[-6.33073,38.91648],[-6.33071,38.91648],[-6.33068,38.91649],[-6.33067,38.9165],[-6.33066,38.91652],[-6.33066,38.91654],[-6.33067,38.91655],[-6.33068,38.91656],[-6.33069,38.91656],[-6.33071,38.91657],[-6.33073,38.91657]]]}},{"type":"Feature","properties":{"name":"","kind":"water","road":"","osm":1126055070},"geometry":{"type":"Polygon","coordinates":[[[-6.34624,38.91575],[-6.34622,38.91576],[-6.3461,38.91564],[-6.34614,38.91561],[-6.34624,38.91575]]]}},{"type":"Feature","properties":{"name":"","kind":"water","road":"","osm":1126055088},"geometry":{"type":"Polygon","coordinates":[[[-6.33048,38.91931],[-6.33052,38.91907],[-6.33022,38.91905],[-6.33018,38.91928],[-6.33048,38.91931]]]}},{"type":"Feature","properties":{"name":"","kind":"water","road":"","osm":1126190511},"geometry":{"type":"Polygon","coordinates":[[[-6.34983,38.92119],[-6.34981,38.92121],[-6.34972,38.92112],[-6.34974,38.9211],[-6.34977,38.92112],[-6.3498,38.92111],[-6.34983,38.92114],[-6.3498,38.92116],[-6.34983,38.92119]]]}},{"type":"Feature","properties":{"name":"","kind":"park","road":"","osm":1126341445},"geometry":{"type":"Polygon","coordinates":[[[-6.34295,38.918],[-6.34295,38.91801],[-6.34296,38.91801],[-6.34296,38.91802],[-6.34296,38.91803],[-6.34296,38.91804],[-6.34295,38.91804],[-6.34294,38.91805],[-6.34293,38.91805],[-6.34294,38.91806],[-6.34295,38.91806],[-6.34295,38.91805],[-6.34296,38.91805],[-6.34296,38.91804],[-6.34297,38.91804],[-6.34297,38.91803],[-6.34297,38.91802],[-6.34297,38.91801],[-6.34297,38.918],[-6.34296,38.91799],[-6.34295,38.918]]]}},{"type":"Feature","properties":{"name":"","kind":"park","road":"","osm":1126341447},"geometry":{"type":"Polygon","coordinates":[[[-6.34295,38.918],[-6.34296,38.91799],[-6.34295,38.91799],[-6.34294,38.91799],[-6.34293,38.91798],[-6.34291,38.91798],[-6.3429,38.91799],[-6.34289,38.91799],[-6.34288,38.918],[-6.34287,38.91801],[-6.34287,38.91802],[-6.34287,38.91803],[-6.34287,38.91804],[-6.34288,38.91804],[-6.34288,38.91805],[-6.34289,38.91805],[-6.3429,38.91806],[-6.34291,38.91806],[-6.34292,38.91806],[-6.34293,38.91806],[-6.34294,38.91806],[-6.34293,38.91805],[-6.34292,38.91805],[-6.34291,38.91805],[-6.3429,38.91805],[-6.3429,38.91804],[-6.34289,38.91804],[-6.34289,38.91803],[-6.34289,38.91802],[-6.34289,38.91801],[-6.3429,38.918],[-6.34291,38.918],[-6.34292,38.91799],[-6.34293,38.91799],[-6.34294,38.918],[-6.34295,38.918]]]}},{"type":"Feature","properties":{"name":"Plaza Puerta de la Villa","kind":"road","road":"pedestrian","osm":1126341448},"geometry":{"type":"LineString","coordinates":[[-6.34285,38.91813],[-6.34289,38.91805],[-6.34288,38.91805],[-6.34288,38.91804],[-6.34287,38.91804],[-6.34287,38.91803],[-6.34287,38.91802],[-6.34287,38.91801],[-6.34288,38.918],[-6.34289,38.91799],[-6.3429,38.91799],[-6.34291,38.91798],[-6.34293,38.91798],[-6.34294,38.91789],[-6.34291,38.91786],[-6.34285,38.9179],[-6.34282,38.91793],[-6.34279,38.91795],[-6.34275,38.91797],[-6.34269,38.91802],[-6.34267,38.91804],[-6.34276,38.91809],[-6.34285,38.91813]]}},{"type":"Feature","properties":{"name":"Calle Santa Eulalia","kind":"road","road":"pedestrian","osm":1126341451},"geometry":{"type":"LineString","coordinates":[[-6.34308,38.91783],[-6.34315,38.91775],[-6.34322,38.91772],[-6.34354,38.91754],[-6.34385,38.91737],[-6.34417,38.91721],[-6.34424,38.91721],[-6.34437,38.91717],[-6.34464,38.91701],[-6.34495,38.91682],[-6.34524,38.9166],[-6.34563,38.91634],[-6.3457,38.91631]]}},{"type":"Feature","properties":{"name":"Plaza Puerta de la Villa","kind":"road","road":"pedestrian","osm":1126341452},"geometry":{"type":"LineString","coordinates":[[-6.34317,38.91789],[-6.34313,38.91791],[-6.34311,38.91793],[-6.34305,38.91799],[-6.34316,38.91805],[-6.34308,38.91809],[-6.34301,38.91814],[-6.34301,38.91816],[-6.34298,38.91816],[-6.34296,38.91816],[-6.34285,38.91813],[-6.34289,38.91805],[-6.3429,38.91806],[-6.34291,38.91806],[-6.34292,38.91806],[-6.34293,38.91806],[-6.34294,38.91806],[-6.34295,38.91806],[-6.34295,38.91805],[-6.34296,38.91805],[-6.34296,38.91804],[-6.34297,38.91804],[-6.34297,38.91803],[-6.34297,38.91802],[-6.34297,38.91801],[-6.34297,38.918],[-6.34296,38.91799],[-6.34295,38.91799],[-6.34294,38.91799],[-6.34293,38.91798],[-6.34294,38.91789],[-6.343,38.91784],[-6.34303,38.91782],[-6.34305,38.91781],[-6.34308,38.91783],[-6.34311,38.91785],[-6.34317,38.91789]]}},{"type":"Feature","properties":{"name":"","kind":"road","road":"tertiary","osm":1167306638},"geometry":{"type":"LineString","coordinates":[[-6.33889,38.90917],[-6.33894,38.90922]]}},{"type":"Feature","properties":{"name":"Avenida de Extremadura","kind":"road","road":"primary","osm":1177794442},"geometry":{"type":"LineString","coordinates":[[-6.33944,38.92024],[-6.33921,38.92022],[-6.33882,38.92017],[-6.33788,38.9201]]}},{"type":"Feature","properties":{"name":"","kind":"water","road":"","osm":1206491697},"geometry":{"type":"Polygon","coordinates":[[[-6.33933,38.91647],[-6.33925,38.91639],[-6.3393,38.91636],[-6.33938,38.91644],[-6.33933,38.91647]]]}},{"type":"Feature","properties":{"name":"Camino del Peral","kind":"road","road":"tertiary","osm":1221855528},"geometry":{"type":"LineString","coordinates":[[-6.33443,38.90642],[-6.33434,38.90639]]}},{"type":"Feature","properties":{"name":"Camino del Peral","kind":"road","road":"tertiary","osm":1221855529},"geometry":{"type":"LineString","coordinates":[[-6.33434,38.90639],[-6.33426,38.90636],[-6.33416,38.90631],[-6.33402,38.90624],[-6.33385,38.90616],[-6.33343,38.90593],[-6.33337,38.9059],[-6.33319,38.90581],[-6.33315,38.90579],[-6.33313,38.90578],[-6.33295,38.90568],[-6.33267,38.90552],[-6.33261,38.90549],[-6.33213,38.90522],[-6.33155,38.90491]]}},{"type":"Feature","properties":{"name":"Avenida Emérita Augusta","kind":"road","road":"primary","osm":1260397283},"geometry":{"type":"LineString","coordinates":[[-6.35487,38.92602],[-6.35512,38.92555],[-6.35521,38.92536],[-6.35533,38.92505],[-6.35543,38.92483]]}},{"type":"Feature","properties":{"name":"Avenida Emérita Augusta","kind":"road","road":"primary","osm":1260397287},"geometry":{"type":"LineString","coordinates":[[-6.35472,38.92285],[-6.35478,38.92297],[-6.35481,38.92305],[-6.35484,38.9231]]}},{"type":"Feature","properties":{"name":"Avenida Emérita Augusta","kind":"road","road":"primary","osm":1260397288},"geometry":{"type":"LineString","coordinates":[[-6.35412,38.92219],[-6.35417,38.92225]]}},{"type":"Feature","properties":{"name":"Avenida Emérita Augusta","kind":"road","road":"primary","osm":1260397289},"geometry":{"type":"LineString","coordinates":[[-6.35373,38.92172],[-6.35379,38.92181],[-6.35398,38.92206],[-6.35412,38.92219]]}},{"type":"Feature","properties":{"name":"Avenida José Fernández López","kind":"road","road":"primary","osm":1260397291},"geometry":{"type":"LineString","coordinates":[[-6.35324,38.92105],[-6.35337,38.92121]]}},{"type":"Feature","properties":{"name":"Avenida José Fernández López","kind":"road","road":"primary","osm":1260397292},"geometry":{"type":"LineString","coordinates":[[-6.35337,38.92121],[-6.35338,38.92123],[-6.35349,38.92138],[-6.35354,38.92146],[-6.35357,38.92151]]}},{"type":"Feature","properties":{"name":"Avenida José Fernández López","kind":"road","road":"primary","osm":1260397293},"geometry":{"type":"LineString","coordinates":[[-6.35181,38.91954],[-6.35237,38.9201],[-6.35245,38.92018],[-6.353,38.92075],[-6.35324,38.92105]]}},{"type":"Feature","properties":{"name":"","kind":"park","road":"","osm":1334710421},"geometry":{"type":"Polygon","coordinates":[[[-6.33757,38.91887],[-6.33761,38.91859],[-6.33684,38.9185],[-6.3368,38.91879],[-6.33685,38.91879],[-6.33747,38.91886],[-6.33757,38.91887]]]}},{"type":"Feature","properties":{"name":"","kind":"park","road":"","osm":1334754896},"geometry":{"type":"Polygon","coordinates":[[[-6.33447,38.91297],[-6.33439,38.913],[-6.33391,38.91255],[-6.3339,38.91244],[-6.33409,38.91234],[-6.33447,38.91297]]]}},{"type":"Feature","properties":{"name":"","kind":"park","road":"","osm":1334754921},"geometry":{"type":"Polygon","coordinates":[[[-6.33737,38.91195],[-6.33714,38.91204],[-6.33688,38.91164],[-6.33703,38.91159],[-6.33693,38.91143],[-6.33683,38.91147],[-6.3367,38.91126],[-6.33648,38.91117],[-6.33657,38.91114],[-6.33674,38.91123],[-6.33687,38.91118],[-6.33737,38.91195]]]}},{"type":"Feature","properties":{"name":"","kind":"park","road":"","osm":1334754983},"geometry":{"type":"Polygon","coordinates":[[[-6.34179,38.90996],[-6.34163,38.91001],[-6.34146,38.9097],[-6.34164,38.90966],[-6.34179,38.90996]]]}},{"type":"Feature","properties":{"name":"","kind":"park","road":"","osm":1334754987},"geometry":{"type":"Polygon","coordinates":[[[-6.34151,38.90817],[-6.34184,38.90807],[-6.34185,38.90798],[-6.3415,38.90748],[-6.34145,38.90746],[-6.34118,38.90749],[-6.34151,38.90817]]]}},{"type":"Feature","properties":{"name":"","kind":"park","road":"","osm":1334851348},"geometry":{"type":"Polygon","coordinates":[[[-6.35267,38.90794],[-6.35309,38.90749],[-6.35231,38.90768],[-6.35211,38.90763],[-6.35193,38.90756],[-6.3518,38.90752],[-6.35172,38.90751],[-6.35157,38.90754],[-6.35128,38.90759],[-6.35023,38.90791],[-6.35014,38.90795],[-6.3504,38.90803],[-6.35065,38.90812],[-6.35101,38.90793],[-6.35117,38.90783],[-6.35133,38.90783],[-6.35143,38.90779],[-6.35154,38.90783],[-6.35179,38.90792],[-6.35205,38.90797],[-6.35234,38.90798],[-6.35267,38.90794]]]}},{"type":"Feature","properties":{"name":"","kind":"park","road":"","osm":1334851447},"geometry":{"type":"Polygon","coordinates":[[[-6.35574,38.90989],[-6.35589,38.9098],[-6.35579,38.90968],[-6.35544,38.90967],[-6.3555,38.90978],[-6.35552,38.90981],[-6.35564,38.90994],[-6.35574,38.90989]]]}},{"type":"Feature","properties":{"name":"","kind":"park","road":"","osm":1334851518},"geometry":{"type":"Polygon","coordinates":[[[-6.35956,38.9068],[-6.35946,38.90675],[-6.35941,38.90677],[-6.35938,38.9068],[-6.35931,38.90684],[-6.35928,38.90685],[-6.35922,38.9069],[-6.3592,38.90697],[-6.35925,38.90701],[-6.35956,38.9068]]]}},{"type":"Feature","properties":{"name":"","kind":"park","road":"","osm":1334853759},"geometry":{"type":"Polygon","coordinates":[[[-6.35812,38.91138],[-6.3579,38.9112],[-6.35783,38.91124],[-6.35774,38.91113],[-6.3577,38.91136],[-6.35782,38.91139],[-6.35812,38.91138]]]}},{"type":"Feature","properties":{"name":"","kind":"park","road":"","osm":1334871668},"geometry":{"type":"Polygon","coordinates":[[[-6.35874,38.91624],[-6.35879,38.91613],[-6.35875,38.91585],[-6.35884,38.91577],[-6.35816,38.91588],[-6.35827,38.91599],[-6.35844,38.91613],[-6.35858,38.91621],[-6.35866,38.91624],[-6.35874,38.91624]]]}},{"type":"Feature","properties":{"name":"","kind":"park","road":"","osm":1334871700},"geometry":{"type":"Polygon","coordinates":[[[-6.35905,38.91363],[-6.35879,38.91353],[-6.3585,38.91336],[-6.35896,38.91331],[-6.35905,38.91363]]]}},{"type":"Feature","properties":{"name":"","kind":"park","road":"","osm":1334907979},"geometry":{"type":"Polygon","coordinates":[[[-6.35794,38.91709],[-6.3578,38.91699],[-6.35735,38.91666],[-6.35721,38.9165],[-6.35666,38.91638],[-6.35621,38.91644],[-6.35675,38.91682],[-6.35685,38.91696],[-6.35722,38.91717],[-6.35755,38.91736],[-6.35805,38.91719],[-6.35794,38.91709]]]}},{"type":"Feature","properties":{"name":"","kind":"park","road":"","osm":1334907980},"geometry":{"type":"Polygon","coordinates":[[[-6.35807,38.91694],[-6.3578,38.91699],[-6.35735,38.91666],[-6.35727,38.9166],[-6.35721,38.9165],[-6.35671,38.91639],[-6.35621,38.91644],[-6.35616,38.9163],[-6.35682,38.91612],[-6.35695,38.91612],[-6.35721,38.9162],[-6.35752,38.91658],[-6.35807,38.91694]]]}},{"type":"Feature","properties":{"name":"","kind":"park","road":"","osm":1335177543},"geometry":{"type":"Polygon","coordinates":[[[-6.35082,38.92422],[-6.34971,38.92427],[-6.34951,38.92428],[-6.3495,38.92402],[-6.34976,38.92393],[-6.34986,38.92389],[-6.3502,38.92382],[-6.35049,38.92378],[-6.35059,38.92382],[-6.35093,38.92403],[-6.35135,38.92433],[-6.35124,38.92443],[-6.35121,38.92446],[-6.35089,38.92424],[-6.35082,38.92422]]]}},{"type":"Feature","properties":{"name":"","kind":"park","road":"","osm":1335177544},"geometry":{"type":"Polygon","coordinates":[[[-6.34945,38.92424],[-6.34944,38.92406],[-6.34922,38.9242],[-6.3492,38.92425],[-6.34945,38.92424]]]}},{"type":"Feature","properties":{"name":"","kind":"park","road":"","osm":1335177545},"geometry":{"type":"Polygon","coordinates":[[[-6.35213,38.92486],[-6.35198,38.92487],[-6.35189,38.92485],[-6.35124,38.92443],[-6.35135,38.92433],[-6.35213,38.92486]]]}},{"type":"Feature","properties":{"name":"","kind":"park","road":"","osm":1335198481},"geometry":{"type":"Polygon","coordinates":[[[-6.34197,38.92499],[-6.34206,38.92476],[-6.34205,38.92474],[-6.33919,38.92407],[-6.33885,38.92414],[-6.33875,38.92421],[-6.34197,38.92499]]]}},{"type":"Feature","properties":{"name":"","kind":"park","road":"","osm":1335198482},"geometry":{"type":"Polygon","coordinates":[[[-6.3434,38.92534],[-6.34348,38.92515],[-6.34313,38.92501],[-6.34288,38.92495],[-6.34267,38.9249],[-6.34222,38.92479],[-6.34212,38.92504],[-6.3434,38.92534]]]}},{"type":"Feature","properties":{"name":"","kind":"park","road":"","osm":1335198565},"geometry":{"type":"Polygon","coordinates":[[[-6.33416,38.92517],[-6.33423,38.92508],[-6.33415,38.92505],[-6.33383,38.92493],[-6.33423,38.92424],[-6.33418,38.92419],[-6.33343,38.92459],[-6.33336,38.92449],[-6.33324,38.92445],[-6.33319,38.92434],[-6.33316,38.92435],[-6.33338,38.92485],[-6.33416,38.92517]]]}},{"type":"Feature","properties":{"name":"","kind":"park","road":"","osm":1335198569},"geometry":{"type":"Polygon","coordinates":[[[-6.33432,38.92438],[-6.33426,38.92433],[-6.33438,38.92417],[-6.33424,38.92401],[-6.33439,38.92391],[-6.33448,38.92403],[-6.33456,38.92423],[-6.33432,38.92438]]]}},{"type":"Feature","properties":{"name":"","kind":"park","road":"","osm":1335198570},"geometry":{"type":"Polygon","coordinates":[[[-6.33421,38.92397],[-6.33437,38.92389],[-6.33423,38.92383],[-6.33409,38.92384],[-6.33421,38.92397]]]}},{"type":"Feature","properties":{"name":"","kind":"park","road":"","osm":1335198571},"geometry":{"type":"Polygon","coordinates":[[[-6.33423,38.92508],[-6.33453,38.92459],[-6.33458,38.92446],[-6.3346,38.92432],[-6.33443,38.9244],[-6.33447,38.92448],[-6.3345,38.9245],[-6.33415,38.92505],[-6.33423,38.92508]]]}},{"type":"Feature","properties":{"name":"","kind":"park","road":"","osm":1335773224},"geometry":{"type":"Polygon","coordinates":[[[-6.33591,38.91669],[-6.33535,38.91635],[-6.33511,38.91661],[-6.33591,38.91669]]]}},{"type":"Feature","properties":{"name":"","kind":"park","road":"","osm":1335773227},"geometry":{"type":"Polygon","coordinates":[[[-6.33504,38.91729],[-6.33493,38.9168],[-6.3348,38.91681],[-6.33447,38.91715],[-6.33463,38.91725],[-6.3348,38.91727],[-6.33504,38.91729]]]}},{"type":"Feature","properties":{"name":"","kind":"park","road":"","osm":1335801571},"geometry":{"type":"Polygon","coordinates":[[[-6.32859,38.91765],[-6.32836,38.9172],[-6.32827,38.91722],[-6.32845,38.91768],[-6.32859,38.91765]]]}},{"type":"Feature","properties":{"name":"","kind":"park","road":"","osm":1335801572},"geometry":{"type":"Polygon","coordinates":[[[-6.32836,38.91719],[-6.32827,38.91722],[-6.32813,38.91687],[-6.32816,38.91679],[-6.32836,38.91719]]]}},{"type":"Feature","properties":{"name":"","kind":"park","road":"","osm":1336284602},"geometry":{"type":"Polygon","coordinates":[[[-6.32925,38.92286],[-6.32928,38.92279],[-6.3293,38.92274],[-6.32936,38.9226],[-6.32858,38.9228],[-6.32832,38.92333],[-6.32925,38.92286]]]}},{"type":"Feature","properties":{"name":"","kind":"park","road":"","osm":1336953956},"geometry":{"type":"Polygon","coordinates":[[[-6.34087,38.90554],[-6.34084,38.90545],[-6.34082,38.90543],[-6.3408,38.9054],[-6.34088,38.90539],[-6.34084,38.90532],[-6.34078,38.90534],[-6.34076,38.90531],[-6.34073,38.90524],[-6.34054,38.90521],[-6.34037,38.90482],[-6.34092,38.90456],[-6.34145,38.90535],[-6.34087,38.90554]]]}},{"type":"Feature","properties":{"name":"","kind":"park","road":"","osm":1336953983},"geometry":{"type":"Polygon","coordinates":[[[-6.33909,38.90623],[-6.3389,38.90584],[-6.33848,38.90595],[-6.33844,38.90592],[-6.33786,38.9061],[-6.33777,38.90623],[-6.33781,38.90634],[-6.3379,38.9063],[-6.33797,38.90643],[-6.33909,38.90623]]]}},{"type":"Feature","properties":{"name":"","kind":"park","road":"","osm":1337369100},"geometry":{"type":"Polygon","coordinates":[[[-6.35359,38.91122],[-6.35341,38.91105],[-6.35317,38.91121],[-6.35314,38.91125],[-6.35332,38.9114],[-6.35359,38.91122]]]}},{"type":"Feature","properties":{"name":"","kind":"park","road":"","osm":1337369165},"geometry":{"type":"Polygon","coordinates":[[[-6.35443,38.91067],[-6.35449,38.91073],[-6.35485,38.91055],[-6.35482,38.91052],[-6.35479,38.91052],[-6.35476,38.91052],[-6.35472,38.91051],[-6.3547,38.91053],[-6.35467,38.91052],[-6.35463,38.91057],[-6.35455,38.91053],[-6.35452,38.91052],[-6.35449,38.91057],[-6.35444,38.91054],[-6.35443,38.91055],[-6.35428,38.91047],[-6.35426,38.91048],[-6.35443,38.91067]]]}},{"type":"Feature","properties":{"name":"","kind":"park","road":"","osm":1337570288},"geometry":{"type":"Polygon","coordinates":[[[-6.33501,38.90769],[-6.33429,38.90725],[-6.33442,38.90706],[-6.33447,38.9071],[-6.33461,38.90719],[-6.33468,38.90711],[-6.33474,38.90715],[-6.33472,38.90716],[-6.33482,38.90722],[-6.33498,38.90731],[-6.33507,38.90737],[-6.33521,38.90743],[-6.33525,38.90749],[-6.33501,38.90769]]]}},{"type":"Feature","properties":{"name":"","kind":"park","road":"","osm":1339122109},"geometry":{"type":"Polygon","coordinates":[[[-6.34622,38.90506],[-6.34631,38.90502],[-6.3462,38.90487],[-6.34606,38.90494],[-6.34611,38.90502],[-6.34617,38.905],[-6.34622,38.90506]]]}},{"type":"Feature","properties":{"name":"","kind":"park","road":"","osm":1339122168},"geometry":{"type":"Polygon","coordinates":[[[-6.35918,38.91975],[-6.35932,38.91944],[-6.35928,38.91914],[-6.359,38.91898],[-6.35887,38.91894],[-6.35864,38.9191],[-6.35833,38.91923],[-6.35829,38.9193],[-6.35829,38.91937],[-6.35851,38.91973],[-6.35884,38.91974],[-6.35918,38.91975]]]}},{"type":"Feature","properties":{"name":"","kind":"park","road":"","osm":1339350129},"geometry":{"type":"Polygon","coordinates":[[[-6.34595,38.92529],[-6.34602,38.92455],[-6.34575,38.9245],[-6.34558,38.92527],[-6.34595,38.92529]]]}},{"type":"Feature","properties":{"name":"","kind":"park","road":"","osm":1340881476},"geometry":{"type":"Polygon","coordinates":[[[-6.33457,38.90561],[-6.33461,38.9055],[-6.33459,38.90549],[-6.33455,38.90547],[-6.33458,38.90542],[-6.33453,38.9054],[-6.33448,38.90549],[-6.33444,38.90554],[-6.33447,38.90556],[-6.33457,38.90561]]]}},{"type":"Feature","properties":{"name":"","kind":"park","road":"","osm":1343873081},"geometry":{"type":"Polygon","coordinates":[[[-6.33781,38.91754],[-6.33794,38.9173],[-6.33773,38.91726],[-6.33763,38.91751],[-6.33781,38.91754]]]}},{"type":"Feature","properties":{"name":"","kind":"park","road":"","osm":1343873083},"geometry":{"type":"Polygon","coordinates":[[[-6.33883,38.91674],[-6.3391,38.9167],[-6.33913,38.91666],[-6.33901,38.91658],[-6.33897,38.91658],[-6.33877,38.91666],[-6.33875,38.91668],[-6.33876,38.91671],[-6.33883,38.91674]]]}},{"type":"Feature","properties":{"name":"Avenida de Extremadura","kind":"road","road":"primary","osm":1452452171},"geometry":{"type":"LineString","coordinates":[[-6.34029,38.92035],[-6.34013,38.92034]]}},{"type":"Feature","properties":{"name":"","kind":"road","road":"tertiary","osm":1452452181},"geometry":{"type":"LineString","coordinates":[[-6.339,38.90895],[-6.33896,38.90896],[-6.33892,38.90899]]}},{"type":"Feature","properties":{"name":"","kind":"road","road":"tertiary","osm":1452452182},"geometry":{"type":"LineString","coordinates":[[-6.33922,38.90925],[-6.33926,38.90922]]}},{"type":"Feature","properties":{"name":"","kind":"road","road":"trunk","osm":1466345472},"geometry":{"type":"LineString","coordinates":[[-6.3331,38.91461],[-6.33309,38.91458],[-6.33306,38.91455],[-6.33303,38.91453],[-6.33299,38.91452],[-6.33294,38.91452],[-6.3329,38.91452],[-6.33286,38.91453],[-6.33282,38.91455],[-6.3328,38.91458]]}},{"type":"Feature","properties":{"name":"","kind":"road","road":"trunk","osm":1466345473},"geometry":{"type":"LineString","coordinates":[[-6.3328,38.91458],[-6.33278,38.91461],[-6.33277,38.91465],[-6.33278,38.91468]]}},{"type":"Feature","properties":{"name":"","kind":"road","road":"trunk","osm":1466345474},"geometry":{"type":"LineString","coordinates":[[-6.33069,38.91669],[-6.33072,38.91669],[-6.33074,38.91669],[-6.33077,38.91668],[-6.3308,38.91668],[-6.33082,38.91667],[-6.33084,38.91666],[-6.33086,38.91664],[-6.33088,38.91663],[-6.3309,38.9166],[-6.33092,38.91657],[-6.33093,38.91653],[-6.33092,38.91651],[-6.33092,38.91648],[-6.3309,38.91645],[-6.33088,38.91643],[-6.33086,38.91641],[-6.33082,38.91639],[-6.33079,38.91638],[-6.33075,38.91637]]}},{"type":"Feature","properties":{"name":"","kind":"road","road":"trunk","osm":1466345475},"geometry":{"type":"LineString","coordinates":[[-6.33054,38.91661],[-6.33055,38.91663],[-6.33057,38.91664],[-6.33058,38.91665],[-6.3306,38.91666],[-6.33061,38.91667],[-6.33063,38.91667],[-6.33065,38.91668],[-6.33067,38.91668],[-6.33069,38.91669]]}},{"type":"Feature","properties":{"name":"Avenida de Extremadura","kind":"road","road":"primary","osm":1485641058},"geometry":{"type":"LineString","coordinates":[[-6.34013,38.92034],[-6.33991,38.92031],[-6.33944,38.92024]]}},{"type":"Feature","properties":{"name":"","kind":"road","road":"pedestrian","osm":1490302520},"geometry":{"type":"LineString","coordinates":[[-6.34724,38.91638],[-6.34717,38.91641],[-6.34715,38.91639],[-6.34693,38.91652],[-6.34694,38.91653],[-6.34684,38.91658],[-6.34681,38.91659],[-6.34679,38.91657],[-6.34678,38.91655],[-6.34674,38.91652],[-6.34676,38.9165],[-6.34684,38.91646],[-6.34694,38.91644],[-6.34709,38.91638],[-6.34727,38.91637],[-6.34724,38.91638]]}},{"type":"Feature","properties":{"name":"","kind":"road","road":"pedestrian","osm":1490302521},"geometry":{"type":"LineString","coordinates":[[-6.34665,38.91604],[-6.34662,38.91605],[-6.34662,38.91607],[-6.34666,38.91612],[-6.3469,38.91639],[-6.34699,38.91635],[-6.34692,38.91629],[-6.34689,38.91626],[-6.34681,38.91619],[-6.34677,38.91615],[-6.34665,38.91604]]}},{"type":"Feature","properties":{"name":"","kind":"road","road":"pedestrian","osm":1490302522},"geometry":{"type":"LineString","coordinates":[[-6.34668,38.91596],[-6.34658,38.91601],[-6.34639,38.91602],[-6.34634,38.91598],[-6.34628,38.91584],[-6.34623,38.91579],[-6.34626,38.91577],[-6.34631,38.9158],[-6.34634,38.91581],[-6.34637,38.91582],[-6.34638,38.91583],[-6.34639,38.91598],[-6.34652,38.91598],[-6.34668,38.91596]]}},{"type":"Feature","properties":{"name":"","kind":"road","road":"pedestrian","osm":1490302528},"geometry":{"type":"LineString","coordinates":[[-6.34661,38.91576],[-6.34656,38.91576],[-6.34649,38.91577],[-6.34643,38.91577],[-6.34638,38.91576],[-6.34635,38.91575],[-6.34626,38.91562],[-6.34625,38.91561],[-6.34624,38.9156],[-6.34625,38.91559],[-6.34634,38.91555],[-6.34635,38.91557],[-6.34649,38.91572],[-6.34655,38.91568],[-6.34661,38.91576]]}},{"type":"Feature","properties":{"name":"","kind":"park","road":"","osm":1490302531},"geometry":{"type":"Polygon","coordinates":[[[-6.34671,38.91546],[-6.34663,38.91536],[-6.34646,38.91545],[-6.34653,38.91554],[-6.34671,38.91546]]]}},{"type":"Feature","properties":{"name":"Paseo de los Rosales","kind":"road","road":"secondary","osm":1554735807},"geometry":{"type":"LineString","coordinates":[[-6.3558,38.91116],[-6.35567,38.91091],[-6.35554,38.91066],[-6.35545,38.91045]]}}]}