{"bounds":[38.33535,-0.49325,38.35689,-0.46588],"date":"2026-09-18T17:00:24Z","type":"FeatureCollection","features":[{"type":"Feature","properties":{"name":"","kind":"coast","road":"","osm":4787088},"geometry":{"type":"LineString","coordinates":[[-0.47855,38.34379],[-0.47857,38.34384],[-0.47858,38.34389],[-0.47853,38.34397],[-0.47845,38.34407],[-0.47838,38.34415],[-0.4782,38.34434],[-0.47801,38.34454],[-0.47791,38.3446],[-0.47764,38.34481],[-0.47732,38.34509],[-0.47702,38.34533],[-0.47673,38.3456],[-0.4763,38.34596],[-0.47591,38.34629],[-0.47561,38.34653],[-0.4754,38.34671],[-0.47496,38.3471],[-0.47464,38.34733],[-0.47438,38.34744],[-0.47397,38.34757],[-0.47359,38.34762],[-0.47334,38.34761],[-0.47311,38.34755],[-0.47295,38.3475],[-0.47284,38.34745],[-0.47277,38.34742],[-0.47263,38.34735],[-0.47253,38.34725]]}},{"type":"Feature","properties":{"name":"Carrer de Jovellanos","kind":"road","road":"secondary","osm":20407667},"geometry":{"type":"LineString","coordinates":[[-0.47417,38.34846],[-0.47364,38.34878],[-0.47343,38.34892],[-0.47323,38.34908],[-0.47317,38.34912]]}},{"type":"Feature","properties":{"name":"Carrer de Jovellanos","kind":"road","road":"secondary","osm":20490147},"geometry":{"type":"LineString","coordinates":[[-0.47554,38.34754],[-0.47516,38.34782],[-0.47477,38.3481]]}},{"type":"Feature","properties":{"name":"Carrer de Jovellanos","kind":"road","road":"primary","osm":20490148},"geometry":{"type":"LineString","coordinates":[[-0.47554,38.34754],[-0.47526,38.34769],[-0.47484,38.34797],[-0.47456,38.34814]]}},{"type":"Feature","properties":{"name":"Carrer de Jovellanos","kind":"road","road":"primary","osm":20490153},"geometry":{"type":"LineString","coordinates":[[-0.47456,38.34814],[-0.4739,38.3485],[-0.4737,38.3486]]}},{"type":"Feature","properties":{"name":"Carrer de Jovellanos","kind":"road","road":"primary","osm":20490154},"geometry":{"type":"LineString","coordinates":[[-0.47377,38.34881],[-0.47391,38.34873],[-0.47422,38.34854],[-0.47439,38.34844],[-0.47486,38.34816],[-0.47535,38.3478],[-0.47594,38.34735],[-0.47634,38.34704],[-0.47683,38.34665]]}},{"type":"Feature","properties":{"name":"Avinguda de Juan Bautista Lafora","kind":"road","road":"primary","osm":20490155},"geometry":{"type":"LineString","coordinates":[[-0.47926,38.3451],[-0.47944,38.34497],[-0.4796,38.34486]]}},{"type":"Feature","properties":{"name":"Avinguda de Juan Bautista Lafora","kind":"road","road":"primary","osm":20490157},"geometry":{"type":"LineString","coordinates":[[-0.47914,38.345],[-0.47907,38.34508],[-0.479,38.34514],[-0.47889,38.34521],[-0.47877,38.34528]]}},{"type":"Feature","properties":{"name":"Passeig dels Màrtirs de la Llibertat","kind":"road","road":"primary","osm":20490161},"geometry":{"type":"LineString","coordinates":[[-0.48026,38.3442],[-0.48042,38.34413],[-0.48043,38.34412],[-0.48052,38.34408],[-0.48249,38.3433]]}},{"type":"Feature","properties":{"name":"Passeig dels Màrtirs de la Llibertat","kind":"road","road":"primary","osm":20490162},"geometry":{"type":"LineString","coordinates":[[-0.48034,38.34407],[-0.48011,38.34414]]}},{"type":"Feature","properties":{"name":"Avinguda de Loring","kind":"road","road":"primary","osm":20490164},"geometry":{"type":"LineString","coordinates":[[-0.48597,38.34158],[-0.48562,38.34186]]}},{"type":"Feature","properties":{"name":"Avinguda de Loring","kind":"road","road":"primary","osm":20490166},"geometry":{"type":"LineString","coordinates":[[-0.48861,38.339],[-0.48856,38.33903],[-0.48853,38.33905],[-0.48851,38.33906],[-0.48849,38.33907],[-0.48844,38.3391],[-0.48829,38.3392],[-0.48814,38.3393],[-0.4879,38.33951],[-0.48775,38.33965],[-0.48713,38.34039],[-0.4871,38.34043],[-0.48656,38.34107]]}},{"type":"Feature","properties":{"name":"Plaça dels Estels","kind":"road","road":"primary","osm":20490184},"geometry":{"type":"LineString","coordinates":[[-0.49025,38.34599],[-0.49025,38.34606],[-0.4903,38.34617],[-0.49038,38.34625]]}},{"type":"Feature","properties":{"name":"Avinguda de Federico Soto","kind":"road","road":"tertiary","osm":20490185},"geometry":{"type":"LineString","coordinates":[[-0.49061,38.34567],[-0.4905,38.34554],[-0.49049,38.34553],[-0.49024,38.34517],[-0.49021,38.34513],[-0.48984,38.34461],[-0.48958,38.34426],[-0.48919,38.34372],[-0.48915,38.34367],[-0.48907,38.34357]]}},{"type":"Feature","properties":{"name":"Avinguda de Federico Soto","kind":"road","road":"tertiary","osm":20490186},"geometry":{"type":"LineString","coordinates":[[-0.48885,38.34369],[-0.48891,38.34377],[-0.48905,38.34399],[-0.48923,38.34424],[-0.48929,38.34434],[-0.48932,38.34438],[-0.48957,38.34471]]}},{"type":"Feature","properties":{"name":"Avinguda del Doctor Gadea","kind":"road","road":"tertiary","osm":20490187},"geometry":{"type":"LineString","coordinates":[[-0.48714,38.34136],[-0.48762,38.34201],[-0.48764,38.34204],[-0.48765,38.34205],[-0.48774,38.34218],[-0.48807,38.34263],[-0.4881,38.34267],[-0.48844,38.34314],[-0.48846,38.34316],[-0.48851,38.34323]]}},{"type":"Feature","properties":{"name":"Plaça de Calvo Sotelo","kind":"road","road":"tertiary","osm":20490188},"geometry":{"type":"LineString","coordinates":[[-0.48907,38.34357],[-0.489,38.34348]]}},{"type":"Feature","properties":{"name":"Parc de Canalejas","kind":"park","road":"","osm":20490189},"geometry":{"type":"Polygon","coordinates":[[[-0.48837,38.33956],[-0.48836,38.33954],[-0.4883,38.33946],[-0.48825,38.33942],[-0.48819,38.3394],[-0.48785,38.33968],[-0.48757,38.34001],[-0.48699,38.34069],[-0.48664,38.34111],[-0.4861,38.3416],[-0.48608,38.34165],[-0.48609,38.34171],[-0.48608,38.34176],[-0.48617,38.34181],[-0.4862,38.34182],[-0.48625,38.34183],[-0.48644,38.34192],[-0.48673,38.34156],[-0.48835,38.33961],[-0.48837,38.33958],[-0.48837,38.33956]]]}},{"type":"Feature","properties":{"name":"Passeig de l'Esplanada d'Espanya","kind":"road","road":"pedestrian","osm":20490190},"geometry":{"type":"LineString","coordinates":[[-0.4861,38.34212],[-0.48603,38.34209],[-0.48598,38.34205],[-0.48593,38.34199],[-0.48578,38.34205],[-0.4857,38.34198],[-0.48566,38.34201],[-0.48563,38.34203],[-0.48568,38.34208],[-0.48432,38.34263],[-0.48435,38.34266],[-0.48413,38.34275],[-0.4841,38.34271],[-0.48382,38.34283],[-0.48384,38.34283],[-0.48385,38.34285],[-0.48386,38.34286],[-0.48386,38.34288],[-0.48385,38.34289],[-0.48383,38.3429],[-0.48381,38.34291],[-0.48379,38.34292],[-0.48377,38.34292],[-0.48375,38.34292],[-0.48373,38.34291],[-0.48372,38.3429],[-0.48371,38.34289],[-0.48371,38.34287],[-0.48263,38.34331],[-0.48106,38.34393],[-0.4811,38.34399],[-0.48066,38.34416],[-0.48062,38.3441],[-0.48055,38.34412],[-0.48046,38.34416],[-0.48044,38.34417],[-0.48043,38.34419],[-0.48043,38.34421],[-0.48043,38.34423],[-0.48045,38.34426],[-0.48048,38.34432],[-0.4805,38.34438],[-0.48059,38.34435],[-0.48061,38.34434],[-0.48111,38.34414],[-0.48169,38.3439],[-0.48222,38.34368],[-0.48257,38.34354],[-0.48269,38.34349],[-0.48269,38.3435],[-0.48274,38.34348],[-0.48313,38.34332],[-0.48317,38.3433],[-0.48328,38.34326],[-0.48327,38.34325],[-0.48333,38.34323],[-0.48376,38.34305],[-0.48397,38.34297],[-0.48437,38.34281],[-0.48446,38.34277],[-0.4849,38.3426],[-0.485,38.34256],[-0.4855,38.34236],[-0.48582,38.34223],[-0.48605,38.34214],[-0.4861,38.34212]]}},{"type":"Feature","properties":{"name":"","kind":"park","road":"","osm":20490193},"geometry":{"type":"Polygon","coordinates":[[[-0.49271,38.34868],[-0.49264,38.34871],[-0.49257,38.34874],[-0.49203,38.34798],[-0.49217,38.34793],[-0.49271,38.34868]]]}},{"type":"Feature","properties":{"name":"","kind":"park","road":"","osm":20490195},"geometry":{"type":"Polygon","coordinates":[[[-0.49199,38.34767],[-0.49185,38.34774],[-0.49083,38.34636],[-0.491,38.34631],[-0.49199,38.34767]]]}},{"type":"Feature","properties":{"name":"Passeig de Federico Soto","kind":"park","road":"","osm":20490196},"geometry":{"type":"Polygon","coordinates":[[[-0.49052,38.34563],[-0.49051,38.34566],[-0.49045,38.3457],[-0.49039,38.34571],[-0.49035,38.3457],[-0.49,38.34523],[-0.48902,38.34387],[-0.489,38.34384],[-0.48901,38.3438],[-0.48902,38.34377],[-0.48906,38.34375],[-0.4891,38.34375],[-0.48914,38.34376],[-0.48917,38.3438],[-0.49017,38.34515],[-0.49052,38.34563]]]}},{"type":"Feature","properties":{"name":"","kind":"park","road":"","osm":20490197},"geometry":{"type":"Polygon","coordinates":[[[-0.48886,38.34358],[-0.48888,38.34358],[-0.4889,38.34358],[-0.48893,38.34358],[-0.48897,38.34355],[-0.48896,38.34352],[-0.48875,38.34324],[-0.48874,38.34322],[-0.4887,38.34321],[-0.48867,38.34321],[-0.48864,38.34323],[-0.48864,38.34327],[-0.48885,38.34356],[-0.48886,38.34358]]]}},{"type":"Feature","properties":{"name":"","kind":"park","road":"","osm":20490198},"geometry":{"type":"Polygon","coordinates":[[[-0.48861,38.343],[-0.48861,38.34304],[-0.48858,38.34306],[-0.48853,38.34308],[-0.48848,38.34309],[-0.48844,38.34307],[-0.48718,38.34134],[-0.48718,38.34131],[-0.4873,38.34125],[-0.48734,38.34126],[-0.48861,38.343]]]}},{"type":"Feature","properties":{"name":"Avinguda d'Òscar Esplà","kind":"road","road":"primary","osm":20490201},"geometry":{"type":"LineString","coordinates":[[-0.4932,38.33849],[-0.49321,38.33851],[-0.49322,38.33853],[-0.49324,38.33862],[-0.49345,38.33943]]}},{"type":"Feature","properties":{"name":"Avinguda de Maisonnave","kind":"road","road":"tertiary","osm":20490202},"geometry":{"type":"LineString","coordinates":[[-0.48907,38.34357],[-0.48924,38.34352],[-0.48927,38.34352],[-0.49006,38.34347],[-0.49008,38.34347],[-0.49016,38.34347]]}},{"type":"Feature","properties":{"name":"Avinguda de l'Estació","kind":"road","road":"primary","osm":20490207},"geometry":{"type":"LineString","coordinates":[[-0.49111,38.34597],[-0.49127,38.34584],[-0.49129,38.34583],[-0.4913,38.34582],[-0.49177,38.34565],[-0.49183,38.34563],[-0.49262,38.34534],[-0.4927,38.34531],[-0.49309,38.34515],[-0.49339,38.34505],[-0.49396,38.34482]]}},{"type":"Feature","properties":{"name":"Avinguda de Vázquez de Mella","kind":"road","road":"primary","osm":20490209},"geometry":{"type":"LineString","coordinates":[[-0.47581,38.3522],[-0.47596,38.35218],[-0.47652,38.35227],[-0.47673,38.35231]]}},{"type":"Feature","properties":{"name":"Avinguda Alfons el Savi","kind":"road","road":"primary","osm":20490210},"geometry":{"type":"LineString","coordinates":[[-0.49025,38.34599],[-0.49016,38.3461],[-0.49012,38.34614],[-0.49008,38.34616],[-0.49005,38.34618],[-0.49003,38.3462],[-0.48995,38.34623],[-0.4896,38.34637],[-0.48884,38.34664],[-0.4888,38.34665],[-0.48865,38.34671]]}},{"type":"Feature","properties":{"name":"Avinguda de Jaume II","kind":"road","road":"primary","osm":20490211},"geometry":{"type":"LineString","coordinates":[[-0.48053,38.35213],[-0.48063,38.35207],[-0.48072,38.352],[-0.48078,38.35193],[-0.48085,38.35185],[-0.48135,38.35103],[-0.48151,38.3508],[-0.48164,38.3506],[-0.4817,38.35054],[-0.48182,38.35047],[-0.48203,38.35038],[-0.48221,38.35029],[-0.48236,38.3502],[-0.48249,38.3501],[-0.48262,38.34998],[-0.48278,38.34976],[-0.48283,38.34968],[-0.48301,38.34936],[-0.48315,38.34911],[-0.4832,38.34902],[-0.48328,38.34894],[-0.48344,38.34882],[-0.48375,38.34864],[-0.48404,38.34847],[-0.48416,38.34842],[-0.48454,38.34829],[-0.48464,38.34826],[-0.48488,38.34818]]}},{"type":"Feature","properties":{"name":"Avinguda de Vázquez de Mella","kind":"road","road":"primary","osm":20490212},"geometry":{"type":"LineString","coordinates":[[-0.48023,38.35219],[-0.47999,38.35226],[-0.47976,38.3523],[-0.47941,38.35232],[-0.47923,38.35233]]}},{"type":"Feature","properties":{"name":"Avinguda Alfons el Savi","kind":"road","road":"primary","osm":20490214},"geometry":{"type":"LineString","coordinates":[[-0.48488,38.34818],[-0.48507,38.34811],[-0.48543,38.34798],[-0.48548,38.34796],[-0.48561,38.34792]]}},{"type":"Feature","properties":{"name":"Avinguda de Jaume II","kind":"road","road":"primary","osm":20490215},"geometry":{"type":"LineString","coordinates":[[-0.48487,38.3481],[-0.48461,38.34818],[-0.48427,38.3483],[-0.48402,38.3484],[-0.48386,38.34849],[-0.48354,38.34868],[-0.48328,38.34883],[-0.48316,38.34895],[-0.48306,38.34908],[-0.48271,38.34972],[-0.48255,38.34993],[-0.48235,38.35011],[-0.48217,38.35023],[-0.48177,38.35042],[-0.48165,38.35048],[-0.48157,38.35056],[-0.4814,38.35079],[-0.48129,38.35099],[-0.48081,38.35176],[-0.48074,38.35185],[-0.48069,38.35191],[-0.48057,38.35202],[-0.4805,38.35207]]}},{"type":"Feature","properties":{"name":"Avinguda d'Eusebio Sempere","kind":"road","road":"tertiary","osm":20929360},"geometry":{"type":"LineString","coordinates":[[-0.49018,38.3388],[-0.49031,38.3388],[-0.49044,38.33881],[-0.49064,38.33883]]}},{"type":"Feature","properties":{"name":"Avinguda d'Eusebio Sempere","kind":"road","road":"tertiary","osm":20929361},"geometry":{"type":"LineString","coordinates":[[-0.49064,38.33883],[-0.49094,38.33888],[-0.49101,38.3389],[-0.49115,38.33893],[-0.49129,38.33897],[-0.49148,38.33903],[-0.4917,38.3391],[-0.49184,38.33917]]}},{"type":"Feature","properties":{"name":"Avinguda de Loring","kind":"road","road":"tertiary","osm":20929362},"geometry":{"type":"LineString","coordinates":[[-0.49044,38.33855],[-0.49044,38.33852],[-0.49044,38.33837],[-0.49044,38.33835],[-0.49044,38.33831],[-0.49043,38.3383],[-0.49039,38.33825]]}},{"type":"Feature","properties":{"name":"Carrer dels Reis Catòlics","kind":"road","road":"tertiary","osm":20929383},"geometry":{"type":"LineString","coordinates":[[-0.49383,38.34093],[-0.4937,38.34094],[-0.49366,38.34096],[-0.49313,38.34119],[-0.49289,38.34129],[-0.4928,38.34132],[-0.49185,38.34175],[-0.49182,38.34176],[-0.49174,38.3418],[-0.49054,38.34233],[-0.48964,38.34273],[-0.48883,38.3431],[-0.48876,38.34313]]}},{"type":"Feature","properties":{"name":"Carrer del Doctor Ramón y Cajal","kind":"road","road":"tertiary","osm":20929395},"geometry":{"type":"LineString","coordinates":[[-0.48724,38.34104],[-0.48774,38.34044],[-0.48784,38.34032],[-0.48789,38.34026],[-0.48792,38.34023],[-0.48837,38.33969],[-0.48838,38.33967],[-0.48839,38.33966],[-0.48849,38.33954],[-0.48878,38.3394],[-0.489,38.3393]]}},{"type":"Feature","properties":{"name":"Avinguda de Xixona","kind":"road","road":"secondary","osm":21131215},"geometry":{"type":"LineString","coordinates":[[-0.48533,38.35344],[-0.48534,38.35353],[-0.48537,38.35444],[-0.48539,38.35501],[-0.4854,38.35534],[-0.48541,38.35544],[-0.48541,38.35555],[-0.48542,38.35599],[-0.48542,38.35603],[-0.48542,38.35611]]}},{"type":"Feature","properties":{"name":"Plaça d'Espanya","kind":"road","road":"secondary","osm":21131248},"geometry":{"type":"LineString","coordinates":[[-0.4853,38.35193],[-0.4853,38.35179],[-0.4853,38.35165]]}},{"type":"Feature","properties":{"name":"","kind":"park","road":"","osm":21410219},"geometry":{"type":"Polygon","coordinates":[[[-0.49375,38.3397],[-0.49358,38.33967],[-0.49323,38.33839],[-0.49343,38.33844],[-0.49375,38.3397]]]}},{"type":"Feature","properties":{"name":"Plaça del Portal d'Elx","kind":"road","road":"pedestrian","osm":21620946},"geometry":{"type":"LineString","coordinates":[[-0.48383,38.34433],[-0.48378,38.34435],[-0.48362,38.34442],[-0.48345,38.3445]]}},{"type":"Feature","properties":{"name":"Avinguda del Poeta Carmelo Calvo","kind":"road","road":"secondary","osm":21741431},"geometry":{"type":"LineString","coordinates":[[-0.48744,38.35162],[-0.48773,38.3512],[-0.4878,38.3511],[-0.48782,38.35106],[-0.48812,38.35065],[-0.48819,38.35056],[-0.48828,38.35044],[-0.48848,38.35014],[-0.48858,38.35]]}},{"type":"Feature","properties":{"name":"","kind":"park","road":"","osm":21768961},"geometry":{"type":"Polygon","coordinates":[[[-0.487,38.35185],[-0.487,38.35187],[-0.4865,38.35209],[-0.48645,38.35205],[-0.48645,38.35189],[-0.48647,38.35185],[-0.487,38.35185]]]}},{"type":"Feature","properties":{"name":"Carrer del Pintor Murillo","kind":"road","road":"secondary","osm":21768987},"geometry":{"type":"LineString","coordinates":[[-0.48687,38.35182],[-0.4865,38.35181],[-0.48641,38.35181]]}},{"type":"Feature","properties":{"name":"Plaça de les Oliveretes","kind":"park","road":"","osm":21808370},"geometry":{"type":"Polygon","coordinates":[[[-0.48825,38.35119],[-0.48796,38.35118],[-0.48786,38.35118],[-0.4881,38.35081],[-0.48825,38.35119]]]}},{"type":"Feature","properties":{"name":"Plaça de Sant Antoni","kind":"road","road":"pedestrian","osm":21808371},"geometry":{"type":"LineString","coordinates":[[-0.48739,38.35128],[-0.48741,38.35134],[-0.48743,38.35139],[-0.48744,38.35139],[-0.48747,38.3514],[-0.48756,38.35127],[-0.48757,38.35125],[-0.48754,38.35125],[-0.48743,38.35125],[-0.4874,38.35126],[-0.48739,38.35128]]}},{"type":"Feature","properties":{"name":"Avinguda de Benito Pérez Galdós","kind":"road","road":"secondary","osm":21980567},"geometry":{"type":"LineString","coordinates":[[-0.48929,38.34907],[-0.48934,38.34904],[-0.48989,38.34879],[-0.49009,38.3487],[-0.491,38.3483],[-0.49175,38.34797],[-0.49189,38.3479],[-0.49199,38.34786],[-0.49201,38.34785],[-0.49204,38.34783],[-0.49212,38.3478],[-0.4926,38.34759],[-0.49301,38.3474]]}},{"type":"Feature","properties":{"name":"Carrer de Calderón de la Barca","kind":"road","road":"secondary","osm":22032076},"geometry":{"type":"LineString","coordinates":[[-0.48533,38.35117],[-0.4855,38.35046],[-0.48552,38.3504],[-0.48573,38.34964],[-0.48593,38.3489],[-0.486,38.34861],[-0.48601,38.34859],[-0.48569,38.34805],[-0.48568,38.34802],[-0.48563,38.34795],[-0.48561,38.34792]]}},{"type":"Feature","properties":{"name":"Parc de Santa Teresa","kind":"park","road":"","osm":22147924},"geometry":{"type":"Polygon","coordinates":[[[-0.48471,38.35169],[-0.48471,38.35144],[-0.4847,38.35123],[-0.4847,38.35119],[-0.48465,38.3512],[-0.48402,38.35121],[-0.48397,38.35142],[-0.48396,38.35146],[-0.48392,38.35164],[-0.48391,38.35166],[-0.48471,38.35169]]]}},{"type":"Feature","properties":{"name":"Carrer de Sant Vicent","kind":"road","road":"secondary","osm":22147925},"geometry":{"type":"LineString","coordinates":[[-0.48488,38.34818],[-0.48487,38.34844],[-0.48487,38.34863],[-0.48487,38.34866],[-0.48482,38.34963],[-0.48482,38.35037],[-0.48481,38.3506]]}},{"type":"Feature","properties":{"name":"Avinguda del Poeta Carmelo Calvo","kind":"road","road":"secondary","osm":22273126},"geometry":{"type":"LineString","coordinates":[[-0.4886,38.34986],[-0.48842,38.35012],[-0.48823,38.35037],[-0.48816,38.35047],[-0.48782,38.35096],[-0.48777,38.35104],[-0.48764,38.35122],[-0.48742,38.35153],[-0.48732,38.35167],[-0.48727,38.35172],[-0.48706,38.35182],[-0.48687,38.35182]]}},{"type":"Feature","properties":{"name":"Plaça d'Espanya","kind":"road","road":"secondary","osm":22273127},"geometry":{"type":"LineString","coordinates":[[-0.48551,38.35261],[-0.48568,38.35253],[-0.48574,38.3525]]}},{"type":"Feature","properties":{"name":"Plaça San Juan de Dios","kind":"road","road":"pedestrian","osm":22276625},"geometry":{"type":"LineString","coordinates":[[-0.48781,38.35559],[-0.48779,38.3556],[-0.48725,38.35561],[-0.48715,38.35514],[-0.48745,38.35508],[-0.48781,38.35556],[-0.48781,38.35559]]}},{"type":"Feature","properties":{"name":"","kind":"park","road":"","osm":22277430},"geometry":{"type":"Polygon","coordinates":[[[-0.48829,38.3447],[-0.48828,38.34472],[-0.48827,38.34475],[-0.48822,38.34479],[-0.4882,38.3448],[-0.48815,38.34481],[-0.4881,38.34479],[-0.48807,38.34475],[-0.48806,38.3447],[-0.48806,38.34463],[-0.48805,38.34456],[-0.48803,38.34453],[-0.48804,38.34453],[-0.48808,38.34455],[-0.48811,38.34465],[-0.48813,38.34466],[-0.48817,38.34464],[-0.48818,38.34462],[-0.48815,38.34455],[-0.48816,38.34453],[-0.48818,38.34452],[-0.4882,38.34461],[-0.48823,38.34461],[-0.48827,38.34462],[-0.48829,38.34466],[-0.48829,38.3447]]]}},{"type":"Feature","properties":{"name":"Carrer dels Artillers","kind":"road","road":"pedestrian","osm":22277433},"geometry":{"type":"LineString","coordinates":[[-0.48463,38.34726],[-0.48489,38.34711],[-0.48493,38.34711]]}},{"type":"Feature","properties":{"name":"","kind":"park","road":"","osm":22278613},"geometry":{"type":"Polygon","coordinates":[[[-0.48449,38.34676],[-0.48459,38.34673],[-0.48446,38.34648],[-0.48442,38.34642],[-0.4844,38.34645],[-0.48441,38.34649],[-0.48449,38.34676]]]}},{"type":"Feature","properties":{"name":"Carrer dels Llauradors","kind":"road","road":"pedestrian","osm":22529894},"geometry":{"type":"LineString","coordinates":[[-0.48362,38.34663],[-0.48337,38.34624]]}},{"type":"Feature","properties":{"name":"Plaça de Sant Cristòfol","kind":"road","road":"pedestrian","osm":22529896},"geometry":{"type":"LineString","coordinates":[[-0.48401,38.34717],[-0.48398,38.34714],[-0.48387,38.34704],[-0.4835,38.34669]]}},{"type":"Feature","properties":{"name":"Carrer d'Argensola","kind":"road","road":"pedestrian","osm":22529897},"geometry":{"type":"LineString","coordinates":[[-0.4835,38.34669],[-0.48317,38.34692],[-0.48295,38.34699]]}},{"type":"Feature","properties":{"name":"Plaça de Sant Cristòfol","kind":"road","road":"pedestrian","osm":22529900},"geometry":{"type":"LineString","coordinates":[[-0.48417,38.3464],[-0.48371,38.34659],[-0.48362,38.34663],[-0.4835,38.34669],[-0.48383,38.34703],[-0.48384,38.34704],[-0.48375,38.34712],[-0.48381,38.34714],[-0.48386,38.34713],[-0.48391,38.34712],[-0.48398,38.34714],[-0.48406,38.34716],[-0.48382,38.34675],[-0.48429,38.34665],[-0.48429,38.34663],[-0.48426,38.34657],[-0.48418,38.34643],[-0.48417,38.3464]]}},{"type":"Feature","properties":{"name":"Carrer de la Mare de Déu de Betlem","kind":"road","road":"pedestrian","osm":22529901},"geometry":{"type":"LineString","coordinates":[[-0.48314,38.34633],[-0.48309,38.34633],[-0.48289,38.34633],[-0.48282,38.34633],[-0.48244,38.34631],[-0.48242,38.34631],[-0.48197,38.34623]]}},{"type":"Feature","properties":{"name":"Carrer de Sant Isidre","kind":"road","road":"pedestrian","osm":22529902},"geometry":{"type":"LineString","coordinates":[[-0.48312,38.34585],[-0.48354,38.3457],[-0.4838,38.3456],[-0.48393,38.34556]]}},{"type":"Feature","properties":{"name":"Carrer de Sant Nicolau","kind":"road","road":"pedestrian","osm":22529904},"geometry":{"type":"LineString","coordinates":[[-0.48207,38.34542],[-0.48192,38.34517]]}},{"type":"Feature","properties":{"name":"Carrer dels Llauradors","kind":"road","road":"pedestrian","osm":22560726},"geometry":{"type":"LineString","coordinates":[[-0.48312,38.34585],[-0.48299,38.34565],[-0.48292,38.34552]]}},{"type":"Feature","properties":{"name":"Plaça de Quijano","kind":"road","road":"pedestrian","osm":22560729},"geometry":{"type":"LineString","coordinates":[[-0.48193,38.34668],[-0.48194,38.34646],[-0.48172,38.34646],[-0.4817,38.34662],[-0.48193,38.34668]]}},{"type":"Feature","properties":{"name":"Carrer de Sant Pasqual","kind":"road","road":"pedestrian","osm":22560730},"geometry":{"type":"LineString","coordinates":[[-0.48235,38.34605],[-0.48236,38.34603],[-0.48251,38.34601],[-0.48285,38.34595],[-0.48312,38.34585]]}},{"type":"Feature","properties":{"name":"Carrer del Pare Maltés","kind":"road","road":"pedestrian","osm":22560731},"geometry":{"type":"LineString","coordinates":[[-0.48196,38.34645],[-0.48197,38.34623],[-0.48196,38.34607]]}},{"type":"Feature","properties":{"name":"Carrer de les Monges","kind":"road","road":"pedestrian","osm":22560734},"geometry":{"type":"LineString","coordinates":[[-0.4811,38.34603],[-0.48113,38.34603],[-0.48166,38.34599]]}},{"type":"Feature","properties":{"name":"Plaça Passeig de Ramiro","kind":"road","road":"pedestrian","osm":22560737},"geometry":{"type":"LineString","coordinates":[[-0.47897,38.34604],[-0.47898,38.34601],[-0.4786,38.34562],[-0.47803,38.34596],[-0.4779,38.34604],[-0.47796,38.3461],[-0.47799,38.34614],[-0.47803,38.3462],[-0.47804,38.34622],[-0.47805,38.34625],[-0.47821,38.34624],[-0.47834,38.34624],[-0.47834,38.34621],[-0.47842,38.34621],[-0.47882,38.3461],[-0.47897,38.34604]]}},{"type":"Feature","properties":{"name":"Plaça de Santa Maria","kind":"road","road":"pedestrian","osm":22560739},"geometry":{"type":"LineString","coordinates":[[-0.47954,38.34624],[-0.47948,38.34615],[-0.47943,38.34608],[-0.47936,38.34599],[-0.47957,38.34589],[-0.47959,38.34593],[-0.47966,38.34603],[-0.47974,38.34616],[-0.47972,38.34616],[-0.47954,38.34624]]}},{"type":"Feature","properties":{"name":"Plaça de la Mare de Déu del Remei","kind":"road","road":"pedestrian","osm":22560741},"geometry":{"type":"LineString","coordinates":[[-0.48085,38.34609],[-0.48109,38.34602],[-0.48099,38.3459],[-0.48077,38.34601],[-0.48085,38.34609]]}},{"type":"Feature","properties":{"name":"Passatge del Pòrtic d'Ansaldo","kind":"road","road":"pedestrian","osm":22560750},"geometry":{"type":"LineString","coordinates":[[-0.48192,38.34517],[-0.48176,38.34497]]}},{"type":"Feature","properties":{"name":"Carrer de Maldonado","kind":"road","road":"pedestrian","osm":22560992},"geometry":{"type":"LineString","coordinates":[[-0.4817,38.34645],[-0.4814,38.34644],[-0.48131,38.34643]]}},{"type":"Feature","properties":{"name":"Carrer de Cervantes","kind":"road","road":"pedestrian","osm":22560995},"geometry":{"type":"LineString","coordinates":[[-0.4807,38.34483],[-0.48079,38.34495]]}},{"type":"Feature","properties":{"name":"Carrer Carreró del Marquès","kind":"road","road":"pedestrian","osm":22560998},"geometry":{"type":"LineString","coordinates":[[-0.48031,38.3455],[-0.48029,38.34549],[-0.48003,38.34521],[-0.48,38.34519]]}},{"type":"Feature","properties":{"name":"Carrer de Bendicho","kind":"road","road":"pedestrian","osm":22560999},"geometry":{"type":"LineString","coordinates":[[-0.47944,38.34497],[-0.4795,38.34504],[-0.47973,38.34527],[-0.47977,38.34531]]}},{"type":"Feature","properties":{"name":"Plaça de la Porta de la Mar","kind":"road","road":"primary","osm":22561007},"geometry":{"type":"LineString","coordinates":[[-0.47931,38.34464],[-0.47933,38.34471],[-0.47936,38.34476],[-0.47942,38.3448],[-0.47949,38.34483],[-0.47954,38.34485],[-0.4796,38.34486]]}},{"type":"Feature","properties":{"name":"Passatge del Canonge Cilleros","kind":"road","road":"pedestrian","osm":22561009},"geometry":{"type":"LineString","coordinates":[[-0.4812,38.34475],[-0.48105,38.34456],[-0.48103,38.34453]]}},{"type":"Feature","properties":{"name":"Passeig de l'Esplanada d'Espanya","kind":"road","road":"pedestrian","osm":22561012},"geometry":{"type":"LineString","coordinates":[[-0.48281,38.34359],[-0.48265,38.34365],[-0.48229,38.34379],[-0.48175,38.34401],[-0.48117,38.34424],[-0.48068,38.34443],[-0.48056,38.34448]]}},{"type":"Feature","properties":{"name":"Plaça Nova","kind":"road","road":"pedestrian","osm":22563717},"geometry":{"type":"LineString","coordinates":[[-0.48692,38.34529],[-0.48691,38.34526],[-0.48689,38.34518],[-0.48685,38.34508],[-0.48684,38.34504],[-0.48638,38.34517],[-0.48639,38.3452],[-0.48644,38.3453],[-0.48648,38.34539],[-0.4865,38.34543],[-0.48692,38.34529]]}},{"type":"Feature","properties":{"name":"Plaça de Gabriel Miró","kind":"park","road":"","osm":22563906},"geometry":{"type":"Polygon","coordinates":[[[-0.48533,38.34361],[-0.48487,38.34369],[-0.48485,38.34369],[-0.48484,38.34368],[-0.48482,38.34367],[-0.48481,38.34366],[-0.4848,38.34364],[-0.48466,38.34327],[-0.48466,38.34325],[-0.48466,38.34323],[-0.48467,38.34321],[-0.48468,38.3432],[-0.4847,38.34319],[-0.48502,38.34307],[-0.48504,38.34307],[-0.48506,38.34308],[-0.48508,38.34308],[-0.4851,38.3431],[-0.48537,38.34355],[-0.48537,38.34356],[-0.48537,38.34357],[-0.48537,38.34358],[-0.48535,38.3436],[-0.48533,38.34361]]]}},{"type":"Feature","properties":{"name":"Carrer de Castaños","kind":"road","road":"pedestrian","osm":22563907},"geometry":{"type":"LineString","coordinates":[[-0.48568,38.34598],[-0.48571,38.34603],[-0.48595,38.34655],[-0.48596,38.34657]]}},{"type":"Feature","properties":{"name":"Carrer de Cienfuegos","kind":"road","road":"pedestrian","osm":22588075},"geometry":{"type":"LineString","coordinates":[[-0.48314,38.34633],[-0.48293,38.34686],[-0.48295,38.34699]]}},{"type":"Feature","properties":{"name":"Carrer dels Sants Metges","kind":"road","road":"pedestrian","osm":22588076},"geometry":{"type":"LineString","coordinates":[[-0.4835,38.34669],[-0.48314,38.34633]]}},{"type":"Feature","properties":{"name":"Carrer de Sant Antoni","kind":"road","road":"pedestrian","osm":22588079},"geometry":{"type":"LineString","coordinates":[[-0.48327,38.34753],[-0.4832,38.34756],[-0.48284,38.34775],[-0.48277,38.34778],[-0.48244,38.3479],[-0.48232,38.34793],[-0.48218,38.348],[-0.4821,38.34803]]}},{"type":"Feature","properties":{"name":"Carrer del Diputat Auset","kind":"road","road":"pedestrian","osm":22588080},"geometry":{"type":"LineString","coordinates":[[-0.48247,38.34803],[-0.48255,38.348],[-0.48269,38.34799],[-0.48284,38.34793],[-0.48299,38.34784]]}},{"type":"Feature","properties":{"name":"Carrer de Sant Lluís","kind":"road","road":"pedestrian","osm":22588081},"geometry":{"type":"LineString","coordinates":[[-0.48303,38.34749],[-0.48302,38.34752],[-0.483,38.34755],[-0.48286,38.34763],[-0.48278,38.34765],[-0.48272,38.34767],[-0.48255,38.34773],[-0.48239,38.34779]]}},{"type":"Feature","properties":{"name":"Carrer de Sant Rafael","kind":"road","road":"pedestrian","osm":22588082},"geometry":{"type":"LineString","coordinates":[[-0.4824,38.34753],[-0.48246,38.34757],[-0.48249,38.34759],[-0.4825,38.34762],[-0.48255,38.34773]]}},{"type":"Feature","properties":{"name":"Carrer del Degà Zaragoza","kind":"road","road":"pedestrian","osm":22588084},"geometry":{"type":"LineString","coordinates":[[-0.48194,38.34808],[-0.48177,38.34816]]}},{"type":"Feature","properties":{"name":"Carrer de Sant Rafael","kind":"road","road":"pedestrian","osm":22588085},"geometry":{"type":"LineString","coordinates":[[-0.48215,38.34787],[-0.48197,38.34805],[-0.48194,38.34808]]}},{"type":"Feature","properties":{"name":"Carrer de Sant Roc","kind":"road","road":"pedestrian","osm":22588088},"geometry":{"type":"LineString","coordinates":[[-0.48214,38.34728],[-0.48208,38.34724],[-0.48155,38.34713],[-0.48151,38.34712],[-0.48143,38.34709]]}},{"type":"Feature","properties":{"name":"Carrer de Lepant","kind":"road","road":"pedestrian","osm":22588090},"geometry":{"type":"LineString","coordinates":[[-0.48097,38.34683],[-0.48063,38.34661],[-0.48044,38.34648]]}},{"type":"Feature","properties":{"name":"Plaça del Pont","kind":"road","road":"pedestrian","osm":22588091},"geometry":{"type":"LineString","coordinates":[[-0.48049,38.34637],[-0.48044,38.34648],[-0.48028,38.34662],[-0.48025,38.34663],[-0.4802,38.34666],[-0.48012,38.34646],[-0.48045,38.3464],[-0.48049,38.34637]]}},{"type":"Feature","properties":{"name":"Carrer del Pare Calpena","kind":"road","road":"pedestrian","osm":22588093},"geometry":{"type":"LineString","coordinates":[[-0.47864,38.34686],[-0.47859,38.34697],[-0.47857,38.347],[-0.47852,38.34711]]}},{"type":"Feature","properties":{"name":"Carrer de Marsella","kind":"road","road":"pedestrian","osm":22588096},"geometry":{"type":"LineString","coordinates":[[-0.47857,38.347],[-0.47814,38.34695]]}},{"type":"Feature","properties":{"name":"Carrer de Sant Pere","kind":"road","road":"pedestrian","osm":22588097},"geometry":{"type":"LineString","coordinates":[[-0.47997,38.34693],[-0.47937,38.34701],[-0.47927,38.34698],[-0.47878,38.34698],[-0.47859,38.34697]]}},{"type":"Feature","properties":{"name":"Carrer de la Balseta","kind":"road","road":"pedestrian","osm":22588098},"geometry":{"type":"LineString","coordinates":[[-0.47988,38.34655],[-0.47962,38.3466],[-0.4795,38.34663],[-0.47936,38.34665],[-0.47928,38.34666],[-0.47896,38.34671]]}},{"type":"Feature","properties":{"name":"Carrer de Sant Bartomeu","kind":"road","road":"pedestrian","osm":22588105},"geometry":{"type":"LineString","coordinates":[[-0.48297,38.34748],[-0.48294,38.34749],[-0.48288,38.34752],[-0.48277,38.34756],[-0.48275,38.34757],[-0.48269,38.34758],[-0.48265,38.34759],[-0.4825,38.34762]]}},{"type":"Feature","properties":{"name":"Plaça del Portal d'Elx","kind":"road","road":"pedestrian","osm":22736146},"geometry":{"type":"LineString","coordinates":[[-0.48345,38.34447],[-0.4836,38.3444],[-0.48373,38.34435],[-0.48361,38.34419],[-0.48357,38.34414],[-0.48346,38.34419],[-0.48333,38.34424],[-0.48338,38.34433],[-0.48345,38.34447]]}},{"type":"Feature","properties":{"name":"Carrer de Bailén","kind":"road","road":"pedestrian","osm":22736517},"geometry":{"type":"LineString","coordinates":[[-0.48502,38.3462],[-0.48493,38.34616],[-0.48475,38.34579],[-0.48459,38.34543],[-0.48433,38.34483],[-0.48432,38.34481],[-0.48408,38.34457],[-0.48383,38.34433]]}},{"type":"Feature","properties":{"name":"Plaça del Portal d'Elx","kind":"road","road":"pedestrian","osm":22736518},"geometry":{"type":"LineString","coordinates":[[-0.48383,38.34433],[-0.48377,38.34424]]}},{"type":"Feature","properties":{"name":"Carrer de Sant Francesc","kind":"road","road":"pedestrian","osm":22736520},"geometry":{"type":"LineString","coordinates":[[-0.48768,38.3435],[-0.48755,38.34352],[-0.48707,38.34361],[-0.48706,38.34361],[-0.48704,38.34361],[-0.48702,38.34362],[-0.48655,38.3437],[-0.48653,38.3437],[-0.48651,38.34371],[-0.48648,38.34371],[-0.48601,38.3438],[-0.48576,38.34385]]}},{"type":"Feature","properties":{"name":"Carrer de Coloma","kind":"road","road":"pedestrian","osm":22736746},"geometry":{"type":"LineString","coordinates":[[-0.48458,38.3432],[-0.48442,38.34288]]}},{"type":"Feature","properties":{"name":"Carrer de Velarde","kind":"road","road":"pedestrian","osm":22736749},"geometry":{"type":"LineString","coordinates":[[-0.48578,38.3434],[-0.48577,38.34337],[-0.48546,38.34289],[-0.48544,38.34287]]}},{"type":"Feature","properties":{"name":"Carrer de Santiago","kind":"road","road":"pedestrian","osm":22736750},"geometry":{"type":"LineString","coordinates":[[-0.4861,38.3432],[-0.48608,38.34317],[-0.48571,38.3428],[-0.48569,38.34277]]}},{"type":"Feature","properties":{"name":"Carrer d'Antonio Galdó Chapuli","kind":"road","road":"pedestrian","osm":22736752},"geometry":{"type":"LineString","coordinates":[[-0.48651,38.34295],[-0.48652,38.34297],[-0.48677,38.34325],[-0.48678,38.34327],[-0.48679,38.34328],[-0.48702,38.34355]]}},{"type":"Feature","properties":{"name":"Carrer de la Mare de Déu dels Desemparats","kind":"road","road":"pedestrian","osm":22736753},"geometry":{"type":"LineString","coordinates":[[-0.48686,38.34273],[-0.48687,38.34275],[-0.48716,38.34304],[-0.48719,38.34307]]}},{"type":"Feature","properties":{"name":"Plaça del Doctor Balmis","kind":"road","road":"pedestrian","osm":22736850},"geometry":{"type":"LineString","coordinates":[[-0.48734,38.34324],[-0.48733,38.34323],[-0.4872,38.34309],[-0.48722,38.34309],[-0.48741,38.34299],[-0.48751,38.34306],[-0.48751,38.34307],[-0.48734,38.34324]]}},{"type":"Feature","properties":{"name":"Carrer de Cándida Jimeno Gargallo","kind":"road","road":"pedestrian","osm":22736894},"geometry":{"type":"LineString","coordinates":[[-0.48416,38.34597],[-0.48426,38.34594],[-0.48469,38.34581],[-0.48475,38.34579],[-0.4848,38.34578],[-0.48484,38.34576],[-0.4855,38.34557]]}},{"type":"Feature","properties":{"name":"Carrer del Restaurador Vicente Castelló","kind":"road","road":"pedestrian","osm":22736895},"geometry":{"type":"LineString","coordinates":[[-0.48537,38.34528],[-0.48496,38.34536],[-0.48463,38.34542],[-0.48459,38.34543]]}},{"type":"Feature","properties":{"name":"Carrer de Cádiz","kind":"road","road":"pedestrian","osm":22736897},"geometry":{"type":"LineString","coordinates":[[-0.48431,38.34448],[-0.4843,38.34446],[-0.48414,38.34409]]}},{"type":"Feature","properties":{"name":"Carrer de Ribera","kind":"road","road":"pedestrian","osm":22736898},"geometry":{"type":"LineString","coordinates":[[-0.48422,38.34407],[-0.48415,38.34391],[-0.48415,38.34389]]}},{"type":"Feature","properties":{"name":"Carrer de Sant Francesc Xavier","kind":"road","road":"pedestrian","osm":22736964},"geometry":{"type":"LineString","coordinates":[[-0.48221,38.34505],[-0.48192,38.34476],[-0.4819,38.34473]]}},{"type":"Feature","properties":{"name":"Carrer de Santa Bàrbara","kind":"road","road":"pedestrian","osm":22736965},"geometry":{"type":"LineString","coordinates":[[-0.48582,38.34484],[-0.48579,38.34485],[-0.48524,38.34502]]}},{"type":"Feature","properties":{"name":"Carrer de Golfín","kind":"road","road":"pedestrian","osm":22736966},"geometry":{"type":"LineString","coordinates":[[-0.48601,38.3438],[-0.48606,38.34397],[-0.48607,38.34399]]}},{"type":"Feature","properties":{"name":"Carrer de Pascual Blasco","kind":"road","road":"pedestrian","osm":22736967},"geometry":{"type":"LineString","coordinates":[[-0.48576,38.34385],[-0.48567,38.34362],[-0.48567,38.3436]]}},{"type":"Feature","properties":{"name":"Carrer de la Periodista Pirula Arderius","kind":"road","road":"pedestrian","osm":22736984},"geometry":{"type":"LineString","coordinates":[[-0.48802,38.34488],[-0.48796,38.3449],[-0.48737,38.34506],[-0.48734,38.34507],[-0.48696,38.34517]]}},{"type":"Feature","properties":{"name":"Carrer de Bilbao","kind":"road","road":"pedestrian","osm":22737058},"geometry":{"type":"LineString","coordinates":[[-0.48341,38.34364],[-0.4834,38.34361],[-0.48339,38.3436],[-0.48325,38.34335]]}},{"type":"Feature","properties":{"name":"Passeig de l'Esplanada d'Espanya","kind":"road","road":"pedestrian","osm":22737059},"geometry":{"type":"LineString","coordinates":[[-0.4863,38.34214],[-0.48586,38.34232],[-0.48555,38.34244],[-0.48495,38.34267],[-0.48442,38.34288]]}},{"type":"Feature","properties":{"name":"Avinguda del Doctor Gadea","kind":"road","road":"tertiary","osm":22780078},"geometry":{"type":"LineString","coordinates":[[-0.48738,38.34125],[-0.48733,38.34124],[-0.48729,38.34125],[-0.48725,38.34127],[-0.4872,38.34129],[-0.48716,38.34131],[-0.48715,38.34133],[-0.48714,38.34136]]}},{"type":"Feature","properties":{"name":"Plaça dels Estels","kind":"park","road":"","osm":22780080},"geometry":{"type":"Polygon","coordinates":[[[-0.49101,38.34595],[-0.49099,38.34589],[-0.49095,38.34584],[-0.49089,38.3458],[-0.49083,38.34576],[-0.49075,38.34574],[-0.49067,38.34574],[-0.49059,38.34574],[-0.49052,38.34577],[-0.49044,38.34581],[-0.49039,38.34587],[-0.49035,38.34593],[-0.49034,38.346],[-0.49035,38.34608],[-0.49039,38.34614],[-0.49044,38.3462],[-0.49052,38.34624],[-0.49061,38.34627],[-0.4907,38.34627],[-0.49079,38.34626],[-0.49084,38.34624],[-0.49087,38.34623],[-0.49093,38.34618],[-0.49098,38.34613],[-0.49101,38.34608],[-0.49102,38.34601],[-0.49101,38.34595]]]}},{"type":"Feature","properties":{"name":"","kind":"park","road":"","osm":22780272},"geometry":{"type":"Polygon","coordinates":[[[-0.49318,38.34609],[-0.49273,38.34546],[-0.4927,38.34546],[-0.49267,38.34545],[-0.4923,38.34559],[-0.49193,38.34573],[-0.49193,38.34574],[-0.49191,38.34577],[-0.49239,38.34643],[-0.49245,38.34645],[-0.49317,38.34612],[-0.49318,38.34609]]]}},{"type":"Feature","properties":{"name":"Carrer de Mutxamel","kind":"road","road":"pedestrian","osm":22788530},"geometry":{"type":"LineString","coordinates":[[-0.48209,38.3477],[-0.48206,38.34779],[-0.48204,38.34783],[-0.48201,38.34786],[-0.48187,38.34782]]}},{"type":"Feature","properties":{"name":"Carrer de Díaz Moreu","kind":"road","road":"pedestrian","osm":22801881},"geometry":{"type":"LineString","coordinates":[[-0.48454,38.34829],[-0.48451,38.34841],[-0.48446,38.34868]]}},{"type":"Feature","properties":{"name":"Plaça del Doctor Gómez Ulla","kind":"park","road":"","osm":22801941},"geometry":{"type":"Polygon","coordinates":[[[-0.47723,38.35366],[-0.47744,38.35351],[-0.47673,38.35291],[-0.47653,38.35306],[-0.47723,38.35366]]]}},{"type":"Feature","properties":{"name":"Carrer del Garbinet","kind":"road","road":"tertiary","osm":22811804},"geometry":{"type":"LineString","coordinates":[[-0.48136,38.35672],[-0.48134,38.35678],[-0.48115,38.35717],[-0.48104,38.35742],[-0.48104,38.35767],[-0.48104,38.35779],[-0.48104,38.35826],[-0.48096,38.35852],[-0.48082,38.35892],[-0.48063,38.35952]]}},{"type":"Feature","properties":{"name":"Plaça de Castelló","kind":"road","road":"pedestrian","osm":22811808},"geometry":{"type":"LineString","coordinates":[[-0.48369,38.35492],[-0.48365,38.35494],[-0.48351,38.35494],[-0.48346,38.35494],[-0.48344,38.35494],[-0.4834,38.35494],[-0.4834,38.35498],[-0.48339,38.35513],[-0.48339,38.35523],[-0.48339,38.35525],[-0.48344,38.35529],[-0.48345,38.3553],[-0.48347,38.35533],[-0.48347,38.35547],[-0.48348,38.35549],[-0.48351,38.3555],[-0.48366,38.3555],[-0.48372,38.3555],[-0.48379,38.3555],[-0.4838,38.35543],[-0.4838,38.35537],[-0.4838,38.35532],[-0.4838,38.35521],[-0.4838,38.35516],[-0.4838,38.3551],[-0.4838,38.35503],[-0.48375,38.35497],[-0.48371,38.35496],[-0.48369,38.35492]]}},{"type":"Feature","properties":{"name":"Plaça de Pius XII","kind":"road","road":"tertiary","osm":22812811},"geometry":{"type":"LineString","coordinates":[[-0.48,38.35566],[-0.47995,38.35563]]}},{"type":"Feature","properties":{"name":"Carrer del General Elizaicín","kind":"road","road":"tertiary","osm":22813169},"geometry":{"type":"LineString","coordinates":[[-0.47983,38.35551],[-0.47974,38.35543],[-0.47886,38.35466],[-0.47881,38.35461],[-0.47851,38.35435],[-0.47842,38.35428],[-0.47762,38.35357],[-0.47759,38.35354],[-0.47756,38.35352]]}},{"type":"Feature","properties":{"name":"Platja del Cocó","kind":"beach","road":"","osm":22818485},"geometry":{"type":"Polygon","coordinates":[[[-0.46792,38.35127],[-0.46789,38.35131],[-0.46769,38.35137],[-0.46757,38.35138],[-0.46731,38.35137],[-0.46722,38.35135],[-0.46716,38.35128],[-0.4672,38.35125],[-0.46717,38.35123],[-0.46711,38.35115],[-0.46717,38.35113],[-0.4672,38.35112],[-0.46735,38.35116],[-0.46746,38.3512],[-0.46759,38.35122],[-0.46768,38.35121],[-0.46779,38.35123],[-0.46793,38.35125],[-0.46792,38.35127]]]}},{"type":"Feature","properties":{"name":"","kind":"road","road":"tertiary","osm":22824266},"geometry":{"type":"LineString","coordinates":[[-0.46799,38.35633],[-0.46797,38.35629],[-0.46794,38.35626],[-0.46789,38.35624],[-0.46783,38.35623],[-0.46777,38.35624],[-0.46772,38.35626],[-0.46768,38.35629],[-0.46766,38.35633],[-0.46765,38.35638],[-0.46767,38.35642],[-0.4677,38.35646],[-0.46774,38.35648],[-0.46778,38.3565],[-0.46783,38.3565],[-0.46788,38.3565],[-0.46793,38.35648],[-0.46797,38.35645],[-0.46799,38.35641],[-0.468,38.35637],[-0.46799,38.35633]]}},{"type":"Feature","properties":{"name":"Carrer d'Indalecio Prieto","kind":"road","road":"tertiary","osm":22870249},"geometry":{"type":"LineString","coordinates":[[-0.47192,38.35596],[-0.47235,38.35586],[-0.47255,38.35578],[-0.4728,38.35563],[-0.47281,38.35562],[-0.47312,38.3554],[-0.47355,38.35511],[-0.47364,38.35502]]}},{"type":"Feature","properties":{"name":"Avinguda de Dénia","kind":"road","road":"primary","osm":22870451},"geometry":{"type":"LineString","coordinates":[[-0.47311,38.35497],[-0.47342,38.35469],[-0.47356,38.35454],[-0.47368,38.35441],[-0.47383,38.35423],[-0.47394,38.35406]]}},{"type":"Feature","properties":{"name":"Avinguda de Dénia","kind":"road","road":"primary","osm":22870452},"geometry":{"type":"LineString","coordinates":[[-0.47403,38.35358],[-0.47403,38.3534],[-0.474,38.35317],[-0.47396,38.35301],[-0.47391,38.35283],[-0.47389,38.35273],[-0.4739,38.35264],[-0.47393,38.35257],[-0.47401,38.35252]]}},{"type":"Feature","properties":{"name":"Carrer del Canonge Manuel Penalva","kind":"road","road":"primary","osm":22870509},"geometry":{"type":"LineString","coordinates":[[-0.4754,38.35204],[-0.47527,38.35206],[-0.47516,38.35209],[-0.47453,38.35223],[-0.4737,38.35244],[-0.47364,38.35244],[-0.47357,38.35245],[-0.47349,38.35244]]}},{"type":"Feature","properties":{"name":"Avinguda Padre Esplá","kind":"road","road":"tertiary","osm":22878802},"geometry":{"type":"LineString","coordinates":[[-0.47983,38.35551],[-0.47975,38.35555],[-0.47916,38.35584],[-0.47846,38.35622],[-0.47795,38.35648],[-0.47746,38.35672]]}},{"type":"Feature","properties":{"name":"Plaça de l'Estella","kind":"road","road":"pedestrian","osm":22882605},"geometry":{"type":"LineString","coordinates":[[-0.47606,38.35495],[-0.47606,38.35496],[-0.47606,38.35497],[-0.47604,38.35499],[-0.47599,38.35499],[-0.47598,38.35499],[-0.47576,38.35516],[-0.47575,38.35518],[-0.47575,38.35519],[-0.47575,38.3552],[-0.47574,38.35521],[-0.47572,38.35521],[-0.4757,38.35521],[-0.47556,38.35509],[-0.47556,38.35508],[-0.47556,38.35507],[-0.47557,38.35506],[-0.47559,38.35505],[-0.47561,38.35505],[-0.47563,38.35505],[-0.47586,38.35488],[-0.47587,38.35486],[-0.47586,38.35485],[-0.47588,38.35483],[-0.4759,38.35483],[-0.47592,38.35483],[-0.47606,38.35495]]}},{"type":"Feature","properties":{"name":"Carrer de l'Enginyer Canales","kind":"road","road":"tertiary","osm":22882606},"geometry":{"type":"LineString","coordinates":[[-0.47457,38.35434],[-0.47469,38.35443]]}},{"type":"Feature","properties":{"name":"Carrer de l'Enginyer Canales","kind":"road","road":"tertiary","osm":22882607},"geometry":{"type":"LineString","coordinates":[[-0.47566,38.35524],[-0.4757,38.35526],[-0.47638,38.35579],[-0.47675,38.3561],[-0.47746,38.35672]]}},{"type":"Feature","properties":{"name":"Carrer de Sagra","kind":"road","road":"pedestrian","osm":22882637},"geometry":{"type":"LineString","coordinates":[[-0.47533,38.35579],[-0.47527,38.35575],[-0.47487,38.35548]]}},{"type":"Feature","properties":{"name":"Avinguda de Dénia","kind":"road","road":"secondary","osm":22882723},"geometry":{"type":"LineString","coordinates":[[-0.47232,38.34969],[-0.47239,38.34969],[-0.4725,38.34969],[-0.47258,38.34971],[-0.47259,38.34972],[-0.47265,38.34974],[-0.47268,38.34976],[-0.4727,38.34981],[-0.47276,38.34987],[-0.47279,38.34996],[-0.47282,38.35006],[-0.47287,38.35029],[-0.47291,38.35047],[-0.4729,38.35078],[-0.47293,38.35088]]}},{"type":"Feature","properties":{"name":"Passeig de Gómiz","kind":"road","road":"pedestrian","osm":22904957},"geometry":{"type":"LineString","coordinates":[[-0.47906,38.34434],[-0.47906,38.34438],[-0.47905,38.34443],[-0.47901,38.34452],[-0.479,38.34453],[-0.47897,38.34459],[-0.47888,38.34469],[-0.47881,38.34474],[-0.47879,38.34475],[-0.47859,38.34488],[-0.47807,38.34523],[-0.47751,38.34559],[-0.4775,38.34559],[-0.47696,38.34595],[-0.47695,38.34596],[-0.47669,38.34615],[-0.47649,38.3464],[-0.47639,38.34652],[-0.47615,38.34679],[-0.47605,38.34692],[-0.47593,38.34704],[-0.47569,38.34722],[-0.47523,38.34753],[-0.47518,38.34757],[-0.4746,38.34794],[-0.4744,38.34807],[-0.47414,38.34824],[-0.47399,38.34831],[-0.47385,38.34838],[-0.47351,38.34848],[-0.47345,38.3485],[-0.47312,38.34857],[-0.47308,38.34857],[-0.47271,38.34864],[-0.4726,38.34868],[-0.47241,38.34877],[-0.47231,38.34877],[-0.47226,38.34878],[-0.47211,38.34883],[-0.47208,38.34884],[-0.47206,38.34886],[-0.47206,38.34888],[-0.47206,38.34891],[-0.47208,38.34893],[-0.4721,38.34894],[-0.47212,38.34895],[-0.47215,38.34895],[-0.47219,38.34895],[-0.47225,38.34893],[-0.47229,38.34891],[-0.47231,38.34889],[-0.47237,38.34882],[-0.47241,38.34877]]}},{"type":"Feature","properties":{"name":"Passeig de Gómiz","kind":"road","road":"pedestrian","osm":22904958},"geometry":{"type":"LineString","coordinates":[[-0.47906,38.34434],[-0.47917,38.34426],[-0.47922,38.34422],[-0.47927,38.3442],[-0.47936,38.34418]]}},{"type":"Feature","properties":{"name":"Passatge de Campoamor","kind":"road","road":"pedestrian","osm":22995764},"geometry":{"type":"LineString","coordinates":[[-0.48661,38.35659],[-0.48729,38.35655]]}},{"type":"Feature","properties":{"name":"Carrer de Foment","kind":"road","road":"pedestrian","osm":22995767},"geometry":{"type":"LineString","coordinates":[[-0.48593,38.35648],[-0.48548,38.35651]]}},{"type":"Feature","properties":{"name":"Carrer de María Josefa Ágreda y Muñoz","kind":"road","road":"pedestrian","osm":23036314},"geometry":{"type":"LineString","coordinates":[[-0.48131,38.34443],[-0.48117,38.34424]]}},{"type":"Feature","properties":{"name":"Passeig de l'Esplanada d'Espanya","kind":"road","road":"pedestrian","osm":23036329},"geometry":{"type":"LineString","coordinates":[[-0.48306,38.34342],[-0.48288,38.3435],[-0.48278,38.34354],[-0.48281,38.34359]]}},{"type":"Feature","properties":{"name":"Carrer de Sant Tomàs","kind":"road","road":"pedestrian","osm":23036359},"geometry":{"type":"LineString","coordinates":[[-0.48337,38.34624],[-0.48375,38.3461],[-0.48394,38.34603]]}},{"type":"Feature","properties":{"name":"Parc de l'Ereta","kind":"park","road":"","osm":23036376},"geometry":{"type":"Polygon","coordinates":[[[-0.48192,38.3484],[-0.48148,38.34866],[-0.48142,38.34857],[-0.48101,38.34807],[-0.4807,38.34781],[-0.48004,38.3475],[-0.47902,38.34727],[-0.47905,38.34723],[-0.47912,38.34712],[-0.48007,38.34703],[-0.48054,38.34687],[-0.48078,38.34699],[-0.48163,38.34753],[-0.4817,38.3479],[-0.48166,38.34812],[-0.4818,38.34826],[-0.48192,38.3484]]]}},{"type":"Feature","properties":{"name":"Carrer del Bisbe Victorio Oliver","kind":"road","road":"tertiary","osm":23036470},"geometry":{"type":"LineString","coordinates":[[-0.46794,38.35626],[-0.46829,38.35593],[-0.46887,38.35542],[-0.46921,38.35514],[-0.46931,38.35505],[-0.46957,38.35484],[-0.46961,38.35481],[-0.46977,38.35468]]}},{"type":"Feature","properties":{"name":"Carrer del Professor Manuel Sala","kind":"road","road":"pedestrian","osm":23038733},"geometry":{"type":"LineString","coordinates":[[-0.49225,38.33845],[-0.49226,38.3385],[-0.49193,38.33905]]}},{"type":"Feature","properties":{"name":"Avinguda d'Eusebio Sempere","kind":"road","road":"tertiary","osm":23038756},"geometry":{"type":"LineString","coordinates":[[-0.49353,38.33971],[-0.49339,38.33968],[-0.49319,38.33963]]}},{"type":"Feature","properties":{"name":"","kind":"road","road":"primary","osm":23293612},"geometry":{"type":"LineString","coordinates":[[-0.47358,38.35265],[-0.47358,38.3526],[-0.47357,38.35256],[-0.47355,38.35252],[-0.47353,38.35248],[-0.47349,38.35244]]}},{"type":"Feature","properties":{"name":"Avinguda de Dénia","kind":"road","road":"primary","osm":23293613},"geometry":{"type":"LineString","coordinates":[[-0.47296,38.35503],[-0.47277,38.35522],[-0.47234,38.35554],[-0.47149,38.35618],[-0.47065,38.3568],[-0.47002,38.35728],[-0.46962,38.35757],[-0.46947,38.35768],[-0.46909,38.35797],[-0.46824,38.35861],[-0.46764,38.35904],[-0.46751,38.35914],[-0.46736,38.35927],[-0.46732,38.35931],[-0.46716,38.3595],[-0.46712,38.35954]]}},{"type":"Feature","properties":{"name":"Avinguda de Dénia","kind":"road","road":"primary","osm":23293616},"geometry":{"type":"LineString","coordinates":[[-0.47311,38.35497],[-0.47333,38.35472],[-0.4737,38.35427]]}},{"type":"Feature","properties":{"name":"Carrer de Jovellanos","kind":"road","road":"primary","osm":23293618},"geometry":{"type":"LineString","coordinates":[[-0.47331,38.3493],[-0.47337,38.34919],[-0.47346,38.34907],[-0.47362,38.34893],[-0.47377,38.34881]]}},{"type":"Feature","properties":{"name":"Avinguda de Dénia","kind":"road","road":"primary","osm":23293620},"geometry":{"type":"LineString","coordinates":[[-0.47285,38.35116],[-0.4728,38.35131],[-0.47269,38.35157]]}},{"type":"Feature","properties":{"name":"Avinguda de Dénia","kind":"road","road":"primary","osm":23293621},"geometry":{"type":"LineString","coordinates":[[-0.47326,38.35288],[-0.47335,38.35295],[-0.4734,38.353],[-0.47354,38.35318]]}},{"type":"Feature","properties":{"name":"Avinguda de Dénia","kind":"road","road":"primary","osm":23293622},"geometry":{"type":"LineString","coordinates":[[-0.47354,38.35318],[-0.47361,38.3533],[-0.47367,38.35344],[-0.47369,38.35354],[-0.47371,38.35364],[-0.47371,38.35375],[-0.4737,38.35385],[-0.47368,38.35394],[-0.47363,38.35404]]}},{"type":"Feature","properties":{"name":"Avinguda de Dénia","kind":"road","road":"primary","osm":23293625},"geometry":{"type":"LineString","coordinates":[[-0.47285,38.35116],[-0.47278,38.35125],[-0.47272,38.35132],[-0.47265,38.3514],[-0.47259,38.35147],[-0.47254,38.35157],[-0.47251,38.3517]]}},{"type":"Feature","properties":{"name":"Avinguda de Dénia","kind":"road","road":"primary","osm":23293626},"geometry":{"type":"LineString","coordinates":[[-0.4733,38.35237],[-0.47324,38.35234],[-0.47317,38.35227],[-0.47313,38.35223],[-0.47308,38.35218],[-0.47301,38.3521],[-0.47295,38.35201],[-0.47293,38.35192],[-0.47292,38.35185],[-0.47293,38.35173],[-0.47295,38.35162]]}},{"type":"Feature","properties":{"name":"Avinguda de Dénia","kind":"road","road":"primary","osm":23293634},"geometry":{"type":"LineString","coordinates":[[-0.47403,38.35358],[-0.474,38.35345],[-0.47397,38.35333],[-0.47391,38.3532],[-0.47383,38.35306]]}},{"type":"Feature","properties":{"name":"Carrer del Canonge Manuel Penalva","kind":"road","road":"primary","osm":23293635},"geometry":{"type":"LineString","coordinates":[[-0.47358,38.35265],[-0.47365,38.35262],[-0.47371,38.3526],[-0.47387,38.35255],[-0.47401,38.35252]]}},{"type":"Feature","properties":{"name":"Carrer del Canonge Manuel Penalva","kind":"road","road":"primary","osm":23293636},"geometry":{"type":"LineString","coordinates":[[-0.47401,38.35252],[-0.47444,38.35242],[-0.47506,38.35228],[-0.47533,38.35222],[-0.47541,38.35221]]}},{"type":"Feature","properties":{"name":"Carrer de Jovellanos","kind":"road","road":"primary","osm":23293637},"geometry":{"type":"LineString","coordinates":[[-0.4737,38.3486],[-0.47357,38.34869],[-0.47344,38.34877],[-0.47332,38.34888],[-0.47317,38.34904],[-0.47311,38.34914],[-0.47305,38.34927],[-0.47302,38.34939],[-0.473,38.34951]]}},{"type":"Feature","properties":{"name":"Avinguda de Dénia","kind":"road","road":"primary","osm":23293638},"geometry":{"type":"LineString","coordinates":[[-0.47299,38.34991],[-0.47299,38.35025],[-0.47298,38.35049],[-0.47295,38.35074],[-0.47293,38.35088]]}},{"type":"Feature","properties":{"name":"Parc del Tossal","kind":"park","road":"","osm":29032338},"geometry":{"type":"Polygon","coordinates":[[[-0.49006,38.35179],[-0.48913,38.3535],[-0.48914,38.35372],[-0.48917,38.35384],[-0.48926,38.35396],[-0.48932,38.35407],[-0.48935,38.35421],[-0.48926,38.35446],[-0.48921,38.35475],[-0.48922,38.35495],[-0.48925,38.35508],[-0.48938,38.3551],[-0.48962,38.35519],[-0.48977,38.35529],[-0.49013,38.35529],[-0.49016,38.35529],[-0.49035,38.35529],[-0.49051,38.35505],[-0.49128,38.35397],[-0.49113,38.35326],[-0.49106,38.35299],[-0.49099,38.35293],[-0.49097,38.35286],[-0.491,38.35279],[-0.4909,38.35269],[-0.49087,38.35266],[-0.49077,38.35265],[-0.49063,38.35212],[-0.49006,38.35179]]]}},{"type":"Feature","properties":{"name":"Avinguda de l'Estació","kind":"road","road":"primary","osm":33180104},"geometry":{"type":"LineString","coordinates":[[-0.49436,38.34461],[-0.4943,38.34463],[-0.49391,38.34477],[-0.49279,38.34519],[-0.49265,38.34524],[-0.49256,38.34527],[-0.4923,38.34537],[-0.49214,38.34543],[-0.49183,38.34554],[-0.49179,38.34556],[-0.49173,38.34558],[-0.49124,38.34576],[-0.491,38.34578]]}},{"type":"Feature","properties":{"name":"Avinguda de Benito Pérez Galdós","kind":"road","road":"secondary","osm":33183368},"geometry":{"type":"LineString","coordinates":[[-0.49301,38.3474],[-0.49314,38.34735],[-0.49382,38.34704],[-0.49398,38.34697],[-0.49415,38.3469]]}},{"type":"Feature","properties":{"name":"Plaça d'Espanya","kind":"road","road":"secondary","osm":33183644},"geometry":{"type":"LineString","coordinates":[[-0.48522,38.35243],[-0.48535,38.35253],[-0.48541,38.35255]]}},{"type":"Feature","properties":{"name":"Plaça del Carmen","kind":"road","road":"pedestrian","osm":33197811},"geometry":{"type":"LineString","coordinates":[[-0.48258,38.3471],[-0.48262,38.34686],[-0.48239,38.34684],[-0.48236,38.34708],[-0.48239,38.34708],[-0.48253,38.34709],[-0.48258,38.3471]]}},{"type":"Feature","properties":{"name":"Passatge Segon Pòrtic Consistorial","kind":"road","road":"pedestrian","osm":33197817},"geometry":{"type":"LineString","coordinates":[[-0.48121,38.34548],[-0.48119,38.34546],[-0.48109,38.34533]]}},{"type":"Feature","properties":{"name":"Carrer de Sant Andreu","kind":"road","road":"pedestrian","osm":33197833},"geometry":{"type":"LineString","coordinates":[[-0.48336,38.34537],[-0.48354,38.3457],[-0.48375,38.3461]]}},{"type":"Feature","properties":{"name":"","kind":"park","road":"","osm":33199103},"geometry":{"type":"Polygon","coordinates":[[[-0.48976,38.33891],[-0.48996,38.33882],[-0.49013,38.33879],[-0.49025,38.33873],[-0.49032,38.33866],[-0.49037,38.33861],[-0.49039,38.33856],[-0.4904,38.33848],[-0.49039,38.3384],[-0.49037,38.33833],[-0.49033,38.3383],[-0.48966,38.33862],[-0.48954,38.33868],[-0.48966,38.33885],[-0.48976,38.33891]]]}},{"type":"Feature","properties":{"name":"","kind":"park","road":"","osm":33199104},"geometry":{"type":"Polygon","coordinates":[[[-0.48956,38.339],[-0.48963,38.33897],[-0.48949,38.33878],[-0.48937,38.33878],[-0.48893,38.33899],[-0.48875,38.33906],[-0.48841,38.33926],[-0.48839,38.3393],[-0.4884,38.33934],[-0.4885,38.33946],[-0.48858,38.33946],[-0.48955,38.339],[-0.48956,38.339]]]}},{"type":"Feature","properties":{"name":"Plaça de l'Esportista Andrés Muñoz","kind":"park","road":"","osm":33207660},"geometry":{"type":"Polygon","coordinates":[[[-0.49314,38.33865],[-0.49314,38.33854],[-0.49313,38.3384],[-0.49267,38.33826],[-0.49243,38.33821],[-0.49221,38.33823],[-0.49228,38.3385],[-0.4922,38.33878],[-0.49271,38.33872],[-0.49274,38.33871],[-0.49274,38.3387],[-0.49314,38.33865]]]}},{"type":"Feature","properties":{"name":"Carrer del Pare Faustino Míguez","kind":"road","road":"tertiary","osm":35379701},"geometry":{"type":"LineString","coordinates":[[-0.46947,38.35768],[-0.46932,38.35754],[-0.46915,38.35741],[-0.46876,38.3571],[-0.46859,38.35696],[-0.46804,38.3565],[-0.46797,38.35645]]}},{"type":"Feature","properties":{"name":"Parc del Periodista Pepe Marín Guerrero","kind":"park","road":"","osm":35379851},"geometry":{"type":"Polygon","coordinates":[[[-0.46964,38.35542],[-0.46846,38.35634],[-0.46968,38.35734],[-0.46933,38.35744],[-0.4681,38.35643],[-0.46807,38.35625],[-0.46874,38.35565],[-0.46926,38.35521],[-0.46931,38.35519],[-0.46938,38.3552],[-0.46964,38.35542]]]}},{"type":"Feature","properties":{"name":"Plaça de Calvo Sotelo","kind":"road","road":"tertiary","osm":37040680},"geometry":{"type":"LineString","coordinates":[[-0.48876,38.34313],[-0.48856,38.34321],[-0.48851,38.34323]]}},{"type":"Feature","properties":{"name":"Plaça de Calvo Sotelo","kind":"road","road":"tertiary","osm":37040694},"geometry":{"type":"LineString","coordinates":[[-0.48885,38.34369],[-0.489,38.34361],[-0.48907,38.34357]]}},{"type":"Feature","properties":{"name":"Carrer del Bisbe Victorio Oliver","kind":"road","road":"tertiary","osm":38608812},"geometry":{"type":"LineString","coordinates":[[-0.47166,38.35329],[-0.47213,38.35303],[-0.47243,38.35294],[-0.47284,38.35286]]}},{"type":"Feature","properties":{"name":"Plaça de la Santíssima Faç","kind":"road","road":"pedestrian","osm":40062518},"geometry":{"type":"LineString","coordinates":[[-0.4811,38.34553],[-0.48108,38.34551],[-0.48117,38.34547],[-0.48119,38.34546],[-0.48123,38.34544],[-0.48157,38.34529],[-0.48158,38.34531],[-0.4816,38.34534],[-0.48172,38.34553],[-0.48176,38.3456],[-0.48179,38.34564],[-0.48169,38.34567],[-0.48162,38.34569],[-0.48159,38.3457],[-0.48156,38.3457],[-0.48149,38.34555],[-0.48141,38.34558],[-0.48134,38.34561],[-0.48119,38.34567],[-0.48113,38.34558],[-0.4811,38.34553]]}},{"type":"Feature","properties":{"name":"Carrer de Sant Josep","kind":"road","road":"pedestrian","osm":40062530},"geometry":{"type":"LineString","coordinates":[[-0.48292,38.34552],[-0.48301,38.34549],[-0.48336,38.34537],[-0.48363,38.34529],[-0.48375,38.34525]]}},{"type":"Feature","properties":{"name":"Plaça de l'Abat Penalva","kind":"road","road":"pedestrian","osm":40062532},"geometry":{"type":"LineString","coordinates":[[-0.48287,38.3452],[-0.48273,38.34523],[-0.48268,38.34525],[-0.4827,38.34527],[-0.48281,38.3455],[-0.48282,38.3455],[-0.48286,38.34548],[-0.48289,38.34553],[-0.48292,38.34552],[-0.48301,38.34549],[-0.483,38.34547],[-0.48288,38.34522],[-0.48287,38.3452]]}},{"type":"Feature","properties":{"name":"Carrer de Muñoz","kind":"road","road":"pedestrian","osm":40062533},"geometry":{"type":"LineString","coordinates":[[-0.48273,38.34523],[-0.48253,38.34491]]}},{"type":"Feature","properties":{"name":"","kind":"road","road":"pedestrian","osm":40062537},"geometry":{"type":"LineString","coordinates":[[-0.48295,38.34699],[-0.48304,38.34712]]}},{"type":"Feature","properties":{"name":"Carrer de Saragossa","kind":"road","road":"pedestrian","osm":40062540},"geometry":{"type":"LineString","coordinates":[[-0.48423,38.34716],[-0.48414,38.34722],[-0.48409,38.34725]]}},{"type":"Feature","properties":{"name":"Carrer de Cisneros","kind":"road","road":"pedestrian","osm":40062541},"geometry":{"type":"LineString","coordinates":[[-0.48282,38.34633],[-0.48278,38.34685]]}},{"type":"Feature","properties":{"name":"Carrer de Tarifa","kind":"road","road":"pedestrian","osm":40062542},"geometry":{"type":"LineString","coordinates":[[-0.48285,38.34595],[-0.48288,38.34626]]}},{"type":"Feature","properties":{"name":"Plaça de Calvo Sotelo","kind":"road","road":"tertiary","osm":44579148},"geometry":{"type":"LineString","coordinates":[[-0.48851,38.34323],[-0.48877,38.34359]]}},{"type":"Feature","properties":{"name":"Plaça dels Estels","kind":"road","road":"primary","osm":44579149},"geometry":{"type":"LineString","coordinates":[[-0.49033,38.3458],[-0.49028,38.34587],[-0.49026,38.34593],[-0.49025,38.34599]]}},{"type":"Feature","properties":{"name":"Plaça d'Espanya","kind":"road","road":"secondary","osm":44579151},"geometry":{"type":"LineString","coordinates":[[-0.4848,38.35116],[-0.4848,38.35121],[-0.48481,38.35167],[-0.48481,38.35173],[-0.48482,38.35182],[-0.48487,38.35195],[-0.48493,38.35204]]}},{"type":"Feature","properties":{"name":"Plaça d'Espanya","kind":"road","road":"secondary","osm":44579152},"geometry":{"type":"LineString","coordinates":[[-0.48493,38.35204],[-0.48505,38.35219],[-0.48522,38.35243]]}},{"type":"Feature","properties":{"name":"Plaça d'Espanya","kind":"road","road":"secondary","osm":44579179},"geometry":{"type":"LineString","coordinates":[[-0.48548,38.35217],[-0.48533,38.35197],[-0.4853,38.35193]]}},{"type":"Feature","properties":{"name":"Plaça d'Espanya","kind":"road","road":"secondary","osm":44579180},"geometry":{"type":"LineString","coordinates":[[-0.48517,38.35189],[-0.4851,38.35191],[-0.48504,38.35194],[-0.48499,38.35197],[-0.48493,38.35204]]}},{"type":"Feature","properties":{"name":"Avinguda Alfons el Savi","kind":"road","road":"primary","osm":44579181},"geometry":{"type":"LineString","coordinates":[[-0.48561,38.34792],[-0.48611,38.34774]]}},{"type":"Feature","properties":{"name":"Plaça dels Estels","kind":"road","road":"primary","osm":44579182},"geometry":{"type":"LineString","coordinates":[[-0.49073,38.34634],[-0.49088,38.3463],[-0.4909,38.3463],[-0.49101,38.34622],[-0.49106,38.34616],[-0.4911,38.34608],[-0.49111,38.346],[-0.49111,38.34597]]}},{"type":"Feature","properties":{"name":"Plaça dels Estels","kind":"road","road":"primary","osm":44579183},"geometry":{"type":"LineString","coordinates":[[-0.49061,38.34567],[-0.49049,38.34571],[-0.49048,38.34571],[-0.49046,38.34571],[-0.49033,38.3458]]}},{"type":"Feature","properties":{"name":"Plaça d'Espanya","kind":"road","road":"secondary","osm":44579438},"geometry":{"type":"LineString","coordinates":[[-0.48533,38.35117],[-0.48491,38.35119]]}},{"type":"Feature","properties":{"name":"Avinguda de Federico Soto","kind":"road","road":"tertiary","osm":44883809},"geometry":{"type":"LineString","coordinates":[[-0.48957,38.34471],[-0.48996,38.34524],[-0.48999,38.34528],[-0.49022,38.3456],[-0.49024,38.34562],[-0.49025,38.34564],[-0.49033,38.3458]]}},{"type":"Feature","properties":{"name":"Carrer de la Mare de Déu de Lluc","kind":"road","road":"pedestrian","osm":44884372},"geometry":{"type":"LineString","coordinates":[[-0.47431,38.34904],[-0.47412,38.34913],[-0.474,38.3492],[-0.47387,38.34933],[-0.47373,38.34958]]}},{"type":"Feature","properties":{"name":"Carrer de la Mare de Déu del Socors","kind":"road","road":"pedestrian","osm":44884373},"geometry":{"type":"LineString","coordinates":[[-0.47465,38.34871],[-0.47446,38.34895],[-0.4744,38.349],[-0.47431,38.34904],[-0.47444,38.34913],[-0.47451,38.34903],[-0.47458,38.34892],[-0.47464,38.34885],[-0.4747,38.34877],[-0.47465,38.34871]]}},{"type":"Feature","properties":{"name":"Plaça del Topete","kind":"road","road":"pedestrian","osm":44884374},"geometry":{"type":"LineString","coordinates":[[-0.47471,38.34876],[-0.4745,38.3485],[-0.47449,38.34848],[-0.4745,38.34847],[-0.47526,38.34797],[-0.47537,38.34807],[-0.47489,38.34854],[-0.47471,38.34876]]}},{"type":"Feature","properties":{"name":"Avinguda de Dénia","kind":"road","road":"primary","osm":48038868},"geometry":{"type":"LineString","coordinates":[[-0.47293,38.35088],[-0.4729,38.35102],[-0.47285,38.35116]]}},{"type":"Feature","properties":{"name":"Avinguda de Dénia","kind":"road","road":"primary","osm":48038869},"geometry":{"type":"LineString","coordinates":[[-0.47251,38.3517],[-0.47252,38.3518],[-0.47255,38.35193],[-0.47262,38.35206],[-0.47269,38.35217],[-0.4728,38.3523],[-0.47285,38.35237],[-0.4729,38.35247],[-0.47293,38.35258]]}},{"type":"Feature","properties":{"name":"Avinguda de Dénia","kind":"road","road":"primary","osm":48038870},"geometry":{"type":"LineString","coordinates":[[-0.47295,38.35162],[-0.47297,38.35126],[-0.47299,38.35102]]}},{"type":"Feature","properties":{"name":"Avinguda de Dénia","kind":"road","road":"primary","osm":48038871},"geometry":{"type":"LineString","coordinates":[[-0.47383,38.35306],[-0.47375,38.35295],[-0.47368,38.35286],[-0.47363,38.35281],[-0.4736,38.35277],[-0.47356,38.35271]]}},{"type":"Feature","properties":{"name":"Avinguda de Dénia","kind":"road","road":"primary","osm":48038872},"geometry":{"type":"LineString","coordinates":[[-0.4737,38.35427],[-0.47381,38.3541],[-0.47387,38.35395],[-0.47391,38.3537],[-0.47391,38.35358],[-0.47388,38.35346],[-0.47386,38.35335],[-0.4738,38.35322],[-0.47372,38.35309],[-0.47368,38.35305]]}},{"type":"Feature","properties":{"name":"Avinguda de Dénia","kind":"road","road":"primary","osm":48038873},"geometry":{"type":"LineString","coordinates":[[-0.47279,38.35158],[-0.47293,38.35121],[-0.47299,38.35102]]}},{"type":"Feature","properties":{"name":"Avinguda de Dénia","kind":"road","road":"primary","osm":48038874},"geometry":{"type":"LineString","coordinates":[[-0.47269,38.35157],[-0.47267,38.35167],[-0.47266,38.35175],[-0.47267,38.35185],[-0.47271,38.35197],[-0.47276,38.35207],[-0.47281,38.35215],[-0.47289,38.35224],[-0.47311,38.35249],[-0.4733,38.35273],[-0.47346,38.35292],[-0.4736,38.35308]]}},{"type":"Feature","properties":{"name":"Avinguda de Dénia","kind":"road","road":"primary","osm":48038875},"geometry":{"type":"LineString","coordinates":[[-0.4736,38.35425],[-0.47323,38.35472],[-0.47316,38.3548],[-0.47296,38.35503]]}},{"type":"Feature","properties":{"name":"Avinguda del Doctor Gadea","kind":"road","road":"tertiary","osm":49898934},"geometry":{"type":"LineString","coordinates":[[-0.48837,38.3426],[-0.48835,38.34257],[-0.4879,38.34195],[-0.48789,38.34194],[-0.48787,38.34191],[-0.48752,38.34144],[-0.48738,38.34125],[-0.48729,38.34111],[-0.48724,38.34104]]}},{"type":"Feature","properties":{"name":"Rambla de Méndez Núñez","kind":"road","road":"pedestrian","osm":53270807},"geometry":{"type":"LineString","coordinates":[[-0.48281,38.34359],[-0.48284,38.34364],[-0.48292,38.34378],[-0.48294,38.34381]]}},{"type":"Feature","properties":{"name":"Carrer de Sant Tomàs","kind":"road","road":"pedestrian","osm":53273449},"geometry":{"type":"LineString","coordinates":[[-0.48398,38.34602],[-0.48402,38.34601],[-0.48416,38.34597]]}},{"type":"Feature","properties":{"name":"Avinguda de Juan Bautista Lafora","kind":"road","road":"primary","osm":77347977},"geometry":{"type":"LineString","coordinates":[[-0.47835,38.34553],[-0.47753,38.34602],[-0.47733,38.34614],[-0.47715,38.34627],[-0.47666,38.34664]]}},{"type":"Feature","properties":{"name":"","kind":"park","road":"","osm":80589721},"geometry":{"type":"Polygon","coordinates":[[[-0.47613,38.35307],[-0.47586,38.35306],[-0.47584,38.35307],[-0.47588,38.35328],[-0.47589,38.35329],[-0.47591,38.35329],[-0.47592,38.35329],[-0.47615,38.35312],[-0.47615,38.3531],[-0.47615,38.35309],[-0.47614,38.35307],[-0.47613,38.35307]]]}},{"type":"Feature","properties":{"name":"Plaça d'Espanya","kind":"road","road":"pedestrian","osm":80695421},"geometry":{"type":"LineString","coordinates":[[-0.48486,38.35126],[-0.48487,38.35141],[-0.48487,38.35154],[-0.48487,38.35161],[-0.48489,38.35164],[-0.48491,38.35167],[-0.48494,38.3517],[-0.48499,38.35172],[-0.48505,38.35173],[-0.48511,38.35172],[-0.48514,38.35171],[-0.48519,38.35168],[-0.48523,38.35162],[-0.48525,38.35128],[-0.48525,38.35124],[-0.48523,38.35122],[-0.48521,38.35121],[-0.48518,38.35121],[-0.48494,38.35122],[-0.48491,38.35122],[-0.48488,38.35122],[-0.48487,38.35124],[-0.48486,38.35126]]}},{"type":"Feature","properties":{"name":"","kind":"park","road":"","osm":80695428},"geometry":{"type":"Polygon","coordinates":[[[-0.48524,38.35173],[-0.48517,38.35176],[-0.48512,38.35178],[-0.48506,38.35178],[-0.48487,38.35177],[-0.48488,38.35182],[-0.4849,38.35186],[-0.48492,38.35192],[-0.48494,38.35196],[-0.48496,38.35196],[-0.48507,38.35188],[-0.48519,38.35183],[-0.48523,38.35182],[-0.48524,38.3518],[-0.48524,38.35173]]]}},{"type":"Feature","properties":{"name":"Plaça d'Espanya","kind":"road","road":"secondary","osm":80695441},"geometry":{"type":"LineString","coordinates":[[-0.48481,38.35173],[-0.48501,38.35176],[-0.48507,38.35176],[-0.48514,38.35175],[-0.48521,38.35172],[-0.4853,38.35165]]}},{"type":"Feature","properties":{"name":"Plaça d'Espanya","kind":"road","road":"secondary","osm":80695442},"geometry":{"type":"LineString","coordinates":[[-0.4853,38.35179],[-0.48517,38.35189]]}},{"type":"Feature","properties":{"name":"","kind":"park","road":"","osm":80700383},"geometry":{"type":"Polygon","coordinates":[[[-0.48992,38.3519],[-0.48976,38.35189],[-0.4892,38.35188],[-0.48938,38.35233],[-0.48932,38.3527],[-0.48924,38.35282],[-0.48935,38.35299],[-0.48985,38.35203],[-0.48989,38.35195],[-0.48992,38.3519]]]}},{"type":"Feature","properties":{"name":"","kind":"park","road":"","osm":83999001},"geometry":{"type":"Polygon","coordinates":[[[-0.4827,38.34563],[-0.48276,38.34578],[-0.48258,38.34583],[-0.48251,38.34568],[-0.4827,38.34563]]]}},{"type":"Feature","properties":{"name":"Avinguda d'Eusebio Sempere","kind":"road","road":"tertiary","osm":83999004},"geometry":{"type":"LineString","coordinates":[[-0.49053,38.33872],[-0.49048,38.33865],[-0.49044,38.33855]]}},{"type":"Feature","properties":{"name":"Plaça del Doctor Gómez Ulla","kind":"road","road":"tertiary","osm":86299977},"geometry":{"type":"LineString","coordinates":[[-0.47756,38.35352],[-0.47754,38.3535],[-0.47681,38.35286],[-0.47673,38.35278]]}},{"type":"Feature","properties":{"name":"Avinguda Alfons el Savi","kind":"road","road":"primary","osm":86299978},"geometry":{"type":"LineString","coordinates":[[-0.48554,38.34785],[-0.48543,38.34789],[-0.48487,38.3481]]}},{"type":"Feature","properties":{"name":"Avinguda de Vázquez de Mella","kind":"road","road":"primary","osm":86299981},"geometry":{"type":"LineString","coordinates":[[-0.47667,38.35221],[-0.47655,38.35219],[-0.47628,38.35215],[-0.47608,38.35212],[-0.47596,38.35209],[-0.4758,38.35202]]}},{"type":"Feature","properties":{"name":"Plaça de la Porta de la Mar","kind":"road","road":"primary","osm":86299984},"geometry":{"type":"LineString","coordinates":[[-0.47989,38.34419],[-0.47973,38.34425],[-0.47962,38.34433]]}},{"type":"Feature","properties":{"name":"","kind":"road","road":"primary","osm":86299985},"geometry":{"type":"LineString","coordinates":[[-0.47293,38.35258],[-0.47293,38.35262],[-0.47293,38.35266],[-0.47294,38.3527],[-0.47297,38.35274],[-0.473,38.35278],[-0.47304,38.35281],[-0.4731,38.35285],[-0.47318,38.35287],[-0.47326,38.35288]]}},{"type":"Feature","properties":{"name":"Avinguda Padre Esplá","kind":"road","road":"tertiary","osm":86299990},"geometry":{"type":"LineString","coordinates":[[-0.47746,38.35672],[-0.47667,38.35705]]}},{"type":"Feature","properties":{"name":"Avinguda de Dénia","kind":"road","road":"primary","osm":86299993},"geometry":{"type":"LineString","coordinates":[[-0.47299,38.35102],[-0.47305,38.35064],[-0.47316,38.34996]]}},{"type":"Feature","properties":{"name":"","kind":"road","road":"primary","osm":86299994},"geometry":{"type":"LineString","coordinates":[[-0.47347,38.35243],[-0.47342,38.3524],[-0.47336,38.35238],[-0.4733,38.35237]]}},{"type":"Feature","properties":{"name":"Plaça de la Porta de la Mar","kind":"road","road":"primary","osm":86299997},"geometry":{"type":"LineString","coordinates":[[-0.4796,38.34486],[-0.47967,38.34478],[-0.47982,38.34461],[-0.47995,38.34445],[-0.48004,38.34436],[-0.48014,38.34428],[-0.48026,38.3442]]}},{"type":"Feature","properties":{"name":"Plaça del Doctor Mas Magro","kind":"road","road":"primary","osm":86299998},"geometry":{"type":"LineString","coordinates":[[-0.4758,38.35202],[-0.47576,38.35198],[-0.47572,38.35196],[-0.47567,38.35194],[-0.47562,38.35193],[-0.47556,38.35194],[-0.47551,38.35195],[-0.47547,38.35197],[-0.47543,38.352],[-0.47541,38.35202],[-0.4754,38.35204]]}},{"type":"Feature","properties":{"name":"","kind":"road","road":"primary","osm":86300000},"geometry":{"type":"LineString","coordinates":[[-0.4733,38.35237],[-0.47324,38.35236],[-0.47317,38.35237]]}},{"type":"Feature","properties":{"name":"Carrer de l'Enginyer Canales","kind":"road","road":"tertiary","osm":86300004},"geometry":{"type":"LineString","coordinates":[[-0.47547,38.35508],[-0.47546,38.355],[-0.47475,38.35439]]}},{"type":"Feature","properties":{"name":"Plaça de l'Ermita","kind":"road","road":"pedestrian","osm":86300366},"geometry":{"type":"LineString","coordinates":[[-0.48312,38.34772],[-0.48313,38.34773],[-0.48315,38.34775],[-0.48318,38.3478],[-0.48329,38.34776],[-0.48331,38.34784],[-0.48331,38.34786],[-0.48332,38.34785],[-0.48334,38.34785],[-0.48342,38.34778],[-0.48345,38.34779],[-0.48348,38.34779],[-0.48351,38.34777],[-0.48352,38.34776],[-0.48352,38.34774],[-0.4835,38.34772],[-0.48349,38.34772],[-0.48347,38.34772],[-0.48343,38.3477],[-0.48343,38.34771],[-0.48333,38.34765],[-0.48328,38.34765],[-0.48322,38.34769],[-0.48315,38.3477],[-0.48312,38.34772]]}},{"type":"Feature","properties":{"name":"Avinguda del Doctor Gadea","kind":"road","road":"tertiary","osm":86301437},"geometry":{"type":"LineString","coordinates":[[-0.48876,38.34313],[-0.4887,38.34305],[-0.48865,38.34299],[-0.48837,38.3426]]}},{"type":"Feature","properties":{"name":"Plaça de Calvo Sotelo","kind":"road","road":"tertiary","osm":86301446},"geometry":{"type":"LineString","coordinates":[[-0.489,38.34348],[-0.48882,38.34321],[-0.48876,38.34313]]}},{"type":"Feature","properties":{"name":"Avinguda de la Vila Joiosa","kind":"road","road":"secondary","osm":86308823},"geometry":{"type":"LineString","coordinates":[[-0.47278,38.34937],[-0.47269,38.34942],[-0.47243,38.34954],[-0.47198,38.34972],[-0.47094,38.35009],[-0.47057,38.35024],[-0.47031,38.35035],[-0.47002,38.3505],[-0.46983,38.3506],[-0.46952,38.35077],[-0.46815,38.35152],[-0.46761,38.3518],[-0.46707,38.35209],[-0.46578,38.35267],[-0.46543,38.35283],[-0.46512,38.35301],[-0.46486,38.3532],[-0.46448,38.35358],[-0.46399,38.35405],[-0.4638,38.3542],[-0.46353,38.35439],[-0.46328,38.35455],[-0.46269,38.35485],[-0.46202,38.35517],[-0.4609,38.35563],[-0.46085,38.35566],[-0.46051,38.35584],[-0.46023,38.35599],[-0.45987,38.35618],[-0.45966,38.35631],[-0.45929,38.35649],[-0.45905,38.3566],[-0.45835,38.35683],[-0.45783,38.35705],[-0.45737,38.35727],[-0.45701,38.35752],[-0.45653,38.35789],[-0.45633,38.35804],[-0.45612,38.35819],[-0.456,38.35827],[-0.45579,38.35838],[-0.45561,38.35848],[-0.45548,38.35858],[-0.45537,38.35869],[-0.45523,38.35884],[-0.45514,38.35893],[-0.45508,38.35899],[-0.45497,38.35908],[-0.45477,38.35918],[-0.45454,38.35931],[-0.45433,38.35941],[-0.4541,38.35952],[-0.45376,38.35963],[-0.45356,38.35967],[-0.45333,38.35971],[-0.45301,38.35975],[-0.45266,38.3598],[-0.45242,38.35986],[-0.45224,38.35992],[-0.45202,38.36001],[-0.45015,38.36091],[-0.44999,38.36098]]}},{"type":"Feature","properties":{"name":"Carrer del Pare Faustino Míguez","kind":"road","road":"tertiary","osm":87352449},"geometry":{"type":"LineString","coordinates":[[-0.46783,38.3565],[-0.46794,38.35655],[-0.46827,38.35683],[-0.46831,38.35691],[-0.4683,38.35695],[-0.46828,38.357]]}},{"type":"Feature","properties":{"name":"Avinguda de Vázquez de Mella","kind":"road","road":"primary","osm":87352463},"geometry":{"type":"LineString","coordinates":[[-0.47728,38.35238],[-0.47851,38.35242],[-0.47863,38.35242]]}},{"type":"Feature","properties":{"name":"Avinguda de Dénia","kind":"road","road":"primary","osm":87352489},"geometry":{"type":"LineString","coordinates":[[-0.47192,38.35596],[-0.47234,38.35565],[-0.47266,38.3554],[-0.47283,38.35527],[-0.47299,38.35511],[-0.47311,38.35497]]}},{"type":"Feature","properties":{"name":"","kind":"road","road":"primary","osm":87352498},"geometry":{"type":"LineString","coordinates":[[-0.47326,38.35288],[-0.47331,38.35287]]}},{"type":"Feature","properties":{"name":"Avinguda de Dénia","kind":"road","road":"primary","osm":87352500},"geometry":{"type":"LineString","coordinates":[[-0.47363,38.35404],[-0.47357,38.35417],[-0.47344,38.35433],[-0.47333,38.35447],[-0.47322,38.35465],[-0.47301,38.35496],[-0.47296,38.35503]]}},{"type":"Feature","properties":{"name":"Carrer de Calderón de la Barca","kind":"road","road":"secondary","osm":89546437},"geometry":{"type":"LineString","coordinates":[[-0.48561,38.34792],[-0.48554,38.34785]]}},{"type":"Feature","properties":{"name":"Avinguda Alfons el Savi","kind":"road","road":"primary","osm":89546442},"geometry":{"type":"LineString","coordinates":[[-0.48611,38.34774],[-0.48622,38.3477],[-0.48627,38.34768],[-0.48641,38.34763],[-0.48683,38.34747],[-0.48734,38.34728],[-0.48785,38.34709],[-0.48793,38.34706],[-0.48831,38.34692],[-0.4886,38.34681],[-0.48869,38.34678]]}},{"type":"Feature","properties":{"name":"Plaça de l'Arquitecte Miguel López","kind":"road","road":"primary","osm":89553575},"geometry":{"type":"LineString","coordinates":[[-0.49306,38.3383],[-0.49322,38.33834],[-0.4933,38.33837],[-0.49346,38.33841]]}},{"type":"Feature","properties":{"name":"Avinguda de Loring","kind":"road","road":"primary","osm":89664230},"geometry":{"type":"LineString","coordinates":[[-0.48838,38.33923],[-0.48851,38.33915],[-0.48855,38.33913]]}},{"type":"Feature","properties":{"name":"Plaça de Galícia","kind":"road","road":"tertiary","osm":89664232},"geometry":{"type":"LineString","coordinates":[[-0.48969,38.33898],[-0.48973,38.33896],[-0.48991,38.33888],[-0.49003,38.33884],[-0.49018,38.3388]]}},{"type":"Feature","properties":{"name":"Avinguda de Loring","kind":"road","road":"primary","osm":89664233},"geometry":{"type":"LineString","coordinates":[[-0.49027,38.33821],[-0.4902,38.33825],[-0.48966,38.33849],[-0.48959,38.33852],[-0.48926,38.33867],[-0.48885,38.33888],[-0.48861,38.339]]}},{"type":"Feature","properties":{"name":"Carrer del Doctor Ramón y Cajal","kind":"road","road":"tertiary","osm":89664235},"geometry":{"type":"LineString","coordinates":[[-0.489,38.3393],[-0.48957,38.33904],[-0.48969,38.33898]]}},{"type":"Feature","properties":{"name":"Plaça dels Estels","kind":"road","road":"primary","osm":89674475},"geometry":{"type":"LineString","coordinates":[[-0.49111,38.34597],[-0.49109,38.34589],[-0.49106,38.34583],[-0.491,38.34578]]}},{"type":"Feature","properties":{"name":"Carrer de Jaime Segarra","kind":"road","road":"tertiary","osm":89674490},"geometry":{"type":"LineString","coordinates":[[-0.48446,38.35806],[-0.48432,38.35796],[-0.48424,38.35792],[-0.4839,38.35772],[-0.48344,38.35762],[-0.483,38.35752],[-0.48275,38.35747],[-0.48235,38.35726],[-0.48167,38.3569],[-0.48136,38.35672],[-0.48075,38.35631],[-0.4804,38.35601],[-0.48009,38.35572],[-0.48,38.35566]]}},{"type":"Feature","properties":{"name":"Avinguda de la Constitució","kind":"road","road":"pedestrian","osm":89830308},"geometry":{"type":"LineString","coordinates":[[-0.48607,38.34766],[-0.48599,38.34754],[-0.48548,38.34681],[-0.48546,38.34678],[-0.48544,38.34676],[-0.48508,38.34627],[-0.48502,38.3462]]}},{"type":"Feature","properties":{"name":"Avinguda Alfons el Savi","kind":"road","road":"primary","osm":89830321},"geometry":{"type":"LineString","coordinates":[[-0.48607,38.34766],[-0.48564,38.34781],[-0.48554,38.34785]]}},{"type":"Feature","properties":{"name":"Plaça d'Espanya","kind":"road","road":"secondary","osm":89834405},"geometry":{"type":"LineString","coordinates":[[-0.4853,38.35165],[-0.48531,38.35152],[-0.48531,38.35127],[-0.48533,38.35117]]}},{"type":"Feature","properties":{"name":"Avinguda de Vázquez de Mella","kind":"road","road":"primary","osm":100220370},"geometry":{"type":"LineString","coordinates":[[-0.47867,38.35234],[-0.47852,38.35234],[-0.47736,38.3523],[-0.47718,38.35229],[-0.4769,38.35225],[-0.47679,38.35223]]}},{"type":"Feature","properties":{"name":"Avinguda de Vázquez de Mella","kind":"road","road":"primary","osm":100220376},"geometry":{"type":"LineString","coordinates":[[-0.47863,38.35242],[-0.47907,38.35241]]}},{"type":"Feature","properties":{"name":"Avinguda de Vázquez de Mella","kind":"road","road":"primary","osm":100220380},"geometry":{"type":"LineString","coordinates":[[-0.48032,38.35223],[-0.48049,38.35215],[-0.48053,38.35213]]}},{"type":"Feature","properties":{"name":"Avinguda de Vázquez de Mella","kind":"road","road":"primary","osm":100220382},"geometry":{"type":"LineString","coordinates":[[-0.47928,38.3524],[-0.47942,38.3524],[-0.4798,38.35237],[-0.48001,38.35233],[-0.48018,38.35229],[-0.48032,38.35223]]}},{"type":"Feature","properties":{"name":"Avinguda de Vázquez de Mella","kind":"road","road":"primary","osm":100220383},"geometry":{"type":"LineString","coordinates":[[-0.47673,38.35231],[-0.47691,38.35233],[-0.4771,38.35236],[-0.47728,38.35238]]}},{"type":"Feature","properties":{"name":"Carrer de Quevedo","kind":"road","road":"pedestrian","osm":106372417},"geometry":{"type":"LineString","coordinates":[[-0.48496,38.34536],[-0.48479,38.3447],[-0.48478,38.34467]]}},{"type":"Feature","properties":{"name":"Plaça del Doctor Balmis","kind":"road","road":"pedestrian","osm":108076255},"geometry":{"type":"LineString","coordinates":[[-0.48754,38.34304],[-0.48751,38.34305],[-0.48751,38.34306],[-0.48734,38.34322]]}},{"type":"Feature","properties":{"name":"Carrer de Sant Francesc","kind":"road","road":"pedestrian","osm":108076266},"geometry":{"type":"LineString","coordinates":[[-0.48485,38.34397],[-0.48481,38.34398],[-0.48438,38.34404],[-0.48422,38.34407],[-0.48414,38.34409],[-0.48394,38.34417],[-0.48379,38.34423],[-0.48377,38.34424]]}},{"type":"Feature","properties":{"name":"Carrer de les Llimes","kind":"road","road":"pedestrian","osm":108076293},"geometry":{"type":"LineString","coordinates":[[-0.48734,38.34322],[-0.48733,38.34323],[-0.48703,38.34354],[-0.48702,38.34355]]}},{"type":"Feature","properties":{"name":"Carrer d'Ojeda","kind":"road","road":"pedestrian","osm":108076303},"geometry":{"type":"LineString","coordinates":[[-0.48495,38.34267],[-0.48509,38.34297]]}},{"type":"Feature","properties":{"name":"Avinguda de Loring","kind":"road","road":"primary","osm":109738878},"geometry":{"type":"LineString","coordinates":[[-0.48603,38.34162],[-0.48609,38.34156],[-0.48611,38.34154],[-0.48632,38.34136],[-0.4866,38.34112],[-0.48713,38.34048],[-0.48715,38.34046],[-0.48749,38.34006],[-0.48767,38.33984],[-0.4878,38.33969],[-0.48795,38.33955],[-0.48812,38.33942]]}},{"type":"Feature","properties":{"name":"Passeig dels Màrtirs de la Llibertat","kind":"road","road":"primary","osm":109738909},"geometry":{"type":"LineString","coordinates":[[-0.48562,38.34186],[-0.48555,38.34191],[-0.48536,38.34204],[-0.48521,38.34213],[-0.48507,38.3422],[-0.48492,38.34227],[-0.48464,38.34238],[-0.48269,38.34315],[-0.48256,38.34319]]}},{"type":"Feature","properties":{"name":"Carrer d'Alberola Romero","kind":"road","road":"pedestrian","osm":110252235},"geometry":{"type":"LineString","coordinates":[[-0.48229,38.34379],[-0.48238,38.344],[-0.48239,38.34402]]}},{"type":"Feature","properties":{"name":"Passatge Primer Pòrtic Consistorial","kind":"road","road":"pedestrian","osm":123213685},"geometry":{"type":"LineString","coordinates":[[-0.4814,38.345],[-0.48142,38.34503],[-0.48145,38.34507]]}},{"type":"Feature","properties":{"name":"Plaça de l'Arquitecte Miguel López","kind":"road","road":"primary","osm":125867449},"geometry":{"type":"LineString","coordinates":[[-0.49339,38.3382],[-0.49336,38.33809],[-0.49336,38.33806],[-0.49335,38.33802],[-0.49326,38.33768],[-0.49325,38.3376]]}},{"type":"Feature","properties":{"name":"Avinguda d'Òscar Esplà","kind":"road","road":"primary","osm":125867528},"geometry":{"type":"LineString","coordinates":[[-0.49306,38.3383],[-0.49316,38.3384],[-0.4932,38.33849]]}},{"type":"Feature","properties":{"name":"Plaça de l'Arquitecte Miguel López","kind":"road","road":"primary","osm":125907509},"geometry":{"type":"LineString","coordinates":[[-0.49257,38.33772],[-0.49316,38.33762]]}},{"type":"Feature","properties":{"name":"Plaça de l'Arquitecte Miguel López","kind":"road","road":"primary","osm":135394066},"geometry":{"type":"LineString","coordinates":[[-0.49281,38.33731],[-0.49274,38.33732],[-0.49259,38.33736],[-0.49251,38.33743]]}},{"type":"Feature","properties":{"name":"Avinguda de Loring","kind":"road","road":"primary","osm":135394070},"geometry":{"type":"LineString","coordinates":[[-0.49214,38.33764],[-0.49199,38.33772],[-0.49171,38.33777],[-0.49113,38.33786],[-0.49101,38.33788],[-0.49094,38.3379],[-0.49078,38.33796]]}},{"type":"Feature","properties":{"name":"Avinguda de Loring","kind":"road","road":"primary","osm":135394073},"geometry":{"type":"LineString","coordinates":[[-0.49251,38.33743],[-0.49236,38.33753],[-0.49223,38.3376],[-0.49223,38.33761],[-0.49214,38.33764]]}},{"type":"Feature","properties":{"name":"Avinguda de Loring","kind":"road","road":"primary","osm":135394077},"geometry":{"type":"LineString","coordinates":[[-0.49039,38.33825],[-0.49062,38.33813],[-0.49067,38.3381],[-0.49072,38.33808],[-0.49079,38.33804]]}},{"type":"Feature","properties":{"name":"Plaça de l'Arquitecte Miguel López","kind":"road","road":"primary","osm":135394078},"geometry":{"type":"LineString","coordinates":[[-0.49318,38.33731],[-0.49312,38.33728],[-0.49304,38.33727],[-0.49298,38.33727],[-0.49281,38.33731]]}},{"type":"Feature","properties":{"name":"Plaça de l'Arquitecte Miguel López","kind":"road","road":"primary","osm":135394087},"geometry":{"type":"LineString","coordinates":[[-0.49251,38.33743],[-0.4925,38.33754],[-0.49251,38.3376],[-0.49253,38.33765],[-0.49254,38.33767],[-0.49257,38.33772]]}},{"type":"Feature","properties":{"name":"Bulevard Far de l'Illa de Tabarca","kind":"road","road":"tertiary","osm":135394096},"geometry":{"type":"LineString","coordinates":[[-0.49318,38.33731],[-0.49313,38.33711],[-0.49302,38.33669],[-0.49301,38.33664],[-0.49296,38.33661],[-0.4929,38.3366],[-0.49284,38.3366],[-0.49278,38.33663],[-0.49274,38.33664]]}},{"type":"Feature","properties":{"name":"Bulevard Far de l'Illa de Tabarca","kind":"road","road":"tertiary","osm":135394097},"geometry":{"type":"LineString","coordinates":[[-0.49277,38.33673],[-0.49287,38.33715],[-0.49287,38.3372],[-0.49285,38.33724],[-0.49281,38.33731]]}},{"type":"Feature","properties":{"name":"Plaça de l'Arquitecte Miguel López","kind":"road","road":"primary","osm":135394099},"geometry":{"type":"LineString","coordinates":[[-0.49257,38.33772],[-0.49263,38.33784]]}},{"type":"Feature","properties":{"name":"Plaça dels Estels","kind":"road","road":"primary","osm":135529367},"geometry":{"type":"LineString","coordinates":[[-0.491,38.34578],[-0.49094,38.34574],[-0.49081,38.34569],[-0.49061,38.34567]]}},{"type":"Feature","properties":{"name":"","kind":"park","road":"","osm":137379316},"geometry":{"type":"Polygon","coordinates":[[[-0.48542,38.35638],[-0.48534,38.35668],[-0.4854,38.35678],[-0.48543,38.35675],[-0.48544,38.35673],[-0.48544,38.35669],[-0.48544,38.35638],[-0.48542,38.35638]]]}},{"type":"Feature","properties":{"name":"Plaça d'Espanya","kind":"road","road":"secondary","osm":137379317},"geometry":{"type":"LineString","coordinates":[[-0.48551,38.35261],[-0.48555,38.35253],[-0.48559,38.35246],[-0.48563,38.35236]]}},{"type":"Feature","properties":{"name":"Carrer de l'Alcalde Alfonso de Rojas","kind":"road","road":"secondary","osm":137379318},"geometry":{"type":"LineString","coordinates":[[-0.48642,38.35218],[-0.48657,38.35211],[-0.48686,38.35197],[-0.48699,38.35191],[-0.48712,38.35185],[-0.48724,38.3518]]}},{"type":"Feature","properties":{"name":"","kind":"road","road":"primary","osm":137810662},"geometry":{"type":"LineString","coordinates":[[-0.473,38.35246],[-0.47297,38.3525],[-0.47295,38.35254],[-0.47293,38.35258]]}},{"type":"Feature","properties":{"name":"","kind":"road","road":"primary","osm":137810664},"geometry":{"type":"LineString","coordinates":[[-0.47356,38.35271],[-0.47357,38.35268],[-0.47358,38.35265]]}},{"type":"Feature","properties":{"name":"","kind":"road","road":"primary","osm":137810666},"geometry":{"type":"LineString","coordinates":[[-0.47317,38.35237],[-0.47312,38.35239],[-0.47307,38.35241],[-0.47303,38.35243],[-0.473,38.35246]]}},{"type":"Feature","properties":{"name":"","kind":"road","road":"primary","osm":137810668},"geometry":{"type":"LineString","coordinates":[[-0.47331,38.35287],[-0.47336,38.35286],[-0.4734,38.35285],[-0.47345,38.35283],[-0.47348,38.3528],[-0.47351,38.35277],[-0.47354,38.35274]]}},{"type":"Feature","properties":{"name":"Avinguda d'Alcoi","kind":"road","road":"secondary","osm":140544928},"geometry":{"type":"LineString","coordinates":[[-0.48813,38.35565],[-0.48768,38.35505],[-0.48764,38.355],[-0.48745,38.35475],[-0.48719,38.35439],[-0.48695,38.35408],[-0.48689,38.354],[-0.48659,38.3536],[-0.48635,38.3533],[-0.48631,38.35325],[-0.48611,38.35299],[-0.48603,38.35288],[-0.48583,38.35261],[-0.48574,38.3525]]}},{"type":"Feature","properties":{"name":"Carrer de Jovellanos","kind":"road","road":"secondary","osm":152165878},"geometry":{"type":"LineString","coordinates":[[-0.47317,38.34912],[-0.47304,38.34922],[-0.47285,38.34934],[-0.47278,38.34937]]}},{"type":"Feature","properties":{"name":"","kind":"park","road":"","osm":155075732},"geometry":{"type":"Polygon","coordinates":[[[-0.4931,38.33758],[-0.49318,38.33751],[-0.49318,38.33745],[-0.49316,38.3374],[-0.49311,38.33736],[-0.49304,38.33734],[-0.49267,38.3374],[-0.49261,38.33744],[-0.49258,38.33749],[-0.49258,38.33755],[-0.49263,38.33761],[-0.4927,38.33764],[-0.49275,38.33764],[-0.4931,38.33758]]]}},{"type":"Feature","properties":{"name":"Plaça de l'Arquitecte Miguel López","kind":"road","road":"pedestrian","osm":155075734},"geometry":{"type":"LineString","coordinates":[[-0.49336,38.33834],[-0.49329,38.33807],[-0.49328,38.33803],[-0.49319,38.33769],[-0.49316,38.33767],[-0.49267,38.33775],[-0.49265,38.33777],[-0.49277,38.33804],[-0.49283,38.33814],[-0.49285,38.33817],[-0.49287,38.33819],[-0.49291,38.33822],[-0.49336,38.33834]]}},{"type":"Feature","properties":{"name":"","kind":"park","road":"","osm":155075736},"geometry":{"type":"Polygon","coordinates":[[[-0.49273,38.33821],[-0.49263,38.338],[-0.49258,38.33792],[-0.49252,38.33787],[-0.49243,38.33784],[-0.49233,38.33783],[-0.49108,38.33801],[-0.49094,38.33804],[-0.49081,38.33809],[-0.4908,38.33809],[-0.49064,38.33815],[-0.49052,38.33824],[-0.49053,38.33845],[-0.49059,38.33846],[-0.49228,38.33818],[-0.49273,38.33821]]]}},{"type":"Feature","properties":{"name":"Carrer de Portugal","kind":"road","road":"tertiary","osm":155444903},"geometry":{"type":"LineString","coordinates":[[-0.48849,38.33954],[-0.48839,38.3394],[-0.48837,38.33938],[-0.48833,38.33934],[-0.48831,38.33933],[-0.48828,38.3393]]}},{"type":"Feature","properties":{"name":"","kind":"coast","road":"","osm":160753263},"geometry":{"type":"LineString","coordinates":[[-0.47239,38.34852],[-0.47231,38.3486],[-0.4722,38.34866],[-0.47187,38.34877],[-0.47182,38.3488],[-0.47173,38.34881],[-0.47166,38.3488],[-0.47112,38.34899],[-0.47094,38.34907],[-0.47058,38.34922],[-0.47001,38.3496],[-0.46987,38.3497],[-0.46936,38.3503],[-0.46929,38.35035],[-0.46915,38.35037],[-0.46897,38.35038],[-0.4688,38.35039],[-0.46864,38.35045],[-0.46843,38.35063],[-0.46833,38.35067],[-0.46836,38.35074],[-0.46838,38.35077],[-0.46838,38.35087],[-0.46842,38.35095],[-0.46846,38.35099],[-0.46849,38.35103],[-0.46846,38.35107],[-0.4684,38.3511],[-0.46831,38.35112],[-0.46815,38.35118],[-0.46805,38.3512],[-0.46793,38.35125],[-0.46786,38.35122],[-0.46779,38.35123],[-0.46768,38.35121],[-0.46759,38.35122],[-0.46746,38.3512],[-0.46735,38.35116],[-0.4672,38.35112],[-0.46719,38.35111],[-0.46718,38.3511],[-0.46716,38.35109],[-0.46712,38.35107],[-0.46704,38.35103],[-0.46696,38.35098],[-0.46699,38.35097],[-0.46688,38.35081],[-0.46716,38.35065],[-0.4672,38.35059],[-0.46744,38.35049],[-0.46737,38.35038],[-0.46728,38.3504],[-0.46693,38.3506],[-0.46669,38.35071],[-0.46658,38.35074],[-0.46642,38.35071],[-0.46631,38.35073],[-0.46618,38.35078],[-0.46603,38.35094],[-0.46572,38.35153],[-0.46567,38.35173],[-0.46562,38.35181],[-0.46553,38.35198],[-0.46556,38.35215],[-0.4655,38.35233],[-0.46515,38.35267],[-0.46477,38.35298],[-0.46464,38.35313],[-0.46434,38.35343],[-0.4641,38.35363],[-0.46393,38.35378],[-0.4638,38.35385],[-0.46371,38.35388],[-0.46357,38.3539],[-0.46342,38.35397],[-0.46319,38.35425],[-0.46267,38.35461],[-0.46259,38.35465],[-0.46218,38.35485],[-0.46173,38.35503],[-0.46166,38.3551],[-0.46156,38.35516],[-0.46121,38.35522],[-0.46087,38.35523],[-0.4607,38.35522],[-0.46058,38.3552],[-0.46037,38.35514],[-0.46007,38.35523],[-0.45952,38.35542],[-0.45922,38.35559],[-0.45897,38.35578],[-0.45874,38.35605],[-0.45858,38.35617],[-0.45843,38.35627],[-0.45785,38.35649],[-0.45737,38.35664],[-0.45721,38.3568],[-0.45708,38.35688],[-0.45699,38.35693],[-0.4568,38.3569],[-0.45661,38.35685],[-0.45652,38.35678],[-0.45642,38.35669],[-0.45626,38.3565],[-0.45618,38.35649],[-0.45612,38.3565],[-0.4561,38.35653],[-0.45633,38.35679],[-0.45634,38.35692],[-0.45623,38.35706],[-0.45598,38.3572],[-0.45586,38.35727],[-0.4557,38.35732],[-0.45557,38.35734],[-0.45515,38.3573],[-0.45508,38.35726],[-0.45503,38.35719],[-0.45497,38.35717],[-0.45488,38.35707],[-0.45482,38.35707],[-0.45478,38.35708],[-0.45476,38.35712],[-0.45483,38.35719],[-0.45485,38.3572],[-0.455,38.35737],[-0.45499,38.35752],[-0.45491,38.35766],[-0.45479,38.35776],[-0.45462,38.35783],[-0.4545,38.35788],[-0.45438,38.35789],[-0.45423,38.35792],[-0.45401,38.35792],[-0.45383,38.35784],[-0.45374,38.35772],[-0.45371,38.35771],[-0.45363,38.35771],[-0.45363,38.35775],[-0.45363,38.35779],[-0.45365,38.35782],[-0.45366,38.35787],[-0.45375,38.35796],[-0.45377,38.35806],[-0.45375,38.35808],[-0.45371,38.35817],[-0.45361,38.35822],[-0.45352,38.35829],[-0.45343,38.35829],[-0.45333,38.35831],[-0.4532,38.3583],[-0.4531,38.35823],[-0.45304,38.35813],[-0.45294,38.35807],[-0.45286,38.35807],[-0.45276,38.35809],[-0.45269,38.35817],[-0.45275,38.35835],[-0.4528,38.35837],[-0.45283,38.35843],[-0.4528,38.35857],[-0.45267,38.35869],[-0.45244,38.3588],[-0.45232,38.35884],[-0.45222,38.35882],[-0.452,38.35876],[-0.45193,38.35874],[-0.45176,38.35871],[-0.45162,38.35869],[-0.45163,38.35875],[-0.45173,38.35876],[-0.4518,38.35882],[-0.45192,38.35889],[-0.45198,38.35898],[-0.452,38.35903],[-0.45198,38.3591],[-0.45191,38.35914],[-0.45176,38.35912],[-0.45169,38.35911],[-0.45158,38.35905],[-0.4515,38.35896],[-0.45143,38.35887],[-0.45137,38.35883],[-0.45132,38.3588],[-0.45127,38.35871],[-0.45117,38.35874],[-0.45141,38.3591],[-0.4514,38.3592],[-0.45137,38.35928],[-0.45136,38.3593],[-0.45124,38.3594],[-0.45113,38.35941],[-0.45097,38.35933],[-0.45081,38.35927],[-0.45079,38.35931],[-0.45101,38.35944],[-0.45097,38.35954],[-0.45082,38.35965],[-0.45069,38.3597],[-0.45061,38.35969],[-0.45047,38.35963],[-0.4503,38.35942],[-0.45019,38.35945],[-0.45013,38.35939],[-0.45007,38.35939],[-0.45012,38.35952],[-0.45014,38.35953],[-0.45011,38.35958],[-0.45015,38.35963],[-0.45045,38.35995],[-0.45046,38.36005],[-0.4504,38.36009],[-0.45017,38.36025],[-0.44999,38.36035],[-0.44982,38.3604],[-0.44963,38.3604],[-0.44949,38.36033],[-0.4493,38.36015],[-0.4492,38.36008],[-0.44915,38.36008],[-0.44911,38.36013],[-0.44915,38.36019],[-0.44943,38.36047],[-0.4494,38.36064],[-0.4493,38.36071],[-0.44925,38.3607],[-0.44919,38.36071],[-0.44918,38.36069],[-0.44914,38.36069],[-0.44907,38.3607],[-0.44892,38.36067],[-0.44885,38.3607],[-0.44882,38.36074],[-0.44881,38.36077],[-0.44871,38.36091],[-0.44858,38.36107],[-0.44847,38.36116],[-0.44846,38.36119],[-0.44848,38.36123],[-0.44842,38.36126],[-0.44834,38.36129],[-0.44827,38.36129],[-0.44825,38.36129],[-0.44804,38.36128],[-0.44801,38.36126],[-0.44798,38.36126],[-0.44798,38.36129],[-0.44779,38.3613],[-0.4477,38.36131],[-0.44763,38.3613],[-0.44752,38.36132],[-0.44743,38.36134],[-0.44739,38.36137],[-0.44738,38.36138],[-0.44736,38.36139],[-0.44735,38.36145],[-0.44734,38.36151],[-0.44739,38.3616],[-0.44747,38.36168],[-0.44747,38.36174],[-0.44741,38.36181],[-0.44738,38.36181],[-0.44732,38.36182],[-0.4473,38.36179],[-0.44727,38.36176],[-0.44722,38.36176],[-0.44716,38.36179],[-0.44707,38.36182],[-0.44701,38.36184],[-0.44695,38.36187],[-0.44695,38.36193],[-0.44698,38.36198],[-0.44694,38.36205],[-0.44691,38.36211],[-0.44686,38.36214],[-0.4468,38.36215],[-0.44675,38.36209],[-0.44666,38.36207],[-0.44661,38.3621],[-0.44656,38.36211]]}},{"type":"Feature","properties":{"name":"","kind":"coast","road":"","osm":166986879},"geometry":{"type":"LineString","coordinates":[[-0.48079,38.33976],[-0.48153,38.33921],[-0.48159,38.33915],[-0.48161,38.33912],[-0.48164,38.33906],[-0.48164,38.33903],[-0.48164,38.33897],[-0.48159,38.33888],[-0.48151,38.33877],[-0.48139,38.33867],[-0.48124,38.33859],[-0.4811,38.33857],[-0.48099,38.33858],[-0.48088,38.33862],[-0.47917,38.33991],[-0.47898,38.33977],[-0.47843,38.33741],[-0.47867,38.33738],[-0.47871,38.3373],[-0.47853,38.33715],[-0.48645,38.33115],[-0.48658,38.33105],[-0.48646,38.33096],[-0.48645,38.33097],[-0.48654,38.33104],[-0.48641,38.33114],[-0.48625,38.33101],[-0.48647,38.33051],[-0.48964,38.32809],[-0.48965,38.32801],[-0.48962,38.32794],[-0.48951,38.32792],[-0.48943,38.32799],[-0.47974,38.33537],[-0.47835,38.33642],[-0.47782,38.33668],[-0.47757,38.33701],[-0.47853,38.34144],[-0.47853,38.3415],[-0.47849,38.34155],[-0.4782,38.34162],[-0.47778,38.34166],[-0.47763,38.34172],[-0.47753,38.34176],[-0.47749,38.34186],[-0.47749,38.34188],[-0.47752,38.34189],[-0.47788,38.34185],[-0.47829,38.34365],[-0.47831,38.34367],[-0.47855,38.34379]]}},{"type":"Feature","properties":{"name":"","kind":"coast","road":"","osm":166986880},"geometry":{"type":"LineString","coordinates":[[-0.48069,38.33983],[-0.48092,38.3402],[-0.4811,38.34049],[-0.48126,38.34074],[-0.48141,38.34098],[-0.48157,38.34123],[-0.48176,38.34152],[-0.48191,38.34174],[-0.48175,38.34181],[-0.48182,38.34193],[-0.48074,38.34235],[-0.48069,38.34227],[-0.48049,38.34235],[-0.4811,38.3433],[-0.48115,38.34328],[-0.48064,38.34247],[-0.48159,38.3421],[-0.48198,38.34271],[-0.48191,38.34273],[-0.48201,38.34289],[-0.48227,38.3428],[-0.48217,38.34263],[-0.4821,38.34266],[-0.48172,38.34205],[-0.48291,38.34159],[-0.48329,38.3422],[-0.48321,38.34223],[-0.48331,38.34239],[-0.48358,38.34229],[-0.48347,38.34213],[-0.48341,38.34215],[-0.48315,38.34174],[-0.48358,38.34157],[-0.48357,38.34154],[-0.48313,38.34171],[-0.48303,38.34154],[-0.48361,38.34131],[-0.48352,38.34117],[-0.48331,38.34125],[-0.48336,38.34133],[-0.48209,38.34182],[-0.48182,38.34139],[-0.48158,38.34101],[-0.48137,38.34068],[-0.48115,38.34033],[-0.48099,38.34009],[-0.48079,38.33976]]}},{"type":"Feature","properties":{"name":"Carrer del Taquígraf Martí","kind":"road","road":"pedestrian","osm":204688061},"geometry":{"type":"LineString","coordinates":[[-0.48812,38.35065],[-0.48814,38.35072],[-0.48822,38.35093],[-0.48835,38.35122]]}},{"type":"Feature","properties":{"name":"Carrer de la Verge de la Paloma","kind":"road","road":"pedestrian","osm":229791184},"geometry":{"type":"LineString","coordinates":[[-0.47025,38.35516],[-0.47028,38.35513],[-0.46986,38.35479],[-0.4698,38.35479],[-0.46977,38.35482],[-0.46973,38.35479]]}},{"type":"Feature","properties":{"name":"Carrer de Gonzalo Mengual","kind":"road","road":"pedestrian","osm":229791188},"geometry":{"type":"LineString","coordinates":[[-0.47356,38.35576],[-0.47312,38.3554]]}},{"type":"Feature","properties":{"name":"Carrer de Jovellanos","kind":"road","road":"secondary","osm":229791189},"geometry":{"type":"LineString","coordinates":[[-0.47477,38.3481],[-0.47417,38.34846]]}},{"type":"Feature","properties":{"name":"Carrer d'Indalecio Prieto","kind":"road","road":"tertiary","osm":229791190},"geometry":{"type":"LineString","coordinates":[[-0.47334,38.35519],[-0.47317,38.35528],[-0.47251,38.35571],[-0.47245,38.35574],[-0.4724,38.35573],[-0.47237,38.3557],[-0.47234,38.35565]]}},{"type":"Feature","properties":{"name":"Carrer d'Indalecio Prieto","kind":"road","road":"tertiary","osm":229791191},"geometry":{"type":"LineString","coordinates":[[-0.47388,38.35485],[-0.47445,38.35443],[-0.47457,38.35434]]}},{"type":"Feature","properties":{"name":"Carrer del Gall","kind":"road","road":"pedestrian","osm":231900197},"geometry":{"type":"LineString","coordinates":[[-0.48371,38.34912],[-0.48315,38.34911]]}},{"type":"Feature","properties":{"name":"Avinguda de Dénia","kind":"road","road":"primary","osm":243087632},"geometry":{"type":"LineString","coordinates":[[-0.469,38.35817],[-0.46922,38.35801],[-0.46955,38.35775],[-0.4699,38.35747],[-0.47068,38.35689],[-0.47122,38.35649],[-0.47172,38.35611],[-0.47192,38.35596]]}},{"type":"Feature","properties":{"name":"","kind":"park","road":"","osm":249563070},"geometry":{"type":"Polygon","coordinates":[[[-0.47704,38.35242],[-0.47679,38.3526],[-0.47678,38.35239],[-0.47704,38.35242]]]}},{"type":"Feature","properties":{"name":"","kind":"park","road":"","osm":264949795},"geometry":{"type":"Polygon","coordinates":[[[-0.48486,38.34565],[-0.48492,38.34563],[-0.48485,38.3455],[-0.48479,38.34551],[-0.48486,38.34565]]]}},{"type":"Feature","properties":{"name":"","kind":"park","road":"","osm":265009691},"geometry":{"type":"Polygon","coordinates":[[[-0.48462,38.34603],[-0.48471,38.3462],[-0.48485,38.34615],[-0.48487,38.34611],[-0.48475,38.34589],[-0.48465,38.34602],[-0.48462,38.34603]]]}},{"type":"Feature","properties":{"name":"","kind":"park","road":"","osm":267061880},"geometry":{"type":"Polygon","coordinates":[[[-0.48873,38.34557],[-0.48874,38.34558],[-0.48879,38.34556],[-0.4888,38.34553],[-0.48878,38.34549],[-0.48877,38.3455],[-0.48872,38.34543],[-0.4887,38.34544],[-0.48865,38.34536],[-0.48867,38.34536],[-0.48862,38.34529],[-0.48863,38.34528],[-0.48859,38.34523],[-0.48858,38.34524],[-0.48856,38.3452],[-0.48857,38.34519],[-0.48855,38.34518],[-0.48851,38.34519],[-0.48852,38.3452],[-0.48851,38.34521],[-0.48853,38.34526],[-0.48843,38.34529],[-0.4884,38.34524],[-0.48839,38.34523],[-0.48835,38.34524],[-0.48836,38.34527],[-0.48837,38.34527],[-0.48838,38.3453],[-0.48837,38.34531],[-0.48843,38.3455],[-0.48845,38.3455],[-0.48846,38.34553],[-0.48845,38.34553],[-0.48849,38.34566],[-0.48855,38.34564],[-0.48855,38.34563],[-0.48873,38.34557]]]}},{"type":"Feature","properties":{"name":"Avinguda de Loring","kind":"road","road":"primary","osm":304648610},"geometry":{"type":"LineString","coordinates":[[-0.48931,38.33875],[-0.4896,38.33861],[-0.48964,38.33859],[-0.49014,38.33836],[-0.49039,38.33825]]}},{"type":"Feature","properties":{"name":"Plaça de Galícia","kind":"road","road":"tertiary","osm":304648612},"geometry":{"type":"LineString","coordinates":[[-0.49018,38.3388],[-0.4903,38.33873],[-0.49036,38.33868],[-0.49041,38.33863],[-0.49044,38.33855]]}},{"type":"Feature","properties":{"name":"Avinguda de Dénia","kind":"road","road":"primary","osm":305578793},"geometry":{"type":"LineString","coordinates":[[-0.4736,38.35308],[-0.47362,38.35311],[-0.4737,38.35322],[-0.47377,38.35338],[-0.47381,38.35353],[-0.47381,38.35365],[-0.4738,38.35381],[-0.47379,38.3539],[-0.47375,38.354],[-0.47369,38.35412],[-0.4736,38.35425]]}},{"type":"Feature","properties":{"name":"Avinguda de Dénia","kind":"road","road":"primary","osm":305578794},"geometry":{"type":"LineString","coordinates":[[-0.47368,38.35305],[-0.47342,38.35273],[-0.47323,38.3525],[-0.47304,38.35229],[-0.47294,38.35217],[-0.47286,38.35205],[-0.47281,38.35196],[-0.47278,38.35186],[-0.47276,38.35176],[-0.47278,38.35164],[-0.47279,38.35158]]}},{"type":"Feature","properties":{"name":"","kind":"road","road":"pedestrian","osm":313833651},"geometry":{"type":"LineString","coordinates":[[-0.48282,38.34774],[-0.48262,38.34782],[-0.48257,38.34774],[-0.48277,38.34766],[-0.48282,38.34774]]}},{"type":"Feature","properties":{"name":"Carrer de Sant Agustí","kind":"road","road":"pedestrian","osm":334476493},"geometry":{"type":"LineString","coordinates":[[-0.48168,38.34609],[-0.4817,38.34645]]}},{"type":"Feature","properties":{"name":"Carrer de Sant Agustí","kind":"road","road":"pedestrian","osm":334476494},"geometry":{"type":"LineString","coordinates":[[-0.48166,38.34599],[-0.48166,38.34596],[-0.48159,38.3457]]}},{"type":"Feature","properties":{"name":"Carrer d'Indalecio Prieto","kind":"road","road":"tertiary","osm":353688129},"geometry":{"type":"LineString","coordinates":[[-0.47457,38.35434],[-0.47468,38.35424],[-0.47484,38.35413],[-0.47498,38.35402]]}},{"type":"Feature","properties":{"name":"","kind":"road","road":"pedestrian","osm":364387173},"geometry":{"type":"LineString","coordinates":[[-0.4827,38.34766],[-0.48268,38.34759],[-0.48266,38.34759],[-0.48252,38.34762],[-0.48255,38.3477],[-0.4827,38.34766]]}},{"type":"Feature","properties":{"name":"","kind":"road","road":"tertiary","osm":381125103},"geometry":{"type":"LineString","coordinates":[[-0.49244,38.33553],[-0.49239,38.33557],[-0.49237,38.33562],[-0.49237,38.33568],[-0.49239,38.33573],[-0.49243,38.33577],[-0.49249,38.3358],[-0.49259,38.3358],[-0.49273,38.33578],[-0.4928,38.33576],[-0.49285,38.33572],[-0.49287,38.33566],[-0.49287,38.33559],[-0.49283,38.33553],[-0.49278,38.3355],[-0.49272,38.33548],[-0.49265,38.33549],[-0.4925,38.33551],[-0.49244,38.33553]]}},{"type":"Feature","properties":{"name":"Bulevard Far de l'Illa de Tabarca","kind":"road","road":"tertiary","osm":381125110},"geometry":{"type":"LineString","coordinates":[[-0.49249,38.3358],[-0.49253,38.33584],[-0.49256,38.33591],[-0.49271,38.3365]]}},{"type":"Feature","properties":{"name":"Bulevard Far de l'Illa de Tabarca","kind":"road","road":"tertiary","osm":381125112},"geometry":{"type":"LineString","coordinates":[[-0.49295,38.33645],[-0.49281,38.33588],[-0.4928,38.3358],[-0.4928,38.33576]]}},{"type":"Feature","properties":{"name":"","kind":"road","road":"tertiary","osm":381125115},"geometry":{"type":"LineString","coordinates":[[-0.49301,38.33546],[-0.49576,38.33503],[-0.49754,38.33475],[-0.49799,38.33468]]}},{"type":"Feature","properties":{"name":"Avinguda de Loring","kind":"road","road":"primary","osm":418299348},"geometry":{"type":"LineString","coordinates":[[-0.49239,38.33777],[-0.49242,38.33776],[-0.49249,38.33774],[-0.49257,38.33772]]}},{"type":"Feature","properties":{"name":"Plaça de l'Arquitecte Miguel López","kind":"road","road":"primary","osm":418299351},"geometry":{"type":"LineString","coordinates":[[-0.49263,38.33784],[-0.49274,38.33811],[-0.49275,38.33813],[-0.49277,38.33815],[-0.4928,38.33819],[-0.49285,38.33823],[-0.4929,38.33826],[-0.49296,38.33828],[-0.49306,38.3383]]}},{"type":"Feature","properties":{"name":"","kind":"park","road":"","osm":418977264},"geometry":{"type":"Polygon","coordinates":[[[-0.48812,38.34418],[-0.4882,38.3444],[-0.48819,38.34442],[-0.48805,38.34444],[-0.4881,38.34436],[-0.48807,38.34433],[-0.4881,38.3443],[-0.48806,38.34423],[-0.48812,38.34418]]]}},{"type":"Feature","properties":{"name":"Plaça de l'Ajuntament","kind":"road","road":"pedestrian","osm":418977265},"geometry":{"type":"LineString","coordinates":[[-0.48091,38.34519],[-0.4809,38.34518],[-0.48075,38.345],[-0.48078,38.34498],[-0.48077,38.34497],[-0.48079,38.34495],[-0.48083,38.34494],[-0.48118,38.34476],[-0.4812,38.34475],[-0.48123,38.34474],[-0.48126,38.34472],[-0.48134,38.34482],[-0.48142,38.34492],[-0.48143,38.34493],[-0.48137,38.34496],[-0.48096,38.34517],[-0.48091,38.34519]]}},{"type":"Feature","properties":{"name":"Plaça de la Muntanyeta","kind":"road","road":"pedestrian","osm":418977269},"geometry":{"type":"LineString","coordinates":[[-0.48824,38.3445],[-0.48827,38.34451],[-0.48857,38.34497],[-0.48857,38.345],[-0.48855,38.34501],[-0.48842,38.34484],[-0.48835,38.34486],[-0.48834,38.34484],[-0.4882,38.34488],[-0.4882,38.3449],[-0.48813,38.34491],[-0.48817,38.34502],[-0.4882,38.34512],[-0.48818,38.34513],[-0.48817,38.34513],[-0.48815,38.34512],[-0.48814,38.34511],[-0.48795,38.34456],[-0.48795,38.34454],[-0.48796,38.34453],[-0.48803,38.34453],[-0.48805,38.34456],[-0.48806,38.34463],[-0.48806,38.3447],[-0.48807,38.34475],[-0.4881,38.34479],[-0.48815,38.34481],[-0.4882,38.3448],[-0.48822,38.34479],[-0.48827,38.34475],[-0.48828,38.34472],[-0.48829,38.3447],[-0.48829,38.34466],[-0.48827,38.34462],[-0.48823,38.34461],[-0.4882,38.34461],[-0.48818,38.34452],[-0.4882,38.34451],[-0.48821,38.34451],[-0.48824,38.3445]]}},{"type":"Feature","properties":{"name":"Avinguda de Juan Bautista Lafora","kind":"road","road":"primary","osm":421685869},"geometry":{"type":"LineString","coordinates":[[-0.47683,38.34665],[-0.47724,38.34634],[-0.47741,38.34622],[-0.4776,38.3461],[-0.47852,38.34556],[-0.47858,38.34552]]}},{"type":"Feature","properties":{"name":"Carrer de Jovellanos","kind":"road","road":"primary","osm":421685871},"geometry":{"type":"LineString","coordinates":[[-0.47666,38.34664],[-0.47644,38.34683],[-0.47554,38.34754]]}},{"type":"Feature","properties":{"name":"Plaça del Doctor Mas Magro","kind":"road","road":"primary","osm":421691670},"geometry":{"type":"LineString","coordinates":[[-0.47541,38.35221],[-0.47545,38.35225],[-0.4755,38.35227],[-0.47555,38.35229],[-0.4756,38.35229]]}},{"type":"Feature","properties":{"name":"Plaça de Calvo Sotelo","kind":"road","road":"tertiary","osm":425212524},"geometry":{"type":"LineString","coordinates":[[-0.48877,38.34359],[-0.48885,38.34369]]}},{"type":"Feature","properties":{"name":"Plaça del Portal d'Elx","kind":"road","road":"pedestrian","osm":425212533},"geometry":{"type":"LineString","coordinates":[[-0.48377,38.34424],[-0.48369,38.34415],[-0.48365,38.34409],[-0.48362,38.34404]]}},{"type":"Feature","properties":{"name":"","kind":"park","road":"","osm":426100804},"geometry":{"type":"Polygon","coordinates":[[[-0.46823,38.35573],[-0.46826,38.35568],[-0.46833,38.35557],[-0.46849,38.35539],[-0.46865,38.35523],[-0.46889,38.35501],[-0.46895,38.35497],[-0.46894,38.35495],[-0.46928,38.35465],[-0.46969,38.3543],[-0.46995,38.35407],[-0.46998,38.35414],[-0.46982,38.35423],[-0.46979,38.35436],[-0.46956,38.35452],[-0.46955,38.35465],[-0.46954,38.35468],[-0.46949,38.35474],[-0.46955,38.35481],[-0.46832,38.35579],[-0.46829,38.35577],[-0.46823,38.35573]]]}},{"type":"Feature","properties":{"name":"Carrer del Bisbe Victorio Oliver","kind":"road","road":"tertiary","osm":437460185},"geometry":{"type":"LineString","coordinates":[[-0.47156,38.35335],[-0.47148,38.35339],[-0.47141,38.35344]]}},{"type":"Feature","properties":{"name":"Carrer del Bisbe Victorio Oliver","kind":"road","road":"tertiary","osm":437460186},"geometry":{"type":"LineString","coordinates":[[-0.47156,38.35335],[-0.47166,38.35329]]}},{"type":"Feature","properties":{"name":"Carrer de l'Enginyer Lafarga","kind":"road","road":"pedestrian","osm":456681609},"geometry":{"type":"LineString","coordinates":[[-0.48185,38.3442],[-0.48175,38.34401]]}},{"type":"Feature","properties":{"name":"Carrer de Castaños","kind":"road","road":"pedestrian","osm":459083988},"geometry":{"type":"LineString","coordinates":[[-0.48506,38.34459],[-0.48507,38.34461],[-0.48524,38.34502],[-0.48537,38.34528],[-0.4855,38.34557],[-0.48552,38.34563],[-0.48567,38.34596],[-0.48568,38.34598]]}},{"type":"Feature","properties":{"name":"Carrer Major","kind":"road","road":"pedestrian","osm":459084045},"geometry":{"type":"LineString","coordinates":[[-0.48253,38.34491],[-0.48221,38.34505],[-0.48192,38.34517],[-0.48162,38.34529],[-0.48158,38.34531],[-0.48148,38.34535]]}},{"type":"Feature","properties":{"name":"Carrer del Teòleg Fabiani","kind":"road","road":"pedestrian","osm":545670579},"geometry":{"type":"LineString","coordinates":[[-0.47412,38.3489],[-0.47391,38.34873]]}},{"type":"Feature","properties":{"name":"Passatge Primer Pòrtic Consistorial","kind":"road","road":"pedestrian","osm":562205205},"geometry":{"type":"LineString","coordinates":[[-0.48145,38.34507],[-0.4815,38.34513]]}},{"type":"Feature","properties":{"name":"Passatge del Pòrtic d'Ansaldo","kind":"road","road":"pedestrian","osm":562205207},"geometry":{"type":"LineString","coordinates":[[-0.48173,38.34493],[-0.48167,38.34487]]}},{"type":"Feature","properties":{"name":"","kind":"road","road":"pedestrian","osm":591258694},"geometry":{"type":"LineString","coordinates":[[-0.47206,38.34886],[-0.47196,38.34887],[-0.47188,38.34889],[-0.47144,38.34902],[-0.47138,38.34903],[-0.47132,38.34906],[-0.47086,38.34924],[-0.47043,38.34946],[-0.47002,38.34973],[-0.46958,38.35023],[-0.46942,38.35048]]}},{"type":"Feature","properties":{"name":"Plaça del Doctor Mas Magro","kind":"road","road":"primary","osm":634347079},"geometry":{"type":"LineString","coordinates":[[-0.4754,38.35204],[-0.47538,38.35209],[-0.47538,38.35215],[-0.47541,38.35221]]}},{"type":"Feature","properties":{"name":"Plaça del Doctor Mas Magro","kind":"road","road":"primary","osm":634347080},"geometry":{"type":"LineString","coordinates":[[-0.47581,38.3522],[-0.47583,38.35215],[-0.47583,38.35211],[-0.47582,38.35206],[-0.4758,38.35202]]}},{"type":"Feature","properties":{"name":"Plaça del Doctor Mas Magro","kind":"road","road":"primary","osm":634347081},"geometry":{"type":"LineString","coordinates":[[-0.4756,38.35229],[-0.47565,38.35229],[-0.4757,38.35228],[-0.47574,38.35226],[-0.47578,38.35223],[-0.47581,38.3522]]}},{"type":"Feature","properties":{"name":"Avinguda de Vázquez de Mella","kind":"road","road":"primary","osm":634348164},"geometry":{"type":"LineString","coordinates":[[-0.47679,38.35223],[-0.47667,38.35221]]}},{"type":"Feature","properties":{"name":"Plaça d'Espanya","kind":"road","road":"secondary","osm":635574079},"geometry":{"type":"LineString","coordinates":[[-0.48574,38.3525],[-0.48563,38.35236]]}},{"type":"Feature","properties":{"name":"Plaça d'Espanya","kind":"road","road":"secondary","osm":635574339},"geometry":{"type":"LineString","coordinates":[[-0.4853,38.35193],[-0.48525,38.35191],[-0.48517,38.35189]]}},{"type":"Feature","properties":{"name":"Avinguda de Benito Pérez Galdós","kind":"road","road":"secondary","osm":635645824},"geometry":{"type":"LineString","coordinates":[[-0.49006,38.34866],[-0.48931,38.34899],[-0.48925,38.34902]]}},{"type":"Feature","properties":{"name":"Plaça del Músic Óscar Tordera Iñesta","kind":"road","road":"secondary","osm":635645828},"geometry":{"type":"LineString","coordinates":[[-0.48914,38.34911],[-0.48906,38.34921],[-0.48869,38.34973],[-0.4886,38.34986]]}},{"type":"Feature","properties":{"name":"Avinguda de Benito Pérez Galdós","kind":"road","road":"secondary","osm":635645832},"geometry":{"type":"LineString","coordinates":[[-0.4939,38.34695],[-0.49378,38.347],[-0.49312,38.3473],[-0.49299,38.34735],[-0.49292,38.34739],[-0.49227,38.34768],[-0.49209,38.34775],[-0.49201,38.34779],[-0.49198,38.34781],[-0.49196,38.34781],[-0.49186,38.34786],[-0.49096,38.34825],[-0.49021,38.34859],[-0.49006,38.34866]]}},{"type":"Feature","properties":{"name":"Carrer del Marqués de Molins","kind":"road","road":"pedestrian","osm":635720962},"geometry":{"type":"LineString","coordinates":[[-0.48822,38.35093],[-0.48856,38.35075]]}},{"type":"Feature","properties":{"name":"Plaça de Pius XII","kind":"road","road":"tertiary","osm":636072505},"geometry":{"type":"LineString","coordinates":[[-0.47995,38.35563],[-0.47983,38.35551]]}},{"type":"Feature","properties":{"name":"Avinguda d'Òscar Esplà","kind":"road","road":"tertiary","osm":684199280},"geometry":{"type":"LineString","coordinates":[[-0.49345,38.33943],[-0.49341,38.33953],[-0.49333,38.3396],[-0.49319,38.33963]]}},{"type":"Feature","properties":{"name":"","kind":"road","road":"primary","osm":694044235},"geometry":{"type":"LineString","coordinates":[[-0.47349,38.35244],[-0.47347,38.35243]]}},{"type":"Feature","properties":{"name":"Avinguda de Juan Bautista Lafora","kind":"road","road":"primary","osm":694106376},"geometry":{"type":"LineString","coordinates":[[-0.47931,38.34464],[-0.47927,38.34473],[-0.47914,38.345]]}},{"type":"Feature","properties":{"name":"Avinguda Alfons el Savi","kind":"road","road":"primary","osm":694113306},"geometry":{"type":"LineString","coordinates":[[-0.48782,38.347],[-0.48741,38.34715],[-0.48731,38.34719],[-0.48681,38.34737],[-0.4864,38.34753],[-0.48626,38.34758],[-0.48622,38.3476],[-0.48607,38.34766]]}},{"type":"Feature","properties":{"name":"Avinguda Alfons el Savi","kind":"road","road":"primary","osm":694113314},"geometry":{"type":"LineString","coordinates":[[-0.48869,38.34678],[-0.4888,38.34673],[-0.48884,38.34672],[-0.48949,38.34649],[-0.48965,38.34643],[-0.49006,38.34629],[-0.4901,38.34628],[-0.49023,38.34624],[-0.49038,38.34625]]}},{"type":"Feature","properties":{"name":"Plaça dels Estels","kind":"road","road":"primary","osm":694408312},"geometry":{"type":"LineString","coordinates":[[-0.49038,38.34625],[-0.49044,38.34629],[-0.49051,38.34631],[-0.49062,38.34634],[-0.49073,38.34634]]}},{"type":"Feature","properties":{"name":"Plaça de la Porta de la Mar","kind":"road","road":"primary","osm":694485308},"geometry":{"type":"LineString","coordinates":[[-0.47942,38.34451],[-0.47931,38.34464]]}},{"type":"Feature","properties":{"name":"Plaça d'Espanya","kind":"road","road":"secondary","osm":694496083},"geometry":{"type":"LineString","coordinates":[[-0.48563,38.35236],[-0.48548,38.35217]]}},{"type":"Feature","properties":{"name":"Plaça de la Porta de la Mar","kind":"road","road":"primary","osm":694848138},"geometry":{"type":"LineString","coordinates":[[-0.47962,38.34433],[-0.47951,38.34442],[-0.47942,38.34451]]}},{"type":"Feature","properties":{"name":"","kind":"park","road":"","osm":698918978},"geometry":{"type":"Polygon","coordinates":[[[-0.47897,38.34499],[-0.479,38.34498],[-0.47898,38.34494],[-0.47881,38.34502],[-0.47881,38.34504],[-0.47863,38.34514],[-0.47862,38.34516],[-0.47861,38.34516],[-0.47862,38.34518],[-0.47863,38.34519],[-0.47897,38.34499]]]}},{"type":"Feature","properties":{"name":"Plaça de l'Arquitecte Miguel López","kind":"road","road":"primary","osm":705843054},"geometry":{"type":"LineString","coordinates":[[-0.49316,38.33762],[-0.49325,38.3376]]}},{"type":"Feature","properties":{"name":"Avinguda de Loring","kind":"road","road":"primary","osm":705843055},"geometry":{"type":"LineString","coordinates":[[-0.49079,38.33804],[-0.49096,38.33799],[-0.49106,38.33797],[-0.49206,38.33781],[-0.49239,38.33777]]}},{"type":"Feature","properties":{"name":"Plaça de l'Arquitecte Miguel López","kind":"road","road":"primary","osm":705913629},"geometry":{"type":"LineString","coordinates":[[-0.49325,38.3376],[-0.49325,38.33757],[-0.49325,38.33756],[-0.49326,38.33751],[-0.49327,38.33744],[-0.49326,38.33739],[-0.49318,38.33731]]}},{"type":"Feature","properties":{"name":"Avinguda de Loring","kind":"road","road":"tertiary","osm":705913630},"geometry":{"type":"LineString","coordinates":[[-0.49039,38.33825],[-0.49027,38.33821]]}},{"type":"Feature","properties":{"name":"Avinguda d'Eusebio Sempere","kind":"road","road":"tertiary","osm":705934638},"geometry":{"type":"LineString","coordinates":[[-0.4929,38.33964],[-0.49317,38.33971],[-0.49341,38.33977],[-0.49355,38.3398]]}},{"type":"Feature","properties":{"name":"Avinguda d'Eusebio Sempere","kind":"road","road":"tertiary","osm":705934639},"geometry":{"type":"LineString","coordinates":[[-0.49184,38.33917],[-0.49222,38.33937],[-0.49254,38.3395],[-0.4929,38.33964]]}},{"type":"Feature","properties":{"name":"Avinguda d'Eusebio Sempere","kind":"road","road":"tertiary","osm":705934641},"geometry":{"type":"LineString","coordinates":[[-0.49184,38.33909],[-0.49174,38.33904],[-0.49153,38.33896],[-0.49132,38.33889],[-0.49117,38.33885],[-0.49102,38.33882],[-0.49062,38.33876],[-0.49053,38.33872]]}},{"type":"Feature","properties":{"name":"Avinguda de Maisonnave","kind":"road","road":"tertiary","osm":705959955},"geometry":{"type":"LineString","coordinates":[[-0.49284,38.34334],[-0.49403,38.34329],[-0.49411,38.3433],[-0.49426,38.34332]]}},{"type":"Feature","properties":{"name":"Avinguda de Maisonnave","kind":"road","road":"tertiary","osm":705959956},"geometry":{"type":"LineString","coordinates":[[-0.49131,38.34341],[-0.49272,38.34334],[-0.49274,38.34334],[-0.49284,38.34334]]}},{"type":"Feature","properties":{"name":"Avinguda de Maisonnave","kind":"road","road":"tertiary","osm":705959959},"geometry":{"type":"LineString","coordinates":[[-0.49016,38.34347],[-0.49119,38.34341],[-0.49122,38.34341],[-0.49131,38.34341]]}},{"type":"Feature","properties":{"name":"Avinguda d'Eusebio Sempere","kind":"road","road":"tertiary","osm":705962679},"geometry":{"type":"LineString","coordinates":[[-0.49319,38.33963],[-0.49296,38.33957],[-0.49256,38.33943],[-0.49225,38.33929],[-0.49204,38.33918],[-0.49184,38.33909]]}},{"type":"Feature","properties":{"name":"Carrer del Pintor Aparicio","kind":"road","road":"tertiary","osm":710541223},"geometry":{"type":"LineString","coordinates":[[-0.48889,38.33895],[-0.48898,38.33894],[-0.48901,38.33893],[-0.48935,38.33877],[-0.48942,38.33875]]}},{"type":"Feature","properties":{"name":"Carrer del Pintor Aparicio","kind":"road","road":"tertiary","osm":710541224},"geometry":{"type":"LineString","coordinates":[[-0.48942,38.33875],[-0.48947,38.33875],[-0.48953,38.33877],[-0.48958,38.33882]]}},{"type":"Feature","properties":{"name":"Avinguda de Loring","kind":"road","road":"primary","osm":710541225},"geometry":{"type":"LineString","coordinates":[[-0.48889,38.33895],[-0.48931,38.33875]]}},{"type":"Feature","properties":{"name":"Avinguda de Loring","kind":"road","road":"primary","osm":710543597},"geometry":{"type":"LineString","coordinates":[[-0.48855,38.33913],[-0.48859,38.33911],[-0.48867,38.33906],[-0.48875,38.33902],[-0.48889,38.33895]]}},{"type":"Feature","properties":{"name":"Avinguda de Loring","kind":"road","road":"primary","osm":710543599},"geometry":{"type":"LineString","coordinates":[[-0.48812,38.33942],[-0.48828,38.3393],[-0.48838,38.33923]]}},{"type":"Feature","properties":{"name":"Avinguda de Loring","kind":"road","road":"primary","osm":710543600},"geometry":{"type":"LineString","coordinates":[[-0.48656,38.34107],[-0.48625,38.34134],[-0.48608,38.34149],[-0.48605,38.34152],[-0.48597,38.34158]]}},{"type":"Feature","properties":{"name":"Avinguda de Loring","kind":"road","road":"primary","osm":710543603},"geometry":{"type":"LineString","coordinates":[[-0.48572,38.34188],[-0.48592,38.34171],[-0.48603,38.34162]]}},{"type":"Feature","properties":{"name":"Passeig dels Màrtirs de la Llibertat","kind":"road","road":"primary","osm":710544266},"geometry":{"type":"LineString","coordinates":[[-0.48515,38.34224],[-0.48528,38.34217],[-0.48543,38.34208],[-0.48554,38.34201],[-0.48561,38.34196],[-0.48572,38.34188]]}},{"type":"Feature","properties":{"name":"Passeig dels Màrtirs de la Llibertat","kind":"road","road":"primary","osm":710544267},"geometry":{"type":"LineString","coordinates":[[-0.48249,38.3433],[-0.4826,38.34326],[-0.48359,38.34287],[-0.48433,38.34257],[-0.48477,38.3424],[-0.48498,38.34232],[-0.48515,38.34224]]}},{"type":"Feature","properties":{"name":"Passeig dels Màrtirs de la Llibertat","kind":"road","road":"primary","osm":710544270},"geometry":{"type":"LineString","coordinates":[[-0.48256,38.34319],[-0.48198,38.34343],[-0.48115,38.34376],[-0.48059,38.34398],[-0.48048,38.34402],[-0.48034,38.34407]]}},{"type":"Feature","properties":{"name":"Avinguda de Loring","kind":"road","road":"primary","osm":722967129},"geometry":{"type":"LineString","coordinates":[[-0.49078,38.33796],[-0.49058,38.33806],[-0.49027,38.33821]]}},{"type":"Feature","properties":{"name":"Passatge Segon Pòrtic Consistorial","kind":"road","road":"pedestrian","osm":726559825},"geometry":{"type":"LineString","coordinates":[[-0.48109,38.34533],[-0.48104,38.34527]]}},{"type":"Feature","properties":{"name":"Passatge Segon Pòrtic Consistorial","kind":"road","road":"pedestrian","osm":726559826},"geometry":{"type":"LineString","coordinates":[[-0.48104,38.34527],[-0.481,38.34522],[-0.48099,38.3452]]}},{"type":"Feature","properties":{"name":"Fuente de la Aguadora","kind":"water","road":"","osm":742351711},"geometry":{"type":"Polygon","coordinates":[[[-0.48503,38.34341],[-0.48503,38.3434],[-0.48503,38.34338],[-0.48503,38.34337],[-0.48501,38.34336],[-0.485,38.34335],[-0.48498,38.34335],[-0.48497,38.34335],[-0.48495,38.34336],[-0.48494,38.34337],[-0.48493,38.34338],[-0.48493,38.34339],[-0.48494,38.34341],[-0.48494,38.34342],[-0.48496,38.34342],[-0.48497,38.34343],[-0.48499,38.34343],[-0.485,38.34343],[-0.48502,38.34342],[-0.48503,38.34341]]]}},{"type":"Feature","properties":{"name":"Carrer del Nou d'Octubre","kind":"road","road":"pedestrian","osm":745245499},"geometry":{"type":"LineString","coordinates":[[-0.48043,38.35554],[-0.48032,38.35544],[-0.48029,38.35539]]}},{"type":"Feature","properties":{"name":"","kind":"park","road":"","osm":745245500},"geometry":{"type":"Polygon","coordinates":[[[-0.48027,38.35537],[-0.48033,38.35531],[-0.48019,38.35538],[-0.48022,38.3554],[-0.48026,38.35537],[-0.48027,38.35537]]]}},{"type":"Feature","properties":{"name":"","kind":"coast","road":"","osm":751969478},"geometry":{"type":"LineString","coordinates":[[-0.50122,38.32563],[-0.50112,38.3257],[-0.50119,38.32578],[-0.50114,38.32586],[-0.50145,38.326],[-0.50073,38.3272],[-0.49904,38.33004],[-0.49589,38.32887],[-0.49622,38.32542],[-0.49623,38.32518],[-0.49608,38.32517],[-0.49607,38.32541],[-0.49549,38.32538],[-0.49575,38.32184],[-0.49546,38.32118],[-0.49629,38.32116],[-0.49737,38.32121],[-0.49737,38.32105],[-0.49447,38.32091],[-0.49457,38.31995],[-0.49461,38.31958],[-0.49465,38.31917],[-0.4946,38.31909],[-0.49452,38.31901],[-0.49437,38.31901],[-0.49419,38.31913],[-0.49339,38.32935],[-0.49357,38.32949],[-0.49213,38.33057],[-0.49203,38.3305],[-0.49194,38.33056],[-0.49551,38.33349],[-0.4952,38.3337],[-0.49519,38.33402],[-0.49232,38.33392],[-0.49232,38.33376],[-0.492,38.33351],[-0.49179,38.33368],[-0.48985,38.33215],[-0.48654,38.33467],[-0.48649,38.33473],[-0.48647,38.3348],[-0.48647,38.33488],[-0.48649,38.33496],[-0.48655,38.33502],[-0.48781,38.33613],[-0.48618,38.33666],[-0.48515,38.33583],[-0.48509,38.33581],[-0.48502,38.33582],[-0.48472,38.33605],[-0.48469,38.3361],[-0.4847,38.33614],[-0.48516,38.337],[-0.4825,38.33788],[-0.48253,38.33792],[-0.48264,38.3379],[-0.48282,38.33821],[-0.48289,38.33835],[-0.48279,38.33838],[-0.4828,38.3384],[-0.48296,38.33835],[-0.48298,38.33839],[-0.48282,38.33844],[-0.48284,38.33848],[-0.48307,38.3384],[-0.4831,38.33847],[-0.48288,38.33854],[-0.48291,38.3386],[-0.48554,38.33773],[-0.48594,38.33813],[-0.48591,38.33815],[-0.48634,38.33858],[-0.48636,38.33856],[-0.48666,38.33887],[-0.4866,38.33894],[-0.48662,38.33895],[-0.48659,38.33898],[-0.48657,38.33897],[-0.48652,38.33901],[-0.48664,38.33923],[-0.48683,38.33933],[-0.48686,38.33934],[-0.487,38.33918],[-0.48711,38.33923],[-0.48713,38.33924],[-0.48714,38.33924],[-0.48719,38.33926],[-0.48727,38.33924],[-0.48734,38.33927],[-0.48532,38.34172],[-0.48518,38.34165],[-0.48512,38.34171],[-0.48509,38.34169],[-0.485,38.3418],[-0.48503,38.34182],[-0.48502,38.34184],[-0.48507,38.34189],[-0.48456,38.34222],[-0.48458,38.34224],[-0.48097,38.34367],[-0.48093,38.34368],[-0.48078,38.34362],[-0.48071,38.34359],[-0.48066,38.34357],[-0.4805,38.3435],[-0.48036,38.34354],[-0.47982,38.34232],[-0.48018,38.34222],[-0.48033,38.34217],[-0.47973,38.34082],[-0.47994,38.34076],[-0.47993,38.34067],[-0.47978,38.34053],[-0.48069,38.33983]]}},{"type":"Feature","properties":{"name":"","kind":"park","road":"","osm":825140532},"geometry":{"type":"Polygon","coordinates":[[[-0.47227,38.34889],[-0.47228,38.34888],[-0.47228,38.34886],[-0.47228,38.34885],[-0.47226,38.34884],[-0.47222,38.34884],[-0.4722,38.34884],[-0.47215,38.34885],[-0.47213,38.34886],[-0.4721,38.34888],[-0.47209,38.3489],[-0.47211,38.34891],[-0.47213,38.34892],[-0.47217,38.34892],[-0.47224,38.34891],[-0.47225,38.3489],[-0.47227,38.34889]]]}},{"type":"Feature","properties":{"name":"Carrer d'Ourense","kind":"road","road":"pedestrian","osm":827861558},"geometry":{"type":"LineString","coordinates":[[-0.49106,38.33979],[-0.49101,38.33972],[-0.49092,38.33959],[-0.49083,38.33947],[-0.49076,38.33937],[-0.49066,38.33924],[-0.49047,38.33897],[-0.49046,38.33898],[-0.49033,38.33903],[-0.49031,38.33904],[-0.49038,38.33914],[-0.49048,38.33928],[-0.49057,38.33939],[-0.49067,38.33953],[-0.49075,38.33964],[-0.49085,38.33978],[-0.4909,38.33985],[-0.49093,38.33984],[-0.49095,38.33984],[-0.49098,38.33982],[-0.49101,38.3398],[-0.49104,38.3398],[-0.49106,38.33979]]}},{"type":"Feature","properties":{"name":"Fuente de los Luceros","kind":"water","road":"","osm":911039237},"geometry":{"type":"Polygon","coordinates":[[[-0.49079,38.34604],[-0.4908,38.34602],[-0.4908,38.34599],[-0.49079,38.34597],[-0.49077,38.34595],[-0.49075,38.34593],[-0.49072,38.34592],[-0.49069,38.34591],[-0.49065,38.34592],[-0.49062,38.34593],[-0.4906,38.34594],[-0.49058,38.34596],[-0.49057,38.34599],[-0.49057,38.34601],[-0.49058,38.34604],[-0.4906,38.34606],[-0.49062,38.34608],[-0.49065,38.34609],[-0.49068,38.34609],[-0.49071,38.34609],[-0.49074,38.34608],[-0.49077,38.34606],[-0.49079,38.34604]]]}},{"type":"Feature","properties":{"name":"","kind":"park","road":"","osm":918844528},"geometry":{"type":"Polygon","coordinates":[[[-0.49175,38.35025],[-0.49181,38.35034],[-0.4919,38.35056],[-0.49203,38.35092],[-0.49214,38.35121],[-0.49218,38.3513],[-0.49229,38.35157],[-0.49239,38.35178],[-0.49243,38.35188],[-0.49244,38.35193],[-0.49243,38.35199],[-0.4924,38.35206],[-0.49235,38.35212],[-0.49229,38.35217],[-0.49223,38.35219],[-0.49216,38.35221],[-0.49209,38.35221],[-0.49202,38.35221],[-0.49204,38.35217],[-0.49198,38.35215],[-0.49195,38.35214],[-0.49192,38.35209],[-0.49188,38.352],[-0.49178,38.35191],[-0.49157,38.35172],[-0.4914,38.35154],[-0.49131,38.35127],[-0.49135,38.35092],[-0.49134,38.35078],[-0.49124,38.35071],[-0.49105,38.35064],[-0.49116,38.35057],[-0.49148,38.35038],[-0.49175,38.35025]]]}},{"type":"Feature","properties":{"name":"Plaça del Doctor Balmis","kind":"road","road":"pedestrian","osm":949215913},"geometry":{"type":"LineString","coordinates":[[-0.48719,38.34307],[-0.48721,38.34309],[-0.48722,38.34309],[-0.48734,38.34322]]}},{"type":"Feature","properties":{"name":"Plaça Nova","kind":"road","road":"pedestrian","osm":954605781},"geometry":{"type":"LineString","coordinates":[[-0.48689,38.34518],[-0.48668,38.34525],[-0.48644,38.3453]]}},{"type":"Feature","properties":{"name":"Plaça de la Santíssima Faç","kind":"road","road":"pedestrian","osm":955493014},"geometry":{"type":"LineString","coordinates":[[-0.48148,38.34535],[-0.48159,38.3457]]}},{"type":"Feature","properties":{"name":"Plaça de l'Ajuntament","kind":"road","road":"pedestrian","osm":955496180},"geometry":{"type":"LineString","coordinates":[[-0.48099,38.3452],[-0.48097,38.34518],[-0.48096,38.34517],[-0.48079,38.34495]]}},{"type":"Feature","properties":{"name":"Plaça de l'Ajuntament","kind":"road","road":"pedestrian","osm":955496185},"geometry":{"type":"LineString","coordinates":[[-0.4814,38.345],[-0.48138,38.34498],[-0.48137,38.34496],[-0.4812,38.34475]]}},{"type":"Feature","properties":{"name":"Passatge Primer Pòrtic Consistorial","kind":"road","road":"pedestrian","osm":955496186},"geometry":{"type":"LineString","coordinates":[[-0.4815,38.34513],[-0.48162,38.34529]]}},{"type":"Feature","properties":{"name":"Passatge del Pòrtic d'Ansaldo","kind":"road","road":"pedestrian","osm":955496187},"geometry":{"type":"LineString","coordinates":[[-0.48176,38.34497],[-0.48173,38.34493]]}},{"type":"Feature","properties":{"name":"","kind":"park","road":"","osm":955499287},"geometry":{"type":"Polygon","coordinates":[[[-0.4861,38.34183],[-0.48606,38.3418],[-0.48605,38.34182],[-0.48602,38.34185],[-0.48601,38.34186],[-0.48599,38.34187],[-0.48596,38.34189],[-0.48595,38.3419],[-0.48596,38.34191],[-0.48599,38.34195],[-0.486,38.34195],[-0.48601,38.34194],[-0.48601,38.34192],[-0.48602,38.3419],[-0.48603,38.34188],[-0.48605,38.34186],[-0.48607,38.34185],[-0.4861,38.34183]]]}},{"type":"Feature","properties":{"name":"","kind":"park","road":"","osm":957355382},"geometry":{"type":"Polygon","coordinates":[[[-0.47918,38.34478],[-0.4791,38.3448],[-0.47895,38.34481],[-0.4791,38.34494],[-0.47911,38.34493],[-0.47918,38.34478]]]}},{"type":"Feature","properties":{"name":"Carrer de Tabarca","kind":"road","road":"pedestrian","osm":1002386764},"geometry":{"type":"LineString","coordinates":[[-0.48343,38.3547],[-0.48344,38.35491],[-0.48344,38.35494]]}},{"type":"Feature","properties":{"name":"","kind":"road","road":"pedestrian","osm":1002932724},"geometry":{"type":"LineString","coordinates":[[-0.47761,38.35698],[-0.47746,38.3568],[-0.47742,38.35681],[-0.47676,38.35708],[-0.47674,38.35712],[-0.47686,38.35727],[-0.47761,38.35698]]}},{"type":"Feature","properties":{"name":"Carrer dels Artillers","kind":"road","road":"pedestrian","osm":1003198325},"geometry":{"type":"LineString","coordinates":[[-0.4846,38.34728],[-0.48463,38.34726]]}},{"type":"Feature","properties":{"name":"Carrer de Nicasio Camilo Jover","kind":"road","road":"pedestrian","osm":1027364326},"geometry":{"type":"LineString","coordinates":[[-0.4834,38.35288],[-0.4834,38.3535]]}},{"type":"Feature","properties":{"name":"","kind":"park","road":"","osm":1107971328},"geometry":{"type":"Polygon","coordinates":[[[-0.49113,38.34127],[-0.49082,38.34143],[-0.49089,38.34129],[-0.49113,38.34127]]]}},{"type":"Feature","properties":{"name":"","kind":"park","road":"","osm":1107971329},"geometry":{"type":"Polygon","coordinates":[[[-0.49085,38.34128],[-0.49076,38.34145],[-0.4906,38.34128],[-0.49085,38.34128]]]}},{"type":"Feature","properties":{"name":"","kind":"park","road":"","osm":1107971330},"geometry":{"type":"Polygon","coordinates":[[[-0.49086,38.34125],[-0.49091,38.34117],[-0.49062,38.34123],[-0.49067,38.34126],[-0.49086,38.34125]]]}},{"type":"Feature","properties":{"name":"","kind":"park","road":"","osm":1107971331},"geometry":{"type":"Polygon","coordinates":[[[-0.49118,38.34124],[-0.49102,38.34105],[-0.4909,38.34125],[-0.49118,38.34124]]]}},{"type":"Feature","properties":{"name":"","kind":"park","road":"","osm":1107971332},"geometry":{"type":"Polygon","coordinates":[[[-0.49093,38.34113],[-0.49083,38.34107],[-0.49101,38.34098],[-0.49093,38.34113]]]}},{"type":"Feature","properties":{"name":"","kind":"park","road":"","osm":1107971333},"geometry":{"type":"Polygon","coordinates":[[[-0.49089,38.34114],[-0.49064,38.3412],[-0.49079,38.34108],[-0.49089,38.34114]]]}},{"type":"Feature","properties":{"name":"","kind":"park","road":"","osm":1107971334},"geometry":{"type":"Polygon","coordinates":[[[-0.49089,38.34098],[-0.49079,38.34092],[-0.49096,38.34094],[-0.49089,38.34098]]]}},{"type":"Feature","properties":{"name":"","kind":"park","road":"","osm":1107971335},"geometry":{"type":"Polygon","coordinates":[[[-0.49076,38.34093],[-0.49086,38.341],[-0.49061,38.34112],[-0.49076,38.34093]]]}},{"type":"Feature","properties":{"name":"","kind":"park","road":"","osm":1107971336},"geometry":{"type":"Polygon","coordinates":[[[-0.49056,38.3409],[-0.49043,38.34103],[-0.49035,38.34087],[-0.49056,38.3409]]]}},{"type":"Feature","properties":{"name":"","kind":"park","road":"","osm":1107971337},"geometry":{"type":"Polygon","coordinates":[[[-0.49071,38.34073],[-0.49058,38.34087],[-0.49039,38.34084],[-0.49071,38.34073]]]}},{"type":"Feature","properties":{"name":"","kind":"park","road":"","osm":1107971338},"geometry":{"type":"Polygon","coordinates":[[[-0.49098,38.34091],[-0.4908,38.34089],[-0.4909,38.34082],[-0.49098,38.34091]]]}},{"type":"Feature","properties":{"name":"","kind":"park","road":"","osm":1107971339},"geometry":{"type":"Polygon","coordinates":[[[-0.49089,38.34079],[-0.49077,38.34088],[-0.49078,38.34076],[-0.49078,38.3407],[-0.4908,38.34069],[-0.49089,38.34079]]]}},{"type":"Feature","properties":{"name":"","kind":"park","road":"","osm":1107971340},"geometry":{"type":"Polygon","coordinates":[[[-0.49008,38.34101],[-0.49009,38.34103],[-0.48986,38.34113],[-0.48984,38.34111],[-0.49008,38.34101]]]}},{"type":"Feature","properties":{"name":"","kind":"park","road":"","osm":1107971341},"geometry":{"type":"Polygon","coordinates":[[[-0.49046,38.34154],[-0.49048,38.34156],[-0.49024,38.34166],[-0.49023,38.34164],[-0.49046,38.34154]]]}},{"type":"Feature","properties":{"name":"","kind":"park","road":"","osm":1107971352},"geometry":{"type":"Polygon","coordinates":[[[-0.47924,38.34402],[-0.47929,38.34412],[-0.47909,38.34427],[-0.47898,38.34406],[-0.47918,38.34403],[-0.47924,38.34402]]]}},{"type":"Feature","properties":{"name":"","kind":"park","road":"","osm":1107971354},"geometry":{"type":"Polygon","coordinates":[[[-0.47902,38.34472],[-0.47887,38.34477],[-0.47896,38.34469],[-0.47902,38.34472]]]}},{"type":"Feature","properties":{"name":"","kind":"park","road":"","osm":1107971365},"geometry":{"type":"Polygon","coordinates":[[[-0.48081,38.34374],[-0.48068,38.34379],[-0.48065,38.34373],[-0.48069,38.34366],[-0.48079,38.3437],[-0.48081,38.34374]]]}},{"type":"Feature","properties":{"name":"","kind":"park","road":"","osm":1107971366},"geometry":{"type":"Polygon","coordinates":[[[-0.48062,38.34375],[-0.48065,38.34381],[-0.48048,38.34387],[-0.48045,38.34379],[-0.48062,38.34375]]]}},{"type":"Feature","properties":{"name":"","kind":"park","road":"","osm":1107971367},"geometry":{"type":"Polygon","coordinates":[[[-0.48065,38.34364],[-0.48061,38.34371],[-0.48044,38.34376],[-0.4804,38.34366],[-0.48051,38.34358],[-0.48065,38.34364]]]}},{"type":"Feature","properties":{"name":"","kind":"park","road":"","osm":1110501507},"geometry":{"type":"Polygon","coordinates":[[[-0.49061,38.34116],[-0.49061,38.34121],[-0.49057,38.34122],[-0.49061,38.34116]]]}},{"type":"Feature","properties":{"name":"","kind":"park","road":"","osm":1110501508},"geometry":{"type":"Polygon","coordinates":[[[-0.49058,38.34112],[-0.4905,38.34112],[-0.49053,38.3411],[-0.49058,38.34112]]]}},{"type":"Feature","properties":{"name":"","kind":"road","road":"pedestrian","osm":1110722521},"geometry":{"type":"LineString","coordinates":[[-0.4786,38.3416],[-0.47788,38.33839],[-0.47796,38.33838],[-0.47869,38.34159],[-0.47864,38.3416],[-0.4786,38.3416]]}},{"type":"Feature","properties":{"name":"","kind":"park","road":"","osm":1111177852},"geometry":{"type":"Polygon","coordinates":[[[-0.48976,38.3405],[-0.48978,38.34052],[-0.48953,38.34063],[-0.48958,38.34071],[-0.48953,38.34073],[-0.48959,38.34081],[-0.48952,38.34085],[-0.48941,38.34071],[-0.4894,38.34066],[-0.48976,38.3405]]]}},{"type":"Feature","properties":{"name":"Bulevard Far de l'Illa de Tabarca","kind":"road","road":"tertiary","osm":1111491129},"geometry":{"type":"LineString","coordinates":[[-0.49277,38.33673],[-0.49283,38.33673],[-0.49289,38.33673],[-0.49294,38.33672],[-0.49298,38.33671],[-0.49302,38.33669]]}},{"type":"Feature","properties":{"name":"","kind":"park","road":"","osm":1127608046},"geometry":{"type":"Polygon","coordinates":[[[-0.49102,38.33831],[-0.49093,38.33831],[-0.49075,38.3383],[-0.49067,38.3383],[-0.49067,38.33827],[-0.4907,38.33825],[-0.49084,38.33825],[-0.49096,38.33828],[-0.49102,38.33831]]]}},{"type":"Feature","properties":{"name":"","kind":"park","road":"","osm":1127608047},"geometry":{"type":"Polygon","coordinates":[[[-0.49101,38.33835],[-0.49057,38.33844],[-0.49054,38.33841],[-0.49067,38.33833],[-0.49101,38.33835]]]}},{"type":"Feature","properties":{"name":"","kind":"park","road":"","osm":1127608048},"geometry":{"type":"Polygon","coordinates":[[[-0.49252,38.33814],[-0.49245,38.33814],[-0.49225,38.33808],[-0.49232,38.33806],[-0.4924,38.33805],[-0.49246,38.33808],[-0.49252,38.33814]]]}},{"type":"Feature","properties":{"name":"","kind":"park","road":"","osm":1127608049},"geometry":{"type":"Polygon","coordinates":[[[-0.49267,38.33812],[-0.49263,38.33812],[-0.49254,38.3381],[-0.49249,38.33808],[-0.49245,38.33804],[-0.49241,38.33797],[-0.49245,38.33787],[-0.49252,38.33789],[-0.49257,38.33793],[-0.49263,38.33801],[-0.49267,38.33812]]]}},{"type":"Feature","properties":{"name":"","kind":"park","road":"","osm":1127608050},"geometry":{"type":"Polygon","coordinates":[[[-0.49237,38.33788],[-0.49236,38.33796],[-0.49217,38.33807],[-0.49195,38.33802],[-0.49182,38.33801],[-0.4916,38.33807],[-0.49122,38.33809],[-0.49073,38.33818],[-0.49053,38.33825],[-0.49067,38.33815],[-0.49088,38.33807],[-0.49111,38.33802],[-0.49139,38.33798],[-0.49176,38.33792],[-0.49205,38.33788],[-0.49237,38.33784],[-0.49237,38.33788]]]}},{"type":"Feature","properties":{"name":"","kind":"water","road":"","osm":1160529841},"geometry":{"type":"Polygon","coordinates":[[[-0.47886,38.34073],[-0.47884,38.34074],[-0.47882,38.34075],[-0.4788,38.34077],[-0.4788,38.34079],[-0.47881,38.34081],[-0.47883,38.34083],[-0.47886,38.34083],[-0.47889,38.34083],[-0.47891,38.34081],[-0.47892,38.34079],[-0.47892,38.34077],[-0.47891,38.34075],[-0.47889,38.34074],[-0.47886,38.34073]]]}},{"type":"Feature","properties":{"name":"Carrer del Pintor Aparicio","kind":"road","road":"tertiary","osm":1205360146},"geometry":{"type":"LineString","coordinates":[[-0.48966,38.33894],[-0.48973,38.33896]]}},{"type":"Feature","properties":{"name":"Carrer del Pintor Aparicio","kind":"road","road":"tertiary","osm":1205360147},"geometry":{"type":"LineString","coordinates":[[-0.48966,38.33894],[-0.48969,38.33898]]}},{"type":"Feature","properties":{"name":"Carrer de San Ildefonso","kind":"road","road":"pedestrian","osm":1205883411},"geometry":{"type":"LineString","coordinates":[[-0.4855,38.34557],[-0.48601,38.34542],[-0.48604,38.34541],[-0.48608,38.3454],[-0.48637,38.34532]]}},{"type":"Feature","properties":{"name":"Carrer de Lanuza","kind":"road","road":"pedestrian","osm":1205938654},"geometry":{"type":"LineString","coordinates":[[-0.48586,38.34232],[-0.48616,38.34257],[-0.48617,38.34258],[-0.4862,38.34262],[-0.48649,38.34293],[-0.48651,38.34295]]}},{"type":"Feature","properties":{"name":"Plaça de l'Esportista Andrés Muñoz","kind":"road","road":"pedestrian","osm":1206374800},"geometry":{"type":"LineString","coordinates":[[-0.49219,38.33818],[-0.4922,38.33822],[-0.49225,38.33845]]}},{"type":"Feature","properties":{"name":"Passatge del Foguerer Pere Fuente","kind":"road","road":"pedestrian","osm":1206612442},"geometry":{"type":"LineString","coordinates":[[-0.48232,38.34718],[-0.48231,38.34724]]}},{"type":"Feature","properties":{"name":"Plaça de Quijano","kind":"road","road":"pedestrian","osm":1206699697},"geometry":{"type":"LineString","coordinates":[[-0.48195,38.34674],[-0.48196,38.34645]]}},{"type":"Feature","properties":{"name":"Plaça de Quijano","kind":"road","road":"pedestrian","osm":1206699698},"geometry":{"type":"LineString","coordinates":[[-0.48196,38.34645],[-0.4817,38.34645]]}},{"type":"Feature","properties":{"name":"Plaça de la Mare de Déu del Remei","kind":"road","road":"pedestrian","osm":1206982573},"geometry":{"type":"LineString","coordinates":[[-0.4811,38.34603],[-0.48095,38.34607],[-0.48085,38.3461]]}},{"type":"Feature","properties":{"name":"Carrer de les Monges","kind":"road","road":"pedestrian","osm":1206982584},"geometry":{"type":"LineString","coordinates":[[-0.48085,38.3461],[-0.48082,38.34612]]}},{"type":"Feature","properties":{"name":"Plaça del Marqués de Cagalaolla","kind":"road","road":"pedestrian","osm":1207288813},"geometry":{"type":"LineString","coordinates":[[-0.48088,38.34675],[-0.48097,38.3468],[-0.48103,38.34675],[-0.48104,38.34673],[-0.48105,38.34673],[-0.48104,38.34672],[-0.48092,38.34668],[-0.48088,38.34675]]}},{"type":"Feature","properties":{"name":"Carrer de Remigio Sebastià","kind":"road","road":"pedestrian","osm":1208590357},"geometry":{"type":"LineString","coordinates":[[-0.48032,38.34671],[-0.48035,38.34678],[-0.48042,38.34676],[-0.48041,38.34673],[-0.48037,38.3467],[-0.48036,38.34669],[-0.48033,38.34669],[-0.48032,38.34671]]}},{"type":"Feature","properties":{"name":"Carrer d'Indalecio Prieto","kind":"road","road":"tertiary","osm":1209507526},"geometry":{"type":"LineString","coordinates":[[-0.47673,38.35278],[-0.47724,38.35243],[-0.47728,38.35238]]}},{"type":"Feature","properties":{"name":"Plaça del Doctor Gómez Ulla","kind":"road","road":"tertiary","osm":1209507527},"geometry":{"type":"LineString","coordinates":[[-0.47641,38.35302],[-0.47648,38.35296],[-0.47673,38.35278]]}},{"type":"Feature","properties":{"name":"Avinguda de Vázquez de Mella","kind":"road","road":"primary","osm":1209507528},"geometry":{"type":"LineString","coordinates":[[-0.4805,38.35207],[-0.48045,38.35209],[-0.48033,38.35215],[-0.48023,38.35219]]}},{"type":"Feature","properties":{"name":"Avinguda de Dénia","kind":"road","road":"primary","osm":1210133067},"geometry":{"type":"LineString","coordinates":[[-0.47316,38.34996],[-0.47319,38.34969],[-0.47328,38.34936]]}},{"type":"Feature","properties":{"name":"Avinguda de Dénia","kind":"road","road":"primary","osm":1210133068},"geometry":{"type":"LineString","coordinates":[[-0.473,38.34951],[-0.47299,38.34991]]}},{"type":"Feature","properties":{"name":"Carrer de Jovellanos","kind":"road","road":"secondary","osm":1210133069},"geometry":{"type":"LineString","coordinates":[[-0.47295,38.34949],[-0.47304,38.34943],[-0.47308,38.34939],[-0.47317,38.34931],[-0.47321,38.34927],[-0.47332,38.34914],[-0.4735,38.34897],[-0.47361,38.34888],[-0.47377,38.34881]]}},{"type":"Feature","properties":{"name":"Avinguda de Juan Bautista Lafora","kind":"road","road":"primary","osm":1210548240},"geometry":{"type":"LineString","coordinates":[[-0.47858,38.34552],[-0.47884,38.34537],[-0.47893,38.34531],[-0.47926,38.3451]]}},{"type":"Feature","properties":{"name":"Parc de l'Estudiantina","kind":"park","road":"","osm":1211187867},"geometry":{"type":"Polygon","coordinates":[[[-0.48299,38.3489],[-0.48224,38.34892],[-0.48226,38.34939],[-0.48262,38.34944],[-0.48266,38.34935],[-0.4828,38.34934],[-0.48299,38.3489]]]}},{"type":"Feature","properties":{"name":"Plaça de José Manuel Navarro Sales","kind":"road","road":"pedestrian","osm":1212596243},"geometry":{"type":"LineString","coordinates":[[-0.48425,38.34821],[-0.48408,38.34827],[-0.48406,38.34824],[-0.48398,38.34826],[-0.48394,38.34827],[-0.48402,38.34804],[-0.48412,38.34801],[-0.48425,38.34821]]}},{"type":"Feature","properties":{"name":"Plaça del Músic Óscar Tordera Iñesta","kind":"road","road":"secondary","osm":1213095697},"geometry":{"type":"LineString","coordinates":[[-0.48925,38.34902],[-0.48914,38.34911]]}},{"type":"Feature","properties":{"name":"Plaça del Músic Óscar Tordera Iñesta","kind":"road","road":"secondary","osm":1213095699},"geometry":{"type":"LineString","coordinates":[[-0.48858,38.35],[-0.48875,38.34975],[-0.48911,38.34924],[-0.48918,38.34915],[-0.48929,38.34907]]}},{"type":"Feature","properties":{"name":"Avinguda del Poeta Carmelo Calvo","kind":"road","road":"secondary","osm":1219106891},"geometry":{"type":"LineString","coordinates":[[-0.48724,38.3518],[-0.48732,38.35174],[-0.48738,38.35169],[-0.48744,38.35162]]}},{"type":"Feature","properties":{"name":"Avinguda del Poeta Carmelo Calvo","kind":"road","road":"pedestrian","osm":1219837776},"geometry":{"type":"LineString","coordinates":[[-0.48716,38.35205],[-0.48717,38.35204],[-0.48734,38.35185],[-0.48739,38.35185],[-0.48751,38.35188]]}},{"type":"Feature","properties":{"name":"Avinguda Alfons el Savi","kind":"road","road":"primary","osm":1255700831},"geometry":{"type":"LineString","coordinates":[[-0.48865,38.34671],[-0.48788,38.34698],[-0.48782,38.347]]}},{"type":"Feature","properties":{"name":"Passatge del General Prim","kind":"road","road":"pedestrian","osm":1256139967},"geometry":{"type":"LineString","coordinates":[[-0.48782,38.35632],[-0.48803,38.35661]]}},{"type":"Feature","properties":{"name":"Avinguda de Vázquez de Mella","kind":"road","road":"primary","osm":1267538660},"geometry":{"type":"LineString","coordinates":[[-0.47923,38.35233],[-0.47867,38.35234]]}},{"type":"Feature","properties":{"name":"Avinguda de Xixona","kind":"road","road":"secondary","osm":1267682271},"geometry":{"type":"LineString","coordinates":[[-0.48522,38.35243],[-0.48525,38.35256],[-0.48528,38.35273],[-0.48529,38.35281],[-0.48533,38.35325]]}},{"type":"Feature","properties":{"name":"Avinguda de Xixona","kind":"road","road":"secondary","osm":1267756127},"geometry":{"type":"LineString","coordinates":[[-0.48542,38.35611],[-0.4853,38.35649],[-0.48525,38.35668],[-0.48519,38.35683]]}},{"type":"Feature","properties":{"name":"Avinguda de Xixona","kind":"road","road":"secondary","osm":1267756128},"geometry":{"type":"LineString","coordinates":[[-0.48519,38.35683],[-0.48513,38.35698],[-0.48507,38.35709],[-0.48496,38.35731],[-0.48476,38.35766],[-0.48471,38.35773],[-0.48459,38.35789],[-0.48446,38.35806]]}},{"type":"Feature","properties":{"name":"Avinguda d'Alcoi","kind":"road","road":"secondary","osm":1267756134},"geometry":{"type":"LineString","coordinates":[[-0.49108,38.35957],[-0.49009,38.35825],[-0.48999,38.35812],[-0.48962,38.35763],[-0.48953,38.35749],[-0.4895,38.35745],[-0.48943,38.35737],[-0.48842,38.35604],[-0.48813,38.35565]]}},{"type":"Feature","properties":{"name":"Avinguda de Xixona","kind":"road","road":"secondary","osm":1267756139},"geometry":{"type":"LineString","coordinates":[[-0.48533,38.35325],[-0.48533,38.35344]]}},{"type":"Feature","properties":{"name":"Avinguda de l'Alcalde Alfonso de Rojas","kind":"road","road":"secondary","osm":1267756140},"geometry":{"type":"LineString","coordinates":[[-0.48574,38.3525],[-0.48635,38.35222],[-0.48642,38.35218]]}},{"type":"Feature","properties":{"name":"Plaça d'Espanya","kind":"road","road":"secondary","osm":1267756141},"geometry":{"type":"LineString","coordinates":[[-0.48541,38.35255],[-0.48551,38.35261]]}},{"type":"Feature","properties":{"name":"Plaça d'Espanya","kind":"road","road":"secondary","osm":1267756142},"geometry":{"type":"LineString","coordinates":[[-0.48541,38.35255],[-0.48548,38.35255],[-0.48555,38.35253]]}},{"type":"Feature","properties":{"name":"Carrer del Pintor Murillo","kind":"road","road":"secondary","osm":1267756147},"geometry":{"type":"LineString","coordinates":[[-0.48641,38.35181],[-0.48539,38.35179],[-0.4853,38.35179]]}},{"type":"Feature","properties":{"name":"Plaça d'Espanya","kind":"road","road":"secondary","osm":1267756148},"geometry":{"type":"LineString","coordinates":[[-0.48491,38.35119],[-0.4848,38.35121]]}},{"type":"Feature","properties":{"name":"Plaça d'Espanya","kind":"road","road":"secondary","osm":1267756149},"geometry":{"type":"LineString","coordinates":[[-0.48491,38.35119],[-0.4848,38.35116]]}},{"type":"Feature","properties":{"name":"Carrer de Sant Vicent","kind":"road","road":"secondary","osm":1267756151},"geometry":{"type":"LineString","coordinates":[[-0.48481,38.3506],[-0.4848,38.35107],[-0.4848,38.35116]]}},{"type":"Feature","properties":{"name":"Passeig de Campoamor","kind":"road","road":"pedestrian","osm":1268195854},"geometry":{"type":"LineString","coordinates":[[-0.48699,38.35433],[-0.48691,38.35437],[-0.48686,38.35431],[-0.48669,38.35434],[-0.48675,38.35461],[-0.48672,38.35462],[-0.48667,38.35464],[-0.48666,38.35463],[-0.48658,38.35451],[-0.48653,38.35444],[-0.48658,38.35442],[-0.48617,38.35386],[-0.486,38.35365],[-0.48611,38.35363],[-0.48613,38.35362],[-0.48595,38.35324],[-0.48591,38.35314],[-0.48589,38.35311],[-0.4856,38.35272],[-0.48569,38.35271],[-0.48579,38.35274],[-0.48591,38.35287],[-0.48609,38.3531],[-0.48626,38.35333],[-0.4865,38.35364],[-0.48675,38.35399],[-0.48682,38.35407],[-0.48688,38.35416],[-0.48699,38.35433]]}},{"type":"Feature","properties":{"name":"Carrer d'Indalecio Prieto","kind":"road","road":"tertiary","osm":1270263359},"geometry":{"type":"LineString","coordinates":[[-0.47498,38.35402],[-0.47577,38.35344],[-0.47581,38.35341]]}},{"type":"Feature","properties":{"name":"Carrer d'Indalecio Prieto","kind":"road","road":"tertiary","osm":1270263360},"geometry":{"type":"LineString","coordinates":[[-0.47581,38.35341],[-0.47625,38.35309],[-0.47641,38.35302]]}},{"type":"Feature","properties":{"name":"Carrer d'Indalecio Prieto","kind":"road","road":"tertiary","osm":1270263362},"geometry":{"type":"LineString","coordinates":[[-0.47364,38.35502],[-0.47388,38.35485]]}},{"type":"Feature","properties":{"name":"Carrer de l'Enginyer Canales","kind":"road","road":"tertiary","osm":1270263363},"geometry":{"type":"LineString","coordinates":[[-0.47469,38.35443],[-0.47502,38.35472]]}},{"type":"Feature","properties":{"name":"Carrer de l'Enginyer Canales","kind":"road","road":"tertiary","osm":1270263365},"geometry":{"type":"LineString","coordinates":[[-0.47475,38.35439],[-0.47471,38.35432],[-0.47468,38.35424]]}},{"type":"Feature","properties":{"name":"Carrer de l'Enginyer Canales","kind":"road","road":"tertiary","osm":1270263366},"geometry":{"type":"LineString","coordinates":[[-0.47475,38.35439],[-0.47465,38.35435],[-0.47457,38.35434]]}},{"type":"Feature","properties":{"name":"Carrer del Bisbe Victorio Oliver","kind":"road","road":"tertiary","osm":1270263368},"geometry":{"type":"LineString","coordinates":[[-0.47284,38.35286],[-0.47304,38.35281]]}},{"type":"Feature","properties":{"name":"Carrer del Bisbe Victorio Oliver","kind":"road","road":"tertiary","osm":1270263369},"geometry":{"type":"LineString","coordinates":[[-0.47294,38.3527],[-0.47289,38.35277],[-0.47284,38.35286]]}},{"type":"Feature","properties":{"name":"Avinguda de Dénia","kind":"road","road":"primary","osm":1270263370},"geometry":{"type":"LineString","coordinates":[[-0.47394,38.35406],[-0.47399,38.35394],[-0.47402,38.35382],[-0.47403,38.35358]]}},{"type":"Feature","properties":{"name":"Carrer d'Indalecio Prieto","kind":"road","road":"tertiary","osm":1270263373},"geometry":{"type":"LineString","coordinates":[[-0.47364,38.35502],[-0.47352,38.35508],[-0.47334,38.35519]]}},{"type":"Feature","properties":{"name":"Carrer de l'Enginyer Canales","kind":"road","road":"tertiary","osm":1270263374},"geometry":{"type":"LineString","coordinates":[[-0.47502,38.35472],[-0.4754,38.35504]]}},{"type":"Feature","properties":{"name":"Carrer de l'Enginyer Canales","kind":"road","road":"tertiary","osm":1270263375},"geometry":{"type":"LineString","coordinates":[[-0.4754,38.35504],[-0.47547,38.35508]]}},{"type":"Feature","properties":{"name":"Plaça de l'Estella","kind":"road","road":"tertiary","osm":1270263376},"geometry":{"type":"LineString","coordinates":[[-0.47547,38.35508],[-0.47566,38.35524]]}},{"type":"Feature","properties":{"name":"Avinguda de Juan Bautista Lafora","kind":"road","road":"primary","osm":1277788450},"geometry":{"type":"LineString","coordinates":[[-0.47877,38.34528],[-0.47866,38.34534],[-0.47835,38.34553]]}},{"type":"Feature","properties":{"name":"Plaça de la Porta de la Mar","kind":"road","road":"primary","osm":1277788455},"geometry":{"type":"LineString","coordinates":[[-0.48011,38.34414],[-0.47989,38.34419]]}},{"type":"Feature","properties":{"name":"","kind":"park","road":"","osm":1277788459},"geometry":{"type":"Polygon","coordinates":[[[-0.48584,38.34156],[-0.48582,38.34154],[-0.4858,38.34151],[-0.48574,38.34154],[-0.48572,38.34154],[-0.48572,38.34155],[-0.48571,38.34155],[-0.48571,38.34156],[-0.48573,38.34164],[-0.48573,38.34165],[-0.48573,38.34166],[-0.48572,38.34166],[-0.48571,38.34167],[-0.48569,38.34169],[-0.48567,38.3417],[-0.48559,38.34173],[-0.48557,38.34174],[-0.48557,38.34175],[-0.48558,38.34177],[-0.48558,38.34178],[-0.48558,38.34179],[-0.48558,38.3418],[-0.48555,38.34185],[-0.48556,38.34186],[-0.48579,38.34168],[-0.48586,38.34162],[-0.48587,38.34161],[-0.48587,38.3416],[-0.48587,38.34159],[-0.48587,38.34158],[-0.48586,38.34158],[-0.48585,38.34157],[-0.48584,38.34156]]]}},{"type":"Feature","properties":{"name":"Carrer de Portugal","kind":"road","road":"tertiary","osm":1277788460},"geometry":{"type":"LineString","coordinates":[[-0.48828,38.3393],[-0.48821,38.3393],[-0.48814,38.3393]]}},{"type":"Feature","properties":{"name":"Bulevard Far de l'Illa de Tabarca","kind":"road","road":"tertiary","osm":1278107534},"geometry":{"type":"LineString","coordinates":[[-0.49274,38.33664],[-0.49277,38.33673]]}},{"type":"Feature","properties":{"name":"Carrer de Sant Francesc","kind":"road","road":"pedestrian","osm":1278845563},"geometry":{"type":"LineString","coordinates":[[-0.48576,38.34385],[-0.48487,38.34397],[-0.48485,38.34397]]}},{"type":"Feature","properties":{"name":"Carrer d'Antonio Galdó Chapuli","kind":"road","road":"pedestrian","osm":1278845564},"geometry":{"type":"LineString","coordinates":[[-0.48702,38.34355],[-0.48703,38.34358],[-0.48704,38.34361]]}},{"type":"Feature","properties":{"name":"Avinguda de la Vila Joiosa","kind":"road","road":"secondary","osm":1299954655},"geometry":{"type":"LineString","coordinates":[[-0.46408,38.35416],[-0.46422,38.35401],[-0.46433,38.35389],[-0.46445,38.35375],[-0.4647,38.35347],[-0.46488,38.35329],[-0.46519,38.35306],[-0.46539,38.35293],[-0.46564,38.3528],[-0.46617,38.35257],[-0.46663,38.35237],[-0.46694,38.35222],[-0.46797,38.35171],[-0.46882,38.35124],[-0.46975,38.35072],[-0.47034,38.35042],[-0.47058,38.3503],[-0.47099,38.35015],[-0.47164,38.34993],[-0.47232,38.34969],[-0.47272,38.34959],[-0.47289,38.34952],[-0.47295,38.34949]]}},{"type":"Feature","properties":{"name":"Avinguda de Vázquez de Mella","kind":"road","road":"primary","osm":1360122206},"geometry":{"type":"LineString","coordinates":[[-0.47907,38.35241],[-0.47928,38.3524]]}},{"type":"Feature","properties":{"name":"Avinguda de Dénia","kind":"road","road":"primary","osm":1360122214},"geometry":{"type":"LineString","coordinates":[[-0.47328,38.34936],[-0.47331,38.3493]]}},{"type":"Feature","properties":{"name":"Passeig de l'Esplanada d'Espanya","kind":"road","road":"pedestrian","osm":1360123597},"geometry":{"type":"LineString","coordinates":[[-0.48442,38.34288],[-0.48402,38.34304],[-0.48381,38.34312],[-0.48333,38.34332],[-0.48325,38.34335]]}},{"type":"Feature","properties":{"name":"Passeig de l'Esplanada d'Espanya","kind":"road","road":"pedestrian","osm":1360123603},"geometry":{"type":"LineString","coordinates":[[-0.48325,38.34335],[-0.48306,38.34342]]}},{"type":"Feature","properties":{"name":"Carrer Major","kind":"road","road":"pedestrian","osm":1360123604},"geometry":{"type":"LineString","coordinates":[[-0.48325,38.34459],[-0.48308,38.34467],[-0.48253,38.34491]]}},{"type":"Feature","properties":{"name":"Plaça de l'Abat Penalva","kind":"road","road":"pedestrian","osm":1360123605},"geometry":{"type":"LineString","coordinates":[[-0.48292,38.34552],[-0.48273,38.34523]]}},{"type":"Feature","properties":{"name":"Carrer Major","kind":"road","road":"pedestrian","osm":1360123606},"geometry":{"type":"LineString","coordinates":[[-0.48148,38.34535],[-0.48121,38.34548]]}},{"type":"Feature","properties":{"name":"Carrer Major","kind":"road","road":"pedestrian","osm":1360123607},"geometry":{"type":"LineString","coordinates":[[-0.48121,38.34548],[-0.4811,38.34553],[-0.48085,38.34566],[-0.48083,38.34567],[-0.48081,38.34568]]}},{"type":"Feature","properties":{"name":"Plaça de Santa Maria","kind":"road","road":"pedestrian","osm":1360123609},"geometry":{"type":"LineString","coordinates":[[-0.47957,38.34589],[-0.47957,38.3459],[-0.47974,38.34616],[-0.47975,38.34618]]}},{"type":"Feature","properties":{"name":"Carrer de la Balseta","kind":"road","road":"pedestrian","osm":1360123610},"geometry":{"type":"LineString","coordinates":[[-0.48012,38.34646],[-0.47988,38.34655]]}},{"type":"Feature","properties":{"name":"","kind":"road","road":"pedestrian","osm":1360123611},"geometry":{"type":"LineString","coordinates":[[-0.48012,38.34646],[-0.4802,38.34666]]}},{"type":"Feature","properties":{"name":"Carrer de Sant Roc","kind":"road","road":"pedestrian","osm":1360123615},"geometry":{"type":"LineString","coordinates":[[-0.48143,38.34709],[-0.48112,38.34697],[-0.48095,38.34685]]}},{"type":"Feature","properties":{"name":"Carrer de Sant Roc","kind":"road","road":"pedestrian","osm":1360123616},"geometry":{"type":"LineString","coordinates":[[-0.4822,38.34729],[-0.48214,38.34728]]}},{"type":"Feature","properties":{"name":"","kind":"road","road":"pedestrian","osm":1360123621},"geometry":{"type":"LineString","coordinates":[[-0.4835,38.34669],[-0.48362,38.34663]]}},{"type":"Feature","properties":{"name":"Carrer dels Llauradors","kind":"road","road":"pedestrian","osm":1360123622},"geometry":{"type":"LineString","coordinates":[[-0.48337,38.34624],[-0.48312,38.34585]]}},{"type":"Feature","properties":{"name":"","kind":"park","road":"","osm":1362354681},"geometry":{"type":"Polygon","coordinates":[[[-0.49067,38.35507],[-0.49081,38.3557],[-0.49152,38.3566],[-0.49166,38.35691],[-0.49162,38.35699],[-0.49148,38.35701],[-0.49109,38.35692],[-0.49076,38.35686],[-0.49054,38.35706],[-0.49046,38.3572],[-0.49041,38.35727],[-0.49056,38.35736],[-0.4908,38.35748],[-0.49059,38.3576],[-0.49031,38.35767],[-0.48998,38.35723],[-0.49003,38.35709],[-0.48988,38.3564],[-0.48969,38.35572],[-0.48952,38.35545],[-0.48928,38.35518],[-0.48925,38.35508],[-0.48938,38.3551],[-0.48962,38.35519],[-0.48977,38.35529],[-0.49016,38.35529],[-0.49035,38.35529],[-0.49051,38.35505],[-0.49067,38.35507]]]}},{"type":"Feature","properties":{"name":"","kind":"coast","road":"","osm":1422383467},"geometry":{"type":"LineString","coordinates":[[-0.47243,38.34733],[-0.47263,38.34745],[-0.47284,38.3476],[-0.47293,38.34768],[-0.47303,38.34781],[-0.4731,38.34799],[-0.47314,38.34808],[-0.47316,38.34825],[-0.47313,38.34837],[-0.47309,38.34842],[-0.47296,38.34849],[-0.47276,38.34853],[-0.47268,38.34856],[-0.47247,38.34858],[-0.47245,38.34854],[-0.47249,38.34851],[-0.47251,38.34848],[-0.47251,38.34844],[-0.47247,38.34845],[-0.47245,38.34846],[-0.47241,38.3485],[-0.47239,38.34852]]}},{"type":"Feature","properties":{"name":"","kind":"coast","road":"","osm":1422383468},"geometry":{"type":"LineString","coordinates":[[-0.47253,38.34725],[-0.47272,38.34707],[-0.47297,38.34692],[-0.47298,38.34688],[-0.47296,38.34685],[-0.47292,38.34684],[-0.47248,38.3472],[-0.47193,38.34765],[-0.47174,38.34781],[-0.47174,38.34782],[-0.47174,38.34785],[-0.47173,38.34787],[-0.47174,38.34788],[-0.47176,38.3479],[-0.47179,38.34789],[-0.4718,38.34787],[-0.47182,38.34785],[-0.47182,38.34782],[-0.47219,38.34752],[-0.47243,38.34733]]}},{"type":"Feature","properties":{"name":"","kind":"road","road":"tertiary","osm":1441691474},"geometry":{"type":"LineString","coordinates":[[-0.49301,38.33546],[-0.49293,38.33544],[-0.4928,38.33546],[-0.49272,38.33548]]}},{"type":"Feature","properties":{"name":"","kind":"road","road":"tertiary","osm":1441691475},"geometry":{"type":"LineString","coordinates":[[-0.49287,38.33559],[-0.49291,38.33556],[-0.49296,38.33551],[-0.49301,38.33546]]}},{"type":"Feature","properties":{"name":"","kind":"park","road":"","osm":1459107172},"geometry":{"type":"Polygon","coordinates":[[[-0.48526,38.34349],[-0.48508,38.34319],[-0.48506,38.34319],[-0.48504,38.34324],[-0.48505,38.34325],[-0.48504,38.34327],[-0.48503,38.34326],[-0.48502,38.34328],[-0.48506,38.34329],[-0.48508,38.3433],[-0.48511,38.34332],[-0.48512,38.34335],[-0.48513,38.34338],[-0.48513,38.34341],[-0.48512,38.34344],[-0.48513,38.34345],[-0.48514,38.34344],[-0.48516,38.34345],[-0.48515,38.34346],[-0.48524,38.34351],[-0.48526,38.34349]]]}},{"type":"Feature","properties":{"name":"","kind":"park","road":"","osm":1459107173},"geometry":{"type":"Polygon","coordinates":[[[-0.48497,38.34327],[-0.48498,38.34325],[-0.48497,38.34325],[-0.48498,38.34323],[-0.48499,38.34323],[-0.48501,38.34318],[-0.48495,38.34317],[-0.48494,38.34316],[-0.48484,38.3432],[-0.4848,38.34326],[-0.48483,38.34328],[-0.48484,38.34327],[-0.48487,38.34329],[-0.48486,38.34329],[-0.48488,38.34331],[-0.4849,38.34329],[-0.48489,38.34327],[-0.48493,38.34326],[-0.48494,38.34328],[-0.48497,38.34327]]]}},{"type":"Feature","properties":{"name":"","kind":"park","road":"","osm":1459107174},"geometry":{"type":"Polygon","coordinates":[[[-0.48486,38.34357],[-0.48487,38.34353],[-0.48486,38.34353],[-0.48487,38.34351],[-0.48488,38.34351],[-0.48489,38.34348],[-0.48487,38.34347],[-0.48485,38.34345],[-0.48484,38.34343],[-0.48483,38.34341],[-0.48483,38.34338],[-0.48484,38.34336],[-0.48485,38.34334],[-0.48483,38.34333],[-0.4848,38.34332],[-0.48481,38.34332],[-0.48477,38.34329],[-0.48475,38.34332],[-0.48484,38.34355],[-0.48486,38.34357]]]}},{"type":"Feature","properties":{"name":"","kind":"park","road":"","osm":1459107175},"geometry":{"type":"Polygon","coordinates":[[[-0.4852,38.34354],[-0.48512,38.34349],[-0.48512,38.3435],[-0.4851,38.34349],[-0.4851,38.34348],[-0.48509,38.34347],[-0.48506,38.34349],[-0.48502,38.3435],[-0.48499,38.34351],[-0.48496,38.34351],[-0.48493,38.3435],[-0.48493,38.34352],[-0.48494,38.34353],[-0.48493,38.34355],[-0.48492,38.34354],[-0.4849,38.34359],[-0.48494,38.34362],[-0.48515,38.34358],[-0.4852,38.34354]]]}},{"type":"Feature","properties":{"name":"","kind":"road","road":"pedestrian","osm":1469358856},"geometry":{"type":"LineString","coordinates":[[-0.48371,38.34912],[-0.48376,38.3488],[-0.48381,38.34872],[-0.4841,38.34857],[-0.48416,38.34855],[-0.48451,38.34841]]}},{"type":"Feature","properties":{"name":"","kind":"road","road":"pedestrian","osm":1469358857},"geometry":{"type":"LineString","coordinates":[[-0.48416,38.34873],[-0.48416,38.34855]]}},{"type":"Feature","properties":{"name":"Plaça de la Pipa","kind":"road","road":"pedestrian","osm":1473732372},"geometry":{"type":"LineString","coordinates":[[-0.48214,38.35325],[-0.48205,38.35328],[-0.48193,38.35335],[-0.48184,38.35342],[-0.48184,38.35344],[-0.48184,38.35345],[-0.48186,38.35345],[-0.48236,38.35346],[-0.48237,38.35346],[-0.48229,38.35321],[-0.48214,38.35325]]}},{"type":"Feature","properties":{"name":"","kind":"park","road":"","osm":1489932349},"geometry":{"type":"Polygon","coordinates":[[[-0.48743,38.33805],[-0.48737,38.33801],[-0.48768,38.33813],[-0.48768,38.33816],[-0.48771,38.33819],[-0.48775,38.3382],[-0.48778,38.33819],[-0.48781,38.33817],[-0.48782,38.33814],[-0.48781,38.33811],[-0.48779,38.33809],[-0.48786,38.33812],[-0.4878,38.33823],[-0.48774,38.33821],[-0.48743,38.33805]]]}},{"type":"Feature","properties":{"name":"Carrer del Pintor Aparicio","kind":"road","road":"tertiary","osm":1490302382},"geometry":{"type":"LineString","coordinates":[[-0.48958,38.33882],[-0.48961,38.33887],[-0.48965,38.33891],[-0.48966,38.33894]]}},{"type":"Feature","properties":{"name":"Carrer del Bisbe Victorio Oliver","kind":"road","road":"tertiary","osm":1495911822},"geometry":{"type":"LineString","coordinates":[[-0.47141,38.35344],[-0.4712,38.35358],[-0.47095,38.35376],[-0.47069,38.35395],[-0.47038,38.35419],[-0.47007,38.35443],[-0.46977,38.35468]]}},{"type":"Feature","properties":{"name":"Paseo volado","kind":"road","road":"pedestrian","osm":1507904363},"geometry":{"type":"LineString","coordinates":[[-0.48093,38.34368],[-0.48097,38.34367],[-0.48039,38.34342],[-0.47991,38.34233],[-0.48015,38.34226],[-0.48016,38.34228],[-0.48017,38.34229],[-0.4802,38.34228],[-0.4802,38.34227],[-0.48018,38.34222],[-0.47982,38.34232],[-0.48036,38.34354],[-0.4805,38.3435],[-0.48066,38.34357],[-0.48071,38.34359],[-0.48078,38.34362],[-0.48093,38.34368]]}},{"type":"Feature","properties":{"name":"Bulevard Far de l'Illa de Tabarca","kind":"road","road":"tertiary","osm":1514607234},"geometry":{"type":"LineString","coordinates":[[-0.49271,38.3365],[-0.49274,38.33664]]}},{"type":"Feature","properties":{"name":"Bulevard Far de l'Illa de Tabarca","kind":"road","road":"tertiary","osm":1514607235},"geometry":{"type":"LineString","coordinates":[[-0.49301,38.33664],[-0.49295,38.33645]]}},{"type":"Feature","properties":{"name":"","kind":"park","road":"","osm":1523480611},"geometry":{"type":"Polygon","coordinates":[[[-0.48548,38.34192],[-0.48547,38.3419],[-0.48543,38.34193],[-0.48541,38.34194],[-0.4854,38.34194],[-0.48539,38.34194],[-0.48535,38.34194],[-0.48534,38.34194],[-0.48533,38.34195],[-0.48532,38.34195],[-0.48529,38.34199],[-0.48528,38.34201],[-0.48527,38.34202],[-0.48526,38.34202],[-0.48525,38.34203],[-0.48523,38.34203],[-0.4852,38.34204],[-0.48519,38.34205],[-0.48517,38.34206],[-0.48513,38.34209],[-0.48511,38.3421],[-0.48504,38.34215],[-0.48498,38.34218],[-0.48494,38.34221],[-0.48492,38.34222],[-0.48453,38.34237],[-0.48453,38.34238],[-0.48442,38.34242],[-0.4844,38.34242],[-0.48404,38.34257],[-0.48403,38.34258],[-0.48392,38.34262],[-0.4839,38.34262],[-0.48334,38.34284],[-0.48334,38.34285],[-0.48323,38.34289],[-0.48321,38.34289],[-0.48284,38.34304],[-0.48284,38.34305],[-0.48273,38.34309],[-0.48271,38.34309],[-0.48262,38.34313],[-0.48263,38.34314],[-0.48303,38.34298],[-0.48435,38.34246],[-0.48493,38.34223],[-0.48499,38.3422],[-0.48507,38.34216],[-0.48516,38.34212],[-0.48521,38.34209],[-0.48526,38.34206],[-0.48531,38.34203],[-0.48535,38.342],[-0.48544,38.34195],[-0.48547,38.34193],[-0.48548,38.34192]]]}},{"type":"Feature","properties":{"name":"","kind":"park","road":"","osm":1523505648},"geometry":{"type":"Polygon","coordinates":[[[-0.48247,38.34319],[-0.48214,38.34331],[-0.48214,38.34332],[-0.48202,38.34337],[-0.48201,38.34337],[-0.48137,38.34362],[-0.48115,38.34371],[-0.48115,38.34372],[-0.48103,38.34376],[-0.48102,38.34376],[-0.48053,38.34395],[-0.48054,38.34396],[-0.48228,38.34327],[-0.48248,38.34319],[-0.48247,38.34319]]]}},{"type":"Feature","properties":{"name":"Carrer de Valdés","kind":"road","road":"pedestrian","osm":1532393119},"geometry":{"type":"LineString","coordinates":[[-0.48585,38.34271],[-0.48584,38.3427],[-0.48555,38.34244]]}},{"type":"Feature","properties":{"name":"","kind":"park","road":"","osm":1532393120},"geometry":{"type":"Polygon","coordinates":[[[-0.48593,38.34199],[-0.48578,38.34205],[-0.4857,38.34198],[-0.48577,38.34194],[-0.4858,38.34193],[-0.48584,38.34193],[-0.48587,38.34193],[-0.4859,38.34195],[-0.48592,38.34196],[-0.48594,38.34198],[-0.48593,38.34199]]]}},{"type":"Feature","properties":{"name":"","kind":"park","road":"","osm":1535034852},"geometry":{"type":"Polygon","coordinates":[[[-0.48869,38.33875],[-0.48873,38.33873],[-0.48875,38.33871],[-0.48877,38.33869],[-0.48878,38.33864],[-0.48863,38.33856],[-0.48863,38.33861],[-0.48862,38.33865],[-0.48861,38.33868],[-0.48859,38.3387],[-0.48869,38.33875]]]}},{"type":"Feature","properties":{"name":"","kind":"park","road":"","osm":1535034868},"geometry":{"type":"Polygon","coordinates":[[[-0.48854,38.33875],[-0.48851,38.33877],[-0.48847,38.33878],[-0.48843,38.3388],[-0.48853,38.33887],[-0.48856,38.33882],[-0.48859,38.3388],[-0.48862,38.33878],[-0.48864,38.33877],[-0.48856,38.33873],[-0.48854,38.33875]]]}},{"type":"Feature","properties":{"name":"","kind":"park","road":"","osm":1535034869},"geometry":{"type":"Polygon","coordinates":[[[-0.48903,38.33875],[-0.48904,38.33874],[-0.48905,38.33873],[-0.48904,38.33873],[-0.48903,38.33872],[-0.48891,38.33869],[-0.48883,38.33866],[-0.48878,38.33873],[-0.48876,38.33875],[-0.4887,38.33878],[-0.48865,38.33881],[-0.48862,38.33882],[-0.48859,38.33884],[-0.48857,38.33889],[-0.48864,38.33894],[-0.48903,38.33875]]]}},{"type":"Feature","properties":{"name":"","kind":"road","road":"primary","osm":1549091019},"geometry":{"type":"LineString","coordinates":[[-0.47354,38.35274],[-0.47356,38.35271]]}}]}