{"bounds":[37.86867,-4.79194,37.89653,-4.76382],"date":"2026-09-18T16:51:21Z","type":"FeatureCollection","features":[{"type":"Feature","properties":{"name":"Calle Puerta de Almodóvar","kind":"road","road":"pedestrian","osm":5004075},"geometry":{"type":"LineString","coordinates":[[-4.78365,37.88084],[-4.78379,37.88077],[-4.78392,37.88071],[-4.78401,37.88067]]}},{"type":"Feature","properties":{"name":"Avenida del Gran Capitán","kind":"road","road":"primary","osm":5004082},"geometry":{"type":"LineString","coordinates":[[-4.78376,37.89492],[-4.78367,37.89476],[-4.78361,37.89465],[-4.78357,37.89462]]}},{"type":"Feature","properties":{"name":"Calle del Buen Pastor","kind":"road","road":"pedestrian","osm":5004088},"geometry":{"type":"LineString","coordinates":[[-4.78178,37.88125],[-4.7815,37.8812],[-4.78137,37.88115]]}},{"type":"Feature","properties":{"name":"Calle Medina y Corella","kind":"road","road":"pedestrian","osm":5004095},"geometry":{"type":"LineString","coordinates":[[-4.78132,37.87924],[-4.78119,37.87916],[-4.78105,37.87914],[-4.78054,37.87922]]}},{"type":"Feature","properties":{"name":"","kind":"road","road":"secondary","osm":8392195},"geometry":{"type":"LineString","coordinates":[[-4.78019,37.89178],[-4.7803,37.89207]]}},{"type":"Feature","properties":{"name":"Avenida de las Ollerías","kind":"road","road":"secondary","osm":8392231},"geometry":{"type":"LineString","coordinates":[[-4.77792,37.89136],[-4.77792,37.89141]]}},{"type":"Feature","properties":{"name":"Avenida Ronda de los Tejares","kind":"road","road":"secondary","osm":22938372},"geometry":{"type":"LineString","coordinates":[[-4.78465,37.88627],[-4.78463,37.88631],[-4.78461,37.88633],[-4.7845,37.88647],[-4.78438,37.88658],[-4.78415,37.8867]]}},{"type":"Feature","properties":{"name":"Jardines de la Merced","kind":"park","road":"","osm":22938375},"geometry":{"type":"Polygon","coordinates":[[[-4.77909,37.88949],[-4.77903,37.88946],[-4.77888,37.88936],[-4.7783,37.88928],[-4.77821,37.88927],[-4.7782,37.88932],[-4.77818,37.88937],[-4.77799,37.88954],[-4.77781,37.88969],[-4.77776,37.88974],[-4.77762,37.88976],[-4.77767,37.88994],[-4.77773,37.89011],[-4.77799,37.89093],[-4.77814,37.89099],[-4.77914,37.8907],[-4.7791,37.89061],[-4.77934,37.89024],[-4.77922,37.88989],[-4.77909,37.88949]]]}},{"type":"Feature","properties":{"name":"Patio de los Naranjos","kind":"park","road":"","osm":23563479},"geometry":{"type":"Polygon","coordinates":[[[-4.78019,37.87958],[-4.78018,37.87955],[-4.78022,37.87953],[-4.78024,37.87953],[-4.78035,37.87948],[-4.78036,37.8795],[-4.7804,37.87948],[-4.78041,37.87947],[-4.78042,37.87947],[-4.78043,37.87947],[-4.78053,37.87942],[-4.78053,37.87941],[-4.78054,37.87941],[-4.78053,37.8794],[-4.78048,37.87932],[-4.78047,37.87932],[-4.78046,37.87931],[-4.78047,37.87931],[-4.78047,37.8793],[-4.78041,37.87923],[-4.78041,37.87922],[-4.7804,37.87923],[-4.78039,37.87922],[-4.7804,37.87921],[-4.78034,37.87912],[-4.78033,37.87912],[-4.78032,37.87912],[-4.78033,37.87911],[-4.78026,37.87901],[-4.78025,37.87901],[-4.78024,37.879],[-4.77915,37.87949],[-4.77916,37.87951],[-4.77916,37.87952],[-4.77923,37.87961],[-4.77923,37.87962],[-4.77924,37.87962],[-4.77923,37.87963],[-4.77924,37.87963],[-4.77929,37.87971],[-4.7793,37.87971],[-4.77931,37.87972],[-4.7793,37.87972],[-4.77931,37.87973],[-4.77936,37.87981],[-4.77937,37.87981],[-4.77938,37.87982],[-4.77937,37.87982],[-4.77943,37.8799],[-4.77944,37.87991],[-4.77945,37.87991],[-4.77955,37.87986],[-4.77956,37.87986],[-4.77957,37.87985],[-4.77967,37.87981],[-4.77968,37.87981],[-4.77968,37.8798],[-4.77969,37.8798],[-4.7797,37.8798],[-4.7798,37.87975],[-4.77981,37.87974],[-4.77981,37.87975],[-4.77982,37.87974],[-4.77992,37.8797],[-4.77992,37.87969],[-4.77993,37.87969],[-4.77994,37.87969],[-4.78004,37.87964],[-4.78005,37.87964],[-4.78004,37.87964],[-4.78005,37.87963],[-4.78006,37.87964],[-4.78016,37.87959],[-4.78017,37.87959],[-4.78017,37.87958],[-4.78018,37.87958],[-4.78019,37.87958]]]}},{"type":"Feature","properties":{"name":"Avenida de los Piconeros","kind":"road","road":"primary","osm":23563482},"geometry":{"type":"LineString","coordinates":[[-4.7803,37.89207],[-4.78012,37.89231],[-4.77989,37.89256],[-4.77974,37.8927],[-4.77957,37.89285],[-4.77942,37.89294]]}},{"type":"Feature","properties":{"name":"Avenida de las Ollerías","kind":"road","road":"secondary","osm":23563484},"geometry":{"type":"LineString","coordinates":[[-4.77198,37.89257],[-4.77278,37.8923],[-4.7735,37.89203],[-4.77386,37.89191],[-4.77388,37.8919],[-4.77402,37.89188],[-4.77419,37.89188],[-4.77469,37.89189],[-4.7749,37.8919],[-4.77525,37.89191],[-4.77537,37.89191]]}},{"type":"Feature","properties":{"name":"Avenida de los Molinos","kind":"road","road":"secondary","osm":23563486},"geometry":{"type":"LineString","coordinates":[[-4.77813,37.89198],[-4.77831,37.89197],[-4.77877,37.89191],[-4.77894,37.89188]]}},{"type":"Feature","properties":{"name":"Avenida de la Igualdad","kind":"road","road":"primary","osm":23563487},"geometry":{"type":"LineString","coordinates":[[-4.77268,37.8959],[-4.77246,37.89599],[-4.77022,37.89692]]}},{"type":"Feature","properties":{"name":"Calle Capitulares","kind":"road","road":"pedestrian","osm":23646752},"geometry":{"type":"LineString","coordinates":[[-4.77614,37.88548],[-4.77609,37.88545],[-4.77607,37.88544],[-4.77604,37.8854],[-4.77602,37.88531],[-4.77596,37.885],[-4.77594,37.88489],[-4.77593,37.8848],[-4.77593,37.88471],[-4.77593,37.8847],[-4.77594,37.88461],[-4.77594,37.88457],[-4.77595,37.88454]]}},{"type":"Feature","properties":{"name":"Calle Valderrama","kind":"road","road":"pedestrian","osm":23646753},"geometry":{"type":"LineString","coordinates":[[-4.77131,37.88208],[-4.77129,37.88199],[-4.77126,37.88188],[-4.77118,37.88167],[-4.77117,37.88164],[-4.77114,37.88142],[-4.77113,37.88131],[-4.77112,37.88119],[-4.77112,37.88117]]}},{"type":"Feature","properties":{"name":"Calle Fernando Colón","kind":"road","road":"pedestrian","osm":23646754},"geometry":{"type":"LineString","coordinates":[[-4.77605,37.88435],[-4.77599,37.88428]]}},{"type":"Feature","properties":{"name":"Glorieta Orquesta de Córdoba","kind":"road","road":"primary","osm":26831648},"geometry":{"type":"LineString","coordinates":[[-4.78428,37.87298],[-4.78433,37.87292],[-4.78434,37.8729],[-4.78434,37.87288],[-4.78435,37.87286],[-4.78436,37.87282],[-4.78434,37.8728],[-4.78433,37.87277],[-4.78431,37.87275],[-4.78429,37.87272],[-4.78425,37.87271],[-4.78421,37.87269],[-4.78417,37.87269],[-4.78412,37.87268],[-4.78408,37.87269],[-4.78404,37.87269],[-4.78401,37.87271],[-4.78398,37.87273]]}},{"type":"Feature","properties":{"name":"Plaza de Vista Alegre","kind":"road","road":"tertiary","osm":26831729},"geometry":{"type":"LineString","coordinates":[[-4.79038,37.87621],[-4.7904,37.87623],[-4.79072,37.87675],[-4.79089,37.87703],[-4.79091,37.87706],[-4.79094,37.87709],[-4.79098,37.87711],[-4.79104,37.87714],[-4.79112,37.87716],[-4.79121,37.87717],[-4.79131,37.87718],[-4.79142,37.87718],[-4.79149,37.87716],[-4.79163,37.87711],[-4.7917,37.87707],[-4.79176,37.87704],[-4.79183,37.87697],[-4.79187,37.87692],[-4.79191,37.87685],[-4.79193,37.87679],[-4.79194,37.87674],[-4.79194,37.87668],[-4.79194,37.87664],[-4.79192,37.87661],[-4.79143,37.87581],[-4.79138,37.87573],[-4.7912,37.87546],[-4.79117,37.87542],[-4.79111,37.87535]]}},{"type":"Feature","properties":{"name":"Plaza de Vista Alegre","kind":"road","road":"tertiary","osm":26831741},"geometry":{"type":"LineString","coordinates":[[-4.79142,37.87718],[-4.7916,37.87748],[-4.79163,37.87753],[-4.79166,37.87758],[-4.79168,37.87762]]}},{"type":"Feature","properties":{"name":"","kind":"road","road":"tertiary","osm":26831765},"geometry":{"type":"LineString","coordinates":[[-4.79185,37.87398],[-4.79191,37.874],[-4.79195,37.874],[-4.792,37.87399],[-4.79204,37.87398],[-4.79208,37.87396],[-4.7921,37.87395],[-4.79213,37.87392],[-4.79215,37.87388],[-4.79216,37.87384],[-4.79216,37.8738],[-4.79216,37.87377],[-4.79215,37.87374]]}},{"type":"Feature","properties":{"name":"Avenida Fray Albino","kind":"road","road":"secondary","osm":27150186},"geometry":{"type":"LineString","coordinates":[[-4.77708,37.87476],[-4.77787,37.87404],[-4.77852,37.87344],[-4.77871,37.87327],[-4.7788,37.87319],[-4.77988,37.87222],[-4.78087,37.8713],[-4.7809,37.87128],[-4.781,37.87119],[-4.78106,37.87114]]}},{"type":"Feature","properties":{"name":"Calle de las Ciudades de Hiroshima y Nagasaki","kind":"road","road":"primary","osm":27150193},"geometry":{"type":"LineString","coordinates":[[-4.78467,37.88619],[-4.78472,37.88627],[-4.78477,37.88631],[-4.78485,37.88637],[-4.78498,37.88643],[-4.78504,37.88646]]}},{"type":"Feature","properties":{"name":"Avenida de Cádiz","kind":"road","road":"primary","osm":27614543},"geometry":{"type":"LineString","coordinates":[[-4.77932,37.86997],[-4.77938,37.8698],[-4.77942,37.8697],[-4.77945,37.86964],[-4.77952,37.86952],[-4.77954,37.86949],[-4.77974,37.86919],[-4.77988,37.86898],[-4.78057,37.86801],[-4.78083,37.86765],[-4.78115,37.8672],[-4.78156,37.86662],[-4.78247,37.86535]]}},{"type":"Feature","properties":{"name":"Autovía del Sur","kind":"road","road":"motorway","osm":28211500},"geometry":{"type":"LineString","coordinates":[[-4.76481,37.86825],[-4.76432,37.86892],[-4.76407,37.86926]]}},{"type":"Feature","properties":{"name":"Calle Antonio Maura","kind":"road","road":"primary","osm":29975941},"geometry":{"type":"LineString","coordinates":[[-4.7862,37.88343],[-4.78631,37.88335],[-4.78638,37.8833],[-4.78643,37.88328],[-4.78648,37.88327],[-4.78658,37.88325],[-4.78693,37.88316],[-4.78702,37.88315],[-4.78762,37.883],[-4.78765,37.88299],[-4.78832,37.88283],[-4.78835,37.88282],[-4.78894,37.88263],[-4.7896,37.88241],[-4.78969,37.88239],[-4.78975,37.88236],[-4.78982,37.88232],[-4.79002,37.8822],[-4.7904,37.88197],[-4.79047,37.88193],[-4.79056,37.88187],[-4.79061,37.88182]]}},{"type":"Feature","properties":{"name":"Camino de los Sastres","kind":"road","road":"primary","osm":29975989},"geometry":{"type":"LineString","coordinates":[[-4.79053,37.88167],[-4.79037,37.88162],[-4.78983,37.88144],[-4.78969,37.8814],[-4.78959,37.88139],[-4.78944,37.88138],[-4.78922,37.88138],[-4.78902,37.88139],[-4.78865,37.88141],[-4.78825,37.88143],[-4.78813,37.88144],[-4.7877,37.88146],[-4.7875,37.88147],[-4.78707,37.8815],[-4.78678,37.88148],[-4.78666,37.88145],[-4.78641,37.88129]]}},{"type":"Feature","properties":{"name":"Calle Alcalde Sanz Noguer","kind":"road","road":"tertiary","osm":29976002},"geometry":{"type":"LineString","coordinates":[[-4.79101,37.8852],[-4.79105,37.88477],[-4.79108,37.8844],[-4.79114,37.88375],[-4.79114,37.88369],[-4.79117,37.88338],[-4.7912,37.88308],[-4.7912,37.883]]}},{"type":"Feature","properties":{"name":"Calle Alcalde Sanz Noguer","kind":"road","road":"tertiary","osm":29976004},"geometry":{"type":"LineString","coordinates":[[-4.79123,37.88288],[-4.79124,37.88286],[-4.79124,37.88284],[-4.79121,37.88277],[-4.79101,37.88234],[-4.79082,37.88194],[-4.79074,37.88182]]}},{"type":"Feature","properties":{"name":"Calle de Damasco","kind":"road","road":"tertiary","osm":29976013},"geometry":{"type":"LineString","coordinates":[[-4.79065,37.88159],[-4.79044,37.88122],[-4.79019,37.88082],[-4.78993,37.8804],[-4.78968,37.87997],[-4.78941,37.87956],[-4.78919,37.87918],[-4.78904,37.87894],[-4.789,37.87889],[-4.78888,37.87886]]}},{"type":"Feature","properties":{"name":"Plaza Costa Sol","kind":"road","road":"primary","osm":29976241},"geometry":{"type":"LineString","coordinates":[[-4.79053,37.88167],[-4.79052,37.88169],[-4.79052,37.88171],[-4.79052,37.88172],[-4.79052,37.88174],[-4.79053,37.88176],[-4.79054,37.88178],[-4.79056,37.88179],[-4.79057,37.8818],[-4.79059,37.88181],[-4.79061,37.88182]]}},{"type":"Feature","properties":{"name":"Avenida Medina Azahara","kind":"road","road":"primary","osm":29976308},"geometry":{"type":"LineString","coordinates":[[-4.78935,37.88518],[-4.78939,37.88518],[-4.78958,37.88519],[-4.78989,37.88521],[-4.79002,37.88521],[-4.79048,37.88524],[-4.791,37.88527]]}},{"type":"Feature","properties":{"name":"","kind":"road","road":"primary","osm":29976453},"geometry":{"type":"LineString","coordinates":[[-4.79167,37.87777],[-4.79168,37.87779],[-4.7917,37.87782],[-4.79171,37.87784],[-4.79172,37.87785],[-4.79175,37.87787],[-4.79179,37.87789],[-4.79183,37.87791],[-4.79187,37.87792],[-4.79191,37.87792],[-4.79196,37.87792],[-4.792,37.87791],[-4.79204,37.8779],[-4.79208,37.87788],[-4.79211,37.87786],[-4.79214,37.87783],[-4.79216,37.8778],[-4.79218,37.87777],[-4.79219,37.87774],[-4.79219,37.8777],[-4.79218,37.87767],[-4.79218,37.87765]]}},{"type":"Feature","properties":{"name":"Calle Albéniz","kind":"road","road":"tertiary","osm":29976536},"geometry":{"type":"LineString","coordinates":[[-4.7896,37.88241],[-4.78966,37.88241],[-4.78969,37.88242],[-4.78972,37.88243],[-4.78975,37.88245],[-4.78976,37.88247],[-4.78977,37.88249],[-4.78977,37.88252],[-4.78974,37.88292],[-4.78971,37.8833],[-4.78967,37.88367],[-4.78963,37.88423],[-4.78962,37.8843],[-4.78959,37.8847],[-4.78955,37.88512],[-4.78958,37.88519]]}},{"type":"Feature","properties":{"name":"Calle Vázquez Aroca","kind":"road","road":"tertiary","osm":29976566},"geometry":{"type":"LineString","coordinates":[[-4.78967,37.88367],[-4.79114,37.88375],[-4.79119,37.88376],[-4.79244,37.88382],[-4.79256,37.88383]]}},{"type":"Feature","properties":{"name":"Plaza de Vista Alegre","kind":"road","road":"tertiary","osm":29976635},"geometry":{"type":"LineString","coordinates":[[-4.79201,37.87751],[-4.792,37.87751],[-4.792,37.8775],[-4.792,37.87749],[-4.792,37.87747],[-4.79199,37.87745],[-4.79199,37.87744],[-4.79198,37.87741],[-4.79197,37.87739],[-4.79195,37.87737],[-4.79176,37.87704]]}},{"type":"Feature","properties":{"name":"Calle de Tomás de Aquino","kind":"road","road":"tertiary","osm":32446701},"geometry":{"type":"LineString","coordinates":[[-4.78775,37.87938],[-4.78781,37.87932],[-4.78808,37.87921],[-4.78809,37.8792],[-4.7881,37.87919],[-4.78811,37.87917],[-4.78812,37.87913]]}},{"type":"Feature","properties":{"name":"Avenida Vía Augusta","kind":"road","road":"primary","osm":32446785},"geometry":{"type":"LineString","coordinates":[[-4.78819,37.88974],[-4.78833,37.88968],[-4.78835,37.88967],[-4.78839,37.88965],[-4.78915,37.88932]]}},{"type":"Feature","properties":{"name":"Avenida Barcelona","kind":"road","road":"primary","osm":32484693},"geometry":{"type":"LineString","coordinates":[[-4.7636,37.88716],[-4.76374,37.88724],[-4.76377,37.88726],[-4.76383,37.88732],[-4.76391,37.88762],[-4.76393,37.88771],[-4.76415,37.88855],[-4.76431,37.88915]]}},{"type":"Feature","properties":{"name":"Avenida Barcelona","kind":"road","road":"primary","osm":32484696},"geometry":{"type":"LineString","coordinates":[[-4.76479,37.89033],[-4.76473,37.89019],[-4.76471,37.89015],[-4.76451,37.88941]]}},{"type":"Feature","properties":{"name":"Avenida del Compositor Rafael Castro","kind":"road","road":"primary","osm":32500150},"geometry":{"type":"LineString","coordinates":[[-4.76532,37.87508],[-4.7654,37.87516],[-4.76542,37.87517],[-4.7655,37.87526],[-4.7656,37.87535],[-4.76569,37.87546],[-4.76615,37.87605],[-4.76635,37.87631],[-4.76664,37.87667],[-4.76685,37.87693],[-4.76731,37.87754],[-4.76738,37.87764],[-4.76744,37.87774],[-4.76748,37.87784],[-4.76753,37.87795],[-4.76759,37.87815],[-4.76772,37.87857]]}},{"type":"Feature","properties":{"name":"Glorieta de Juan García Díaz \"Juanín\"","kind":"road","road":"primary","osm":32500206},"geometry":{"type":"LineString","coordinates":[[-4.7653,37.87467],[-4.76522,37.87464],[-4.76519,37.87464],[-4.76515,37.87463],[-4.76507,37.87463]]}},{"type":"Feature","properties":{"name":"Avenida Tenor Pedro Lavirgen","kind":"road","road":"primary","osm":32500666},"geometry":{"type":"LineString","coordinates":[[-4.7877,37.88997],[-4.78778,37.89012],[-4.78781,37.8903],[-4.78783,37.89049],[-4.78783,37.89051],[-4.78783,37.89054],[-4.78786,37.89078],[-4.78789,37.89101],[-4.7879,37.89108],[-4.78809,37.89266],[-4.78811,37.89286]]}},{"type":"Feature","properties":{"name":"Avenida Tenor Pedro Lavirgen","kind":"road","road":"primary","osm":32500687},"geometry":{"type":"LineString","coordinates":[[-4.78742,37.89606],[-4.78744,37.8959],[-4.78745,37.89588],[-4.78748,37.89582],[-4.78786,37.8951],[-4.78801,37.8947],[-4.78805,37.89457],[-4.78817,37.894],[-4.78817,37.89395],[-4.78818,37.89392],[-4.78818,37.89391],[-4.78819,37.89385],[-4.78819,37.89366],[-4.78821,37.89324],[-4.7882,37.89304],[-4.7882,37.89282]]}},{"type":"Feature","properties":{"name":"Avenida Tenor Pedro Lavirgen","kind":"road","road":"primary","osm":32500711},"geometry":{"type":"LineString","coordinates":[[-4.78698,37.89627],[-4.78698,37.89639],[-4.78697,37.89642],[-4.78694,37.89645],[-4.7868,37.8966],[-4.78666,37.89676],[-4.78656,37.89686],[-4.78636,37.89704],[-4.7862,37.89718],[-4.78604,37.89732],[-4.78592,37.8974],[-4.78582,37.89748]]}},{"type":"Feature","properties":{"name":"Glorieta de la Media luna","kind":"road","road":"primary","osm":34711309},"geometry":{"type":"LineString","coordinates":[[-4.7864,37.88126],[-4.78637,37.88111],[-4.78635,37.88105],[-4.78633,37.881],[-4.78631,37.88096],[-4.78629,37.88094],[-4.78626,37.8809],[-4.78623,37.88087],[-4.78618,37.88083],[-4.78611,37.88079],[-4.78604,37.88076],[-4.78597,37.88074],[-4.78589,37.88073],[-4.78581,37.88073],[-4.78574,37.88073],[-4.78566,37.88074],[-4.7856,37.88075],[-4.78555,37.88077],[-4.78551,37.88078],[-4.78547,37.8808],[-4.78543,37.88082],[-4.78538,37.88085],[-4.78534,37.8809],[-4.78532,37.88092],[-4.7853,37.88095]]}},{"type":"Feature","properties":{"name":"Plaza del Hospital del Cardenal","kind":"road","road":"pedestrian","osm":34751390},"geometry":{"type":"LineString","coordinates":[[-4.78169,37.87995],[-4.78171,37.87994],[-4.78173,37.87993],[-4.78173,37.87987],[-4.78174,37.87986],[-4.78171,37.87984],[-4.78174,37.8798],[-4.78184,37.87986],[-4.78187,37.87984],[-4.78195,37.87975],[-4.78196,37.87974],[-4.78197,37.87975],[-4.782,37.87976],[-4.78203,37.87977],[-4.78206,37.87975],[-4.78213,37.87969],[-4.78214,37.8797],[-4.78216,37.87971],[-4.78188,37.88002],[-4.78178,37.87998],[-4.78169,37.87995]]}},{"type":"Feature","properties":{"name":"Calle del Cardenal Salazar","kind":"road","road":"pedestrian","osm":34751391},"geometry":{"type":"LineString","coordinates":[[-4.78214,37.8797],[-4.78249,37.87952],[-4.78254,37.8795],[-4.78269,37.8794]]}},{"type":"Feature","properties":{"name":"Calle Bajada del Puente","kind":"road","road":"pedestrian","osm":34752378},"geometry":{"type":"LineString","coordinates":[[-4.77663,37.87581],[-4.77653,37.87582],[-4.77644,37.87583],[-4.77625,37.87575],[-4.77624,37.87574],[-4.77619,37.87572]]}},{"type":"Feature","properties":{"name":"Plaza de Santa Teresa","kind":"road","road":"primary","osm":34752380},"geometry":{"type":"LineString","coordinates":[[-4.77528,37.87491],[-4.77524,37.87493],[-4.77522,37.87495],[-4.77519,37.87498],[-4.77518,37.87503],[-4.77517,37.87508],[-4.77519,37.87512],[-4.77523,37.87517],[-4.77528,37.87521],[-4.77535,37.87522],[-4.77543,37.87522],[-4.77549,37.87521],[-4.77554,37.87518],[-4.77558,37.87514],[-4.7756,37.87509],[-4.7756,37.87504],[-4.77558,37.87499],[-4.77555,37.87495],[-4.77551,37.87492],[-4.77545,37.87489],[-4.77538,37.87489],[-4.77533,37.87489],[-4.77528,37.87491]]}},{"type":"Feature","properties":{"name":"Avenida del Campo de la Verdad","kind":"road","road":"primary","osm":34752384},"geometry":{"type":"LineString","coordinates":[[-4.77139,37.8746],[-4.76879,37.8744],[-4.76878,37.8744]]}},{"type":"Feature","properties":{"name":"Calle Sevilla","kind":"road","road":"pedestrian","osm":34752413},"geometry":{"type":"LineString","coordinates":[[-4.78054,37.88454],[-4.78056,37.88446],[-4.78076,37.88404]]}},{"type":"Feature","properties":{"name":"Calle Rodríguez Sánchez","kind":"road","road":"pedestrian","osm":34752414},"geometry":{"type":"LineString","coordinates":[[-4.77984,37.88308],[-4.77992,37.88309],[-4.77999,37.8831],[-4.78014,37.88315],[-4.78027,37.88319],[-4.78042,37.88323],[-4.78056,37.88326],[-4.78074,37.88328],[-4.78091,37.8833],[-4.78116,37.88336],[-4.78121,37.88337],[-4.78124,37.88337]]}},{"type":"Feature","properties":{"name":"Calle Cruz Conde","kind":"road","road":"pedestrian","osm":34752416},"geometry":{"type":"LineString","coordinates":[[-4.77995,37.88474],[-4.77996,37.88479],[-4.77998,37.88489],[-4.78,37.88494]]}},{"type":"Feature","properties":{"name":"Glorieta de la Cruz Roja","kind":"road","road":"primary","osm":34860167},"geometry":{"type":"LineString","coordinates":[[-4.78557,37.88045],[-4.78554,37.88047],[-4.78547,37.88053],[-4.78527,37.8807],[-4.78524,37.88074],[-4.7852,37.88078],[-4.78518,37.88081],[-4.78516,37.88084],[-4.78515,37.88087],[-4.78514,37.8809],[-4.78514,37.88093],[-4.78514,37.88097],[-4.78515,37.88122]]}},{"type":"Feature","properties":{"name":"Paseo de la Victoria","kind":"road","road":"primary","osm":34860169},"geometry":{"type":"LineString","coordinates":[[-4.78467,37.88619],[-4.78465,37.88627]]}},{"type":"Feature","properties":{"name":"Avenida de Cádiz","kind":"road","road":"primary","osm":34860172},"geometry":{"type":"LineString","coordinates":[[-4.77568,37.8748],[-4.77569,37.87477],[-4.7761,37.87419]]}},{"type":"Feature","properties":{"name":"","kind":"road","road":"primary","osm":34860173},"geometry":{"type":"LineString","coordinates":[[-4.78433,37.87292],[-4.78398,37.87273]]}},{"type":"Feature","properties":{"name":"Calle Campo de San Antón","kind":"road","road":"primary","osm":34860175},"geometry":{"type":"LineString","coordinates":[[-4.76645,37.88424],[-4.76643,37.88439],[-4.76639,37.88453],[-4.76633,37.88469],[-4.76628,37.88478],[-4.76618,37.88494],[-4.76603,37.8851]]}},{"type":"Feature","properties":{"name":"Plaza de Andalucía","kind":"road","road":"primary","osm":34860177},"geometry":{"type":"LineString","coordinates":[[-4.77932,37.86997],[-4.77927,37.86991],[-4.7792,37.86987],[-4.77913,37.86984],[-4.77904,37.86983]]}},{"type":"Feature","properties":{"name":"Callejón Caño Quebrado","kind":"road","road":"pedestrian","osm":34861609},"geometry":{"type":"LineString","coordinates":[[-4.77827,37.87864],[-4.77813,37.87845],[-4.77799,37.87829],[-4.77796,37.87826],[-4.77792,37.87822]]}},{"type":"Feature","properties":{"name":"Calle Judería","kind":"road","road":"pedestrian","osm":34861611},"geometry":{"type":"LineString","coordinates":[[-4.78115,37.87942],[-4.78103,37.87946],[-4.78082,37.87953],[-4.7808,37.87954],[-4.78074,37.87954],[-4.78071,37.8795]]}},{"type":"Feature","properties":{"name":"Avenida Ronda de los Tejares","kind":"road","road":"secondary","osm":34861620},"geometry":{"type":"LineString","coordinates":[[-4.77946,37.88925],[-4.77936,37.88927]]}},{"type":"Feature","properties":{"name":"Calle Conde de Gondomar","kind":"road","road":"pedestrian","osm":34885570},"geometry":{"type":"LineString","coordinates":[[-4.77996,37.88448],[-4.78005,37.88449],[-4.78032,37.88452],[-4.78054,37.88454],[-4.7812,37.88462],[-4.78121,37.88462],[-4.78142,37.88464],[-4.78192,37.8847],[-4.7821,37.88468]]}},{"type":"Feature","properties":{"name":"Calle Concepción","kind":"road","road":"pedestrian","osm":34885572},"geometry":{"type":"LineString","coordinates":[[-4.7821,37.88468],[-4.78225,37.88468],[-4.78248,37.88468]]}},{"type":"Feature","properties":{"name":"Calle de Valdés Leal","kind":"road","road":"pedestrian","osm":34897814},"geometry":{"type":"LineString","coordinates":[[-4.78216,37.8834],[-4.78209,37.88344],[-4.78207,37.88345],[-4.78202,37.88345],[-4.78186,37.88347],[-4.78181,37.88347],[-4.78168,37.88348],[-4.78152,37.88353],[-4.78147,37.88354]]}},{"type":"Feature","properties":{"name":"Calle Barroso","kind":"road","road":"pedestrian","osm":34898013},"geometry":{"type":"LineString","coordinates":[[-4.78085,37.88245],[-4.78091,37.88238],[-4.78094,37.88232],[-4.781,37.88231]]}},{"type":"Feature","properties":{"name":"Calle Antonio Maura","kind":"road","road":"primary","osm":34919630},"geometry":{"type":"LineString","coordinates":[[-4.79082,37.88168],[-4.79098,37.88164],[-4.79159,37.88146]]}},{"type":"Feature","properties":{"name":"Parque Juan Carlos I","kind":"park","road":"","osm":34921272},"geometry":{"type":"Polygon","coordinates":[[[-4.78953,37.88247],[-4.78954,37.8825],[-4.78956,37.88253],[-4.7896,37.88256],[-4.78963,37.88257],[-4.78966,37.88258],[-4.78969,37.88259],[-4.78972,37.8826],[-4.7897,37.88292],[-4.78963,37.88329],[-4.78961,37.88356],[-4.78961,37.88359],[-4.7896,37.88367],[-4.78956,37.88422],[-4.78955,37.88427],[-4.78953,37.88427],[-4.78933,37.88427],[-4.78938,37.88367],[-4.78937,37.88366],[-4.78935,37.88365],[-4.78935,37.88364],[-4.78784,37.88357],[-4.78784,37.88364],[-4.78763,37.88362],[-4.7876,37.88362],[-4.78764,37.88316],[-4.78765,37.88309],[-4.78766,37.88305],[-4.78767,37.88303],[-4.78768,37.88302],[-4.78771,37.88301],[-4.78773,37.883],[-4.78836,37.88285],[-4.78895,37.88265],[-4.78953,37.88247]]]}},{"type":"Feature","properties":{"name":"Calle Gutiérrez de los Ríos","kind":"road","road":"pedestrian","osm":34935375},"geometry":{"type":"LineString","coordinates":[[-4.77201,37.88634],[-4.77203,37.88621],[-4.77206,37.88608],[-4.77211,37.88596],[-4.77217,37.88583],[-4.77226,37.88562],[-4.77228,37.88556],[-4.7724,37.88526],[-4.77242,37.8852]]}},{"type":"Feature","properties":{"name":"","kind":"road","road":"tertiary","osm":34935381},"geometry":{"type":"LineString","coordinates":[[-4.77525,37.87964],[-4.77405,37.8783]]}},{"type":"Feature","properties":{"name":"Avenida de Granada","kind":"road","road":"primary","osm":34951621},"geometry":{"type":"LineString","coordinates":[[-4.7789,37.86986],[-4.77878,37.86983],[-4.77867,37.8698],[-4.77849,37.86971]]}},{"type":"Feature","properties":{"name":"Plaza de Andalucía","kind":"road","road":"primary","osm":34951622},"geometry":{"type":"LineString","coordinates":[[-4.77916,37.87031],[-4.77923,37.87032],[-4.77932,37.87034],[-4.77945,37.87037],[-4.77954,37.87041],[-4.77956,37.87042],[-4.77968,37.87048],[-4.77979,37.87054],[-4.78087,37.87111],[-4.781,37.87119]]}},{"type":"Feature","properties":{"name":"Avenida de Granada","kind":"road","road":"primary","osm":34951623},"geometry":{"type":"LineString","coordinates":[[-4.77515,37.86804],[-4.77519,37.86805],[-4.77528,37.86808],[-4.7753,37.8681],[-4.77672,37.86887],[-4.77675,37.86888],[-4.77814,37.86965],[-4.77817,37.86966],[-4.77838,37.86978],[-4.7786,37.86995],[-4.77872,37.87007]]}},{"type":"Feature","properties":{"name":"Avenida de Cádiz","kind":"road","road":"primary","osm":34952011},"geometry":{"type":"LineString","coordinates":[[-4.77874,37.87017],[-4.77872,37.87033],[-4.77869,37.87047],[-4.77867,37.87054],[-4.77864,37.87062],[-4.77862,37.87067]]}},{"type":"Feature","properties":{"name":"Plaza de Andalucía","kind":"road","road":"primary","osm":34952013},"geometry":{"type":"LineString","coordinates":[[-4.78106,37.87114],[-4.78092,37.87106],[-4.78088,37.87104],[-4.77987,37.87046],[-4.77975,37.8704],[-4.77958,37.8703],[-4.77952,37.87026],[-4.77948,37.87021],[-4.77935,37.87003]]}},{"type":"Feature","properties":{"name":"Calle San Felipe","kind":"road","road":"pedestrian","osm":35019982},"geometry":{"type":"LineString","coordinates":[[-4.78224,37.88334],[-4.78221,37.88336],[-4.78216,37.8834],[-4.78213,37.88343],[-4.78212,37.88345],[-4.78211,37.88346],[-4.78211,37.8835],[-4.7821,37.88363],[-4.78206,37.88393]]}},{"type":"Feature","properties":{"name":"Calle del General Argote","kind":"road","road":"pedestrian","osm":35019985},"geometry":{"type":"LineString","coordinates":[[-4.78156,37.88288],[-4.78178,37.88293],[-4.78182,37.88293],[-4.78199,37.88291],[-4.78205,37.8829],[-4.78213,37.8829],[-4.78214,37.88291],[-4.78216,37.88292],[-4.78227,37.88304],[-4.7823,37.88308]]}},{"type":"Feature","properties":{"name":"Plaza de San Juan","kind":"road","road":"pedestrian","osm":35019986},"geometry":{"type":"LineString","coordinates":[[-4.78158,37.88278],[-4.78166,37.8827],[-4.78168,37.88266],[-4.7817,37.88263],[-4.78168,37.88264],[-4.78167,37.88265],[-4.78153,37.8827],[-4.78147,37.88274],[-4.78143,37.88276],[-4.78143,37.88277],[-4.7814,37.88279],[-4.78141,37.88279],[-4.78153,37.8828],[-4.78156,37.8828],[-4.78158,37.88278]]}},{"type":"Feature","properties":{"name":"Plaza de la Trinidad","kind":"road","road":"pedestrian","osm":35019990},"geometry":{"type":"LineString","coordinates":[[-4.78299,37.88248],[-4.783,37.88247],[-4.783,37.88246],[-4.7831,37.88248],[-4.78316,37.88246],[-4.78323,37.88237],[-4.78321,37.88244],[-4.7832,37.88249],[-4.7832,37.88254],[-4.78319,37.8826],[-4.78319,37.88267],[-4.78322,37.88272],[-4.78321,37.88277],[-4.78319,37.88278],[-4.78304,37.88277],[-4.78296,37.88277],[-4.7829,37.88275],[-4.78287,37.88274],[-4.78299,37.88248]]}},{"type":"Feature","properties":{"name":"Plaza del Doctor Emilio Luque","kind":"road","road":"pedestrian","osm":35019991},"geometry":{"type":"LineString","coordinates":[[-4.78114,37.88363],[-4.78119,37.88366],[-4.78123,37.88368],[-4.78136,37.88368],[-4.7814,37.88367],[-4.78143,37.88365],[-4.78146,37.88357],[-4.78147,37.88354],[-4.78146,37.88352],[-4.78144,37.88349],[-4.78139,37.88345],[-4.78135,37.88343],[-4.78128,37.88342],[-4.78123,37.88342]]}},{"type":"Feature","properties":{"name":"Avenida Ronda de los Tejares","kind":"road","road":"secondary","osm":35061446},"geometry":{"type":"LineString","coordinates":[[-4.78252,37.88764],[-4.78263,37.88759],[-4.783,37.88739],[-4.78348,37.88714],[-4.78413,37.88678],[-4.78437,37.88666]]}},{"type":"Feature","properties":{"name":"Calle de las Ciudades de Hiroshima y Nagasaki","kind":"road","road":"primary","osm":35061448},"geometry":{"type":"LineString","coordinates":[[-4.78602,37.88666],[-4.78588,37.88661],[-4.78571,37.88659],[-4.78562,37.88659],[-4.78558,37.88659],[-4.78497,37.88655],[-4.78493,37.88655],[-4.78481,37.88655],[-4.78469,37.8866],[-4.78459,37.8867]]}},{"type":"Feature","properties":{"name":"Jardines de la Victoria","kind":"park","road":"","osm":35061453},"geometry":{"type":"Polygon","coordinates":[[[-4.78581,37.88627],[-4.78576,37.88635],[-4.78575,37.88636],[-4.78565,37.88639],[-4.78495,37.88635],[-4.78486,37.88633],[-4.78477,37.88618],[-4.78484,37.88496],[-4.78484,37.88488],[-4.78485,37.8848],[-4.78488,37.88479],[-4.78509,37.8827],[-4.78517,37.88271],[-4.78522,37.88206],[-4.78527,37.88157],[-4.78531,37.88111],[-4.78545,37.88112],[-4.78543,37.88132],[-4.78556,37.88132],[-4.78614,37.88135],[-4.78614,37.88144],[-4.78621,37.88145],[-4.78604,37.88319],[-4.78591,37.88441],[-4.78589,37.88484],[-4.78589,37.88488],[-4.78588,37.88502],[-4.78581,37.88627]]]}},{"type":"Feature","properties":{"name":"Calle Leiva Aguilar","kind":"road","road":"pedestrian","osm":35061455},"geometry":{"type":"LineString","coordinates":[[-4.78083,37.88199],[-4.78099,37.88189],[-4.78123,37.8818],[-4.78142,37.88174],[-4.78149,37.88171],[-4.78166,37.88161],[-4.78196,37.88149]]}},{"type":"Feature","properties":{"name":"Plaza de la Corredera","kind":"road","road":"pedestrian","osm":35061457},"geometry":{"type":"LineString","coordinates":[[-4.77512,37.8838],[-4.77512,37.88378],[-4.77512,37.88371],[-4.77512,37.88353],[-4.77511,37.88335],[-4.77511,37.88334],[-4.77501,37.88334],[-4.77495,37.88334],[-4.7749,37.88334],[-4.77485,37.88334],[-4.77482,37.88333],[-4.77468,37.88333],[-4.77466,37.88333],[-4.77463,37.88333],[-4.77446,37.88332],[-4.7743,37.88332],[-4.77398,37.88331],[-4.77388,37.8833],[-4.77388,37.88333],[-4.77388,37.88336],[-4.77387,37.88348],[-4.77386,37.88353],[-4.77386,37.8836],[-4.77385,37.88364],[-4.77385,37.88371],[-4.77388,37.88372],[-4.77397,37.88372],[-4.77402,37.88373],[-4.77415,37.88374],[-4.77423,37.88375],[-4.7743,37.88376],[-4.77436,37.88376],[-4.77441,37.88377],[-4.77449,37.88377],[-4.77453,37.88378],[-4.77462,37.88379],[-4.77467,37.88379],[-4.77472,37.88379],[-4.77478,37.8838],[-4.77487,37.88381],[-4.77494,37.88382],[-4.77499,37.88382],[-4.77506,37.88383],[-4.77512,37.88383],[-4.77512,37.8838]]}},{"type":"Feature","properties":{"name":"Plaza del Doctor Emilio Luque","kind":"park","road":"","osm":36163866},"geometry":{"type":"Polygon","coordinates":[[[-4.78127,37.88345],[-4.7813,37.88344],[-4.78136,37.88345],[-4.7814,37.88348],[-4.78144,37.88351],[-4.78145,37.88354],[-4.78145,37.88356],[-4.7814,37.88364],[-4.78137,37.88366],[-4.78122,37.88366],[-4.78118,37.88364],[-4.78123,37.88356],[-4.78127,37.88345]]]}},{"type":"Feature","properties":{"name":"Calle Deanes","kind":"road","road":"pedestrian","osm":36169683},"geometry":{"type":"LineString","coordinates":[[-4.78105,37.88037],[-4.78106,37.88035],[-4.78109,37.88019],[-4.78111,37.88009],[-4.78114,37.87982],[-4.78114,37.87972]]}},{"type":"Feature","properties":{"name":"Plaza Ángel de Torres","kind":"road","road":"pedestrian","osm":36231023},"geometry":{"type":"LineString","coordinates":[[-4.78225,37.88147],[-4.7823,37.88148],[-4.78232,37.88156],[-4.78238,37.88156],[-4.78241,37.88155],[-4.78249,37.88154],[-4.78266,37.88152],[-4.78267,37.88152],[-4.78268,37.88152],[-4.78267,37.88144],[-4.78275,37.88141],[-4.78275,37.88139],[-4.78275,37.88138],[-4.78274,37.88137],[-4.78274,37.88136],[-4.78268,37.88137],[-4.78266,37.88138],[-4.78261,37.88139],[-4.78259,37.88139],[-4.78246,37.88142],[-4.78246,37.88141],[-4.78241,37.88142],[-4.78237,37.88144],[-4.78226,37.88146],[-4.78225,37.88147]]}},{"type":"Feature","properties":{"name":"Calle Juan de Mena","kind":"road","road":"pedestrian","osm":36276756},"geometry":{"type":"LineString","coordinates":[[-4.77984,37.88308],[-4.77979,37.88314],[-4.77973,37.8832],[-4.77964,37.88324],[-4.77937,37.88326],[-4.77924,37.88341],[-4.77911,37.88353],[-4.77897,37.88362],[-4.77889,37.88367],[-4.77884,37.88373],[-4.7788,37.88384],[-4.77878,37.88393]]}},{"type":"Feature","properties":{"name":"","kind":"road","road":"pedestrian","osm":36276759},"geometry":{"type":"LineString","coordinates":[[-4.78882,37.87978],[-4.78845,37.87919],[-4.78842,37.87913]]}},{"type":"Feature","properties":{"name":"","kind":"road","road":"pedestrian","osm":36276760},"geometry":{"type":"LineString","coordinates":[[-4.78919,37.87918],[-4.78887,37.87931]]}},{"type":"Feature","properties":{"name":"Plaza Agrupación de Cofradías","kind":"road","road":"pedestrian","osm":36276763},"geometry":{"type":"LineString","coordinates":[[-4.78043,37.88076],[-4.78046,37.88078],[-4.78048,37.8808],[-4.78048,37.88081],[-4.78047,37.88086],[-4.78047,37.88103],[-4.78047,37.88105],[-4.78047,37.88106],[-4.78046,37.8811],[-4.78036,37.88122],[-4.78033,37.88121],[-4.7803,37.88119],[-4.7803,37.88118],[-4.7803,37.88117],[-4.78029,37.88099],[-4.78028,37.88093],[-4.78021,37.88079],[-4.78021,37.88077],[-4.78021,37.88076],[-4.78025,37.88075],[-4.78031,37.88073],[-4.78035,37.88072],[-4.78039,37.88072],[-4.7804,37.88072],[-4.78043,37.88076]]}},{"type":"Feature","properties":{"name":"Calle de Victoriano Rivera","kind":"road","road":"pedestrian","osm":36276765},"geometry":{"type":"LineString","coordinates":[[-4.77936,37.88517],[-4.77974,37.88479],[-4.7798,37.88474]]}},{"type":"Feature","properties":{"name":"Paseo de las Margaritas","kind":"road","road":"primary","osm":36349302},"geometry":{"type":"LineString","coordinates":[[-4.78786,37.88952],[-4.78785,37.88952],[-4.78784,37.88949],[-4.78782,37.88946],[-4.78754,37.88898],[-4.78745,37.88884],[-4.78744,37.88882],[-4.78742,37.88879],[-4.78739,37.88873],[-4.78736,37.88869],[-4.78734,37.88866],[-4.78731,37.88864],[-4.78728,37.88861]]}},{"type":"Feature","properties":{"name":"Avenida de los Mozárabes","kind":"road","road":"primary","osm":36349303},"geometry":{"type":"LineString","coordinates":[[-4.78623,37.8871],[-4.78612,37.88691],[-4.78606,37.88674],[-4.78602,37.88666],[-4.78598,37.8865],[-4.78594,37.88632]]}},{"type":"Feature","properties":{"name":"","kind":"water","road":"","osm":36349307},"geometry":{"type":"Polygon","coordinates":[[[-4.78901,37.88909],[-4.78871,37.88921],[-4.78843,37.88882],[-4.78872,37.88868],[-4.78901,37.88909]]]}},{"type":"Feature","properties":{"name":"Bulevar Hernán Ruiz","kind":"road","road":"tertiary","osm":36349315},"geometry":{"type":"LineString","coordinates":[[-4.78966,37.88765],[-4.78966,37.88756],[-4.78967,37.88751],[-4.7897,37.8872],[-4.7897,37.88713],[-4.78975,37.88658],[-4.78981,37.88598],[-4.78988,37.88529],[-4.78989,37.88521],[-4.78989,37.88514]]}},{"type":"Feature","properties":{"name":"Bulevar Hernán Ruiz","kind":"road","road":"tertiary","osm":36349316},"geometry":{"type":"LineString","coordinates":[[-4.78958,37.88519],[-4.78957,37.88528],[-4.7895,37.88598],[-4.78945,37.88658],[-4.78944,37.88665],[-4.7894,37.88711],[-4.78939,37.88719],[-4.78936,37.88748],[-4.78935,37.88761],[-4.78935,37.88764],[-4.78933,37.88778]]}},{"type":"Feature","properties":{"name":"Bulevar de Hernán Ruiz","kind":"road","road":"pedestrian","osm":36349320},"geometry":{"type":"LineString","coordinates":[[-4.78963,37.88761],[-4.78943,37.88769],[-4.7894,37.88768],[-4.78938,37.88767],[-4.78937,37.88763],[-4.78938,37.88748],[-4.78941,37.88719],[-4.78942,37.88711],[-4.78946,37.88666],[-4.78953,37.88598],[-4.78961,37.88528],[-4.78961,37.88522],[-4.78985,37.88524],[-4.78985,37.88529],[-4.78978,37.88598],[-4.78972,37.88667],[-4.78967,37.88713],[-4.78966,37.8872],[-4.78963,37.88752],[-4.78963,37.88757],[-4.78963,37.88761]]}},{"type":"Feature","properties":{"name":"Calle Eduardo Dato","kind":"road","road":"pedestrian","osm":36784015},"geometry":{"type":"LineString","coordinates":[[-4.78399,37.8849],[-4.78402,37.88447],[-4.78404,37.88433],[-4.78405,37.88421]]}},{"type":"Feature","properties":{"name":"Calle de González López","kind":"road","road":"pedestrian","osm":36784016},"geometry":{"type":"LineString","coordinates":[[-4.78355,37.88374],[-4.78371,37.88368],[-4.78376,37.88367],[-4.78384,37.88362],[-4.78394,37.88355],[-4.78397,37.8835],[-4.784,37.88345]]}},{"type":"Feature","properties":{"name":"Calle Pérez de Castro","kind":"road","road":"pedestrian","osm":36784020},"geometry":{"type":"LineString","coordinates":[[-4.78338,37.8838],[-4.78286,37.88381],[-4.78285,37.88338]]}},{"type":"Feature","properties":{"name":"Calle Montemayor","kind":"road","road":"pedestrian","osm":36784021},"geometry":{"type":"LineString","coordinates":[[-4.78369,37.88321],[-4.78333,37.88312]]}},{"type":"Feature","properties":{"name":"Calle Torre de San Nicolás","kind":"road","road":"pedestrian","osm":36784023},"geometry":{"type":"LineString","coordinates":[[-4.78235,37.88422],[-4.78238,37.88426],[-4.78239,37.88429],[-4.78243,37.88438],[-4.78245,37.88448],[-4.78248,37.88468]]}},{"type":"Feature","properties":{"name":"Calle Heredia","kind":"road","road":"pedestrian","osm":36784024},"geometry":{"type":"LineString","coordinates":[[-4.78238,37.88426],[-4.78262,37.88423],[-4.78291,37.88423]]}},{"type":"Feature","properties":{"name":"Calle San Felipe","kind":"road","road":"pedestrian","osm":36784026},"geometry":{"type":"LineString","coordinates":[[-4.78206,37.88426],[-4.78205,37.88434],[-4.78204,37.88443],[-4.7821,37.88468]]}},{"type":"Feature","properties":{"name":"Calle San Felipe","kind":"road","road":"pedestrian","osm":36784027},"geometry":{"type":"LineString","coordinates":[[-4.78206,37.88393],[-4.78206,37.88426]]}},{"type":"Feature","properties":{"name":"Calle Marqués del Boll","kind":"road","road":"pedestrian","osm":36784030},"geometry":{"type":"LineString","coordinates":[[-4.78024,37.88497],[-4.78032,37.88452]]}},{"type":"Feature","properties":{"name":"Calle Teniente Braulio Laportilla","kind":"road","road":"pedestrian","osm":36784032},"geometry":{"type":"LineString","coordinates":[[-4.78127,37.8859],[-4.78122,37.88524]]}},{"type":"Feature","properties":{"name":"Calle Historiador Díaz del Moral","kind":"road","road":"pedestrian","osm":36784033},"geometry":{"type":"LineString","coordinates":[[-4.78067,37.88517],[-4.78062,37.88553],[-4.78049,37.88585],[-4.78034,37.88601]]}},{"type":"Feature","properties":{"name":"Calle Historiador Díaz del Moral","kind":"road","road":"pedestrian","osm":36784034},"geometry":{"type":"LineString","coordinates":[[-4.78085,37.88558],[-4.78062,37.88553]]}},{"type":"Feature","properties":{"name":"Calle Pastores","kind":"road","road":"pedestrian","osm":36784036},"geometry":{"type":"LineString","coordinates":[[-4.781,37.8864],[-4.78044,37.88632]]}},{"type":"Feature","properties":{"name":"Calle de José Zorrilla","kind":"road","road":"pedestrian","osm":36784038},"geometry":{"type":"LineString","coordinates":[[-4.78248,37.88468],[-4.78248,37.88474],[-4.78261,37.88505],[-4.78284,37.88555]]}},{"type":"Feature","properties":{"name":"Calle Olmillo","kind":"road","road":"pedestrian","osm":36784040},"geometry":{"type":"LineString","coordinates":[[-4.78402,37.88533],[-4.78394,37.88515],[-4.78377,37.88484]]}},{"type":"Feature","properties":{"name":"Calle de Córdoba de Veracruz","kind":"road","road":"pedestrian","osm":36784043},"geometry":{"type":"LineString","coordinates":[[-4.78324,37.88596],[-4.7833,37.88623],[-4.78359,37.887]]}},{"type":"Feature","properties":{"name":"Pasaje José Aumente Baena","kind":"road","road":"pedestrian","osm":36784045},"geometry":{"type":"LineString","coordinates":[[-4.78117,37.8866],[-4.78117,37.8869],[-4.78137,37.8869],[-4.78137,37.88658],[-4.78137,37.88657]]}},{"type":"Feature","properties":{"name":"Calle de Don Alonso Aguilar","kind":"road","road":"pedestrian","osm":36784048},"geometry":{"type":"LineString","coordinates":[[-4.78244,37.88593],[-4.78249,37.88594],[-4.78283,37.886],[-4.78306,37.88599],[-4.78324,37.88596]]}},{"type":"Feature","properties":{"name":"Plaza del Escudo","kind":"road","road":"pedestrian","osm":36784052},"geometry":{"type":"LineString","coordinates":[[-4.78361,37.88593],[-4.78361,37.88596],[-4.78363,37.88601],[-4.78364,37.88601],[-4.7837,37.886],[-4.78372,37.886],[-4.78377,37.88599],[-4.78382,37.88598],[-4.78386,37.88597],[-4.78388,37.88594],[-4.7839,37.88589],[-4.78388,37.88588],[-4.78383,37.88588],[-4.78378,37.88589],[-4.78361,37.88591],[-4.78361,37.88593]]}},{"type":"Feature","properties":{"name":"Plaza de San Ignacio de Loyola","kind":"road","road":"pedestrian","osm":36784053},"geometry":{"type":"LineString","coordinates":[[-4.78361,37.88593],[-4.78343,37.88595]]}},{"type":"Feature","properties":{"name":"Plaza de San Ignacio de Loyola","kind":"road","road":"pedestrian","osm":36784054},"geometry":{"type":"LineString","coordinates":[[-4.78322,37.88592],[-4.78324,37.88596],[-4.78331,37.88599],[-4.78346,37.88598],[-4.78351,37.88598],[-4.78361,37.88596],[-4.78361,37.88593],[-4.78361,37.88591],[-4.7835,37.88592],[-4.78347,37.88591],[-4.78345,37.88588],[-4.78344,37.88586],[-4.78343,37.88583],[-4.7834,37.88577],[-4.78337,37.88572],[-4.78336,37.88569],[-4.78334,37.88567],[-4.78334,37.88566],[-4.78333,37.88566],[-4.78332,37.88566],[-4.78326,37.88568],[-4.78325,37.88568],[-4.78324,37.88568],[-4.78318,37.8857],[-4.78316,37.88571],[-4.78311,37.88572],[-4.78306,37.88562],[-4.78305,37.88561],[-4.78302,37.88554],[-4.78299,37.88554],[-4.78298,37.88557],[-4.78299,37.88573],[-4.78305,37.88573],[-4.78306,37.88574],[-4.78306,37.88579],[-4.78322,37.88578],[-4.78322,37.88585],[-4.78322,37.88592]]}},{"type":"Feature","properties":{"name":"Calle Manuel de Sandoval","kind":"road","road":"pedestrian","osm":36784060},"geometry":{"type":"LineString","coordinates":[[-4.78177,37.888],[-4.78142,37.88738],[-4.7808,37.88739]]}},{"type":"Feature","properties":{"name":"Plaza de la Compañía","kind":"road","road":"pedestrian","osm":36784092},"geometry":{"type":"LineString","coordinates":[[-4.77831,37.88326],[-4.77828,37.88336],[-4.77824,37.88352],[-4.77823,37.88357],[-4.77822,37.88361],[-4.7782,37.88367],[-4.77819,37.88373],[-4.77814,37.88375],[-4.77812,37.88376],[-4.77807,37.88376],[-4.77805,37.88375],[-4.77798,37.88373],[-4.77791,37.88371],[-4.77789,37.88371],[-4.77791,37.88366],[-4.77785,37.88365],[-4.77785,37.88364],[-4.77785,37.88357],[-4.77784,37.88355],[-4.77785,37.88355],[-4.77792,37.88356],[-4.77798,37.88356],[-4.77798,37.88351],[-4.77798,37.88349],[-4.77798,37.88347],[-4.778,37.88347],[-4.77811,37.88347],[-4.77811,37.88339],[-4.77818,37.8834],[-4.7782,37.88333],[-4.77821,37.88325],[-4.77826,37.88325],[-4.77831,37.88326]]}},{"type":"Feature","properties":{"name":"Plaza de Santa Marina","kind":"road","road":"pedestrian","osm":36784107},"geometry":{"type":"LineString","coordinates":[[-4.77511,37.88954],[-4.77488,37.88965],[-4.77493,37.88972],[-4.77506,37.8899],[-4.77507,37.89003],[-4.77518,37.88985],[-4.77521,37.88981],[-4.77521,37.88978],[-4.7752,37.88976],[-4.77517,37.88972],[-4.77511,37.88954]]}},{"type":"Feature","properties":{"name":"Calle Teniente Albornoz","kind":"road","road":"pedestrian","osm":36784113},"geometry":{"type":"LineString","coordinates":[[-4.77948,37.88775],[-4.77914,37.88773]]}},{"type":"Feature","properties":{"name":"Calle Niño Perdido","kind":"road","road":"pedestrian","osm":36806698},"geometry":{"type":"LineString","coordinates":[[-4.78324,37.88499],[-4.78321,37.88474]]}},{"type":"Feature","properties":{"name":"Calle Uceda","kind":"road","road":"pedestrian","osm":36806700},"geometry":{"type":"LineString","coordinates":[[-4.78346,37.88539],[-4.78339,37.88514],[-4.78354,37.88512],[-4.78368,37.88481]]}},{"type":"Feature","properties":{"name":"Avenida de Cervantes","kind":"road","road":"primary","osm":36806703},"geometry":{"type":"LineString","coordinates":[[-4.78461,37.88656],[-4.78459,37.8867],[-4.78458,37.88675],[-4.78456,37.88684],[-4.78457,37.88698],[-4.78458,37.88711],[-4.78464,37.88741]]}},{"type":"Feature","properties":{"name":"","kind":"road","road":"pedestrian","osm":36806710},"geometry":{"type":"LineString","coordinates":[[-4.78203,37.88832],[-4.78202,37.88821],[-4.78185,37.88795]]}},{"type":"Feature","properties":{"name":"Calle Manuel de Sandoval","kind":"road","road":"pedestrian","osm":36806711},"geometry":{"type":"LineString","coordinates":[[-4.7808,37.88739],[-4.78043,37.88734]]}},{"type":"Feature","properties":{"name":"Calle Rumasa","kind":"road","road":"pedestrian","osm":36806714},"geometry":{"type":"LineString","coordinates":[[-4.78138,37.88888],[-4.78103,37.8884]]}},{"type":"Feature","properties":{"name":"Calle Yeso","kind":"road","road":"pedestrian","osm":36806727},"geometry":{"type":"LineString","coordinates":[[-4.77809,37.88496],[-4.77801,37.88512],[-4.77769,37.88512]]}},{"type":"Feature","properties":{"name":"Jardín de las Dueñas","kind":"park","road":"","osm":36806734},"geometry":{"type":"Polygon","coordinates":[[[-4.77707,37.88651],[-4.7769,37.88643],[-4.77688,37.88643],[-4.77686,37.88643],[-4.77685,37.88644],[-4.77683,37.88673],[-4.77732,37.88676],[-4.77726,37.88668],[-4.77707,37.88651]]]}},{"type":"Feature","properties":{"name":"Calle San Zoilo","kind":"road","road":"pedestrian","osm":36806735},"geometry":{"type":"LineString","coordinates":[[-4.77884,37.88615],[-4.77901,37.88601],[-4.77914,37.88592]]}},{"type":"Feature","properties":{"name":"Calle Obispo Fitero","kind":"road","road":"pedestrian","osm":36806736},"geometry":{"type":"LineString","coordinates":[[-4.77885,37.88632],[-4.77846,37.88634],[-4.77841,37.88637],[-4.77834,37.88646],[-4.77829,37.88662],[-4.77796,37.88665],[-4.77793,37.88666],[-4.77781,37.88687],[-4.77774,37.88695],[-4.77756,37.887],[-4.77746,37.88703]]}},{"type":"Feature","properties":{"name":"Calle Velázquez Bosco","kind":"road","road":"pedestrian","osm":36868993},"geometry":{"type":"LineString","coordinates":[[-4.78006,37.88078],[-4.77999,37.88064],[-4.7799,37.8805],[-4.77981,37.88037],[-4.7798,37.88035],[-4.77972,37.88023],[-4.7796,37.88005],[-4.77955,37.87997]]}},{"type":"Feature","properties":{"name":"Calle Céspedes","kind":"road","road":"pedestrian","osm":36868994},"geometry":{"type":"LineString","coordinates":[[-4.78035,37.88072],[-4.78033,37.88068],[-4.78023,37.88041],[-4.78014,37.88025],[-4.78004,37.88007],[-4.77997,37.87994],[-4.77989,37.87982]]}},{"type":"Feature","properties":{"name":"Calle Samuel de los Santos Gener","kind":"road","road":"pedestrian","osm":36868995},"geometry":{"type":"LineString","coordinates":[[-4.78006,37.88078],[-4.77985,37.88092],[-4.77968,37.88106]]}},{"type":"Feature","properties":{"name":"Calle Bataneros","kind":"road","road":"pedestrian","osm":36868997},"geometry":{"type":"LineString","coordinates":[[-4.77812,37.88126],[-4.77794,37.88104],[-4.77819,37.88075],[-4.7782,37.88074]]}},{"type":"Feature","properties":{"name":"Calle Badanillas","kind":"road","road":"pedestrian","osm":36868998},"geometry":{"type":"LineString","coordinates":[[-4.77718,37.87975],[-4.7771,37.8799],[-4.77695,37.88014]]}},{"type":"Feature","properties":{"name":"Calle Candelaria","kind":"road","road":"pedestrian","osm":36869000},"geometry":{"type":"LineString","coordinates":[[-4.77383,37.88229],[-4.77382,37.88218],[-4.77381,37.88209],[-4.77375,37.8819],[-4.7737,37.88175],[-4.77367,37.88161],[-4.77364,37.88155],[-4.77363,37.88153]]}},{"type":"Feature","properties":{"name":"","kind":"road","road":"pedestrian","osm":36869001},"geometry":{"type":"LineString","coordinates":[[-4.77506,37.88338],[-4.77511,37.88335]]}},{"type":"Feature","properties":{"name":"Calleja Beatas","kind":"road","road":"pedestrian","osm":36869008},"geometry":{"type":"LineString","coordinates":[[-4.77413,37.88716],[-4.77409,37.8871],[-4.77385,37.88717],[-4.77343,37.88729]]}},{"type":"Feature","properties":{"name":"Calle Villalones","kind":"road","road":"pedestrian","osm":36869010},"geometry":{"type":"LineString","coordinates":[[-4.77415,37.88603],[-4.77414,37.88599]]}},{"type":"Feature","properties":{"name":"Calle Armas","kind":"road","road":"pedestrian","osm":36869013},"geometry":{"type":"LineString","coordinates":[[-4.77498,37.88142],[-4.77467,37.88147],[-4.77469,37.88163],[-4.77474,37.8822],[-4.77475,37.8823],[-4.7748,37.88237],[-4.77475,37.88259]]}},{"type":"Feature","properties":{"name":"Calle Huerto de San Pablo","kind":"road","road":"pedestrian","osm":36869018},"geometry":{"type":"LineString","coordinates":[[-4.77404,37.88425],[-4.77406,37.88444],[-4.77405,37.88451],[-4.77405,37.88468],[-4.77403,37.88478]]}},{"type":"Feature","properties":{"name":"Calle Duque de la Victoria","kind":"road","road":"pedestrian","osm":36869021},"geometry":{"type":"LineString","coordinates":[[-4.7724,37.88526],[-4.77209,37.88524],[-4.77179,37.88524],[-4.77138,37.88525]]}},{"type":"Feature","properties":{"name":"Calle del Secretario Carretero","kind":"road","road":"pedestrian","osm":36869029},"geometry":{"type":"LineString","coordinates":[[-4.78753,37.88413],[-4.78753,37.88411],[-4.78758,37.88343],[-4.78761,37.88316],[-4.78762,37.883]]}},{"type":"Feature","properties":{"name":"Calle Goya","kind":"road","road":"tertiary","osm":36896013},"geometry":{"type":"LineString","coordinates":[[-4.78811,37.89286],[-4.78801,37.89291],[-4.78787,37.89297],[-4.78744,37.89319]]}},{"type":"Feature","properties":{"name":"Calle Manuel Cuéllar Ramos","kind":"road","road":"tertiary","osm":36896014},"geometry":{"type":"LineString","coordinates":[[-4.7838,37.89171],[-4.78402,37.89202],[-4.78445,37.89263],[-4.7845,37.8927]]}},{"type":"Feature","properties":{"name":"Calle Pintor Mariano Belmonte","kind":"road","road":"pedestrian","osm":36896026},"geometry":{"type":"LineString","coordinates":[[-4.78515,37.89306],[-4.78513,37.89303],[-4.7848,37.89258],[-4.78477,37.89255]]}},{"type":"Feature","properties":{"name":"Avenida del Brillante","kind":"road","road":"secondary","osm":36896033},"geometry":{"type":"LineString","coordinates":[[-4.78094,37.89299],[-4.78102,37.893],[-4.78128,37.8931],[-4.78137,37.89319],[-4.78148,37.8933]]}},{"type":"Feature","properties":{"name":"Jardines Antonio José Delgado de Jesús","kind":"park","road":"","osm":36896035},"geometry":{"type":"Polygon","coordinates":[[[-4.78298,37.89193],[-4.78282,37.89079],[-4.78127,37.89149],[-4.7811,37.89158],[-4.78114,37.89163],[-4.78098,37.89174],[-4.78107,37.89193],[-4.78119,37.89205],[-4.78134,37.89233],[-4.78139,37.89239],[-4.78153,37.89259],[-4.78298,37.89193]]]}},{"type":"Feature","properties":{"name":"Jardines Antonio José Delgado de Jesús","kind":"park","road":"","osm":36896036},"geometry":{"type":"Polygon","coordinates":[[[-4.7833,37.8914],[-4.78318,37.89063],[-4.78689,37.88896],[-4.78701,37.88904],[-4.78719,37.8892],[-4.78727,37.8893],[-4.78732,37.88954],[-4.78737,37.88976],[-4.78735,37.88978],[-4.78741,37.88987],[-4.78726,37.88995],[-4.7873,37.89],[-4.7838,37.89158],[-4.78376,37.89152],[-4.78343,37.89167],[-4.7834,37.89163],[-4.78334,37.89166],[-4.7833,37.8914]]]}},{"type":"Feature","properties":{"name":"","kind":"road","road":"secondary","osm":36896039},"geometry":{"type":"LineString","coordinates":[[-4.78058,37.89175],[-4.7803,37.8916]]}},{"type":"Feature","properties":{"name":"Glorieta Llanos del Pretorio","kind":"road","road":"secondary","osm":36896044},"geometry":{"type":"LineString","coordinates":[[-4.7803,37.89207],[-4.7804,37.89225],[-4.78042,37.89229],[-4.78076,37.89278],[-4.78079,37.89282],[-4.78094,37.89299]]}},{"type":"Feature","properties":{"name":"Glorieta Llanos del Pretorio","kind":"road","road":"secondary","osm":36896046},"geometry":{"type":"LineString","coordinates":[[-4.78137,37.8928],[-4.78129,37.8926],[-4.78127,37.89256],[-4.78078,37.8919],[-4.78076,37.89186],[-4.78058,37.89175]]}},{"type":"Feature","properties":{"name":"Avenida de América","kind":"road","road":"primary","osm":36896047},"geometry":{"type":"LineString","coordinates":[[-4.78108,37.89139],[-4.78088,37.89153],[-4.78085,37.89156],[-4.78058,37.89175]]}},{"type":"Feature","properties":{"name":"Calle Manuel María de Arjona","kind":"road","road":"pedestrian","osm":36896049},"geometry":{"type":"LineString","coordinates":[[-4.78005,37.88823],[-4.77942,37.88812]]}},{"type":"Feature","properties":{"name":"Plaza de Colón","kind":"road","road":"secondary","osm":36896057},"geometry":{"type":"LineString","coordinates":[[-4.77789,37.88909],[-4.77775,37.88906],[-4.77765,37.88905],[-4.77757,37.88905],[-4.7775,37.88906],[-4.77744,37.88908],[-4.7774,37.88911],[-4.77737,37.88915],[-4.77734,37.88919],[-4.77733,37.88923],[-4.77733,37.88929],[-4.77735,37.88936],[-4.77737,37.88944]]}},{"type":"Feature","properties":{"name":"Calle Arquitecto José Rebollo Dicenta","kind":"road","road":"pedestrian","osm":36896064},"geometry":{"type":"LineString","coordinates":[[-4.77688,37.88776],[-4.77686,37.88766],[-4.77686,37.88756]]}},{"type":"Feature","properties":{"name":"Avenida de la Libertad","kind":"road","road":"primary","osm":36906825},"geometry":{"type":"LineString","coordinates":[[-4.78137,37.8928],[-4.78158,37.89271],[-4.7816,37.89271],[-4.78164,37.89269],[-4.78188,37.89258],[-4.78201,37.89253],[-4.78245,37.89233],[-4.7829,37.89212],[-4.78296,37.89209],[-4.78319,37.89199]]}},{"type":"Feature","properties":{"name":"Glorieta de Rafael Bernier Soldevilla","kind":"road","road":"primary","osm":36906826},"geometry":{"type":"LineString","coordinates":[[-4.78712,37.89638],[-4.78719,37.8964],[-4.78726,37.8964],[-4.78733,37.89639],[-4.78739,37.89636]]}},{"type":"Feature","properties":{"name":"Avenida Tenor Pedro Lavirgen","kind":"road","road":"primary","osm":36906829},"geometry":{"type":"LineString","coordinates":[[-4.786,37.89752],[-4.786,37.89749],[-4.786,37.89747],[-4.78601,37.89744],[-4.78603,37.89741],[-4.78606,37.89738],[-4.78608,37.89736],[-4.78617,37.89729],[-4.78625,37.89722],[-4.78636,37.89713],[-4.78646,37.89704],[-4.7866,37.89691],[-4.78673,37.89678],[-4.78686,37.89664],[-4.78698,37.8965],[-4.787,37.89648],[-4.78704,37.89645],[-4.78712,37.89638]]}},{"type":"Feature","properties":{"name":"Calle Anastasio Relaño","kind":"road","road":"pedestrian","osm":36906835},"geometry":{"type":"LineString","coordinates":[[-4.78624,37.89101],[-4.78622,37.89098],[-4.78608,37.89079],[-4.78603,37.89072]]}},{"type":"Feature","properties":{"name":"Calle Pintor Leal Gaete","kind":"road","road":"pedestrian","osm":36906836},"geometry":{"type":"LineString","coordinates":[[-4.78552,37.89208],[-4.78555,37.89211],[-4.78592,37.89261],[-4.78593,37.89263]]}},{"type":"Feature","properties":{"name":"","kind":"road","road":"pedestrian","osm":36906837},"geometry":{"type":"LineString","coordinates":[[-4.78569,37.89276],[-4.78567,37.89275],[-4.7853,37.89228],[-4.78526,37.89224]]}},{"type":"Feature","properties":{"name":"Calle Acera de Guerrita","kind":"road","road":"secondary","osm":36906840},"geometry":{"type":"LineString","coordinates":[[-4.7803,37.8916],[-4.78021,37.89155],[-4.78018,37.89153],[-4.78015,37.89152]]}},{"type":"Feature","properties":{"name":"Avenida del Gran Capitán","kind":"road","road":"secondary","osm":36980096},"geometry":{"type":"LineString","coordinates":[[-4.7827,37.88878],[-4.78265,37.88839],[-4.78256,37.88786],[-4.78252,37.88764]]}},{"type":"Feature","properties":{"name":"Calle de los Tipógrafos","kind":"road","road":"tertiary","osm":37850042},"geometry":{"type":"LineString","coordinates":[[-4.78053,37.89543],[-4.78051,37.89485],[-4.78049,37.89458],[-4.78041,37.89362],[-4.7804,37.8934],[-4.78039,37.89323]]}},{"type":"Feature","properties":{"name":"Avenida Don Luis de Cañete","kind":"road","road":"tertiary","osm":37851738},"geometry":{"type":"LineString","coordinates":[[-4.79324,37.89346],[-4.79312,37.89349],[-4.79165,37.89385],[-4.79143,37.89391],[-4.7913,37.89394],[-4.7909,37.89404],[-4.79026,37.8942],[-4.79013,37.89423]]}},{"type":"Feature","properties":{"name":"Calle Músico Cristóbal de Morales","kind":"road","road":"secondary","osm":37851739},"geometry":{"type":"LineString","coordinates":[[-4.79061,37.89548],[-4.79069,37.89546],[-4.79217,37.8951],[-4.79234,37.89506],[-4.79358,37.89475],[-4.79374,37.89471],[-4.79485,37.89444],[-4.79551,37.89428],[-4.79559,37.89426],[-4.79563,37.89425]]}},{"type":"Feature","properties":{"name":"Calle Poeta Juan Morales Rosas","kind":"road","road":"tertiary","osm":37851741},"geometry":{"type":"LineString","coordinates":[[-4.79165,37.89385],[-4.7917,37.89398],[-4.7921,37.89494],[-4.79217,37.8951]]}},{"type":"Feature","properties":{"name":"Calle Joaquín Sama Naharro","kind":"road","road":"tertiary","osm":37852188},"geometry":{"type":"LineString","coordinates":[[-4.78891,37.89862],[-4.78882,37.8985],[-4.78829,37.89772],[-4.78821,37.8976],[-4.78778,37.89698],[-4.78753,37.89657],[-4.7875,37.89652],[-4.78748,37.8965],[-4.78748,37.89649],[-4.78745,37.89644],[-4.78744,37.89642],[-4.78739,37.89636]]}},{"type":"Feature","properties":{"name":"Calle El Algarrobo","kind":"road","road":"tertiary","osm":37852196},"geometry":{"type":"LineString","coordinates":[[-4.78271,37.89491],[-4.78238,37.89504],[-4.78205,37.89516],[-4.78173,37.89525],[-4.78138,37.89532],[-4.78099,37.89538],[-4.78064,37.89542],[-4.78053,37.89543]]}},{"type":"Feature","properties":{"name":"Calle Los Chopos","kind":"road","road":"tertiary","osm":37852587},"geometry":{"type":"LineString","coordinates":[[-4.78242,37.89912],[-4.78196,37.89877],[-4.78193,37.89872],[-4.7819,37.89863],[-4.78186,37.89847],[-4.78181,37.8982],[-4.78169,37.89747],[-4.7817,37.8966],[-4.78173,37.89591],[-4.78173,37.89525]]}},{"type":"Feature","properties":{"name":"Avenida Ronda del Marrubial","kind":"road","road":"primary","osm":40693178},"geometry":{"type":"LineString","coordinates":[[-4.76654,37.89191],[-4.76638,37.89184],[-4.76635,37.89183],[-4.76611,37.89174],[-4.76598,37.89168],[-4.76586,37.89163],[-4.76578,37.89158],[-4.76571,37.89154],[-4.76563,37.89148]]}},{"type":"Feature","properties":{"name":"Avenida Barcelona","kind":"road","road":"primary","osm":40693471},"geometry":{"type":"LineString","coordinates":[[-4.76504,37.89072],[-4.76492,37.89053],[-4.76483,37.8904]]}},{"type":"Feature","properties":{"name":"Calle Azonaicas","kind":"road","road":"pedestrian","osm":41712678},"geometry":{"type":"LineString","coordinates":[[-4.77797,37.88457],[-4.77796,37.88429],[-4.77758,37.88427]]}},{"type":"Feature","properties":{"name":"Calle del Alcaide de los Donceles","kind":"road","road":"tertiary","osm":43111374},"geometry":{"type":"LineString","coordinates":[[-4.77145,37.87039],[-4.7718,37.87027],[-4.77214,37.87016],[-4.77252,37.87003],[-4.7729,37.86991],[-4.77329,37.86977],[-4.77489,37.86923],[-4.77534,37.86908]]}},{"type":"Feature","properties":{"name":"Calle Judería","kind":"road","road":"pedestrian","osm":43111785},"geometry":{"type":"LineString","coordinates":[[-4.7669,37.8731],[-4.76697,37.8731],[-4.76778,37.87304],[-4.7688,37.873]]}},{"type":"Feature","properties":{"name":"Calle Puente Romano","kind":"road","road":"pedestrian","osm":43111788},"geometry":{"type":"LineString","coordinates":[[-4.7687,37.87233],[-4.76769,37.87247],[-4.76689,37.8726],[-4.76684,37.87261]]}},{"type":"Feature","properties":{"name":"Calle Alcázar","kind":"road","road":"pedestrian","osm":43111789},"geometry":{"type":"LineString","coordinates":[[-4.76851,37.87169],[-4.76753,37.87193],[-4.76675,37.87213],[-4.7667,37.87214]]}},{"type":"Feature","properties":{"name":"Calle Corredera","kind":"road","road":"pedestrian","osm":43111790},"geometry":{"type":"LineString","coordinates":[[-4.76822,37.87105],[-4.76727,37.8714],[-4.76652,37.87166],[-4.76649,37.87167]]}},{"type":"Feature","properties":{"name":"Calle Cristo de los Faroles","kind":"road","road":"pedestrian","osm":43111792},"geometry":{"type":"LineString","coordinates":[[-4.7668,37.86939],[-4.76605,37.86996],[-4.76547,37.87043],[-4.76545,37.87044]]}},{"type":"Feature","properties":{"name":"Avenida del Campo de la Verdad","kind":"road","road":"primary","osm":43111795},"geometry":{"type":"LineString","coordinates":[[-4.76878,37.8744],[-4.76875,37.87439],[-4.76869,37.87439]]}},{"type":"Feature","properties":{"name":"Calle Los Patios","kind":"road","road":"pedestrian","osm":43111798},"geometry":{"type":"LineString","coordinates":[[-4.76783,37.87045],[-4.76694,37.87088],[-4.76623,37.87123],[-4.76621,37.87125]]}},{"type":"Feature","properties":{"name":"Calle Las Tendillas","kind":"road","road":"pedestrian","osm":43111799},"geometry":{"type":"LineString","coordinates":[[-4.76735,37.86989],[-4.76653,37.87039],[-4.76587,37.8708],[-4.76585,37.87082]]}},{"type":"Feature","properties":{"name":"Calle Periodista Ricardo Rodríguez","kind":"road","road":"tertiary","osm":43115886},"geometry":{"type":"LineString","coordinates":[[-4.76567,37.87717],[-4.76618,37.87676],[-4.76638,37.87665]]}},{"type":"Feature","properties":{"name":"Calle del Conquistador Ordoño Álvarez","kind":"road","road":"tertiary","osm":43115899},"geometry":{"type":"LineString","coordinates":[[-4.76477,37.87951],[-4.76437,37.8797],[-4.76352,37.8802],[-4.76315,37.88042],[-4.76286,37.88058]]}},{"type":"Feature","properties":{"name":"Calle del Venerable Juan de Santiago","kind":"road","road":"tertiary","osm":43115926},"geometry":{"type":"LineString","coordinates":[[-4.76687,37.87973],[-4.76538,37.87946]]}},{"type":"Feature","properties":{"name":"","kind":"road","road":"secondary","osm":45127390},"geometry":{"type":"LineString","coordinates":[[-4.76432,37.87453],[-4.76441,37.8746],[-4.76445,37.87466],[-4.76448,37.8747],[-4.76451,37.87475],[-4.76452,37.87481],[-4.76452,37.87488],[-4.76452,37.87494],[-4.7645,37.87501],[-4.76448,37.87506],[-4.76445,37.87512],[-4.76441,37.87517],[-4.76435,37.87523],[-4.76431,37.87527],[-4.76426,37.87531]]}},{"type":"Feature","properties":{"name":"Avenida Linneo","kind":"road","road":"tertiary","osm":47124553},"geometry":{"type":"LineString","coordinates":[[-4.78429,37.87272],[-4.78433,37.87267],[-4.78436,37.87264],[-4.7845,37.87241],[-4.78475,37.87202],[-4.7851,37.87145],[-4.78531,37.8711],[-4.78553,37.87071],[-4.78588,37.87008],[-4.78591,37.87001],[-4.78627,37.86936],[-4.78633,37.86926],[-4.78635,37.86922]]}},{"type":"Feature","properties":{"name":"Calle Bajada del Puente","kind":"road","road":"tertiary","osm":48203205},"geometry":{"type":"LineString","coordinates":[[-4.77619,37.87572],[-4.77593,37.87561],[-4.7757,37.8755],[-4.77564,37.87546]]}},{"type":"Feature","properties":{"name":"Calle Judíos","kind":"road","road":"pedestrian","osm":48203206},"geometry":{"type":"LineString","coordinates":[[-4.78392,37.88071],[-4.7838,37.88054],[-4.78363,37.88028],[-4.78336,37.87989],[-4.78336,37.87987],[-4.78331,37.87972],[-4.7833,37.87969],[-4.78323,37.8796],[-4.78313,37.87948],[-4.7831,37.87945],[-4.78302,37.8794],[-4.78289,37.87933]]}},{"type":"Feature","properties":{"name":"Calle del Portillo","kind":"road","road":"pedestrian","osm":48203207},"geometry":{"type":"LineString","coordinates":[[-4.77628,37.88142],[-4.77644,37.88137],[-4.77668,37.88125]]}},{"type":"Feature","properties":{"name":"Calle Sagunto","kind":"road","road":"tertiary","osm":50158420},"geometry":{"type":"LineString","coordinates":[[-4.7665,37.89196],[-4.76647,37.892],[-4.7664,37.89205],[-4.76607,37.89218],[-4.76575,37.89232]]}},{"type":"Feature","properties":{"name":"Avenida de Rabanales","kind":"road","road":"secondary","osm":51042952},"geometry":{"type":"LineString","coordinates":[[-4.76403,37.8913],[-4.76304,37.89172],[-4.76286,37.8918],[-4.76225,37.89206],[-4.76183,37.89223],[-4.76131,37.89244],[-4.76079,37.89267],[-4.76028,37.89288],[-4.76008,37.89296],[-4.76001,37.89298],[-4.75987,37.89303],[-4.75979,37.89307],[-4.75945,37.89324],[-4.75861,37.89379],[-4.75765,37.89448],[-4.75757,37.89453]]}},{"type":"Feature","properties":{"name":"Calle Amparo","kind":"road","road":"pedestrian","osm":77066441},"geometry":{"type":"LineString","coordinates":[[-4.77587,37.87997],[-4.77585,37.87994],[-4.77581,37.87989],[-4.77581,37.87987],[-4.77587,37.87982],[-4.77625,37.87953],[-4.77631,37.87948]]}},{"type":"Feature","properties":{"name":"Calle Pozo de Cueto","kind":"road","road":"pedestrian","osm":77066442},"geometry":{"type":"LineString","coordinates":[[-4.77618,37.87937],[-4.77626,37.87943],[-4.77631,37.87948],[-4.77637,37.87953],[-4.77639,37.87955]]}},{"type":"Feature","properties":{"name":"Calle Cepas","kind":"road","road":"pedestrian","osm":77275950},"geometry":{"type":"LineString","coordinates":[[-4.77567,37.89104],[-4.77508,37.89129],[-4.77506,37.8913]]}},{"type":"Feature","properties":{"name":"Calle Valencia","kind":"road","road":"pedestrian","osm":77275954},"geometry":{"type":"LineString","coordinates":[[-4.77389,37.89092],[-4.77384,37.89085],[-4.77374,37.89063],[-4.77373,37.89057]]}},{"type":"Feature","properties":{"name":"Calle Conde de Priego","kind":"road","road":"pedestrian","osm":77275958},"geometry":{"type":"LineString","coordinates":[[-4.77587,37.88955],[-4.77596,37.88952],[-4.77601,37.88948],[-4.77605,37.88945],[-4.77607,37.88942],[-4.77607,37.88939],[-4.77608,37.8893],[-4.77608,37.88913]]}},{"type":"Feature","properties":{"name":"Calle Manuel Mora Valle \"Morita\"","kind":"road","road":"pedestrian","osm":77275959},"geometry":{"type":"LineString","coordinates":[[-4.77448,37.8915],[-4.77453,37.89147],[-4.77483,37.89133],[-4.77484,37.89132]]}},{"type":"Feature","properties":{"name":"Calle Lindo","kind":"road","road":"pedestrian","osm":85651071},"geometry":{"type":"LineString","coordinates":[[-4.77985,37.88771],[-4.77982,37.88769],[-4.77978,37.88767],[-4.77969,37.88763],[-4.77962,37.88762],[-4.7795,37.88762]]}},{"type":"Feature","properties":{"name":"Plaza de la Alhóndiga","kind":"road","road":"pedestrian","osm":86304836},"geometry":{"type":"LineString","coordinates":[[-4.77752,37.87901],[-4.77751,37.87902],[-4.77742,37.87907],[-4.7774,37.87908],[-4.77738,37.87909],[-4.77735,37.87911],[-4.77732,37.87913],[-4.77732,37.87914],[-4.7773,37.87915],[-4.77729,37.87916],[-4.77727,37.87917],[-4.77726,37.87918],[-4.7773,37.87922],[-4.77732,37.87924],[-4.7773,37.87926],[-4.77727,37.87928],[-4.7772,37.87922],[-4.77716,37.87917],[-4.77714,37.87915],[-4.77711,37.87913],[-4.77711,37.87911],[-4.77711,37.8791],[-4.77718,37.87907],[-4.77732,37.879],[-4.77744,37.87894],[-4.77746,37.87893],[-4.77747,37.87894],[-4.77748,37.87896],[-4.77751,37.87899],[-4.77753,37.87901],[-4.77752,37.87901]]}},{"type":"Feature","properties":{"name":"Plaza de la Alhóndiga","kind":"road","road":"pedestrian","osm":86304838},"geometry":{"type":"LineString","coordinates":[[-4.77732,37.87927],[-4.7773,37.87926],[-4.77724,37.8792]]}},{"type":"Feature","properties":{"name":"Calle Cea","kind":"road","road":"pedestrian","osm":86304844},"geometry":{"type":"LineString","coordinates":[[-4.78264,37.8814],[-4.78267,37.88152],[-4.78271,37.88178],[-4.7827,37.88188]]}},{"type":"Feature","properties":{"name":"Plaza de la Alhóndiga","kind":"road","road":"pedestrian","osm":86304849},"geometry":{"type":"LineString","coordinates":[[-4.77759,37.87908],[-4.77752,37.87901]]}},{"type":"Feature","properties":{"name":"Plaza Maimónides","kind":"road","road":"pedestrian","osm":86304853},"geometry":{"type":"LineString","coordinates":[[-4.78289,37.87933],[-4.78289,37.87934],[-4.78286,37.87936],[-4.78278,37.87941],[-4.78275,37.87939],[-4.78269,37.8794],[-4.78266,37.8794],[-4.78261,37.87933],[-4.78261,37.87932],[-4.78256,37.87926],[-4.78257,37.87925],[-4.78258,37.87925],[-4.78264,37.87923],[-4.78267,37.87922],[-4.7827,37.87921],[-4.78276,37.87918],[-4.78281,37.87925],[-4.78291,37.87932],[-4.78289,37.87933]]}},{"type":"Feature","properties":{"name":"Calle Poeta Ricardo Molina","kind":"road","road":"pedestrian","osm":86304854},"geometry":{"type":"LineString","coordinates":[[-4.77711,37.87911],[-4.77694,37.87919],[-4.77692,37.87916],[-4.77679,37.87901]]}},{"type":"Feature","properties":{"name":"Calleja del Pañuelo","kind":"road","road":"pedestrian","osm":86304858},"geometry":{"type":"LineString","coordinates":[[-4.77849,37.87979],[-4.77856,37.87985],[-4.77859,37.87991],[-4.77861,37.87997],[-4.77865,37.88008]]}},{"type":"Feature","properties":{"name":"Callejón de la Hoguera","kind":"road","road":"pedestrian","osm":86304864},"geometry":{"type":"LineString","coordinates":[[-4.78023,37.88041],[-4.7804,37.88033],[-4.78042,37.88034],[-4.78051,37.8803]]}},{"type":"Feature","properties":{"name":"Calle Albucasis","kind":"road","road":"pedestrian","osm":86378104},"geometry":{"type":"LineString","coordinates":[[-4.78186,37.87904],[-4.78202,37.87902],[-4.78237,37.87895]]}},{"type":"Feature","properties":{"name":"Calle Averroes","kind":"road","road":"pedestrian","osm":86378476},"geometry":{"type":"LineString","coordinates":[[-4.78254,37.8795],[-4.78261,37.87954],[-4.78269,37.87964],[-4.78276,37.87963],[-4.7828,37.87967],[-4.78289,37.87976],[-4.78278,37.87981],[-4.78299,37.88008],[-4.78336,37.87989]]}},{"type":"Feature","properties":{"name":"Calle de la Rosa","kind":"road","road":"pedestrian","osm":86380084},"geometry":{"type":"LineString","coordinates":[[-4.77305,37.8823],[-4.77302,37.88231],[-4.77293,37.88234],[-4.7728,37.88241],[-4.77268,37.88247],[-4.77256,37.88255],[-4.77237,37.8827],[-4.77235,37.88271]]}},{"type":"Feature","properties":{"name":"Calle del Tornillo","kind":"road","road":"pedestrian","osm":86380879},"geometry":{"type":"LineString","coordinates":[[-4.77475,37.88259],[-4.77432,37.88242],[-4.77385,37.88229],[-4.77383,37.88229]]}},{"type":"Feature","properties":{"name":"Calle Huerto San Pedro el Real","kind":"road","road":"pedestrian","osm":86380880},"geometry":{"type":"LineString","coordinates":[[-4.77569,37.88161],[-4.77571,37.88167],[-4.77577,37.88182],[-4.77582,37.88192],[-4.77584,37.88198]]}},{"type":"Feature","properties":{"name":"Plaza de los Aguayos","kind":"road","road":"pedestrian","osm":86382553},"geometry":{"type":"LineString","coordinates":[[-4.7718,37.8828],[-4.77181,37.88287],[-4.77181,37.88297],[-4.77181,37.88299],[-4.77182,37.88304],[-4.77184,37.88304],[-4.77183,37.88312],[-4.77184,37.88313],[-4.77183,37.88321],[-4.77176,37.8832],[-4.77176,37.88321],[-4.77173,37.88321],[-4.77165,37.88321],[-4.77165,37.8832],[-4.77165,37.88316],[-4.77164,37.88308],[-4.77164,37.88301],[-4.77163,37.88298],[-4.77163,37.88293],[-4.77163,37.88285],[-4.77163,37.88281],[-4.77172,37.88281],[-4.7718,37.8828]]}},{"type":"Feature","properties":{"name":"Plaza Regina","kind":"road","road":"pedestrian","osm":86382554},"geometry":{"type":"LineString","coordinates":[[-4.77109,37.88427],[-4.77093,37.88428],[-4.77099,37.88453],[-4.77107,37.88451],[-4.77108,37.8845],[-4.77109,37.88427]]}},{"type":"Feature","properties":{"name":"Calle Isabel II","kind":"road","road":"pedestrian","osm":86383620},"geometry":{"type":"LineString","coordinates":[[-4.76872,37.88443],[-4.7691,37.88437],[-4.7698,37.88433],[-4.77034,37.88431],[-4.77093,37.88428]]}},{"type":"Feature","properties":{"name":"Calle Pintor Emilio Serrano","kind":"road","road":"pedestrian","osm":86408000},"geometry":{"type":"LineString","coordinates":[[-4.77085,37.88494],[-4.77086,37.88495],[-4.77088,37.88501],[-4.77089,37.8851],[-4.77089,37.88529],[-4.77082,37.88537],[-4.77082,37.88544]]}},{"type":"Feature","properties":{"name":"Plaza de Orive","kind":"road","road":"pedestrian","osm":86408837},"geometry":{"type":"LineString","coordinates":[[-4.77413,37.88588],[-4.77417,37.88589],[-4.77418,37.88587],[-4.77418,37.88583],[-4.77417,37.88581],[-4.77415,37.88578],[-4.77413,37.88578],[-4.7741,37.88579],[-4.77404,37.8858],[-4.77399,37.88581],[-4.77395,37.88582],[-4.77394,37.88583],[-4.77392,37.88586],[-4.77401,37.88585],[-4.77404,37.88589],[-4.77406,37.88589],[-4.77413,37.88588]]}},{"type":"Feature","properties":{"name":"Calle Villalones","kind":"road","road":"pedestrian","osm":86408840},"geometry":{"type":"LineString","coordinates":[[-4.77414,37.88599],[-4.77406,37.88589],[-4.77399,37.88582],[-4.77394,37.88583],[-4.77393,37.88582],[-4.7739,37.8858],[-4.77368,37.88576],[-4.7732,37.88573]]}},{"type":"Feature","properties":{"name":"","kind":"road","road":"tertiary","osm":86484189},"geometry":{"type":"LineString","coordinates":[[-4.7673,37.88478],[-4.76732,37.88481],[-4.76737,37.88483],[-4.76742,37.88483],[-4.76748,37.88483]]}},{"type":"Feature","properties":{"name":"Calle Puerta Nueva","kind":"road","road":"tertiary","osm":86484191},"geometry":{"type":"LineString","coordinates":[[-4.7666,37.88409],[-4.76667,37.88416],[-4.76667,37.88417],[-4.76679,37.88428]]}},{"type":"Feature","properties":{"name":"Plaza del Conde de Priego","kind":"road","road":"pedestrian","osm":86495458},"geometry":{"type":"LineString","coordinates":[[-4.77507,37.89003],[-4.77521,37.88984],[-4.77525,37.88984],[-4.77595,37.8897],[-4.77587,37.88955],[-4.7755,37.88965],[-4.77525,37.88974],[-4.77517,37.88972],[-4.7752,37.88976],[-4.77521,37.88978],[-4.77521,37.88981],[-4.77518,37.88985],[-4.77507,37.89003]]}},{"type":"Feature","properties":{"name":"Calle Marroquíes","kind":"road","road":"pedestrian","osm":86495461},"geometry":{"type":"LineString","coordinates":[[-4.77548,37.89052],[-4.77608,37.89034],[-4.77622,37.89031],[-4.77635,37.89029],[-4.7766,37.89028],[-4.77684,37.89026],[-4.77707,37.89023],[-4.77724,37.8902]]}},{"type":"Feature","properties":{"name":"Calle Adarve","kind":"road","road":"pedestrian","osm":86495626},"geometry":{"type":"LineString","coordinates":[[-4.77724,37.8902],[-4.77718,37.89002],[-4.77702,37.88971],[-4.77694,37.88956],[-4.77683,37.88935],[-4.77678,37.88929],[-4.7767,37.8892],[-4.77666,37.88918],[-4.77661,37.88914],[-4.77642,37.88901]]}},{"type":"Feature","properties":{"name":"","kind":"road","road":"pedestrian","osm":87028575},"geometry":{"type":"LineString","coordinates":[[-4.77335,37.88961],[-4.77312,37.88973]]}},{"type":"Feature","properties":{"name":"Calle Claustro","kind":"road","road":"pedestrian","osm":87051383},"geometry":{"type":"LineString","coordinates":[[-4.76812,37.88126],[-4.76966,37.88142]]}},{"type":"Feature","properties":{"name":"Calle Tinte","kind":"road","road":"pedestrian","osm":87051384},"geometry":{"type":"LineString","coordinates":[[-4.76812,37.88125],[-4.76814,37.88109],[-4.76817,37.881],[-4.76818,37.88095],[-4.76821,37.88084],[-4.76822,37.88082],[-4.76823,37.88078]]}},{"type":"Feature","properties":{"name":"Plaza Valdelasgranas","kind":"road","road":"pedestrian","osm":87051514},"geometry":{"type":"LineString","coordinates":[[-4.76885,37.88194],[-4.76886,37.88192],[-4.76888,37.88178],[-4.76889,37.8817],[-4.76863,37.88169],[-4.76859,37.8819],[-4.76858,37.88191],[-4.76885,37.88194]]}},{"type":"Feature","properties":{"name":"Plaza del Poeta Juan Bernier","kind":"road","road":"pedestrian","osm":87264390},"geometry":{"type":"LineString","coordinates":[[-4.7708,37.88769],[-4.77078,37.8877],[-4.77072,37.88773],[-4.77055,37.88783],[-4.77043,37.88792],[-4.77035,37.88795],[-4.7703,37.88796],[-4.77029,37.88793],[-4.77027,37.88785],[-4.77024,37.88776],[-4.77021,37.88771],[-4.77019,37.88768],[-4.77036,37.88756],[-4.77054,37.88744],[-4.77056,37.88744],[-4.77066,37.88754],[-4.7708,37.88769]]}},{"type":"Feature","properties":{"name":"Plaza de San Rafael","kind":"road","road":"pedestrian","osm":87264391},"geometry":{"type":"LineString","coordinates":[[-4.7703,37.88799],[-4.77031,37.88803],[-4.77037,37.88852],[-4.77038,37.88861]]}},{"type":"Feature","properties":{"name":"Calle Virgen de Villaviciosa","kind":"road","road":"pedestrian","osm":87264393},"geometry":{"type":"LineString","coordinates":[[-4.77017,37.88765],[-4.77019,37.88768],[-4.77021,37.88771],[-4.77024,37.88776],[-4.77027,37.88785],[-4.77029,37.88793],[-4.7703,37.88796],[-4.7703,37.88799]]}},{"type":"Feature","properties":{"name":"Plaza de San Rafael","kind":"road","road":"pedestrian","osm":87264397},"geometry":{"type":"LineString","coordinates":[[-4.77034,37.88861],[-4.77038,37.88861],[-4.77041,37.88861],[-4.77057,37.88858],[-4.77049,37.88842],[-4.77042,37.88825],[-4.77037,37.88811],[-4.77033,37.88802],[-4.77031,37.88803],[-4.77029,37.88805],[-4.7703,37.88818],[-4.77031,37.88823],[-4.77031,37.88829],[-4.77032,37.88835],[-4.77033,37.88835],[-4.77033,37.88838],[-4.77032,37.88838],[-4.77033,37.8885],[-4.77034,37.88861]]}},{"type":"Feature","properties":{"name":"Calle Roelas","kind":"road","road":"pedestrian","osm":88378555},"geometry":{"type":"LineString","coordinates":[[-4.7702,37.88868],[-4.77016,37.88866],[-4.76999,37.88862],[-4.76978,37.88855],[-4.76949,37.88846],[-4.76919,37.88839]]}},{"type":"Feature","properties":{"name":"Calle del Cristo","kind":"road","road":"pedestrian","osm":88824394},"geometry":{"type":"LineString","coordinates":[[-4.76871,37.88933],[-4.76884,37.88934],[-4.76902,37.88935],[-4.76915,37.88934],[-4.76932,37.88934],[-4.76948,37.88932],[-4.76987,37.88926],[-4.77024,37.88915],[-4.77017,37.88901],[-4.77015,37.88889],[-4.77017,37.88871],[-4.7702,37.88868]]}},{"type":"Feature","properties":{"name":"Calle Custodio","kind":"road","road":"pedestrian","osm":88824395},"geometry":{"type":"LineString","coordinates":[[-4.77037,37.88878],[-4.77041,37.88887],[-4.77058,37.88886],[-4.77061,37.88891],[-4.77067,37.88892],[-4.77094,37.88889],[-4.77097,37.88887]]}},{"type":"Feature","properties":{"name":"Calle Pozanco","kind":"road","road":"pedestrian","osm":88824397},"geometry":{"type":"LineString","coordinates":[[-4.77092,37.88868],[-4.77093,37.88869],[-4.77093,37.8887],[-4.77093,37.88871],[-4.77096,37.88879],[-4.77098,37.88882],[-4.77101,37.88888],[-4.77103,37.88894],[-4.77107,37.88899],[-4.77111,37.88906],[-4.77115,37.88911],[-4.77119,37.88917],[-4.77121,37.88919],[-4.77123,37.88923],[-4.77116,37.88926],[-4.77114,37.88923],[-4.77111,37.88924],[-4.77109,37.8892],[-4.77108,37.88919],[-4.77107,37.88915],[-4.77106,37.88914],[-4.77104,37.88911],[-4.77098,37.88896],[-4.77094,37.88889],[-4.77094,37.88888],[-4.77094,37.88887],[-4.77092,37.88882],[-4.77091,37.88878],[-4.7709,37.88875],[-4.77089,37.88871],[-4.77088,37.88869],[-4.7709,37.88868],[-4.77092,37.88868]]}},{"type":"Feature","properties":{"name":"Calle del Trueque","kind":"road","road":"pedestrian","osm":89696242},"geometry":{"type":"LineString","coordinates":[[-4.76875,37.88921],[-4.76873,37.8892],[-4.76858,37.88912],[-4.76854,37.88909],[-4.7684,37.88899],[-4.76817,37.88884],[-4.76811,37.8888]]}},{"type":"Feature","properties":{"name":"Pasaje Cristo Remedio de Ánimas","kind":"road","road":"pedestrian","osm":89696243},"geometry":{"type":"LineString","coordinates":[[-4.76895,37.88884],[-4.76876,37.88874],[-4.7687,37.88873],[-4.76865,37.88869],[-4.76865,37.88865],[-4.76853,37.88855]]}},{"type":"Feature","properties":{"name":"Calle Humosa","kind":"road","road":"pedestrian","osm":89698966},"geometry":{"type":"LineString","coordinates":[[-4.77152,37.88977],[-4.77057,37.89009],[-4.77021,37.89016],[-4.76994,37.89025],[-4.76985,37.89028]]}},{"type":"Feature","properties":{"name":"Calle Simancas","kind":"road","road":"pedestrian","osm":89698967},"geometry":{"type":"LineString","coordinates":[[-4.77173,37.89022],[-4.77119,37.89037],[-4.77087,37.89046],[-4.77063,37.89052],[-4.77009,37.89066]]}},{"type":"Feature","properties":{"name":"Calle Mellados","kind":"road","road":"pedestrian","osm":89698971},"geometry":{"type":"LineString","coordinates":[[-4.77163,37.89001],[-4.77128,37.89011],[-4.77084,37.89025],[-4.77079,37.89027]]}},{"type":"Feature","properties":{"name":"Calle Montañas","kind":"road","road":"pedestrian","osm":89698972},"geometry":{"type":"LineString","coordinates":[[-4.77021,37.89016],[-4.76992,37.88995]]}},{"type":"Feature","properties":{"name":"Calle del Hornillo","kind":"road","road":"pedestrian","osm":89698974},"geometry":{"type":"LineString","coordinates":[[-4.76994,37.89025],[-4.77,37.89041],[-4.77009,37.89066],[-4.77012,37.89076],[-4.77019,37.89101]]}},{"type":"Feature","properties":{"name":"Avenida Barcelona","kind":"road","road":"primary","osm":89711736},"geometry":{"type":"LineString","coordinates":[[-4.7652,37.89095],[-4.76513,37.89085]]}},{"type":"Feature","properties":{"name":"Calle del Queso","kind":"road","road":"pedestrian","osm":89711738},"geometry":{"type":"LineString","coordinates":[[-4.76705,37.89068],[-4.76688,37.89021],[-4.76675,37.88998],[-4.76668,37.88992],[-4.76653,37.88975]]}},{"type":"Feature","properties":{"name":"Calle Horno del Agua","kind":"road","road":"pedestrian","osm":89711739},"geometry":{"type":"LineString","coordinates":[[-4.76577,37.89056],[-4.76628,37.89039],[-4.76648,37.89032],[-4.76688,37.89021]]}},{"type":"Feature","properties":{"name":"Plaza de las Cañas","kind":"road","road":"pedestrian","osm":90528549},"geometry":{"type":"LineString","coordinates":[[-4.7743,37.88265],[-4.77431,37.88264],[-4.77431,37.88263],[-4.77438,37.88267],[-4.77441,37.88268],[-4.77446,37.88269],[-4.77452,37.88271],[-4.77455,37.88272],[-4.77465,37.88274],[-4.77467,37.88274],[-4.77468,37.88274],[-4.77471,37.88275],[-4.77473,37.88276],[-4.7747,37.88294],[-4.77466,37.88295],[-4.77445,37.88295],[-4.77436,37.88295],[-4.77429,37.88295],[-4.77421,37.88295],[-4.77422,37.88289],[-4.77423,37.88283],[-4.77423,37.88281],[-4.77423,37.88276],[-4.77426,37.88275],[-4.77428,37.8827],[-4.7743,37.88265]]}},{"type":"Feature","properties":{"name":"Plaza del Potro","kind":"road","road":"pedestrian","osm":90528551},"geometry":{"type":"LineString","coordinates":[[-4.77498,37.88142],[-4.77492,37.8813],[-4.77491,37.88129],[-4.77486,37.88119],[-4.77478,37.88103],[-4.77472,37.88096],[-4.77462,37.88084],[-4.77459,37.88081]]}},{"type":"Feature","properties":{"name":"Calle Enrique Romero de Torres","kind":"road","road":"pedestrian","osm":90528554},"geometry":{"type":"LineString","coordinates":[[-4.77463,37.88078],[-4.77424,37.88028],[-4.77421,37.88024]]}},{"type":"Feature","properties":{"name":"Calle Pedro Rey","kind":"road","road":"pedestrian","osm":90528558},"geometry":{"type":"LineString","coordinates":[[-4.77558,37.88328],[-4.77567,37.88298],[-4.7757,37.88284]]}},{"type":"Feature","properties":{"name":"Calle Gragea","kind":"road","road":"pedestrian","osm":90528564},"geometry":{"type":"LineString","coordinates":[[-4.77395,37.88129],[-4.77397,37.88131],[-4.77402,37.88138],[-4.77405,37.88145],[-4.77406,37.88149],[-4.77421,37.88194],[-4.77426,37.88206],[-4.7743,37.88213]]}},{"type":"Feature","properties":{"name":"Calle Pedro Muñoz","kind":"road","road":"pedestrian","osm":90528566},"geometry":{"type":"LineString","coordinates":[[-4.77514,37.88323],[-4.77535,37.88323],[-4.77558,37.88328]]}},{"type":"Feature","properties":{"name":"Calle Madrid","kind":"road","road":"pedestrian","osm":94175618},"geometry":{"type":"LineString","coordinates":[[-4.77592,37.88217],[-4.77588,37.88218],[-4.77568,37.88222],[-4.77545,37.88227]]}},{"type":"Feature","properties":{"name":"Calle de Munda","kind":"road","road":"pedestrian","osm":94176738},"geometry":{"type":"LineString","coordinates":[[-4.7776,37.8835],[-4.77742,37.884],[-4.77741,37.88417]]}},{"type":"Feature","properties":{"name":"Calle San Bartolomé","kind":"road","road":"pedestrian","osm":95110078},"geometry":{"type":"LineString","coordinates":[[-4.78544,37.87523],[-4.78543,37.87525],[-4.78538,37.87537],[-4.78514,37.87555],[-4.78489,37.87573],[-4.78483,37.87577],[-4.78463,37.87565]]}},{"type":"Feature","properties":{"name":"Cuesta de la Pólvora","kind":"road","road":"tertiary","osm":95110155},"geometry":{"type":"LineString","coordinates":[[-4.76536,37.88012],[-4.76521,37.88004],[-4.76509,37.87991],[-4.76492,37.87969],[-4.76477,37.87951]]}},{"type":"Feature","properties":{"name":"Calle Camino de la Barca","kind":"road","road":"tertiary","osm":95110159},"geometry":{"type":"LineString","coordinates":[[-4.76477,37.87951],[-4.76456,37.87923],[-4.76429,37.87892],[-4.76397,37.87851]]}},{"type":"Feature","properties":{"name":"Pasaje Platero Alcántara","kind":"road","road":"pedestrian","osm":95110160},"geometry":{"type":"LineString","coordinates":[[-4.76542,37.87784],[-4.76508,37.87895],[-4.76492,37.8795]]}},{"type":"Feature","properties":{"name":"Calle Cabezas","kind":"road","road":"pedestrian","osm":95368413},"geometry":{"type":"LineString","coordinates":[[-4.77695,37.88014],[-4.77673,37.88043],[-4.77661,37.88061],[-4.7766,37.88064],[-4.77649,37.88084],[-4.77649,37.88094],[-4.7765,37.88103],[-4.77652,37.88109],[-4.77656,37.88113],[-4.77668,37.88125]]}},{"type":"Feature","properties":{"name":"Calle Horno de Porras","kind":"road","road":"pedestrian","osm":95384542},"geometry":{"type":"LineString","coordinates":[[-4.77663,37.88005],[-4.77666,37.88001],[-4.77672,37.87991],[-4.77676,37.87984],[-4.77682,37.87975],[-4.77689,37.87963]]}},{"type":"Feature","properties":{"name":"Calle Zapatería Vieja","kind":"road","road":"pedestrian","osm":95384543},"geometry":{"type":"LineString","coordinates":[[-4.77739,37.87963],[-4.77728,37.87978],[-4.77718,37.87975],[-4.77692,37.87965],[-4.77689,37.87963]]}},{"type":"Feature","properties":{"name":"Calle Poeta Emilio Prados","kind":"road","road":"secondary","osm":95497344},"geometry":{"type":"LineString","coordinates":[[-4.79061,37.89548],[-4.79061,37.89559],[-4.79054,37.89677],[-4.79054,37.89686]]}},{"type":"Feature","properties":{"name":"","kind":"park","road":"","osm":95497347},"geometry":{"type":"Polygon","coordinates":[[[-4.79088,37.89327],[-4.79101,37.89333],[-4.79121,37.89384],[-4.79119,37.89393],[-4.79025,37.89416],[-4.79012,37.89412],[-4.78989,37.89356],[-4.78997,37.89348],[-4.79088,37.89327]]]}},{"type":"Feature","properties":{"name":"Calle Escritor Sebastián Cuevas","kind":"road","road":"tertiary","osm":95549900},"geometry":{"type":"LineString","coordinates":[[-4.76517,37.87514],[-4.76523,37.87519],[-4.76531,37.87528],[-4.76536,37.87536],[-4.76539,37.87539],[-4.76562,37.87568]]}},{"type":"Feature","properties":{"name":"Calle Escritor Sebastián Cuevas","kind":"road","road":"tertiary","osm":95549909},"geometry":{"type":"LineString","coordinates":[[-4.76638,37.87665],[-4.76661,37.87694],[-4.76668,37.87704],[-4.76674,37.87711],[-4.76717,37.87765],[-4.76727,37.8778],[-4.76734,37.87795],[-4.76737,37.87809],[-4.76741,37.87832],[-4.76739,37.8785],[-4.76738,37.87857]]}},{"type":"Feature","properties":{"name":"","kind":"road","road":"tertiary","osm":95549914},"geometry":{"type":"LineString","coordinates":[[-4.76664,37.87667],[-4.76671,37.87664],[-4.76673,37.87662]]}},{"type":"Feature","properties":{"name":"","kind":"road","road":"tertiary","osm":95552995},"geometry":{"type":"LineString","coordinates":[[-4.76703,37.87985],[-4.76705,37.87987],[-4.76707,37.87989],[-4.7671,37.8799],[-4.76713,37.8799],[-4.76716,37.8799],[-4.76719,37.87989],[-4.76721,37.87987],[-4.76723,37.87985],[-4.76723,37.87982],[-4.76723,37.87979],[-4.76721,37.87977],[-4.76718,37.87975],[-4.76715,37.87974],[-4.76712,37.87974],[-4.76709,37.87975],[-4.76707,37.87976],[-4.76705,37.87978],[-4.76703,37.8798],[-4.76703,37.87982],[-4.76703,37.87985]]}},{"type":"Feature","properties":{"name":"Pasaje Platero Alcántara","kind":"road","road":"pedestrian","osm":95552997},"geometry":{"type":"LineString","coordinates":[[-4.76456,37.87923],[-4.76508,37.87895]]}},{"type":"Feature","properties":{"name":"Calle Escritor Sebastián Cuevas","kind":"road","road":"tertiary","osm":95554456},"geometry":{"type":"LineString","coordinates":[[-4.76719,37.87989],[-4.76721,37.87993],[-4.76722,37.87996],[-4.76723,37.87999],[-4.76722,37.88043],[-4.76722,37.88047],[-4.76721,37.88051],[-4.7672,37.88061]]}},{"type":"Feature","properties":{"name":"Calle Músico Francisco de Salinas","kind":"road","road":"tertiary","osm":95612467},"geometry":{"type":"LineString","coordinates":[[-4.7913,37.89394],[-4.79126,37.89386],[-4.79104,37.8933],[-4.791,37.89321],[-4.7908,37.89267],[-4.79078,37.89263],[-4.79081,37.89256],[-4.79091,37.8923],[-4.79112,37.89179],[-4.79114,37.89174]]}},{"type":"Feature","properties":{"name":"Calle Músico Tomás Luis de Victoria","kind":"road","road":"secondary","osm":95613710},"geometry":{"type":"LineString","coordinates":[[-4.78941,37.89244],[-4.78951,37.89264]]}},{"type":"Feature","properties":{"name":"Calle Músico Tomás Luis de Victoria","kind":"road","road":"secondary","osm":95613712},"geometry":{"type":"LineString","coordinates":[[-4.78972,37.89206],[-4.78978,37.89191],[-4.7899,37.89163],[-4.78993,37.89157],[-4.78995,37.89153]]}},{"type":"Feature","properties":{"name":"Calle Músico Tomás Luis de Victoria","kind":"road","road":"secondary","osm":95613713},"geometry":{"type":"LineString","coordinates":[[-4.78972,37.89206],[-4.78947,37.89224]]}},{"type":"Feature","properties":{"name":"Calle Músico Tomás Luis de Victoria","kind":"road","road":"secondary","osm":95613714},"geometry":{"type":"LineString","coordinates":[[-4.7896,37.89235],[-4.78972,37.89206]]}},{"type":"Feature","properties":{"name":"Calle Músico Antonio de Cabezón","kind":"road","road":"tertiary","osm":95613715},"geometry":{"type":"LineString","coordinates":[[-4.78938,37.89227],[-4.78917,37.89235]]}},{"type":"Feature","properties":{"name":"Calle Músico Tomás Luis de Victoria","kind":"road","road":"secondary","osm":95613717},"geometry":{"type":"LineString","coordinates":[[-4.79013,37.89423],[-4.79017,37.89435],[-4.79055,37.89532],[-4.79061,37.89548]]}},{"type":"Feature","properties":{"name":"Calle Músico Tomás Luis de Victoria","kind":"road","road":"secondary","osm":95613718},"geometry":{"type":"LineString","coordinates":[[-4.78951,37.89264],[-4.78956,37.89242]]}},{"type":"Feature","properties":{"name":"Parque Carretera Trassierra","kind":"park","road":"","osm":95613722},"geometry":{"type":"Polygon","coordinates":[[[-4.79085,37.8921],[-4.79079,37.89208],[-4.79055,37.89202],[-4.79041,37.89198],[-4.79023,37.89194],[-4.78996,37.89187],[-4.79002,37.89172],[-4.79007,37.89158],[-4.79008,37.89157],[-4.7902,37.89159],[-4.79035,37.89163],[-4.79054,37.89168],[-4.79069,37.89172],[-4.79098,37.89178],[-4.79092,37.89192],[-4.79085,37.8921]]]}},{"type":"Feature","properties":{"name":"Calle Músico Antonio de Cabezón","kind":"road","road":"tertiary","osm":95613723},"geometry":{"type":"LineString","coordinates":[[-4.78917,37.89235],[-4.78937,37.89241]]}},{"type":"Feature","properties":{"name":"","kind":"road","road":"secondary","osm":95613724},"geometry":{"type":"LineString","coordinates":[[-4.7896,37.89235],[-4.78959,37.89231],[-4.78956,37.89227],[-4.78952,37.89225],[-4.78947,37.89224]]}},{"type":"Feature","properties":{"name":"","kind":"road","road":"pedestrian","osm":95614312},"geometry":{"type":"LineString","coordinates":[[-4.79192,37.89253],[-4.79189,37.89253],[-4.79096,37.89232],[-4.79091,37.8923]]}},{"type":"Feature","properties":{"name":"Avenida Vía Augusta","kind":"road","road":"primary","osm":95617015},"geometry":{"type":"LineString","coordinates":[[-4.79054,37.88871],[-4.7907,37.88869],[-4.7915,37.88858],[-4.79168,37.88855],[-4.79182,37.88852],[-4.79198,37.88848],[-4.79215,37.88843],[-4.79236,37.88835],[-4.79262,37.88824],[-4.79284,37.88812],[-4.79289,37.88809]]}},{"type":"Feature","properties":{"name":"Avenida Vía Augusta","kind":"road","road":"primary","osm":95617027},"geometry":{"type":"LineString","coordinates":[[-4.78927,37.88927],[-4.78943,37.88919],[-4.79038,37.88876],[-4.79042,37.88875],[-4.79054,37.88871]]}},{"type":"Feature","properties":{"name":"Calle del Venerable Juan de Santiago","kind":"road","road":"tertiary","osm":95651916},"geometry":{"type":"LineString","coordinates":[[-4.76477,37.87951],[-4.76492,37.8795],[-4.765,37.87948],[-4.76538,37.87946]]}},{"type":"Feature","properties":{"name":"Avenida Jesús Rescatado","kind":"road","road":"tertiary","osm":95658858},"geometry":{"type":"LineString","coordinates":[[-4.75904,37.89056],[-4.75913,37.89057],[-4.75942,37.89059],[-4.75959,37.89061],[-4.75968,37.89061],[-4.76028,37.89066],[-4.76056,37.89068],[-4.76089,37.89071],[-4.76148,37.89074],[-4.76194,37.89079],[-4.76263,37.89085],[-4.76308,37.89089],[-4.76315,37.89091],[-4.76324,37.89094],[-4.76336,37.89097],[-4.76361,37.89108],[-4.76388,37.89122],[-4.76403,37.8913]]}},{"type":"Feature","properties":{"name":"Calle Hernando de Magallanes","kind":"road","road":"tertiary","osm":95694167},"geometry":{"type":"LineString","coordinates":[[-4.76229,37.88395],[-4.76306,37.88395],[-4.76342,37.88395],[-4.76403,37.88395],[-4.76495,37.88396]]}},{"type":"Feature","properties":{"name":"Calle Pío XII","kind":"road","road":"tertiary","osm":95704715},"geometry":{"type":"LineString","coordinates":[[-4.77602,37.87061],[-4.77557,37.87076],[-4.77408,37.87126],[-4.77387,37.87133],[-4.77372,37.87138],[-4.77349,37.87146],[-4.77332,37.87152],[-4.77295,37.87164],[-4.77261,37.87175],[-4.77225,37.87187]]}},{"type":"Feature","properties":{"name":"Calle Divina Pastora de las Almas","kind":"road","road":"pedestrian","osm":95704716},"geometry":{"type":"LineString","coordinates":[[-4.77485,37.87397],[-4.7745,37.87409]]}},{"type":"Feature","properties":{"name":"Calle Pedro Verdugo","kind":"road","road":"pedestrian","osm":95724326},"geometry":{"type":"LineString","coordinates":[[-4.76996,37.88778],[-4.76989,37.88769],[-4.76983,37.88759],[-4.76985,37.88758],[-4.76977,37.88741],[-4.76971,37.8873],[-4.76961,37.8871],[-4.76957,37.88698],[-4.7695,37.88674]]}},{"type":"Feature","properties":{"name":"Calle Yerbabuena","kind":"road","road":"pedestrian","osm":95724352},"geometry":{"type":"LineString","coordinates":[[-4.77118,37.88805],[-4.77142,37.88794],[-4.77145,37.88791]]}},{"type":"Feature","properties":{"name":"","kind":"road","road":"pedestrian","osm":95789918},"geometry":{"type":"LineString","coordinates":[[-4.77483,37.87607],[-4.77501,37.87621]]}},{"type":"Feature","properties":{"name":"Calle Acera Mira al Río","kind":"road","road":"tertiary","osm":95789919},"geometry":{"type":"LineString","coordinates":[[-4.77544,37.87721],[-4.77552,37.87718],[-4.77573,37.87693],[-4.77586,37.87673],[-4.77596,37.87652],[-4.776,37.87642],[-4.77609,37.87621],[-4.77614,37.87603],[-4.77616,37.87594],[-4.77619,37.87572]]}},{"type":"Feature","properties":{"name":"Avenida de la Diputación","kind":"road","road":"tertiary","osm":95792038},"geometry":{"type":"LineString","coordinates":[[-4.77447,37.87495],[-4.77448,37.87489],[-4.77442,37.87484],[-4.774,37.87454],[-4.77366,37.87431],[-4.7734,37.87411],[-4.77333,37.87406],[-4.77327,37.874],[-4.77323,37.87396],[-4.77319,37.87389],[-4.77315,37.87382],[-4.77309,37.87373],[-4.77293,37.87342],[-4.77277,37.87311],[-4.77262,37.87281],[-4.77247,37.87251],[-4.7724,37.87236],[-4.77236,37.87227],[-4.77234,37.87219],[-4.77232,37.87209],[-4.77229,37.872],[-4.77225,37.87187]]}},{"type":"Feature","properties":{"name":"Calle de la Acera del Río","kind":"road","road":"tertiary","osm":95794841},"geometry":{"type":"LineString","coordinates":[[-4.77225,37.87187],[-4.77145,37.87039],[-4.7714,37.87028]]}},{"type":"Feature","properties":{"name":"Calle del Arzobispo Barrios","kind":"road","road":"pedestrian","osm":95796078},"geometry":{"type":"LineString","coordinates":[[-4.77282,37.87412],[-4.77279,37.87401],[-4.77254,37.87356]]}},{"type":"Feature","properties":{"name":"","kind":"park","road":"","osm":95799946},"geometry":{"type":"Polygon","coordinates":[[[-4.77982,37.87067],[-4.779,37.8715],[-4.77988,37.8721],[-4.78081,37.87121],[-4.77982,37.87067]]]}},{"type":"Feature","properties":{"name":"","kind":"road","road":"pedestrian","osm":95800721},"geometry":{"type":"LineString","coordinates":[[-4.77804,37.87194],[-4.77823,37.87166]]}},{"type":"Feature","properties":{"name":"Calle Pintor Saló","kind":"road","road":"pedestrian","osm":95841394},"geometry":{"type":"LineString","coordinates":[[-4.76609,37.88726],[-4.76607,37.88715],[-4.76603,37.88709],[-4.766,37.88701],[-4.76584,37.88662],[-4.76586,37.8866],[-4.76578,37.88637]]}},{"type":"Feature","properties":{"name":"Calle Domingo Badía","kind":"road","road":"pedestrian","osm":95841396},"geometry":{"type":"LineString","coordinates":[[-4.76578,37.88637],[-4.76522,37.88642],[-4.76502,37.88645]]}},{"type":"Feature","properties":{"name":"Plaza de Sor Pilar","kind":"road","road":"pedestrian","osm":95973050},"geometry":{"type":"LineString","coordinates":[[-4.77641,37.8725],[-4.77674,37.87242],[-4.77675,37.87246],[-4.77687,37.87272],[-4.77654,37.87259],[-4.77645,37.87253],[-4.77641,37.8725]]}},{"type":"Feature","properties":{"name":"Plaza Arrabal","kind":"park","road":"","osm":95976137},"geometry":{"type":"Polygon","coordinates":[[[-4.77285,37.8699],[-4.77257,37.86999],[-4.77216,37.86878],[-4.77228,37.86875],[-4.77285,37.8699]]]}},{"type":"Feature","properties":{"name":"","kind":"road","road":"pedestrian","osm":95977503},"geometry":{"type":"LineString","coordinates":[[-4.77563,37.86835],[-4.7756,37.86838],[-4.77535,37.86868],[-4.77517,37.86858],[-4.77501,37.86827],[-4.77499,37.86823],[-4.77499,37.8682],[-4.77501,37.86815],[-4.77504,37.86812],[-4.77509,37.8681],[-4.77515,37.8681],[-4.7752,37.86811],[-4.77526,37.86815],[-4.77563,37.86835]]}},{"type":"Feature","properties":{"name":"Calle Pedro Fernández","kind":"road","road":"pedestrian","osm":95996201},"geometry":{"type":"LineString","coordinates":[[-4.77461,37.88669],[-4.77422,37.88666],[-4.77406,37.88666],[-4.77394,37.88668],[-4.77364,37.88676]]}},{"type":"Feature","properties":{"name":"Avenida de los Almogávares","kind":"road","road":"secondary","osm":96066989},"geometry":{"type":"LineString","coordinates":[[-4.77416,37.89621],[-4.77424,37.89623],[-4.77441,37.89626],[-4.77459,37.8963],[-4.77478,37.89634]]}},{"type":"Feature","properties":{"name":"Avenida de los Almogávares","kind":"road","road":"secondary","osm":96066991},"geometry":{"type":"LineString","coordinates":[[-4.77358,37.89611],[-4.77416,37.89621]]}},{"type":"Feature","properties":{"name":"Plaza de Zaragoza","kind":"road","road":"pedestrian","osm":96109572},"geometry":{"type":"LineString","coordinates":[[-4.77811,37.86871],[-4.77741,37.86834],[-4.77742,37.86833],[-4.77779,37.8681],[-4.77781,37.86809],[-4.77788,37.86823],[-4.77792,37.86832],[-4.778,37.86849],[-4.77805,37.86859],[-4.77811,37.86871]]}},{"type":"Feature","properties":{"name":"Calle Velasco","kind":"road","road":"pedestrian","osm":96116156},"geometry":{"type":"LineString","coordinates":[[-4.76974,37.89002],[-4.76959,37.88965],[-4.76951,37.88943],[-4.76948,37.88932]]}},{"type":"Feature","properties":{"name":"Calle Matarratones","kind":"road","road":"pedestrian","osm":96116161},"geometry":{"type":"LineString","coordinates":[[-4.77119,37.89037],[-4.77128,37.89067],[-4.77129,37.89071]]}},{"type":"Feature","properties":{"name":"Calle Rinconada de San Antonio","kind":"road","road":"pedestrian","osm":96116164},"geometry":{"type":"LineString","coordinates":[[-4.7717,37.89119],[-4.77155,37.89119],[-4.7714,37.89122],[-4.77095,37.89134],[-4.77048,37.89146],[-4.77041,37.89145]]}},{"type":"Feature","properties":{"name":"Calle Cidros","kind":"road","road":"pedestrian","osm":96116166},"geometry":{"type":"LineString","coordinates":[[-4.77364,37.88676],[-4.77372,37.88692]]}},{"type":"Feature","properties":{"name":"Plaza del Huerto Hundido","kind":"road","road":"pedestrian","osm":96116168},"geometry":{"type":"LineString","coordinates":[[-4.77063,37.89052],[-4.77061,37.89044],[-4.77067,37.89034],[-4.77062,37.89022],[-4.77069,37.89025],[-4.77079,37.89027],[-4.77087,37.89046]]}},{"type":"Feature","properties":{"name":"Plaza del Rector","kind":"road","road":"pedestrian","osm":96116173},"geometry":{"type":"LineString","coordinates":[[-4.77493,37.88972],[-4.77468,37.88984],[-4.77459,37.88973],[-4.77444,37.8898],[-4.77443,37.88986],[-4.77441,37.88981],[-4.77439,37.88979],[-4.77444,37.88976],[-4.77436,37.88969],[-4.77435,37.88968],[-4.77445,37.88956],[-4.7747,37.88973],[-4.77481,37.88964],[-4.77488,37.88965],[-4.77493,37.88972]]}},{"type":"Feature","properties":{"name":"Calle Empedrada","kind":"road","road":"pedestrian","osm":96116176},"geometry":{"type":"LineString","coordinates":[[-4.77283,37.89142],[-4.77268,37.89121],[-4.77252,37.8909],[-4.77245,37.89068]]}},{"type":"Feature","properties":{"name":"Calle Mancera","kind":"road","road":"pedestrian","osm":96128192},"geometry":{"type":"LineString","coordinates":[[-4.77226,37.88562],[-4.77193,37.88562],[-4.77174,37.88564]]}},{"type":"Feature","properties":{"name":"Calle Pintor Bermejo","kind":"road","road":"pedestrian","osm":96128193},"geometry":{"type":"LineString","coordinates":[[-4.77318,37.88567],[-4.77299,37.88565],[-4.77274,37.88562],[-4.77265,37.88561],[-4.77254,37.88559],[-4.77241,37.88558],[-4.77228,37.88556]]}},{"type":"Feature","properties":{"name":"Avenida de Libia","kind":"road","road":"primary","osm":96198519},"geometry":{"type":"LineString","coordinates":[[-4.76583,37.88524],[-4.76545,37.88544],[-4.76478,37.88577],[-4.76461,37.88588],[-4.76437,37.88604],[-4.7643,37.88609],[-4.76383,37.88653],[-4.76372,37.88664]]}},{"type":"Feature","properties":{"name":"Jardines de Vallellano","kind":"park","road":"","osm":96231861},"geometry":{"type":"Polygon","coordinates":[[[-4.78571,37.87951],[-4.7852,37.87947],[-4.78534,37.87805],[-4.78548,37.87667],[-4.78585,37.87579],[-4.78608,37.8758],[-4.78571,37.87951]]]}},{"type":"Feature","properties":{"name":"","kind":"park","road":"","osm":96231869},"geometry":{"type":"Polygon","coordinates":[[[-4.77448,37.88492],[-4.77447,37.88488],[-4.77459,37.88488],[-4.77459,37.88487],[-4.77465,37.88487],[-4.77465,37.88488],[-4.77465,37.88489],[-4.77498,37.88488],[-4.77501,37.88515],[-4.77478,37.88516],[-4.77478,37.88527],[-4.77449,37.88528],[-4.77448,37.88505],[-4.77448,37.88492]]]}},{"type":"Feature","properties":{"name":"Calle Conde de Cárdenas","kind":"road","road":"pedestrian","osm":96231878},"geometry":{"type":"LineString","coordinates":[[-4.77707,37.88423],[-4.77709,37.88422],[-4.77722,37.88419],[-4.77741,37.88417],[-4.77758,37.88414]]}},{"type":"Feature","properties":{"name":"Plaza de Jerónimo Páez","kind":"road","road":"pedestrian","osm":96237796},"geometry":{"type":"LineString","coordinates":[[-4.77809,37.88149],[-4.77815,37.88152],[-4.77818,37.88154],[-4.77831,37.88164],[-4.77835,37.88167],[-4.77836,37.88169],[-4.77837,37.88171],[-4.77833,37.88173],[-4.77824,37.8818],[-4.77819,37.88184],[-4.77823,37.88188],[-4.77808,37.88196],[-4.77808,37.88195],[-4.77803,37.88197],[-4.77798,37.88193],[-4.77799,37.88192],[-4.77792,37.88185],[-4.77791,37.88185],[-4.77787,37.88181],[-4.77784,37.8818],[-4.77783,37.88179],[-4.7779,37.88171],[-4.77796,37.88163],[-4.77791,37.88159],[-4.77793,37.88156],[-4.77802,37.88148],[-4.77803,37.88145],[-4.77809,37.88149]]}},{"type":"Feature","properties":{"name":"Calle Julio Romero de Torres","kind":"road","road":"pedestrian","osm":96237799},"geometry":{"type":"LineString","coordinates":[[-4.7767,37.88131],[-4.77691,37.88118],[-4.77702,37.88117],[-4.77712,37.88119],[-4.77717,37.88123],[-4.7773,37.88119],[-4.77737,37.88122],[-4.7777,37.88141],[-4.77781,37.88135],[-4.77798,37.88146]]}},{"type":"Feature","properties":{"name":"Calle Marqués del Villar","kind":"road","road":"pedestrian","osm":96237803},"geometry":{"type":"LineString","coordinates":[[-4.77715,37.88247],[-4.77737,37.88237],[-4.7774,37.88233],[-4.7774,37.8823],[-4.77732,37.88221],[-4.77747,37.88207],[-4.77784,37.8818]]}},{"type":"Feature","properties":{"name":"Jardines Puerta de Almodóvar","kind":"park","road":"","osm":96240427},"geometry":{"type":"Polygon","coordinates":[[[-4.78473,37.88198],[-4.78472,37.88198],[-4.7845,37.88149],[-4.78423,37.8809],[-4.78413,37.88068],[-4.78428,37.88064],[-4.78432,37.88063],[-4.78481,37.88049],[-4.78479,37.88054],[-4.78477,37.88067],[-4.78478,37.88074],[-4.7848,37.8809],[-4.7848,37.88102],[-4.78473,37.88198]]]}},{"type":"Feature","properties":{"name":"Calle Ronquillo Briceño","kind":"road","road":"pedestrian","osm":96259639},"geometry":{"type":"LineString","coordinates":[[-4.7696,37.882],[-4.76963,37.8818],[-4.76966,37.88142],[-4.76969,37.88116],[-4.76972,37.88083]]}},{"type":"Feature","properties":{"name":"Calle de la Luna","kind":"road","road":"pedestrian","osm":96259657},"geometry":{"type":"LineString","coordinates":[[-4.78301,37.87841],[-4.783,37.87841],[-4.78289,37.87845]]}},{"type":"Feature","properties":{"name":"Plaza de Capuchinos","kind":"road","road":"pedestrian","osm":96268505},"geometry":{"type":"LineString","coordinates":[[-4.77813,37.88825],[-4.7779,37.88818],[-4.77776,37.88815],[-4.77715,37.88803],[-4.77695,37.88799]]}},{"type":"Feature","properties":{"name":"Plaza de Ramón y Cajal","kind":"park","road":"","osm":96273350},"geometry":{"type":"Polygon","coordinates":[[[-4.78232,37.88334],[-4.7824,37.88334],[-4.78245,37.88333],[-4.7825,37.88334],[-4.78269,37.88334],[-4.78265,37.88326],[-4.78255,37.88324],[-4.78246,37.88324],[-4.78246,37.88297],[-4.78245,37.88297],[-4.78243,37.88297],[-4.78242,37.88297],[-4.7824,37.88298],[-4.78239,37.88298],[-4.78238,37.88299],[-4.78237,37.883],[-4.78236,37.88303],[-4.78229,37.88325],[-4.78228,37.88328],[-4.78228,37.8833],[-4.78228,37.88331],[-4.78228,37.88332],[-4.78228,37.88333],[-4.78229,37.88334],[-4.7823,37.88334],[-4.78232,37.88334]]]}},{"type":"Feature","properties":{"name":"Calle Carretera de Castro","kind":"road","road":"primary","osm":96311221},"geometry":{"type":"LineString","coordinates":[[-4.77726,37.87257],[-4.77712,37.8726],[-4.77707,37.87261],[-4.77702,37.87261],[-4.77698,37.8726],[-4.77694,37.87258],[-4.7769,37.87256],[-4.77687,37.87252],[-4.77684,37.87244],[-4.77649,37.87166],[-4.77638,37.8714],[-4.77602,37.87061],[-4.77534,37.86908],[-4.77512,37.8686],[-4.77498,37.86828],[-4.77496,37.86819],[-4.77501,37.86807]]}},{"type":"Feature","properties":{"name":"","kind":"road","road":"pedestrian","osm":96311228},"geometry":{"type":"LineString","coordinates":[[-4.77778,37.87184],[-4.77804,37.87194],[-4.77824,37.87203]]}},{"type":"Feature","properties":{"name":"Calle Alcántara","kind":"road","road":"pedestrian","osm":96457115},"geometry":{"type":"LineString","coordinates":[[-4.77187,37.8836],[-4.77192,37.88361],[-4.77221,37.88383],[-4.7723,37.88387],[-4.77239,37.88364],[-4.77242,37.88361],[-4.77254,37.88351],[-4.77287,37.88356],[-4.77284,37.8837],[-4.77304,37.88374]]}},{"type":"Feature","properties":{"name":"La Ciudad de los Niños y las Niñas","kind":"park","road":"","osm":96629999},"geometry":{"type":"Polygon","coordinates":[[[-4.79082,37.87026],[-4.79055,37.86985],[-4.79012,37.86918],[-4.79007,37.8691],[-4.78998,37.86901],[-4.78987,37.86894],[-4.78974,37.86888],[-4.78962,37.86884],[-4.78943,37.86881],[-4.78926,37.86883],[-4.78893,37.86891],[-4.78905,37.86897],[-4.78863,37.86965],[-4.78797,37.87062],[-4.78791,37.87093],[-4.78792,37.87118],[-4.78771,37.8717],[-4.78767,37.87178],[-4.78747,37.8721],[-4.78766,37.87217],[-4.78772,37.87207],[-4.7882,37.87161],[-4.78874,37.87117],[-4.78941,37.87077],[-4.78993,37.87057],[-4.79082,37.87026]]]}},{"type":"Feature","properties":{"name":"Calle del Toril","kind":"road","road":"pedestrian","osm":96639437},"geometry":{"type":"LineString","coordinates":[[-4.77387,37.88348],[-4.77384,37.88348],[-4.77381,37.88348]]}},{"type":"Feature","properties":{"name":"Calle Regina","kind":"road","road":"pedestrian","osm":96639439},"geometry":{"type":"LineString","coordinates":[[-4.77263,37.88484],[-4.77239,37.88483],[-4.77216,37.88484],[-4.77198,37.8848],[-4.77176,37.88479],[-4.77178,37.88456],[-4.77182,37.88456],[-4.77183,37.88449]]}},{"type":"Feature","properties":{"name":"Calle del Toril","kind":"road","road":"pedestrian","osm":96639440},"geometry":{"type":"LineString","coordinates":[[-4.77339,37.88366],[-4.77342,37.88341],[-4.77343,37.88334],[-4.77345,37.88315]]}},{"type":"Feature","properties":{"name":"Avenida de los Almogávares","kind":"road","road":"primary","osm":96651768},"geometry":{"type":"LineString","coordinates":[[-4.77085,37.8946],[-4.77095,37.89472],[-4.77154,37.89538],[-4.77165,37.89547],[-4.77174,37.89553],[-4.77228,37.89573]]}},{"type":"Feature","properties":{"name":"Calle Cara","kind":"road","road":"pedestrian","osm":96679934},"geometry":{"type":"LineString","coordinates":[[-4.77692,37.87916],[-4.77679,37.87922],[-4.77674,37.87925]]}},{"type":"Feature","properties":{"name":"Calle Cara","kind":"road","road":"pedestrian","osm":96679935},"geometry":{"type":"LineString","coordinates":[[-4.77674,37.87925],[-4.77674,37.87928]]}},{"type":"Feature","properties":{"name":"Calle Cara","kind":"road","road":"pedestrian","osm":96679936},"geometry":{"type":"LineString","coordinates":[[-4.77636,37.8796],[-4.77639,37.87955],[-4.7766,37.87937],[-4.77674,37.87928]]}},{"type":"Feature","properties":{"name":"Plaza del Potro","kind":"road","road":"pedestrian","osm":96690959},"geometry":{"type":"LineString","coordinates":[[-4.77492,37.8813],[-4.7749,37.8813],[-4.77483,37.88118],[-4.77483,37.88117],[-4.77479,37.88109],[-4.77477,37.88105],[-4.77476,37.88102],[-4.77471,37.88097],[-4.7747,37.88094],[-4.77468,37.88093],[-4.77467,37.88092],[-4.77462,37.88086],[-4.77461,37.88085],[-4.77462,37.88084],[-4.77474,37.88072],[-4.77476,37.88074],[-4.77478,37.88075],[-4.77474,37.88077],[-4.77476,37.88079],[-4.77474,37.8808],[-4.77476,37.88083],[-4.77477,37.88084],[-4.77478,37.88086],[-4.77479,37.88087],[-4.7748,37.88088],[-4.77481,37.8809],[-4.77481,37.88091],[-4.77483,37.88093],[-4.77488,37.88099],[-4.77491,37.88103],[-4.77492,37.88105],[-4.77494,37.88108],[-4.77495,37.88109],[-4.77497,37.88111],[-4.77499,37.88115],[-4.775,37.88116],[-4.77504,37.88121],[-4.77505,37.88123],[-4.77506,37.88124],[-4.77504,37.88127],[-4.77498,37.88128],[-4.77494,37.8813],[-4.77492,37.8813]]}},{"type":"Feature","properties":{"name":"Calle Francisco del Rosal","kind":"road","road":"pedestrian","osm":96716274},"geometry":{"type":"LineString","coordinates":[[-4.77334,37.88706],[-4.77261,37.88725]]}},{"type":"Feature","properties":{"name":"Avenida de los Custodios","kind":"road","road":"tertiary","osm":96729945},"geometry":{"type":"LineString","coordinates":[[-4.79026,37.87604],[-4.79033,37.87613],[-4.79038,37.87621]]}},{"type":"Feature","properties":{"name":"Avenida de los Custodios","kind":"road","road":"tertiary","osm":96729946},"geometry":{"type":"LineString","coordinates":[[-4.79049,37.87606],[-4.79026,37.87604]]}},{"type":"Feature","properties":{"name":"Calle Pintor Sorolla","kind":"road","road":"pedestrian","osm":96731431},"geometry":{"type":"LineString","coordinates":[[-4.79131,37.87149],[-4.7914,37.87129],[-4.79145,37.8712],[-4.7917,37.87068],[-4.79186,37.87033]]}},{"type":"Feature","properties":{"name":"Calle Pintor Murillo","kind":"road","road":"pedestrian","osm":96731436},"geometry":{"type":"LineString","coordinates":[[-4.7911,37.87125],[-4.79112,37.8712],[-4.79136,37.87067],[-4.7914,37.87059],[-4.7917,37.87068]]}},{"type":"Feature","properties":{"name":"Calle Pintor El Greco","kind":"road","road":"pedestrian","osm":96731438},"geometry":{"type":"LineString","coordinates":[[-4.79136,37.87067],[-4.79127,37.87054],[-4.79186,37.87033]]}},{"type":"Feature","properties":{"name":"Calle Pintor Velázquez","kind":"road","road":"pedestrian","osm":96731441},"geometry":{"type":"LineString","coordinates":[[-4.79161,37.87163],[-4.79176,37.87129],[-4.79212,37.87053]]}},{"type":"Feature","properties":{"name":"Jardín Pepita Patiño","kind":"park","road":"","osm":96794219},"geometry":{"type":"Polygon","coordinates":[[[-4.77207,37.89575],[-4.77178,37.89565],[-4.77197,37.89588],[-4.77205,37.89598],[-4.77215,37.89595],[-4.77235,37.89587],[-4.77221,37.89581],[-4.77207,37.89575]]]}},{"type":"Feature","properties":{"name":"Avenida de la Igualdad","kind":"road","road":"primary","osm":96794229},"geometry":{"type":"LineString","coordinates":[[-4.77268,37.8959],[-4.77291,37.89596]]}},{"type":"Feature","properties":{"name":"Avenida de los Piconeros","kind":"road","road":"primary","osm":96794231},"geometry":{"type":"LineString","coordinates":[[-4.77846,37.8934],[-4.77769,37.89372],[-4.77633,37.89431],[-4.77517,37.89482],[-4.77512,37.89484],[-4.77504,37.89487]]}},{"type":"Feature","properties":{"name":"Avenida de las Ollerías","kind":"road","road":"secondary","osm":96804846},"geometry":{"type":"LineString","coordinates":[[-4.77528,37.89185],[-4.7747,37.89184],[-4.77404,37.89182],[-4.77392,37.89184],[-4.77382,37.89186],[-4.77347,37.89199]]}},{"type":"Feature","properties":{"name":"","kind":"road","road":"pedestrian","osm":96804851},"geometry":{"type":"LineString","coordinates":[[-4.77444,37.8898],[-4.77453,37.88992],[-4.77448,37.88994],[-4.77451,37.88998],[-4.77448,37.88999],[-4.77448,37.89001],[-4.77451,37.89006],[-4.77454,37.89006],[-4.77457,37.89005],[-4.77461,37.8901],[-4.77474,37.89004],[-4.77479,37.89011],[-4.77491,37.89005],[-4.77486,37.88999],[-4.77506,37.8899],[-4.77507,37.89003],[-4.77483,37.89018],[-4.77474,37.89025],[-4.77473,37.89023],[-4.7747,37.8902],[-4.77465,37.89014],[-4.77453,37.89016],[-4.77452,37.89014],[-4.77447,37.89016],[-4.77436,37.89],[-4.77438,37.88998],[-4.77434,37.8899],[-4.77443,37.88986],[-4.77444,37.8898]]}},{"type":"Feature","properties":{"name":"Calle Hasday Ibn Shaprut","kind":"road","road":"pedestrian","osm":96815543},"geometry":{"type":"LineString","coordinates":[[-4.78387,37.87723],[-4.7835,37.87758],[-4.78313,37.87784]]}},{"type":"Feature","properties":{"name":"Calle del Doctor Jiménez Díaz","kind":"road","road":"pedestrian","osm":96817926},"geometry":{"type":"LineString","coordinates":[[-4.78405,37.87854],[-4.78412,37.87801]]}},{"type":"Feature","properties":{"name":"Avenida de la Igualdad","kind":"road","road":"primary","osm":96841196},"geometry":{"type":"LineString","coordinates":[[-4.76938,37.89739],[-4.76971,37.89725],[-4.77039,37.89697],[-4.77121,37.89663],[-4.77205,37.89628],[-4.77269,37.89601],[-4.77274,37.89599],[-4.77279,37.89597],[-4.77284,37.89596],[-4.77291,37.89596]]}},{"type":"Feature","properties":{"name":"Calle Pablo Neruda","kind":"road","road":"pedestrian","osm":97139181},"geometry":{"type":"LineString","coordinates":[[-4.76509,37.87991],[-4.76489,37.88003],[-4.76464,37.88101],[-4.76505,37.88108]]}},{"type":"Feature","properties":{"name":"Calle Rey Heredia","kind":"road","road":"pedestrian","osm":97535322},"geometry":{"type":"LineString","coordinates":[[-4.77874,37.88106],[-4.77892,37.8812],[-4.77905,37.88129],[-4.77922,37.88138],[-4.77947,37.8815],[-4.78005,37.8818],[-4.78009,37.88182]]}},{"type":"Feature","properties":{"name":"Calle San Eulogio","kind":"road","road":"pedestrian","osm":97535329},"geometry":{"type":"LineString","coordinates":[[-4.77683,37.88173],[-4.77686,37.88169],[-4.77701,37.88156],[-4.77678,37.88138],[-4.7767,37.88131],[-4.77668,37.88125]]}},{"type":"Feature","properties":{"name":"Calle Cara","kind":"road","road":"pedestrian","osm":97535330},"geometry":{"type":"LineString","coordinates":[[-4.77674,37.87928],[-4.77702,37.87953]]}},{"type":"Feature","properties":{"name":"","kind":"road","road":"pedestrian","osm":97535331},"geometry":{"type":"LineString","coordinates":[[-4.77903,37.87762],[-4.779,37.87759],[-4.77899,37.87757]]}},{"type":"Feature","properties":{"name":"Plaza de los Caballos","kind":"road","road":"pedestrian","osm":97608664},"geometry":{"type":"LineString","coordinates":[[-4.77113,37.88756],[-4.77134,37.88748],[-4.77141,37.88746]]}},{"type":"Feature","properties":{"name":"Calle Campo Madre de Dios","kind":"road","road":"primary","osm":97664075},"geometry":{"type":"LineString","coordinates":[[-4.76822,37.88026],[-4.76822,37.88029],[-4.76822,37.88032],[-4.76822,37.88035],[-4.76821,37.8804],[-4.7682,37.88042],[-4.76819,37.88044],[-4.76818,37.88046],[-4.76817,37.88048],[-4.76814,37.88051],[-4.76813,37.88052],[-4.76811,37.88054],[-4.76809,37.88055],[-4.76805,37.88056]]}},{"type":"Feature","properties":{"name":"Avenida del Compositor Rafael Castro","kind":"road","road":"primary","osm":97664077},"geometry":{"type":"LineString","coordinates":[[-4.76772,37.87857],[-4.76769,37.8784],[-4.7676,37.87794],[-4.76757,37.87781],[-4.76753,37.87769],[-4.7675,37.87762],[-4.76742,37.8775],[-4.76735,37.87739],[-4.76719,37.87721],[-4.76694,37.87689],[-4.76673,37.87662],[-4.76661,37.87647],[-4.76645,37.87627]]}},{"type":"Feature","properties":{"name":"Paseo Ribera","kind":"road","road":"tertiary","osm":97664079},"geometry":{"type":"LineString","coordinates":[[-4.77531,37.8797],[-4.77514,37.8798]]}},{"type":"Feature","properties":{"name":"","kind":"road","road":"tertiary","osm":97664084},"geometry":{"type":"LineString","coordinates":[[-4.76842,37.88074],[-4.76821,37.88063],[-4.76815,37.8806]]}},{"type":"Feature","properties":{"name":"Avenida Nuestra Señora de la Fuensanta","kind":"road","road":"secondary","osm":97668383},"geometry":{"type":"LineString","coordinates":[[-4.76602,37.88165],[-4.76685,37.88171],[-4.76693,37.88172],[-4.76701,37.88174]]}},{"type":"Feature","properties":{"name":"","kind":"road","road":"tertiary","osm":97668384},"geometry":{"type":"LineString","coordinates":[[-4.76859,37.8808],[-4.76855,37.88079],[-4.76852,37.88079],[-4.7685,37.88078],[-4.76846,37.88076],[-4.76842,37.88074]]}},{"type":"Feature","properties":{"name":"Parque Ruth y José","kind":"park","road":"","osm":97668385},"geometry":{"type":"Polygon","coordinates":[[[-4.76934,37.88073],[-4.76879,37.88072],[-4.76873,37.88072],[-4.76874,37.88066],[-4.76874,37.88063],[-4.76871,37.88063],[-4.76871,37.88059],[-4.76857,37.88057],[-4.76856,37.88061],[-4.76852,37.88061],[-4.76844,37.88059],[-4.76841,37.8805],[-4.7684,37.88047],[-4.76836,37.88032],[-4.76792,37.87886],[-4.76811,37.87909],[-4.76816,37.87915],[-4.76817,37.87913],[-4.76821,37.87921],[-4.76827,37.87929],[-4.76906,37.88027],[-4.76907,37.88028],[-4.7693,37.88056],[-4.76932,37.88058],[-4.76934,37.88067],[-4.76933,37.88067],[-4.76934,37.88073]]]}},{"type":"Feature","properties":{"name":"Calle Campo Madre de Dios","kind":"road","road":"tertiary","osm":97668386},"geometry":{"type":"LineString","coordinates":[[-4.7672,37.88061],[-4.76719,37.88062],[-4.76717,37.88064],[-4.76717,37.88065],[-4.76716,37.88066],[-4.76716,37.88067],[-4.76715,37.88073],[-4.7671,37.88096]]}},{"type":"Feature","properties":{"name":"","kind":"road","road":"pedestrian","osm":97668393},"geometry":{"type":"LineString","coordinates":[[-4.76891,37.87536],[-4.76894,37.87514],[-4.76884,37.87513],[-4.76881,37.87513],[-4.76884,37.87494],[-4.76887,37.87494],[-4.76897,37.87494],[-4.76912,37.87426],[-4.76913,37.87405],[-4.7691,37.87404],[-4.76907,37.87404],[-4.76908,37.87398],[-4.76922,37.87399],[-4.76924,37.8738],[-4.76927,37.8738],[-4.7693,37.8738],[-4.76922,37.87435],[-4.76899,37.87537],[-4.76895,37.87537],[-4.76891,37.87536]]}},{"type":"Feature","properties":{"name":"Avenida del Compositor Rafael Castro","kind":"road","road":"primary","osm":97668412},"geometry":{"type":"LineString","coordinates":[[-4.76772,37.87857],[-4.76773,37.87861],[-4.76792,37.87928],[-4.76822,37.88026]]}},{"type":"Feature","properties":{"name":"","kind":"road","road":"tertiary","osm":97668413},"geometry":{"type":"LineString","coordinates":[[-4.76816,37.88078],[-4.76819,37.88077],[-4.7682,37.88077],[-4.76822,37.88075],[-4.76823,37.88073],[-4.76824,37.88071],[-4.76824,37.88069],[-4.76823,37.88067],[-4.76822,37.88065],[-4.76821,37.88063]]}},{"type":"Feature","properties":{"name":"Jardín Puerta de Baeza","kind":"park","road":"","osm":97668415},"geometry":{"type":"Polygon","coordinates":[[[-4.76752,37.88176],[-4.76744,37.88146],[-4.76743,37.88144],[-4.76742,37.88122],[-4.76742,37.8811],[-4.76745,37.88096],[-4.76741,37.88094],[-4.76726,37.8811],[-4.7672,37.88124],[-4.76723,37.88127],[-4.76718,37.88155],[-4.76714,37.88159],[-4.76713,37.88166],[-4.76719,37.88167],[-4.76719,37.88172],[-4.76752,37.88176]]]}},{"type":"Feature","properties":{"name":"","kind":"road","road":"tertiary","osm":97668428},"geometry":{"type":"LineString","coordinates":[[-4.7673,37.88478],[-4.76708,37.88486],[-4.76669,37.885],[-4.76667,37.88501],[-4.7666,37.88503]]}},{"type":"Feature","properties":{"name":"Calle Barrionuevo","kind":"road","road":"pedestrian","osm":97669372},"geometry":{"type":"LineString","coordinates":[[-4.76775,37.88233],[-4.76771,37.88254],[-4.76761,37.88285],[-4.76736,37.88342],[-4.76726,37.88367],[-4.76723,37.88387],[-4.76726,37.88401],[-4.76726,37.88415],[-4.76723,37.88423],[-4.76715,37.88438],[-4.76704,37.88447]]}},{"type":"Feature","properties":{"name":"Calle Barrionuevo","kind":"road","road":"pedestrian","osm":97669373},"geometry":{"type":"LineString","coordinates":[[-4.76761,37.88285],[-4.76751,37.88284],[-4.76741,37.88282],[-4.7672,37.8828]]}},{"type":"Feature","properties":{"name":"Calle Frías","kind":"road","road":"pedestrian","osm":97669377},"geometry":{"type":"LineString","coordinates":[[-4.76813,37.88314],[-4.76865,37.88318],[-4.76882,37.88318],[-4.76899,37.88317],[-4.769,37.88317]]}},{"type":"Feature","properties":{"name":"Calle Cruz Verde","kind":"road","road":"pedestrian","osm":97669378},"geometry":{"type":"LineString","coordinates":[[-4.76791,37.88459],[-4.76785,37.88448],[-4.76785,37.88434],[-4.76786,37.88428],[-4.76788,37.88419],[-4.76791,37.88399],[-4.76796,37.88379],[-4.76798,37.8837],[-4.76802,37.88353],[-4.76804,37.88341],[-4.76812,37.88314],[-4.76813,37.88314]]}},{"type":"Feature","properties":{"name":"","kind":"park","road":"","osm":97669390},"geometry":{"type":"Polygon","coordinates":[[[-4.76842,37.88359],[-4.76828,37.88358],[-4.76829,37.88347],[-4.7683,37.88336],[-4.76846,37.88337],[-4.76863,37.88338],[-4.76877,37.8834],[-4.76877,37.88345],[-4.76863,37.88349],[-4.76843,37.88354],[-4.76842,37.88359]]]}},{"type":"Feature","properties":{"name":"Travesía de Barrionuevo","kind":"road","road":"pedestrian","osm":97669391},"geometry":{"type":"LineString","coordinates":[[-4.76791,37.88399],[-4.76767,37.88398],[-4.76754,37.884],[-4.76726,37.88401]]}},{"type":"Feature","properties":{"name":"Calle Siete Revueltas","kind":"road","road":"pedestrian","osm":97669403},"geometry":{"type":"LineString","coordinates":[[-4.76917,37.88301],[-4.76916,37.88285],[-4.76914,37.88269],[-4.76914,37.88267],[-4.76957,37.88262],[-4.76952,37.88244],[-4.76951,37.8824],[-4.76967,37.88237],[-4.7697,37.88201]]}},{"type":"Feature","properties":{"name":"","kind":"road","road":"pedestrian","osm":97669408},"geometry":{"type":"LineString","coordinates":[[-4.76865,37.88318],[-4.76864,37.88334]]}},{"type":"Feature","properties":{"name":"Calle Ravé","kind":"road","road":"pedestrian","osm":97669413},"geometry":{"type":"LineString","coordinates":[[-4.76813,37.88314],[-4.76816,37.88297],[-4.76817,37.88288],[-4.76804,37.88275],[-4.76806,37.88246],[-4.7681,37.8823],[-4.76819,37.88188]]}},{"type":"Feature","properties":{"name":"Glorieta Llanos del Pretorio","kind":"road","road":"primary","osm":97674215},"geometry":{"type":"LineString","coordinates":[[-4.78058,37.89175],[-4.7803,37.89207]]}},{"type":"Feature","properties":{"name":"Avenida del Gran Capitán","kind":"road","road":"primary","osm":97674216},"geometry":{"type":"LineString","coordinates":[[-4.78297,37.89055],[-4.78299,37.89065],[-4.78299,37.89069],[-4.78313,37.89158],[-4.78314,37.89167],[-4.78315,37.89171],[-4.78315,37.89176],[-4.78317,37.89186],[-4.78319,37.89199]]}},{"type":"Feature","properties":{"name":"Avenida de las Ollerías","kind":"road","road":"secondary","osm":97674217},"geometry":{"type":"LineString","coordinates":[[-4.77792,37.89167],[-4.77784,37.89177],[-4.77779,37.89183],[-4.77772,37.89186],[-4.77764,37.89189],[-4.77756,37.8919],[-4.7775,37.8919],[-4.77745,37.8919],[-4.77585,37.89185],[-4.77561,37.89186],[-4.77543,37.89186],[-4.77528,37.89185]]}},{"type":"Feature","properties":{"name":"Parque de Miraflores","kind":"park","road":"","osm":97728951},"geometry":{"type":"Polygon","coordinates":[[[-4.77116,37.87646],[-4.77103,37.87721],[-4.77102,37.87722],[-4.77101,37.87734],[-4.771,37.87747],[-4.771,37.8776],[-4.77102,37.87773],[-4.77106,37.87773],[-4.7711,37.87786],[-4.77114,37.87799],[-4.77123,37.87818],[-4.77129,37.87829],[-4.77135,37.87839],[-4.77152,37.8786],[-4.77181,37.87884],[-4.77206,37.87896],[-4.77216,37.879],[-4.77227,37.87904],[-4.77244,37.87908],[-4.77256,37.87911],[-4.77269,37.87913],[-4.77277,37.87914],[-4.77286,37.87915],[-4.77293,37.87915],[-4.77304,37.87915],[-4.77315,37.87914],[-4.77327,37.87912],[-4.77338,37.8791],[-4.77353,37.87906],[-4.77367,37.87902],[-4.7738,37.87896],[-4.77392,37.8789],[-4.77456,37.87854],[-4.77499,37.8783],[-4.77546,37.87804],[-4.77563,37.87794],[-4.77578,37.87783],[-4.7759,37.87774],[-4.77601,37.87764],[-4.77611,37.87754],[-4.77622,37.87741],[-4.77632,37.87726],[-4.77652,37.87689],[-4.77655,37.8768],[-4.77658,37.87671],[-4.77662,37.87656],[-4.77664,37.87643],[-4.77665,37.87632],[-4.77665,37.87615],[-4.77664,37.87608],[-4.77662,37.87593],[-4.77651,37.87587],[-4.77626,37.8758],[-4.77617,37.87621],[-4.77606,37.87653],[-4.77591,37.87678],[-4.77571,37.8771],[-4.77558,37.87727],[-4.77539,37.87744],[-4.77505,37.87767],[-4.77501,37.87765],[-4.77489,37.87773],[-4.77472,37.87775],[-4.77443,37.87774],[-4.77377,37.87769],[-4.7738,37.87739],[-4.77332,37.87735],[-4.774,37.87808],[-4.77377,37.8782],[-4.77333,37.87844],[-4.77317,37.87848],[-4.77298,37.87848],[-4.77149,37.87811],[-4.77142,37.87804],[-4.7715,37.87725],[-4.7714,37.87725],[-4.77144,37.87648],[-4.77116,37.87646]]]}},{"type":"Feature","properties":{"name":"Calle Escritor González Guevara","kind":"road","road":"pedestrian","osm":97734977},"geometry":{"type":"LineString","coordinates":[[-4.76492,37.89328],[-4.76439,37.89349]]}},{"type":"Feature","properties":{"name":"","kind":"road","road":"pedestrian","osm":97734979},"geometry":{"type":"LineString","coordinates":[[-4.76757,37.89329],[-4.7678,37.89353]]}},{"type":"Feature","properties":{"name":"Pasaje Delineantes","kind":"road","road":"pedestrian","osm":97734987},"geometry":{"type":"LineString","coordinates":[[-4.76533,37.89333],[-4.76489,37.89268]]}},{"type":"Feature","properties":{"name":"","kind":"road","road":"pedestrian","osm":97734990},"geometry":{"type":"LineString","coordinates":[[-4.76855,37.89341],[-4.76821,37.8938]]}},{"type":"Feature","properties":{"name":"","kind":"road","road":"pedestrian","osm":97734997},"geometry":{"type":"LineString","coordinates":[[-4.76479,37.89307],[-4.76426,37.89328]]}},{"type":"Feature","properties":{"name":"","kind":"road","road":"pedestrian","osm":97735003},"geometry":{"type":"LineString","coordinates":[[-4.7656,37.89322],[-4.76533,37.89333],[-4.76502,37.89345]]}},{"type":"Feature","properties":{"name":"Pasaje Ciudad Archidona","kind":"road","road":"pedestrian","osm":97735008},"geometry":{"type":"LineString","coordinates":[[-4.76687,37.89451],[-4.76645,37.89389]]}},{"type":"Feature","properties":{"name":"Plaza del Triunfo","kind":"road","road":"pedestrian","osm":97818426},"geometry":{"type":"LineString","coordinates":[[-4.77931,37.87766],[-4.77921,37.87771],[-4.7792,37.87768],[-4.77911,37.87772],[-4.77903,37.87775],[-4.7789,37.8778],[-4.77899,37.87795],[-4.77901,37.87797],[-4.77902,37.87798],[-4.77903,37.87798],[-4.77915,37.87793],[-4.77919,37.878],[-4.7792,37.87801],[-4.77928,37.87798],[-4.77931,37.87802],[-4.77933,37.87806],[-4.7794,37.87802],[-4.77951,37.87797],[-4.77962,37.87792],[-4.77966,37.8779],[-4.77975,37.87786],[-4.77974,37.87784],[-4.77973,37.87782],[-4.77971,37.8778],[-4.77952,37.87751],[-4.7795,37.87753],[-4.77931,37.87766]]}},{"type":"Feature","properties":{"name":"Balcón del Guadalquivir","kind":"park","road":"","osm":97820943},"geometry":{"type":"Polygon","coordinates":[[[-4.76701,37.87439],[-4.76862,37.87452],[-4.76856,37.87496],[-4.7685,37.87495],[-4.7685,37.87496],[-4.76841,37.87566],[-4.76849,37.87566],[-4.76841,37.87639],[-4.76828,37.87638],[-4.76819,37.87637],[-4.76817,37.87655],[-4.76817,37.8766],[-4.76815,37.87689],[-4.76812,37.87689],[-4.76813,37.87674],[-4.76785,37.87672],[-4.76785,37.87687],[-4.76785,37.87698],[-4.76783,37.87751],[-4.76755,37.87749],[-4.76701,37.87672],[-4.76698,37.87665],[-4.76698,37.87648],[-4.76698,37.87642],[-4.76696,37.87637],[-4.76689,37.87627],[-4.76676,37.87616],[-4.76692,37.87496],[-4.7672,37.87485],[-4.76714,37.87474],[-4.76715,37.87463],[-4.76691,37.87457],[-4.76693,37.87442],[-4.76695,37.87442],[-4.76701,37.87439]]]}},{"type":"Feature","properties":{"name":"Calle Acera Fuente de la Salud","kind":"road","road":"tertiary","osm":97940728},"geometry":{"type":"LineString","coordinates":[[-4.77397,37.8965],[-4.77408,37.89631],[-4.7741,37.89628],[-4.77416,37.89621]]}},{"type":"Feature","properties":{"name":"Calle Pleitineros","kind":"road","road":"pedestrian","osm":97994598},"geometry":{"type":"LineString","coordinates":[[-4.77134,37.88748],[-4.77117,37.88729],[-4.77102,37.88713],[-4.771,37.88711]]}},{"type":"Feature","properties":{"name":"Avenida del Aeropuerto","kind":"road","road":"primary","osm":98578851},"geometry":{"type":"LineString","coordinates":[[-4.79167,37.87777],[-4.79159,37.8778],[-4.79155,37.87781],[-4.79152,37.87783],[-4.79013,37.87837],[-4.79007,37.8784],[-4.78888,37.87886]]}},{"type":"Feature","properties":{"name":"Plaza de Vista Alegre","kind":"road","road":"pedestrian","osm":98578858},"geometry":{"type":"LineString","coordinates":[[-4.79169,37.87754],[-4.79167,37.87751],[-4.79148,37.87722],[-4.79173,37.87712],[-4.79175,37.87711],[-4.79193,37.87741],[-4.79195,37.87743],[-4.79169,37.87754]]}},{"type":"Feature","properties":{"name":"Calle de los Guadamacileros","kind":"road","road":"pedestrian","osm":99841890},"geometry":{"type":"LineString","coordinates":[[-4.77869,37.89436],[-4.77852,37.89412],[-4.77848,37.89406]]}},{"type":"Feature","properties":{"name":"Calle Pintor Racionero Castro","kind":"road","road":"tertiary","osm":99841892},"geometry":{"type":"LineString","coordinates":[[-4.77927,37.89566],[-4.77879,37.8958],[-4.77851,37.89589],[-4.77821,37.89601],[-4.77766,37.89628]]}},{"type":"Feature","properties":{"name":"","kind":"road","road":"pedestrian","osm":99857082},"geometry":{"type":"LineString","coordinates":[[-4.77865,37.8965],[-4.77854,37.89595],[-4.77851,37.89589]]}},{"type":"Feature","properties":{"name":"","kind":"road","road":"pedestrian","osm":99857084},"geometry":{"type":"LineString","coordinates":[[-4.77597,37.89588],[-4.77628,37.89606],[-4.77663,37.89623]]}},{"type":"Feature","properties":{"name":"Avenida Cruz de Juárez","kind":"road","road":"tertiary","osm":99857089},"geometry":{"type":"LineString","coordinates":[[-4.78053,37.89543],[-4.78053,37.89626],[-4.78053,37.89673]]}},{"type":"Feature","properties":{"name":"Gran Vía Parque","kind":"road","road":"primary","osm":99992693},"geometry":{"type":"LineString","coordinates":[[-4.79187,37.87792],[-4.79191,37.87796],[-4.79192,37.87798],[-4.79194,37.878],[-4.79195,37.87802],[-4.79199,37.87811],[-4.79206,37.87827],[-4.79215,37.87846],[-4.79224,37.87866],[-4.79244,37.8791],[-4.79256,37.87935],[-4.79266,37.87956],[-4.79286,37.88],[-4.79299,37.88028],[-4.79306,37.88044],[-4.79331,37.88094]]}},{"type":"Feature","properties":{"name":"Avenida República Argentina","kind":"road","road":"primary","osm":100114407},"geometry":{"type":"LineString","coordinates":[[-4.78594,37.88632],[-4.78604,37.88516]]}},{"type":"Feature","properties":{"name":"Avenida Conde de Vallellano","kind":"road","road":"primary","osm":100114408},"geometry":{"type":"LineString","coordinates":[[-4.78603,37.87961],[-4.78604,37.87951],[-4.78604,37.87946],[-4.7861,37.87883],[-4.78612,37.87864],[-4.78614,37.87854],[-4.78614,37.8785],[-4.78638,37.87592],[-4.78639,37.87587],[-4.78641,37.87561],[-4.78642,37.87542]]}},{"type":"Feature","properties":{"name":"","kind":"road","road":"primary","osm":100114411},"geometry":{"type":"LineString","coordinates":[[-4.78394,37.87278],[-4.78428,37.87298]]}},{"type":"Feature","properties":{"name":"Avenida del Aeropuerto","kind":"road","road":"primary","osm":100114415},"geometry":{"type":"LineString","coordinates":[[-4.78603,37.87991],[-4.78605,37.87983],[-4.78608,37.87979],[-4.78612,37.87976]]}},{"type":"Feature","properties":{"name":"","kind":"road","road":"primary","osm":100116757},"geometry":{"type":"LineString","coordinates":[[-4.78398,37.87273],[-4.78389,37.87268],[-4.78353,37.87249]]}},{"type":"Feature","properties":{"name":"","kind":"park","road":"","osm":100132512},"geometry":{"type":"Polygon","coordinates":[[[-4.77167,37.89249],[-4.77183,37.89243],[-4.77163,37.89208],[-4.77126,37.8922],[-4.77137,37.89241],[-4.77156,37.89234],[-4.77166,37.89251],[-4.77167,37.89249]]]}},{"type":"Feature","properties":{"name":"Plaza de Colón","kind":"road","road":"pedestrian","osm":100182258},"geometry":{"type":"LineString","coordinates":[[-4.77689,37.88888],[-4.77689,37.88887],[-4.77689,37.88886],[-4.7769,37.88886],[-4.7769,37.88885],[-4.77691,37.88885],[-4.77692,37.88884],[-4.77693,37.88884],[-4.77694,37.88884],[-4.77696,37.88884],[-4.77735,37.88895],[-4.77738,37.88896],[-4.7774,37.88896],[-4.77742,37.88898],[-4.77742,37.88899],[-4.77742,37.889],[-4.77742,37.88902],[-4.77741,37.88904],[-4.77737,37.88908],[-4.77733,37.88912],[-4.7773,37.88915],[-4.77729,37.88916],[-4.77728,37.88916],[-4.77727,37.88916],[-4.77726,37.88916],[-4.77725,37.88916],[-4.77724,37.88915],[-4.77722,37.88914],[-4.77691,37.88891],[-4.7769,37.8889],[-4.77689,37.88889],[-4.77689,37.88888]]}},{"type":"Feature","properties":{"name":"Avenida del Aeropuerto","kind":"road","road":"primary","osm":100261691},"geometry":{"type":"LineString","coordinates":[[-4.79171,37.87784],[-4.79218,37.87765]]}},{"type":"Feature","properties":{"name":"Jardines del Músico Pedro Gámez Laserna","kind":"park","road":"","osm":100262238},"geometry":{"type":"Polygon","coordinates":[[[-4.76514,37.89168],[-4.76502,37.89172],[-4.76492,37.89156],[-4.76478,37.89161],[-4.76451,37.89121],[-4.76499,37.89099],[-4.76512,37.89116],[-4.76522,37.89132],[-4.76538,37.89148],[-4.76545,37.89156],[-4.76514,37.89168]]]}},{"type":"Feature","properties":{"name":"","kind":"park","road":"","osm":100286319},"geometry":{"type":"Polygon","coordinates":[[[-4.7637,37.89436],[-4.76377,37.89405],[-4.76377,37.89403],[-4.76379,37.89402],[-4.76381,37.89402],[-4.76383,37.89403],[-4.76396,37.89425],[-4.7637,37.89436]]]}},{"type":"Feature","properties":{"name":"Calle Eduardo Barrón González","kind":"road","road":"pedestrian","osm":100729015},"geometry":{"type":"LineString","coordinates":[[-4.77515,37.89142],[-4.77517,37.89145],[-4.77519,37.89149]]}},{"type":"Feature","properties":{"name":"Calle Horno Venticuatro","kind":"road","road":"pedestrian","osm":100729020},"geometry":{"type":"LineString","coordinates":[[-4.77478,37.89101],[-4.77459,37.89075],[-4.77435,37.89045]]}},{"type":"Feature","properties":{"name":"Calle Palomares","kind":"road","road":"pedestrian","osm":100729027},"geometry":{"type":"LineString","coordinates":[[-4.77333,37.89113],[-4.77316,37.8908],[-4.77307,37.89061]]}},{"type":"Feature","properties":{"name":"Plaza de la Lagunilla","kind":"road","road":"pedestrian","osm":100729029},"geometry":{"type":"LineString","coordinates":[[-4.77651,37.8915],[-4.7765,37.89145],[-4.7765,37.89144],[-4.7765,37.89143],[-4.77649,37.89138],[-4.77649,37.89134],[-4.77648,37.8913],[-4.77654,37.8913],[-4.77658,37.8913],[-4.77658,37.89129],[-4.77658,37.89127],[-4.77658,37.89125],[-4.77659,37.89118],[-4.77657,37.89118],[-4.77652,37.89118],[-4.77648,37.89118],[-4.77648,37.89122],[-4.77647,37.89126],[-4.77643,37.89127],[-4.7764,37.89128],[-4.77634,37.89129],[-4.77631,37.89129],[-4.77622,37.89131],[-4.77621,37.89131],[-4.77616,37.89132],[-4.77614,37.89133],[-4.77612,37.89134],[-4.77608,37.89136],[-4.77594,37.89139],[-4.77592,37.89143],[-4.77589,37.89146],[-4.77593,37.89146],[-4.776,37.89148],[-4.77602,37.89149],[-4.77602,37.89148],[-4.77607,37.8915],[-4.77612,37.89151],[-4.77618,37.89151],[-4.7762,37.89151],[-4.77628,37.89154],[-4.77629,37.89153],[-4.77631,37.89151],[-4.77635,37.89151],[-4.77646,37.8915],[-4.77651,37.8915]]}},{"type":"Feature","properties":{"name":"Plaza Pintor Rafael Boti","kind":"road","road":"pedestrian","osm":100729033},"geometry":{"type":"LineString","coordinates":[[-4.77497,37.89153],[-4.77515,37.89145],[-4.77517,37.89145],[-4.7752,37.89144],[-4.77517,37.8914],[-4.7751,37.89132],[-4.77509,37.8913],[-4.77508,37.89129],[-4.77505,37.89124],[-4.77503,37.89122],[-4.77496,37.89125],[-4.77493,37.89126],[-4.77491,37.89127],[-4.77482,37.89132],[-4.77483,37.89133],[-4.77485,37.89136],[-4.77488,37.8914],[-4.7749,37.89142],[-4.77491,37.89144],[-4.77495,37.89149],[-4.77496,37.8915],[-4.77497,37.89153]]}},{"type":"Feature","properties":{"name":"Plaza de Don Gome","kind":"road","road":"pedestrian","osm":100729036},"geometry":{"type":"LineString","coordinates":[[-4.77418,37.88873],[-4.7741,37.88858],[-4.7741,37.88856],[-4.77411,37.88854],[-4.77423,37.8885],[-4.77424,37.88851],[-4.77432,37.88865],[-4.77432,37.88866],[-4.77421,37.88869],[-4.77419,37.88871],[-4.77418,37.88873]]}},{"type":"Feature","properties":{"name":"Plaza de los Sousas","kind":"road","road":"pedestrian","osm":100731012},"geometry":{"type":"LineString","coordinates":[[-4.77288,37.88426],[-4.77245,37.88417]]}},{"type":"Feature","properties":{"name":"Avenida Al-Nasir","kind":"road","road":"primary","osm":100772574},"geometry":{"type":"LineString","coordinates":[[-4.78039,37.89323],[-4.78067,37.8931],[-4.78072,37.89308],[-4.78083,37.89304],[-4.78094,37.89299]]}},{"type":"Feature","properties":{"name":"Avenida Al-Nasir","kind":"road","road":"primary","osm":100772577},"geometry":{"type":"LineString","coordinates":[[-4.77922,37.89374],[-4.77972,37.89352],[-4.78039,37.89323]]}},{"type":"Feature","properties":{"name":"Avenida del Brillante","kind":"road","road":"primary","osm":100772579},"geometry":{"type":"LineString","coordinates":[[-4.78571,37.89751],[-4.78563,37.89739],[-4.7856,37.89736],[-4.78558,37.89732],[-4.78533,37.89699],[-4.78511,37.89666],[-4.78507,37.89659],[-4.78504,37.89656],[-4.78493,37.8964]]}},{"type":"Feature","properties":{"name":"Avenida Al-Nasir","kind":"road","road":"primary","osm":100772584},"geometry":{"type":"LineString","coordinates":[[-4.77448,37.89578],[-4.77455,37.89575],[-4.77509,37.89551],[-4.77588,37.89517],[-4.77667,37.89484],[-4.77724,37.89459],[-4.7778,37.89435],[-4.77848,37.89406],[-4.77922,37.89374]]}},{"type":"Feature","properties":{"name":"Calle Fernández Ruano","kind":"road","road":"pedestrian","osm":100953616},"geometry":{"type":"LineString","coordinates":[[-4.78339,37.88107],[-4.7832,37.8812],[-4.78308,37.88127],[-4.78298,37.88131],[-4.78288,37.88135],[-4.78275,37.88139]]}},{"type":"Feature","properties":{"name":"Paseo de las Margaritas","kind":"road","road":"primary","osm":101106651},"geometry":{"type":"LineString","coordinates":[[-4.7877,37.88997],[-4.78775,37.88989],[-4.78778,37.88984],[-4.7878,37.88979],[-4.78782,37.88974],[-4.78784,37.88967]]}},{"type":"Feature","properties":{"name":"Calle de Cabrera","kind":"road","road":"pedestrian","osm":101184977},"geometry":{"type":"LineString","coordinates":[[-4.77981,37.88685],[-4.78006,37.88689],[-4.78022,37.88691],[-4.78047,37.88693],[-4.78054,37.88692],[-4.78064,37.88692]]}},{"type":"Feature","properties":{"name":"Calle Barqueros","kind":"road","road":"pedestrian","osm":101184978},"geometry":{"type":"LineString","coordinates":[[-4.77929,37.88569],[-4.77927,37.88554],[-4.77928,37.88541],[-4.77929,37.88533]]}},{"type":"Feature","properties":{"name":"Plaza de los Carrillos","kind":"road","road":"pedestrian","osm":101184988},"geometry":{"type":"LineString","coordinates":[[-4.77964,37.88698],[-4.77966,37.88698],[-4.77976,37.88698],[-4.77978,37.88695],[-4.7798,37.88689],[-4.77981,37.88685],[-4.77982,37.88682],[-4.77983,37.88677],[-4.77983,37.88675],[-4.77982,37.88675],[-4.77975,37.88673],[-4.7797,37.88674],[-4.77968,37.88675],[-4.7796,37.88702],[-4.77964,37.88698]]}},{"type":"Feature","properties":{"name":"Calle García Lovera","kind":"road","road":"pedestrian","osm":101184989},"geometry":{"type":"LineString","coordinates":[[-4.7776,37.88459],[-4.77758,37.88427]]}},{"type":"Feature","properties":{"name":"Plaza de Colón","kind":"road","road":"secondary","osm":101184990},"geometry":{"type":"LineString","coordinates":[[-4.77921,37.88929],[-4.77909,37.88927],[-4.77833,37.88916],[-4.77822,37.88914]]}},{"type":"Feature","properties":{"name":"Plaza Chirinos","kind":"road","road":"pedestrian","osm":101184994},"geometry":{"type":"LineString","coordinates":[[-4.78012,37.88749],[-4.78011,37.88749],[-4.7801,37.88749],[-4.7801,37.88751],[-4.78007,37.88751],[-4.78007,37.88749],[-4.78006,37.88749],[-4.78005,37.88749],[-4.78005,37.88741],[-4.77999,37.88741],[-4.77999,37.88736],[-4.77998,37.88733],[-4.77997,37.88729],[-4.77997,37.88728],[-4.77996,37.88725],[-4.77995,37.88722],[-4.77992,37.88716],[-4.77983,37.88716],[-4.77981,37.88716],[-4.77981,37.88714],[-4.77982,37.88711],[-4.77981,37.88709],[-4.7798,37.88708],[-4.77977,37.887],[-4.77976,37.88698],[-4.77978,37.88695],[-4.7798,37.88689],[-4.77987,37.88704],[-4.77993,37.88703],[-4.77994,37.88703],[-4.77996,37.88706],[-4.77999,37.88714],[-4.78003,37.88722],[-4.78009,37.88729],[-4.78015,37.88734],[-4.78014,37.88743],[-4.78013,37.88744],[-4.78012,37.88749]]}},{"type":"Feature","properties":{"name":"Calle Vicente Blasco Ibáñez","kind":"road","road":"pedestrian","osm":101217552},"geometry":{"type":"LineString","coordinates":[[-4.77472,37.8916],[-4.77448,37.8915],[-4.77411,37.89134],[-4.77414,37.89125]]}},{"type":"Feature","properties":{"name":"Calle García Lovera","kind":"road","road":"pedestrian","osm":101220030},"geometry":{"type":"LineString","coordinates":[[-4.77758,37.88427],[-4.77758,37.88414]]}},{"type":"Feature","properties":{"name":"Calle García Lovera","kind":"road","road":"pedestrian","osm":101220031},"geometry":{"type":"LineString","coordinates":[[-4.77763,37.88476],[-4.77761,37.88464],[-4.7776,37.88459]]}},{"type":"Feature","properties":{"name":"Calle Reloj","kind":"road","road":"pedestrian","osm":101220035},"geometry":{"type":"LineString","coordinates":[[-4.77784,37.88355],[-4.7776,37.8835],[-4.77715,37.8834]]}},{"type":"Feature","properties":{"name":"Calle Azonaicas","kind":"road","road":"pedestrian","osm":101220042},"geometry":{"type":"LineString","coordinates":[[-4.77774,37.88476],[-4.77795,37.88476],[-4.77797,37.88457]]}},{"type":"Feature","properties":{"name":"Calle Jesús y María","kind":"road","road":"pedestrian","osm":101220044},"geometry":{"type":"LineString","coordinates":[[-4.77984,37.88308],[-4.77987,37.8837],[-4.77988,37.88384],[-4.77993,37.8842]]}},{"type":"Feature","properties":{"name":"Calle Pompeyos","kind":"road","road":"pedestrian","osm":101220045},"geometry":{"type":"LineString","coordinates":[[-4.77812,37.88322],[-4.77771,37.88318],[-4.77739,37.88311],[-4.77722,37.88309]]}},{"type":"Feature","properties":{"name":"Calle Conde de Cárdenas","kind":"road","road":"pedestrian","osm":101220048},"geometry":{"type":"LineString","coordinates":[[-4.77758,37.88414],[-4.77807,37.88376],[-4.77808,37.88375]]}},{"type":"Feature","properties":{"name":"Calleja de las Flores","kind":"road","road":"pedestrian","osm":101324787},"geometry":{"type":"LineString","coordinates":[[-4.77972,37.88023],[-4.77952,37.88047]]}},{"type":"Feature","properties":{"name":"Plaza de las Flores","kind":"road","road":"pedestrian","osm":101324791},"geometry":{"type":"LineString","coordinates":[[-4.77952,37.88047],[-4.77953,37.88048],[-4.77959,37.88054],[-4.77951,37.88058],[-4.77959,37.88064],[-4.77958,37.88065],[-4.77957,37.88066],[-4.77954,37.88063],[-4.77951,37.88061],[-4.7795,37.88061],[-4.77944,37.88054],[-4.77943,37.88053],[-4.77942,37.88051],[-4.77944,37.8805],[-4.77948,37.88047],[-4.7795,37.88047],[-4.77952,37.88047]]}},{"type":"Feature","properties":{"name":"Calle Padre Cosme Muñoz","kind":"road","road":"pedestrian","osm":101328452},"geometry":{"type":"LineString","coordinates":[[-4.77369,37.88248],[-4.77375,37.88269],[-4.7739,37.88298],[-4.77394,37.88305],[-4.77385,37.88313],[-4.77356,37.88315]]}},{"type":"Feature","properties":{"name":"Calle Doña Engracia","kind":"road","road":"pedestrian","osm":101328454},"geometry":{"type":"LineString","coordinates":[[-4.77301,37.88325],[-4.77295,37.88329],[-4.77278,37.88327],[-4.77245,37.88323]]}},{"type":"Feature","properties":{"name":"Plaza Doña Engracia","kind":"road","road":"pedestrian","osm":101328456},"geometry":{"type":"LineString","coordinates":[[-4.77245,37.88323],[-4.77246,37.88326],[-4.7723,37.88324],[-4.7723,37.88323],[-4.77231,37.88314],[-4.77231,37.88308],[-4.77249,37.88305],[-4.7725,37.88305],[-4.77249,37.88305],[-4.77248,37.88306],[-4.77246,37.8832],[-4.77245,37.88322],[-4.77245,37.88323]]}},{"type":"Feature","properties":{"name":"Plaza de Judá Leví","kind":"road","road":"pedestrian","osm":112391159},"geometry":{"type":"LineString","coordinates":[[-4.78159,37.879],[-4.78165,37.87905],[-4.78171,37.87909],[-4.78173,37.87911],[-4.78176,37.8791],[-4.78177,37.8791],[-4.7818,37.87908],[-4.78183,37.87907],[-4.78187,37.87905],[-4.78186,37.87904],[-4.78181,37.87903],[-4.78173,37.87893],[-4.78162,37.87895],[-4.78159,37.879]]}},{"type":"Feature","properties":{"name":"Calle Carmen Olmedo Checa","kind":"road","road":"tertiary","osm":112391169},"geometry":{"type":"LineString","coordinates":[[-4.77273,37.87478],[-4.77273,37.87482],[-4.77267,37.87528],[-4.77257,37.87614],[-4.77252,37.8765],[-4.77252,37.87653],[-4.77253,37.87656],[-4.77254,37.87659],[-4.77255,37.87661],[-4.77275,37.87683],[-4.77293,37.87702],[-4.77312,37.87724],[-4.77388,37.87811]]}},{"type":"Feature","properties":{"name":"Calle del Doctor Jiménez Díaz","kind":"road","road":"pedestrian","osm":113015076},"geometry":{"type":"LineString","coordinates":[[-4.78364,37.87812],[-4.78405,37.87854],[-4.78432,37.8788],[-4.78438,37.8789]]}},{"type":"Feature","properties":{"name":"Calle Alta de Santa Ana","kind":"road","road":"pedestrian","osm":113952162},"geometry":{"type":"LineString","coordinates":[[-4.77982,37.8823],[-4.77967,37.88229],[-4.77934,37.88223],[-4.77918,37.88222],[-4.77887,37.8822],[-4.77886,37.88222],[-4.77879,37.88222],[-4.77872,37.88225],[-4.77853,37.88228]]}},{"type":"Feature","properties":{"name":"Calle Pintor Racionero Castro","kind":"road","road":"tertiary","osm":114101417},"geometry":{"type":"LineString","coordinates":[[-4.77695,37.89701],[-4.77698,37.89694],[-4.77702,37.89684],[-4.77707,37.89675],[-4.77712,37.89667],[-4.77718,37.8966],[-4.77726,37.89652],[-4.77735,37.89645],[-4.7775,37.89636],[-4.77766,37.89628]]}},{"type":"Feature","properties":{"name":"Plaza Puerta de la Luna","kind":"road","road":"pedestrian","osm":114293565},"geometry":{"type":"LineString","coordinates":[[-4.7829,37.87817],[-4.78291,37.87816],[-4.78298,37.87816],[-4.78307,37.87817],[-4.78317,37.87821],[-4.78345,37.87851],[-4.78347,37.87853],[-4.78323,37.87868],[-4.78319,37.87867],[-4.78317,37.87866],[-4.78313,37.87866],[-4.78312,37.87866],[-4.78301,37.87841],[-4.7829,37.87817]]}},{"type":"Feature","properties":{"name":"Calle Músico Antonio de Cabezón","kind":"road","road":"tertiary","osm":124084932},"geometry":{"type":"LineString","coordinates":[[-4.78917,37.89235],[-4.7891,37.89238],[-4.78838,37.89273],[-4.78825,37.89279],[-4.7882,37.89282]]}},{"type":"Feature","properties":{"name":"Jardines Federica Montseny","kind":"park","road":"","osm":124085093},"geometry":{"type":"Polygon","coordinates":[[[-4.78968,37.89355],[-4.78982,37.89358],[-4.79007,37.89418],[-4.79005,37.8942],[-4.78822,37.89466],[-4.78811,37.89467],[-4.78808,37.89462],[-4.78822,37.89396],[-4.78831,37.8939],[-4.78838,37.89386],[-4.78968,37.89355]]]}},{"type":"Feature","properties":{"name":"Avenida del Aeropuerto","kind":"road","road":"primary","osm":124207248},"geometry":{"type":"LineString","coordinates":[[-4.79214,37.87759],[-4.79167,37.87777]]}},{"type":"Feature","properties":{"name":"Avenida del Gran Capitán","kind":"road","road":"primary","osm":131422720},"geometry":{"type":"LineString","coordinates":[[-4.78347,37.89396],[-4.78347,37.89383],[-4.78341,37.89345],[-4.78339,37.89332],[-4.78337,37.89319],[-4.78331,37.89284],[-4.78324,37.89234],[-4.78322,37.89227],[-4.78322,37.89222],[-4.78321,37.89217],[-4.78319,37.89199]]}},{"type":"Feature","properties":{"name":"","kind":"road","road":"tertiary","osm":131422723},"geometry":{"type":"LineString","coordinates":[[-4.77531,37.8797],[-4.77528,37.87966],[-4.77525,37.87964]]}},{"type":"Feature","properties":{"name":"Paseo de la Voluntaria María Cañas","kind":"road","road":"pedestrian","osm":138615986},"geometry":{"type":"LineString","coordinates":[[-4.78593,37.88496],[-4.78579,37.88495],[-4.78547,37.88492],[-4.78522,37.8849],[-4.78519,37.8849],[-4.78501,37.88489],[-4.78484,37.88488]]}},{"type":"Feature","properties":{"name":"Calle Santa María de Trassierra","kind":"road","road":"secondary","osm":139349292},"geometry":{"type":"LineString","coordinates":[[-4.79189,37.89191],[-4.79196,37.89199],[-4.79245,37.89209],[-4.79258,37.89212],[-4.7927,37.89214],[-4.79341,37.8923],[-4.79373,37.89237],[-4.79377,37.89237],[-4.79417,37.89246],[-4.79551,37.89275],[-4.79564,37.89278],[-4.7958,37.89281],[-4.79597,37.89285],[-4.79608,37.89287],[-4.79716,37.89311],[-4.79786,37.89325]]}},{"type":"Feature","properties":{"name":"Calle Alcántara","kind":"road","road":"pedestrian","osm":146204697},"geometry":{"type":"LineString","coordinates":[[-4.77187,37.8836],[-4.77187,37.88366],[-4.77188,37.88372],[-4.77188,37.8838],[-4.77176,37.88387]]}},{"type":"Feature","properties":{"name":"Avenida del Brillante","kind":"road","road":"secondary","osm":148324680},"geometry":{"type":"LineString","coordinates":[[-4.78148,37.8933],[-4.78141,37.89313],[-4.78137,37.89299],[-4.78138,37.89285],[-4.78137,37.8928]]}},{"type":"Feature","properties":{"name":"Avenida de los Almogávares","kind":"road","road":"secondary","osm":148325532},"geometry":{"type":"LineString","coordinates":[[-4.77478,37.89634],[-4.77463,37.89625],[-4.77449,37.89616],[-4.77436,37.89608],[-4.77427,37.896]]}},{"type":"Feature","properties":{"name":"Avenida de los Almogávares","kind":"road","road":"secondary","osm":148325533},"geometry":{"type":"LineString","coordinates":[[-4.77478,37.89634],[-4.77561,37.8966],[-4.77563,37.89661],[-4.77591,37.89669],[-4.77594,37.8967],[-4.77619,37.89678],[-4.77627,37.8968],[-4.77646,37.89686],[-4.77652,37.89688],[-4.77661,37.89691],[-4.77691,37.897],[-4.77695,37.89701]]}},{"type":"Feature","properties":{"name":"","kind":"road","road":"secondary","osm":148325534},"geometry":{"type":"LineString","coordinates":[[-4.77416,37.89621],[-4.77427,37.896],[-4.77427,37.89598],[-4.7743,37.89587]]}},{"type":"Feature","properties":{"name":"","kind":"road","road":"tertiary","osm":148325535},"geometry":{"type":"LineString","coordinates":[[-4.77358,37.89611],[-4.77387,37.89624],[-4.77392,37.89628],[-4.77395,37.8963],[-4.77396,37.89634],[-4.77397,37.8965]]}},{"type":"Feature","properties":{"name":"Avenida Ronda del Marrubial","kind":"road","road":"primary","osm":148385298},"geometry":{"type":"LineString","coordinates":[[-4.76961,37.89326],[-4.76951,37.89323],[-4.76941,37.89319],[-4.76929,37.89316],[-4.76926,37.89314],[-4.769,37.89293]]}},{"type":"Feature","properties":{"name":"Avenida de los Almogávares","kind":"road","road":"primary","osm":148385299},"geometry":{"type":"LineString","coordinates":[[-4.76949,37.89368],[-4.76957,37.89372],[-4.7697,37.8938],[-4.77005,37.89399],[-4.77018,37.89408],[-4.77077,37.89456],[-4.77085,37.8946]]}},{"type":"Feature","properties":{"name":"Avenida de los Almogávares","kind":"road","road":"primary","osm":148385300},"geometry":{"type":"LineString","coordinates":[[-4.77085,37.8946],[-4.77083,37.89452],[-4.77062,37.89435],[-4.77037,37.89416],[-4.77026,37.89405],[-4.77003,37.89369]]}},{"type":"Feature","properties":{"name":"Glorieta de la Fuensantilla","kind":"road","road":"primary","osm":148385303},"geometry":{"type":"LineString","coordinates":[[-4.76982,37.89335],[-4.76978,37.89332],[-4.76974,37.89329]]}},{"type":"Feature","properties":{"name":"Glorieta de la Fuensantilla","kind":"road","road":"primary","osm":148385304},"geometry":{"type":"LineString","coordinates":[[-4.76933,37.89355],[-4.76936,37.89359],[-4.76939,37.89362]]}},{"type":"Feature","properties":{"name":"Glorieta de la Fuensantilla","kind":"road","road":"secondary","osm":148385305},"geometry":{"type":"LineString","coordinates":[[-4.76939,37.89362],[-4.76947,37.89356],[-4.76964,37.89346],[-4.76974,37.89339],[-4.76982,37.89335]]}},{"type":"Feature","properties":{"name":"Glorieta de la Fuensantilla","kind":"road","road":"secondary","osm":148385306},"geometry":{"type":"LineString","coordinates":[[-4.76974,37.89329],[-4.76953,37.89342],[-4.76945,37.89347],[-4.76944,37.89348],[-4.76933,37.89355]]}},{"type":"Feature","properties":{"name":"Glorieta de la Fuensantilla","kind":"road","road":"primary","osm":148385309},"geometry":{"type":"LineString","coordinates":[[-4.76961,37.89326],[-4.76952,37.89327],[-4.76943,37.8933],[-4.76937,37.89335],[-4.76933,37.89341]]}},{"type":"Feature","properties":{"name":"Glorieta de la Fuensantilla","kind":"road","road":"primary","osm":148385310},"geometry":{"type":"LineString","coordinates":[[-4.76949,37.89368],[-4.76954,37.89369],[-4.76959,37.89369],[-4.76965,37.89369],[-4.7697,37.89368],[-4.76975,37.89366],[-4.76979,37.89363],[-4.76983,37.89359],[-4.76985,37.89355],[-4.76987,37.89351],[-4.76987,37.89347],[-4.76986,37.89343]]}},{"type":"Feature","properties":{"name":"Avenida Ronda del Marrubial","kind":"road","road":"primary","osm":148432466},"geometry":{"type":"LineString","coordinates":[[-4.76921,37.89319],[-4.76924,37.89322],[-4.76927,37.89326],[-4.76929,37.89331],[-4.76931,37.89336],[-4.76933,37.89341]]}},{"type":"Feature","properties":{"name":"Calle Campo de San Antón","kind":"road","road":"primary","osm":148440675},"geometry":{"type":"LineString","coordinates":[[-4.76598,37.88524],[-4.76609,37.88516],[-4.76619,37.88507],[-4.76629,37.88495],[-4.76639,37.88482],[-4.76651,37.88456],[-4.76654,37.8844],[-4.76658,37.88426]]}},{"type":"Feature","properties":{"name":"","kind":"road","road":"tertiary","osm":148440681},"geometry":{"type":"LineString","coordinates":[[-4.7666,37.88503],[-4.76642,37.88506],[-4.76628,37.88506],[-4.76619,37.88507],[-4.76603,37.8851]]}},{"type":"Feature","properties":{"name":"Jardín de la niña del milagro","kind":"park","road":"","osm":148440684},"geometry":{"type":"Polygon","coordinates":[[[-4.76717,37.88477],[-4.76685,37.88488],[-4.76658,37.88497],[-4.76651,37.88495],[-4.76646,37.88491],[-4.76644,37.88486],[-4.76644,37.88484],[-4.76657,37.88461],[-4.76662,37.88436],[-4.76664,37.88434],[-4.76666,37.88432],[-4.76669,37.88431],[-4.76673,37.88432],[-4.76713,37.88459],[-4.76722,37.88466],[-4.76717,37.88477]]]}},{"type":"Feature","properties":{"name":"Avenida de Libia","kind":"road","road":"primary","osm":148472983},"geometry":{"type":"LineString","coordinates":[[-4.76437,37.88604],[-4.76422,37.88605],[-4.76396,37.88619],[-4.76367,37.88644],[-4.76346,37.8866]]}},{"type":"Feature","properties":{"name":"Calle Puerta Nueva","kind":"road","road":"tertiary","osm":148480577},"geometry":{"type":"LineString","coordinates":[[-4.76658,37.88426],[-4.76665,37.88427],[-4.76679,37.88428]]}},{"type":"Feature","properties":{"name":"Calle Hernando de Magallanes","kind":"road","road":"tertiary","osm":148480578},"geometry":{"type":"LineString","coordinates":[[-4.76617,37.88417],[-4.76637,37.88415],[-4.76645,37.88413],[-4.76648,37.88411]]}},{"type":"Feature","properties":{"name":"Plaza de la Flor del Olivo","kind":"road","road":"pedestrian","osm":148567873},"geometry":{"type":"LineString","coordinates":[[-4.77659,37.89275],[-4.77654,37.89278],[-4.77654,37.89289],[-4.77654,37.89306],[-4.77654,37.89319],[-4.77659,37.89324],[-4.77652,37.89327],[-4.7765,37.89327],[-4.77632,37.89326],[-4.77616,37.89326],[-4.77613,37.89325],[-4.77609,37.89322],[-4.7761,37.89298],[-4.77612,37.89274],[-4.77616,37.89274],[-4.77652,37.89275],[-4.77659,37.89275]]}},{"type":"Feature","properties":{"name":"Plaza de la Flor del Olivo","kind":"road","road":"pedestrian","osm":148567874},"geometry":{"type":"LineString","coordinates":[[-4.77657,37.89263],[-4.77653,37.89263],[-4.77616,37.89262],[-4.77613,37.89262],[-4.77614,37.89252],[-4.77615,37.89243],[-4.77615,37.89237],[-4.77616,37.89223],[-4.77616,37.8922],[-4.77617,37.89203],[-4.7762,37.892],[-4.77753,37.89206],[-4.77753,37.89218],[-4.77753,37.89223],[-4.77706,37.89221],[-4.7766,37.8922],[-4.77657,37.89263]]}},{"type":"Feature","properties":{"name":"Avenida del Corregidor","kind":"road","road":"primary","osm":148733626},"geometry":{"type":"LineString","coordinates":[[-4.7845,37.8731],[-4.78494,37.87334],[-4.78515,37.87348],[-4.78533,37.87362],[-4.78549,37.87376],[-4.78567,37.87394],[-4.78577,37.87406],[-4.78587,37.87418],[-4.78593,37.87428],[-4.78599,37.87438],[-4.78609,37.87457],[-4.78614,37.87468],[-4.78621,37.87486]]}},{"type":"Feature","properties":{"name":"Glorieta de la Media luna","kind":"road","road":"primary","osm":148733627},"geometry":{"type":"LineString","coordinates":[[-4.7864,37.88126],[-4.78645,37.88107],[-4.78647,37.881],[-4.78648,37.88093],[-4.78646,37.88086],[-4.78643,37.8808],[-4.78636,37.88071],[-4.78625,37.88058],[-4.78617,37.88051]]}},{"type":"Feature","properties":{"name":"","kind":"road","road":"primary","osm":148733632},"geometry":{"type":"LineString","coordinates":[[-4.78115,37.87127],[-4.78349,37.87254]]}},{"type":"Feature","properties":{"name":"Plaza de la Constitución","kind":"park","road":"","osm":148733634},"geometry":{"type":"Polygon","coordinates":[[[-4.78681,37.87882],[-4.78678,37.87914],[-4.78678,37.87916],[-4.78677,37.87917],[-4.78676,37.87935],[-4.78674,37.87951],[-4.78656,37.8795],[-4.78624,37.87949],[-4.78621,37.87949],[-4.78622,37.87945],[-4.78627,37.87882],[-4.78628,37.87881],[-4.78629,37.8788],[-4.78631,37.8788],[-4.78633,37.8788],[-4.78647,37.8788],[-4.78681,37.87882]]]}},{"type":"Feature","properties":{"name":"","kind":"road","road":"primary","osm":148733638},"geometry":{"type":"LineString","coordinates":[[-4.78603,37.87961],[-4.78586,37.8796]]}},{"type":"Feature","properties":{"name":"","kind":"road","road":"primary","osm":148733639},"geometry":{"type":"LineString","coordinates":[[-4.78418,37.87307],[-4.78436,37.87307],[-4.7845,37.8731]]}},{"type":"Feature","properties":{"name":"Avenida de Menéndez Pidal","kind":"road","road":"secondary","osm":148733642},"geometry":{"type":"LineString","coordinates":[[-4.78648,37.87452],[-4.78646,37.87459],[-4.78644,37.87464],[-4.78641,37.87467],[-4.78638,37.8747],[-4.78629,37.87478]]}},{"type":"Feature","properties":{"name":"","kind":"road","road":"primary","osm":148733643},"geometry":{"type":"LineString","coordinates":[[-4.78603,37.87961],[-4.78597,37.87962],[-4.78591,37.87966],[-4.78587,37.8797]]}},{"type":"Feature","properties":{"name":"","kind":"road","road":"primary","osm":148733644},"geometry":{"type":"LineString","coordinates":[[-4.78456,37.87305],[-4.78443,37.87291],[-4.78436,37.87282]]}},{"type":"Feature","properties":{"name":"","kind":"road","road":"primary","osm":148733646},"geometry":{"type":"LineString","coordinates":[[-4.78601,37.88015],[-4.78597,37.87996],[-4.78594,37.87984],[-4.78593,37.87981],[-4.78591,37.87977],[-4.78587,37.8797]]}},{"type":"Feature","properties":{"name":"Calle del Pintor Espinosa","kind":"road","road":"tertiary","osm":148742512},"geometry":{"type":"LineString","coordinates":[[-4.79203,37.87366],[-4.79185,37.87398]]}},{"type":"Feature","properties":{"name":"Calle del Pintor Espinosa","kind":"road","road":"tertiary","osm":148742513},"geometry":{"type":"LineString","coordinates":[[-4.79138,37.87485],[-4.79111,37.87535],[-4.79093,37.8756],[-4.79049,37.87606]]}},{"type":"Feature","properties":{"name":"Calle Santa María de Trassierra","kind":"road","road":"primary","osm":148819855},"geometry":{"type":"LineString","coordinates":[[-4.78816,37.89002],[-4.78819,37.89001],[-4.78824,37.89001],[-4.78832,37.89002],[-4.78838,37.89003],[-4.78842,37.89005],[-4.78847,37.89007]]}},{"type":"Feature","properties":{"name":"Calle Santa María de Trassierra","kind":"road","road":"primary","osm":148819857},"geometry":{"type":"LineString","coordinates":[[-4.78847,37.89007],[-4.78825,37.88983]]}},{"type":"Feature","properties":{"name":"","kind":"road","road":"primary","osm":152263192},"geometry":{"type":"LineString","coordinates":[[-4.78579,37.88006],[-4.78576,37.88018],[-4.78568,37.8803],[-4.78557,37.88045]]}},{"type":"Feature","properties":{"name":"Río Guadalquivir","kind":"river","road":"","osm":158189848},"geometry":{"type":"LineString","coordinates":[[-4.62721,37.93351],[-4.62772,37.9337],[-4.62978,37.93477],[-4.63385,37.93705],[-4.63622,37.93913],[-4.63892,37.94082],[-4.63977,37.94115],[-4.64123,37.94171],[-4.64366,37.94195],[-4.64663,37.94193],[-4.65047,37.94139],[-4.65298,37.94094],[-4.65544,37.9404],[-4.65703,37.93976],[-4.65897,37.9389],[-4.66023,37.93771],[-4.66087,37.93725],[-4.66155,37.93696],[-4.66187,37.93645],[-4.66158,37.93581],[-4.66109,37.93476],[-4.66056,37.9326],[-4.6605,37.93195],[-4.66106,37.93118],[-4.66186,37.93015],[-4.66298,37.92925],[-4.66419,37.92881],[-4.66817,37.92881],[-4.67048,37.9286],[-4.67349,37.92827],[-4.67467,37.92788],[-4.67694,37.92707],[-4.67865,37.92622],[-4.68116,37.92522],[-4.68257,37.92464],[-4.68385,37.92385],[-4.68591,37.92277],[-4.68969,37.92048],[-4.69115,37.91926],[-4.69189,37.91848],[-4.69308,37.91748],[-4.69391,37.91636],[-4.69438,37.91521],[-4.69421,37.91432],[-4.69352,37.91323],[-4.6932,37.91258],[-4.69326,37.912],[-4.69399,37.9111],[-4.69622,37.90987],[-4.69862,37.90848],[-4.70059,37.90747],[-4.7017,37.90675],[-4.70224,37.9062],[-4.70279,37.90579],[-4.70352,37.90554],[-4.7045,37.9049],[-4.70488,37.90444],[-4.70479,37.90339],[-4.70413,37.90201],[-4.7028,37.89935],[-4.70167,37.89717],[-4.69994,37.89555],[-4.69903,37.8945],[-4.69828,37.89271],[-4.69791,37.8901],[-4.69807,37.88867],[-4.69822,37.8874],[-4.69842,37.88623],[-4.69884,37.88549],[-4.6991,37.88489],[-4.69935,37.88461],[-4.69995,37.88433],[-4.70061,37.88418],[-4.70159,37.88427],[-4.70286,37.8843],[-4.70408,37.88403],[-4.70502,37.88346],[-4.7057,37.88295],[-4.70601,37.88255],[-4.7067,37.88191],[-4.7073,37.88078],[-4.70764,37.87979],[-4.70777,37.87837],[-4.70792,37.87755],[-4.70816,37.87648],[-4.70882,37.87534],[-4.70981,37.87486],[-4.71096,37.87436],[-4.71218,37.87393],[-4.71388,37.87337],[-4.7148,37.87335],[-4.71555,37.87341],[-4.71627,37.87351],[-4.71661,37.87363],[-4.71713,37.87396],[-4.7179,37.87476],[-4.71823,37.87513],[-4.71876,37.87565],[-4.72089,37.87737],[-4.72199,37.87876],[-4.72367,37.8818],[-4.72531,37.88442],[-4.72709,37.88696],[-4.72887,37.88843],[-4.7303,37.8893],[-4.73468,37.89079],[-4.73713,37.89096],[-4.73829,37.89085],[-4.73905,37.89045],[-4.73956,37.88949],[-4.74009,37.88835],[-4.74007,37.88719],[-4.74018,37.88508],[-4.74156,37.87916],[-4.7418,37.87695],[-4.74231,37.87505],[-4.74328,37.87254],[-4.74517,37.8703],[-4.74692,37.86834],[-4.74833,37.86741],[-4.75054,37.86655],[-4.75343,37.86582],[-4.75643,37.86547],[-4.7603,37.86567],[-4.76405,37.86652],[-4.76619,37.86754],[-4.76762,37.86834],[-4.76879,37.86914],[-4.76978,37.87033],[-4.77043,37.87151],[-4.77047,37.87302],[-4.77045,37.87375],[-4.77002,37.87576],[-4.76991,37.87772],[-4.77038,37.87874],[-4.77148,37.87974],[-4.77212,37.88003],[-4.77332,37.88001],[-4.77388,37.87978],[-4.77579,37.87865],[-4.77706,37.87753],[-4.77732,37.87686],[-4.7782,37.87613],[-4.77837,37.87596],[-4.77944,37.87493],[-4.78057,37.87396],[-4.78122,37.87295],[-4.78204,37.8719],[-4.78248,37.87158],[-4.78277,37.87101],[-4.78406,37.87005],[-4.78526,37.86743],[-4.78979,37.86182],[-4.79225,37.85969]]}},{"type":"Feature","properties":{"name":"Calle de los Libreros","kind":"road","road":"pedestrian","osm":167911357},"geometry":{"type":"LineString","coordinates":[[-4.77608,37.89547],[-4.77588,37.89517]]}},{"type":"Feature","properties":{"name":"Calle Martín Gaite","kind":"road","road":"pedestrian","osm":167913418},"geometry":{"type":"LineString","coordinates":[[-4.77724,37.89459],[-4.77744,37.8949]]}},{"type":"Feature","properties":{"name":"","kind":"road","road":"pedestrian","osm":170510701},"geometry":{"type":"LineString","coordinates":[[-4.77057,37.89009],[-4.77062,37.89022]]}},{"type":"Feature","properties":{"name":"Avenida de América","kind":"road","road":"primary","osm":192756983},"geometry":{"type":"LineString","coordinates":[[-4.79078,37.88722],[-4.79047,37.88734]]}},{"type":"Feature","properties":{"name":"Avenida de los Almogávares","kind":"road","road":"primary","osm":204959290},"geometry":{"type":"LineString","coordinates":[[-4.77228,37.89573],[-4.77246,37.89581]]}},{"type":"Feature","properties":{"name":"Calle El Nogal","kind":"road","road":"tertiary","osm":205033284},"geometry":{"type":"LineString","coordinates":[[-4.78244,37.89453],[-4.78271,37.89491],[-4.7831,37.89548],[-4.78351,37.89606]]}},{"type":"Feature","properties":{"name":"Calle Junio Galión","kind":"road","road":"pedestrian","osm":205204969},"geometry":{"type":"LineString","coordinates":[[-4.77683,37.88173],[-4.7768,37.88172],[-4.7767,37.88172],[-4.77647,37.88177]]}},{"type":"Feature","properties":{"name":"Calle Hernando de Magallanes","kind":"road","road":"tertiary","osm":205597920},"geometry":{"type":"LineString","coordinates":[[-4.76495,37.88396],[-4.76584,37.88411],[-4.76617,37.88417],[-4.76636,37.88422],[-4.76645,37.88424]]}},{"type":"Feature","properties":{"name":"Avenida Nuestra Señora de la Fuensanta","kind":"road","road":"secondary","osm":205597921},"geometry":{"type":"LineString","coordinates":[[-4.76602,37.88165],[-4.76594,37.88165],[-4.76547,37.88159],[-4.76537,37.88158],[-4.76498,37.88155],[-4.76487,37.88154],[-4.76453,37.88153],[-4.7644,37.88154],[-4.76395,37.88155],[-4.76349,37.88157],[-4.76319,37.88158],[-4.76308,37.8816]]}},{"type":"Feature","properties":{"name":"","kind":"road","road":"tertiary","osm":205597922},"geometry":{"type":"LineString","coordinates":[[-4.7672,37.88061],[-4.76721,37.88062],[-4.76722,37.88064],[-4.76723,37.88065],[-4.76725,37.88067],[-4.76728,37.88069],[-4.7673,37.8807],[-4.76734,37.88072],[-4.76737,37.88073]]}},{"type":"Feature","properties":{"name":"Cuesta de la Pólvora","kind":"road","road":"tertiary","osm":205597924},"geometry":{"type":"LineString","coordinates":[[-4.7672,37.88061],[-4.76707,37.88059],[-4.76648,37.88049],[-4.76611,37.88044],[-4.76595,37.88038],[-4.7655,37.88019],[-4.76536,37.88012]]}},{"type":"Feature","properties":{"name":"Calle Campo Madre de Dios","kind":"road","road":"primary","osm":205598693},"geometry":{"type":"LineString","coordinates":[[-4.76658,37.88426],[-4.7666,37.88409]]}},{"type":"Feature","properties":{"name":"Calle Ronda de los Mártires","kind":"road","road":"tertiary","osm":205598694},"geometry":{"type":"LineString","coordinates":[[-4.76788,37.8806],[-4.76762,37.88057],[-4.76738,37.88054],[-4.76734,37.88054],[-4.7673,37.88054],[-4.76727,37.88054],[-4.76724,37.88055],[-4.76723,37.88056],[-4.76722,37.88057],[-4.76721,37.88059],[-4.7672,37.88061]]}},{"type":"Feature","properties":{"name":"Plaza de Colón","kind":"road","road":"secondary","osm":205604554},"geometry":{"type":"LineString","coordinates":[[-4.77978,37.89082],[-4.77971,37.89064]]}},{"type":"Feature","properties":{"name":"Avenida de los Molinos","kind":"road","road":"secondary","osm":205604559},"geometry":{"type":"LineString","coordinates":[[-4.77894,37.89188],[-4.77939,37.89181],[-4.78001,37.89172]]}},{"type":"Feature","properties":{"name":"Plaza de Colón","kind":"road","road":"secondary","osm":205605001},"geometry":{"type":"LineString","coordinates":[[-4.77737,37.88944],[-4.77761,37.89025],[-4.77766,37.89043],[-4.77771,37.8906],[-4.77775,37.89075],[-4.77782,37.89097],[-4.77782,37.89098]]}},{"type":"Feature","properties":{"name":"Calle Escañuela","kind":"road","road":"pedestrian","osm":205685974},"geometry":{"type":"LineString","coordinates":[[-4.76867,37.88696],[-4.76802,37.88724]]}},{"type":"Feature","properties":{"name":"Avenida de Libia","kind":"road","road":"primary","osm":206370212},"geometry":{"type":"LineString","coordinates":[[-4.7638,37.8867],[-4.76391,37.88658],[-4.76437,37.88614],[-4.76466,37.88594],[-4.76479,37.88585],[-4.7651,37.8857],[-4.7658,37.88537],[-4.76598,37.88524]]}},{"type":"Feature","properties":{"name":"Avenida del Compositor Rafael Castro","kind":"road","road":"tertiary","osm":206535642},"geometry":{"type":"LineString","coordinates":[[-4.76719,37.87721],[-4.76714,37.87704],[-4.767,37.87687],[-4.76697,37.87683],[-4.76692,37.87674],[-4.76688,37.87665],[-4.76687,37.87655],[-4.76681,37.87643]]}},{"type":"Feature","properties":{"name":"Avenida del Campo de la Verdad","kind":"road","road":"primary","osm":206535644},"geometry":{"type":"LineString","coordinates":[[-4.77274,37.87471],[-4.77266,37.8747],[-4.77262,37.8747],[-4.77175,37.87463],[-4.77173,37.87463],[-4.77167,37.87462],[-4.77139,37.8746]]}},{"type":"Feature","properties":{"name":"Avenida de Cádiz","kind":"road","road":"primary","osm":206552928},"geometry":{"type":"LineString","coordinates":[[-4.77862,37.87067],[-4.77867,37.87063],[-4.77873,37.87057],[-4.77878,37.87051],[-4.77885,37.87046],[-4.77893,37.8704],[-4.77896,37.87037],[-4.77902,37.87033]]}},{"type":"Feature","properties":{"name":"Calle Crucifijo","kind":"road","road":"pedestrian","osm":206553681},"geometry":{"type":"LineString","coordinates":[[-4.76889,37.88661],[-4.76895,37.88626],[-4.76902,37.88617],[-4.76907,37.88599]]}},{"type":"Feature","properties":{"name":"","kind":"road","road":"primary","osm":206556948},"geometry":{"type":"LineString","coordinates":[[-4.77987,37.87046],[-4.77978,37.87037],[-4.77971,37.87031],[-4.77965,37.87025],[-4.7796,37.87016],[-4.77955,37.87007],[-4.77952,37.86999],[-4.7795,37.8699],[-4.7795,37.86981],[-4.7795,37.86973],[-4.77953,37.86963],[-4.77957,37.86955],[-4.77959,37.86951],[-4.77974,37.86919]]}},{"type":"Feature","properties":{"name":"Plaza Doña Engracia","kind":"road","road":"pedestrian","osm":206556987},"geometry":{"type":"LineString","coordinates":[[-4.77249,37.88305],[-4.77269,37.88299]]}},{"type":"Feature","properties":{"name":"Calle Regina","kind":"road","road":"pedestrian","osm":206556988},"geometry":{"type":"LineString","coordinates":[[-4.77178,37.88456],[-4.77111,37.8845]]}},{"type":"Feature","properties":{"name":"Calle Roelas","kind":"road","road":"pedestrian","osm":206585583},"geometry":{"type":"LineString","coordinates":[[-4.76978,37.88855],[-4.76965,37.88881],[-4.76965,37.8889]]}},{"type":"Feature","properties":{"name":"Avenida Ronda de los Tejares","kind":"road","road":"secondary","osm":206632935},"geometry":{"type":"LineString","coordinates":[[-4.78242,37.88764],[-4.78185,37.88795],[-4.78177,37.888],[-4.78135,37.88824],[-4.78112,37.88835],[-4.78103,37.8884],[-4.78073,37.88857]]}},{"type":"Feature","properties":{"name":"Avenida Ronda de los Tejares","kind":"road","road":"secondary","osm":206633413},"geometry":{"type":"LineString","coordinates":[[-4.78016,37.88887],[-4.78073,37.88857]]}},{"type":"Feature","properties":{"name":"Avenida de América","kind":"road","road":"primary","osm":206643473},"geometry":{"type":"LineString","coordinates":[[-4.78515,37.88957],[-4.78541,37.88951],[-4.78551,37.88946],[-4.78555,37.88944],[-4.78688,37.88885],[-4.78692,37.88883],[-4.78699,37.8888],[-4.78701,37.8888],[-4.78705,37.88879],[-4.78708,37.88879],[-4.78711,37.8888]]}},{"type":"Feature","properties":{"name":"Glorieta de las Tres Culturas","kind":"road","road":"primary","osm":206643474},"geometry":{"type":"LineString","coordinates":[[-4.78816,37.89002],[-4.78819,37.88999],[-4.78821,37.88996],[-4.78823,37.88994],[-4.78824,37.88991],[-4.78825,37.88987],[-4.78825,37.88983]]}},{"type":"Feature","properties":{"name":"Glorieta Orquesta de Córdoba","kind":"road","road":"primary","osm":207107103},"geometry":{"type":"LineString","coordinates":[[-4.78388,37.873],[-4.78391,37.87303],[-4.78396,37.87306],[-4.784,37.87307],[-4.78405,37.87308],[-4.78409,37.87308]]}},{"type":"Feature","properties":{"name":"Calle Escañuela","kind":"road","road":"pedestrian","osm":207489493},"geometry":{"type":"LineString","coordinates":[[-4.7689,37.88835],[-4.76881,37.88826],[-4.76881,37.88823],[-4.76874,37.88815],[-4.76865,37.88809]]}},{"type":"Feature","properties":{"name":"Calle Abejar","kind":"road","road":"pedestrian","osm":210254039},"geometry":{"type":"LineString","coordinates":[[-4.77068,37.88671],[-4.77077,37.88671],[-4.77119,37.88668],[-4.77138,37.88666]]}},{"type":"Feature","properties":{"name":"Calle de la Prensa","kind":"road","road":"pedestrian","osm":211306018},"geometry":{"type":"LineString","coordinates":[[-4.7739,37.88298],[-4.77394,37.88298],[-4.77406,37.88297],[-4.77421,37.88295]]}},{"type":"Feature","properties":{"name":"Calle Gutiérrez de los Ríos","kind":"road","road":"pedestrian","osm":219943744},"geometry":{"type":"LineString","coordinates":[[-4.77201,37.88634],[-4.77202,37.88646],[-4.77202,37.8865]]}},{"type":"Feature","properties":{"name":"Calle Sagunto","kind":"road","road":"tertiary","osm":223952521},"geometry":{"type":"LineString","coordinates":[[-4.76575,37.89232],[-4.7656,37.89238],[-4.76545,37.89244],[-4.76518,37.89256],[-4.76489,37.89268],[-4.76462,37.89279],[-4.76414,37.89299]]}},{"type":"Feature","properties":{"name":"Calle Sagunto","kind":"road","road":"tertiary","osm":223952522},"geometry":{"type":"LineString","coordinates":[[-4.76414,37.89299],[-4.76403,37.89304],[-4.76376,37.89315],[-4.76363,37.8932],[-4.76321,37.89339],[-4.76264,37.89362],[-4.76241,37.89373],[-4.76227,37.89378]]}},{"type":"Feature","properties":{"name":"Calle Torre de San Andrés","kind":"road","road":"pedestrian","osm":224539698},"geometry":{"type":"LineString","coordinates":[[-4.77293,37.88623],[-4.77287,37.88605],[-4.77287,37.88601],[-4.77282,37.886],[-4.77277,37.88596],[-4.77277,37.88584],[-4.77252,37.88581],[-4.77247,37.88581],[-4.77241,37.88587],[-4.77231,37.88586],[-4.77217,37.88583]]}},{"type":"Feature","properties":{"name":"Calle Góngora","kind":"road","road":"pedestrian","osm":224690796},"geometry":{"type":"LineString","coordinates":[[-4.78034,37.88601],[-4.78028,37.88603],[-4.78013,37.88606],[-4.77992,37.88606]]}},{"type":"Feature","properties":{"name":"","kind":"road","road":"pedestrian","osm":224690800},"geometry":{"type":"LineString","coordinates":[[-4.76909,37.88338],[-4.76883,37.88345],[-4.7688,37.88345],[-4.76862,37.8835],[-4.76845,37.88355]]}},{"type":"Feature","properties":{"name":"Plaza Conde de Gavia","kind":"road","road":"pedestrian","osm":224690802},"geometry":{"type":"LineString","coordinates":[[-4.769,37.88317],[-4.76907,37.88334],[-4.76909,37.88338],[-4.76918,37.88352],[-4.76923,37.8836],[-4.76937,37.8838]]}},{"type":"Feature","properties":{"name":"Plaza Conde de Gavia","kind":"road","road":"pedestrian","osm":224690804},"geometry":{"type":"LineString","coordinates":[[-4.76936,37.88354],[-4.76926,37.88358],[-4.76923,37.8836],[-4.76918,37.88352],[-4.76909,37.88338],[-4.76907,37.88334],[-4.76908,37.88333],[-4.76925,37.88329],[-4.76931,37.88328],[-4.76931,37.88329],[-4.76931,37.8833],[-4.76937,37.88342],[-4.76931,37.88344],[-4.76933,37.88348],[-4.76936,37.88354]]}},{"type":"Feature","properties":{"name":"Calle Cruz","kind":"road","road":"pedestrian","osm":224798521},"geometry":{"type":"LineString","coordinates":[[-4.77543,37.883],[-4.77532,37.883],[-4.77515,37.88301],[-4.77492,37.88301],[-4.77486,37.88301],[-4.77469,37.88301]]}},{"type":"Feature","properties":{"name":"Calle Pedro Muñoz","kind":"road","road":"pedestrian","osm":224798522},"geometry":{"type":"LineString","coordinates":[[-4.77558,37.88328],[-4.77593,37.88333],[-4.77613,37.88337]]}},{"type":"Feature","properties":{"name":"Calle Pedro Muñoz","kind":"road","road":"pedestrian","osm":224798523},"geometry":{"type":"LineString","coordinates":[[-4.77514,37.88323],[-4.77466,37.88325]]}},{"type":"Feature","properties":{"name":"Calleja del Salmorejo Cordobés","kind":"road","road":"pedestrian","osm":225037396},"geometry":{"type":"LineString","coordinates":[[-4.78172,37.87824],[-4.78194,37.87822]]}},{"type":"Feature","properties":{"name":"Calle Arquitecto José Rebollo Dicenta","kind":"road","road":"pedestrian","osm":225037397},"geometry":{"type":"LineString","coordinates":[[-4.77688,37.88776],[-4.7769,37.88793],[-4.77695,37.88799]]}},{"type":"Feature","properties":{"name":"","kind":"park","road":"","osm":225538246},"geometry":{"type":"Polygon","coordinates":[[[-4.78162,37.89574],[-4.78161,37.896],[-4.7806,37.896],[-4.78061,37.89573],[-4.78162,37.89574]]]}},{"type":"Feature","properties":{"name":"","kind":"park","road":"","osm":225538250},"geometry":{"type":"Polygon","coordinates":[[[-4.78129,37.89663],[-4.7813,37.89622],[-4.78123,37.89623],[-4.78097,37.89622],[-4.78092,37.89622],[-4.78091,37.89665],[-4.78129,37.89663]]]}},{"type":"Feature","properties":{"name":"Avenida Ronda de los Tejares","kind":"road","road":"secondary","osm":227580708},"geometry":{"type":"LineString","coordinates":[[-4.77946,37.88925],[-4.77951,37.88922],[-4.77955,37.8892],[-4.77959,37.88918],[-4.78016,37.88887]]}},{"type":"Feature","properties":{"name":"Avenida Ronda de los Tejares","kind":"road","road":"secondary","osm":227580709},"geometry":{"type":"LineString","coordinates":[[-4.77934,37.88952],[-4.77937,37.88942],[-4.77941,37.88933],[-4.77946,37.88925]]}},{"type":"Feature","properties":{"name":"Calle Concepción","kind":"road","road":"pedestrian","osm":227580710},"geometry":{"type":"LineString","coordinates":[[-4.78331,37.88475],[-4.78321,37.88474],[-4.78248,37.88468]]}},{"type":"Feature","properties":{"name":"Plaza de San Nicolás","kind":"road","road":"pedestrian","osm":227580712},"geometry":{"type":"LineString","coordinates":[[-4.78206,37.88393],[-4.78228,37.88409],[-4.78235,37.88422]]}},{"type":"Feature","properties":{"name":"","kind":"park","road":"","osm":227676303},"geometry":{"type":"Polygon","coordinates":[[[-4.78906,37.87596],[-4.78902,37.87591],[-4.7889,37.87571],[-4.78887,37.87566],[-4.78857,37.87564],[-4.78856,37.87569],[-4.78855,37.87588],[-4.78854,37.87593],[-4.78906,37.87596]]]}},{"type":"Feature","properties":{"name":"Jardines de los Custodios","kind":"park","road":"","osm":227676304},"geometry":{"type":"Polygon","coordinates":[[[-4.78831,37.876],[-4.7883,37.87611],[-4.78805,37.87611],[-4.78804,37.87614],[-4.78794,37.87613],[-4.78795,37.87598],[-4.78788,37.87598],[-4.78753,37.87596],[-4.78757,37.87549],[-4.78765,37.8755],[-4.78826,37.87553],[-4.78829,37.87554],[-4.78832,37.87555],[-4.78834,37.87558],[-4.78834,37.8756],[-4.78834,37.87562],[-4.78834,37.87567],[-4.78832,37.87586],[-4.78832,37.87588],[-4.78831,37.876]]]}},{"type":"Feature","properties":{"name":"Parque Cruz Conde","kind":"park","road":"","osm":227678489},"geometry":{"type":"Polygon","coordinates":[[[-4.79237,37.87196],[-4.79145,37.87164],[-4.79146,37.87162],[-4.79142,37.8716],[-4.79135,37.87158],[-4.7913,37.87154],[-4.79126,37.87151],[-4.79122,37.87148],[-4.79118,37.87145],[-4.79114,37.87141],[-4.79111,37.87138],[-4.79108,37.87134],[-4.79106,37.8713],[-4.79103,37.87125],[-4.79101,37.8712],[-4.79099,37.87112],[-4.79094,37.87056],[-4.79089,37.87055],[-4.79087,37.87053],[-4.79079,37.87051],[-4.79074,37.87049],[-4.79071,37.87047],[-4.79069,37.87046],[-4.78987,37.87076],[-4.78927,37.87106],[-4.78894,37.87123],[-4.78864,37.87144],[-4.78798,37.872],[-4.78789,37.87209],[-4.78772,37.8724],[-4.78753,37.87274],[-4.78748,37.87282],[-4.78756,37.87296],[-4.78764,37.87302],[-4.78772,37.87301],[-4.78779,37.87291],[-4.78789,37.87296],[-4.78793,37.87293],[-4.78798,37.8729],[-4.78808,37.87299],[-4.78811,37.87299],[-4.78815,37.873],[-4.78824,37.87308],[-4.78829,37.87305],[-4.78858,37.87322],[-4.78851,37.87327],[-4.7885,37.87339],[-4.78845,37.87345],[-4.78844,37.87347],[-4.78836,37.87357],[-4.78822,37.87368],[-4.78804,37.87378],[-4.78786,37.87385],[-4.78777,37.87387],[-4.78776,37.87388],[-4.78804,37.87383],[-4.78818,37.8738],[-4.7882,37.87381],[-4.78821,37.87383],[-4.78825,37.87383],[-4.78827,37.87384],[-4.78831,37.87386],[-4.78833,37.87392],[-4.78841,37.87413],[-4.78825,37.87425],[-4.78761,37.87437],[-4.78767,37.87449],[-4.78748,37.87452],[-4.78721,37.87455],[-4.78692,37.87459],[-4.78676,37.87462],[-4.7868,37.8747],[-4.78694,37.87466],[-4.78722,37.87458],[-4.78745,37.87456],[-4.78774,37.87453],[-4.78816,37.87449],[-4.78849,37.87446],[-4.78904,37.8744],[-4.78959,37.87435],[-4.7907,37.87425],[-4.79072,37.87425],[-4.79075,37.87426],[-4.79076,37.87427],[-4.79077,37.87429],[-4.79078,37.8743],[-4.79079,37.8744],[-4.79085,37.87479],[-4.79088,37.87474],[-4.7912,37.87484],[-4.79112,37.87499],[-4.79081,37.8749],[-4.79088,37.87551],[-4.791,37.87531],[-4.79122,37.87493],[-4.79128,37.87483],[-4.79103,37.87475],[-4.79108,37.87466],[-4.79097,37.87462],[-4.79092,37.8746],[-4.79089,37.87458],[-4.79088,37.87455],[-4.79087,37.87452],[-4.79087,37.87448],[-4.79089,37.87444],[-4.79122,37.87383],[-4.79173,37.874],[-4.79193,37.87365],[-4.79188,37.87363],[-4.79207,37.8733],[-4.79252,37.87246],[-4.79261,37.87228],[-4.79269,37.87228],[-4.79278,37.87211],[-4.79278,37.8721],[-4.79276,37.87208],[-4.79248,37.87199],[-4.79237,37.87196]]]}},{"type":"Feature","properties":{"name":"Ronda de los Mártires","kind":"road","road":"tertiary","osm":227716631},"geometry":{"type":"LineString","coordinates":[[-4.77244,37.88078],[-4.77233,37.88079],[-4.77218,37.88078],[-4.77158,37.88075],[-4.77136,37.88075],[-4.77098,37.8808],[-4.77079,37.88082],[-4.77076,37.88082],[-4.77058,37.88084],[-4.77048,37.88084],[-4.77024,37.88084],[-4.76972,37.88083],[-4.76958,37.88083],[-4.76941,37.88082],[-4.7687,37.8808],[-4.76859,37.8808]]}},{"type":"Feature","properties":{"name":"Calle Nuestra Señora del Carmen","kind":"road","road":"pedestrian","osm":228003933},"geometry":{"type":"LineString","coordinates":[[-4.77553,37.88249],[-4.77545,37.88227],[-4.77539,37.88209],[-4.77539,37.88208]]}},{"type":"Feature","properties":{"name":"Calle Rafaela Lozano Garrido","kind":"road","road":"pedestrian","osm":228003934},"geometry":{"type":"LineString","coordinates":[[-4.77575,37.88245],[-4.77575,37.88244],[-4.77568,37.88222]]}},{"type":"Feature","properties":{"name":"Calleja del Naranjo","kind":"road","road":"pedestrian","osm":231968242},"geometry":{"type":"LineString","coordinates":[[-4.7827,37.88213],[-4.78236,37.88206]]}},{"type":"Feature","properties":{"name":"Calleja del Indiano","kind":"road","road":"pedestrian","osm":231968243},"geometry":{"type":"LineString","coordinates":[[-4.78258,37.88137],[-4.78256,37.88133],[-4.78245,37.88119],[-4.78249,37.88116],[-4.78246,37.88111],[-4.78227,37.88095]]}},{"type":"Feature","properties":{"name":"Calle Almanzor","kind":"road","road":"pedestrian","osm":231968253},"geometry":{"type":"LineString","coordinates":[[-4.7826,37.88102],[-4.78257,37.88098],[-4.78244,37.88086],[-4.78265,37.88067],[-4.78282,37.88054]]}},{"type":"Feature","properties":{"name":"Avenida de América","kind":"road","road":"primary","osm":241705266},"geometry":{"type":"LineString","coordinates":[[-4.78515,37.88957],[-4.78462,37.8898],[-4.78455,37.88983],[-4.78449,37.88986]]}},{"type":"Feature","properties":{"name":"Glorieta Llanos del Pretorio","kind":"road","road":"primary","osm":241719135},"geometry":{"type":"LineString","coordinates":[[-4.78094,37.89299],[-4.7812,37.89288]]}},{"type":"Feature","properties":{"name":"Avenida del Gran Capitán","kind":"road","road":"primary","osm":241719142},"geometry":{"type":"LineString","coordinates":[[-4.78357,37.89462],[-4.78354,37.89483]]}},{"type":"Feature","properties":{"name":"","kind":"park","road":"","osm":257964385},"geometry":{"type":"Polygon","coordinates":[[[-4.77826,37.89215],[-4.77835,37.89214],[-4.77836,37.89213],[-4.77835,37.89207],[-4.77834,37.89206],[-4.77832,37.89206],[-4.77825,37.89214],[-4.77825,37.89215],[-4.77826,37.89215]]]}},{"type":"Feature","properties":{"name":"","kind":"park","road":"","osm":257964386},"geometry":{"type":"Polygon","coordinates":[[[-4.77823,37.89205],[-4.77824,37.89205],[-4.77824,37.89206],[-4.77819,37.89211],[-4.77817,37.89212],[-4.77816,37.89213],[-4.77801,37.89213],[-4.77801,37.89212],[-4.77802,37.89211],[-4.77803,37.89209],[-4.77802,37.89208],[-4.778,37.89207],[-4.778,37.89206],[-4.77823,37.89205]]]}},{"type":"Feature","properties":{"name":"","kind":"park","road":"","osm":257964387},"geometry":{"type":"Polygon","coordinates":[[[-4.77781,37.89215],[-4.77774,37.89208],[-4.77774,37.89207],[-4.77775,37.89206],[-4.77776,37.89205],[-4.77795,37.89206],[-4.77796,37.89207],[-4.77794,37.89208],[-4.77794,37.8921],[-4.77794,37.89211],[-4.77797,37.89213],[-4.77797,37.89214],[-4.77781,37.89215]]]}},{"type":"Feature","properties":{"name":"","kind":"park","road":"","osm":257964390},"geometry":{"type":"Polygon","coordinates":[[[-4.77768,37.89219],[-4.77767,37.89211],[-4.77768,37.89211],[-4.77769,37.89211],[-4.77776,37.89218],[-4.77776,37.89219],[-4.77775,37.89219],[-4.77768,37.89219]]]}},{"type":"Feature","properties":{"name":"Plaza de Colón","kind":"park","road":"","osm":257966018},"geometry":{"type":"Polygon","coordinates":[[[-4.77967,37.89082],[-4.77964,37.89084],[-4.77815,37.89127],[-4.77811,37.89126],[-4.77808,37.89122],[-4.77808,37.89118],[-4.7781,37.89115],[-4.77958,37.89071],[-4.77962,37.89071],[-4.77965,37.89073],[-4.77967,37.89076],[-4.77968,37.89079],[-4.77967,37.89082]]]}},{"type":"Feature","properties":{"name":"","kind":"water","road":"","osm":265605945},"geometry":{"type":"Polygon","coordinates":[[[-4.78473,37.89093],[-4.78467,37.89096],[-4.78454,37.89077],[-4.7846,37.89074],[-4.78473,37.89093]]]}},{"type":"Feature","properties":{"name":"","kind":"water","road":"","osm":265605946},"geometry":{"type":"Polygon","coordinates":[[[-4.78418,37.89117],[-4.78412,37.8912],[-4.78399,37.89102],[-4.78405,37.89099],[-4.78418,37.89117]]]}},{"type":"Feature","properties":{"name":"","kind":"water","road":"","osm":265605947},"geometry":{"type":"Polygon","coordinates":[[[-4.78362,37.89141],[-4.78356,37.89144],[-4.78343,37.89126],[-4.7835,37.89123],[-4.78362,37.89141]]]}},{"type":"Feature","properties":{"name":"Plaza de la Magdalena","kind":"park","road":"","osm":265793574},"geometry":{"type":"Polygon","coordinates":[[[-4.76955,37.88602],[-4.76907,37.88597],[-4.76902,37.88546],[-4.76938,37.88541],[-4.76954,37.88578],[-4.76955,37.88602]]]}},{"type":"Feature","properties":{"name":"Calle Patio Doctor Álvarez García","kind":"road","road":"pedestrian","osm":266909051},"geometry":{"type":"LineString","coordinates":[[-4.78499,37.87667],[-4.78499,37.87676]]}},{"type":"Feature","properties":{"name":"","kind":"park","road":"","osm":268607277},"geometry":{"type":"Polygon","coordinates":[[[-4.78403,37.87846],[-4.78407,37.87807],[-4.78371,37.87817],[-4.78402,37.87846],[-4.78403,37.87846]]]}},{"type":"Feature","properties":{"name":"Calle Patio Doctor Álvarez García","kind":"road","road":"pedestrian","osm":268607278},"geometry":{"type":"LineString","coordinates":[[-4.78483,37.87848],[-4.78484,37.87837]]}},{"type":"Feature","properties":{"name":"","kind":"water","road":"","osm":272779369},"geometry":{"type":"Polygon","coordinates":[[[-4.78176,37.87656],[-4.7817,37.87647],[-4.78185,37.87641],[-4.78191,37.87649],[-4.78176,37.87656]]]}},{"type":"Feature","properties":{"name":"","kind":"water","road":"","osm":272779370},"geometry":{"type":"Polygon","coordinates":[[[-4.78273,37.8754],[-4.78272,37.87538],[-4.78296,37.87519],[-4.78297,37.87521],[-4.78273,37.8754]]]}},{"type":"Feature","properties":{"name":"","kind":"water","road":"","osm":272779372},"geometry":{"type":"Polygon","coordinates":[[[-4.78248,37.87613],[-4.78228,37.8763],[-4.78224,37.87627],[-4.78219,37.87624],[-4.78239,37.87607],[-4.78244,37.87609],[-4.78248,37.87613]]]}},{"type":"Feature","properties":{"name":"","kind":"water","road":"","osm":272779373},"geometry":{"type":"Polygon","coordinates":[[[-4.78316,37.87551],[-4.78288,37.87576],[-4.78284,37.87573],[-4.78281,37.87571],[-4.78309,37.87546],[-4.78312,37.87549],[-4.78316,37.87551]]]}},{"type":"Feature","properties":{"name":"","kind":"water","road":"","osm":272779375},"geometry":{"type":"Polygon","coordinates":[[[-4.78193,37.87648],[-4.78187,37.8764],[-4.78202,37.87633],[-4.78204,37.87637],[-4.78207,37.87641],[-4.78207,37.87642],[-4.78204,37.87643],[-4.78199,37.87645],[-4.78196,37.87646],[-4.78193,37.87648]]]}},{"type":"Feature","properties":{"name":"","kind":"water","road":"","osm":272779376},"geometry":{"type":"Polygon","coordinates":[[[-4.78243,37.87563],[-4.78241,37.87562],[-4.78265,37.87543],[-4.78267,37.87545],[-4.78243,37.87563]]]}},{"type":"Feature","properties":{"name":"","kind":"water","road":"","osm":272779377},"geometry":{"type":"Polygon","coordinates":[[[-4.78283,37.8758],[-4.78255,37.87605],[-4.78251,37.87603],[-4.78247,37.876],[-4.78248,37.876],[-4.7825,37.87598],[-4.78276,37.87575],[-4.78279,37.87578],[-4.78283,37.8758]]]}},{"type":"Feature","properties":{"name":"","kind":"road","road":"pedestrian","osm":277064767},"geometry":{"type":"LineString","coordinates":[[-4.77899,37.87757],[-4.77893,37.8775],[-4.77886,37.87744],[-4.77873,37.87731],[-4.77869,37.87727],[-4.77854,37.87714],[-4.77846,37.87707],[-4.77837,37.877],[-4.77814,37.87682],[-4.77782,37.87656],[-4.77764,37.87642],[-4.77747,37.87628],[-4.77734,37.87617],[-4.77719,37.87606],[-4.77711,37.87601],[-4.77697,37.8759],[-4.77684,37.8758]]}},{"type":"Feature","properties":{"name":"Calle del Cardenal Herrero","kind":"road","road":"pedestrian","osm":279256945},"geometry":{"type":"LineString","coordinates":[[-4.78066,37.87973],[-4.78063,37.87968],[-4.78057,37.87955]]}},{"type":"Feature","properties":{"name":"Calleja del Pastel","kind":"road","road":"pedestrian","osm":279256946},"geometry":{"type":"LineString","coordinates":[[-4.78082,37.87953],[-4.78086,37.87966],[-4.78089,37.87974]]}},{"type":"Feature","properties":{"name":"Calle Azonaicas","kind":"road","road":"pedestrian","osm":281299813},"geometry":{"type":"LineString","coordinates":[[-4.77813,37.88429],[-4.77796,37.88429]]}},{"type":"Feature","properties":{"name":"Calle Azonaicas","kind":"road","road":"pedestrian","osm":281328510},"geometry":{"type":"LineString","coordinates":[[-4.77795,37.88476],[-4.77817,37.88476]]}},{"type":"Feature","properties":{"name":"","kind":"water","road":"","osm":284441653},"geometry":{"type":"Polygon","coordinates":[[[-4.78207,37.87637],[-4.78209,37.87636],[-4.78208,37.87635],[-4.78207,37.87634],[-4.78205,37.87635],[-4.78206,37.87636],[-4.78207,37.87637]]]}},{"type":"Feature","properties":{"name":"Plaza de Tiberiades","kind":"road","road":"pedestrian","osm":286801138},"geometry":{"type":"LineString","coordinates":[[-4.78313,37.87948],[-4.7831,37.87945],[-4.7831,37.87944],[-4.78328,37.87936],[-4.78329,37.87937],[-4.78329,37.87938],[-4.78319,37.87942],[-4.7832,37.87943],[-4.78321,37.87945],[-4.7832,37.87945],[-4.78315,37.87947],[-4.78313,37.87948]]}},{"type":"Feature","properties":{"name":"Plaza de Capuchinos","kind":"road","road":"pedestrian","osm":286803662},"geometry":{"type":"LineString","coordinates":[[-4.77773,37.88825],[-4.77718,37.88814],[-4.77712,37.88814],[-4.77714,37.88806],[-4.77715,37.88804],[-4.77715,37.88803],[-4.77717,37.88802],[-4.77777,37.88814],[-4.77776,37.88815],[-4.77775,37.88818],[-4.77773,37.88825]]}},{"type":"Feature","properties":{"name":"Calle Puerta de Plasencia","kind":"road","road":"secondary","osm":289369558},"geometry":{"type":"LineString","coordinates":[[-4.76403,37.8913],[-4.76455,37.89109],[-4.76461,37.89107],[-4.7647,37.89103],[-4.76489,37.89095],[-4.76506,37.89088]]}},{"type":"Feature","properties":{"name":"","kind":"park","road":"","osm":295873371},"geometry":{"type":"Polygon","coordinates":[[[-4.78562,37.88069],[-4.78557,37.8807],[-4.7855,37.88073],[-4.78543,37.88076],[-4.78538,37.88079],[-4.78533,37.88083],[-4.78529,37.88087],[-4.78526,37.8809],[-4.78523,37.88091],[-4.78521,37.8809],[-4.78522,37.88086],[-4.78525,37.88082],[-4.78533,37.88073],[-4.78541,37.88066],[-4.78547,37.88061],[-4.78553,37.88057],[-4.78559,37.88053],[-4.78563,37.88052],[-4.78565,37.88052],[-4.78564,37.88062],[-4.78564,37.88068],[-4.78563,37.88069],[-4.78562,37.88069]]]}},{"type":"Feature","properties":{"name":"","kind":"park","road":"","osm":295873373},"geometry":{"type":"Polygon","coordinates":[[[-4.78606,37.8805],[-4.78602,37.88054],[-4.78598,37.88056],[-4.78594,37.88058],[-4.78589,37.88059],[-4.78589,37.8806],[-4.78595,37.88065],[-4.78601,37.88068],[-4.78605,37.88071],[-4.78611,37.88073],[-4.78617,37.88076],[-4.78623,37.8808],[-4.7863,37.88086],[-4.78635,37.88091],[-4.78637,37.88095],[-4.78638,37.88095],[-4.78639,37.88095],[-4.7864,37.88094],[-4.78637,37.8809],[-4.78633,37.88082],[-4.78629,37.88076],[-4.78622,37.88069],[-4.78615,37.88062],[-4.78609,37.88055],[-4.78606,37.8805]]]}},{"type":"Feature","properties":{"name":"","kind":"park","road":"","osm":296427195},"geometry":{"type":"Polygon","coordinates":[[[-4.77437,37.88497],[-4.77413,37.88506],[-4.77409,37.88499],[-4.77437,37.88497]]]}},{"type":"Feature","properties":{"name":"","kind":"park","road":"","osm":296427197},"geometry":{"type":"Polygon","coordinates":[[[-4.77407,37.88536],[-4.77401,37.88541],[-4.77387,37.8852],[-4.77405,37.88514],[-4.77407,37.88536]]]}},{"type":"Feature","properties":{"name":"","kind":"park","road":"","osm":296427199},"geometry":{"type":"Polygon","coordinates":[[[-4.77354,37.88498],[-4.77338,37.88499],[-4.77337,37.88493],[-4.77354,37.88492],[-4.77354,37.88498]]]}},{"type":"Feature","properties":{"name":"","kind":"park","road":"","osm":296427201},"geometry":{"type":"Polygon","coordinates":[[[-4.7737,37.88504],[-4.7736,37.88509],[-4.77359,37.88502],[-4.77368,37.88501],[-4.7737,37.88504]]]}},{"type":"Feature","properties":{"name":"","kind":"park","road":"","osm":296427202},"geometry":{"type":"Polygon","coordinates":[[[-4.77445,37.88543],[-4.77432,37.88543],[-4.77423,37.88526],[-4.77443,37.88509],[-4.77445,37.88543]]]}},{"type":"Feature","properties":{"name":"","kind":"park","road":"","osm":296427206},"geometry":{"type":"Polygon","coordinates":[[[-4.77356,37.88511],[-4.7734,37.88518],[-4.77338,37.88503],[-4.77355,37.88502],[-4.77356,37.88511]]]}},{"type":"Feature","properties":{"name":"","kind":"park","road":"","osm":296427209},"geometry":{"type":"Polygon","coordinates":[[[-4.77443,37.88505],[-4.77422,37.88523],[-4.77415,37.8851],[-4.77442,37.885],[-4.77443,37.88505]]]}},{"type":"Feature","properties":{"name":"","kind":"park","road":"","osm":296427210},"geometry":{"type":"Polygon","coordinates":[[[-4.77422,37.88538],[-4.77412,37.88538],[-4.77412,37.88536],[-4.77419,37.8853],[-4.77422,37.88538]]]}},{"type":"Feature","properties":{"name":"","kind":"park","road":"","osm":296427211},"geometry":{"type":"Polygon","coordinates":[[[-4.7738,37.88519],[-4.77372,37.88508],[-4.7736,37.88513],[-4.77361,37.88526],[-4.7738,37.88519]]]}},{"type":"Feature","properties":{"name":"","kind":"park","road":"","osm":296427212},"geometry":{"type":"Polygon","coordinates":[[[-4.77397,37.88545],[-4.77364,37.88551],[-4.77362,37.8853],[-4.77382,37.88522],[-4.77397,37.88545]]]}},{"type":"Feature","properties":{"name":"","kind":"park","road":"","osm":296427214},"geometry":{"type":"Polygon","coordinates":[[[-4.77404,37.88509],[-4.77403,37.88499],[-4.7739,37.885],[-4.77377,37.88505],[-4.77385,37.88517],[-4.77404,37.88509]]]}},{"type":"Feature","properties":{"name":"Jardines de Orive","kind":"park","road":"","osm":296509733},"geometry":{"type":"Polygon","coordinates":[[[-4.77449,37.88528],[-4.7745,37.8854],[-4.77456,37.8854],[-4.77456,37.88547],[-4.77441,37.88548],[-4.77441,37.88551],[-4.77437,37.88556],[-4.77425,37.88558],[-4.77423,37.88558],[-4.77426,37.8857],[-4.77417,37.88571],[-4.77415,37.88572],[-4.77416,37.88577],[-4.77415,37.88577],[-4.77413,37.88578],[-4.77412,37.88573],[-4.77412,37.8857],[-4.77411,37.88566],[-4.7741,37.88562],[-4.77408,37.88555],[-4.7741,37.88554],[-4.77409,37.8855],[-4.77401,37.88551],[-4.77401,37.88552],[-4.77395,37.88553],[-4.77395,37.88551],[-4.77391,37.88552],[-4.77378,37.88553],[-4.77379,37.88556],[-4.77376,37.88556],[-4.77376,37.88555],[-4.77362,37.88555],[-4.77359,37.88556],[-4.77347,37.88556],[-4.77347,37.88548],[-4.77345,37.88545],[-4.77338,37.88545],[-4.77337,37.88541],[-4.77337,37.88539],[-4.77337,37.88536],[-4.77335,37.88516],[-4.77332,37.88486],[-4.77332,37.88484],[-4.77345,37.88483],[-4.77351,37.88483],[-4.77375,37.88481],[-4.77375,37.88487],[-4.77376,37.88492],[-4.77389,37.8849],[-4.77389,37.88482],[-4.77389,37.8848],[-4.77399,37.88479],[-4.77403,37.88479],[-4.77406,37.88479],[-4.77408,37.88493],[-4.7743,37.88493],[-4.77448,37.88492],[-4.77448,37.88505],[-4.77449,37.88528]]]}},{"type":"Feature","properties":{"name":"Calle Especieros","kind":"road","road":"pedestrian","osm":296511446},"geometry":{"type":"LineString","coordinates":[[-4.77323,37.88432],[-4.77322,37.88438],[-4.77322,37.88471]]}},{"type":"Feature","properties":{"name":"Calle Huerto de San Pablo","kind":"road","road":"pedestrian","osm":296511447},"geometry":{"type":"LineString","coordinates":[[-4.77405,37.88451],[-4.77367,37.88453]]}},{"type":"Feature","properties":{"name":"Calle Huerto de San Pablo","kind":"road","road":"pedestrian","osm":296511448},"geometry":{"type":"LineString","coordinates":[[-4.77403,37.88478],[-4.77373,37.8848]]}},{"type":"Feature","properties":{"name":"Jardines Virgen de la Estrella","kind":"park","road":"","osm":296534574},"geometry":{"type":"Polygon","coordinates":[[[-4.78629,37.89367],[-4.78613,37.89375],[-4.7855,37.89292],[-4.78566,37.89283],[-4.78629,37.89367]]]}},{"type":"Feature","properties":{"name":"Calle Joaquín Sama Naharro","kind":"road","road":"tertiary","osm":296534577},"geometry":{"type":"LineString","coordinates":[[-4.7845,37.8927],[-4.78455,37.89277],[-4.78482,37.89313],[-4.78487,37.89319],[-4.78523,37.89367],[-4.78526,37.89371],[-4.7853,37.89376],[-4.78549,37.89401],[-4.78554,37.89408]]}},{"type":"Feature","properties":{"name":"Jardines Virgen de la Estrella","kind":"park","road":"","osm":296534583},"geometry":{"type":"Polygon","coordinates":[[[-4.78599,37.89382],[-4.78555,37.89402],[-4.78531,37.89369],[-4.78555,37.89358],[-4.7852,37.89312],[-4.78539,37.89301],[-4.78599,37.89382]]]}},{"type":"Feature","properties":{"name":"","kind":"water","road":"","osm":301598472},"geometry":{"type":"Polygon","coordinates":[[[-4.77994,37.87959],[-4.77987,37.87961],[-4.77986,37.87961],[-4.77985,37.87961],[-4.77983,37.87959],[-4.77984,37.87958],[-4.77985,37.87958],[-4.77984,37.87957],[-4.7799,37.87955],[-4.77991,37.87955],[-4.77992,37.87955],[-4.77993,37.87955],[-4.77994,37.87957],[-4.77993,37.87957],[-4.77993,37.87958],[-4.77994,37.87959]]]}},{"type":"Feature","properties":{"name":"Calle Puerta Sevilla","kind":"road","road":"pedestrian","osm":301824233},"geometry":{"type":"LineString","coordinates":[[-4.78514,37.87518],[-4.78514,37.87523],[-4.78519,37.87527],[-4.78525,37.87531],[-4.78529,37.87534],[-4.78534,37.87538],[-4.78538,37.87537],[-4.7854,37.87536],[-4.78555,37.87539],[-4.7856,37.87528],[-4.78543,37.87525],[-4.78537,37.87524],[-4.78514,37.87518]]}},{"type":"Feature","properties":{"name":"Calle Chaparro","kind":"road","road":"pedestrian","osm":306095106},"geometry":{"type":"LineString","coordinates":[[-4.77684,37.89026],[-4.77686,37.89054],[-4.77681,37.89055],[-4.77682,37.89067],[-4.77686,37.89086]]}},{"type":"Feature","properties":{"name":"Avenida Ronda del Marrubial","kind":"road","road":"primary","osm":315465667},"geometry":{"type":"LineString","coordinates":[[-4.769,37.89293],[-4.76882,37.89279],[-4.76869,37.8927],[-4.76862,37.89266],[-4.76855,37.89263],[-4.76844,37.89259],[-4.76806,37.89247],[-4.76774,37.89237],[-4.76747,37.89227],[-4.76672,37.89197],[-4.76654,37.89191]]}},{"type":"Feature","properties":{"name":"Avenida del Campo de la Verdad","kind":"road","road":"primary","osm":315465674},"geometry":{"type":"LineString","coordinates":[[-4.77447,37.87495],[-4.77491,37.87503],[-4.77497,37.87504],[-4.775,37.87504]]}},{"type":"Feature","properties":{"name":"","kind":"water","road":"","osm":326986540},"geometry":{"type":"Polygon","coordinates":[[[-4.78564,37.88778],[-4.78567,37.88778],[-4.78569,37.88777],[-4.78571,37.88776],[-4.78572,37.88775],[-4.78573,37.88773],[-4.78573,37.88771],[-4.78572,37.8877],[-4.78571,37.88768],[-4.78569,37.88767],[-4.78567,37.88767],[-4.78565,37.88767],[-4.78562,37.88768],[-4.78561,37.88769],[-4.78559,37.8877],[-4.78559,37.88772],[-4.78559,37.88774],[-4.7856,37.88776],[-4.78562,37.88777],[-4.78564,37.88778]]]}},{"type":"Feature","properties":{"name":"Jardines de la Agricultura","kind":"park","road":"","osm":326989292},"geometry":{"type":"Polygon","coordinates":[[[-4.78494,37.88814],[-4.78518,37.88918],[-4.7852,37.88927],[-4.78522,37.88933],[-4.78531,37.88936],[-4.7855,37.88927],[-4.78556,37.88923],[-4.78565,37.88919],[-4.78621,37.8889],[-4.78666,37.88871],[-4.78695,37.88857],[-4.78701,37.88847],[-4.78648,37.88782],[-4.78626,37.88744],[-4.786,37.88697],[-4.7859,37.8867],[-4.78574,37.88665],[-4.78501,37.88662],[-4.78481,37.88674],[-4.78465,37.88687],[-4.78466,37.8869],[-4.78469,37.88713],[-4.78474,37.88734],[-4.7848,37.88761],[-4.78494,37.88814]]]}},{"type":"Feature","properties":{"name":"","kind":"park","road":"","osm":339921238},"geometry":{"type":"Polygon","coordinates":[[[-4.76654,37.88422],[-4.76656,37.88411],[-4.76652,37.88413],[-4.76651,37.88422],[-4.76654,37.88422]]]}},{"type":"Feature","properties":{"name":"","kind":"park","road":"","osm":339921242},"geometry":{"type":"Polygon","coordinates":[[[-4.76532,37.88544],[-4.76478,37.88568],[-4.76481,37.88531],[-4.76532,37.88544]]]}},{"type":"Feature","properties":{"name":"","kind":"park","road":"","osm":339921243},"geometry":{"type":"Polygon","coordinates":[[[-4.76638,37.88474],[-4.76645,37.8846],[-4.76648,37.8845],[-4.7665,37.88441],[-4.76647,37.88441],[-4.76643,37.88457],[-4.76639,37.88465],[-4.76632,37.8848],[-4.76624,37.88491],[-4.76615,37.88502],[-4.76619,37.88501],[-4.7663,37.88488],[-4.76638,37.88474]]]}},{"type":"Feature","properties":{"name":"","kind":"park","road":"","osm":339921244},"geometry":{"type":"Polygon","coordinates":[[[-4.76653,37.88427],[-4.76651,37.88437],[-4.76648,37.88436],[-4.7665,37.88427],[-4.76653,37.88427]]]}},{"type":"Feature","properties":{"name":"","kind":"water","road":"","osm":339936400},"geometry":{"type":"Polygon","coordinates":[[[-4.76818,37.8785],[-4.76815,37.87877],[-4.76819,37.87878],[-4.76823,37.87878],[-4.76826,37.8785],[-4.76835,37.87783],[-4.76831,37.87782],[-4.76827,37.87782],[-4.76821,37.87824],[-4.76813,37.87824],[-4.76812,37.87823],[-4.76818,37.87754],[-4.76814,37.87754],[-4.76809,37.87753],[-4.76806,37.87798],[-4.76796,37.87797],[-4.76799,37.87721],[-4.76795,37.87721],[-4.76791,37.8772],[-4.7679,37.87752],[-4.76788,37.87797],[-4.76787,37.87822],[-4.76795,37.87822],[-4.76798,37.87823],[-4.76804,37.87823],[-4.76802,37.87848],[-4.7681,37.87849],[-4.76812,37.87849],[-4.76818,37.8785]]]}},{"type":"Feature","properties":{"name":"Autovía del Sur","kind":"road","road":"motorway","osm":343521238},"geometry":{"type":"LineString","coordinates":[[-4.76278,37.87132],[-4.76385,37.86984],[-4.76494,37.86831]]}},{"type":"Feature","properties":{"name":"Autovía del Sur","kind":"road","road":"motorway","osm":343521239},"geometry":{"type":"LineString","coordinates":[[-4.76407,37.86926],[-4.76163,37.8726],[-4.76118,37.87323],[-4.76072,37.87386],[-4.75981,37.87517],[-4.75831,37.87723]]}},{"type":"Feature","properties":{"name":"","kind":"water","road":"","osm":343686444},"geometry":{"type":"Polygon","coordinates":[[[-4.78723,37.87858],[-4.78726,37.87825],[-4.7871,37.87824],[-4.78709,37.87835],[-4.78653,37.87832],[-4.78651,37.87854],[-4.78723,37.87858]]]}},{"type":"Feature","properties":{"name":"Avenida del Corregidor","kind":"road","road":"primary","osm":346992146},"geometry":{"type":"LineString","coordinates":[[-4.78619,37.87453],[-4.78609,37.87434],[-4.78603,37.87425],[-4.78596,37.87415],[-4.78584,37.874],[-4.78571,37.87384],[-4.7856,37.87374],[-4.78548,37.87363],[-4.78529,37.87348],[-4.78507,37.87332],[-4.78482,37.87318],[-4.78456,37.87305],[-4.78433,37.87292]]}},{"type":"Feature","properties":{"name":"","kind":"road","road":"secondary","osm":346992147},"geometry":{"type":"LineString","coordinates":[[-4.78629,37.87478],[-4.78621,37.87486]]}},{"type":"Feature","properties":{"name":"Plaza de la Alhóndiga","kind":"road","road":"pedestrian","osm":360178279},"geometry":{"type":"LineString","coordinates":[[-4.7774,37.87908],[-4.77747,37.87916]]}},{"type":"Feature","properties":{"name":"Calle Cardenal González","kind":"road","road":"pedestrian","osm":360178280},"geometry":{"type":"LineString","coordinates":[[-4.77785,37.8789],[-4.77771,37.87873]]}},{"type":"Feature","properties":{"name":"Calle del Toril","kind":"road","road":"pedestrian","osm":363605900},"geometry":{"type":"LineString","coordinates":[[-4.77381,37.88348],[-4.77368,37.88347],[-4.77363,37.88346]]}},{"type":"Feature","properties":{"name":"Calle Ángel de Saavedra","kind":"road","road":"pedestrian","osm":363605902},"geometry":{"type":"LineString","coordinates":[[-4.77975,37.88285],[-4.77968,37.88284],[-4.77962,37.88283],[-4.77963,37.88275],[-4.77962,37.88275],[-4.77961,37.88274],[-4.77963,37.88271],[-4.77969,37.88265],[-4.77971,37.88259],[-4.77975,37.88259],[-4.77981,37.88259],[-4.77981,37.8826],[-4.77983,37.88272],[-4.77984,37.88279],[-4.77985,37.88282],[-4.77986,37.88285],[-4.7798,37.88285],[-4.77975,37.88285]]}},{"type":"Feature","properties":{"name":"","kind":"road","road":"pedestrian","osm":363605903},"geometry":{"type":"LineString","coordinates":[[-4.77514,37.88334],[-4.77514,37.88323]]}},{"type":"Feature","properties":{"name":"Calle Nacimiento","kind":"road","road":"pedestrian","osm":363620638},"geometry":{"type":"LineString","coordinates":[[-4.77024,37.88084],[-4.77023,37.88092]]}},{"type":"Feature","properties":{"name":"Calle Juan Pareja","kind":"road","road":"pedestrian","osm":363620737},"geometry":{"type":"LineString","coordinates":[[-4.78424,37.87555],[-4.784,37.8754]]}},{"type":"Feature","properties":{"name":"Calle Puerta de Almodóvar","kind":"road","road":"pedestrian","osm":363622544},"geometry":{"type":"LineString","coordinates":[[-4.78401,37.88067],[-4.78407,37.88064]]}},{"type":"Feature","properties":{"name":"Calle Menéndez y Pelayo","kind":"road","road":"pedestrian","osm":363958118},"geometry":{"type":"LineString","coordinates":[[-4.78299,37.88554],[-4.78346,37.88539],[-4.78348,37.88539],[-4.78353,37.88549],[-4.78388,37.88536],[-4.78402,37.88533]]}},{"type":"Feature","properties":{"name":"Calle Alfonso Prieto \"El Chiqui\"","kind":"road","road":"pedestrian","osm":365544160},"geometry":{"type":"LineString","coordinates":[[-4.76768,37.89155],[-4.76792,37.89186],[-4.76793,37.89187]]}},{"type":"Feature","properties":{"name":"","kind":"road","road":"pedestrian","osm":365544161},"geometry":{"type":"LineString","coordinates":[[-4.7677,37.89125],[-4.76745,37.8913]]}},{"type":"Feature","properties":{"name":"","kind":"park","road":"","osm":366798701},"geometry":{"type":"Polygon","coordinates":[[[-4.78237,37.87761],[-4.78249,37.87767],[-4.78252,37.87765],[-4.78258,37.87764],[-4.78252,37.8775],[-4.78242,37.87754],[-4.78237,37.87761]]]}},{"type":"Feature","properties":{"name":"","kind":"park","road":"","osm":366798703},"geometry":{"type":"Polygon","coordinates":[[[-4.78197,37.87728],[-4.78207,37.87739],[-4.782,37.87745],[-4.78177,37.87736],[-4.78186,37.87733],[-4.78185,37.87732],[-4.78197,37.87728]]]}},{"type":"Feature","properties":{"name":"","kind":"park","road":"","osm":366798706},"geometry":{"type":"Polygon","coordinates":[[[-4.78221,37.8772],[-4.78213,37.87731],[-4.78209,37.87732],[-4.78203,37.87732],[-4.78201,37.8773],[-4.78198,37.87727],[-4.78221,37.8772]]]}},{"type":"Feature","properties":{"name":"","kind":"park","road":"","osm":366798708},"geometry":{"type":"Polygon","coordinates":[[[-4.78233,37.8776],[-4.78201,37.87747],[-4.78208,37.87742],[-4.78215,37.87733],[-4.7822,37.87727],[-4.78226,37.87719],[-4.78225,37.87718],[-4.78229,37.87716],[-4.78243,37.87745],[-4.78233,37.8776]]]}},{"type":"Feature","properties":{"name":"Calleja de los Ángeles","kind":"road","road":"pedestrian","osm":366798710},"geometry":{"type":"LineString","coordinates":[[-4.78054,37.8807],[-4.78073,37.88078],[-4.78087,37.88088],[-4.78103,37.88096]]}},{"type":"Feature","properties":{"name":"Calle Pozanco","kind":"road","road":"pedestrian","osm":371576238},"geometry":{"type":"LineString","coordinates":[[-4.77097,37.88887],[-4.77099,37.88892],[-4.7711,37.88914],[-4.77123,37.88923]]}},{"type":"Feature","properties":{"name":"Avenida del Brillante","kind":"road","road":"primary","osm":374912873},"geometry":{"type":"LineString","coordinates":[[-4.78354,37.89483],[-4.78366,37.89487],[-4.78376,37.89492]]}},{"type":"Feature","properties":{"name":"Avenida del Brillante","kind":"road","road":"secondary","osm":374912874},"geometry":{"type":"LineString","coordinates":[[-4.78354,37.89483],[-4.78343,37.8948],[-4.78325,37.89477]]}},{"type":"Feature","properties":{"name":"","kind":"water","road":"","osm":376698770},"geometry":{"type":"Polygon","coordinates":[[[-4.78262,37.8815],[-4.78261,37.88146],[-4.7826,37.88146],[-4.78259,37.88145],[-4.78259,37.88146],[-4.78258,37.88146],[-4.78259,37.8815],[-4.7826,37.88151],[-4.78261,37.8815],[-4.78262,37.8815]]]}},{"type":"Feature","properties":{"name":"","kind":"water","road":"","osm":376699233},"geometry":{"type":"Polygon","coordinates":[[[-4.78433,37.8808],[-4.78428,37.88071],[-4.7842,37.88073],[-4.78425,37.88082],[-4.78433,37.8808]]]}},{"type":"Feature","properties":{"name":"","kind":"road","road":"primary","osm":376882805},"geometry":{"type":"LineString","coordinates":[[-4.78586,37.8796],[-4.78585,37.87967]]}},{"type":"Feature","properties":{"name":"Paseo de la Victoria","kind":"road","road":"primary","osm":376907862},"geometry":{"type":"LineString","coordinates":[[-4.78515,37.88122],[-4.78513,37.88144],[-4.785,37.88263],[-4.785,37.88266]]}},{"type":"Feature","properties":{"name":"Paseo de la Victoria","kind":"road","road":"primary","osm":376907863},"geometry":{"type":"LineString","coordinates":[[-4.785,37.88271],[-4.78497,37.88283],[-4.78489,37.88379],[-4.78479,37.88476],[-4.78479,37.88482],[-4.78478,37.88487],[-4.78477,37.88497],[-4.78475,37.88523],[-4.78475,37.88531]]}},{"type":"Feature","properties":{"name":"Glorieta de la Media luna","kind":"road","road":"primary","osm":376907864},"geometry":{"type":"LineString","coordinates":[[-4.7853,37.88095],[-4.78528,37.88097],[-4.78526,37.881],[-4.78524,37.88105],[-4.78522,37.8811],[-4.78515,37.88122]]}},{"type":"Feature","properties":{"name":"Avenida de América","kind":"road","road":"primary","osm":376960344},"geometry":{"type":"LineString","coordinates":[[-4.78297,37.89055],[-4.78243,37.89079],[-4.78233,37.89084],[-4.78128,37.8913],[-4.78108,37.89139]]}},{"type":"Feature","properties":{"name":"Avenida del Brillante","kind":"road","road":"primary","osm":376966019},"geometry":{"type":"LineString","coordinates":[[-4.78399,37.89508],[-4.78386,37.89497],[-4.78376,37.89492]]}},{"type":"Feature","properties":{"name":"Avenida del Brillante","kind":"road","road":"secondary","osm":376966546},"geometry":{"type":"LineString","coordinates":[[-4.78325,37.89477],[-4.78309,37.89474],[-4.78279,37.89468],[-4.78244,37.89453]]}},{"type":"Feature","properties":{"name":"Avenida del Brillante","kind":"road","road":"secondary","osm":376966660},"geometry":{"type":"LineString","coordinates":[[-4.78244,37.89453],[-4.78242,37.8945],[-4.78239,37.89448]]}},{"type":"Feature","properties":{"name":"Avenida del Brillante","kind":"road","road":"secondary","osm":376966665},"geometry":{"type":"LineString","coordinates":[[-4.78239,37.89448],[-4.78224,37.89433],[-4.78211,37.89416]]}},{"type":"Feature","properties":{"name":"Avenida del Brillante","kind":"road","road":"secondary","osm":376967234},"geometry":{"type":"LineString","coordinates":[[-4.78211,37.89416],[-4.78204,37.89406]]}},{"type":"Feature","properties":{"name":"Avenida del Brillante","kind":"road","road":"secondary","osm":376968138},"geometry":{"type":"LineString","coordinates":[[-4.78204,37.89406],[-4.78148,37.8933]]}},{"type":"Feature","properties":{"name":"Glorieta de la Ciudad de Nüremberg","kind":"road","road":"primary","osm":376975448},"geometry":{"type":"LineString","coordinates":[[-4.7743,37.89587],[-4.77433,37.89572],[-4.77433,37.8956],[-4.77431,37.89556],[-4.7743,37.89554],[-4.77428,37.8955],[-4.77425,37.89543],[-4.77415,37.89535],[-4.77401,37.89533]]}},{"type":"Feature","properties":{"name":"Glorieta de la Ciudad de Nüremberg","kind":"road","road":"primary","osm":376975449},"geometry":{"type":"LineString","coordinates":[[-4.77325,37.89565],[-4.77321,37.89572],[-4.7732,37.89577],[-4.77321,37.89582],[-4.77323,37.8959],[-4.77326,37.89593],[-4.77332,37.89604]]}},{"type":"Feature","properties":{"name":"Avenida de los Piconeros","kind":"road","road":"primary","osm":376975450},"geometry":{"type":"LineString","coordinates":[[-4.77504,37.89487],[-4.7748,37.89497]]}},{"type":"Feature","properties":{"name":"Paseo de las Margaritas","kind":"road","road":"primary","osm":378031726},"geometry":{"type":"LineString","coordinates":[[-4.78728,37.88861],[-4.78725,37.88859],[-4.78723,37.88857],[-4.78714,37.88845]]}},{"type":"Feature","properties":{"name":"Avenida de América","kind":"road","road":"primary","osm":378031727},"geometry":{"type":"LineString","coordinates":[[-4.78728,37.88861],[-4.78712,37.88868]]}},{"type":"Feature","properties":{"name":"Paseo de las Margaritas","kind":"road","road":"primary","osm":378031728},"geometry":{"type":"LineString","coordinates":[[-4.78819,37.88974],[-4.78814,37.88972],[-4.78809,37.88971],[-4.78805,37.8897],[-4.78797,37.88969],[-4.78784,37.88967]]}},{"type":"Feature","properties":{"name":"","kind":"road","road":"secondary","osm":378034924},"geometry":{"type":"LineString","coordinates":[[-4.78001,37.89172],[-4.78007,37.8917],[-4.7801,37.89168],[-4.78014,37.89165],[-4.78017,37.89162]]}},{"type":"Feature","properties":{"name":"Avenida de los Molinos","kind":"road","road":"secondary","osm":378034925},"geometry":{"type":"LineString","coordinates":[[-4.78001,37.89172],[-4.78006,37.89172],[-4.78012,37.89173],[-4.78016,37.89175],[-4.78019,37.89178]]}},{"type":"Feature","properties":{"name":"Calleja de Doña Muña","kind":"road","road":"pedestrian","osm":380617618},"geometry":{"type":"LineString","coordinates":[[-4.77682,37.88077],[-4.77661,37.88065],[-4.7766,37.88064]]}},{"type":"Feature","properties":{"name":"Calleja del Horno de Guiral","kind":"road","road":"pedestrian","osm":380617620},"geometry":{"type":"LineString","coordinates":[[-4.77661,37.88061],[-4.77642,37.88054],[-4.7763,37.8805]]}},{"type":"Feature","properties":{"name":"","kind":"road","road":"pedestrian","osm":384017860},"geometry":{"type":"LineString","coordinates":[[-4.77714,37.86841],[-4.77685,37.86872],[-4.77676,37.8688]]}},{"type":"Feature","properties":{"name":"","kind":"road","road":"pedestrian","osm":384017861},"geometry":{"type":"LineString","coordinates":[[-4.77675,37.86888],[-4.77668,37.86897],[-4.77639,37.86927],[-4.77625,37.86943],[-4.77662,37.87028]]}},{"type":"Feature","properties":{"name":"Calle Cinco Caballeros","kind":"road","road":"tertiary","osm":384206568},"geometry":{"type":"LineString","coordinates":[[-4.76379,37.89387],[-4.76401,37.89342],[-4.76415,37.89311],[-4.76414,37.89299]]}},{"type":"Feature","properties":{"name":"Avenida de América","kind":"road","road":"primary","osm":384584156},"geometry":{"type":"LineString","coordinates":[[-4.78449,37.88986],[-4.78326,37.89042],[-4.78321,37.89044],[-4.78297,37.89055]]}},{"type":"Feature","properties":{"name":"Calle de las Ciudades de Hiroshima y Nagasaki","kind":"road","road":"primary","osm":385027471},"geometry":{"type":"LineString","coordinates":[[-4.78504,37.88646],[-4.78555,37.88649],[-4.78559,37.88649],[-4.78574,37.8865]]}},{"type":"Feature","properties":{"name":"Calle de las Ciudades de Hiroshima y Nagasaki","kind":"road","road":"secondary","osm":385027473},"geometry":{"type":"LineString","coordinates":[[-4.78461,37.88656],[-4.78472,37.88652],[-4.78479,37.88649],[-4.78498,37.88647],[-4.78504,37.88646]]}},{"type":"Feature","properties":{"name":"Paseo de la Victoria","kind":"road","road":"primary","osm":385030325},"geometry":{"type":"LineString","coordinates":[[-4.78475,37.88531],[-4.78474,37.88543],[-4.78467,37.88619]]}},{"type":"Feature","properties":{"name":"Avenida de Cervantes","kind":"road","road":"primary","osm":385034537},"geometry":{"type":"LineString","coordinates":[[-4.78478,37.88794],[-4.78485,37.88823],[-4.78491,37.8885],[-4.78492,37.88853],[-4.78499,37.88887],[-4.78511,37.88938],[-4.78515,37.88957]]}},{"type":"Feature","properties":{"name":"Avenida de los Piconeros","kind":"road","road":"primary","osm":385034538},"geometry":{"type":"LineString","coordinates":[[-4.77942,37.89294],[-4.77933,37.89299],[-4.77897,37.89318],[-4.77871,37.89329],[-4.77846,37.8934]]}},{"type":"Feature","properties":{"name":"Calle Santa María de Trassierra","kind":"road","road":"primary","osm":389412707},"geometry":{"type":"LineString","coordinates":[[-4.79349,37.89226],[-4.79314,37.89218],[-4.79276,37.89209],[-4.7926,37.89206],[-4.79256,37.89205],[-4.79189,37.89191]]}},{"type":"Feature","properties":{"name":"Avenida del Campo de la Verdad","kind":"road","road":"primary","osm":390693659},"geometry":{"type":"LineString","coordinates":[[-4.76683,37.87424],[-4.76674,37.87424],[-4.76668,37.87424],[-4.76652,37.87424],[-4.76634,37.87426],[-4.76616,37.87429],[-4.766,37.87434],[-4.76584,37.87441],[-4.76567,37.8745],[-4.76545,37.87463],[-4.7653,37.87467]]}},{"type":"Feature","properties":{"name":"Avenida de Cádiz","kind":"road","road":"primary","osm":390695684},"geometry":{"type":"LineString","coordinates":[[-4.7761,37.87419],[-4.77671,37.87334],[-4.77698,37.87296],[-4.77706,37.87286],[-4.77726,37.87257],[-4.77734,37.87246],[-4.77763,37.87206],[-4.77778,37.87184],[-4.77797,37.87157],[-4.77816,37.87132],[-4.77862,37.87067]]}},{"type":"Feature","properties":{"name":"Calle del Escritor Castilla Aguayo","kind":"road","road":"tertiary","osm":396522929},"geometry":{"type":"LineString","coordinates":[[-4.78635,37.86922],[-4.78643,37.86918],[-4.7865,37.86914],[-4.78657,37.86913],[-4.78665,37.86911],[-4.78694,37.86911],[-4.787,37.86912],[-4.78731,37.86912],[-4.78751,37.86912],[-4.78794,37.86913],[-4.78806,37.86912],[-4.78809,37.86911],[-4.78823,37.86907],[-4.78856,37.86896],[-4.78907,37.86878],[-4.78932,37.86874],[-4.78955,37.86875],[-4.78978,37.86881],[-4.78995,37.86889],[-4.79005,37.86897],[-4.79006,37.86898],[-4.79013,37.86905],[-4.79018,37.8691],[-4.79032,37.86932],[-4.79068,37.86986],[-4.79094,37.87023],[-4.79097,37.87028]]}},{"type":"Feature","properties":{"name":"Avenida Conde de Vallellano","kind":"road","road":"tertiary","osm":396527277},"geometry":{"type":"LineString","coordinates":[[-4.78642,37.87542],[-4.78627,37.87541]]}},{"type":"Feature","properties":{"name":"","kind":"road","road":"pedestrian","osm":396527279},"geometry":{"type":"LineString","coordinates":[[-4.78887,37.878],[-4.78905,37.87828]]}},{"type":"Feature","properties":{"name":"","kind":"road","road":"pedestrian","osm":396527280},"geometry":{"type":"LineString","coordinates":[[-4.78969,37.87803],[-4.78905,37.87828],[-4.78851,37.87849]]}},{"type":"Feature","properties":{"name":"Avenida del Aeropuerto","kind":"road","road":"tertiary","osm":396527281},"geometry":{"type":"LineString","coordinates":[[-4.79167,37.87765],[-4.79154,37.8777],[-4.79152,37.87771],[-4.7915,37.87772],[-4.79146,37.87773],[-4.7905,37.8781],[-4.79007,37.87827],[-4.79,37.8783],[-4.7899,37.87834],[-4.78847,37.8789],[-4.78815,37.87902]]}},{"type":"Feature","properties":{"name":"Glorieta de la Ciudad de Nüremberg","kind":"road","road":"primary","osm":400448654},"geometry":{"type":"LineString","coordinates":[[-4.77332,37.89604],[-4.77345,37.89608],[-4.77358,37.89611]]}},{"type":"Feature","properties":{"name":"Avenida de la Igualdad","kind":"road","road":"primary","osm":400448655},"geometry":{"type":"LineString","coordinates":[[-4.77291,37.89596],[-4.77309,37.89599],[-4.77316,37.89601],[-4.77332,37.89604]]}},{"type":"Feature","properties":{"name":"","kind":"road","road":"pedestrian","osm":404961714},"geometry":{"type":"LineString","coordinates":[[-4.77025,37.88372],[-4.77016,37.88358],[-4.77003,37.88344]]}},{"type":"Feature","properties":{"name":"","kind":"road","road":"pedestrian","osm":404961715},"geometry":{"type":"LineString","coordinates":[[-4.77,37.88373],[-4.7699,37.8835]]}},{"type":"Feature","properties":{"name":"Calleja del Soldado","kind":"road","road":"pedestrian","osm":404961716},"geometry":{"type":"LineString","coordinates":[[-4.76986,37.88336],[-4.76995,37.88348]]}},{"type":"Feature","properties":{"name":"","kind":"road","road":"pedestrian","osm":404961717},"geometry":{"type":"LineString","coordinates":[[-4.77064,37.88378],[-4.77027,37.88383]]}},{"type":"Feature","properties":{"name":"Calle Vino Tinto","kind":"road","road":"pedestrian","osm":404961718},"geometry":{"type":"LineString","coordinates":[[-4.77034,37.88431],[-4.77031,37.88406],[-4.77026,37.88383]]}},{"type":"Feature","properties":{"name":"Calle San Eloy","kind":"road","road":"pedestrian","osm":404961719},"geometry":{"type":"LineString","coordinates":[[-4.7711,37.88354],[-4.771,37.88355],[-4.7709,37.88356],[-4.77085,37.88358],[-4.77067,37.8836],[-4.7706,37.88362],[-4.77054,37.88362],[-4.77033,37.88368],[-4.77025,37.88372]]}},{"type":"Feature","properties":{"name":"Calle Tomillar","kind":"road","road":"pedestrian","osm":404961720},"geometry":{"type":"LineString","coordinates":[[-4.76968,37.88403],[-4.76969,37.88404],[-4.76971,37.88406],[-4.76971,37.88411],[-4.7698,37.88433]]}},{"type":"Feature","properties":{"name":"","kind":"road","road":"pedestrian","osm":404961721},"geometry":{"type":"LineString","coordinates":[[-4.77025,37.88372],[-4.77,37.88373],[-4.77005,37.88387],[-4.77026,37.88383],[-4.77027,37.88383],[-4.77025,37.88372]]}},{"type":"Feature","properties":{"name":"Plaza de San Bartolomé","kind":"road","road":"pedestrian","osm":405712534},"geometry":{"type":"LineString","coordinates":[[-4.76918,37.88392],[-4.76933,37.88411],[-4.76936,37.8841],[-4.76941,37.88416],[-4.76969,37.88404],[-4.7697,37.88404],[-4.76948,37.88374],[-4.76918,37.88392]]}},{"type":"Feature","properties":{"name":"Plaza de San Bartolomé","kind":"park","road":"","osm":405712535},"geometry":{"type":"Polygon","coordinates":[[[-4.76968,37.88403],[-4.76941,37.88414],[-4.76921,37.88393],[-4.76948,37.88377],[-4.76968,37.88403]]]}},{"type":"Feature","properties":{"name":"Calle Siete Revueltas","kind":"road","road":"pedestrian","osm":405712537},"geometry":{"type":"LineString","coordinates":[[-4.76946,37.88298],[-4.76917,37.88301]]}},{"type":"Feature","properties":{"name":"Calle Siete Revueltas","kind":"road","road":"pedestrian","osm":405712538},"geometry":{"type":"LineString","coordinates":[[-4.76957,37.88262],[-4.76964,37.88283]]}},{"type":"Feature","properties":{"name":"Calle Siete Revueltas","kind":"road","road":"pedestrian","osm":405712539},"geometry":{"type":"LineString","coordinates":[[-4.76914,37.88267],[-4.76913,37.88266],[-4.76908,37.88247]]}},{"type":"Feature","properties":{"name":"Calle Siete Revueltas","kind":"road","road":"pedestrian","osm":405712837},"geometry":{"type":"LineString","coordinates":[[-4.76952,37.88244],[-4.7694,37.88246]]}},{"type":"Feature","properties":{"name":"Calle Escritor Sebastián Cuevas","kind":"road","road":"tertiary","osm":405725988},"geometry":{"type":"LineString","coordinates":[[-4.76723,37.87982],[-4.76725,37.87978],[-4.76726,37.87973],[-4.76727,37.87967],[-4.76729,37.87942],[-4.76737,37.87919],[-4.76741,37.87905],[-4.76743,37.879],[-4.76751,37.87875],[-4.76752,37.87872],[-4.76755,37.87869],[-4.76758,37.87867],[-4.76762,37.87865],[-4.76773,37.87861]]}},{"type":"Feature","properties":{"name":"Calle Periodista Ricardo Rodríguez","kind":"road","road":"tertiary","osm":405734425},"geometry":{"type":"LineString","coordinates":[[-4.7643,37.87825],[-4.76397,37.87851],[-4.76357,37.87882],[-4.76335,37.87903],[-4.76296,37.87931],[-4.76279,37.87937],[-4.76206,37.87954]]}},{"type":"Feature","properties":{"name":"","kind":"park","road":"","osm":405739271},"geometry":{"type":"Polygon","coordinates":[[[-4.76509,37.8753],[-4.75861,37.87849],[-4.75859,37.8785],[-4.75857,37.8785],[-4.75854,37.87849],[-4.75853,37.87847],[-4.75851,37.87841],[-4.75848,37.87837],[-4.75846,37.87833],[-4.75846,37.87829],[-4.75848,37.87824],[-4.76468,37.87521],[-4.76509,37.8753]]]}},{"type":"Feature","properties":{"name":"Plaza Capataz Ignacio Torronteras Paz","kind":"road","road":"pedestrian","osm":405972497},"geometry":{"type":"LineString","coordinates":[[-4.76633,37.8867],[-4.76621,37.88683],[-4.76612,37.887],[-4.76606,37.88699],[-4.76601,37.88699],[-4.76594,37.88681],[-4.76581,37.88637],[-4.76579,37.88634],[-4.76528,37.88636],[-4.76583,37.88622],[-4.7662,37.88627],[-4.76641,37.88616],[-4.76648,37.88618],[-4.76649,37.88623],[-4.76647,37.88631],[-4.76646,37.88637],[-4.76633,37.8867]]}},{"type":"Feature","properties":{"name":"Calle Cisne","kind":"road","road":"pedestrian","osm":405978624},"geometry":{"type":"LineString","coordinates":[[-4.76603,37.88965],[-4.76648,37.88941],[-4.76654,37.8892],[-4.76705,37.88891],[-4.76714,37.88887]]}},{"type":"Feature","properties":{"name":"Avenida Barcelona","kind":"road","road":"primary","osm":409035703},"geometry":{"type":"LineString","coordinates":[[-4.76466,37.8903],[-4.76472,37.89038],[-4.76482,37.89052],[-4.76485,37.89056],[-4.76506,37.89088]]}},{"type":"Feature","properties":{"name":"Fuente del Potro","kind":"water","road":"","osm":409271020},"geometry":{"type":"Polygon","coordinates":[[[-4.77493,37.88118],[-4.77491,37.88118],[-4.77489,37.88118],[-4.77489,37.88117],[-4.77489,37.88115],[-4.77491,37.88115],[-4.77492,37.88115],[-4.77493,37.88116],[-4.77493,37.88118]]]}},{"type":"Feature","properties":{"name":"Avenida de las Lonjas","kind":"road","road":"secondary","osm":409278318},"geometry":{"type":"LineString","coordinates":[[-4.76426,37.87531],[-4.76476,37.87507],[-4.76485,37.87503]]}},{"type":"Feature","properties":{"name":"Avenida de las Lonjas","kind":"road","road":"secondary","osm":409278319},"geometry":{"type":"LineString","coordinates":[[-4.75912,37.87783],[-4.76337,37.87573],[-4.76344,37.8757],[-4.76364,37.87561],[-4.76426,37.87531]]}},{"type":"Feature","properties":{"name":"Plaza de las Beatillas","kind":"road","road":"pedestrian","osm":409293650},"geometry":{"type":"LineString","coordinates":[[-4.77253,37.88866],[-4.77259,37.88874],[-4.77248,37.88879],[-4.77246,37.88879],[-4.77243,37.88873],[-4.77242,37.88871],[-4.77243,37.8887],[-4.77245,37.88868],[-4.77253,37.88866]]}},{"type":"Feature","properties":{"name":"Calle de Mariano Amaya","kind":"road","road":"pedestrian","osm":409294849},"geometry":{"type":"LineString","coordinates":[[-4.77139,37.8886],[-4.77093,37.8887],[-4.77091,37.88871]]}},{"type":"Feature","properties":{"name":"Plaza del Padre Cristóbal","kind":"road","road":"pedestrian","osm":409294850},"geometry":{"type":"LineString","coordinates":[[-4.77134,37.88843],[-4.77132,37.88844],[-4.7713,37.88844],[-4.77116,37.88847],[-4.7711,37.88832],[-4.77112,37.88832],[-4.77125,37.88829],[-4.77126,37.88829],[-4.77128,37.88829],[-4.77134,37.88843]]}},{"type":"Feature","properties":{"name":"","kind":"road","road":"tertiary","osm":410112718},"geometry":{"type":"LineString","coordinates":[[-4.79128,37.88292],[-4.79126,37.8829],[-4.79125,37.88289],[-4.79123,37.88288],[-4.79121,37.88288],[-4.79119,37.88288],[-4.79117,37.88288],[-4.79115,37.8829],[-4.79113,37.88291],[-4.79113,37.88293],[-4.79113,37.88295],[-4.79114,37.88296],[-4.79115,37.88298],[-4.79117,37.88299],[-4.79118,37.88299],[-4.7912,37.883],[-4.79123,37.88299],[-4.79125,37.88299],[-4.79126,37.88297],[-4.79128,37.88296],[-4.79128,37.88294],[-4.79128,37.88292]]}},{"type":"Feature","properties":{"name":"Calle Cruz Conde","kind":"road","road":"pedestrian","osm":416523348},"geometry":{"type":"LineString","coordinates":[[-4.78035,37.88537],[-4.78025,37.88533],[-4.78012,37.88535]]}},{"type":"Feature","properties":{"name":"Calle de la Morería","kind":"road","road":"pedestrian","osm":416523355},"geometry":{"type":"LineString","coordinates":[[-4.782,37.88513],[-4.78197,37.88513],[-4.78164,37.88509],[-4.78155,37.88509],[-4.78145,37.88511],[-4.78126,37.88515],[-4.78117,37.88516],[-4.78091,37.88511],[-4.78076,37.88514],[-4.78067,37.88517],[-4.78061,37.88516],[-4.78024,37.88497],[-4.7801,37.8849]]}},{"type":"Feature","properties":{"name":"Patio del Archivo","kind":"park","road":"","osm":416525421},"geometry":{"type":"Polygon","coordinates":[[[-4.77381,37.88863],[-4.77371,37.88868],[-4.77363,37.88861],[-4.77374,37.88855],[-4.77381,37.88863]]]}},{"type":"Feature","properties":{"name":"Patio de la Capilla","kind":"park","road":"","osm":416525423},"geometry":{"type":"Polygon","coordinates":[[[-4.77393,37.88879],[-4.77383,37.88886],[-4.77378,37.88878],[-4.77387,37.88872],[-4.77393,37.88879]]]}},{"type":"Feature","properties":{"name":"Patio de la Cancela","kind":"park","road":"","osm":416525424},"geometry":{"type":"Polygon","coordinates":[[[-4.77411,37.88875],[-4.77404,37.88878],[-4.77398,37.88868],[-4.77405,37.88865],[-4.77411,37.88875]]]}},{"type":"Feature","properties":{"name":"Patio de Recibo","kind":"park","road":"","osm":416525425},"geometry":{"type":"Polygon","coordinates":[[[-4.77404,37.88855],[-4.77395,37.88858],[-4.77386,37.88848],[-4.77397,37.88844],[-4.77404,37.88855]]]}},{"type":"Feature","properties":{"name":"Calleja de las Ahumadas","kind":"road","road":"pedestrian","osm":416526850},"geometry":{"type":"LineString","coordinates":[[-4.77893,37.87998],[-4.77882,37.87976],[-4.77881,37.87974]]}},{"type":"Feature","properties":{"name":"Calle Medina y Corella","kind":"road","road":"pedestrian","osm":416527690},"geometry":{"type":"LineString","coordinates":[[-4.78105,37.87914],[-4.78105,37.87896]]}},{"type":"Feature","properties":{"name":"","kind":"road","road":"primary","osm":416767313},"geometry":{"type":"LineString","coordinates":[[-4.78359,37.87259],[-4.78366,37.87265],[-4.78369,37.87268],[-4.78372,37.87271],[-4.78375,37.87275],[-4.78378,37.8728],[-4.78386,37.87295]]}},{"type":"Feature","properties":{"name":"","kind":"road","road":"primary","osm":416767316},"geometry":{"type":"LineString","coordinates":[[-4.78349,37.87254],[-4.78359,37.87259],[-4.78384,37.87273],[-4.78394,37.87278]]}},{"type":"Feature","properties":{"name":"","kind":"road","road":"primary","osm":416767320},"geometry":{"type":"LineString","coordinates":[[-4.78353,37.87249],[-4.78119,37.87122]]}},{"type":"Feature","properties":{"name":"Calle Buen Pastor","kind":"road","road":"pedestrian","osm":416773993},"geometry":{"type":"LineString","coordinates":[[-4.78161,37.8807],[-4.7817,37.88065],[-4.78188,37.88054]]}},{"type":"Feature","properties":{"name":"Calle Fernández Ruano","kind":"road","road":"pedestrian","osm":416774002},"geometry":{"type":"LineString","coordinates":[[-4.7832,37.8812],[-4.78303,37.88104]]}},{"type":"Feature","properties":{"name":"","kind":"park","road":"","osm":423943840},"geometry":{"type":"Polygon","coordinates":[[[-4.7823,37.87767],[-4.78227,37.87776],[-4.78208,37.87781],[-4.78192,37.87773],[-4.78176,37.87743],[-4.78186,37.87747],[-4.7823,37.87767]]]}},{"type":"Feature","properties":{"name":"Calle Villaceballos","kind":"road","road":"pedestrian","osm":425999360},"geometry":{"type":"LineString","coordinates":[[-4.78285,37.87869],[-4.78274,37.87873],[-4.78275,37.87875],[-4.78266,37.87877],[-4.78269,37.87883],[-4.78236,37.87894]]}},{"type":"Feature","properties":{"name":"","kind":"water","road":"","osm":426952469},"geometry":{"type":"Polygon","coordinates":[[[-4.76796,37.87392],[-4.76797,37.87391],[-4.76798,37.87389],[-4.76799,37.87387],[-4.76799,37.87385],[-4.76799,37.87383],[-4.76798,37.87381],[-4.76796,37.87378],[-4.76793,37.87377],[-4.76789,37.87376],[-4.76785,37.87376],[-4.76781,37.87377],[-4.76778,37.8738],[-4.76777,37.87383],[-4.76776,37.87387],[-4.76777,37.87389],[-4.76779,37.87391],[-4.76782,37.87393],[-4.76785,37.87394],[-4.76789,37.87394],[-4.76792,37.87394],[-4.76796,37.87392]]]}},{"type":"Feature","properties":{"name":"","kind":"park","road":"","osm":426952510},"geometry":{"type":"Polygon","coordinates":[[[-4.76849,37.87403],[-4.7685,37.87394],[-4.76841,37.87393],[-4.76836,37.87396],[-4.76835,37.87401],[-4.76849,37.87403]]]}},{"type":"Feature","properties":{"name":"","kind":"park","road":"","osm":426952692},"geometry":{"type":"Polygon","coordinates":[[[-4.76824,37.87401],[-4.7681,37.874],[-4.76811,37.87391],[-4.76821,37.87392],[-4.76825,37.87394],[-4.76824,37.87401]]]}},{"type":"Feature","properties":{"name":"","kind":"park","road":"","osm":426952693},"geometry":{"type":"Polygon","coordinates":[[[-4.76764,37.87396],[-4.7675,37.87395],[-4.7675,37.8739],[-4.76755,37.87387],[-4.76765,37.87387],[-4.76764,37.87396]]]}},{"type":"Feature","properties":{"name":"","kind":"park","road":"","osm":426952694},"geometry":{"type":"Polygon","coordinates":[[[-4.76739,37.87394],[-4.76725,37.87393],[-4.76725,37.87384],[-4.76737,37.87385],[-4.7674,37.87388],[-4.76739,37.87394]]]}},{"type":"Feature","properties":{"name":"","kind":"park","road":"","osm":426952695},"geometry":{"type":"Polygon","coordinates":[[[-4.76851,37.87386],[-4.7684,37.87385],[-4.76837,37.87382],[-4.76838,37.87376],[-4.76852,37.87377],[-4.76851,37.87386]]]}},{"type":"Feature","properties":{"name":"","kind":"park","road":"","osm":426952696},"geometry":{"type":"Polygon","coordinates":[[[-4.76822,37.87383],[-4.76813,37.87382],[-4.76814,37.87374],[-4.76829,37.87375],[-4.76828,37.8738],[-4.76822,37.87383]]]}},{"type":"Feature","properties":{"name":"","kind":"park","road":"","osm":426952697},"geometry":{"type":"Polygon","coordinates":[[[-4.76766,37.87379],[-4.76755,37.87378],[-4.76751,37.87374],[-4.76752,37.87369],[-4.76767,37.8737],[-4.76766,37.87379]]]}},{"type":"Feature","properties":{"name":"","kind":"park","road":"","osm":426952698},"geometry":{"type":"Polygon","coordinates":[[[-4.76738,37.87377],[-4.76727,37.87376],[-4.76728,37.87367],[-4.76742,37.87368],[-4.76741,37.87373],[-4.76738,37.87377]]]}},{"type":"Feature","properties":{"name":"Plaza del Cardenal Toledo","kind":"road","road":"pedestrian","osm":428446094},"geometry":{"type":"LineString","coordinates":[[-4.7768,37.88676],[-4.77738,37.88678]]}},{"type":"Feature","properties":{"name":"Fuente Cuesta del Bailío","kind":"water","road":"","osm":428447929},"geometry":{"type":"Polygon","coordinates":[[[-4.77678,37.88783],[-4.77678,37.88782],[-4.77678,37.88781],[-4.77677,37.88781],[-4.77676,37.88781],[-4.77676,37.88782],[-4.77676,37.88783],[-4.77677,37.88783],[-4.77678,37.88783]]]}},{"type":"Feature","properties":{"name":"Calle Acera Fuente de la Salud","kind":"road","road":"tertiary","osm":429276918},"geometry":{"type":"LineString","coordinates":[[-4.77275,37.89857],[-4.77299,37.89817],[-4.77328,37.89767],[-4.77354,37.89723],[-4.7738,37.89678],[-4.77397,37.8965]]}},{"type":"Feature","properties":{"name":"Plaza Cristo de Gracia","kind":"park","road":"","osm":429366607},"geometry":{"type":"Polygon","coordinates":[[[-4.76522,37.89088],[-4.76524,37.89089],[-4.76527,37.8909],[-4.76529,37.89089],[-4.76531,37.89089],[-4.76539,37.89087],[-4.76544,37.89086],[-4.76563,37.89081],[-4.76565,37.8908],[-4.76567,37.89079],[-4.76568,37.89077],[-4.7657,37.89076],[-4.76571,37.89074],[-4.76572,37.89072],[-4.76573,37.8907],[-4.76573,37.89069],[-4.76574,37.89067],[-4.76574,37.89065],[-4.76574,37.89063],[-4.76574,37.8906],[-4.76573,37.89058],[-4.76571,37.89056],[-4.7657,37.89053],[-4.76568,37.89051],[-4.76565,37.89049],[-4.76562,37.89047],[-4.7656,37.89047],[-4.76557,37.89046],[-4.76555,37.89045],[-4.76552,37.89045],[-4.76549,37.89045],[-4.76546,37.89045],[-4.76542,37.89046],[-4.76538,37.89047],[-4.76516,37.89062],[-4.76513,37.89064],[-4.76511,37.89066],[-4.7651,37.89067],[-4.76509,37.89068],[-4.76509,37.8907],[-4.7651,37.89071],[-4.7651,37.89073],[-4.76519,37.89086],[-4.7652,37.89087],[-4.76522,37.89088]]]}},{"type":"Feature","properties":{"name":"Plaza de Vaca de Alfaro","kind":"road","road":"pedestrian","osm":430801115},"geometry":{"type":"LineString","coordinates":[[-4.77953,37.88763],[-4.77961,37.88764],[-4.77962,37.88762],[-4.77965,37.88761],[-4.77966,37.8875],[-4.77967,37.88748],[-4.77962,37.88748],[-4.77954,37.88747],[-4.77952,37.88749],[-4.7795,37.88762],[-4.77951,37.88766],[-4.77953,37.88763]]}},{"type":"Feature","properties":{"name":"Pasaje Antonio Zurita de Julián","kind":"road","road":"pedestrian","osm":436862962},"geometry":{"type":"LineString","coordinates":[[-4.78711,37.87969],[-4.78813,37.88144]]}},{"type":"Feature","properties":{"name":"Avenida de la Agrupación Córdoba","kind":"road","road":"primary","osm":436945393},"geometry":{"type":"LineString","coordinates":[[-4.76933,37.89355],[-4.76921,37.89366],[-4.7691,37.89376]]}},{"type":"Feature","properties":{"name":"Glorieta de la Fuensantilla","kind":"road","road":"primary","osm":436946041},"geometry":{"type":"LineString","coordinates":[[-4.76986,37.89343],[-4.76985,37.8934],[-4.76984,37.89337],[-4.76982,37.89335]]}},{"type":"Feature","properties":{"name":"Avenida de las Ollerías","kind":"road","road":"secondary","osm":436947529},"geometry":{"type":"LineString","coordinates":[[-4.77792,37.89167],[-4.77794,37.89175],[-4.77796,37.89181],[-4.77798,37.89185]]}},{"type":"Feature","properties":{"name":"Plaza de Colón","kind":"road","road":"secondary","osm":436947959},"geometry":{"type":"LineString","coordinates":[[-4.77934,37.88952],[-4.7793,37.88944]]}},{"type":"Feature","properties":{"name":"Plaza de Colón","kind":"road","road":"secondary","osm":436947962},"geometry":{"type":"LineString","coordinates":[[-4.77971,37.89064],[-4.77967,37.89051],[-4.77965,37.89045],[-4.77963,37.89038],[-4.77947,37.8899],[-4.77944,37.88982],[-4.77943,37.88979],[-4.77942,37.88976],[-4.77936,37.88957],[-4.77934,37.88952]]}},{"type":"Feature","properties":{"name":"Avenida Ronda de los Tejares","kind":"road","road":"secondary","osm":436947963},"geometry":{"type":"LineString","coordinates":[[-4.77936,37.88927],[-4.77928,37.88929],[-4.77921,37.88929]]}},{"type":"Feature","properties":{"name":"Avenida del Gran Capitán","kind":"road","road":"secondary","osm":436948436},"geometry":{"type":"LineString","coordinates":[[-4.78252,37.88764],[-4.78242,37.88764]]}},{"type":"Feature","properties":{"name":"Ronda de los Tejares","kind":"road","road":"secondary","osm":436948437},"geometry":{"type":"LineString","coordinates":[[-4.78437,37.88666],[-4.78441,37.88669],[-4.78444,37.88675],[-4.78447,37.88683],[-4.78452,37.88697],[-4.78464,37.88741]]}},{"type":"Feature","properties":{"name":"Avenida del Corregidor","kind":"road","road":"primary","osm":436949262},"geometry":{"type":"LineString","coordinates":[[-4.78629,37.87478],[-4.78625,37.87466],[-4.78619,37.87453]]}},{"type":"Feature","properties":{"name":"Avenida Conde de Vallellano","kind":"road","road":"primary","osm":436949263},"geometry":{"type":"LineString","coordinates":[[-4.78621,37.87486],[-4.78626,37.87502],[-4.78627,37.87514],[-4.78627,37.87531],[-4.78627,37.87541],[-4.78626,37.87554],[-4.78625,37.87576],[-4.78625,37.87585],[-4.78625,37.87591],[-4.78597,37.87849],[-4.78597,37.87853],[-4.78593,37.87888],[-4.78587,37.87945],[-4.78587,37.8795],[-4.78586,37.8796]]}},{"type":"Feature","properties":{"name":"Avenida del Flamenco","kind":"road","road":"primary","osm":436950044},"geometry":{"type":"LineString","coordinates":[[-4.78642,37.87542],[-4.78642,37.87531],[-4.78641,37.87517],[-4.78638,37.87503],[-4.78629,37.87478]]}},{"type":"Feature","properties":{"name":"Avenida de Menéndez Pidal","kind":"road","road":"secondary","osm":436950046},"geometry":{"type":"LineString","coordinates":[[-4.78648,37.87452],[-4.78638,37.87453],[-4.78634,37.87454],[-4.78619,37.87453]]}},{"type":"Feature","properties":{"name":"","kind":"park","road":"","osm":438131219},"geometry":{"type":"Polygon","coordinates":[[[-4.78648,37.87436],[-4.78625,37.87397],[-4.78666,37.87341],[-4.78689,37.87361],[-4.78648,37.87436]]]}},{"type":"Feature","properties":{"name":"","kind":"water","road":"","osm":439383626},"geometry":{"type":"Polygon","coordinates":[[[-4.77917,37.87966],[-4.77916,37.87967],[-4.77914,37.87964],[-4.77915,37.87963],[-4.77917,37.87966]]]}},{"type":"Feature","properties":{"name":"Calle Osio","kind":"road","road":"pedestrian","osm":440156883},"geometry":{"type":"LineString","coordinates":[[-4.7782,37.88074],[-4.77821,37.88071],[-4.77832,37.88057],[-4.77831,37.88049],[-4.7783,37.88043],[-4.77821,37.88024]]}},{"type":"Feature","properties":{"name":"Plaza Mármol de Bañuelos","kind":"road","road":"pedestrian","osm":440158800},"geometry":{"type":"LineString","coordinates":[[-4.77899,37.88539],[-4.77902,37.88535],[-4.77905,37.88532],[-4.77905,37.88527],[-4.77905,37.88521],[-4.77905,37.88519],[-4.77911,37.88517],[-4.77923,37.88513],[-4.77924,37.88513],[-4.77928,37.88513],[-4.77934,37.88513],[-4.77936,37.88513],[-4.77936,37.88517],[-4.77938,37.8852],[-4.77934,37.88531],[-4.77929,37.88533],[-4.77927,37.88534],[-4.77918,37.88535],[-4.77911,37.88537],[-4.77907,37.88538],[-4.77905,37.88538],[-4.77899,37.88539]]}},{"type":"Feature","properties":{"name":"","kind":"road","road":"tertiary","osm":440394708},"geometry":{"type":"LineString","coordinates":[[-4.76645,37.87627],[-4.76641,37.87628],[-4.76635,37.87631],[-4.7663,37.87638],[-4.76627,37.87644],[-4.76627,37.87652],[-4.76629,37.87657],[-4.76633,37.87661],[-4.76638,37.87665]]}},{"type":"Feature","properties":{"name":"","kind":"road","road":"tertiary","osm":440394709},"geometry":{"type":"LineString","coordinates":[[-4.76673,37.87662],[-4.76679,37.87655],[-4.76681,37.8765],[-4.76681,37.87643],[-4.76677,37.87636],[-4.76671,37.8763],[-4.76663,37.87627],[-4.76656,37.87626],[-4.76645,37.87627]]}},{"type":"Feature","properties":{"name":"Avenida del Compositor Rafael Castro","kind":"road","road":"primary","osm":449358188},"geometry":{"type":"LineString","coordinates":[[-4.76482,37.87477],[-4.76495,37.87483],[-4.76502,37.87488],[-4.7651,37.87492],[-4.76516,37.87496],[-4.76523,37.87501],[-4.76532,37.87508]]}},{"type":"Feature","properties":{"name":"Avenida del Compositor Rafael Castro","kind":"road","road":"primary","osm":449358189},"geometry":{"type":"LineString","coordinates":[[-4.76539,37.87502],[-4.76531,37.87495],[-4.76524,37.8749],[-4.76516,37.87485],[-4.76501,37.87476],[-4.76489,37.8747]]}},{"type":"Feature","properties":{"name":"Avenida del Compositor Rafael Castro","kind":"road","road":"primary","osm":449358192},"geometry":{"type":"LineString","coordinates":[[-4.76489,37.8747],[-4.76425,37.87435],[-4.7633,37.87388]]}},{"type":"Feature","properties":{"name":"Avenida del Compositor Rafael Castro","kind":"road","road":"primary","osm":449358194},"geometry":{"type":"LineString","coordinates":[[-4.76333,37.87405],[-4.76432,37.87453],[-4.76482,37.87477]]}},{"type":"Feature","properties":{"name":"","kind":"road","road":"pedestrian","osm":480632584},"geometry":{"type":"LineString","coordinates":[[-4.76363,37.8932],[-4.76369,37.89328],[-4.76401,37.89342]]}},{"type":"Feature","properties":{"name":"Calle Alonso El Sabio","kind":"road","road":"primary","osm":486148589},"geometry":{"type":"LineString","coordinates":[[-4.77401,37.89533],[-4.77333,37.89561],[-4.77328,37.89563],[-4.77325,37.89565]]}},{"type":"Feature","properties":{"name":"Avenida de la Igualdad","kind":"road","road":"primary","osm":486148590},"geometry":{"type":"LineString","coordinates":[[-4.77306,37.89573],[-4.77268,37.8959]]}},{"type":"Feature","properties":{"name":"Glorieta Llanos del Pretorio","kind":"road","road":"primary","osm":486422392},"geometry":{"type":"LineString","coordinates":[[-4.7812,37.89288],[-4.78137,37.8928]]}},{"type":"Feature","properties":{"name":"Avenida Al-Nasir","kind":"road","road":"primary","osm":486422818},"geometry":{"type":"LineString","coordinates":[[-4.7743,37.89587],[-4.77448,37.89578]]}},{"type":"Feature","properties":{"name":"Avenida de las Ollerías","kind":"road","road":"secondary","osm":511169699},"geometry":{"type":"LineString","coordinates":[[-4.77537,37.89191],[-4.77553,37.89191],[-4.77566,37.89191]]}},{"type":"Feature","properties":{"name":"Plaza de San Pedro","kind":"road","road":"pedestrian","osm":513649534},"geometry":{"type":"LineString","coordinates":[[-4.77186,37.88248],[-4.77161,37.88239],[-4.77157,37.88238],[-4.77146,37.88247],[-4.77107,37.88279],[-4.77162,37.88279],[-4.77162,37.88277],[-4.77162,37.88276],[-4.77154,37.88276],[-4.77153,37.88252],[-4.77177,37.88251],[-4.77176,37.88248],[-4.77186,37.88248]]}},{"type":"Feature","properties":{"name":"Plaza de San Pedro","kind":"road","road":"pedestrian","osm":515953008},"geometry":{"type":"LineString","coordinates":[[-4.77107,37.88279],[-4.77162,37.88279],[-4.77172,37.88278],[-4.77228,37.88277],[-4.77235,37.88271]]}},{"type":"Feature","properties":{"name":"","kind":"road","road":"tertiary","osm":517088201},"geometry":{"type":"LineString","coordinates":[[-4.76842,37.88074],[-4.76841,37.88073],[-4.7684,37.88073],[-4.7684,37.88072],[-4.76839,37.88071],[-4.76834,37.88055],[-4.76832,37.88051],[-4.76822,37.88026]]}},{"type":"Feature","properties":{"name":"Calle Campo Madre de Dios","kind":"road","road":"primary","osm":517088202},"geometry":{"type":"LineString","coordinates":[[-4.76805,37.88056],[-4.76788,37.8806]]}},{"type":"Feature","properties":{"name":"Calle Puerta Nueva","kind":"road","road":"tertiary","osm":517088203},"geometry":{"type":"LineString","coordinates":[[-4.76679,37.88428],[-4.76704,37.88447],[-4.7673,37.88466],[-4.76733,37.88471]]}},{"type":"Feature","properties":{"name":"","kind":"road","road":"tertiary","osm":517088204},"geometry":{"type":"LineString","coordinates":[[-4.7666,37.88503],[-4.76649,37.88501],[-4.76641,37.88496],[-4.76639,37.88491],[-4.76638,37.88489],[-4.76639,37.88482]]}},{"type":"Feature","properties":{"name":"Calle Campo de San Antón","kind":"road","road":"primary","osm":517090226},"geometry":{"type":"LineString","coordinates":[[-4.76603,37.8851],[-4.76583,37.88524]]}},{"type":"Feature","properties":{"name":"","kind":"road","road":"primary","osm":517090227},"geometry":{"type":"LineString","coordinates":[[-4.7636,37.88716],[-4.76368,37.88714],[-4.76376,37.8871],[-4.76382,37.88705],[-4.76386,37.88698],[-4.76388,37.88692]]}},{"type":"Feature","properties":{"name":"","kind":"park","road":"","osm":517344600},"geometry":{"type":"Polygon","coordinates":[[[-4.78059,37.89294],[-4.78056,37.8929],[-4.78009,37.89311],[-4.78012,37.89315],[-4.78059,37.89294]]]}},{"type":"Feature","properties":{"name":"","kind":"park","road":"","osm":517344601},"geometry":{"type":"Polygon","coordinates":[[[-4.77996,37.89321],[-4.77994,37.89317],[-4.77942,37.8934],[-4.77944,37.89343],[-4.77996,37.89321]]]}},{"type":"Feature","properties":{"name":"","kind":"park","road":"","osm":517344602},"geometry":{"type":"Polygon","coordinates":[[[-4.77929,37.8935],[-4.77927,37.89347],[-4.77886,37.89364],[-4.77888,37.89367],[-4.77929,37.8935]]]}},{"type":"Feature","properties":{"name":"","kind":"park","road":"","osm":517344603},"geometry":{"type":"Polygon","coordinates":[[[-4.77873,37.89374],[-4.7787,37.89371],[-4.7783,37.89388],[-4.77832,37.89391],[-4.77873,37.89374]]]}},{"type":"Feature","properties":{"name":"","kind":"park","road":"","osm":517344604},"geometry":{"type":"Polygon","coordinates":[[[-4.77776,37.89415],[-4.77774,37.89412],[-4.77815,37.89395],[-4.77817,37.89398],[-4.77776,37.89415]]]}},{"type":"Feature","properties":{"name":"","kind":"park","road":"","osm":517344605},"geometry":{"type":"Polygon","coordinates":[[[-4.77761,37.89422],[-4.77758,37.89419],[-4.77718,37.89436],[-4.7772,37.89439],[-4.77761,37.89422]]]}},{"type":"Feature","properties":{"name":"","kind":"park","road":"","osm":517344606},"geometry":{"type":"Polygon","coordinates":[[[-4.77705,37.89446],[-4.77703,37.89443],[-4.77662,37.8946],[-4.77664,37.89463],[-4.77705,37.89446]]]}},{"type":"Feature","properties":{"name":"","kind":"park","road":"","osm":517347468},"geometry":{"type":"Polygon","coordinates":[[[-4.78664,37.88044],[-4.78659,37.88042],[-4.78645,37.88042],[-4.78635,37.88046],[-4.78631,37.88041],[-4.78627,37.88036],[-4.78625,37.88032],[-4.78623,37.88026],[-4.7862,37.88017],[-4.78619,37.88002],[-4.7862,37.87992],[-4.78621,37.87982],[-4.78622,37.87979],[-4.78669,37.87981],[-4.78673,37.87984],[-4.78672,37.87987],[-4.7867,37.88001],[-4.78668,37.88019],[-4.78666,37.88026],[-4.78665,37.88032],[-4.78664,37.88044]]]}},{"type":"Feature","properties":{"name":"Avenida de América","kind":"road","road":"primary","osm":519117943},"geometry":{"type":"LineString","coordinates":[[-4.78999,37.88782],[-4.79,37.88779],[-4.79003,37.88774],[-4.79053,37.88752],[-4.79057,37.88749],[-4.7906,37.88747],[-4.79061,37.88741],[-4.79063,37.88737],[-4.79067,37.88732],[-4.79078,37.88722]]}},{"type":"Feature","properties":{"name":"Avenida de América","kind":"road","road":"primary","osm":519117944},"geometry":{"type":"LineString","coordinates":[[-4.78758,37.88848],[-4.78756,37.88849],[-4.78728,37.88861]]}},{"type":"Feature","properties":{"name":"Avenida de América","kind":"road","road":"primary","osm":519117945},"geometry":{"type":"LineString","coordinates":[[-4.78712,37.88868],[-4.78692,37.88876],[-4.78689,37.88878],[-4.78561,37.88934],[-4.7855,37.88938],[-4.78547,37.8894],[-4.78515,37.88957]]}},{"type":"Feature","properties":{"name":"","kind":"road","road":"primary","osm":519118830},"geometry":{"type":"LineString","coordinates":[[-4.78583,37.87982],[-4.78582,37.87994],[-4.78579,37.88006]]}},{"type":"Feature","properties":{"name":"Calle Campo Madre de Dios","kind":"road","road":"primary","osm":519119790},"geometry":{"type":"LineString","coordinates":[[-4.76788,37.8806],[-4.76756,37.88067],[-4.76749,37.88069],[-4.76743,37.88071],[-4.76737,37.88073],[-4.76731,37.88076],[-4.76727,37.88079],[-4.76723,37.88083],[-4.76719,37.88086],[-4.76715,37.8809],[-4.76713,37.88092],[-4.7671,37.88096]]}},{"type":"Feature","properties":{"name":"Calle Periodista Eduardo Baró","kind":"road","road":"tertiary","osm":519119791},"geometry":{"type":"LineString","coordinates":[[-4.76284,37.87706],[-4.76328,37.87761],[-4.76369,37.87816],[-4.76397,37.87851]]}},{"type":"Feature","properties":{"name":"Calle Periodista José Luis de Córdoba","kind":"road","road":"tertiary","osm":519119792},"geometry":{"type":"LineString","coordinates":[[-4.76284,37.87706],[-4.76324,37.87685],[-4.76411,37.87642],[-4.76562,37.87568]]}},{"type":"Feature","properties":{"name":"Calle Campo Madre de Dios","kind":"road","road":"primary","osm":519119794},"geometry":{"type":"LineString","coordinates":[[-4.76701,37.88174],[-4.76705,37.88155],[-4.7671,37.88121],[-4.76711,37.88116],[-4.76712,37.88114],[-4.76713,37.88111],[-4.76714,37.88108],[-4.76716,37.88106],[-4.76718,37.88103],[-4.7672,37.88099],[-4.76722,37.88097],[-4.76724,37.88094],[-4.76727,37.88092],[-4.7673,37.88089],[-4.76732,37.88087],[-4.76734,37.88085],[-4.76739,37.88082],[-4.76743,37.8808],[-4.76745,37.88079],[-4.76747,37.88078],[-4.7675,37.88077],[-4.76753,37.88076]]}},{"type":"Feature","properties":{"name":"Ronda de los Mártires","kind":"road","road":"tertiary","osm":519119795},"geometry":{"type":"LineString","coordinates":[[-4.76753,37.88076],[-4.76779,37.88077],[-4.76816,37.88078],[-4.76823,37.88078],[-4.76859,37.8808]]}},{"type":"Feature","properties":{"name":"Calle Campo Madre de Dios","kind":"road","road":"primary","osm":519119796},"geometry":{"type":"LineString","coordinates":[[-4.76753,37.88076],[-4.76792,37.88067],[-4.76802,37.88065],[-4.76807,37.88064],[-4.7681,37.88063],[-4.76813,37.88061],[-4.76815,37.8806],[-4.76818,37.88057],[-4.76822,37.88054],[-4.76824,37.88051],[-4.76824,37.88049],[-4.76825,37.88047],[-4.76826,37.88045],[-4.76826,37.88043],[-4.76825,37.88038],[-4.76822,37.88026]]}},{"type":"Feature","properties":{"name":"Plaza Campo Santo de los Mártires","kind":"road","road":"pedestrian","osm":519881637},"geometry":{"type":"LineString","coordinates":[[-4.78288,37.8779],[-4.78284,37.87792],[-4.7828,37.87792],[-4.78257,37.87796],[-4.78254,37.87796],[-4.78222,37.87802],[-4.78205,37.87804],[-4.78198,37.87804]]}},{"type":"Feature","properties":{"name":"Calle Hasday Ibn Shaprut","kind":"road","road":"pedestrian","osm":519890360},"geometry":{"type":"LineString","coordinates":[[-4.78298,37.87797],[-4.78307,37.87792],[-4.78352,37.87762],[-4.78368,37.87746]]}},{"type":"Feature","properties":{"name":"Plaza Campo Santo de los Mártires","kind":"road","road":"pedestrian","osm":519904079},"geometry":{"type":"LineString","coordinates":[[-4.78254,37.87798],[-4.78264,37.87797],[-4.7827,37.87796],[-4.78275,37.87796],[-4.78278,37.87795],[-4.78278,37.87796],[-4.78279,37.87796],[-4.78284,37.87807],[-4.78285,37.87806],[-4.78288,37.87812],[-4.7829,37.87817],[-4.78291,37.87816],[-4.78298,37.87816],[-4.78307,37.87817],[-4.78317,37.87821],[-4.78312,37.87815],[-4.78305,37.87808],[-4.78289,37.87794],[-4.78284,37.87792],[-4.78271,37.87783],[-4.78265,37.87781],[-4.7823,37.87767],[-4.78227,37.87776],[-4.7823,37.87778],[-4.7824,37.87775],[-4.78244,37.87783],[-4.78247,37.87788],[-4.78251,37.87795],[-4.78254,37.87796],[-4.78254,37.87798]]}},{"type":"Feature","properties":{"name":"Calle Aceituno","kind":"road","road":"pedestrian","osm":519938228},"geometry":{"type":"LineString","coordinates":[[-4.77293,37.88919],[-4.77275,37.8893]]}},{"type":"Feature","properties":{"name":"Plaza de San Agustín","kind":"road","road":"pedestrian","osm":519939332},"geometry":{"type":"LineString","coordinates":[[-4.7726,37.88915],[-4.77261,37.88914],[-4.7726,37.88913],[-4.77255,37.88909],[-4.77253,37.88908],[-4.77249,37.88901],[-4.77239,37.88887],[-4.77236,37.88888],[-4.77192,37.88904],[-4.7719,37.88905],[-4.7719,37.88907],[-4.77193,37.88915],[-4.77205,37.88935],[-4.77208,37.88933],[-4.77218,37.8893],[-4.7722,37.8893],[-4.77231,37.88925],[-4.77243,37.88921],[-4.77244,37.88921],[-4.77249,37.88919],[-4.77259,37.88915],[-4.7726,37.88915]]}},{"type":"Feature","properties":{"name":"Calle Cidros","kind":"road","road":"pedestrian","osm":520069935},"geometry":{"type":"LineString","coordinates":[[-4.77372,37.88692],[-4.77385,37.88716],[-4.77385,37.88717],[-4.77384,37.88719],[-4.77389,37.88731],[-4.77408,37.88759],[-4.77417,37.8877]]}},{"type":"Feature","properties":{"name":"Calle Pedro Fernández","kind":"road","road":"pedestrian","osm":520072704},"geometry":{"type":"LineString","coordinates":[[-4.77364,37.88676],[-4.77327,37.88685]]}},{"type":"Feature","properties":{"name":"Avenida del Brillante","kind":"road","road":"primary","osm":520583705},"geometry":{"type":"LineString","coordinates":[[-4.78493,37.8964],[-4.78474,37.89612],[-4.78444,37.89567],[-4.78442,37.89564]]}},{"type":"Feature","properties":{"name":"","kind":"road","road":"primary","osm":520588534},"geometry":{"type":"LineString","coordinates":[[-4.78603,37.87991],[-4.78603,37.87961]]}},{"type":"Feature","properties":{"name":"","kind":"road","road":"primary","osm":520588545},"geometry":{"type":"LineString","coordinates":[[-4.79201,37.87751],[-4.79197,37.87751],[-4.79193,37.8775],[-4.79189,37.87751],[-4.79185,37.87751],[-4.79181,37.87753],[-4.79177,37.87754],[-4.79173,37.87757],[-4.79171,37.87759],[-4.79168,37.87762],[-4.79167,37.87765],[-4.79166,37.87769],[-4.79166,37.87772],[-4.79166,37.87775],[-4.79167,37.87777]]}},{"type":"Feature","properties":{"name":"Calle del Pintor Espinosa","kind":"road","road":"tertiary","osm":520590833},"geometry":{"type":"LineString","coordinates":[[-4.79185,37.87398],[-4.79182,37.87403],[-4.79179,37.87408],[-4.79177,37.87413],[-4.7916,37.87446],[-4.79153,37.87458],[-4.79138,37.87485]]}},{"type":"Feature","properties":{"name":"Avenida de Menéndez Pidal","kind":"road","road":"secondary","osm":520590834},"geometry":{"type":"LineString","coordinates":[[-4.79097,37.87028],[-4.79076,37.87036],[-4.79069,37.87039],[-4.79047,37.87046],[-4.78991,37.87068],[-4.78956,37.87084],[-4.78952,37.87086],[-4.78908,37.87108],[-4.78891,37.87117],[-4.78875,37.87127],[-4.7886,37.87139],[-4.78859,37.8714],[-4.78816,37.87174],[-4.78794,37.87194],[-4.78786,37.87201],[-4.7878,37.87209],[-4.78768,37.87229],[-4.78734,37.87294],[-4.78724,37.87313],[-4.78712,37.87335],[-4.78702,37.87352],[-4.78696,37.87364],[-4.78681,37.87392],[-4.78671,37.8741],[-4.78649,37.87449],[-4.78648,37.87452]]}},{"type":"Feature","properties":{"name":"Avenida del Aeropuerto","kind":"road","road":"primary","osm":533821612},"geometry":{"type":"LineString","coordinates":[[-4.78888,37.87886],[-4.78852,37.87899],[-4.78812,37.87913]]}},{"type":"Feature","properties":{"name":"","kind":"road","road":"primary","osm":533821613},"geometry":{"type":"LineString","coordinates":[[-4.78584,37.87974],[-4.78583,37.87982]]}},{"type":"Feature","properties":{"name":"Avenida República Argentina","kind":"road","road":"primary","osm":533821614},"geometry":{"type":"LineString","coordinates":[[-4.78604,37.88516],[-4.78605,37.88504],[-4.78605,37.88497],[-4.78606,37.88489],[-4.78607,37.88479]]}},{"type":"Feature","properties":{"name":"Calle Campo Madre de Dios","kind":"road","road":"primary","osm":533823613},"geometry":{"type":"LineString","coordinates":[[-4.7671,37.88096],[-4.76709,37.881],[-4.76707,37.88103],[-4.76706,37.88106],[-4.76705,37.8811],[-4.76704,37.88113],[-4.76703,37.88116],[-4.767,37.88133],[-4.76697,37.88147],[-4.76696,37.88154],[-4.76693,37.88172],[-4.76676,37.8826],[-4.76655,37.88376],[-4.76652,37.88394],[-4.76648,37.88411]]}},{"type":"Feature","properties":{"name":"Avenida República Argentina","kind":"road","road":"primary","osm":536178966},"geometry":{"type":"LineString","coordinates":[[-4.7862,37.88343],[-4.78621,37.88325],[-4.78622,37.8832],[-4.78639,37.88154],[-4.78639,37.88149],[-4.78641,37.88129],[-4.7864,37.88126]]}},{"type":"Feature","properties":{"name":"Calle Santa María de Trassierra","kind":"road","road":"primary","osm":537525697},"geometry":{"type":"LineString","coordinates":[[-4.78867,37.89024],[-4.78875,37.89028],[-4.78889,37.89044],[-4.78908,37.89065],[-4.78913,37.8907],[-4.78947,37.89101],[-4.78953,37.89105],[-4.78982,37.89125]]}},{"type":"Feature","properties":{"name":"Calle Goya","kind":"road","road":"tertiary","osm":537526554},"geometry":{"type":"LineString","coordinates":[[-4.78744,37.89319],[-4.78707,37.89336],[-4.78701,37.89339],[-4.78694,37.89342],[-4.78654,37.89361],[-4.7861,37.89382],[-4.78602,37.89386],[-4.78563,37.89404],[-4.78554,37.89408]]}},{"type":"Feature","properties":{"name":"Avenida del Brillante","kind":"road","road":"primary","osm":537526560},"geometry":{"type":"LineString","coordinates":[[-4.78442,37.89564],[-4.78414,37.89523],[-4.78399,37.89508]]}},{"type":"Feature","properties":{"name":"Avenida de Granada","kind":"road","road":"primary","osm":537527910},"geometry":{"type":"LineString","coordinates":[[-4.77849,37.86971],[-4.77825,37.86959],[-4.77821,37.86956],[-4.7768,37.86882],[-4.77678,37.8688],[-4.77676,37.8688],[-4.77536,37.86803],[-4.77534,37.86802],[-4.77526,37.86798],[-4.77517,37.86791]]}},{"type":"Feature","properties":{"name":"Avenida de Cádiz","kind":"road","road":"primary","osm":537527912},"geometry":{"type":"LineString","coordinates":[[-4.77925,37.86967],[-4.77919,37.86973],[-4.77904,37.86983]]}},{"type":"Feature","properties":{"name":"Plaza Patio José de la Peña Aguayo","kind":"road","road":"pedestrian","osm":537796988},"geometry":{"type":"LineString","coordinates":[[-4.79044,37.89227],[-4.79015,37.89219],[-4.79007,37.89222],[-4.78991,37.8926],[-4.79007,37.89304],[-4.79015,37.89308],[-4.79046,37.89301],[-4.79049,37.89295],[-4.79037,37.89263],[-4.79037,37.8926],[-4.79037,37.89256],[-4.79042,37.89245],[-4.79048,37.89233],[-4.79044,37.89227]]}},{"type":"Feature","properties":{"name":"Avenida de Cervantes","kind":"road","road":"primary","osm":537837672},"geometry":{"type":"LineString","coordinates":[[-4.78464,37.88741],[-4.78469,37.88759]]}},{"type":"Feature","properties":{"name":"Avenida del Campo de la Verdad","kind":"road","road":"primary","osm":539238874},"geometry":{"type":"LineString","coordinates":[[-4.77363,37.87479],[-4.7732,37.87475],[-4.77274,37.87471]]}},{"type":"Feature","properties":{"name":"Avenida de la Libertad","kind":"road","road":"primary","osm":539239645},"geometry":{"type":"LineString","coordinates":[[-4.78319,37.89199],[-4.78341,37.89189],[-4.78346,37.89187],[-4.78352,37.89184],[-4.7838,37.89171],[-4.78391,37.89166],[-4.78435,37.89147],[-4.7849,37.89123],[-4.78501,37.89117],[-4.78546,37.89097],[-4.78603,37.89072],[-4.78613,37.89067],[-4.78647,37.89052],[-4.7866,37.89046],[-4.78747,37.89006],[-4.78751,37.89005],[-4.78756,37.89003],[-4.7877,37.88997]]}},{"type":"Feature","properties":{"name":"Calle El Nogal","kind":"road","road":"tertiary","osm":539240389},"geometry":{"type":"LineString","coordinates":[[-4.78351,37.89606],[-4.78402,37.8968]]}},{"type":"Feature","properties":{"name":"Plaza de Colón","kind":"road","road":"secondary","osm":540072797},"geometry":{"type":"LineString","coordinates":[[-4.77782,37.89098],[-4.77788,37.89119],[-4.77791,37.8913],[-4.77792,37.89136]]}},{"type":"Feature","properties":{"name":"Avenida del Compositor Rafael Castro","kind":"road","road":"primary","osm":540271884},"geometry":{"type":"LineString","coordinates":[[-4.76645,37.87627],[-4.76624,37.876],[-4.76578,37.87541],[-4.7657,37.87531],[-4.76561,37.87522],[-4.76551,37.87513],[-4.76549,37.8751],[-4.76539,37.87502]]}},{"type":"Feature","properties":{"name":"Calle de la Acera del Río","kind":"road","road":"tertiary","osm":540272990},"geometry":{"type":"LineString","coordinates":[[-4.7714,37.87028],[-4.7713,37.86994],[-4.77101,37.86897]]}},{"type":"Feature","properties":{"name":"Calle de la Ciudad de Carmona","kind":"road","road":"tertiary","osm":540272991},"geometry":{"type":"LineString","coordinates":[[-4.77436,37.86799],[-4.77309,37.86843],[-4.77266,37.86858],[-4.77226,37.86872],[-4.77212,37.86877],[-4.77193,37.86881],[-4.77172,37.86885],[-4.7714,37.8689],[-4.77138,37.8689],[-4.77101,37.86897]]}},{"type":"Feature","properties":{"name":"Calle de la Acera del Río","kind":"road","road":"tertiary","osm":540272992},"geometry":{"type":"LineString","coordinates":[[-4.77101,37.86897],[-4.77065,37.86779],[-4.77043,37.8671],[-4.77041,37.86705],[-4.77039,37.867],[-4.77032,37.86691],[-4.77014,37.86666],[-4.76994,37.86638],[-4.76955,37.86582],[-4.76919,37.86533],[-4.76891,37.86493],[-4.76863,37.86454],[-4.76852,37.86438],[-4.7684,37.86421],[-4.76838,37.86419]]}},{"type":"Feature","properties":{"name":"Avenida de Cádiz","kind":"road","road":"primary","osm":540274875},"geometry":{"type":"LineString","coordinates":[[-4.78517,37.86158],[-4.78497,37.8618],[-4.7846,37.86222],[-4.78442,37.86244],[-4.78416,37.86275],[-4.78381,37.86324],[-4.78355,37.86361],[-4.78354,37.86362],[-4.78284,37.86464],[-4.78273,37.86478],[-4.78236,37.8653],[-4.78038,37.86803],[-4.77943,37.86944],[-4.7794,37.86948],[-4.77925,37.86967]]}},{"type":"Feature","properties":{"name":"Avenida de Menéndez Pidal","kind":"road","road":"secondary","osm":540275462},"geometry":{"type":"LineString","coordinates":[[-4.79345,37.86906],[-4.79332,37.86913],[-4.79246,37.86964],[-4.79236,37.8697],[-4.79207,37.86987],[-4.79192,37.86993],[-4.79153,37.87007],[-4.79117,37.8702],[-4.79108,37.87024],[-4.79097,37.87028]]}},{"type":"Feature","properties":{"name":"Calle Luis Villegas Zea","kind":"road","road":"tertiary","osm":542916246},"geometry":{"type":"LineString","coordinates":[[-4.77432,37.87713],[-4.77499,37.87718],[-4.77534,37.87721],[-4.77544,37.87721]]}},{"type":"Feature","properties":{"name":"","kind":"water","road":"","osm":544342691},"geometry":{"type":"Polygon","coordinates":[[[-4.78417,37.8805],[-4.78412,37.88039],[-4.78408,37.8804],[-4.78406,37.88041],[-4.78411,37.88051],[-4.78414,37.88051],[-4.78417,37.8805]]]}},{"type":"Feature","properties":{"name":"","kind":"water","road":"","osm":544342692},"geometry":{"type":"Polygon","coordinates":[[[-4.78411,37.88038],[-4.78406,37.88028],[-4.78403,37.88029],[-4.784,37.8803],[-4.78405,37.8804],[-4.78408,37.88039],[-4.78411,37.88038]]]}},{"type":"Feature","properties":{"name":"","kind":"water","road":"","osm":544342693},"geometry":{"type":"Polygon","coordinates":[[[-4.78406,37.88027],[-4.78401,37.88017],[-4.78394,37.88018],[-4.784,37.88029],[-4.78403,37.88028],[-4.78406,37.88027]]]}},{"type":"Feature","properties":{"name":"","kind":"water","road":"","osm":544343006},"geometry":{"type":"Polygon","coordinates":[[[-4.78394,37.88013],[-4.78391,37.88008],[-4.78389,37.88008],[-4.78388,37.88006],[-4.78387,37.88007],[-4.78388,37.88009],[-4.78387,37.88009],[-4.7839,37.88015],[-4.78394,37.88013]]]}},{"type":"Feature","properties":{"name":"Calle de Cairuán","kind":"road","road":"pedestrian","osm":544563890},"geometry":{"type":"LineString","coordinates":[[-4.78395,37.8801],[-4.78376,37.87971],[-4.78357,37.87935],[-4.78355,37.87931],[-4.78346,37.87913],[-4.78323,37.87868]]}},{"type":"Feature","properties":{"name":"Calle Puerta de Almodóvar","kind":"road","road":"pedestrian","osm":544565815},"geometry":{"type":"LineString","coordinates":[[-4.78407,37.88064],[-4.78409,37.88064],[-4.78413,37.88063],[-4.78426,37.88059],[-4.78445,37.88054],[-4.78473,37.88046],[-4.78483,37.88046],[-4.7849,37.88047]]}},{"type":"Feature","properties":{"name":"","kind":"park","road":"","osm":544566429},"geometry":{"type":"Polygon","coordinates":[[[-4.78568,37.87976],[-4.78513,37.87972],[-4.78511,37.87972],[-4.7851,37.87973],[-4.78509,37.87975],[-4.78508,37.87979],[-4.78509,37.87982],[-4.78509,37.87985],[-4.7851,37.87988],[-4.78511,37.87991],[-4.78512,37.87994],[-4.78513,37.87998],[-4.78515,37.88001],[-4.78515,37.88003],[-4.78517,37.88006],[-4.78518,37.88009],[-4.78519,37.88015],[-4.78518,37.8802],[-4.78517,37.88024],[-4.78513,37.88032],[-4.7851,37.88037],[-4.78514,37.88036],[-4.78525,37.88035],[-4.78528,37.88036],[-4.78531,37.88037],[-4.78538,37.88039],[-4.7854,37.8804],[-4.78543,37.88041],[-4.78545,37.88042],[-4.78549,37.88038],[-4.78553,37.88032],[-4.78558,37.88025],[-4.78563,37.88017],[-4.78566,37.8801],[-4.7857,37.87991],[-4.78571,37.87979],[-4.7857,37.87977],[-4.78568,37.87976]]]}},{"type":"Feature","properties":{"name":"Bulevar Gran Capitán","kind":"road","road":"pedestrian","osm":544578739},"geometry":{"type":"LineString","coordinates":[[-4.78192,37.8847],[-4.78193,37.88473],[-4.782,37.88513],[-4.78208,37.88571]]}},{"type":"Feature","properties":{"name":"Bulevar Gran Capitán","kind":"road","road":"pedestrian","osm":544578740},"geometry":{"type":"LineString","coordinates":[[-4.78225,37.88468],[-4.78226,37.88473],[-4.7824,37.88564],[-4.78244,37.88593],[-4.78264,37.88733],[-4.78269,37.88735],[-4.78274,37.88737],[-4.78279,37.88744]]}},{"type":"Feature","properties":{"name":"Plaza de la Constitución","kind":"road","road":"pedestrian","osm":548386957},"geometry":{"type":"LineString","coordinates":[[-4.78735,37.87874],[-4.78734,37.87877],[-4.78818,37.87882]]}},{"type":"Feature","properties":{"name":"","kind":"water","road":"","osm":548386959},"geometry":{"type":"Polygon","coordinates":[[[-4.78687,37.8781],[-4.78677,37.87809],[-4.78681,37.87766],[-4.78661,37.87764],[-4.78661,37.8776],[-4.78678,37.87757],[-4.78684,37.87757],[-4.78692,37.87761],[-4.78687,37.8781]]]}},{"type":"Feature","properties":{"name":"Jardines de Vallellano","kind":"park","road":"","osm":548390401},"geometry":{"type":"Polygon","coordinates":[[[-4.7866,37.87557],[-4.78675,37.87558],[-4.7871,37.87561],[-4.78713,37.87564],[-4.78714,37.87565],[-4.78707,37.87632],[-4.78705,37.87656],[-4.78699,37.87722],[-4.78697,37.87734],[-4.78658,37.87742],[-4.78641,37.87746],[-4.78646,37.87694],[-4.78649,37.87662],[-4.78655,37.87659],[-4.78656,37.8765],[-4.78651,37.87646],[-4.78657,37.87588],[-4.7866,37.87557]]]}},{"type":"Feature","properties":{"name":"","kind":"road","road":"pedestrian","osm":548421031},"geometry":{"type":"LineString","coordinates":[[-4.76839,37.8788],[-4.76837,37.87879],[-4.76834,37.87879],[-4.76835,37.87872],[-4.76831,37.87872],[-4.76828,37.87872],[-4.76824,37.87902],[-4.7681,37.87881],[-4.76812,37.87849],[-4.7681,37.87849],[-4.76807,37.87876],[-4.76797,37.87861],[-4.76798,37.87823],[-4.76795,37.87822],[-4.76794,37.87856],[-4.76781,37.87836],[-4.76783,37.87844],[-4.76791,37.87881],[-4.76792,37.87886],[-4.76811,37.87909],[-4.76816,37.87915],[-4.76817,37.87913],[-4.76821,37.87921],[-4.76827,37.87929],[-4.76906,37.88027],[-4.76907,37.88028],[-4.76931,37.88057],[-4.76932,37.88058],[-4.76934,37.88067],[-4.76933,37.88067],[-4.76934,37.88073],[-4.76879,37.88072],[-4.76873,37.88072],[-4.76868,37.88072],[-4.76866,37.88072],[-4.76858,37.88072],[-4.7685,37.8807],[-4.76852,37.88061],[-4.76856,37.88061],[-4.76857,37.88057],[-4.76871,37.88059],[-4.76871,37.88063],[-4.76874,37.88063],[-4.76874,37.88066],[-4.76881,37.88067],[-4.76883,37.88067],[-4.76884,37.88064],[-4.76883,37.88061],[-4.76882,37.8806],[-4.76881,37.88058],[-4.7688,37.88056],[-4.76878,37.88054],[-4.76876,37.88053],[-4.76875,37.88052],[-4.76874,37.88051],[-4.7687,37.8805],[-4.76864,37.88049],[-4.7686,37.88049],[-4.76858,37.88049],[-4.76857,37.8805],[-4.76853,37.88051],[-4.7685,37.88053],[-4.76849,37.88053],[-4.76848,37.88054],[-4.76846,37.88056],[-4.76844,37.88059],[-4.76844,37.88061],[-4.76843,37.88062],[-4.76841,37.88062],[-4.76844,37.88071],[-4.76846,37.88073],[-4.76849,37.88075],[-4.76853,37.88076],[-4.76869,37.88077],[-4.76869,37.88075],[-4.76936,37.88076],[-4.7694,37.88077],[-4.77025,37.88079],[-4.77057,37.88078],[-4.77078,37.88076],[-4.77095,37.88074],[-4.77095,37.88073],[-4.77094,37.88068],[-4.77076,37.88071],[-4.77041,37.8807],[-4.7704,37.8807],[-4.77039,37.88072],[-4.77039,37.88075],[-4.77003,37.88073],[-4.76979,37.88074],[-4.76967,37.88074],[-4.76965,37.88074],[-4.76962,37.88073],[-4.76946,37.88072],[-4.76939,37.88055],[-4.76938,37.88055],[-4.76936,37.88056],[-4.76832,37.87926],[-4.76833,37.87926],[-4.76835,37.87925],[-4.76833,37.87923],[-4.76839,37.8788]]}},{"type":"Feature","properties":{"name":"","kind":"road","road":"pedestrian","osm":548421037},"geometry":{"type":"LineString","coordinates":[[-4.76866,37.87591],[-4.76868,37.87573],[-4.76874,37.87574],[-4.76874,37.87568],[-4.76877,37.87568],[-4.76879,37.87568],[-4.76876,37.87592],[-4.76874,37.87592],[-4.76868,37.87591],[-4.76866,37.87591]]}},{"type":"Feature","properties":{"name":"","kind":"park","road":"","osm":548518347},"geometry":{"type":"Polygon","coordinates":[[[-4.78994,37.87739],[-4.78974,37.87706],[-4.78931,37.87722],[-4.78951,37.87756],[-4.78994,37.87739]]]}},{"type":"Feature","properties":{"name":"Avenida de los Custodios","kind":"road","road":"tertiary","osm":548519534},"geometry":{"type":"LineString","coordinates":[[-4.79026,37.87604],[-4.78964,37.87582],[-4.78893,37.87559],[-4.7886,37.8755],[-4.78848,37.8755],[-4.78843,37.87549],[-4.78744,37.87543],[-4.78731,37.87543],[-4.78726,37.87544],[-4.78719,37.87545],[-4.78696,37.87545],[-4.7866,37.87542],[-4.78652,37.87542],[-4.78642,37.87542]]}},{"type":"Feature","properties":{"name":"Calle del Pintor Espinosa","kind":"road","road":"tertiary","osm":548519535},"geometry":{"type":"LineString","coordinates":[[-4.79049,37.87606],[-4.79041,37.87612],[-4.79038,37.87621]]}},{"type":"Feature","properties":{"name":"Paseo Ribera","kind":"road","road":"pedestrian","osm":548521124},"geometry":{"type":"LineString","coordinates":[[-4.77392,37.88036],[-4.77412,37.88062],[-4.77401,37.8807]]}},{"type":"Feature","properties":{"name":"","kind":"park","road":"","osm":548523179},"geometry":{"type":"Polygon","coordinates":[[[-4.7683,37.87851],[-4.76828,37.87872],[-4.76824,37.87902],[-4.7681,37.87881],[-4.76812,37.87849],[-4.76818,37.8785],[-4.76815,37.87877],[-4.76819,37.87878],[-4.76823,37.87878],[-4.76826,37.8785],[-4.7683,37.87851]]]}},{"type":"Feature","properties":{"name":"","kind":"park","road":"","osm":548523180},"geometry":{"type":"Polygon","coordinates":[[[-4.76807,37.87876],[-4.76797,37.87861],[-4.76798,37.87823],[-4.76804,37.87823],[-4.76802,37.87848],[-4.7681,37.87849],[-4.76807,37.87876]]]}},{"type":"Feature","properties":{"name":"","kind":"park","road":"","osm":548523181},"geometry":{"type":"Polygon","coordinates":[[[-4.76794,37.87856],[-4.76795,37.87822],[-4.76787,37.87822],[-4.76788,37.87797],[-4.76772,37.87795],[-4.76781,37.87836],[-4.76794,37.87856]]]}},{"type":"Feature","properties":{"name":"","kind":"park","road":"","osm":548527718},"geometry":{"type":"Polygon","coordinates":[[[-4.76844,37.88059],[-4.76846,37.88056],[-4.76848,37.88054],[-4.76841,37.8805],[-4.76844,37.88059]]]}},{"type":"Feature","properties":{"name":"","kind":"road","road":"pedestrian","osm":550222614},"geometry":{"type":"LineString","coordinates":[[-4.76506,37.89351],[-4.76453,37.89372]]}},{"type":"Feature","properties":{"name":"","kind":"road","road":"pedestrian","osm":550222615},"geometry":{"type":"LineString","coordinates":[[-4.76516,37.89443],[-4.76481,37.89389]]}},{"type":"Feature","properties":{"name":"","kind":"road","road":"pedestrian","osm":550223657},"geometry":{"type":"LineString","coordinates":[[-4.76809,37.89322],[-4.76775,37.8931]]}},{"type":"Feature","properties":{"name":"Calle del Cardenal Herrero","kind":"road","road":"pedestrian","osm":550912405},"geometry":{"type":"LineString","coordinates":[[-4.78071,37.87982],[-4.78066,37.87973]]}},{"type":"Feature","properties":{"name":"Callejón de la Hoguera","kind":"road","road":"pedestrian","osm":550912423},"geometry":{"type":"LineString","coordinates":[[-4.78066,37.88023],[-4.78072,37.88021],[-4.78073,37.88018],[-4.78071,37.88013],[-4.78071,37.88008],[-4.78111,37.88009]]}},{"type":"Feature","properties":{"name":"Callejón de la Hoguera","kind":"road","road":"pedestrian","osm":550912424},"geometry":{"type":"LineString","coordinates":[[-4.78062,37.88026],[-4.78066,37.88023]]}},{"type":"Feature","properties":{"name":"Callejón de la Hoguera","kind":"road","road":"pedestrian","osm":550912425},"geometry":{"type":"LineString","coordinates":[[-4.78058,37.88029],[-4.78062,37.88026]]}},{"type":"Feature","properties":{"name":"Callejón de la Hoguera","kind":"road","road":"pedestrian","osm":550912426},"geometry":{"type":"LineString","coordinates":[[-4.78051,37.8803],[-4.78058,37.88029]]}},{"type":"Feature","properties":{"name":"","kind":"park","road":"","osm":550938332},"geometry":{"type":"Polygon","coordinates":[[[-4.7808,37.89265],[-4.7811,37.89252],[-4.78071,37.89202],[-4.78052,37.89223],[-4.7808,37.89265]]]}},{"type":"Feature","properties":{"name":"Plaza del Rastro","kind":"road","road":"pedestrian","osm":551060054},"geometry":{"type":"LineString","coordinates":[[-4.77635,37.87501],[-4.77619,37.87522],[-4.77617,37.87524],[-4.77597,37.87516],[-4.7757,37.8755]]}},{"type":"Feature","properties":{"name":"Calle del Portillo","kind":"road","road":"pedestrian","osm":551235443},"geometry":{"type":"LineString","coordinates":[[-4.77625,37.88142],[-4.77628,37.88142]]}},{"type":"Feature","properties":{"name":"Calle del Portillo","kind":"road","road":"pedestrian","osm":551235445},"geometry":{"type":"LineString","coordinates":[[-4.77611,37.88144],[-4.77625,37.88142]]}},{"type":"Feature","properties":{"name":"Calle Luis Díaz","kind":"road","road":"pedestrian","osm":551959715},"geometry":{"type":"LineString","coordinates":[[-4.76811,37.88147],[-4.76782,37.88146],[-4.76745,37.88144]]}},{"type":"Feature","properties":{"name":"Calle Tinte","kind":"road","road":"pedestrian","osm":552062078},"geometry":{"type":"LineString","coordinates":[[-4.76812,37.88125],[-4.76795,37.88124]]}},{"type":"Feature","properties":{"name":"Fuente Campo Madre de Dios","kind":"water","road":"","osm":552129776},"geometry":{"type":"Polygon","coordinates":[[[-4.76738,37.88161],[-4.76729,37.8816],[-4.7673,37.88149],[-4.76739,37.8815],[-4.76738,37.88161]]]}},{"type":"Feature","properties":{"name":"","kind":"water","road":"","osm":552240959},"geometry":{"type":"Polygon","coordinates":[[[-4.78315,37.8784],[-4.78313,37.87836],[-4.78309,37.87837],[-4.7831,37.87841],[-4.78315,37.8784]]]}},{"type":"Feature","properties":{"name":"","kind":"water","road":"","osm":553027642},"geometry":{"type":"Polygon","coordinates":[[[-4.78662,37.87021],[-4.78652,37.87041],[-4.78646,37.87039],[-4.78656,37.87019],[-4.78662,37.87021]]]}},{"type":"Feature","properties":{"name":"Plaza de San Ignacio de Loyola","kind":"road","road":"pedestrian","osm":553034635},"geometry":{"type":"LineString","coordinates":[[-4.78299,37.88554],[-4.78308,37.88573],[-4.7831,37.88575],[-4.7833,37.88569],[-4.78343,37.88595]]}},{"type":"Feature","properties":{"name":"Fuente Gran Capitán","kind":"water","road":"","osm":553047425},"geometry":{"type":"Polygon","coordinates":[[[-4.78244,37.88733],[-4.78243,37.88734],[-4.78243,37.88736],[-4.78243,37.88738],[-4.78244,37.88739],[-4.78246,37.88741],[-4.78248,37.88741],[-4.7825,37.88741],[-4.78252,37.88741],[-4.78254,37.8874],[-4.78255,37.88739],[-4.78256,37.88737],[-4.78256,37.88735],[-4.78255,37.88734],[-4.78254,37.88733],[-4.78252,37.88732],[-4.7825,37.88731],[-4.78248,37.88731],[-4.78246,37.88732],[-4.78244,37.88733]]]}},{"type":"Feature","properties":{"name":"","kind":"park","road":"","osm":553064898},"geometry":{"type":"Polygon","coordinates":[[[-4.78027,37.89138],[-4.78017,37.89141],[-4.78002,37.89113],[-4.78011,37.89111],[-4.78027,37.89138]]]}},{"type":"Feature","properties":{"name":"","kind":"park","road":"","osm":553064899},"geometry":{"type":"Polygon","coordinates":[[[-4.78005,37.89098],[-4.77995,37.891],[-4.77982,37.89066],[-4.77992,37.89064],[-4.78005,37.89098]]]}},{"type":"Feature","properties":{"name":"","kind":"park","road":"","osm":553064900},"geometry":{"type":"Polygon","coordinates":[[[-4.77991,37.89061],[-4.77984,37.89063],[-4.77978,37.89046],[-4.77984,37.89044],[-4.77991,37.89061]]]}},{"type":"Feature","properties":{"name":"","kind":"park","road":"","osm":553064901},"geometry":{"type":"Polygon","coordinates":[[[-4.77982,37.89039],[-4.77974,37.89041],[-4.77965,37.89016],[-4.77967,37.8901],[-4.77971,37.89009],[-4.77982,37.89039]]]}},{"type":"Feature","properties":{"name":"","kind":"park","road":"","osm":553064902},"geometry":{"type":"Polygon","coordinates":[[[-4.77968,37.89003],[-4.77965,37.89004],[-4.7796,37.89],[-4.77958,37.88993],[-4.77958,37.88991],[-4.77959,37.8899],[-4.77961,37.88988],[-4.77962,37.88988],[-4.77968,37.89003]]]}},{"type":"Feature","properties":{"name":"","kind":"water","road":"","osm":553076433},"geometry":{"type":"Polygon","coordinates":[[[-4.76931,37.89267],[-4.7693,37.89268],[-4.76929,37.89269],[-4.76893,37.89239],[-4.76895,37.89238],[-4.76896,37.89237],[-4.76931,37.89267]]]}},{"type":"Feature","properties":{"name":"","kind":"water","road":"","osm":553076437},"geometry":{"type":"Polygon","coordinates":[[[-4.76836,37.89203],[-4.76832,37.89207],[-4.7683,37.89204],[-4.76829,37.89199],[-4.7683,37.89196],[-4.76832,37.89192],[-4.76835,37.89189],[-4.7684,37.89186],[-4.76844,37.89185],[-4.76849,37.89185],[-4.76854,37.89185],[-4.76858,37.89186],[-4.76854,37.8919],[-4.76851,37.89189],[-4.76848,37.8919],[-4.76843,37.8919],[-4.76839,37.89192],[-4.76837,37.89194],[-4.76836,37.89196],[-4.76835,37.89198],[-4.76835,37.89201],[-4.76836,37.89203]]]}},{"type":"Feature","properties":{"name":"Calle María Fernández Carmona \"Mariquita\"","kind":"road","road":"pedestrian","osm":553077615},"geometry":{"type":"LineString","coordinates":[[-4.76878,37.89177],[-4.76919,37.89155]]}},{"type":"Feature","properties":{"name":"Calle Manuel Soro \"Tinte\"","kind":"road","road":"pedestrian","osm":553077981},"geometry":{"type":"LineString","coordinates":[[-4.76795,37.89145],[-4.76817,37.89174],[-4.76818,37.89175]]}},{"type":"Feature","properties":{"name":"Calle Francisco Jiménez \"Curreles\"","kind":"road","road":"pedestrian","osm":553078561},"geometry":{"type":"LineString","coordinates":[[-4.7694,37.89173],[-4.76895,37.89197]]}},{"type":"Feature","properties":{"name":"Calle de Josefa Alonso Prieto \"La Vinagra\"","kind":"road","road":"pedestrian","osm":553079256},"geometry":{"type":"LineString","coordinates":[[-4.76956,37.89192],[-4.76954,37.89193]]}},{"type":"Feature","properties":{"name":"Calle de Domingo Baños \"Domingón\"","kind":"road","road":"pedestrian","osm":553079281},"geometry":{"type":"LineString","coordinates":[[-4.76973,37.89211],[-4.76927,37.89235]]}},{"type":"Feature","properties":{"name":"","kind":"water","road":"","osm":553122126},"geometry":{"type":"Polygon","coordinates":[[[-4.7817,37.89229],[-4.78157,37.8921],[-4.78151,37.89213],[-4.78164,37.89232],[-4.7817,37.89229]]]}},{"type":"Feature","properties":{"name":"","kind":"water","road":"","osm":553122127},"geometry":{"type":"Polygon","coordinates":[[[-4.78228,37.89203],[-4.78215,37.89184],[-4.78209,37.89187],[-4.78222,37.89205],[-4.78228,37.89203]]]}},{"type":"Feature","properties":{"name":"","kind":"water","road":"","osm":553122128},"geometry":{"type":"Polygon","coordinates":[[[-4.78284,37.89178],[-4.7827,37.89159],[-4.78265,37.89162],[-4.78278,37.89181],[-4.78284,37.89178]]]}},{"type":"Feature","properties":{"name":"","kind":"water","road":"","osm":553122129},"geometry":{"type":"Polygon","coordinates":[[[-4.78002,37.89285],[-4.78,37.89277],[-4.77979,37.89294],[-4.77994,37.89288],[-4.77995,37.89288],[-4.77996,37.89289],[-4.77998,37.89289],[-4.77999,37.89288],[-4.78,37.89287],[-4.78,37.89286],[-4.78002,37.89285]]]}},{"type":"Feature","properties":{"name":"","kind":"water","road":"","osm":553837215},"geometry":{"type":"Polygon","coordinates":[[[-4.76963,37.89255],[-4.76963,37.89256],[-4.76963,37.89257],[-4.76964,37.89257],[-4.76964,37.89256],[-4.76965,37.89256],[-4.76964,37.89255],[-4.76963,37.89255]]]}},{"type":"Feature","properties":{"name":"Calle Fernando de Lara","kind":"road","road":"pedestrian","osm":553837234},"geometry":{"type":"LineString","coordinates":[[-4.76993,37.89287],[-4.77019,37.89267]]}},{"type":"Feature","properties":{"name":"","kind":"park","road":"","osm":553840349},"geometry":{"type":"Polygon","coordinates":[[[-4.76921,37.89232],[-4.76901,37.89226],[-4.76906,37.89214],[-4.76921,37.89232]]]}},{"type":"Feature","properties":{"name":"","kind":"park","road":"","osm":553840350},"geometry":{"type":"Polygon","coordinates":[[[-4.76887,37.89223],[-4.76898,37.89226],[-4.76903,37.89213],[-4.76886,37.89209],[-4.76895,37.89217],[-4.76887,37.89223]]]}},{"type":"Feature","properties":{"name":"","kind":"park","road":"","osm":553840351},"geometry":{"type":"Polygon","coordinates":[[[-4.76888,37.89207],[-4.76885,37.89205],[-4.7689,37.89194],[-4.76904,37.89211],[-4.76888,37.89207]]]}},{"type":"Feature","properties":{"name":"","kind":"park","road":"","osm":553840352},"geometry":{"type":"Polygon","coordinates":[[[-4.76882,37.89205],[-4.76869,37.89194],[-4.76866,37.89196],[-4.76869,37.8919],[-4.76886,37.89195],[-4.76882,37.89205]]]}},{"type":"Feature","properties":{"name":"","kind":"park","road":"","osm":553840973},"geometry":{"type":"Polygon","coordinates":[[[-4.7685,37.89223],[-4.76841,37.89216],[-4.76837,37.89219],[-4.76836,37.8922],[-4.76836,37.89222],[-4.76838,37.89222],[-4.7685,37.89223]]]}},{"type":"Feature","properties":{"name":"","kind":"road","road":"pedestrian","osm":555430126},"geometry":{"type":"LineString","coordinates":[[-4.77424,37.89595],[-4.77413,37.89617],[-4.77373,37.89612],[-4.77388,37.8961],[-4.77396,37.89607],[-4.77424,37.89595]]}},{"type":"Feature","properties":{"name":"Avenida de las Ollerías","kind":"road","road":"secondary","osm":555438258},"geometry":{"type":"LineString","coordinates":[[-4.77585,37.89191],[-4.7762,37.89192],[-4.77741,37.89197],[-4.77745,37.89197],[-4.77758,37.89198],[-4.77761,37.89198],[-4.77772,37.89198]]}},{"type":"Feature","properties":{"name":"Avenida de las Ollerías","kind":"road","road":"secondary","osm":555468170},"geometry":{"type":"LineString","coordinates":[[-4.77127,37.89275],[-4.77108,37.89283],[-4.77045,37.89305],[-4.77001,37.89321],[-4.76997,37.89322],[-4.76993,37.89323],[-4.76974,37.89329]]}},{"type":"Feature","properties":{"name":"","kind":"park","road":"","osm":555647118},"geometry":{"type":"Polygon","coordinates":[[[-4.77361,37.89303],[-4.77356,37.89332],[-4.77358,37.89336],[-4.77363,37.89338],[-4.77421,37.89343],[-4.77429,37.89311],[-4.77361,37.89303]]]}},{"type":"Feature","properties":{"name":"","kind":"park","road":"","osm":555647119},"geometry":{"type":"Polygon","coordinates":[[[-4.77489,37.8932],[-4.77433,37.89312],[-4.77424,37.89344],[-4.77498,37.89346],[-4.77499,37.89332],[-4.77499,37.89317],[-4.7749,37.89316],[-4.77489,37.8932]]]}},{"type":"Feature","properties":{"name":"","kind":"water","road":"","osm":555651065},"geometry":{"type":"Polygon","coordinates":[[[-4.77919,37.88951],[-4.77913,37.88952],[-4.7791,37.88943],[-4.77911,37.88942],[-4.77911,37.88941],[-4.77912,37.88941],[-4.77913,37.88941],[-4.77914,37.88941],[-4.77915,37.88942],[-4.77915,37.88941],[-4.77919,37.88951]]]}},{"type":"Feature","properties":{"name":"","kind":"park","road":"","osm":555651067},"geometry":{"type":"Polygon","coordinates":[[[-4.77929,37.88977],[-4.77921,37.88956],[-4.77913,37.88958],[-4.77921,37.88979],[-4.77929,37.88977]]]}},{"type":"Feature","properties":{"name":"","kind":"water","road":"","osm":555651068},"geometry":{"type":"Polygon","coordinates":[[[-4.77933,37.88993],[-4.77931,37.8899],[-4.77927,37.88991],[-4.77928,37.88994],[-4.77933,37.88993]]]}},{"type":"Feature","properties":{"name":"","kind":"park","road":"","osm":555651069},"geometry":{"type":"Polygon","coordinates":[[[-4.77943,37.89017],[-4.77936,37.88996],[-4.77928,37.88998],[-4.77935,37.89019],[-4.77943,37.89017]]]}},{"type":"Feature","properties":{"name":"Fuente de los Jardines de Colón","kind":"water","road":"","osm":555651070},"geometry":{"type":"Polygon","coordinates":[[[-4.77846,37.89002],[-4.77844,37.89004],[-4.77844,37.89005],[-4.77844,37.89007],[-4.77845,37.89009],[-4.77847,37.8901],[-4.77849,37.89011],[-4.77851,37.89011],[-4.77853,37.8901],[-4.77855,37.8901],[-4.77856,37.89008],[-4.77857,37.89007],[-4.77857,37.89005],[-4.77856,37.89004],[-4.77855,37.89002],[-4.77853,37.89001],[-4.77852,37.89001],[-4.7785,37.89001],[-4.77847,37.89001],[-4.77846,37.89002]]]}},{"type":"Feature","properties":{"name":"","kind":"park","road":"","osm":555651073},"geometry":{"type":"Polygon","coordinates":[[[-4.77773,37.89011],[-4.77783,37.88997],[-4.77767,37.88994],[-4.77773,37.89011]]]}},{"type":"Feature","properties":{"name":"","kind":"water","road":"","osm":556490439},"geometry":{"type":"Polygon","coordinates":[[[-4.78584,37.8899],[-4.78583,37.88986],[-4.78546,37.88992],[-4.78546,37.88995],[-4.78584,37.8899]]]}},{"type":"Feature","properties":{"name":"","kind":"water","road":"","osm":556490932},"geometry":{"type":"Polygon","coordinates":[[[-4.77724,37.88905],[-4.77724,37.88903],[-4.77718,37.88901],[-4.77717,37.88902],[-4.77722,37.88905],[-4.77724,37.88905]]]}},{"type":"Feature","properties":{"name":"","kind":"water","road":"","osm":556506124},"geometry":{"type":"Polygon","coordinates":[[[-4.77894,37.87019],[-4.77901,37.87018],[-4.77907,37.87021],[-4.77911,37.87017],[-4.77918,37.87016],[-4.77916,37.8701],[-4.77921,37.87005],[-4.77914,37.87002],[-4.77913,37.86997],[-4.77906,37.86998],[-4.779,37.86994],[-4.77896,37.86999],[-4.77889,37.87],[-4.7789,37.87006],[-4.77886,37.87011],[-4.77893,37.87014],[-4.77894,37.87019]]]}},{"type":"Feature","properties":{"name":"jardin de las delicias","kind":"park","road":"","osm":556712734},"geometry":{"type":"Polygon","coordinates":[[[-4.76647,37.88266],[-4.76643,37.88283],[-4.76642,37.88286],[-4.76648,37.88287],[-4.76649,37.88284],[-4.7666,37.88286],[-4.76664,37.88286],[-4.76667,37.88272],[-4.76666,37.88269],[-4.76661,37.88266],[-4.76647,37.88265],[-4.76647,37.88266]]]}},{"type":"Feature","properties":{"name":"","kind":"park","road":"","osm":556726096},"geometry":{"type":"Polygon","coordinates":[[[-4.78726,37.88995],[-4.78718,37.88998],[-4.78715,37.88995],[-4.78724,37.88991],[-4.78726,37.88995]]]}},{"type":"Feature","properties":{"name":"","kind":"park","road":"","osm":556726097},"geometry":{"type":"Polygon","coordinates":[[[-4.78708,37.88998],[-4.78699,37.89002],[-4.78702,37.89006],[-4.7871,37.89002],[-4.78708,37.88998]]]}},{"type":"Feature","properties":{"name":"","kind":"park","road":"","osm":556726098},"geometry":{"type":"Polygon","coordinates":[[[-4.78695,37.89009],[-4.78686,37.89013],[-4.78683,37.89009],[-4.78692,37.89005],[-4.78695,37.89009]]]}},{"type":"Feature","properties":{"name":"","kind":"park","road":"","osm":556726099},"geometry":{"type":"Polygon","coordinates":[[[-4.78679,37.89016],[-4.78676,37.89012],[-4.78667,37.89016],[-4.7867,37.8902],[-4.78679,37.89016]]]}},{"type":"Feature","properties":{"name":"","kind":"park","road":"","osm":556726100},"geometry":{"type":"Polygon","coordinates":[[[-4.78663,37.89023],[-4.7866,37.89019],[-4.78652,37.89023],[-4.78654,37.89027],[-4.78663,37.89023]]]}},{"type":"Feature","properties":{"name":"","kind":"park","road":"","osm":556726101},"geometry":{"type":"Polygon","coordinates":[[[-4.7864,37.89034],[-4.78637,37.8903],[-4.78595,37.89049],[-4.78598,37.89053],[-4.7864,37.89034]]]}},{"type":"Feature","properties":{"name":"","kind":"park","road":"","osm":556726102},"geometry":{"type":"Polygon","coordinates":[[[-4.78583,37.89059],[-4.78541,37.89078],[-4.78538,37.89074],[-4.7858,37.89056],[-4.78583,37.89059]]]}},{"type":"Feature","properties":{"name":"","kind":"park","road":"","osm":556726103},"geometry":{"type":"Polygon","coordinates":[[[-4.78526,37.89085],[-4.78524,37.89081],[-4.78484,37.89099],[-4.78486,37.89103],[-4.78526,37.89085]]]}},{"type":"Feature","properties":{"name":"","kind":"park","road":"","osm":556726104},"geometry":{"type":"Polygon","coordinates":[[[-4.78471,37.8911],[-4.78431,37.89128],[-4.78428,37.89124],[-4.78468,37.89106],[-4.78471,37.8911]]]}},{"type":"Feature","properties":{"name":"","kind":"park","road":"","osm":556726105},"geometry":{"type":"Polygon","coordinates":[[[-4.78416,37.89135],[-4.78413,37.89131],[-4.78373,37.89149],[-4.78376,37.89152],[-4.78416,37.89135]]]}},{"type":"Feature","properties":{"name":"","kind":"park","road":"","osm":556726106},"geometry":{"type":"Polygon","coordinates":[[[-4.78361,37.89159],[-4.78343,37.89167],[-4.7834,37.89163],[-4.78358,37.89156],[-4.78361,37.89159]]]}},{"type":"Feature","properties":{"name":"","kind":"park","road":"","osm":556726107},"geometry":{"type":"Polygon","coordinates":[[[-4.78282,37.89195],[-4.78279,37.89191],[-4.78238,37.89209],[-4.78241,37.89213],[-4.78282,37.89195]]]}},{"type":"Feature","properties":{"name":"","kind":"park","road":"","osm":556726108},"geometry":{"type":"Polygon","coordinates":[[[-4.78226,37.8922],[-4.78223,37.89216],[-4.7818,37.89235],[-4.78183,37.89239],[-4.78226,37.8922]]]}},{"type":"Feature","properties":{"name":"","kind":"park","road":"","osm":556726109},"geometry":{"type":"Polygon","coordinates":[[[-4.78168,37.89246],[-4.78165,37.89242],[-4.78148,37.8925],[-4.7815,37.89254],[-4.78168,37.89246]]]}},{"type":"Feature","properties":{"name":"","kind":"road","road":"pedestrian","osm":556741779},"geometry":{"type":"LineString","coordinates":[[-4.76604,37.88312],[-4.765,37.88308]]}},{"type":"Feature","properties":{"name":"Calle Virrey Pedro de Aragón","kind":"road","road":"pedestrian","osm":556980068},"geometry":{"type":"LineString","coordinates":[[-4.79192,37.89253],[-4.79208,37.89209],[-4.79208,37.89207]]}},{"type":"Feature","properties":{"name":"Calle Cruz Conde","kind":"road","road":"pedestrian","osm":557015064},"geometry":{"type":"LineString","coordinates":[[-4.78,37.88494],[-4.78008,37.8852],[-4.78012,37.88535],[-4.78031,37.88592],[-4.78034,37.88601],[-4.78044,37.88632],[-4.78057,37.88672],[-4.78064,37.88692],[-4.7808,37.88739],[-4.78112,37.88835]]}},{"type":"Feature","properties":{"name":"Calle de la Morería","kind":"road","road":"pedestrian","osm":557015065},"geometry":{"type":"LineString","coordinates":[[-4.7801,37.8849],[-4.77998,37.88489]]}},{"type":"Feature","properties":{"name":"Plaza de las Tendillas","kind":"road","road":"pedestrian","osm":557015066},"geometry":{"type":"LineString","coordinates":[[-4.77996,37.88427],[-4.77912,37.88426]]}},{"type":"Feature","properties":{"name":"Plaza de las Tendillas","kind":"road","road":"pedestrian","osm":557015067},"geometry":{"type":"LineString","coordinates":[[-4.77965,37.88477],[-4.77925,37.88477],[-4.77912,37.88477],[-4.77907,37.88475],[-4.77905,37.88475],[-4.77906,37.88458],[-4.77906,37.88452],[-4.77906,37.88446],[-4.77906,37.88433],[-4.77906,37.88431],[-4.77906,37.88427],[-4.77906,37.88422],[-4.77906,37.8842],[-4.77912,37.8842],[-4.77925,37.8842],[-4.7793,37.8842],[-4.77948,37.88421],[-4.77951,37.88421],[-4.77953,37.88421],[-4.77954,37.88421],[-4.77957,37.88421],[-4.77959,37.88421],[-4.77961,37.88421],[-4.77962,37.88421],[-4.77985,37.88421],[-4.77996,37.88424],[-4.78006,37.88428],[-4.78006,37.88432],[-4.78005,37.8844],[-4.78005,37.88442],[-4.78005,37.88449],[-4.78007,37.88454],[-4.78007,37.88455],[-4.78007,37.8846],[-4.78007,37.88463],[-4.78007,37.8847],[-4.78007,37.88474],[-4.77996,37.88479],[-4.77989,37.88482],[-4.77988,37.88481],[-4.77988,37.8848],[-4.77986,37.88479],[-4.77985,37.88478],[-4.77983,37.88478],[-4.77982,37.88478],[-4.77981,37.88478],[-4.77979,37.88479],[-4.77978,37.8848],[-4.77974,37.88479],[-4.77968,37.88478],[-4.77967,37.88478],[-4.77967,37.88477],[-4.77966,37.88477],[-4.77965,37.88477]]}},{"type":"Feature","properties":{"name":"Bulevar Gran Capitán","kind":"road","road":"pedestrian","osm":557016380},"geometry":{"type":"LineString","coordinates":[[-4.78226,37.88473],[-4.78193,37.88473],[-4.78191,37.88473],[-4.78192,37.88475],[-4.78194,37.88492],[-4.78196,37.88508],[-4.78197,37.88513],[-4.78198,37.88521],[-4.78199,37.8853],[-4.782,37.88531],[-4.782,37.88533],[-4.78202,37.88549],[-4.78203,37.88558],[-4.78205,37.88568],[-4.78206,37.88571],[-4.78207,37.88575],[-4.78208,37.88579],[-4.78209,37.88589],[-4.7821,37.88595],[-4.78212,37.88612],[-4.78213,37.88613],[-4.78215,37.88626],[-4.78215,37.88628],[-4.78217,37.88642],[-4.78217,37.88644],[-4.78218,37.88648],[-4.78219,37.88655],[-4.78221,37.88664],[-4.78222,37.88673],[-4.78222,37.88674],[-4.78223,37.88681],[-4.78223,37.88685],[-4.78223,37.88687],[-4.78224,37.88692],[-4.78225,37.88698],[-4.78226,37.88704],[-4.78227,37.88711],[-4.78228,37.88717],[-4.78228,37.8872],[-4.78229,37.88723],[-4.78231,37.88735],[-4.78231,37.88736],[-4.78232,37.88742],[-4.78234,37.88755],[-4.78237,37.88758],[-4.7826,37.88745],[-4.78267,37.88741],[-4.78269,37.88735],[-4.78269,37.88732],[-4.78264,37.88701],[-4.78264,37.88699],[-4.78264,37.88697],[-4.78261,37.88677],[-4.78257,37.88659],[-4.78257,37.88658],[-4.78257,37.88656],[-4.78257,37.88654],[-4.78254,37.88635],[-4.78253,37.88631],[-4.78253,37.8863],[-4.78253,37.88626],[-4.78252,37.88624],[-4.78252,37.88622],[-4.7825,37.88599],[-4.7825,37.88597],[-4.78249,37.88594],[-4.78248,37.88591],[-4.78247,37.88591],[-4.78247,37.88589],[-4.78245,37.88562],[-4.78244,37.8856],[-4.78244,37.88555],[-4.78236,37.8851],[-4.78236,37.88508],[-4.78236,37.88507],[-4.78235,37.88506],[-4.78234,37.88505],[-4.78234,37.88504],[-4.78235,37.88503],[-4.78234,37.88503],[-4.78234,37.885],[-4.78234,37.88499],[-4.78233,37.88497],[-4.78234,37.88496],[-4.78233,37.88496],[-4.78233,37.88493],[-4.78233,37.88492],[-4.78232,37.8849],[-4.78233,37.88489],[-4.78232,37.88489],[-4.78232,37.88487],[-4.78232,37.88486],[-4.78231,37.88483],[-4.78232,37.88482],[-4.78231,37.88482],[-4.78231,37.88479],[-4.78231,37.88478],[-4.7823,37.88475],[-4.7823,37.88473],[-4.78226,37.88473]]}},{"type":"Feature","properties":{"name":"Plaza del Hospital del Cardenal","kind":"road","road":"pedestrian","osm":557019892},"geometry":{"type":"LineString","coordinates":[[-4.78214,37.8797],[-4.78178,37.87998],[-4.78176,37.88]]}},{"type":"Feature","properties":{"name":"Paseo de las Margaritas","kind":"road","road":"primary","osm":557059048},"geometry":{"type":"LineString","coordinates":[[-4.78784,37.88967],[-4.78776,37.88964],[-4.78771,37.88961],[-4.78766,37.88957]]}},{"type":"Feature","properties":{"name":"Calle Pintor Ruiz Saravia","kind":"road","road":"pedestrian","osm":557109986},"geometry":{"type":"LineString","coordinates":[[-4.77775,37.8966],[-4.77816,37.8963]]}},{"type":"Feature","properties":{"name":"","kind":"water","road":"","osm":557644729},"geometry":{"type":"Polygon","coordinates":[[[-4.78388,37.88006],[-4.78379,37.87987],[-4.78373,37.87974],[-4.78368,37.87975],[-4.78373,37.87985],[-4.78375,37.87984],[-4.7838,37.87995],[-4.78378,37.87995],[-4.78383,37.88008],[-4.78384,37.88007],[-4.78385,37.88007],[-4.78386,37.88006],[-4.78387,37.88007],[-4.78388,37.88006]]]}},{"type":"Feature","properties":{"name":"","kind":"water","road":"","osm":557644730},"geometry":{"type":"Polygon","coordinates":[[[-4.78371,37.87971],[-4.78354,37.87938],[-4.78352,37.87938],[-4.78356,37.87948],[-4.78354,37.87949],[-4.78361,37.87962],[-4.78364,37.87961],[-4.78369,37.87971],[-4.78371,37.87971]]]}},{"type":"Feature","properties":{"name":"","kind":"water","road":"","osm":557644731},"geometry":{"type":"Polygon","coordinates":[[[-4.78352,37.87934],[-4.78342,37.87916],[-4.78338,37.87917],[-4.78348,37.87936],[-4.78352,37.87934]]]}},{"type":"Feature","properties":{"name":"","kind":"water","road":"","osm":557644732},"geometry":{"type":"Polygon","coordinates":[[[-4.78341,37.87912],[-4.78318,37.87868],[-4.78314,37.87869],[-4.78317,37.87876],[-4.78318,37.87875],[-4.78324,37.87888],[-4.78325,37.87888],[-4.7833,37.87897],[-4.78328,37.87898],[-4.78336,37.87914],[-4.78341,37.87912]]]}},{"type":"Feature","properties":{"name":"","kind":"park","road":"","osm":557711175},"geometry":{"type":"Polygon","coordinates":[[[-4.78491,37.88107],[-4.78503,37.88132],[-4.78489,37.88272],[-4.78488,37.88273],[-4.78488,37.88274],[-4.78487,37.88275],[-4.78486,37.88275],[-4.78485,37.88276],[-4.78484,37.88276],[-4.78483,37.88276],[-4.78481,37.88277],[-4.7848,37.88276],[-4.78479,37.88276],[-4.78477,37.88276],[-4.78476,37.88275],[-4.78475,37.88274],[-4.78474,37.88273],[-4.78474,37.88271],[-4.7848,37.88199],[-4.78487,37.88108],[-4.78488,37.88107],[-4.78491,37.88107]]]}},{"type":"Feature","properties":{"name":"","kind":"park","road":"","osm":557955109},"geometry":{"type":"Polygon","coordinates":[[[-4.78269,37.88266],[-4.7825,37.8826],[-4.78241,37.88291],[-4.78245,37.88291],[-4.78256,37.88292],[-4.78269,37.88266]]]}},{"type":"Feature","properties":{"name":"","kind":"park","road":"","osm":557955599},"geometry":{"type":"Polygon","coordinates":[[[-4.78204,37.88],[-4.78221,37.88009],[-4.78231,37.87996],[-4.78216,37.87988],[-4.78204,37.88]]]}},{"type":"Feature","properties":{"name":"Calle Rodríguez Sánchez","kind":"road","road":"pedestrian","osm":557956234},"geometry":{"type":"LineString","coordinates":[[-4.78074,37.88328],[-4.78069,37.88351],[-4.7806,37.8835]]}},{"type":"Feature","properties":{"name":"","kind":"park","road":"","osm":558014161},"geometry":{"type":"Polygon","coordinates":[[[-4.79168,37.86935],[-4.79166,37.86942],[-4.79166,37.86948],[-4.79166,37.86954],[-4.79169,37.86965],[-4.79174,37.86973],[-4.79179,37.86982],[-4.79183,37.86987],[-4.79104,37.87017],[-4.79096,37.87012],[-4.79031,37.86914],[-4.7903,37.86911],[-4.79031,37.86908],[-4.79071,37.86871],[-4.79074,37.86871],[-4.79074,37.86873],[-4.79069,37.86877],[-4.79068,37.86907],[-4.7905,37.86907],[-4.79049,37.8693],[-4.79075,37.86931],[-4.79076,37.8697],[-4.79088,37.8697],[-4.79088,37.86983],[-4.79112,37.86983],[-4.79114,37.86983],[-4.79114,37.86971],[-4.79128,37.86971],[-4.7913,37.86934],[-4.79168,37.86935]]]}},{"type":"Feature","properties":{"name":"","kind":"water","road":"","osm":558048664},"geometry":{"type":"Polygon","coordinates":[[[-4.78292,37.87972],[-4.78289,37.87967],[-4.78287,37.87968],[-4.78291,37.87972],[-4.78292,37.87972]]]}},{"type":"Feature","properties":{"name":"Plaza de la Trinidad","kind":"road","road":"pedestrian","osm":558339528},"geometry":{"type":"LineString","coordinates":[[-4.7829,37.88275],[-4.78303,37.88247]]}},{"type":"Feature","properties":{"name":"Calle Horno de la Trinidad","kind":"road","road":"pedestrian","osm":558507431},"geometry":{"type":"LineString","coordinates":[[-4.78241,37.88234],[-4.78247,37.88235],[-4.78253,37.88236],[-4.78283,37.88242],[-4.783,37.88247],[-4.78303,37.88247]]}},{"type":"Feature","properties":{"name":"Calle de González López","kind":"road","road":"pedestrian","osm":558570833},"geometry":{"type":"LineString","coordinates":[[-4.784,37.88345],[-4.78419,37.88348]]}},{"type":"Feature","properties":{"name":"","kind":"water","road":"","osm":558586168},"geometry":{"type":"Polygon","coordinates":[[[-4.7846,37.88519],[-4.7846,37.88518],[-4.78459,37.88517],[-4.78458,37.88516],[-4.78456,37.88516],[-4.78454,37.88517],[-4.78453,37.88518],[-4.78452,37.88519],[-4.78453,37.88521],[-4.78454,37.88522],[-4.78456,37.88523],[-4.78458,37.88522],[-4.78459,37.88522],[-4.7846,37.88521],[-4.7846,37.88519]]]}},{"type":"Feature","properties":{"name":"","kind":"water","road":"","osm":558642091},"geometry":{"type":"Polygon","coordinates":[[[-4.77948,37.87963],[-4.77947,37.87963],[-4.77947,37.87964],[-4.77948,37.87965],[-4.77949,37.87965],[-4.7795,37.87965],[-4.7795,37.87964],[-4.7795,37.87963],[-4.77949,37.87963],[-4.77948,37.87963]]]}},{"type":"Feature","properties":{"name":"Calle Ángel de Saavedra","kind":"road","road":"pedestrian","osm":558644676},"geometry":{"type":"LineString","coordinates":[[-4.77979,37.88282],[-4.77985,37.88282],[-4.78028,37.88284]]}},{"type":"Feature","properties":{"name":"Calle Ángel de Saavedra","kind":"road","road":"pedestrian","osm":558644678},"geometry":{"type":"LineString","coordinates":[[-4.77976,37.88256],[-4.78034,37.88259]]}},{"type":"Feature","properties":{"name":"Calle La Pierna","kind":"road","road":"pedestrian","osm":558644680},"geometry":{"type":"LineString","coordinates":[[-4.78039,37.8822],[-4.78034,37.88225],[-4.78039,37.88244],[-4.78038,37.88248]]}},{"type":"Feature","properties":{"name":"Plaza de San Miguel","kind":"road","road":"pedestrian","osm":559839240},"geometry":{"type":"LineString","coordinates":[[-4.77968,37.88605],[-4.77962,37.88605],[-4.77945,37.88608],[-4.77933,37.8861]]}},{"type":"Feature","properties":{"name":"Plaza de San Miguel","kind":"road","road":"pedestrian","osm":559839241},"geometry":{"type":"LineString","coordinates":[[-4.77917,37.8859],[-4.7793,37.8858],[-4.7793,37.88578],[-4.77929,37.88572],[-4.77929,37.88569]]}},{"type":"Feature","properties":{"name":"Plaza de San Miguel","kind":"road","road":"pedestrian","osm":559839242},"geometry":{"type":"LineString","coordinates":[[-4.77972,37.88579],[-4.77947,37.88577],[-4.77929,37.88572]]}},{"type":"Feature","properties":{"name":"Plaza de San Miguel","kind":"road","road":"pedestrian","osm":559839243},"geometry":{"type":"LineString","coordinates":[[-4.77945,37.88608],[-4.77946,37.88624],[-4.77934,37.88624],[-4.77933,37.8861]]}},{"type":"Feature","properties":{"name":"Plaza Mármol de Bañuelos","kind":"road","road":"pedestrian","osm":559839472},"geometry":{"type":"LineString","coordinates":[[-4.77936,37.88517],[-4.77929,37.88533]]}},{"type":"Feature","properties":{"name":"","kind":"water","road":"","osm":560106185},"geometry":{"type":"Polygon","coordinates":[[[-4.78941,37.88266],[-4.78941,37.88267],[-4.7894,37.88268],[-4.78939,37.88268],[-4.78939,37.88269],[-4.78938,37.8827],[-4.78938,37.88271],[-4.78938,37.88272],[-4.78938,37.88273],[-4.78939,37.88274],[-4.78939,37.88275],[-4.78939,37.88276],[-4.78938,37.88275],[-4.78937,37.88275],[-4.78936,37.88274],[-4.78936,37.88273],[-4.78935,37.88272],[-4.78934,37.88271],[-4.78933,37.88271],[-4.78933,37.8827],[-4.78932,37.8827],[-4.78932,37.88269],[-4.78933,37.88269],[-4.78934,37.88269],[-4.78935,37.88268],[-4.78937,37.88267],[-4.78939,37.88267],[-4.78941,37.88266]]]}},{"type":"Feature","properties":{"name":"","kind":"water","road":"","osm":560106187},"geometry":{"type":"Polygon","coordinates":[[[-4.78945,37.88265],[-4.78946,37.88265],[-4.78947,37.88265],[-4.78948,37.88265],[-4.78949,37.88266],[-4.78951,37.88266],[-4.78952,37.88267],[-4.78953,37.88268],[-4.78954,37.8827],[-4.78955,37.8827],[-4.78955,37.88269],[-4.78955,37.88268],[-4.78954,37.88267],[-4.78954,37.88265],[-4.78954,37.88264],[-4.78954,37.88263],[-4.78953,37.88262],[-4.78952,37.88262],[-4.7895,37.88263],[-4.78948,37.88264],[-4.78945,37.88265]]]}},{"type":"Feature","properties":{"name":"","kind":"water","road":"","osm":560106188},"geometry":{"type":"Polygon","coordinates":[[[-4.78954,37.88274],[-4.78953,37.88275],[-4.78953,37.88276],[-4.78952,37.88277],[-4.78951,37.88277],[-4.78949,37.88278],[-4.78948,37.88278],[-4.78946,37.88278],[-4.78945,37.88278],[-4.78944,37.88278],[-4.78943,37.88278],[-4.78945,37.88279],[-4.78946,37.8828],[-4.78947,37.8828],[-4.78949,37.88281],[-4.7895,37.88281],[-4.78951,37.88282],[-4.78953,37.88282],[-4.78954,37.88281],[-4.78954,37.8828],[-4.78954,37.88278],[-4.78954,37.88276],[-4.78954,37.88274]]]}},{"type":"Feature","properties":{"name":"Calle Antonio Maura","kind":"road","road":"pedestrian","osm":560125748},"geometry":{"type":"LineString","coordinates":[[-4.78753,37.88265],[-4.78765,37.88299]]}},{"type":"Feature","properties":{"name":"Calle Miguel Benzo","kind":"road","road":"pedestrian","osm":560125750},"geometry":{"type":"LineString","coordinates":[[-4.78698,37.88261],[-4.78724,37.88263],[-4.78732,37.88266]]}},{"type":"Feature","properties":{"name":"Calle Miguel Benzo","kind":"road","road":"pedestrian","osm":560125751},"geometry":{"type":"LineString","coordinates":[[-4.7874,37.88245],[-4.787,37.88227]]}},{"type":"Feature","properties":{"name":"","kind":"road","road":"pedestrian","osm":560149452},"geometry":{"type":"LineString","coordinates":[[-4.78186,37.8801],[-4.78189,37.88006]]}},{"type":"Feature","properties":{"name":"","kind":"water","road":"","osm":560266232},"geometry":{"type":"Polygon","coordinates":[[[-4.78553,37.86994],[-4.78551,37.86997],[-4.78547,37.86998],[-4.78543,37.86997],[-4.78542,37.86994],[-4.78543,37.86991],[-4.78548,37.86989],[-4.78552,37.86991],[-4.78553,37.86994]]]}},{"type":"Feature","properties":{"name":"","kind":"water","road":"","osm":560267867},"geometry":{"type":"Polygon","coordinates":[[[-4.78484,37.8715],[-4.78483,37.87149],[-4.78482,37.87149],[-4.7848,37.87149],[-4.78479,37.8715],[-4.7848,37.87151],[-4.78482,37.87152],[-4.78483,37.87152],[-4.78484,37.8715]]]}},{"type":"Feature","properties":{"name":"","kind":"water","road":"","osm":560272401},"geometry":{"type":"Polygon","coordinates":[[[-4.7868,37.87003],[-4.78684,37.87004],[-4.78688,37.87005],[-4.78691,37.87007],[-4.78697,37.87006],[-4.78701,37.87002],[-4.78701,37.87],[-4.78702,37.86998],[-4.78702,37.86992],[-4.78697,37.86989],[-4.78697,37.8699],[-4.787,37.86997],[-4.78699,37.86998],[-4.78698,37.86998],[-4.78696,37.86998],[-4.78695,37.86999],[-4.78695,37.87],[-4.78695,37.87001],[-4.78695,37.87002],[-4.78695,37.87003],[-4.78693,37.87004],[-4.78689,37.87002],[-4.78686,37.87001],[-4.78682,37.87],[-4.7868,37.87003]]]}},{"type":"Feature","properties":{"name":"","kind":"water","road":"","osm":560272402},"geometry":{"type":"Polygon","coordinates":[[[-4.78747,37.86972],[-4.78746,37.86971],[-4.78747,37.8697],[-4.78746,37.8697],[-4.78746,37.86969],[-4.78747,37.86969],[-4.78748,37.86969],[-4.78748,37.8697],[-4.78749,37.8697],[-4.7875,37.86969],[-4.78751,37.86969],[-4.78752,37.86969],[-4.78753,37.8697],[-4.78753,37.86971],[-4.78753,37.86972],[-4.78753,37.86973],[-4.78752,37.86973],[-4.78751,37.86974],[-4.7875,37.86974],[-4.78751,37.86973],[-4.78751,37.86972],[-4.7875,37.86971],[-4.78749,37.86971],[-4.78748,37.86971],[-4.78747,37.86971],[-4.78747,37.86972]]]}},{"type":"Feature","properties":{"name":"","kind":"water","road":"","osm":560272403},"geometry":{"type":"Polygon","coordinates":[[[-4.78739,37.86974],[-4.7874,37.86973],[-4.78741,37.86972],[-4.7874,37.86972],[-4.78739,37.86972],[-4.78739,37.86973],[-4.78738,37.86972],[-4.78737,37.86973],[-4.78736,37.86974],[-4.78735,37.86974],[-4.78734,37.86974],[-4.78733,37.86976],[-4.78729,37.86979],[-4.78733,37.86981],[-4.78734,37.86979],[-4.78736,37.86976],[-4.78737,37.86975],[-4.78738,37.86974],[-4.78739,37.86974]]]}},{"type":"Feature","properties":{"name":"","kind":"water","road":"","osm":560272404},"geometry":{"type":"Polygon","coordinates":[[[-4.78744,37.86985],[-4.78745,37.86986],[-4.78747,37.86986],[-4.78748,37.86986],[-4.78748,37.86985],[-4.78748,37.86984],[-4.78747,37.86983],[-4.78746,37.86983],[-4.78746,37.86984],[-4.78745,37.86984],[-4.78744,37.86983],[-4.78743,37.86983],[-4.78743,37.86984],[-4.78744,37.86985]]]}},{"type":"Feature","properties":{"name":"","kind":"water","road":"","osm":560272405},"geometry":{"type":"Polygon","coordinates":[[[-4.78772,37.86952],[-4.78773,37.86951],[-4.78774,37.86951],[-4.78775,37.86951],[-4.78776,37.86951],[-4.78776,37.86952],[-4.78775,37.86952],[-4.78774,37.86952],[-4.78773,37.86952],[-4.78772,37.86952]]]}},{"type":"Feature","properties":{"name":"","kind":"water","road":"","osm":560272406},"geometry":{"type":"Polygon","coordinates":[[[-4.78752,37.86952],[-4.78753,37.86952],[-4.78753,37.86953],[-4.78752,37.86953],[-4.78751,37.86953],[-4.7875,37.86953],[-4.78749,37.86952],[-4.7875,37.86952],[-4.78751,37.86952],[-4.78752,37.86952]]]}},{"type":"Feature","properties":{"name":"","kind":"water","road":"","osm":560272407},"geometry":{"type":"Polygon","coordinates":[[[-4.78816,37.86954],[-4.78817,37.86954],[-4.78818,37.86954],[-4.78819,37.86954],[-4.78819,37.86953],[-4.78819,37.86952],[-4.7882,37.86952],[-4.7882,37.86951],[-4.78819,37.86951],[-4.78818,37.86951],[-4.78818,37.8695],[-4.78817,37.8695],[-4.78816,37.8695],[-4.78815,37.86951],[-4.78815,37.86952],[-4.78816,37.86952],[-4.78816,37.86953],[-4.78816,37.86954]]]}},{"type":"Feature","properties":{"name":"","kind":"water","road":"","osm":560272414},"geometry":{"type":"Polygon","coordinates":[[[-4.78723,37.87051],[-4.78727,37.87043],[-4.78712,37.87037],[-4.78707,37.87046],[-4.78708,37.87046],[-4.7871,37.87045],[-4.78712,37.87044],[-4.78715,37.87044],[-4.78717,37.87045],[-4.7872,37.87046],[-4.78721,37.87047],[-4.78722,37.87049],[-4.78723,37.87051]]]}},{"type":"Feature","properties":{"name":"","kind":"water","road":"","osm":560272415},"geometry":{"type":"Polygon","coordinates":[[[-4.7872,37.87055],[-4.78716,37.87063],[-4.787,37.87058],[-4.78705,37.87049],[-4.78706,37.8705],[-4.78706,37.87051],[-4.78707,37.87052],[-4.78707,37.87053],[-4.78708,37.87055],[-4.7871,37.87056],[-4.78713,37.87057],[-4.78716,37.87057],[-4.78718,37.87056],[-4.7872,37.87055]]]}},{"type":"Feature","properties":{"name":"","kind":"water","road":"","osm":560272416},"geometry":{"type":"Polygon","coordinates":[[[-4.7873,37.87119],[-4.78731,37.87119],[-4.78731,37.87118],[-4.78731,37.87117],[-4.78732,37.87116],[-4.78732,37.87117],[-4.78733,37.87117],[-4.78734,37.87118],[-4.78734,37.87119],[-4.78734,37.8712],[-4.78734,37.87121],[-4.78733,37.87121],[-4.78733,37.87122],[-4.78732,37.87122],[-4.78731,37.87122],[-4.7873,37.87122],[-4.78729,37.87121],[-4.7873,37.8712],[-4.7873,37.87119]]]}},{"type":"Feature","properties":{"name":"","kind":"water","road":"","osm":560275080},"geometry":{"type":"Polygon","coordinates":[[[-4.78657,37.87103],[-4.78657,37.87101],[-4.78658,37.871],[-4.78659,37.871],[-4.78661,37.87099],[-4.78662,37.87099],[-4.78664,37.87099],[-4.78665,37.871],[-4.78667,37.87101],[-4.78668,37.87102],[-4.78669,37.87103],[-4.7867,37.87103],[-4.78671,37.87104],[-4.78669,37.87107],[-4.78668,37.87106],[-4.78667,37.87106],[-4.78666,37.87105],[-4.78664,37.87104],[-4.78662,37.87104],[-4.78659,37.87103],[-4.78657,37.87103]]]}},{"type":"Feature","properties":{"name":"","kind":"water","road":"","osm":561034226},"geometry":{"type":"Polygon","coordinates":[[[-4.79064,37.87441],[-4.79065,37.87441],[-4.79066,37.87441],[-4.79067,37.8744],[-4.79067,37.87439],[-4.79066,37.87438],[-4.79065,37.87437],[-4.79064,37.87437],[-4.79064,37.87438],[-4.79063,37.87439],[-4.79063,37.8744],[-4.79063,37.87441],[-4.79064,37.87441]]]}},{"type":"Feature","properties":{"name":"","kind":"water","road":"","osm":561261214},"geometry":{"type":"Polygon","coordinates":[[[-4.77846,37.88844],[-4.77846,37.88843],[-4.77846,37.88842],[-4.77845,37.88842],[-4.77844,37.88842],[-4.77843,37.88842],[-4.77843,37.88843],[-4.77844,37.88844],[-4.77846,37.88844]]]}},{"type":"Feature","properties":{"name":"","kind":"water","road":"","osm":561636305},"geometry":{"type":"Polygon","coordinates":[[[-4.77638,37.8924],[-4.77636,37.8924],[-4.77636,37.89244],[-4.77637,37.89244],[-4.77638,37.89245],[-4.77638,37.89246],[-4.77637,37.89247],[-4.77635,37.89247],[-4.77634,37.89246],[-4.77634,37.89245],[-4.77635,37.89244],[-4.77636,37.89244],[-4.77636,37.8924],[-4.77635,37.8924],[-4.77635,37.89237],[-4.77636,37.89237],[-4.77636,37.89226],[-4.77636,37.89225],[-4.77637,37.89225],[-4.77637,37.89226],[-4.77637,37.89237],[-4.77638,37.89237],[-4.77638,37.8924]]]}},{"type":"Feature","properties":{"name":"Glorieta de la Media luna","kind":"road","road":"primary","osm":561998307},"geometry":{"type":"LineString","coordinates":[[-4.78602,37.88038],[-4.786,37.88035],[-4.78598,37.88033],[-4.78596,37.88031],[-4.78592,37.8803],[-4.78589,37.8803],[-4.78586,37.8803],[-4.78582,37.8803],[-4.78579,37.88032],[-4.78577,37.88033],[-4.78574,37.88035],[-4.78573,37.88038],[-4.78572,37.88041],[-4.78572,37.88043],[-4.78572,37.88045],[-4.78573,37.88047],[-4.78575,37.88049],[-4.78576,37.88051],[-4.78578,37.88052],[-4.78581,37.88053],[-4.78583,37.88054],[-4.78586,37.88054],[-4.78589,37.88054],[-4.78591,37.88054],[-4.78594,37.88053],[-4.78596,37.88052],[-4.78598,37.88051],[-4.786,37.8805],[-4.78601,37.88048],[-4.78602,37.88046],[-4.78603,37.88044],[-4.78603,37.88042],[-4.78603,37.8804],[-4.78602,37.88038]]}},{"type":"Feature","properties":{"name":"","kind":"water","road":"","osm":561998308},"geometry":{"type":"Polygon","coordinates":[[[-4.7858,37.88041],[-4.78579,37.88043],[-4.78579,37.88045],[-4.7858,37.88047],[-4.78582,37.88049],[-4.78585,37.8805],[-4.78587,37.8805],[-4.7859,37.8805],[-4.78592,37.88049],[-4.78594,37.88047],[-4.78595,37.88045],[-4.78596,37.88043],[-4.78595,37.88041],[-4.78594,37.88039],[-4.78592,37.88038],[-4.78589,37.88037],[-4.78586,37.88037],[-4.78584,37.88038],[-4.78582,37.88039],[-4.7858,37.88041]]]}},{"type":"Feature","properties":{"name":"Glorieta de la Cruz Roja","kind":"road","road":"primary","osm":561998309},"geometry":{"type":"LineString","coordinates":[[-4.78574,37.88035],[-4.78562,37.88041],[-4.78557,37.88045]]}},{"type":"Feature","properties":{"name":"","kind":"road","road":"primary","osm":561998310},"geometry":{"type":"LineString","coordinates":[[-4.78579,37.88006],[-4.78574,37.88035]]}},{"type":"Feature","properties":{"name":"Glorieta de la Media luna","kind":"road","road":"primary","osm":561998311},"geometry":{"type":"LineString","coordinates":[[-4.78617,37.88051],[-4.78602,37.88038]]}},{"type":"Feature","properties":{"name":"","kind":"road","road":"primary","osm":561998312},"geometry":{"type":"LineString","coordinates":[[-4.78602,37.88038],[-4.78601,37.88015]]}},{"type":"Feature","properties":{"name":"Calle Quinteros","kind":"road","road":"pedestrian","osm":562022950},"geometry":{"type":"LineString","coordinates":[[-4.78148,37.88437],[-4.78142,37.88464]]}},{"type":"Feature","properties":{"name":"","kind":"road","road":"pedestrian","osm":563409243},"geometry":{"type":"LineString","coordinates":[[-4.77587,37.88955],[-4.77593,37.88969],[-4.77525,37.88984],[-4.77521,37.88984],[-4.77518,37.88985]]}},{"type":"Feature","properties":{"name":"","kind":"road","road":"pedestrian","osm":563409244},"geometry":{"type":"LineString","coordinates":[[-4.77587,37.88955],[-4.7755,37.88965],[-4.7752,37.88976]]}},{"type":"Feature","properties":{"name":"Plaza Puerta del Rincón","kind":"road","road":"pedestrian","osm":563409245},"geometry":{"type":"LineString","coordinates":[[-4.77642,37.88901],[-4.77635,37.88897],[-4.77632,37.88894],[-4.77629,37.88886],[-4.77628,37.88878]]}},{"type":"Feature","properties":{"name":"Plaza de la Corredera","kind":"road","road":"pedestrian","osm":563890136},"geometry":{"type":"LineString","coordinates":[[-4.77506,37.8838],[-4.77388,37.88369],[-4.77389,37.88348],[-4.7739,37.88333]]}},{"type":"Feature","properties":{"name":"Calle del Toril","kind":"road","road":"pedestrian","osm":563890137},"geometry":{"type":"LineString","coordinates":[[-4.77387,37.88348],[-4.77389,37.88348]]}},{"type":"Feature","properties":{"name":"","kind":"water","road":"","osm":563931656},"geometry":{"type":"Polygon","coordinates":[[[-4.77531,37.87499],[-4.77528,37.87502],[-4.77527,37.87505],[-4.77527,37.87507],[-4.77529,37.8751],[-4.77531,37.87513],[-4.77534,37.87514],[-4.77538,37.87515],[-4.77541,37.87514],[-4.77545,37.87513],[-4.77548,37.87511],[-4.77549,37.87509],[-4.7755,37.87506],[-4.77549,37.87503],[-4.77547,37.875],[-4.77545,37.87498],[-4.77541,37.87497],[-4.77537,37.87497],[-4.77534,37.87498],[-4.77531,37.87499]]]}},{"type":"Feature","properties":{"name":"","kind":"water","road":"","osm":563933397},"geometry":{"type":"Polygon","coordinates":[[[-4.77028,37.89412],[-4.77029,37.89411],[-4.77026,37.89409],[-4.77024,37.89407],[-4.77024,37.89406],[-4.7702,37.89403],[-4.77021,37.89402],[-4.77015,37.89397],[-4.77016,37.89397],[-4.77009,37.89386],[-4.77,37.89393],[-4.7701,37.89398],[-4.77016,37.89403],[-4.77025,37.89409],[-4.77028,37.89412]]]}},{"type":"Feature","properties":{"name":"","kind":"water","road":"","osm":563934801},"geometry":{"type":"Polygon","coordinates":[[[-4.78412,37.88053],[-4.78411,37.88052],[-4.78414,37.88051],[-4.78417,37.88051],[-4.78418,37.88051],[-4.78412,37.88053]]]}},{"type":"Feature","properties":{"name":"","kind":"water","road":"","osm":564805395},"geometry":{"type":"Polygon","coordinates":[[[-4.78502,37.8708],[-4.785,37.8708],[-4.78499,37.87078],[-4.785,37.87077],[-4.78502,37.87076],[-4.78504,37.87076],[-4.78504,37.87078],[-4.78504,37.87079],[-4.78502,37.8708]]]}},{"type":"Feature","properties":{"name":"","kind":"water","road":"","osm":564812281},"geometry":{"type":"Polygon","coordinates":[[[-4.7855,37.88453],[-4.78551,37.88453],[-4.78552,37.88453],[-4.78553,37.88453],[-4.78553,37.88452],[-4.78552,37.88451],[-4.78551,37.88451],[-4.7855,37.88451],[-4.7855,37.88452],[-4.7855,37.88453]]]}},{"type":"Feature","properties":{"name":"Calle Alvaro Paulo","kind":"road","road":"pedestrian","osm":564940886},"geometry":{"type":"LineString","coordinates":[[-4.76482,37.89052],[-4.76437,37.89071],[-4.76366,37.89102],[-4.76361,37.89108]]}},{"type":"Feature","properties":{"name":"Pasaje Andrés Valverde Luján","kind":"road","road":"pedestrian","osm":564943402},"geometry":{"type":"LineString","coordinates":[[-4.76437,37.89071],[-4.76461,37.89107]]}},{"type":"Feature","properties":{"name":"Calle Francisco Moreno Anguita","kind":"road","road":"pedestrian","osm":564949541},"geometry":{"type":"LineString","coordinates":[[-4.76607,37.88715],[-4.76608,37.88709],[-4.76628,37.88679],[-4.76636,37.88675]]}},{"type":"Feature","properties":{"name":"Pasaje Escritor Pérez de Rivas","kind":"road","road":"pedestrian","osm":564951257},"geometry":{"type":"LineString","coordinates":[[-4.76647,37.88569],[-4.76491,37.88611]]}},{"type":"Feature","properties":{"name":"Calle Francisco Moreno Anguita","kind":"road","road":"pedestrian","osm":564956068},"geometry":{"type":"LineString","coordinates":[[-4.76653,37.88624],[-4.76651,37.88629],[-4.76636,37.88675]]}},{"type":"Feature","properties":{"name":"Calle Domingo Badía","kind":"road","road":"pedestrian","osm":564956069},"geometry":{"type":"LineString","coordinates":[[-4.76653,37.88624],[-4.76648,37.88617]]}},{"type":"Feature","properties":{"name":"Calle Domingo Badía","kind":"road","road":"pedestrian","osm":564956070},"geometry":{"type":"LineString","coordinates":[[-4.76522,37.88642],[-4.76527,37.88634],[-4.7663,37.88606],[-4.76651,37.886]]}},{"type":"Feature","properties":{"name":"Avenida Ronda del Marrubial","kind":"road","road":"primary","osm":564959412},"geometry":{"type":"LineString","coordinates":[[-4.76521,37.89111],[-4.76523,37.89113],[-4.76536,37.89131],[-4.76543,37.89138],[-4.76552,37.89147],[-4.76558,37.89152]]}},{"type":"Feature","properties":{"name":"Avenida Ronda del Marrubial","kind":"road","road":"primary","osm":564959413},"geometry":{"type":"LineString","coordinates":[[-4.76557,37.89143],[-4.76549,37.89135],[-4.76541,37.89124],[-4.76528,37.89106],[-4.7652,37.89095]]}},{"type":"Feature","properties":{"name":"Plaza de la Flor del Olivo","kind":"road","road":"pedestrian","osm":565013478},"geometry":{"type":"LineString","coordinates":[[-4.7762,37.89192],[-4.7762,37.892],[-4.77616,37.89262],[-4.77609,37.89267],[-4.77616,37.89274],[-4.77613,37.89325]]}},{"type":"Feature","properties":{"name":"Plaza de la Flor del Olivo","kind":"road","road":"pedestrian","osm":565013479},"geometry":{"type":"LineString","coordinates":[[-4.7765,37.89327],[-4.77652,37.89275],[-4.77656,37.89269],[-4.77653,37.89263],[-4.77656,37.89215],[-4.77753,37.89218],[-4.77761,37.89218]]}},{"type":"Feature","properties":{"name":"Pasaje Cantabria","kind":"road","road":"pedestrian","osm":565486983},"geometry":{"type":"LineString","coordinates":[[-4.76357,37.87882],[-4.76383,37.87913],[-4.7638,37.87921]]}},{"type":"Feature","properties":{"name":"Plaza Puerta de la Luna","kind":"road","road":"pedestrian","osm":568299423},"geometry":{"type":"LineString","coordinates":[[-4.78322,37.87866],[-4.78345,37.87851],[-4.7835,37.87849]]}},{"type":"Feature","properties":{"name":"","kind":"water","road":"","osm":568354534},"geometry":{"type":"Polygon","coordinates":[[[-4.7815,37.87645],[-4.78144,37.87648],[-4.78142,37.87645],[-4.78147,37.87642],[-4.7815,37.87645]]]}},{"type":"Feature","properties":{"name":"","kind":"water","road":"","osm":568354535},"geometry":{"type":"Polygon","coordinates":[[[-4.78165,37.87665],[-4.78163,37.87662],[-4.78157,37.87664],[-4.7816,37.87667],[-4.78165,37.87665]]]}},{"type":"Feature","properties":{"name":"","kind":"water","road":"","osm":568354889},"geometry":{"type":"Polygon","coordinates":[[[-4.78211,37.87684],[-4.78212,37.87684],[-4.78213,37.87684],[-4.78213,37.87683],[-4.78213,37.87682],[-4.78212,37.87682],[-4.78211,37.87682],[-4.78211,37.87683],[-4.78211,37.87684]]]}},{"type":"Feature","properties":{"name":"","kind":"water","road":"","osm":568993935},"geometry":{"type":"Polygon","coordinates":[[[-4.78867,37.87734],[-4.78867,37.87735],[-4.78867,37.87736],[-4.78867,37.87737],[-4.78868,37.87738],[-4.78869,37.87738],[-4.7887,37.87738],[-4.78871,37.87738],[-4.78872,37.87738],[-4.78873,37.87737],[-4.78874,37.87736],[-4.78874,37.87735],[-4.78873,37.87734],[-4.78872,37.87733],[-4.78871,37.87733],[-4.7887,37.87733],[-4.78868,37.87733],[-4.78867,37.87734]]]}},{"type":"Feature","properties":{"name":"","kind":"road","road":"pedestrian","osm":569033623},"geometry":{"type":"LineString","coordinates":[[-4.79083,37.88617],[-4.79086,37.8862],[-4.79089,37.88622],[-4.79093,37.88623],[-4.79098,37.88624],[-4.79102,37.88625],[-4.79107,37.88624],[-4.79111,37.88624],[-4.79115,37.88622],[-4.79119,37.8862],[-4.79123,37.88618],[-4.79125,37.88615],[-4.79127,37.88612],[-4.79129,37.88609],[-4.79129,37.88606],[-4.79129,37.88602],[-4.79128,37.88595]]}},{"type":"Feature","properties":{"name":"Calle Escritor Sebastián Cuevas","kind":"road","road":"tertiary","osm":570770560},"geometry":{"type":"LineString","coordinates":[[-4.76738,37.87857],[-4.76723,37.87933],[-4.76717,37.87962],[-4.76715,37.87968],[-4.76712,37.87974]]}},{"type":"Feature","properties":{"name":"","kind":"water","road":"","osm":571431683},"geometry":{"type":"Polygon","coordinates":[[[-4.77537,37.88184],[-4.77538,37.88183],[-4.77538,37.88181],[-4.77536,37.88181],[-4.77535,37.88181],[-4.77534,37.88182],[-4.77535,37.88183],[-4.77536,37.88184],[-4.77537,37.88184]]]}},{"type":"Feature","properties":{"name":"Plaza de la ONCE","kind":"road","road":"pedestrian","osm":571460992},"geometry":{"type":"LineString","coordinates":[[-4.78909,37.87571],[-4.78907,37.87572],[-4.78907,37.87574],[-4.78908,37.87577],[-4.7891,37.87579],[-4.78915,37.87586],[-4.78921,37.87586],[-4.78954,37.87639],[-4.78947,37.87639],[-4.7895,37.87644],[-4.78953,37.87647],[-4.78954,37.87648],[-4.78956,37.87648],[-4.78958,37.87648],[-4.78959,37.87648],[-4.78962,37.87647],[-4.78968,37.87644],[-4.78964,37.87641],[-4.79012,37.87622],[-4.79017,37.87625],[-4.79024,37.87622],[-4.79028,37.87621],[-4.79029,37.87621],[-4.79029,37.87619],[-4.79029,37.87618],[-4.79028,37.87617],[-4.79024,37.8761],[-4.78992,37.87599],[-4.78968,37.87591],[-4.78934,37.8758],[-4.78909,37.87571]]}},{"type":"Feature","properties":{"name":"","kind":"park","road":"","osm":572380682},"geometry":{"type":"Polygon","coordinates":[[[-4.79058,37.8817],[-4.79059,37.88167],[-4.79061,37.88165],[-4.79064,37.88164],[-4.79067,37.88164],[-4.7907,37.88164],[-4.79072,37.88165],[-4.79074,37.88167],[-4.79076,37.88169],[-4.79076,37.88171],[-4.79075,37.88173],[-4.79074,37.88175],[-4.79072,37.88177],[-4.79069,37.88178],[-4.79067,37.88178],[-4.79064,37.88178],[-4.79061,37.88176],[-4.79059,37.88174],[-4.79058,37.88172],[-4.79058,37.8817]]]}},{"type":"Feature","properties":{"name":"","kind":"park","road":"","osm":575386433},"geometry":{"type":"Polygon","coordinates":[[[-4.76606,37.86953],[-4.7661,37.86949],[-4.76597,37.86938],[-4.76588,37.86946],[-4.76598,37.86953],[-4.76606,37.86953]]]}},{"type":"Feature","properties":{"name":"","kind":"park","road":"","osm":575386434},"geometry":{"type":"Polygon","coordinates":[[[-4.76626,37.8696],[-4.76614,37.86951],[-4.76609,37.86956],[-4.76609,37.86963],[-4.76616,37.86968],[-4.76626,37.8696]]]}},{"type":"Feature","properties":{"name":"","kind":"park","road":"","osm":575386435},"geometry":{"type":"Polygon","coordinates":[[[-4.76613,37.8697],[-4.76606,37.86965],[-4.76597,37.86966],[-4.76593,37.86969],[-4.76604,37.86978],[-4.76613,37.8697]]]}},{"type":"Feature","properties":{"name":"","kind":"park","road":"","osm":575386436},"geometry":{"type":"Polygon","coordinates":[[[-4.7659,37.86967],[-4.76594,37.86963],[-4.76594,37.86957],[-4.76584,37.86949],[-4.76576,37.86956],[-4.7659,37.86967]]]}},{"type":"Feature","properties":{"name":"","kind":"park","road":"","osm":575386437},"geometry":{"type":"Polygon","coordinates":[[[-4.76605,37.86961],[-4.76605,37.86957],[-4.76599,37.86957],[-4.76599,37.86962],[-4.76605,37.86961]]]}},{"type":"Feature","properties":{"name":"","kind":"water","road":"","osm":575518019},"geometry":{"type":"Polygon","coordinates":[[[-4.78221,37.87562],[-4.78219,37.87563],[-4.78227,37.8757],[-4.7823,37.87568],[-4.78221,37.87562]]]}},{"type":"Feature","properties":{"name":"","kind":"water","road":"","osm":575518020},"geometry":{"type":"Polygon","coordinates":[[[-4.7824,37.87576],[-4.78235,37.87572],[-4.78232,37.87573],[-4.78237,37.87579],[-4.7824,37.87576]]]}},{"type":"Feature","properties":{"name":"","kind":"water","road":"","osm":575570497},"geometry":{"type":"Polygon","coordinates":[[[-4.78314,37.87548],[-4.78313,37.87548],[-4.78312,37.87548],[-4.78313,37.87547],[-4.78314,37.87547],[-4.78314,37.87548]]]}},{"type":"Feature","properties":{"name":"","kind":"water","road":"","osm":575570498},"geometry":{"type":"Polygon","coordinates":[[[-4.7822,37.87632],[-4.78218,37.87631],[-4.78217,37.87632],[-4.78219,37.87633],[-4.7822,37.87632]]]}},{"type":"Feature","properties":{"name":"","kind":"water","road":"","osm":575605511},"geometry":{"type":"Polygon","coordinates":[[[-4.7816,37.87609],[-4.78161,37.87609],[-4.78161,37.87607],[-4.7816,37.87607],[-4.78159,37.87607],[-4.78158,37.87607],[-4.78158,37.87608],[-4.78158,37.87609],[-4.7816,37.87609]]]}},{"type":"Feature","properties":{"name":"","kind":"water","road":"","osm":575670166},"geometry":{"type":"Polygon","coordinates":[[[-4.78202,37.87667],[-4.78202,37.87666],[-4.78203,37.87666],[-4.78204,37.87666],[-4.78204,37.87667],[-4.78205,37.87667],[-4.78205,37.87668],[-4.78204,37.87668],[-4.78204,37.87669],[-4.78203,37.87669],[-4.78203,37.87668],[-4.78202,37.87668],[-4.78201,37.87668],[-4.78202,37.87667]]]}},{"type":"Feature","properties":{"name":"","kind":"water","road":"","osm":575671553},"geometry":{"type":"Polygon","coordinates":[[[-4.78073,37.87705],[-4.78073,37.87704],[-4.78073,37.87703],[-4.78072,37.87703],[-4.7807,37.87703],[-4.7807,37.87704],[-4.7807,37.87705],[-4.78072,37.87706],[-4.78073,37.87705]]]}},{"type":"Feature","properties":{"name":"","kind":"road","road":"pedestrian","osm":575674617},"geometry":{"type":"LineString","coordinates":[[-4.77684,37.8758],[-4.77671,37.87571]]}},{"type":"Feature","properties":{"name":"","kind":"water","road":"","osm":577195872},"geometry":{"type":"Polygon","coordinates":[[[-4.78292,37.87459],[-4.7829,37.87457],[-4.78287,37.8746],[-4.78289,37.87461],[-4.78292,37.87459]]]}},{"type":"Feature","properties":{"name":"Plaza de Don Gome","kind":"road","road":"pedestrian","osm":577232990},"geometry":{"type":"LineString","coordinates":[[-4.77419,37.88871],[-4.77418,37.8887],[-4.77412,37.88857],[-4.77412,37.88855],[-4.77424,37.88851],[-4.77427,37.8885]]}},{"type":"Feature","properties":{"name":"Plaza de Don Gome","kind":"road","road":"pedestrian","osm":577232991},"geometry":{"type":"LineString","coordinates":[[-4.77434,37.88865],[-4.77432,37.88865],[-4.77418,37.8887]]}},{"type":"Feature","properties":{"name":"","kind":"park","road":"","osm":577243380},"geometry":{"type":"Polygon","coordinates":[[[-4.77922,37.88464],[-4.77925,37.88464],[-4.77926,37.88464],[-4.77926,37.88465],[-4.77926,37.88467],[-4.77927,37.88468],[-4.77926,37.88468],[-4.77922,37.88468],[-4.77922,37.88467],[-4.77922,37.88465],[-4.77921,37.88464],[-4.77922,37.88464]]]}},{"type":"Feature","properties":{"name":"","kind":"park","road":"","osm":577243383},"geometry":{"type":"Polygon","coordinates":[[[-4.77933,37.88464],[-4.77936,37.88464],[-4.77937,37.88464],[-4.77937,37.88465],[-4.77937,37.88468],[-4.77936,37.88468],[-4.77933,37.88468],[-4.77932,37.88468],[-4.77932,37.88465],[-4.77932,37.88464],[-4.77933,37.88464]]]}},{"type":"Feature","properties":{"name":"","kind":"park","road":"","osm":577243386},"geometry":{"type":"Polygon","coordinates":[[[-4.77944,37.88465],[-4.77947,37.88465],[-4.77947,37.88464],[-4.77948,37.88464],[-4.77948,37.88465],[-4.77947,37.88465],[-4.77947,37.88468],[-4.77948,37.88468],[-4.77947,37.88469],[-4.77947,37.88468],[-4.77944,37.88468],[-4.77943,37.88469],[-4.77943,37.88468],[-4.77943,37.88465],[-4.77943,37.88464],[-4.77944,37.88465]]]}},{"type":"Feature","properties":{"name":"","kind":"park","road":"","osm":577243389},"geometry":{"type":"Polygon","coordinates":[[[-4.77964,37.88465],[-4.77967,37.88465],[-4.77968,37.88465],[-4.77968,37.88466],[-4.77968,37.88468],[-4.77968,37.88469],[-4.77967,37.88469],[-4.77964,37.88469],[-4.77963,37.88469],[-4.77964,37.88468],[-4.77964,37.88466],[-4.77963,37.88465],[-4.77964,37.88465]]]}},{"type":"Feature","properties":{"name":"","kind":"park","road":"","osm":577243390},"geometry":{"type":"Polygon","coordinates":[[[-4.77975,37.88465],[-4.77978,37.88465],[-4.77979,37.88465],[-4.77979,37.88466],[-4.77979,37.88469],[-4.77978,37.88469],[-4.77975,37.88469],[-4.77974,37.88469],[-4.77974,37.88468],[-4.77974,37.88466],[-4.77974,37.88465],[-4.77975,37.88465]]]}},{"type":"Feature","properties":{"name":"","kind":"park","road":"","osm":577243391},"geometry":{"type":"Polygon","coordinates":[[[-4.77985,37.88466],[-4.77989,37.88466],[-4.77989,37.88465],[-4.7799,37.88466],[-4.77989,37.88466],[-4.77989,37.88469],[-4.7799,37.88469],[-4.77989,37.8847],[-4.77989,37.88469],[-4.77986,37.88469],[-4.77985,37.8847],[-4.77985,37.88469],[-4.77985,37.88466],[-4.77985,37.88465],[-4.77985,37.88466]]]}},{"type":"Feature","properties":{"name":"","kind":"park","road":"","osm":577243393},"geometry":{"type":"Polygon","coordinates":[[[-4.77986,37.88432],[-4.77989,37.88432],[-4.7799,37.88432],[-4.7799,37.88435],[-4.7799,37.88436],[-4.77989,37.88436],[-4.77986,37.88436],[-4.77985,37.88436],[-4.77985,37.88435],[-4.77986,37.88435],[-4.77985,37.88432],[-4.77986,37.88432]]]}},{"type":"Feature","properties":{"name":"","kind":"park","road":"","osm":577243394},"geometry":{"type":"Polygon","coordinates":[[[-4.77976,37.88432],[-4.77979,37.88432],[-4.77979,37.88431],[-4.7798,37.88432],[-4.77979,37.88432],[-4.77979,37.88435],[-4.7798,37.88435],[-4.7798,37.88436],[-4.77979,37.88436],[-4.77979,37.88435],[-4.77976,37.88435],[-4.77975,37.88436],[-4.77975,37.88435],[-4.77975,37.88432],[-4.77976,37.88432]]]}},{"type":"Feature","properties":{"name":"","kind":"park","road":"","osm":577243395},"geometry":{"type":"Polygon","coordinates":[[[-4.77965,37.88432],[-4.77968,37.88432],[-4.77968,37.88431],[-4.77969,37.88431],[-4.77969,37.88432],[-4.77969,37.88435],[-4.77969,37.88436],[-4.77968,37.88436],[-4.77968,37.88435],[-4.77965,37.88435],[-4.77965,37.88436],[-4.77964,37.88436],[-4.77964,37.88435],[-4.77964,37.88432],[-4.77964,37.88431],[-4.77965,37.88432]]]}},{"type":"Feature","properties":{"name":"","kind":"park","road":"","osm":577243397},"geometry":{"type":"Polygon","coordinates":[[[-4.77944,37.88432],[-4.77947,37.88432],[-4.77947,37.88431],[-4.77948,37.88431],[-4.77948,37.88432],[-4.77948,37.88435],[-4.77947,37.88435],[-4.77944,37.88435],[-4.77943,37.88435],[-4.77943,37.88432],[-4.77943,37.88431],[-4.77944,37.88432]]]}},{"type":"Feature","properties":{"name":"","kind":"park","road":"","osm":577243400},"geometry":{"type":"Polygon","coordinates":[[[-4.77934,37.88431],[-4.77937,37.88431],[-4.77938,37.88431],[-4.77937,37.88432],[-4.77937,37.88434],[-4.77938,37.88435],[-4.77937,37.88435],[-4.77934,37.88435],[-4.77933,37.88435],[-4.77933,37.88434],[-4.77933,37.88432],[-4.77933,37.88431],[-4.77934,37.88431]]]}},{"type":"Feature","properties":{"name":"","kind":"park","road":"","osm":577243402},"geometry":{"type":"Polygon","coordinates":[[[-4.77923,37.88431],[-4.77926,37.88431],[-4.77927,37.8843],[-4.77927,37.88431],[-4.77927,37.88434],[-4.77927,37.88435],[-4.77926,37.88434],[-4.77923,37.88434],[-4.77923,37.88435],[-4.77922,37.88435],[-4.77922,37.88434],[-4.77923,37.88434],[-4.77922,37.88431],[-4.77923,37.88431]]]}},{"type":"Feature","properties":{"name":"","kind":"park","road":"","osm":577703675},"geometry":{"type":"Polygon","coordinates":[[[-4.78842,37.87747],[-4.7889,37.87749],[-4.78892,37.87725],[-4.78844,37.87723],[-4.78842,37.87747]]]}},{"type":"Feature","properties":{"name":"","kind":"park","road":"","osm":580378831},"geometry":{"type":"Polygon","coordinates":[[[-4.76777,37.88083],[-4.76778,37.88083],[-4.76779,37.88083],[-4.7678,37.88084],[-4.76781,37.88085],[-4.76781,37.88086],[-4.76781,37.88087],[-4.7678,37.88088],[-4.76779,37.88088],[-4.76778,37.88088],[-4.76777,37.88088],[-4.76776,37.88088],[-4.76775,37.88087],[-4.76775,37.88086],[-4.76775,37.88085],[-4.76776,37.88084],[-4.76776,37.88083],[-4.76777,37.88083]]]}},{"type":"Feature","properties":{"name":"Patio de los Gatos","kind":"park","road":"","osm":581199666},"geometry":{"type":"Polygon","coordinates":[[[-4.77411,37.88832],[-4.7741,37.88828],[-4.77401,37.8883],[-4.77402,37.88831],[-4.77398,37.88832],[-4.77398,37.88833],[-4.77399,37.88833],[-4.774,37.88835],[-4.77411,37.88832]]]}},{"type":"Feature","properties":{"name":"","kind":"water","road":"","osm":581200474},"geometry":{"type":"Polygon","coordinates":[[[-4.7737,37.88861],[-4.7737,37.88862],[-4.77371,37.88862],[-4.77372,37.88862],[-4.77372,37.88861],[-4.77372,37.8886],[-4.77371,37.8886],[-4.7737,37.8886],[-4.7737,37.88861]]]}},{"type":"Feature","properties":{"name":"","kind":"water","road":"","osm":581200475},"geometry":{"type":"Polygon","coordinates":[[[-4.77385,37.88835],[-4.77383,37.88832],[-4.77381,37.88832],[-4.77383,37.88835],[-4.77385,37.88835]]]}},{"type":"Feature","properties":{"name":"","kind":"water","road":"","osm":581200476},"geometry":{"type":"Polygon","coordinates":[[[-4.77356,37.88841],[-4.77355,37.88841],[-4.77355,37.88842],[-4.77356,37.88842],[-4.77357,37.88842],[-4.77357,37.88841],[-4.77356,37.88841]]]}},{"type":"Feature","properties":{"name":"","kind":"water","road":"","osm":581200477},"geometry":{"type":"Polygon","coordinates":[[[-4.77347,37.88851],[-4.77346,37.88851],[-4.77346,37.88852],[-4.77347,37.88852],[-4.77347,37.88853],[-4.77348,37.88853],[-4.77348,37.88852],[-4.77348,37.88851],[-4.77347,37.88851]]]}},{"type":"Feature","properties":{"name":"","kind":"water","road":"","osm":581200478},"geometry":{"type":"Polygon","coordinates":[[[-4.77403,37.8887],[-4.77403,37.88871],[-4.77404,37.88871],[-4.77404,37.8887],[-4.77403,37.8887]]]}},{"type":"Feature","properties":{"name":"","kind":"water","road":"","osm":583317287},"geometry":{"type":"Polygon","coordinates":[[[-4.77702,37.88662],[-4.77701,37.88662],[-4.77701,37.88663],[-4.77701,37.88664],[-4.77702,37.88664],[-4.77703,37.88664],[-4.77704,37.88664],[-4.77704,37.88663],[-4.77704,37.88662],[-4.77703,37.88662],[-4.77702,37.88662]]]}},{"type":"Feature","properties":{"name":"","kind":"park","road":"","osm":584138485},"geometry":{"type":"Polygon","coordinates":[[[-4.77709,37.88831],[-4.77711,37.88824],[-4.77718,37.88825],[-4.77718,37.88823],[-4.7776,37.8883],[-4.77758,37.8884],[-4.77775,37.88842],[-4.77776,37.88841],[-4.77777,37.88841],[-4.77774,37.88857],[-4.77772,37.88856],[-4.77771,37.88864],[-4.77772,37.88864],[-4.77751,37.8886],[-4.77753,37.88859],[-4.77754,37.88857],[-4.77755,37.88855],[-4.77755,37.88853],[-4.77754,37.88851],[-4.77753,37.88849],[-4.77751,37.88847],[-4.77741,37.88845],[-4.77744,37.88837],[-4.77729,37.88834],[-4.77728,37.88834],[-4.77728,37.88833],[-4.77727,37.88833],[-4.77726,37.88833],[-4.77725,37.88833],[-4.77724,37.88833],[-4.77709,37.88831]]]}},{"type":"Feature","properties":{"name":"","kind":"park","road":"","osm":584138487},"geometry":{"type":"Polygon","coordinates":[[[-4.77711,37.88834],[-4.77709,37.88842],[-4.77738,37.88847],[-4.7774,37.8884],[-4.77728,37.88837],[-4.77728,37.88838],[-4.77726,37.88838],[-4.77725,37.88838],[-4.77724,37.88838],[-4.77723,37.88837],[-4.77723,37.88836],[-4.77711,37.88834]]]}},{"type":"Feature","properties":{"name":"","kind":"water","road":"","osm":584138488},"geometry":{"type":"Polygon","coordinates":[[[-4.77725,37.88835],[-4.77725,37.88836],[-4.77726,37.88836],[-4.77727,37.88836],[-4.77727,37.88835],[-4.77726,37.88835],[-4.77725,37.88835]]]}},{"type":"Feature","properties":{"name":"","kind":"water","road":"","osm":584138490},"geometry":{"type":"Polygon","coordinates":[[[-4.7774,37.88856],[-4.77741,37.88852],[-4.77736,37.88851],[-4.77735,37.88855],[-4.7774,37.88856]]]}},{"type":"Feature","properties":{"name":"","kind":"park","road":"","osm":584138491},"geometry":{"type":"Polygon","coordinates":[[[-4.77698,37.88855],[-4.77729,37.88858],[-4.77732,37.88848],[-4.77701,37.88842],[-4.77698,37.88855]]]}},{"type":"Feature","properties":{"name":"","kind":"park","road":"","osm":584138493},"geometry":{"type":"Polygon","coordinates":[[[-4.77698,37.88842],[-4.77695,37.88854],[-4.7764,37.88847],[-4.7764,37.88841],[-4.7764,37.88839],[-4.7764,37.88837],[-4.77641,37.88833],[-4.77642,37.88824],[-4.77644,37.88806],[-4.77645,37.88801],[-4.77642,37.88801],[-4.77642,37.88794],[-4.77659,37.88797],[-4.77659,37.88798],[-4.77664,37.88799],[-4.77659,37.88813],[-4.77669,37.88815],[-4.77664,37.88836],[-4.77668,37.88836],[-4.77668,37.88838],[-4.77698,37.88842]]]}},{"type":"Feature","properties":{"name":"","kind":"park","road":"","osm":584138494},"geometry":{"type":"Polygon","coordinates":[[[-4.77685,37.88823],[-4.77685,37.88824],[-4.77686,37.88824],[-4.77686,37.88825],[-4.77687,37.88825],[-4.77688,37.88825],[-4.77688,37.88824],[-4.77689,37.88824],[-4.77689,37.88823],[-4.77688,37.88823],[-4.77688,37.88822],[-4.77687,37.88822],[-4.77686,37.88822],[-4.77685,37.88823]]]}},{"type":"Feature","properties":{"name":"","kind":"park","road":"","osm":584138496},"geometry":{"type":"Polygon","coordinates":[[[-4.77693,37.88824],[-4.77692,37.88824],[-4.77691,37.88824],[-4.77689,37.88823],[-4.77689,37.88822],[-4.77689,37.8882],[-4.77689,37.88819],[-4.77689,37.88818],[-4.77695,37.88819],[-4.77693,37.88824]]]}},{"type":"Feature","properties":{"name":"","kind":"park","road":"","osm":584138497},"geometry":{"type":"Polygon","coordinates":[[[-4.77693,37.88826],[-4.77691,37.88825],[-4.77689,37.88825],[-4.77688,37.88826],[-4.77687,37.88827],[-4.77686,37.88828],[-4.77686,37.88829],[-4.77692,37.8883],[-4.77693,37.88826]]]}},{"type":"Feature","properties":{"name":"","kind":"park","road":"","osm":584138499},"geometry":{"type":"Polygon","coordinates":[[[-4.77685,37.88829],[-4.77686,37.88828],[-4.77685,37.88827],[-4.77685,37.88826],[-4.77685,37.88825],[-4.77684,37.88824],[-4.77682,37.88823],[-4.7768,37.88823],[-4.77679,37.88828],[-4.77685,37.88829]]]}},{"type":"Feature","properties":{"name":"","kind":"park","road":"","osm":584138500},"geometry":{"type":"Polygon","coordinates":[[[-4.77688,37.88818],[-4.77688,37.88819],[-4.77687,37.88821],[-4.77686,37.88821],[-4.77685,37.88822],[-4.77683,37.88822],[-4.77682,37.88822],[-4.7768,37.88822],[-4.77682,37.88817],[-4.77688,37.88818]]]}},{"type":"Feature","properties":{"name":"Calle Alonso El Sabio","kind":"road","road":"primary","osm":584720048},"geometry":{"type":"LineString","coordinates":[[-4.7748,37.89497],[-4.77401,37.89533]]}},{"type":"Feature","properties":{"name":"Avenida Ronda de los Tejares","kind":"road","road":"secondary","osm":584723812},"geometry":{"type":"LineString","coordinates":[[-4.78437,37.88666],[-4.78455,37.88658],[-4.78461,37.88656]]}},{"type":"Feature","properties":{"name":"Avenida de Cervantes","kind":"road","road":"primary","osm":584723813},"geometry":{"type":"LineString","coordinates":[[-4.78465,37.88627],[-4.78465,37.88632],[-4.78461,37.88656]]}},{"type":"Feature","properties":{"name":"Calle Carmen Olmedo Checa","kind":"road","road":"tertiary","osm":584745258},"geometry":{"type":"LineString","coordinates":[[-4.77388,37.87811],[-4.77395,37.87819],[-4.77404,37.87829],[-4.77405,37.8783]]}},{"type":"Feature","properties":{"name":"Calle Bajada del Puente","kind":"road","road":"pedestrian","osm":584745259},"geometry":{"type":"LineString","coordinates":[[-4.77684,37.8758],[-4.77665,37.87581]]}},{"type":"Feature","properties":{"name":"Avenida del Aeropuerto","kind":"road","road":"tertiary","osm":585178523},"geometry":{"type":"LineString","coordinates":[[-4.78815,37.87902],[-4.7872,37.87939],[-4.78697,37.87947],[-4.78689,37.8795],[-4.78688,37.87951],[-4.78687,37.87952],[-4.78683,37.87963]]}},{"type":"Feature","properties":{"name":"Calle de Tomás de Aquino","kind":"road","road":"tertiary","osm":585178524},"geometry":{"type":"LineString","coordinates":[[-4.78815,37.87902],[-4.78816,37.87898],[-4.78818,37.87882],[-4.78824,37.87815],[-4.78825,37.878],[-4.78831,37.87733],[-4.78832,37.87726],[-4.78838,37.87655],[-4.78847,37.87562],[-4.78848,37.8755]]}},{"type":"Feature","properties":{"name":"","kind":"water","road":"","osm":586404739},"geometry":{"type":"Polygon","coordinates":[[[-4.76546,37.8907],[-4.76545,37.8907],[-4.76545,37.89071],[-4.76544,37.89071],[-4.76544,37.89072],[-4.76543,37.89072],[-4.76542,37.89072],[-4.76541,37.89072],[-4.7654,37.89071],[-4.76539,37.89071],[-4.76539,37.8907],[-4.76538,37.89068],[-4.76539,37.89068],[-4.7654,37.89067],[-4.76541,37.89067],[-4.76543,37.89066],[-4.76544,37.89067],[-4.76544,37.89068],[-4.76545,37.89068],[-4.76545,37.89069],[-4.76546,37.8907]]]}},{"type":"Feature","properties":{"name":"Jardín de Baden Powell","kind":"park","road":"","osm":587234874},"geometry":{"type":"Polygon","coordinates":[[[-4.77722,37.89181],[-4.77724,37.89165],[-4.77711,37.89166],[-4.77707,37.89166],[-4.77698,37.89167],[-4.77698,37.89168],[-4.77649,37.89172],[-4.77648,37.89172],[-4.77648,37.89173],[-4.77636,37.89174],[-4.77637,37.89178],[-4.77722,37.89181]]]}},{"type":"Feature","properties":{"name":"Avenida Ronda de los Tejares","kind":"road","road":"secondary","osm":587296782},"geometry":{"type":"LineString","coordinates":[[-4.78415,37.8867],[-4.78409,37.88673],[-4.78359,37.887],[-4.78279,37.88744],[-4.78242,37.88764]]}},{"type":"Feature","properties":{"name":"","kind":"road","road":"pedestrian","osm":588200715},"geometry":{"type":"LineString","coordinates":[[-4.7791,37.88533],[-4.7792,37.88533],[-4.77929,37.88533]]}},{"type":"Feature","properties":{"name":"","kind":"road","road":"pedestrian","osm":588733468},"geometry":{"type":"LineString","coordinates":[[-4.79006,37.87854],[-4.79008,37.87858],[-4.79042,37.87919],[-4.79044,37.87922]]}},{"type":"Feature","properties":{"name":"Plaza de la Concha","kind":"road","road":"pedestrian","osm":589680639},"geometry":{"type":"LineString","coordinates":[[-4.7784,37.87982],[-4.77846,37.87977],[-4.7785,37.8797]]}},{"type":"Feature","properties":{"name":"Plaza de la Concha","kind":"road","road":"pedestrian","osm":589680640},"geometry":{"type":"LineString","coordinates":[[-4.77849,37.87979],[-4.77846,37.87977]]}},{"type":"Feature","properties":{"name":"Plaza Don Luis de Venegas","kind":"road","road":"pedestrian","osm":589684607},"geometry":{"type":"LineString","coordinates":[[-4.77241,37.88436],[-4.7724,37.88449],[-4.77183,37.88446]]}},{"type":"Feature","properties":{"name":"Plaza Don Luis de Venegas","kind":"road","road":"pedestrian","osm":589684608},"geometry":{"type":"LineString","coordinates":[[-4.77241,37.88436],[-4.77184,37.88433]]}},{"type":"Feature","properties":{"name":"","kind":"road","road":"pedestrian","osm":589684609},"geometry":{"type":"LineString","coordinates":[[-4.77184,37.88431],[-4.77185,37.88423],[-4.77163,37.88422],[-4.77165,37.88393]]}},{"type":"Feature","properties":{"name":"Plaza Regina","kind":"road","road":"pedestrian","osm":589684611},"geometry":{"type":"LineString","coordinates":[[-4.77093,37.88428],[-4.77111,37.88427]]}},{"type":"Feature","properties":{"name":"","kind":"water","road":"","osm":589684612},"geometry":{"type":"Polygon","coordinates":[[[-4.771,37.88433],[-4.771,37.88434],[-4.771,37.88435],[-4.77101,37.88435],[-4.77102,37.88435],[-4.77102,37.88434],[-4.77102,37.88433],[-4.77101,37.88433],[-4.771,37.88433]]]}},{"type":"Feature","properties":{"name":"","kind":"water","road":"","osm":589685023},"geometry":{"type":"Polygon","coordinates":[[[-4.76944,37.884],[-4.76946,37.884],[-4.76947,37.88399],[-4.76947,37.88397],[-4.76945,37.88396],[-4.76943,37.88396],[-4.76942,37.88398],[-4.76942,37.88399],[-4.76944,37.884]]]}},{"type":"Feature","properties":{"name":"Avenida de Cervantes","kind":"road","road":"primary","osm":596049093},"geometry":{"type":"LineString","coordinates":[[-4.78469,37.88759],[-4.78478,37.88794]]}},{"type":"Feature","properties":{"name":"Calle San Eulogio","kind":"road","road":"pedestrian","osm":596049100},"geometry":{"type":"LineString","coordinates":[[-4.77697,37.88205],[-4.77692,37.88186],[-4.77685,37.88177],[-4.77683,37.88173]]}},{"type":"Feature","properties":{"name":"","kind":"water","road":"","osm":599974728},"geometry":{"type":"Polygon","coordinates":[[[-4.78464,37.87647],[-4.78464,37.87641],[-4.78467,37.87642],[-4.78467,37.87647],[-4.78464,37.87647]]]}},{"type":"Feature","properties":{"name":"","kind":"park","road":"","osm":600800860},"geometry":{"type":"Polygon","coordinates":[[[-4.78583,37.87566],[-4.78607,37.87569],[-4.78612,37.87567],[-4.78613,37.87553],[-4.78591,37.87549],[-4.78583,37.87566]]]}},{"type":"Feature","properties":{"name":"","kind":"water","road":"","osm":603070943},"geometry":{"type":"Polygon","coordinates":[[[-4.77575,37.88152],[-4.77576,37.88151],[-4.77575,37.8815],[-4.77574,37.8815],[-4.77574,37.88151],[-4.77574,37.88152],[-4.77575,37.88152]]]}},{"type":"Feature","properties":{"name":"Plaza de Jerónimo Páez","kind":"road","road":"pedestrian","osm":603070944},"geometry":{"type":"LineString","coordinates":[[-4.77836,37.88169],[-4.7783,37.88165],[-4.77802,37.88148],[-4.77798,37.88146]]}},{"type":"Feature","properties":{"name":"","kind":"park","road":"","osm":603117236},"geometry":{"type":"Polygon","coordinates":[[[-4.78458,37.87277],[-4.78459,37.87276],[-4.78448,37.8727],[-4.78447,37.8727],[-4.78445,37.8727],[-4.78443,37.87271],[-4.78441,37.87273],[-4.7844,37.87275],[-4.7844,37.87278],[-4.7844,37.8728],[-4.78442,37.87284],[-4.78444,37.87287],[-4.78447,37.87291],[-4.7845,37.87294],[-4.78454,37.87298],[-4.78458,37.873],[-4.7849,37.87317],[-4.78505,37.87326],[-4.78519,37.87335],[-4.78531,37.87343],[-4.78544,37.87353],[-4.78558,37.87365],[-4.78569,37.87377],[-4.78583,37.87391],[-4.78592,37.87403],[-4.78602,37.87417],[-4.78611,37.8743],[-4.78617,37.87442],[-4.78621,37.87445],[-4.78624,37.87448],[-4.78628,37.8745],[-4.78633,37.8745],[-4.78635,37.8745],[-4.78639,37.87448],[-4.78641,37.87447],[-4.78642,37.87445],[-4.78637,37.87434],[-4.78634,37.87427],[-4.78632,37.87425],[-4.78625,37.87414],[-4.78616,37.87401],[-4.78608,37.8739],[-4.786,37.87381],[-4.78588,37.87366],[-4.78574,37.87352],[-4.78557,37.87337],[-4.78542,37.87325],[-4.78529,37.87317],[-4.78515,37.87308],[-4.78498,37.87299],[-4.78458,37.87277]]]}},{"type":"Feature","properties":{"name":"Paseo Virgen de la Merced","kind":"park","road":"","osm":604042901},"geometry":{"type":"Polygon","coordinates":[[[-4.76898,37.89362],[-4.76909,37.89368],[-4.76615,37.89705],[-4.7661,37.8971],[-4.76605,37.89714],[-4.76599,37.89716],[-4.76593,37.89717],[-4.76587,37.89717],[-4.7658,37.89717],[-4.76574,37.89718],[-4.76569,37.8972],[-4.76564,37.89724],[-4.76559,37.89726],[-4.76555,37.89728],[-4.76552,37.89729],[-4.7655,37.89725],[-4.76556,37.89724],[-4.76563,37.89722],[-4.76569,37.89719],[-4.76577,37.89716],[-4.76584,37.89711],[-4.76593,37.89703],[-4.76599,37.89705],[-4.76898,37.89362]]]}},{"type":"Feature","properties":{"name":"Avenida de la Agrupación Córdoba","kind":"road","road":"primary","osm":604676692},"geometry":{"type":"LineString","coordinates":[[-4.76918,37.8938],[-4.76927,37.89372],[-4.76939,37.89362]]}},{"type":"Feature","properties":{"name":"Avenida de la Agrupación Córdoba","kind":"road","road":"primary","osm":604676693},"geometry":{"type":"LineString","coordinates":[[-4.76627,37.89714],[-4.76639,37.897],[-4.76657,37.8968],[-4.76672,37.89662],[-4.76715,37.89613],[-4.76729,37.89598],[-4.76732,37.89594],[-4.76734,37.89591],[-4.76796,37.8952],[-4.76823,37.89489],[-4.76918,37.8938]]}},{"type":"Feature","properties":{"name":"Avenida de la Agrupación Córdoba","kind":"road","road":"primary","osm":604676695},"geometry":{"type":"LineString","coordinates":[[-4.76815,37.89486],[-4.76782,37.89523],[-4.76721,37.89594],[-4.76708,37.89609],[-4.76623,37.89706],[-4.7662,37.8971]]}},{"type":"Feature","properties":{"name":"","kind":"water","road":"","osm":606772224},"geometry":{"type":"Polygon","coordinates":[[[-4.76457,37.87054],[-4.76455,37.87055],[-4.76454,37.87058],[-4.76454,37.8706],[-4.76455,37.87062],[-4.76457,37.87064],[-4.7646,37.87065],[-4.76463,37.87065],[-4.76465,37.87065],[-4.76468,37.87064],[-4.7647,37.87063],[-4.76471,37.87061],[-4.76471,37.87059],[-4.76471,37.87056],[-4.76469,37.87055],[-4.76467,37.87053],[-4.76465,37.87052],[-4.76462,37.87052],[-4.76459,37.87052],[-4.76457,37.87054]]]}},{"type":"Feature","properties":{"name":"","kind":"park","road":"","osm":629557719},"geometry":{"type":"Polygon","coordinates":[[[-4.78055,37.89468],[-4.78053,37.89459],[-4.78071,37.89455],[-4.78055,37.89468]]]}},{"type":"Feature","properties":{"name":"","kind":"road","road":"pedestrian","osm":632493894},"geometry":{"type":"LineString","coordinates":[[-4.78329,37.87937],[-4.7831,37.87945]]}},{"type":"Feature","properties":{"name":"","kind":"park","road":"","osm":636026095},"geometry":{"type":"Polygon","coordinates":[[[-4.78051,37.87624],[-4.78036,37.87652],[-4.78037,37.87662],[-4.78052,37.87651],[-4.78086,37.87627],[-4.78117,37.87598],[-4.7814,37.87577],[-4.78155,37.87562],[-4.78169,37.87548],[-4.78186,37.8753],[-4.78199,37.87516],[-4.78215,37.87499],[-4.78229,37.87484],[-4.78252,37.87461],[-4.7827,37.87441],[-4.78285,37.87424],[-4.78299,37.8741],[-4.78319,37.87388],[-4.78343,37.87362],[-4.78361,37.87341],[-4.78368,37.87333],[-4.7837,37.87327],[-4.78372,37.87322],[-4.78373,37.87319],[-4.78374,37.87313],[-4.78358,37.87309],[-4.78071,37.87606],[-4.78051,37.87624]]]}},{"type":"Feature","properties":{"name":"Fuente de la Fuenseca","kind":"water","road":"","osm":636303498},"geometry":{"type":"Polygon","coordinates":[[[-4.77535,37.88747],[-4.77534,37.88747],[-4.77533,37.88744],[-4.77534,37.88744],[-4.77535,37.88747]]]}},{"type":"Feature","properties":{"name":"","kind":"water","road":"","osm":636549347},"geometry":{"type":"Polygon","coordinates":[[[-4.76914,37.8883],[-4.76914,37.88831],[-4.76915,37.88831],[-4.76915,37.8883],[-4.76914,37.8883]]]}},{"type":"Feature","properties":{"name":"","kind":"park","road":"","osm":636549348},"geometry":{"type":"Polygon","coordinates":[[[-4.76917,37.88826],[-4.76919,37.88827],[-4.76914,37.88838],[-4.76904,37.88833],[-4.76917,37.88826]]]}},{"type":"Feature","properties":{"name":"Avenida de la Agrupación Córdoba","kind":"road","road":"primary","osm":640489974},"geometry":{"type":"LineString","coordinates":[[-4.7691,37.89376],[-4.76879,37.89412],[-4.76815,37.89486]]}},{"type":"Feature","properties":{"name":"Parque de la Juventud","kind":"park","road":"","osm":642170706},"geometry":{"type":"Polygon","coordinates":[[[-4.76623,37.88254],[-4.76623,37.88245],[-4.76624,37.88241],[-4.76627,37.88241],[-4.76631,37.88224],[-4.76625,37.88223],[-4.76626,37.88217],[-4.76629,37.88197],[-4.76601,37.88195],[-4.76588,37.88253],[-4.76623,37.88254]]]}},{"type":"Feature","properties":{"name":"","kind":"park","road":"","osm":642170712},"geometry":{"type":"Polygon","coordinates":[[[-4.76624,37.88316],[-4.76631,37.88284],[-4.76614,37.88281],[-4.76608,37.88315],[-4.76624,37.88316]]]}},{"type":"Feature","properties":{"name":"","kind":"road","road":"tertiary","osm":643409369},"geometry":{"type":"LineString","coordinates":[[-4.76638,37.87665],[-4.76646,37.87668],[-4.76655,37.87669],[-4.76664,37.87667]]}},{"type":"Feature","properties":{"name":"Calle Escritor Sebastián Cuevas","kind":"road","road":"tertiary","osm":643409372},"geometry":{"type":"LineString","coordinates":[[-4.76562,37.87568],[-4.76597,37.87613],[-4.76627,37.87652]]}},{"type":"Feature","properties":{"name":"Glorieta de Juan García Díaz \"Juanín\"","kind":"road","road":"primary","osm":643409373},"geometry":{"type":"LineString","coordinates":[[-4.76539,37.87502],[-4.76541,37.87498],[-4.76543,37.87495],[-4.76544,37.87492],[-4.76544,37.87486],[-4.76543,37.87482],[-4.76541,37.87478],[-4.76537,37.87471],[-4.7653,37.87467]]}},{"type":"Feature","properties":{"name":"Glorieta de Juan García Díaz \"Juanín\"","kind":"road","road":"primary","osm":643409374},"geometry":{"type":"LineString","coordinates":[[-4.76517,37.87514],[-4.76523,37.87512],[-4.76528,37.8751],[-4.76532,37.87508]]}},{"type":"Feature","properties":{"name":"Avenida del Campo de la Verdad","kind":"road","road":"primary","osm":643409377},"geometry":{"type":"LineString","coordinates":[[-4.77421,37.87491],[-4.77412,37.87487],[-4.77379,37.87481],[-4.77375,37.87481],[-4.77363,37.87479]]}},{"type":"Feature","properties":{"name":"Calle Santa María de Trassierra","kind":"road","road":"primary","osm":647774494},"geometry":{"type":"LineString","coordinates":[[-4.79189,37.89191],[-4.79182,37.89189],[-4.79114,37.89174],[-4.79077,37.89165],[-4.7905,37.89156],[-4.79027,37.89148],[-4.79018,37.89144]]}},{"type":"Feature","properties":{"name":"","kind":"park","road":"","osm":650673383},"geometry":{"type":"Polygon","coordinates":[[[-4.76343,37.88711],[-4.76379,37.88676],[-4.76382,37.88681],[-4.76383,37.88688],[-4.76383,37.88693],[-4.76381,37.88698],[-4.76377,37.88703],[-4.76373,37.88707],[-4.76365,37.8871],[-4.76358,37.88712],[-4.7635,37.88713],[-4.76343,37.88711]]]}},{"type":"Feature","properties":{"name":"","kind":"park","road":"","osm":650673385},"geometry":{"type":"Polygon","coordinates":[[[-4.77396,37.89596],[-4.77415,37.89589],[-4.7742,37.89585],[-4.77424,37.89581],[-4.77427,37.89577],[-4.77428,37.89573],[-4.77429,37.89569],[-4.77428,37.89564],[-4.77427,37.89561],[-4.77425,37.89557],[-4.77423,37.89552],[-4.77422,37.8955],[-4.77419,37.89546],[-4.77416,37.89543],[-4.77413,37.89541],[-4.7741,37.89539],[-4.77407,37.89538],[-4.77402,37.89538],[-4.77328,37.89569],[-4.77326,37.89572],[-4.77325,37.89575],[-4.77326,37.89583],[-4.77331,37.89591],[-4.77336,37.89597],[-4.7734,37.89599],[-4.77345,37.89601],[-4.7735,37.89602],[-4.77356,37.89602],[-4.77361,37.89602],[-4.77368,37.89602],[-4.77375,37.89602],[-4.77386,37.896],[-4.77396,37.89596]]]}},{"type":"Feature","properties":{"name":"","kind":"park","road":"","osm":651206275},"geometry":{"type":"Polygon","coordinates":[[[-4.77038,37.89296],[-4.77021,37.89268],[-4.76983,37.89298],[-4.76995,37.8931],[-4.77038,37.89296]]]}},{"type":"Feature","properties":{"name":"Parque del Marrubial","kind":"park","road":"","osm":651206277},"geometry":{"type":"Polygon","coordinates":[[[-4.7698,37.89295],[-4.76972,37.89308],[-4.76962,37.89315],[-4.76961,37.89313],[-4.76955,37.89314],[-4.76886,37.89254],[-4.76815,37.89232],[-4.7673,37.89205],[-4.76754,37.89161],[-4.76793,37.89187],[-4.7686,37.89156],[-4.76936,37.89245],[-4.76939,37.89245],[-4.76961,37.89234],[-4.76987,37.89265],[-4.76965,37.89277],[-4.76978,37.89292],[-4.76986,37.89289],[-4.76987,37.89291],[-4.7698,37.89295]]]}},{"type":"Feature","properties":{"name":"","kind":"park","road":"","osm":658719482},"geometry":{"type":"Polygon","coordinates":[[[-4.78515,37.88686],[-4.78519,37.88683],[-4.78516,37.8868],[-4.78512,37.88683],[-4.78515,37.88686]]]}},{"type":"Feature","properties":{"name":"","kind":"park","road":"","osm":658719483},"geometry":{"type":"Polygon","coordinates":[[[-4.78505,37.88693],[-4.78509,37.8869],[-4.78506,37.88687],[-4.78502,37.8869],[-4.78505,37.88693]]]}},{"type":"Feature","properties":{"name":"","kind":"park","road":"","osm":658719484},"geometry":{"type":"Polygon","coordinates":[[[-4.785,37.88672],[-4.78505,37.88668],[-4.78501,37.88665],[-4.78496,37.88669],[-4.785,37.88672]]]}},{"type":"Feature","properties":{"name":"","kind":"park","road":"","osm":658719485},"geometry":{"type":"Polygon","coordinates":[[[-4.78489,37.88678],[-4.78494,37.88675],[-4.78491,37.88672],[-4.78486,37.88675],[-4.78489,37.88678]]]}},{"type":"Feature","properties":{"name":"","kind":"park","road":"","osm":658719487},"geometry":{"type":"Polygon","coordinates":[[[-4.78957,37.87635],[-4.78962,37.87625],[-4.78961,37.87623],[-4.78959,37.87622],[-4.78957,37.87622],[-4.78955,37.8762],[-4.78954,37.87618],[-4.78954,37.87617],[-4.78965,37.87607],[-4.78966,37.87605],[-4.78965,37.87604],[-4.78963,37.87603],[-4.78961,37.87602],[-4.7896,37.87603],[-4.78959,37.87605],[-4.78955,37.8761],[-4.78954,37.87611],[-4.78952,37.87611],[-4.78951,37.8761],[-4.7895,37.87609],[-4.78948,37.87604],[-4.78948,37.87602],[-4.78949,37.87601],[-4.78951,37.87599],[-4.78952,37.87598],[-4.78952,37.87596],[-4.78952,37.87594],[-4.78951,37.87592],[-4.78949,37.8759],[-4.78947,37.8759],[-4.78935,37.87588],[-4.78934,37.87587],[-4.78933,37.87588],[-4.78931,37.87589],[-4.7893,37.87591],[-4.7893,37.87593],[-4.78931,37.87594],[-4.78956,37.87635],[-4.78957,37.87635]]]}},{"type":"Feature","properties":{"name":"Jardín tacto-olfativo","kind":"park","road":"","osm":660018563},"geometry":{"type":"Polygon","coordinates":[[[-4.7852,37.87099],[-4.78461,37.8708],[-4.78486,37.87015],[-4.78531,37.87029],[-4.78514,37.8706],[-4.78538,37.87068],[-4.7852,37.87099]]]}},{"type":"Feature","properties":{"name":"Escuela Etnobotánica","kind":"park","road":"","osm":660018564},"geometry":{"type":"Polygon","coordinates":[[[-4.78538,37.87068],[-4.78559,37.87039],[-4.78545,37.87034],[-4.78531,37.87029],[-4.78514,37.8706],[-4.78538,37.87068]]]}},{"type":"Feature","properties":{"name":"Escuela Agrícola","kind":"park","road":"","osm":660018565},"geometry":{"type":"Polygon","coordinates":[[[-4.78503,37.87137],[-4.7852,37.87099],[-4.78461,37.8708],[-4.78442,37.87115],[-4.78503,37.87137]]]}},{"type":"Feature","properties":{"name":"Rosaleda","kind":"park","road":"","osm":660018566},"geometry":{"type":"Polygon","coordinates":[[[-4.78489,37.87163],[-4.78472,37.87155],[-4.7848,37.87139],[-4.78499,37.87145],[-4.78489,37.87163]]]}},{"type":"Feature","properties":{"name":"Arboretum","kind":"park","road":"","osm":660018567},"geometry":{"type":"Polygon","coordinates":[[[-4.7839,37.87241],[-4.78406,37.87242],[-4.78421,37.87237],[-4.78433,37.87234],[-4.78444,37.87234],[-4.7847,37.87189],[-4.78448,37.87182],[-4.78426,37.87175],[-4.78427,37.87184],[-4.78422,37.87186],[-4.78422,37.87179],[-4.78412,37.87179],[-4.78389,37.87204],[-4.78371,37.87213],[-4.78361,37.8722],[-4.78363,37.87229],[-4.78372,37.87236],[-4.7839,37.87241]]]}},{"type":"Feature","properties":{"name":"Bosque de Piedra","kind":"park","road":"","osm":660018568},"geometry":{"type":"Polygon","coordinates":[[[-4.78424,37.87159],[-4.78426,37.87175],[-4.78448,37.87182],[-4.7847,37.87189],[-4.78489,37.87163],[-4.78472,37.87155],[-4.78465,37.87156],[-4.78449,37.87149],[-4.78457,37.87135],[-4.78451,37.87132],[-4.78458,37.87121],[-4.78442,37.87115],[-4.78424,37.87159]]]}},{"type":"Feature","properties":{"name":"Patio Cordobés","kind":"park","road":"","osm":660030534},"geometry":{"type":"Polygon","coordinates":[[[-4.78545,37.87034],[-4.78558,37.8701],[-4.78554,37.87009],[-4.78566,37.86987],[-4.7857,37.86988],[-4.78583,37.86964],[-4.78598,37.86969],[-4.78602,37.86958],[-4.78531,37.86935],[-4.78521,37.86956],[-4.78546,37.86964],[-4.78538,37.86977],[-4.7853,37.86974],[-4.78523,37.86983],[-4.78528,37.86985],[-4.78525,37.86989],[-4.78521,37.86988],[-4.78516,37.87],[-4.78524,37.87003],[-4.78518,37.87014],[-4.78494,37.87005],[-4.78486,37.87015],[-4.78545,37.87034]]]}},{"type":"Feature","properties":{"name":"Escuela Botánica","kind":"park","road":"","osm":660030536},"geometry":{"type":"Polygon","coordinates":[[[-4.78602,37.86958],[-4.78635,37.8691],[-4.78606,37.86899],[-4.78606,37.86894],[-4.78608,37.8689],[-4.78561,37.86872],[-4.78531,37.86935],[-4.78602,37.86958]]]}},{"type":"Feature","properties":{"name":"Jardínes del Alcázar","kind":"park","road":"","osm":662988939},"geometry":{"type":"Polygon","coordinates":[[[-4.78328,37.87434],[-4.78324,37.87438],[-4.78313,37.87445],[-4.78305,37.87451],[-4.78296,37.87445],[-4.78293,37.87443],[-4.78269,37.87469],[-4.78244,37.87496],[-4.78248,37.87499],[-4.78245,37.87502],[-4.78241,37.875],[-4.7824,37.87501],[-4.78245,37.87504],[-4.78248,37.87506],[-4.78262,37.87514],[-4.78232,37.87535],[-4.78227,37.87538],[-4.7822,37.87543],[-4.78217,37.8754],[-4.78213,37.87538],[-4.7821,37.87538],[-4.78206,37.87536],[-4.78189,37.87554],[-4.78192,37.87557],[-4.78188,37.87561],[-4.78184,37.87565],[-4.7818,37.8757],[-4.78177,37.87569],[-4.78137,37.87607],[-4.78138,37.87608],[-4.78139,37.87609],[-4.78147,37.87616],[-4.78151,37.87617],[-4.78152,37.87621],[-4.7815,37.87623],[-4.78149,37.87623],[-4.78165,37.87645],[-4.78166,37.87646],[-4.78167,37.87647],[-4.78177,37.87661],[-4.78182,37.87667],[-4.78185,37.87665],[-4.78189,37.87663],[-4.78194,37.8767],[-4.78202,37.87685],[-4.78203,37.87684],[-4.78204,37.87686],[-4.78205,37.87687],[-4.78204,37.87688],[-4.78212,37.87703],[-4.78231,37.87696],[-4.78224,37.87682],[-4.78219,37.87672],[-4.78221,37.87672],[-4.7821,37.87648],[-4.78216,37.87646],[-4.78219,37.87645],[-4.78287,37.87617],[-4.7828,37.87606],[-4.78319,37.87572],[-4.78331,37.87561],[-4.78332,37.8756],[-4.78336,37.87557],[-4.7836,37.87536],[-4.78385,37.87513],[-4.78389,37.8751],[-4.78403,37.87498],[-4.78403,37.87497],[-4.78409,37.87492],[-4.78405,37.87489],[-4.78401,37.87486],[-4.784,37.87486],[-4.78374,37.87467],[-4.78364,37.8746],[-4.78357,37.87455],[-4.78328,37.87434]]]}},{"type":"Feature","properties":{"name":"Calle Osio","kind":"road","road":"pedestrian","osm":669795681},"geometry":{"type":"LineString","coordinates":[[-4.77815,37.88007],[-4.77815,37.88006],[-4.7781,37.87995],[-4.77802,37.87979],[-4.77798,37.87973],[-4.77791,37.87964]]}},{"type":"Feature","properties":{"name":"Calle Osio","kind":"road","road":"pedestrian","osm":669795682},"geometry":{"type":"LineString","coordinates":[[-4.77821,37.88024],[-4.77815,37.88007]]}},{"type":"Feature","properties":{"name":"","kind":"water","road":"","osm":669859582},"geometry":{"type":"Polygon","coordinates":[[[-4.77334,37.88854],[-4.77334,37.88855],[-4.77335,37.88855],[-4.77335,37.88854],[-4.77334,37.88854]]]}},{"type":"Feature","properties":{"name":"","kind":"water","road":"","osm":669859583},"geometry":{"type":"Polygon","coordinates":[[[-4.77333,37.88855],[-4.77332,37.88854],[-4.77326,37.88858],[-4.77327,37.88859],[-4.77333,37.88855]]]}},{"type":"Feature","properties":{"name":"","kind":"water","road":"","osm":669859584},"geometry":{"type":"Polygon","coordinates":[[[-4.77324,37.88861],[-4.77323,37.8886],[-4.77316,37.88864],[-4.77317,37.88865],[-4.77324,37.88861]]]}},{"type":"Feature","properties":{"name":"","kind":"water","road":"","osm":669859585},"geometry":{"type":"Polygon","coordinates":[[[-4.77324,37.8886],[-4.77325,37.8886],[-4.77325,37.88859],[-4.77324,37.88859],[-4.77324,37.8886]]]}},{"type":"Feature","properties":{"name":"","kind":"water","road":"","osm":669859586},"geometry":{"type":"Polygon","coordinates":[[[-4.77315,37.88866],[-4.77316,37.88866],[-4.77316,37.88865],[-4.77315,37.88865],[-4.77315,37.88866]]]}},{"type":"Feature","properties":{"name":"","kind":"water","road":"","osm":669859587},"geometry":{"type":"Polygon","coordinates":[[[-4.77345,37.88882],[-4.77346,37.88883],[-4.77347,37.88883],[-4.77348,37.88883],[-4.77349,37.88883],[-4.77349,37.88882],[-4.7735,37.88882],[-4.77349,37.88881],[-4.77349,37.8888],[-4.77348,37.8888],[-4.77347,37.8888],[-4.77346,37.8888],[-4.77345,37.88881],[-4.77345,37.88882]]]}},{"type":"Feature","properties":{"name":"","kind":"water","road":"","osm":669863440},"geometry":{"type":"Polygon","coordinates":[[[-4.77358,37.88902],[-4.77364,37.88896],[-4.77361,37.88895],[-4.77355,37.88901],[-4.77358,37.88902]]]}},{"type":"Feature","properties":{"name":"Plaza Agrupación de Cofradías","kind":"road","road":"pedestrian","osm":670879857},"geometry":{"type":"LineString","coordinates":[[-4.78036,37.88089],[-4.78035,37.88083],[-4.78035,37.88072]]}},{"type":"Feature","properties":{"name":"Plaza Agrupación de Cofradías","kind":"road","road":"pedestrian","osm":670879858},"geometry":{"type":"LineString","coordinates":[[-4.78035,37.88083],[-4.78021,37.88077],[-4.78006,37.88078]]}},{"type":"Feature","properties":{"name":"Calle Azonaicas","kind":"road","road":"pedestrian","osm":670914719},"geometry":{"type":"LineString","coordinates":[[-4.77763,37.88476],[-4.77771,37.88476]]}},{"type":"Feature","properties":{"name":"Patio de los Jardineros","kind":"park","road":"","osm":674050718},"geometry":{"type":"Polygon","coordinates":[[[-4.77386,37.88894],[-4.77389,37.88898],[-4.77411,37.88887],[-4.77407,37.88882],[-4.77386,37.88894]]]}},{"type":"Feature","properties":{"name":"Patio del Pozo","kind":"park","road":"","osm":674050720},"geometry":{"type":"Polygon","coordinates":[[[-4.77369,37.88897],[-4.77374,37.889],[-4.77373,37.88901],[-4.77383,37.88907],[-4.77386,37.88909],[-4.77389,37.88906],[-4.77392,37.88903],[-4.77389,37.88898],[-4.77386,37.88894],[-4.77384,37.88892],[-4.77376,37.88895],[-4.77369,37.88897]]]}},{"type":"Feature","properties":{"name":"Patio de la Madama","kind":"park","road":"","osm":674050722},"geometry":{"type":"Polygon","coordinates":[[[-4.77337,37.88851],[-4.7735,37.88844],[-4.77353,37.88849],[-4.77358,37.88857],[-4.77351,37.88861],[-4.7735,37.88862],[-4.77347,37.88862],[-4.77343,37.88857],[-4.77337,37.88851]]]}},{"type":"Feature","properties":{"name":"Patio de las Columnas","kind":"park","road":"","osm":674050723},"geometry":{"type":"Polygon","coordinates":[[[-4.77343,37.88857],[-4.77319,37.88871],[-4.77318,37.88871],[-4.77315,37.88873],[-4.77317,37.88875],[-4.77313,37.88878],[-4.77302,37.88867],[-4.77307,37.88863],[-4.77304,37.8886],[-4.77312,37.88857],[-4.77321,37.88854],[-4.77333,37.88847],[-4.77337,37.88851],[-4.77343,37.88857]]]}},{"type":"Feature","properties":{"name":"Patio de las Rejas","kind":"park","road":"","osm":674050727},"geometry":{"type":"Polygon","coordinates":[[[-4.77366,37.88842],[-4.7736,37.88835],[-4.77353,37.88837],[-4.77346,37.88839],[-4.7735,37.88844],[-4.77353,37.88849],[-4.77366,37.88842]]]}},{"type":"Feature","properties":{"name":"Patio de los Naranjos","kind":"park","road":"","osm":674051070},"geometry":{"type":"Polygon","coordinates":[[[-4.7736,37.88835],[-4.77366,37.88842],[-4.77369,37.88845],[-4.7739,37.88835],[-4.77386,37.88829],[-4.7736,37.88835]]]}},{"type":"Feature","properties":{"name":"Avenida de América","kind":"road","road":"primary","osm":685816287},"geometry":{"type":"LineString","coordinates":[[-4.7922,37.88664],[-4.79165,37.88687],[-4.79147,37.88695],[-4.79089,37.88718],[-4.79078,37.88722]]}},{"type":"Feature","properties":{"name":"","kind":"road","road":"pedestrian","osm":686292440},"geometry":{"type":"LineString","coordinates":[[-4.7905,37.87917],[-4.79042,37.87919],[-4.79036,37.87921],[-4.7902,37.87891],[-4.79001,37.87861],[-4.79008,37.87858],[-4.79015,37.87855],[-4.79032,37.8788],[-4.79033,37.8788],[-4.79036,37.87884],[-4.7904,37.87896],[-4.79039,37.87896],[-4.7905,37.87917]]}},{"type":"Feature","properties":{"name":"","kind":"park","road":"","osm":686466167},"geometry":{"type":"Polygon","coordinates":[[[-4.78467,37.8838],[-4.78464,37.8838],[-4.78465,37.88367],[-4.78468,37.88331],[-4.78473,37.88331],[-4.78474,37.88352],[-4.78473,37.88374],[-4.78467,37.88374],[-4.78467,37.88375],[-4.78467,37.8838]]]}},{"type":"Feature","properties":{"name":"","kind":"park","road":"","osm":686466169},"geometry":{"type":"Polygon","coordinates":[[[-4.7846,37.88432],[-4.78463,37.88432],[-4.78471,37.88403],[-4.78472,37.88389],[-4.78467,37.88389],[-4.78466,37.88404],[-4.78462,37.88404],[-4.7846,37.88432]]]}},{"type":"Feature","properties":{"name":"","kind":"park","road":"","osm":686466171},"geometry":{"type":"Polygon","coordinates":[[[-4.78467,37.88454],[-4.78459,37.88454],[-4.78457,37.88472],[-4.78459,37.88437],[-4.78464,37.88437],[-4.78463,37.88441],[-4.78468,37.88441],[-4.78467,37.88454]]]}},{"type":"Feature","properties":{"name":"","kind":"park","road":"","osm":686466173},"geometry":{"type":"Polygon","coordinates":[[[-4.7848,37.88322],[-4.78475,37.88321],[-4.78476,37.88317],[-4.7847,37.88315],[-4.78471,37.88292],[-4.78477,37.88293],[-4.78476,37.88305],[-4.78474,37.88308],[-4.78484,37.88308],[-4.7848,37.88322]]]}},{"type":"Feature","properties":{"name":"Pequeño jardin botanico","kind":"park","road":"","osm":687728455},"geometry":{"type":"Polygon","coordinates":[[[-4.79043,37.88626],[-4.79053,37.88626],[-4.7906,37.88566],[-4.79049,37.88565],[-4.79043,37.88626]]]}},{"type":"Feature","properties":{"name":"","kind":"park","road":"","osm":687937064},"geometry":{"type":"Polygon","coordinates":[[[-4.79136,37.88457],[-4.79131,37.88456],[-4.79131,37.88457],[-4.79131,37.88461],[-4.79131,37.88464],[-4.79131,37.88466],[-4.79136,37.88466],[-4.79136,37.88467],[-4.79144,37.88468],[-4.79153,37.88469],[-4.79153,37.88468],[-4.79162,37.88469],[-4.79171,37.8847],[-4.79171,37.88469],[-4.7918,37.8847],[-4.79188,37.88471],[-4.79189,37.8847],[-4.79198,37.88471],[-4.79207,37.88472],[-4.79207,37.88471],[-4.79216,37.88471],[-4.79216,37.88472],[-4.7922,37.88472],[-4.79221,37.88468],[-4.79221,37.88462],[-4.79221,37.88461],[-4.79217,37.88461],[-4.79217,37.88462],[-4.79216,37.88464],[-4.79207,37.88464],[-4.79207,37.88461],[-4.79207,37.8846],[-4.79199,37.8846],[-4.79198,37.88461],[-4.79198,37.88463],[-4.79189,37.88463],[-4.79189,37.88461],[-4.79189,37.88459],[-4.79181,37.88459],[-4.79181,37.8846],[-4.79181,37.88462],[-4.79171,37.88462],[-4.79171,37.8846],[-4.79172,37.88458],[-4.79163,37.88458],[-4.79163,37.88459],[-4.79163,37.88461],[-4.79153,37.88461],[-4.79153,37.88459],[-4.79153,37.88457],[-4.79145,37.88457],[-4.79145,37.88458],[-4.79145,37.88461],[-4.79135,37.8846],[-4.79136,37.88458],[-4.79136,37.88457]]]}},{"type":"Feature","properties":{"name":"","kind":"water","road":"","osm":691205457},"geometry":{"type":"Polygon","coordinates":[[[-4.77952,37.88054],[-4.77951,37.88053],[-4.77952,37.88052],[-4.77953,37.88052],[-4.77954,37.88052],[-4.77955,37.88053],[-4.77954,37.88054],[-4.77953,37.88054],[-4.77952,37.88054]]]}},{"type":"Feature","properties":{"name":"","kind":"park","road":"","osm":691993321},"geometry":{"type":"Polygon","coordinates":[[[-4.78672,37.88518],[-4.78672,37.88511],[-4.78737,37.88515],[-4.78736,37.88522],[-4.78672,37.88518]]]}},{"type":"Feature","properties":{"name":"","kind":"park","road":"","osm":691993324},"geometry":{"type":"Polygon","coordinates":[[[-4.7875,37.88522],[-4.7875,37.88516],[-4.78795,37.88519],[-4.78794,37.88525],[-4.7875,37.88522]]]}},{"type":"Feature","properties":{"name":"","kind":"park","road":"","osm":691993326},"geometry":{"type":"Polygon","coordinates":[[[-4.7886,37.8853],[-4.78819,37.88527],[-4.7882,37.88519],[-4.7886,37.88522],[-4.7886,37.8853]]]}},{"type":"Feature","properties":{"name":"","kind":"park","road":"","osm":691993327},"geometry":{"type":"Polygon","coordinates":[[[-4.78869,37.8853],[-4.7887,37.88523],[-4.78899,37.88524],[-4.78898,37.88532],[-4.78869,37.8853]]]}},{"type":"Feature","properties":{"name":"","kind":"park","road":"","osm":691993329},"geometry":{"type":"Polygon","coordinates":[[[-4.78906,37.88532],[-4.78907,37.88525],[-4.78941,37.88527],[-4.7894,37.88534],[-4.78906,37.88532]]]}},{"type":"Feature","properties":{"name":"","kind":"park","road":"","osm":699037976},"geometry":{"type":"Polygon","coordinates":[[[-4.78139,37.89408],[-4.78152,37.894],[-4.78142,37.89389],[-4.78128,37.89397],[-4.78139,37.89408]]]}},{"type":"Feature","properties":{"name":"","kind":"park","road":"","osm":699117136},"geometry":{"type":"Polygon","coordinates":[[[-4.7904,37.88957],[-4.79043,37.88954],[-4.79046,37.88951],[-4.79046,37.88946],[-4.79045,37.88942],[-4.79042,37.88939],[-4.7904,37.88937],[-4.79038,37.88936],[-4.79034,37.88934],[-4.79032,37.88937],[-4.7903,37.88939],[-4.79027,37.88941],[-4.79024,37.88942],[-4.79021,37.88944],[-4.79017,37.88945],[-4.79014,37.88945],[-4.79014,37.88947],[-4.79015,37.8895],[-4.79015,37.88951],[-4.79017,37.88953],[-4.79018,37.88955],[-4.7902,37.88957],[-4.79023,37.88958],[-4.79025,37.88959],[-4.79027,37.88959],[-4.79029,37.88959],[-4.79032,37.88959],[-4.79034,37.88959],[-4.79037,37.88958],[-4.7904,37.88957]]]}},{"type":"Feature","properties":{"name":"","kind":"park","road":"","osm":699119818},"geometry":{"type":"Polygon","coordinates":[[[-4.79262,37.89007],[-4.79252,37.88984],[-4.79162,37.89002],[-4.79175,37.89024],[-4.79262,37.89007]]]}},{"type":"Feature","properties":{"name":"","kind":"park","road":"","osm":699119823},"geometry":{"type":"Polygon","coordinates":[[[-4.78767,37.87857],[-4.78769,37.87846],[-4.788,37.87846],[-4.78804,37.87823],[-4.78779,37.8782],[-4.78778,37.87804],[-4.78816,37.87805],[-4.78815,37.8781],[-4.78801,37.87807],[-4.78784,37.87807],[-4.78784,37.87816],[-4.78804,37.87816],[-4.78804,37.8781],[-4.78815,37.87813],[-4.78817,37.87832],[-4.7881,37.87831],[-4.78811,37.87844],[-4.78804,37.87849],[-4.788,37.8786],[-4.78767,37.87857]]]}},{"type":"Feature","properties":{"name":"","kind":"park","road":"","osm":702908784},"geometry":{"type":"Polygon","coordinates":[[[-4.78553,37.88595],[-4.78555,37.88577],[-4.7855,37.88577],[-4.78549,37.88579],[-4.78546,37.88581],[-4.78544,37.88582],[-4.78541,37.88582],[-4.7854,37.88595],[-4.78553,37.88595]]]}},{"type":"Feature","properties":{"name":"","kind":"park","road":"","osm":702908785},"geometry":{"type":"Polygon","coordinates":[[[-4.78534,37.88594],[-4.78535,37.88582],[-4.78533,37.88581],[-4.7853,37.8858],[-4.78528,37.88578],[-4.78527,37.88575],[-4.78522,37.88575],[-4.7852,37.88593],[-4.78534,37.88594]]]}},{"type":"Feature","properties":{"name":"","kind":"park","road":"","osm":702908786},"geometry":{"type":"Polygon","coordinates":[[[-4.78555,37.88572],[-4.78557,37.88552],[-4.78544,37.88551],[-4.78543,37.88564],[-4.78546,37.88565],[-4.78548,37.88566],[-4.7855,37.88568],[-4.78551,37.88571],[-4.78555,37.88572]]]}},{"type":"Feature","properties":{"name":"","kind":"park","road":"","osm":702908787},"geometry":{"type":"Polygon","coordinates":[[[-4.78522,37.88571],[-4.78526,37.88571],[-4.78528,37.88568],[-4.78529,37.88566],[-4.78532,37.88565],[-4.78536,37.88563],[-4.78538,37.88551],[-4.78524,37.8855],[-4.78522,37.88571]]]}},{"type":"Feature","properties":{"name":"","kind":"park","road":"","osm":702908788},"geometry":{"type":"Polygon","coordinates":[[[-4.78539,37.88577],[-4.78541,37.88577],[-4.78543,37.88575],[-4.78544,37.88573],[-4.78543,37.88571],[-4.78542,37.8857],[-4.7854,37.88569],[-4.78537,37.88569],[-4.78534,37.8857],[-4.78533,37.88572],[-4.78534,37.88574],[-4.78535,37.88576],[-4.78537,37.88577],[-4.78539,37.88577]]]}},{"type":"Feature","properties":{"name":"","kind":"water","road":"","osm":704566559},"geometry":{"type":"Polygon","coordinates":[[[-4.77246,37.87825],[-4.77248,37.87823],[-4.77251,37.87815],[-4.7725,37.87809],[-4.77245,37.87801],[-4.77246,37.87796],[-4.77245,37.87796],[-4.77244,37.87803],[-4.77247,37.87806],[-4.77248,37.87812],[-4.77247,37.87822],[-4.77245,37.87823],[-4.77245,37.87825],[-4.77246,37.87825]]]}},{"type":"Feature","properties":{"name":"","kind":"park","road":"","osm":704566560},"geometry":{"type":"Polygon","coordinates":[[[-4.77374,37.87814],[-4.7734,37.87833],[-4.77333,37.87837],[-4.77329,37.87839],[-4.77324,37.8784],[-4.77318,37.87841],[-4.77313,37.87842],[-4.77308,37.87842],[-4.77303,37.87842],[-4.77295,37.8784],[-4.77164,37.8781],[-4.77165,37.87796],[-4.77154,37.87795],[-4.77161,37.87728],[-4.77205,37.8773],[-4.77311,37.87738],[-4.77343,37.87777],[-4.77374,37.87814]]]}},{"type":"Feature","properties":{"name":"Plaza de Andalucía","kind":"park","road":"","osm":704606223},"geometry":{"type":"Polygon","coordinates":[[[-4.77952,37.87078],[-4.77962,37.87069],[-4.77969,37.87061],[-4.77993,37.87036],[-4.78027,37.86989],[-4.77974,37.86966],[-4.77961,37.86961],[-4.77915,37.86955],[-4.77885,37.86939],[-4.77883,37.86939],[-4.77882,37.86938],[-4.7788,37.86939],[-4.77879,37.86939],[-4.77877,37.86942],[-4.77872,37.86947],[-4.77865,37.86956],[-4.77857,37.86966],[-4.77836,37.86991],[-4.77813,37.87018],[-4.77813,37.87019],[-4.77813,37.8702],[-4.77814,37.87021],[-4.77815,37.87022],[-4.77837,37.87034],[-4.77854,37.87043],[-4.7786,37.87046],[-4.77859,37.87063],[-4.77853,37.87073],[-4.77864,37.87079],[-4.77873,37.87083],[-4.779,37.87057],[-4.77909,37.87063],[-4.77919,37.87054],[-4.77951,37.87077],[-4.77952,37.87078]]]}},{"type":"Feature","properties":{"name":"","kind":"park","road":"","osm":704606224},"geometry":{"type":"Polygon","coordinates":[[[-4.77869,37.87],[-4.7787,37.86996],[-4.77872,37.86992],[-4.77875,37.86989],[-4.77881,37.86986],[-4.77876,37.86987],[-4.77872,37.86986],[-4.77866,37.86984],[-4.77857,37.86981],[-4.77849,37.86977],[-4.77848,37.86979],[-4.77855,37.86983],[-4.77861,37.86989],[-4.77866,37.86994],[-4.77867,37.86997],[-4.77869,37.87]]]}},{"type":"Feature","properties":{"name":"","kind":"park","road":"","osm":704606225},"geometry":{"type":"Polygon","coordinates":[[[-4.77967,37.87044],[-4.77968,37.87042],[-4.77958,37.87036],[-4.77951,37.8703],[-4.77944,37.87023],[-4.7794,37.87016],[-4.77938,37.87021],[-4.77936,37.87025],[-4.77932,37.87028],[-4.77928,37.87031],[-4.77939,37.87032],[-4.77949,37.87034],[-4.77957,37.87038],[-4.77967,37.87044]]]}},{"type":"Feature","properties":{"name":"","kind":"park","road":"","osm":704606226},"geometry":{"type":"Polygon","coordinates":[[[-4.77973,37.87037],[-4.77974,37.87036],[-4.77967,37.87029],[-4.77961,37.87023],[-4.77957,37.87016],[-4.77953,37.87009],[-4.7795,37.87],[-4.77948,37.8699],[-4.77947,37.8698],[-4.77948,37.86972],[-4.7795,37.86965],[-4.77952,37.86959],[-4.77955,37.86955],[-4.77954,37.86954],[-4.77948,37.86964],[-4.77944,37.86972],[-4.77942,37.86981],[-4.77941,37.86989],[-4.77942,37.86997],[-4.77944,37.87006],[-4.77948,37.87013],[-4.77952,37.87019],[-4.77956,37.87025],[-4.77961,37.87029],[-4.77967,37.87034],[-4.77973,37.87037]]]}},{"type":"Feature","properties":{"name":"","kind":"park","road":"","osm":704606227},"geometry":{"type":"Polygon","coordinates":[[[-4.77919,37.8698],[-4.77923,37.86982],[-4.77926,37.86983],[-4.77929,37.86985],[-4.77932,37.86987],[-4.77932,37.86982],[-4.77934,37.86975],[-4.77936,37.86969],[-4.77939,37.86964],[-4.77946,37.86952],[-4.77945,37.86951],[-4.77938,37.86962],[-4.77933,37.86968],[-4.77924,37.86977],[-4.77921,37.86979],[-4.77919,37.8698]]]}},{"type":"Feature","properties":{"name":"","kind":"park","road":"","osm":704606228},"geometry":{"type":"Polygon","coordinates":[[[-4.77871,37.87051],[-4.77872,37.87052],[-4.77879,37.87046],[-4.77885,37.87042],[-4.7789,37.87039],[-4.77893,37.87037],[-4.77888,37.87036],[-4.77882,37.87034],[-4.77879,37.87032],[-4.77875,37.87029],[-4.77876,37.87034],[-4.77875,37.87041],[-4.77873,37.87047],[-4.77871,37.87051]]]}},{"type":"Feature","properties":{"name":"","kind":"park","road":"","osm":704606230},"geometry":{"type":"Polygon","coordinates":[[[-4.77877,37.87064],[-4.77882,37.87059],[-4.77887,37.87053],[-4.77889,37.87052],[-4.77891,37.87051],[-4.77897,37.87046],[-4.77905,37.87043],[-4.77915,37.87041],[-4.77923,37.8704],[-4.77934,37.87041],[-4.77943,37.87042],[-4.7795,37.87045],[-4.77966,37.87055],[-4.7796,37.8706],[-4.77965,37.87063],[-4.77951,37.87077],[-4.77947,37.87074],[-4.77919,37.87054],[-4.77909,37.87063],[-4.779,37.87057],[-4.77886,37.8707],[-4.77877,37.87064]]]}},{"type":"Feature","properties":{"name":"Calle Teniente Albornoz","kind":"road","road":"pedestrian","osm":706310321},"geometry":{"type":"LineString","coordinates":[[-4.77914,37.88773],[-4.77905,37.88776],[-4.77878,37.88783],[-4.77836,37.88782]]}},{"type":"Feature","properties":{"name":"","kind":"park","road":"","osm":706901874},"geometry":{"type":"Polygon","coordinates":[[[-4.79098,37.88897],[-4.79149,37.88874],[-4.79146,37.8887],[-4.79083,37.88877],[-4.79098,37.88897]]]}},{"type":"Feature","properties":{"name":"","kind":"park","road":"","osm":706901879},"geometry":{"type":"Polygon","coordinates":[[[-4.79193,37.89017],[-4.79191,37.8901],[-4.7917,37.89014],[-4.79172,37.89021],[-4.79193,37.89017]]]}},{"type":"Feature","properties":{"name":"","kind":"park","road":"","osm":706901880},"geometry":{"type":"Polygon","coordinates":[[[-4.7919,37.89007],[-4.79188,37.88997],[-4.79163,37.89002],[-4.79166,37.89011],[-4.7919,37.89007]]]}},{"type":"Feature","properties":{"name":"","kind":"park","road":"","osm":706901882},"geometry":{"type":"Polygon","coordinates":[[[-4.79174,37.89039],[-4.79183,37.89036],[-4.79197,37.89034],[-4.79196,37.89029],[-4.79179,37.89031],[-4.79175,37.89034],[-4.79174,37.89038],[-4.79174,37.89039]]]}},{"type":"Feature","properties":{"name":"","kind":"park","road":"","osm":728204657},"geometry":{"type":"Polygon","coordinates":[[[-4.79015,37.878],[-4.78998,37.87806],[-4.78982,37.87778],[-4.78998,37.87772],[-4.79015,37.878]]]}},{"type":"Feature","properties":{"name":"","kind":"park","road":"","osm":728204658},"geometry":{"type":"Polygon","coordinates":[[[-4.77283,37.88636],[-4.7726,37.88644],[-4.77263,37.8865],[-4.77262,37.8865],[-4.77264,37.88658],[-4.77267,37.88657],[-4.77275,37.88685],[-4.77295,37.88681],[-4.77296,37.88685],[-4.77302,37.88683],[-4.77301,37.8868],[-4.77299,37.8868],[-4.77297,37.88675],[-4.77288,37.88651],[-4.77286,37.88639],[-4.77284,37.88639],[-4.77283,37.88636]]]}},{"type":"Feature","properties":{"name":"Calle Capitulares","kind":"road","road":"pedestrian","osm":728205430},"geometry":{"type":"LineString","coordinates":[[-4.77618,37.88541],[-4.77609,37.88545],[-4.77597,37.88553],[-4.77596,37.88547],[-4.77595,37.88541],[-4.77595,37.8854],[-4.77594,37.88537],[-4.77594,37.88536],[-4.77593,37.88535],[-4.77593,37.88532],[-4.77592,37.88531],[-4.77592,37.8853],[-4.77592,37.88527],[-4.77591,37.88527],[-4.7759,37.88517],[-4.7759,37.88516],[-4.77589,37.88514],[-4.77588,37.8851],[-4.77588,37.88506],[-4.77588,37.88505],[-4.77586,37.885],[-4.77586,37.88499],[-4.77584,37.88492],[-4.77584,37.8849],[-4.77583,37.88485],[-4.77583,37.88483],[-4.77583,37.88481],[-4.77583,37.88478],[-4.77583,37.88472],[-4.77583,37.88468],[-4.77583,37.88467],[-4.77582,37.88459],[-4.77582,37.88453],[-4.77594,37.88457],[-4.77611,37.88459],[-4.77611,37.88465],[-4.77611,37.88469],[-4.77604,37.88468],[-4.77607,37.88495],[-4.77608,37.88497],[-4.77613,37.88519],[-4.77618,37.88541]]}},{"type":"Feature","properties":{"name":"Paseo Ribera","kind":"road","road":"tertiary","osm":737116963},"geometry":{"type":"LineString","coordinates":[[-4.77514,37.8798],[-4.77474,37.88002],[-4.77454,37.88012],[-4.77421,37.88024],[-4.77394,37.88036],[-4.77392,37.88036],[-4.77342,37.88057],[-4.77331,37.88061],[-4.77313,37.88065],[-4.77244,37.88078]]}},{"type":"Feature","properties":{"name":"Paseo de Las Almunias","kind":"road","road":"pedestrian","osm":737399993},"geometry":{"type":"LineString","coordinates":[[-4.78301,37.87393],[-4.78295,37.87401]]}},{"type":"Feature","properties":{"name":"Calleja de los Arquillos","kind":"road","road":"pedestrian","osm":776163724},"geometry":{"type":"LineString","coordinates":[[-4.77673,37.88043],[-4.77675,37.88044],[-4.77678,37.88045],[-4.77705,37.88062]]}},{"type":"Feature","properties":{"name":"","kind":"water","road":"","osm":777093390},"geometry":{"type":"Polygon","coordinates":[[[-4.7821,37.88481],[-4.7821,37.88482],[-4.7821,37.88483],[-4.78211,37.88483],[-4.78212,37.88482],[-4.78211,37.88481],[-4.7821,37.88481]]]}},{"type":"Feature","properties":{"name":"","kind":"water","road":"","osm":807235307},"geometry":{"type":"Polygon","coordinates":[[[-4.77982,37.88454],[-4.77982,37.88446],[-4.77972,37.88446],[-4.77971,37.88454],[-4.77982,37.88454]]]}},{"type":"Feature","properties":{"name":"","kind":"water","road":"","osm":807235308},"geometry":{"type":"Polygon","coordinates":[[[-4.7794,37.88454],[-4.7794,37.88446],[-4.7793,37.88446],[-4.7793,37.88454],[-4.7794,37.88454]]]}},{"type":"Feature","properties":{"name":"Avenida Medina Azahara","kind":"road","road":"primary","osm":810845088},"geometry":{"type":"LineString","coordinates":[[-4.79433,37.88537],[-4.79421,37.88537],[-4.79412,37.88537],[-4.794,37.88536],[-4.79396,37.88536],[-4.79384,37.88536],[-4.79335,37.88533],[-4.79283,37.8853],[-4.79253,37.88528],[-4.79155,37.88523],[-4.7915,37.88523],[-4.79124,37.88521]]}},{"type":"Feature","properties":{"name":"Calle Arqueólogo Antonio García y Bellido","kind":"road","road":"primary","osm":810845090},"geometry":{"type":"LineString","coordinates":[[-4.79048,37.8886],[-4.79042,37.8885],[-4.79039,37.88844],[-4.79014,37.88806],[-4.79008,37.88797],[-4.79001,37.88785],[-4.78999,37.88782]]}},{"type":"Feature","properties":{"name":"Calle Rastrera","kind":"road","road":"pedestrian","osm":814210573},"geometry":{"type":"LineString","coordinates":[[-4.76939,37.88518],[-4.76961,37.88516]]}},{"type":"Feature","properties":{"name":"","kind":"water","road":"","osm":817576028},"geometry":{"type":"Polygon","coordinates":[[[-4.77346,37.88607],[-4.77346,37.88606],[-4.77347,37.88605],[-4.77348,37.88604],[-4.7735,37.88605],[-4.7735,37.88606],[-4.77349,37.88608],[-4.77348,37.88608],[-4.77346,37.88607]]]}},{"type":"Feature","properties":{"name":"","kind":"park","road":"","osm":842106997},"geometry":{"type":"Polygon","coordinates":[[[-4.77485,37.8868],[-4.77488,37.8868],[-4.77486,37.88684],[-4.7746,37.88682],[-4.77465,37.88657],[-4.77475,37.88658],[-4.77479,37.88659],[-4.77476,37.88672],[-4.77487,37.88673],[-4.77485,37.8868]]]}},{"type":"Feature","properties":{"name":"","kind":"park","road":"","osm":842106998},"geometry":{"type":"Polygon","coordinates":[[[-4.77507,37.88695],[-4.77507,37.88694],[-4.77508,37.88685],[-4.77538,37.88689],[-4.77537,37.88699],[-4.77507,37.88695]]]}},{"type":"Feature","properties":{"name":"","kind":"park","road":"","osm":842111323},"geometry":{"type":"Polygon","coordinates":[[[-4.77255,37.88664],[-4.77252,37.88653],[-4.77238,37.88657],[-4.77237,37.88657],[-4.77241,37.88668],[-4.77249,37.88666],[-4.7725,37.88665],[-4.77255,37.88664]]]}},{"type":"Feature","properties":{"name":"","kind":"park","road":"","osm":842111325},"geometry":{"type":"Polygon","coordinates":[[[-4.77189,37.88626],[-4.77188,37.88619],[-4.77162,37.8862],[-4.77162,37.88624],[-4.77164,37.88625],[-4.77166,37.88626],[-4.77169,37.88626],[-4.77189,37.88626]]]}},{"type":"Feature","properties":{"name":"","kind":"park","road":"","osm":842111326},"geometry":{"type":"Polygon","coordinates":[[[-4.77142,37.886],[-4.7714,37.88587],[-4.77135,37.88587],[-4.77135,37.88584],[-4.77141,37.88584],[-4.77141,37.88581],[-4.77134,37.88582],[-4.77132,37.8857],[-4.77131,37.88565],[-4.77125,37.88566],[-4.77115,37.88566],[-4.77119,37.88572],[-4.77119,37.88584],[-4.77104,37.88585],[-4.77105,37.88589],[-4.77109,37.88589],[-4.77109,37.88592],[-4.77127,37.88589],[-4.77128,37.886],[-4.77142,37.886]]]}},{"type":"Feature","properties":{"name":"","kind":"park","road":"","osm":842111327},"geometry":{"type":"Polygon","coordinates":[[[-4.77103,37.88629],[-4.77076,37.88623],[-4.77077,37.88618],[-4.77078,37.88613],[-4.77079,37.88613],[-4.7708,37.8861],[-4.77079,37.8861],[-4.77079,37.88607],[-4.77077,37.88607],[-4.77078,37.88602],[-4.77097,37.88603],[-4.77101,37.88619],[-4.77103,37.88629]]]}},{"type":"Feature","properties":{"name":"","kind":"park","road":"","osm":842111336},"geometry":{"type":"Polygon","coordinates":[[[-4.7703,37.88818],[-4.77029,37.88805],[-4.77013,37.8881],[-4.77019,37.88822],[-4.7702,37.88821],[-4.77021,37.88821],[-4.77023,37.8882],[-4.77024,37.88819],[-4.77026,37.88819],[-4.77028,37.88818],[-4.7703,37.88818]]]}},{"type":"Feature","properties":{"name":"Calle Puerta de Plasencia","kind":"road","road":"secondary","osm":848863443},"geometry":{"type":"LineString","coordinates":[[-4.76506,37.89088],[-4.76513,37.89085]]}},{"type":"Feature","properties":{"name":"Avenida Barcelona","kind":"road","road":"primary","osm":848863445},"geometry":{"type":"LineString","coordinates":[[-4.76513,37.89085],[-4.76504,37.89072]]}},{"type":"Feature","properties":{"name":"","kind":"road","road":"primary","osm":848863450},"geometry":{"type":"LineString","coordinates":[[-4.76388,37.88692],[-4.76388,37.88684],[-4.76385,37.88676],[-4.7638,37.8867]]}},{"type":"Feature","properties":{"name":"Glorieta de las Tres Culturas","kind":"road","road":"primary","osm":850073825},"geometry":{"type":"LineString","coordinates":[[-4.7877,37.88997],[-4.78773,37.88999],[-4.78775,37.89001],[-4.78779,37.89004],[-4.78783,37.89006],[-4.78787,37.89007],[-4.78792,37.89008],[-4.78796,37.89008]]}},{"type":"Feature","properties":{"name":"Calle Arqueólogo Antonio García y Bellido","kind":"road","road":"primary","osm":851500035},"geometry":{"type":"LineString","coordinates":[[-4.79054,37.88871],[-4.7905,37.88864],[-4.79048,37.8886]]}},{"type":"Feature","properties":{"name":"Glorieta de las Tres Culturas","kind":"road","road":"primary","osm":851500037},"geometry":{"type":"LineString","coordinates":[[-4.78825,37.88983],[-4.78824,37.8898],[-4.78822,37.88976],[-4.78819,37.88974]]}},{"type":"Feature","properties":{"name":"Glorieta de las Tres Culturas","kind":"road","road":"primary","osm":851500038},"geometry":{"type":"LineString","coordinates":[[-4.78796,37.89008],[-4.78803,37.89006],[-4.7881,37.89004],[-4.78816,37.89002]]}},{"type":"Feature","properties":{"name":"Avenida República Argentina","kind":"road","road":"primary","osm":851766617},"geometry":{"type":"LineString","coordinates":[[-4.78607,37.88479],[-4.7862,37.88343]]}},{"type":"Feature","properties":{"name":"","kind":"road","road":"pedestrian","osm":887899635},"geometry":{"type":"LineString","coordinates":[[-4.76931,37.88329],[-4.7695,37.88324],[-4.76956,37.88323]]}},{"type":"Feature","properties":{"name":"Calle Siete Revueltas","kind":"road","road":"pedestrian","osm":887921379},"geometry":{"type":"LineString","coordinates":[[-4.769,37.88317],[-4.76902,37.88317],[-4.76917,37.88314],[-4.76917,37.88301]]}},{"type":"Feature","properties":{"name":"Calleja del Santísimo","kind":"road","road":"pedestrian","osm":888199562},"geometry":{"type":"LineString","coordinates":[[-4.76865,37.88318],[-4.76865,37.88269]]}},{"type":"Feature","properties":{"name":"Calle Aceite","kind":"road","road":"pedestrian","osm":889330096},"geometry":{"type":"LineString","coordinates":[[-4.77025,37.88186],[-4.77031,37.88186],[-4.77028,37.88208]]}},{"type":"Feature","properties":{"name":"","kind":"road","road":"pedestrian","osm":889330097},"geometry":{"type":"LineString","coordinates":[[-4.77015,37.88206],[-4.77014,37.88216],[-4.77015,37.88226]]}},{"type":"Feature","properties":{"name":"","kind":"road","road":"primary","osm":899896920},"geometry":{"type":"LineString","coordinates":[[-4.78585,37.87967],[-4.78584,37.87974]]}},{"type":"Feature","properties":{"name":"Calle Acera de Guerrita","kind":"road","road":"secondary","osm":899986052},"geometry":{"type":"LineString","coordinates":[[-4.78017,37.89162],[-4.78015,37.89152]]}},{"type":"Feature","properties":{"name":"","kind":"road","road":"secondary","osm":899986053},"geometry":{"type":"LineString","coordinates":[[-4.78017,37.89162],[-4.78019,37.89178]]}},{"type":"Feature","properties":{"name":"Calle Acera de Guerrita","kind":"road","road":"secondary","osm":899986054},"geometry":{"type":"LineString","coordinates":[[-4.78015,37.89152],[-4.78015,37.89151],[-4.78014,37.89149],[-4.78012,37.89147],[-4.78001,37.89132],[-4.77996,37.89123],[-4.77989,37.89107]]}},{"type":"Feature","properties":{"name":"Avenida de las Ollerías","kind":"road","road":"secondary","osm":899986058},"geometry":{"type":"LineString","coordinates":[[-4.77792,37.89141],[-4.77792,37.89157],[-4.77792,37.89162],[-4.77792,37.89166],[-4.77792,37.89167]]}},{"type":"Feature","properties":{"name":"Plaza de Colón","kind":"road","road":"secondary","osm":899986222},"geometry":{"type":"LineString","coordinates":[[-4.7793,37.88944],[-4.77925,37.88934],[-4.77921,37.88929]]}},{"type":"Feature","properties":{"name":"Plaza de Capuchinas","kind":"road","road":"pedestrian","osm":910871420},"geometry":{"type":"LineString","coordinates":[[-4.77868,37.88575],[-4.77867,37.88576],[-4.77852,37.88577],[-4.77852,37.88574],[-4.77852,37.88571],[-4.77852,37.88569],[-4.77852,37.8855],[-4.77854,37.8855],[-4.77865,37.88548],[-4.77869,37.88547],[-4.7787,37.88561],[-4.77871,37.88564],[-4.77871,37.88575],[-4.77868,37.88575]]}},{"type":"Feature","properties":{"name":"Calle Campo Madre de Dios","kind":"road","road":"pedestrian","osm":914767230},"geometry":{"type":"LineString","coordinates":[[-4.76671,37.88344],[-4.76679,37.88336],[-4.7668,37.88335],[-4.76699,37.88231],[-4.76697,37.88229],[-4.76691,37.88225]]}},{"type":"Feature","properties":{"name":"","kind":"road","road":"primary","osm":921610425},"geometry":{"type":"LineString","coordinates":[[-4.781,37.87119],[-4.78111,37.87124],[-4.78114,37.87126],[-4.78115,37.87127]]}},{"type":"Feature","properties":{"name":"","kind":"road","road":"primary","osm":921610426},"geometry":{"type":"LineString","coordinates":[[-4.78119,37.87122],[-4.78106,37.87114]]}},{"type":"Feature","properties":{"name":"Calleja Manchego","kind":"road","road":"pedestrian","osm":921610427},"geometry":{"type":"LineString","coordinates":[[-4.77706,37.87089],[-4.77638,37.8714]]}},{"type":"Feature","properties":{"name":"","kind":"road","road":"tertiary","osm":921610432},"geometry":{"type":"LineString","coordinates":[[-4.76737,37.88073],[-4.7674,37.88074],[-4.76742,37.88075],[-4.76745,37.88075],[-4.76748,37.88076],[-4.7675,37.88076],[-4.76753,37.88076]]}},{"type":"Feature","properties":{"name":"","kind":"road","road":"tertiary","osm":921610434},"geometry":{"type":"LineString","coordinates":[[-4.76815,37.8806],[-4.7681,37.88057],[-4.76809,37.88057],[-4.76808,37.88056],[-4.76805,37.88056]]}},{"type":"Feature","properties":{"name":"Calle Campo Madre de Dios","kind":"road","road":"tertiary","osm":921610435},"geometry":{"type":"LineString","coordinates":[[-4.76645,37.88424],[-4.76658,37.88426]]}},{"type":"Feature","properties":{"name":"Calle Campo Madre de Dios","kind":"road","road":"tertiary","osm":921610437},"geometry":{"type":"LineString","coordinates":[[-4.76658,37.88404],[-4.76661,37.88402]]}},{"type":"Feature","properties":{"name":"Calle Campo Madre de Dios","kind":"road","road":"primary","osm":921610438},"geometry":{"type":"LineString","coordinates":[[-4.76661,37.88402],[-4.76671,37.88355],[-4.76671,37.88344],[-4.76672,37.88329],[-4.76674,37.88316],[-4.76679,37.88291],[-4.76691,37.88225],[-4.76701,37.88174]]}},{"type":"Feature","properties":{"name":"Calle Campo Madre de Dios","kind":"road","road":"tertiary","osm":921610439},"geometry":{"type":"LineString","coordinates":[[-4.76648,37.88411],[-4.76658,37.88404]]}},{"type":"Feature","properties":{"name":"Calle Campo Madre de Dios","kind":"road","road":"primary","osm":921610440},"geometry":{"type":"LineString","coordinates":[[-4.76648,37.88411],[-4.76645,37.88424]]}},{"type":"Feature","properties":{"name":"Calle Campo Madre de Dios","kind":"road","road":"primary","osm":921610441},"geometry":{"type":"LineString","coordinates":[[-4.7666,37.88409],[-4.76661,37.88402]]}},{"type":"Feature","properties":{"name":"","kind":"road","road":"primary","osm":921989578},"geometry":{"type":"LineString","coordinates":[[-4.78617,37.88051],[-4.78615,37.88048],[-4.78612,37.88045],[-4.78611,37.88042],[-4.78609,37.8804],[-4.78607,37.88035],[-4.78605,37.88031],[-4.78603,37.88027],[-4.78602,37.88023],[-4.78601,37.88018],[-4.78601,37.88015],[-4.78603,37.87991]]}},{"type":"Feature","properties":{"name":"Glorieta de la Fuensantilla","kind":"road","road":"primary","osm":922483020},"geometry":{"type":"LineString","coordinates":[[-4.76933,37.89341],[-4.76932,37.89345],[-4.76932,37.89347],[-4.76932,37.89348],[-4.76932,37.89352],[-4.76933,37.89355]]}},{"type":"Feature","properties":{"name":"Glorieta de la Fuensantilla","kind":"road","road":"primary","osm":922483021},"geometry":{"type":"LineString","coordinates":[[-4.76974,37.89329],[-4.76967,37.89327],[-4.76961,37.89326]]}},{"type":"Feature","properties":{"name":"Glorieta de la Fuensantilla","kind":"road","road":"primary","osm":922483022},"geometry":{"type":"LineString","coordinates":[[-4.76939,37.89362],[-4.76942,37.89364],[-4.76945,37.89366],[-4.76949,37.89368]]}},{"type":"Feature","properties":{"name":"Paseo de las Margaritas","kind":"road","road":"primary","osm":922483052},"geometry":{"type":"LineString","coordinates":[[-4.78724,37.88886],[-4.78726,37.88889],[-4.78727,37.88891],[-4.78761,37.88949],[-4.78764,37.88953],[-4.78765,37.88956],[-4.78766,37.88957]]}},{"type":"Feature","properties":{"name":"Calle Manolo Rosa","kind":"road","road":"pedestrian","osm":922842921},"geometry":{"type":"LineString","coordinates":[[-4.77992,37.89383],[-4.77972,37.89352]]}},{"type":"Feature","properties":{"name":"Calle Vinagreros","kind":"road","road":"pedestrian","osm":922842923},"geometry":{"type":"LineString","coordinates":[[-4.77378,37.88141],[-4.77356,37.8812]]}},{"type":"Feature","properties":{"name":"Plaza de la Alhóndiga","kind":"road","road":"pedestrian","osm":922842924},"geometry":{"type":"LineString","coordinates":[[-4.77752,37.87901],[-4.77748,37.87897],[-4.77736,37.87904],[-4.77718,37.87914]]}},{"type":"Feature","properties":{"name":"Plaza de la Alhóndiga","kind":"road","road":"pedestrian","osm":922842925},"geometry":{"type":"LineString","coordinates":[[-4.7774,37.87908],[-4.77736,37.87904]]}},{"type":"Feature","properties":{"name":"Plaza de la Alhóndiga","kind":"road","road":"pedestrian","osm":922842926},"geometry":{"type":"LineString","coordinates":[[-4.77718,37.87914],[-4.77711,37.87911]]}},{"type":"Feature","properties":{"name":"Plaza Puerta del Rincón","kind":"road","road":"pedestrian","osm":922859320},"geometry":{"type":"LineString","coordinates":[[-4.77608,37.88913],[-4.77608,37.88898],[-4.77608,37.88881]]}},{"type":"Feature","properties":{"name":"Calleja del Indiano","kind":"road","road":"pedestrian","osm":922868427},"geometry":{"type":"LineString","coordinates":[[-4.78259,37.88139],[-4.78258,37.88137]]}},{"type":"Feature","properties":{"name":"Calleja del Indiano","kind":"road","road":"pedestrian","osm":922868428},"geometry":{"type":"LineString","coordinates":[[-4.78259,37.88141],[-4.78259,37.88139]]}},{"type":"Feature","properties":{"name":"Calle de Josefa Alonso Prieto \"La Vinagra\"","kind":"road","road":"pedestrian","osm":922868429},"geometry":{"type":"LineString","coordinates":[[-4.76954,37.89193],[-4.7695,37.89196]]}},{"type":"Feature","properties":{"name":"Calle de Josefa Alonso Prieto \"La Vinagra\"","kind":"road","road":"pedestrian","osm":922868430},"geometry":{"type":"LineString","coordinates":[[-4.7695,37.89196],[-4.76911,37.89216]]}},{"type":"Feature","properties":{"name":"Paseo de las Margaritas","kind":"road","road":"primary","osm":923048162},"geometry":{"type":"LineString","coordinates":[[-4.78766,37.88957],[-4.78767,37.88964],[-4.7877,37.88972],[-4.78772,37.8898],[-4.78769,37.88992],[-4.78769,37.88994],[-4.7877,37.88997]]}},{"type":"Feature","properties":{"name":"Paseo de las Margaritas","kind":"road","road":"primary","osm":923048163},"geometry":{"type":"LineString","coordinates":[[-4.78711,37.8888],[-4.78715,37.88881],[-4.78719,37.88883],[-4.78724,37.88886]]}},{"type":"Feature","properties":{"name":"Paseo de las Margaritas","kind":"road","road":"primary","osm":923048164},"geometry":{"type":"LineString","coordinates":[[-4.78724,37.88886],[-4.78722,37.88882],[-4.78712,37.88868]]}},{"type":"Feature","properties":{"name":"Glorieta de las Tres Culturas","kind":"road","road":"primary","osm":923048165},"geometry":{"type":"LineString","coordinates":[[-4.7877,37.88997],[-4.78793,37.88985],[-4.78819,37.88974]]}},{"type":"Feature","properties":{"name":"","kind":"park","road":"","osm":923048169},"geometry":{"type":"Polygon","coordinates":[[[-4.78776,37.88956],[-4.78775,37.88956],[-4.78775,37.88955],[-4.78775,37.88954],[-4.78776,37.88954],[-4.78777,37.88954],[-4.78778,37.88955],[-4.78777,37.88955],[-4.78777,37.88956],[-4.78776,37.88956]]]}},{"type":"Feature","properties":{"name":"","kind":"park","road":"","osm":923048170},"geometry":{"type":"Polygon","coordinates":[[[-4.7877,37.88946],[-4.78769,37.88946],[-4.78769,37.88945],[-4.78769,37.88944],[-4.7877,37.88944],[-4.78771,37.88944],[-4.78772,37.88945],[-4.78771,37.88945],[-4.78771,37.88946],[-4.7877,37.88946]]]}},{"type":"Feature","properties":{"name":"","kind":"park","road":"","osm":923048171},"geometry":{"type":"Polygon","coordinates":[[[-4.78766,37.8894],[-4.78765,37.88939],[-4.78765,37.88938],[-4.78766,37.88938],[-4.78767,37.88938],[-4.78768,37.88938],[-4.78768,37.88939],[-4.78767,37.8894],[-4.78766,37.8894]]]}},{"type":"Feature","properties":{"name":"","kind":"park","road":"","osm":923048172},"geometry":{"type":"Polygon","coordinates":[[[-4.78763,37.88934],[-4.78762,37.88933],[-4.78762,37.88932],[-4.78762,37.88931],[-4.78763,37.88931],[-4.78764,37.88932],[-4.78764,37.88933],[-4.78763,37.88933],[-4.78763,37.88934]]]}},{"type":"Feature","properties":{"name":"","kind":"park","road":"","osm":923048173},"geometry":{"type":"Polygon","coordinates":[[[-4.78759,37.88928],[-4.78759,37.88927],[-4.78758,37.88927],[-4.78758,37.88926],[-4.78759,37.88926],[-4.78759,37.88925],[-4.7876,37.88926],[-4.78761,37.88926],[-4.78761,37.88927],[-4.7876,37.88927],[-4.7876,37.88928],[-4.78759,37.88928]]]}},{"type":"Feature","properties":{"name":"","kind":"park","road":"","osm":923048174},"geometry":{"type":"Polygon","coordinates":[[[-4.78755,37.88922],[-4.78755,37.88921],[-4.78754,37.88921],[-4.78754,37.8892],[-4.78755,37.8892],[-4.78756,37.8892],[-4.78757,37.8892],[-4.78757,37.88921],[-4.78756,37.88922],[-4.78755,37.88922]]]}},{"type":"Feature","properties":{"name":"","kind":"park","road":"","osm":923048175},"geometry":{"type":"Polygon","coordinates":[[[-4.78752,37.88916],[-4.78751,37.88915],[-4.78751,37.88914],[-4.78752,37.88914],[-4.78753,37.88914],[-4.78754,37.88914],[-4.78754,37.88915],[-4.78753,37.88915],[-4.78753,37.88916],[-4.78752,37.88916]]]}},{"type":"Feature","properties":{"name":"","kind":"park","road":"","osm":923048176},"geometry":{"type":"Polygon","coordinates":[[[-4.78749,37.8891],[-4.78748,37.8891],[-4.78748,37.88909],[-4.78747,37.88909],[-4.78748,37.88908],[-4.78749,37.88908],[-4.7875,37.88908],[-4.7875,37.88909],[-4.78749,37.8891]]]}},{"type":"Feature","properties":{"name":"","kind":"park","road":"","osm":923048177},"geometry":{"type":"Polygon","coordinates":[[[-4.78745,37.88903],[-4.78744,37.88903],[-4.78743,37.88902],[-4.78744,37.88902],[-4.78744,37.88901],[-4.78745,37.88901],[-4.78746,37.88901],[-4.78746,37.88902],[-4.78746,37.88903],[-4.78745,37.88903]]]}},{"type":"Feature","properties":{"name":"","kind":"park","road":"","osm":923048178},"geometry":{"type":"Polygon","coordinates":[[[-4.78741,37.88897],[-4.7874,37.88897],[-4.7874,37.88896],[-4.7874,37.88895],[-4.78741,37.88895],[-4.78742,37.88895],[-4.78742,37.88896],[-4.78742,37.88897],[-4.78741,37.88897]]]}},{"type":"Feature","properties":{"name":"","kind":"park","road":"","osm":923048179},"geometry":{"type":"Polygon","coordinates":[[[-4.78738,37.88891],[-4.78737,37.88891],[-4.78737,37.8889],[-4.78737,37.88889],[-4.78738,37.88889],[-4.78739,37.88889],[-4.78739,37.8889],[-4.78739,37.88891],[-4.78738,37.88891]]]}},{"type":"Feature","properties":{"name":"","kind":"park","road":"","osm":923048180},"geometry":{"type":"Polygon","coordinates":[[[-4.7873,37.88879],[-4.78729,37.88878],[-4.78729,37.88877],[-4.7873,37.88877],[-4.78731,37.88877],[-4.78732,37.88877],[-4.78732,37.88878],[-4.78731,37.88878],[-4.78731,37.88879],[-4.7873,37.88879]]]}},{"type":"Feature","properties":{"name":"","kind":"park","road":"","osm":923048181},"geometry":{"type":"Polygon","coordinates":[[[-4.78727,37.88873],[-4.78726,37.88873],[-4.78726,37.88872],[-4.78727,37.88871],[-4.78728,37.88871],[-4.78729,37.88872],[-4.78729,37.88873],[-4.78728,37.88873],[-4.78727,37.88873]]]}},{"type":"Feature","properties":{"name":"Plaza de San Miguel","kind":"road","road":"pedestrian","osm":925495740},"geometry":{"type":"LineString","coordinates":[[-4.77933,37.8861],[-4.7793,37.88611],[-4.77924,37.8861],[-4.7792,37.88602],[-4.77917,37.8859],[-4.77914,37.88592]]}},{"type":"Feature","properties":{"name":"Avenida Tenor Pedro Lavirgen","kind":"road","road":"primary","osm":925818891},"geometry":{"type":"LineString","coordinates":[[-4.78811,37.89286],[-4.78812,37.89293],[-4.78812,37.89303],[-4.78812,37.89367],[-4.78812,37.89389],[-4.78811,37.89394],[-4.78807,37.89415],[-4.78795,37.89465],[-4.78776,37.89512],[-4.78749,37.89565],[-4.78741,37.89579],[-4.78737,37.89585],[-4.78734,37.89589],[-4.78724,37.896]]}},{"type":"Feature","properties":{"name":"Calle Músico Antonio de Cabezón","kind":"road","road":"tertiary","osm":925818892},"geometry":{"type":"LineString","coordinates":[[-4.7882,37.89282],[-4.78811,37.89286]]}},{"type":"Feature","properties":{"name":"Avenida Tenor Pedro Lavirgen","kind":"road","road":"primary","osm":925818893},"geometry":{"type":"LineString","coordinates":[[-4.7882,37.89282],[-4.78818,37.89266],[-4.78814,37.89238],[-4.78807,37.89177],[-4.78801,37.89131],[-4.78797,37.891],[-4.78794,37.89072],[-4.78792,37.89057],[-4.78792,37.89053],[-4.78791,37.8905],[-4.78788,37.89022],[-4.78788,37.89017],[-4.78796,37.89008]]}},{"type":"Feature","properties":{"name":"Avenida Barcelona","kind":"road","road":"primary","osm":925828897},"geometry":{"type":"LineString","coordinates":[[-4.76431,37.88915],[-4.76435,37.88933],[-4.76438,37.88943]]}},{"type":"Feature","properties":{"name":"Río Guadalquivir","kind":"river","road":"","osm":926120736},"geometry":{"type":"LineString","coordinates":[[-4.76991,37.87772],[-4.76953,37.8784],[-4.76946,37.87874],[-4.7695,37.87901],[-4.76967,37.87924],[-4.77017,37.87966],[-4.77072,37.87993],[-4.77128,37.88004],[-4.77212,37.88003]]}},{"type":"Feature","properties":{"name":"Plaza Don Luis de Venegas","kind":"road","road":"pedestrian","osm":926288077},"geometry":{"type":"LineString","coordinates":[[-4.77245,37.88417],[-4.77241,37.88436]]}},{"type":"Feature","properties":{"name":"Plaza Don Luis de Venegas","kind":"road","road":"pedestrian","osm":926288078},"geometry":{"type":"LineString","coordinates":[[-4.77183,37.88449],[-4.77183,37.88446],[-4.77184,37.88433],[-4.77184,37.88431]]}},{"type":"Feature","properties":{"name":"Plaza Jesús del Prendimiento","kind":"road","road":"pedestrian","osm":926288086},"geometry":{"type":"LineString","coordinates":[[-4.76883,37.88672],[-4.76866,37.88673],[-4.76867,37.88658],[-4.76886,37.88661],[-4.76883,37.88672]]}},{"type":"Feature","properties":{"name":"Calle María Fernández Carmona \"Mariquita\"","kind":"road","road":"pedestrian","osm":926288097},"geometry":{"type":"LineString","coordinates":[[-4.76919,37.89155],[-4.76923,37.89153]]}},{"type":"Feature","properties":{"name":"Calle María Fernández Carmona \"Mariquita\"","kind":"road","road":"pedestrian","osm":926288098},"geometry":{"type":"LineString","coordinates":[[-4.76923,37.89153],[-4.76925,37.89152]]}},{"type":"Feature","properties":{"name":"Calle Horno","kind":"road","road":"pedestrian","osm":935033628},"geometry":{"type":"LineString","coordinates":[[-4.77506,37.87589],[-4.77523,37.87606]]}},{"type":"Feature","properties":{"name":"Calle Nuestro Padre Jesús de los Reyes","kind":"road","road":"secondary","osm":935052836},"geometry":{"type":"LineString","coordinates":[[-4.7761,37.87419],[-4.77631,37.87428],[-4.77657,37.87441]]}},{"type":"Feature","properties":{"name":"Plaza Pintor Rafael Boti","kind":"road","road":"pedestrian","osm":943496213},"geometry":{"type":"LineString","coordinates":[[-4.77497,37.8915],[-4.77515,37.89142],[-4.77506,37.8913],[-4.77502,37.89125],[-4.77494,37.89128],[-4.77484,37.89132],[-4.77497,37.8915]]}},{"type":"Feature","properties":{"name":"Calle Vicente Blasco Ibáñez","kind":"road","road":"pedestrian","osm":943496214},"geometry":{"type":"LineString","coordinates":[[-4.77481,37.8916],[-4.77472,37.89164],[-4.77469,37.89163],[-4.77466,37.89163],[-4.77451,37.89156],[-4.774,37.89133],[-4.77394,37.89133],[-4.77414,37.89125],[-4.77417,37.8913],[-4.77419,37.89132],[-4.77429,37.89136],[-4.77443,37.89142],[-4.77451,37.89146],[-4.77453,37.89147],[-4.77457,37.89148],[-4.77462,37.89151],[-4.77467,37.89153],[-4.77472,37.89155],[-4.77477,37.89157],[-4.77478,37.89158],[-4.77481,37.8916]]}},{"type":"Feature","properties":{"name":"","kind":"park","road":"","osm":943496215},"geometry":{"type":"Polygon","coordinates":[[[-4.774,37.89133],[-4.77397,37.89138],[-4.77382,37.89145],[-4.77364,37.89154],[-4.77375,37.89165],[-4.77352,37.8917],[-4.77346,37.89164],[-4.77345,37.89162],[-4.7734,37.89156],[-4.77334,37.89148],[-4.77331,37.89145],[-4.77329,37.89142],[-4.77328,37.89142],[-4.77326,37.89139],[-4.77327,37.89136],[-4.7733,37.89134],[-4.77334,37.89131],[-4.77335,37.8913],[-4.77336,37.8913],[-4.77342,37.89127],[-4.77344,37.89129],[-4.77356,37.89124],[-4.77355,37.89123],[-4.77368,37.89116],[-4.7737,37.89114],[-4.77371,37.89114],[-4.77377,37.89111],[-4.77382,37.89113],[-4.77383,37.89113],[-4.77385,37.89117],[-4.77383,37.89117],[-4.77384,37.89117],[-4.77387,37.89122],[-4.77389,37.89121],[-4.77391,37.89123],[-4.77388,37.89125],[-4.77394,37.89133],[-4.774,37.89133]]]}},{"type":"Feature","properties":{"name":"Plazuela Teniente Rafael Carbonel","kind":"road","road":"pedestrian","osm":943496218},"geometry":{"type":"LineString","coordinates":[[-4.77582,37.89178],[-4.77579,37.89178],[-4.77533,37.89176],[-4.77533,37.89162],[-4.77536,37.8916],[-4.7758,37.89152],[-4.77582,37.89152],[-4.77582,37.89159],[-4.77579,37.8917],[-4.77582,37.89178]]}},{"type":"Feature","properties":{"name":"","kind":"park","road":"","osm":943496220},"geometry":{"type":"Polygon","coordinates":[[[-4.77261,37.89201],[-4.77253,37.89204],[-4.77238,37.89188],[-4.77248,37.89182],[-4.77261,37.89201]]]}},{"type":"Feature","properties":{"name":"Calle Menéndez Pelayo","kind":"road","road":"pedestrian","osm":962372775},"geometry":{"type":"LineString","coordinates":[[-4.78284,37.88555],[-4.7828,37.88556],[-4.78245,37.88562],[-4.7824,37.88564]]}},{"type":"Feature","properties":{"name":"","kind":"park","road":"","osm":964032521},"geometry":{"type":"Polygon","coordinates":[[[-4.7903,37.86876],[-4.79029,37.86871],[-4.79029,37.8687],[-4.79028,37.86869],[-4.79028,37.86864],[-4.79033,37.86862],[-4.79036,37.86863],[-4.79038,37.86865],[-4.79039,37.86868],[-4.79039,37.86871],[-4.79036,37.86874],[-4.79034,37.86876],[-4.7903,37.86876]]]}},{"type":"Feature","properties":{"name":"","kind":"park","road":"","osm":964032528},"geometry":{"type":"Polygon","coordinates":[[[-4.78903,37.86853],[-4.78906,37.8685],[-4.78905,37.86846],[-4.78902,37.86845],[-4.78899,37.86848],[-4.78895,37.86856],[-4.78892,37.86859],[-4.78886,37.86854],[-4.78879,37.86855],[-4.78873,37.86861],[-4.78868,37.86867],[-4.78878,37.86871],[-4.78883,37.86872],[-4.78891,37.8687],[-4.78901,37.86863],[-4.78901,37.86858],[-4.78901,37.86855],[-4.78903,37.86853]]]}},{"type":"Feature","properties":{"name":"","kind":"park","road":"","osm":969554215},"geometry":{"type":"Polygon","coordinates":[[[-4.79142,37.87146],[-4.79144,37.8714],[-4.79141,37.8713],[-4.79137,37.87129],[-4.79165,37.8707],[-4.79161,37.87069],[-4.79131,37.87128],[-4.79119,37.87126],[-4.79129,37.87145],[-4.79138,37.87147],[-4.79142,37.87146]]]}},{"type":"Feature","properties":{"name":"","kind":"park","road":"","osm":969554216},"geometry":{"type":"Polygon","coordinates":[[[-4.79169,37.87065],[-4.79176,37.8705],[-4.7917,37.87048],[-4.79163,37.87064],[-4.79169,37.87065]]]}},{"type":"Feature","properties":{"name":"","kind":"park","road":"","osm":969554217},"geometry":{"type":"Polygon","coordinates":[[[-4.79125,37.87084],[-4.79133,37.87066],[-4.79127,37.87057],[-4.79114,37.87039],[-4.79109,37.87039],[-4.7911,37.87117],[-4.79125,37.87084]]]}},{"type":"Feature","properties":{"name":"Calle Rodríguez Marín","kind":"road","road":"pedestrian","osm":985507764},"geometry":{"type":"LineString","coordinates":[[-4.77521,37.88384],[-4.77532,37.88384],[-4.77537,37.88381],[-4.77552,37.88383],[-4.77552,37.88381]]}},{"type":"Feature","properties":{"name":"Avenida del Campo de la Verdad","kind":"road","road":"primary","osm":997980821},"geometry":{"type":"LineString","coordinates":[[-4.76848,37.87437],[-4.76703,37.87426],[-4.76698,37.87426],[-4.76683,37.87424]]}},{"type":"Feature","properties":{"name":"Avenida del Campo de la Verdad","kind":"road","road":"primary","osm":997980822},"geometry":{"type":"LineString","coordinates":[[-4.76869,37.87439],[-4.76848,37.87437]]}},{"type":"Feature","properties":{"name":"Parque Cine Andalucía","kind":"park","road":"","osm":1000324934},"geometry":{"type":"Polygon","coordinates":[[[-4.77091,37.88355],[-4.77084,37.88356],[-4.77075,37.88358],[-4.77061,37.8836],[-4.77047,37.88363],[-4.77032,37.88367],[-4.77025,37.88369],[-4.77016,37.88358],[-4.77016,37.88356],[-4.77023,37.88354],[-4.77024,37.88357],[-4.77031,37.88354],[-4.77029,37.88351],[-4.77037,37.88348],[-4.77036,37.88346],[-4.77043,37.8834],[-4.77037,37.88334],[-4.77048,37.88326],[-4.77042,37.88322],[-4.77059,37.88312],[-4.77063,37.88316],[-4.7706,37.88318],[-4.77066,37.8833],[-4.7707,37.88329],[-4.77072,37.88333],[-4.77083,37.88331],[-4.77084,37.88342],[-4.77091,37.88348],[-4.77091,37.88355]]]}},{"type":"Feature","properties":{"name":"Carretera de Córdoba a Lora del Río","kind":"road","road":"primary","osm":1019055817},"geometry":{"type":"LineString","coordinates":[[-4.78819,37.88974],[-4.78815,37.88971],[-4.78799,37.88962],[-4.78792,37.88957],[-4.78786,37.88952]]}},{"type":"Feature","properties":{"name":"Calle de Tomás de Aquino","kind":"road","road":"tertiary","osm":1019450775},"geometry":{"type":"LineString","coordinates":[[-4.78812,37.87913],[-4.78815,37.87902]]}},{"type":"Feature","properties":{"name":"Avenida del Aeropuerto","kind":"road","road":"primary","osm":1019450776},"geometry":{"type":"LineString","coordinates":[[-4.78812,37.87913],[-4.78703,37.87957],[-4.78692,37.87961],[-4.78688,37.87962],[-4.78683,37.87963],[-4.78678,37.87963],[-4.78672,37.87963],[-4.78666,37.87963],[-4.78622,37.87961],[-4.78619,37.87961],[-4.78603,37.87961]]}},{"type":"Feature","properties":{"name":"","kind":"road","road":"pedestrian","osm":1071921100},"geometry":{"type":"LineString","coordinates":[[-4.78629,37.88499],[-4.78623,37.885],[-4.7862,37.88501],[-4.78619,37.88501],[-4.78614,37.88506],[-4.78615,37.88497],[-4.78616,37.88488],[-4.78619,37.88491],[-4.78621,37.88493],[-4.78624,37.88495],[-4.7863,37.88497],[-4.78629,37.88499]]}},{"type":"Feature","properties":{"name":"","kind":"water","road":"","osm":1072916273},"geometry":{"type":"Polygon","coordinates":[[[-4.78383,37.89466],[-4.78379,37.89461],[-4.78376,37.89463],[-4.78379,37.89468],[-4.78383,37.89466]]]}},{"type":"Feature","properties":{"name":"","kind":"water","road":"","osm":1072916274},"geometry":{"type":"Polygon","coordinates":[[[-4.78377,37.89459],[-4.78374,37.89461],[-4.7837,37.89456],[-4.78373,37.89454],[-4.78377,37.89459]]]}},{"type":"Feature","properties":{"name":"","kind":"water","road":"","osm":1072916275},"geometry":{"type":"Polygon","coordinates":[[[-4.78387,37.89473],[-4.78384,37.89468],[-4.78381,37.8947],[-4.78385,37.89474],[-4.78387,37.89473]]]}},{"type":"Feature","properties":{"name":"","kind":"park","road":"","osm":1075753028},"geometry":{"type":"Polygon","coordinates":[[[-4.77316,37.89588],[-4.77305,37.89592],[-4.77289,37.89588],[-4.77312,37.89578],[-4.77316,37.89588]]]}},{"type":"Feature","properties":{"name":"","kind":"road","road":"pedestrian","osm":1075754038},"geometry":{"type":"LineString","coordinates":[[-4.77009,37.89386],[-4.77,37.89393],[-4.76973,37.89378],[-4.76963,37.89373],[-4.76968,37.89372],[-4.76972,37.8937],[-4.76977,37.89369],[-4.76981,37.89367],[-4.76984,37.89364],[-4.76987,37.8936],[-4.76989,37.89357],[-4.76991,37.89354],[-4.76994,37.8936],[-4.77009,37.89386]]}},{"type":"Feature","properties":{"name":"Avenida Medina Azahara","kind":"road","road":"primary","osm":1079674634},"geometry":{"type":"LineString","coordinates":[[-4.78604,37.88516],[-4.78614,37.88509],[-4.78621,37.88504],[-4.78633,37.88499],[-4.78655,37.885],[-4.78831,37.88511],[-4.78935,37.88518]]}},{"type":"Feature","properties":{"name":"","kind":"road","road":"pedestrian","osm":1086494751},"geometry":{"type":"LineString","coordinates":[[-4.79263,37.89302],[-4.79268,37.89315],[-4.79261,37.89316],[-4.79167,37.89337],[-4.79145,37.89274],[-4.79257,37.89301],[-4.79263,37.89302]]}},{"type":"Feature","properties":{"name":"","kind":"park","road":"","osm":1086494753},"geometry":{"type":"Polygon","coordinates":[[[-4.79145,37.89274],[-4.79127,37.8927],[-4.79161,37.8935],[-4.79272,37.89323],[-4.79266,37.89303],[-4.79257,37.89301],[-4.79261,37.89316],[-4.79167,37.89337],[-4.79145,37.89274]]]}},{"type":"Feature","properties":{"name":"Calle Nacimiento","kind":"road","road":"pedestrian","osm":1125044391},"geometry":{"type":"LineString","coordinates":[[-4.77023,37.881],[-4.77021,37.88119],[-4.77019,37.88148]]}},{"type":"Feature","properties":{"name":"Glorieta Orquesta de Córdoba","kind":"road","road":"primary","osm":1125044676},"geometry":{"type":"LineString","coordinates":[[-4.78398,37.87273],[-4.78394,37.87278],[-4.78391,37.87282],[-4.78389,37.87285],[-4.78387,37.8729],[-4.78386,37.87292],[-4.78386,37.87295],[-4.78386,37.87296],[-4.78388,37.873]]}},{"type":"Feature","properties":{"name":"Glorieta Orquesta de Córdoba","kind":"road","road":"primary","osm":1125044677},"geometry":{"type":"LineString","coordinates":[[-4.78418,37.87307],[-4.78421,37.87304],[-4.78425,37.87301],[-4.78428,37.87298]]}},{"type":"Feature","properties":{"name":"Jardines Virgen del Rocío","kind":"park","road":"","osm":1130731324},"geometry":{"type":"Polygon","coordinates":[[[-4.77414,37.87702],[-4.77306,37.87695],[-4.773,37.87693],[-4.77269,37.87659],[-4.77403,37.87668],[-4.77414,37.87702]]]}},{"type":"Feature","properties":{"name":"Glorieta de Juan García Díaz \"Juanín\"","kind":"road","road":"primary","osm":1133064185},"geometry":{"type":"LineString","coordinates":[[-4.76507,37.87463],[-4.765,37.87465],[-4.76494,37.87467],[-4.76489,37.8747]]}},{"type":"Feature","properties":{"name":"Glorieta de Juan García Díaz \"Juanín\"","kind":"road","road":"primary","osm":1133064186},"geometry":{"type":"LineString","coordinates":[[-4.76489,37.8747],[-4.76485,37.87473],[-4.76482,37.87477]]}},{"type":"Feature","properties":{"name":"Glorieta de Juan García Díaz \"Juanín\"","kind":"road","road":"primary","osm":1133064187},"geometry":{"type":"LineString","coordinates":[[-4.76482,37.87477],[-4.76481,37.87481],[-4.7648,37.87484],[-4.7648,37.8749],[-4.7648,37.87492],[-4.76482,37.87496],[-4.76485,37.87503]]}},{"type":"Feature","properties":{"name":"Glorieta de Juan García Díaz \"Juanín\"","kind":"road","road":"primary","osm":1133064188},"geometry":{"type":"LineString","coordinates":[[-4.76485,37.87503],[-4.7649,37.87507],[-4.76496,37.8751],[-4.76502,37.87512],[-4.76508,37.87513],[-4.76517,37.87514]]}},{"type":"Feature","properties":{"name":"Glorieta de Juan García Díaz \"Juanín\"","kind":"road","road":"primary","osm":1133064189},"geometry":{"type":"LineString","coordinates":[[-4.76532,37.87508],[-4.76536,37.87505],[-4.76539,37.87502]]}},{"type":"Feature","properties":{"name":"Plaza del Gamo","kind":"road","road":"pedestrian","osm":1164204332},"geometry":{"type":"LineString","coordinates":[[-4.76721,37.88908],[-4.76707,37.88915],[-4.76689,37.88914],[-4.7667,37.88925],[-4.76665,37.88919],[-4.76707,37.88894],[-4.76721,37.88908]]}},{"type":"Feature","properties":{"name":"Calle Villaseca","kind":"road","road":"pedestrian","osm":1164204344},"geometry":{"type":"LineString","coordinates":[[-4.78035,37.88118],[-4.7803,37.88118],[-4.78016,37.88118],[-4.78,37.88121]]}},{"type":"Feature","properties":{"name":"Calle Acera de Guerrita","kind":"road","road":"secondary","osm":1164345690},"geometry":{"type":"LineString","coordinates":[[-4.77989,37.89107],[-4.7798,37.89086],[-4.77978,37.89082]]}},{"type":"Feature","properties":{"name":"Calle Nicolás Miguel Callejón","kind":"road","road":"pedestrian","osm":1167193778},"geometry":{"type":"LineString","coordinates":[[-4.77472,37.8916],[-4.77478,37.89158],[-4.77496,37.8915],[-4.77497,37.8915]]}},{"type":"Feature","properties":{"name":"Plaza de Andalucía","kind":"road","road":"primary","osm":1167323980},"geometry":{"type":"LineString","coordinates":[[-4.77935,37.87003],[-4.77932,37.86997]]}},{"type":"Feature","properties":{"name":"Plaza de Andalucía","kind":"road","road":"primary","osm":1167323981},"geometry":{"type":"LineString","coordinates":[[-4.77916,37.87031],[-4.77924,37.87027],[-4.77929,37.87022],[-4.77933,37.87016],[-4.77935,37.8701],[-4.77935,37.87003]]}},{"type":"Feature","properties":{"name":"Plaza de Andalucía","kind":"road","road":"primary","osm":1167323982},"geometry":{"type":"LineString","coordinates":[[-4.77902,37.87033],[-4.77909,37.87032],[-4.77916,37.87031]]}},{"type":"Feature","properties":{"name":"Plaza de Andalucía","kind":"road","road":"primary","osm":1167323983},"geometry":{"type":"LineString","coordinates":[[-4.77874,37.87017],[-4.77879,37.87023],[-4.77885,37.87028],[-4.77893,37.87031],[-4.77902,37.87033]]}},{"type":"Feature","properties":{"name":"Plaza de Andalucía","kind":"road","road":"primary","osm":1167323984},"geometry":{"type":"LineString","coordinates":[[-4.77872,37.87007],[-4.77873,37.87012],[-4.77874,37.87017]]}},{"type":"Feature","properties":{"name":"Plaza de Andalucía","kind":"road","road":"primary","osm":1167323985},"geometry":{"type":"LineString","coordinates":[[-4.7789,37.86986],[-4.77883,37.86989],[-4.77877,37.86995],[-4.77874,37.87001],[-4.77872,37.87007]]}},{"type":"Feature","properties":{"name":"Plaza de Andalucía","kind":"road","road":"primary","osm":1167323986},"geometry":{"type":"LineString","coordinates":[[-4.77904,37.86983],[-4.77897,37.86984],[-4.7789,37.86986]]}},{"type":"Feature","properties":{"name":"Calle Greñón","kind":"road","road":"pedestrian","osm":1171110769},"geometry":{"type":"LineString","coordinates":[[-4.77167,37.89133],[-4.77178,37.89131],[-4.77188,37.89129],[-4.77195,37.89127],[-4.77206,37.89125],[-4.77209,37.89124]]}},{"type":"Feature","properties":{"name":"Calle Nuestro Padre Jesús de los Reyes","kind":"road","road":"secondary","osm":1189247002},"geometry":{"type":"LineString","coordinates":[[-4.77657,37.87441],[-4.77708,37.87476]]}},{"type":"Feature","properties":{"name":"Plaza de las Tazas","kind":"road","road":"pedestrian","osm":1189891995},"geometry":{"type":"LineString","coordinates":[[-4.77111,37.8845],[-4.77109,37.88452],[-4.77099,37.88454],[-4.77083,37.88456],[-4.77083,37.88473],[-4.77085,37.88494]]}},{"type":"Feature","properties":{"name":"Calle Valencia","kind":"road","road":"pedestrian","osm":1192669966},"geometry":{"type":"LineString","coordinates":[[-4.77414,37.89125],[-4.77412,37.89121],[-4.77398,37.89102]]}},{"type":"Feature","properties":{"name":"Calle Vera","kind":"road","road":"pedestrian","osm":1192669967},"geometry":{"type":"LineString","coordinates":[[-4.77398,37.89102],[-4.7742,37.89092],[-4.77459,37.89075]]}},{"type":"Feature","properties":{"name":"Calle Domingo Badía","kind":"road","road":"pedestrian","osm":1193030134},"geometry":{"type":"LineString","coordinates":[[-4.76404,37.88655],[-4.76418,37.88657],[-4.76447,37.88652]]}},{"type":"Feature","properties":{"name":"Plaza Patio del Pintor Juan Miró","kind":"road","road":"pedestrian","osm":1199518872},"geometry":{"type":"LineString","coordinates":[[-4.79158,37.89456],[-4.79158,37.89455],[-4.79157,37.89453],[-4.79145,37.89424],[-4.79139,37.89422],[-4.79101,37.89431],[-4.79062,37.8944],[-4.7906,37.89445],[-4.79071,37.89474],[-4.79072,37.89475],[-4.79073,37.89477],[-4.79085,37.89508],[-4.79128,37.89498],[-4.7917,37.89488],[-4.79158,37.89456]]}},{"type":"Feature","properties":{"name":"Calle Ciegos","kind":"road","road":"pedestrian","osm":1202242487},"geometry":{"type":"LineString","coordinates":[[-4.76688,37.89021],[-4.76723,37.8901],[-4.76745,37.89002]]}},{"type":"Feature","properties":{"name":"Calle Peña","kind":"road","road":"pedestrian","osm":1202242489},"geometry":{"type":"LineString","coordinates":[[-4.77021,37.88763],[-4.77015,37.88755],[-4.77006,37.88741]]}},{"type":"Feature","properties":{"name":"Plaza Patio del Poeta Gabriel Celaya","kind":"road","road":"pedestrian","osm":1202278904},"geometry":{"type":"LineString","coordinates":[[-4.78903,37.8948],[-4.78917,37.89514],[-4.78931,37.89546],[-4.78972,37.89537],[-4.79013,37.89527],[-4.79001,37.89493],[-4.78988,37.89459],[-4.78946,37.8947],[-4.78903,37.8948]]}},{"type":"Feature","properties":{"name":"Calle Muryam","kind":"road","road":"pedestrian","osm":1203506850},"geometry":{"type":"LineString","coordinates":[[-4.77093,37.8955],[-4.77043,37.89573]]}},{"type":"Feature","properties":{"name":"Calle Gerda Taro","kind":"road","road":"pedestrian","osm":1204280036},"geometry":{"type":"LineString","coordinates":[[-4.77136,37.89595],[-4.7708,37.89621]]}},{"type":"Feature","properties":{"name":"Plazuela de Don Arias","kind":"road","road":"pedestrian","osm":1204280039},"geometry":{"type":"LineString","coordinates":[[-4.77036,37.88878],[-4.77037,37.88878],[-4.77039,37.88878],[-4.77035,37.88868],[-4.77041,37.88861],[-4.77038,37.88861],[-4.77034,37.88861],[-4.77027,37.88867],[-4.7702,37.88866],[-4.7702,37.88868],[-4.77019,37.88873],[-4.77033,37.88876],[-4.77036,37.88878]]}},{"type":"Feature","properties":{"name":"Calle San Antonio de Padua","kind":"road","road":"pedestrian","osm":1204280040},"geometry":{"type":"LineString","coordinates":[[-4.77086,37.89254],[-4.77133,37.89238]]}},{"type":"Feature","properties":{"name":"Calle San Antonio de Padua","kind":"road","road":"pedestrian","osm":1204280041},"geometry":{"type":"LineString","coordinates":[[-4.77133,37.89238],[-4.77129,37.89231],[-4.77174,37.89214]]}},{"type":"Feature","properties":{"name":"Pasaje de la Estrella","kind":"road","road":"pedestrian","osm":1204280042},"geometry":{"type":"LineString","coordinates":[[-4.77607,37.88939],[-4.77617,37.88938],[-4.77637,37.8893],[-4.77658,37.88922]]}},{"type":"Feature","properties":{"name":"Plaza Santísimo Cristo de las Penas","kind":"road","road":"pedestrian","osm":1204280043},"geometry":{"type":"LineString","coordinates":[[-4.77132,37.88207],[-4.77131,37.88208],[-4.7713,37.88208],[-4.7713,37.8821],[-4.7713,37.88215],[-4.77136,37.88216],[-4.77143,37.88218],[-4.77143,37.88215],[-4.77144,37.88208],[-4.77144,37.88206],[-4.77138,37.88206],[-4.77132,37.88207]]}},{"type":"Feature","properties":{"name":"Plaza Santa Victoria","kind":"road","road":"pedestrian","osm":1204280044},"geometry":{"type":"LineString","coordinates":[[-4.7782,37.8831],[-4.77821,37.8831],[-4.7782,37.88311],[-4.77822,37.88312],[-4.77823,37.88313],[-4.77825,37.88313],[-4.77827,37.88314],[-4.77829,37.88314],[-4.77831,37.88314],[-4.77833,37.88314],[-4.77835,37.88315],[-4.77837,37.88314],[-4.77838,37.88314],[-4.77834,37.88319],[-4.77831,37.88326],[-4.77826,37.88325],[-4.77821,37.88325],[-4.77812,37.88324],[-4.77812,37.88322],[-4.77811,37.88321],[-4.77813,37.88318],[-4.77817,37.88313],[-4.77818,37.88312],[-4.7782,37.8831]]}},{"type":"Feature","properties":{"name":"Plaza de la Alegría","kind":"road","road":"pedestrian","osm":1204280045},"geometry":{"type":"LineString","coordinates":[[-4.77277,37.89496],[-4.77294,37.8949],[-4.77312,37.89485],[-4.77317,37.89493],[-4.77321,37.89501],[-4.77325,37.89509],[-4.77329,37.89516],[-4.77332,37.89523],[-4.77336,37.8953],[-4.77344,37.89527],[-4.77342,37.89524],[-4.77352,37.8952],[-4.77349,37.89515],[-4.77343,37.89504],[-4.77339,37.89497],[-4.77334,37.89489],[-4.7733,37.89481],[-4.77326,37.89474],[-4.77322,37.89467],[-4.77317,37.89459],[-4.77316,37.89458],[-4.77309,37.8946],[-4.77305,37.89461],[-4.77295,37.89465],[-4.77285,37.89468],[-4.77276,37.89471],[-4.7727,37.89472],[-4.77266,37.89474],[-4.77273,37.89487],[-4.77274,37.8949],[-4.77277,37.89496]]}},{"type":"Feature","properties":{"name":"Calle Joaquín Sama Naharro","kind":"road","road":"tertiary","osm":1211994174},"geometry":{"type":"LineString","coordinates":[[-4.78703,37.89606],[-4.78691,37.89592],[-4.78687,37.89587],[-4.78613,37.89486]]}},{"type":"Feature","properties":{"name":"Calle Periodista Ricardo Rodríguez","kind":"road","road":"tertiary","osm":1211994177},"geometry":{"type":"LineString","coordinates":[[-4.7643,37.87825],[-4.76459,37.87803],[-4.76467,37.87797],[-4.76513,37.87759],[-4.76567,37.87717]]}},{"type":"Feature","properties":{"name":"Paseo de las Margaritas","kind":"road","road":"primary","osm":1220061247},"geometry":{"type":"LineString","coordinates":[[-4.78784,37.88967],[-4.78785,37.88959],[-4.78786,37.88952]]}},{"type":"Feature","properties":{"name":"Glorieta de la Ciudad de Nüremberg","kind":"road","road":"primary","osm":1239504741},"geometry":{"type":"LineString","coordinates":[[-4.77358,37.89611],[-4.77379,37.89607],[-4.77396,37.89602],[-4.77413,37.89595],[-4.7743,37.89587]]}},{"type":"Feature","properties":{"name":"Calle Santa María de Trassierra","kind":"road","road":"primary","osm":1239504744},"geometry":{"type":"LineString","coordinates":[[-4.78847,37.89007],[-4.78849,37.89009],[-4.78851,37.89011],[-4.78853,37.89013],[-4.78855,37.89015],[-4.78867,37.89024]]}},{"type":"Feature","properties":{"name":"Avenida Vía Augusta","kind":"road","road":"primary","osm":1241182332},"geometry":{"type":"LineString","coordinates":[[-4.78915,37.88932],[-4.78927,37.88927]]}},{"type":"Feature","properties":{"name":"","kind":"road","road":"pedestrian","osm":1242971582},"geometry":{"type":"LineString","coordinates":[[-4.7653,37.89487],[-4.76504,37.89447]]}},{"type":"Feature","properties":{"name":"Pasaje Arquitecto Félix Hernández","kind":"road","road":"pedestrian","osm":1242971583},"geometry":{"type":"LineString","coordinates":[[-4.76491,37.89503],[-4.76464,37.89464]]}},{"type":"Feature","properties":{"name":"Pasaje Platero Alcántara","kind":"road","road":"pedestrian","osm":1242971602},"geometry":{"type":"LineString","coordinates":[[-4.76513,37.87759],[-4.76542,37.87784]]}},{"type":"Feature","properties":{"name":"Calle Espalda del Santo Cristo","kind":"road","road":"pedestrian","osm":1243171188},"geometry":{"type":"LineString","coordinates":[[-4.77538,37.87596],[-4.77523,37.87606]]}},{"type":"Feature","properties":{"name":"Calle Luis Villegas Zea","kind":"road","road":"tertiary","osm":1243171193},"geometry":{"type":"LineString","coordinates":[[-4.77312,37.87724],[-4.77312,37.87718],[-4.77314,37.87713],[-4.77317,37.87708],[-4.77321,37.87705]]}},{"type":"Feature","properties":{"name":"Calle Luis Villegas Zea","kind":"road","road":"tertiary","osm":1243171194},"geometry":{"type":"LineString","coordinates":[[-4.77321,37.87705],[-4.77432,37.87713]]}},{"type":"Feature","properties":{"name":"Calle Luis Villegas Zea","kind":"road","road":"tertiary","osm":1243171195},"geometry":{"type":"LineString","coordinates":[[-4.77293,37.87702],[-4.77321,37.87705]]}},{"type":"Feature","properties":{"name":"Calle Acera del Arrecife","kind":"road","road":"pedestrian","osm":1243171198},"geometry":{"type":"LineString","coordinates":[[-4.77495,37.87511],[-4.77494,37.87514],[-4.77551,37.8755]]}},{"type":"Feature","properties":{"name":"Calle Acera Pintada","kind":"road","road":"pedestrian","osm":1243171199},"geometry":{"type":"LineString","coordinates":[[-4.77552,37.8754],[-4.77594,37.87487],[-4.77595,37.8748]]}},{"type":"Feature","properties":{"name":"Avenida Fray Albino","kind":"road","road":"pedestrian","osm":1243171203},"geometry":{"type":"LineString","coordinates":[[-4.77619,37.87572],[-4.7762,37.87565],[-4.77622,37.87557],[-4.77627,37.8755],[-4.77644,37.87535],[-4.77654,37.87526]]}},{"type":"Feature","properties":{"name":"Calle Bajada del Puente","kind":"road","road":"tertiary","osm":1243171204},"geometry":{"type":"LineString","coordinates":[[-4.77564,37.87546],[-4.77552,37.8754],[-4.77548,37.87538],[-4.77545,37.87531],[-4.77543,37.87522]]}},{"type":"Feature","properties":{"name":"Paseo Cristo del Descendimiento","kind":"road","road":"pedestrian","osm":1243171205},"geometry":{"type":"LineString","coordinates":[[-4.774,37.87454],[-4.77411,37.87445]]}},{"type":"Feature","properties":{"name":"Paseo Cristo del Descendimiento","kind":"road","road":"pedestrian","osm":1243171206},"geometry":{"type":"LineString","coordinates":[[-4.77389,37.87416],[-4.77409,37.87436],[-4.77411,37.87445],[-4.77458,37.87482]]}},{"type":"Feature","properties":{"name":"Calle Gaviones","kind":"road","road":"pedestrian","osm":1243171214},"geometry":{"type":"LineString","coordinates":[[-4.77119,37.87048],[-4.77145,37.87039]]}},{"type":"Feature","properties":{"name":"Calle Gaviones","kind":"road","road":"pedestrian","osm":1243171216},"geometry":{"type":"LineString","coordinates":[[-4.77179,37.87204],[-4.77225,37.87187]]}},{"type":"Feature","properties":{"name":"Plaza Canónigo Torres Molina","kind":"road","road":"pedestrian","osm":1249448513},"geometry":{"type":"LineString","coordinates":[[-4.77869,37.8781],[-4.77855,37.87789]]}},{"type":"Feature","properties":{"name":"Avenida de los Almogávares","kind":"road","road":"primary","osm":1250738812},"geometry":{"type":"LineString","coordinates":[[-4.77003,37.89369],[-4.76996,37.89358],[-4.76986,37.89343]]}},{"type":"Feature","properties":{"name":"Calle Alonso El Sabio","kind":"road","road":"primary","osm":1250738817},"geometry":{"type":"LineString","coordinates":[[-4.77325,37.89565],[-4.77306,37.89573]]}},{"type":"Feature","properties":{"name":"","kind":"park","road":"","osm":1250738820},"geometry":{"type":"Polygon","coordinates":[[[-4.77602,37.8949],[-4.776,37.89487],[-4.77559,37.89504],[-4.77561,37.89508],[-4.77602,37.8949]]]}},{"type":"Feature","properties":{"name":"","kind":"park","road":"","osm":1250738821},"geometry":{"type":"Polygon","coordinates":[[[-4.77546,37.89514],[-4.77544,37.89511],[-4.77503,37.89528],[-4.77505,37.89532],[-4.77546,37.89514]]]}},{"type":"Feature","properties":{"name":"","kind":"park","road":"","osm":1250738822},"geometry":{"type":"Polygon","coordinates":[[[-4.7749,37.89538],[-4.77488,37.89535],[-4.77449,37.89552],[-4.77451,37.89555],[-4.7749,37.89538]]]}},{"type":"Feature","properties":{"name":"Calle Pintor Racionero Castro","kind":"road","road":"tertiary","osm":1250738850},"geometry":{"type":"LineString","coordinates":[[-4.78053,37.89543],[-4.78038,37.89545],[-4.78015,37.89548],[-4.77993,37.89552],[-4.77952,37.8956],[-4.77927,37.89566]]}},{"type":"Feature","properties":{"name":"Avenida de América","kind":"road","road":"primary","osm":1250775646},"geometry":{"type":"LineString","coordinates":[[-4.79047,37.88734],[-4.78988,37.88757],[-4.78984,37.88758],[-4.78966,37.88765],[-4.78951,37.88771],[-4.78933,37.88778],[-4.78908,37.88789],[-4.78853,37.88811],[-4.78758,37.88848]]}},{"type":"Feature","properties":{"name":"Plaza Patio del Poeta Luis Rosales","kind":"road","road":"pedestrian","osm":1250775668},"geometry":{"type":"LineString","coordinates":[[-4.78913,37.89273],[-4.78914,37.89277],[-4.78924,37.89301],[-4.78934,37.89329],[-4.78898,37.89337],[-4.78865,37.89344],[-4.78865,37.89339],[-4.78865,37.89308],[-4.78853,37.89308],[-4.78848,37.89306],[-4.78883,37.89289],[-4.78913,37.89273]]}},{"type":"Feature","properties":{"name":"Calle Músico Tomás Luis de Victoria","kind":"road","road":"secondary","osm":1250775671},"geometry":{"type":"LineString","coordinates":[[-4.78982,37.89348],[-4.78977,37.89333],[-4.78951,37.89264]]}},{"type":"Feature","properties":{"name":"Avenida Don Luis de Cañete","kind":"road","road":"tertiary","osm":1250775677},"geometry":{"type":"LineString","coordinates":[[-4.78801,37.8947],[-4.7881,37.8947],[-4.78819,37.8947],[-4.78857,37.89461]]}},{"type":"Feature","properties":{"name":"Avenida Don Luis de Cañete","kind":"road","road":"tertiary","osm":1250775694},"geometry":{"type":"LineString","coordinates":[[-4.79013,37.89423],[-4.79002,37.89425],[-4.78936,37.89442],[-4.78868,37.89459],[-4.78857,37.89461]]}},{"type":"Feature","properties":{"name":"Calle Músico Tomás Luis de Victoria","kind":"road","road":"secondary","osm":1250775695},"geometry":{"type":"LineString","coordinates":[[-4.79013,37.89423],[-4.78982,37.89348]]}},{"type":"Feature","properties":{"name":"Plaza de la Constancia","kind":"road","road":"pedestrian","osm":1251086760},"geometry":{"type":"LineString","coordinates":[[-4.78373,37.89447],[-4.78396,37.89479]]}},{"type":"Feature","properties":{"name":"Avenida del Gran Capitán","kind":"road","road":"primary","osm":1251086762},"geometry":{"type":"LineString","coordinates":[[-4.78357,37.89462],[-4.78355,37.89449],[-4.78349,37.8941],[-4.78347,37.89396]]}},{"type":"Feature","properties":{"name":"Calle Joaquín Sama Naharro","kind":"road","road":"tertiary","osm":1251086770},"geometry":{"type":"LineString","coordinates":[[-4.78554,37.89408],[-4.78559,37.89414],[-4.78613,37.89486]]}},{"type":"Feature","properties":{"name":"Calle Goya","kind":"road","road":"tertiary","osm":1251086771},"geometry":{"type":"LineString","coordinates":[[-4.78554,37.89408],[-4.7851,37.89429],[-4.7848,37.89443],[-4.78475,37.89446],[-4.78398,37.89482],[-4.78394,37.89484],[-4.78376,37.89492]]}},{"type":"Feature","properties":{"name":"Calle Rafael de la Hoz Arderius","kind":"road","road":"pedestrian","osm":1251086773},"geometry":{"type":"LineString","coordinates":[[-4.78332,37.89233],[-4.78324,37.89234]]}},{"type":"Feature","properties":{"name":"Calle Rafael de la Hoz Arderius","kind":"road","road":"pedestrian","osm":1251086774},"geometry":{"type":"LineString","coordinates":[[-4.78402,37.89202],[-4.78397,37.89204],[-4.78343,37.89228],[-4.78341,37.89229],[-4.78332,37.89233]]}},{"type":"Feature","properties":{"name":"Plaza de la Facultad de Veterinaria","kind":"road","road":"pedestrian","osm":1252269141},"geometry":{"type":"LineString","coordinates":[[-4.78865,37.88497],[-4.78865,37.88498],[-4.78836,37.88497],[-4.78836,37.88496],[-4.78836,37.88495],[-4.78837,37.88489],[-4.78837,37.88483],[-4.78838,37.88474],[-4.78839,37.88466],[-4.78842,37.88467],[-4.78841,37.88471],[-4.78851,37.88471],[-4.78851,37.88469],[-4.78854,37.88469],[-4.78854,37.88472],[-4.78864,37.88472],[-4.78865,37.88469],[-4.78867,37.88469],[-4.78867,37.88476],[-4.78866,37.88484],[-4.78866,37.8849],[-4.78865,37.88496],[-4.78865,37.88497]]}},{"type":"Feature","properties":{"name":"Calle de la Luna","kind":"road","road":"pedestrian","osm":1252269148},"geometry":{"type":"LineString","coordinates":[[-4.78289,37.87845],[-4.7828,37.87848],[-4.78278,37.87854]]}},{"type":"Feature","properties":{"name":"Calle Tomás Conde","kind":"road","road":"pedestrian","osm":1252269149},"geometry":{"type":"LineString","coordinates":[[-4.78257,37.87925],[-4.78252,37.87919],[-4.7824,37.87899],[-4.78237,37.87895],[-4.78236,37.87894]]}},{"type":"Feature","properties":{"name":"Plaza Pintor Miguel del Moral Gómez","kind":"road","road":"pedestrian","osm":1252269150},"geometry":{"type":"LineString","coordinates":[[-4.78073,37.88],[-4.78075,37.88008],[-4.78071,37.88008],[-4.78069,37.88008],[-4.78068,37.88005],[-4.78067,37.88002],[-4.78067,37.87999],[-4.78071,37.87998],[-4.78071,37.88001],[-4.78072,37.88001],[-4.78073,37.88]]}},{"type":"Feature","properties":{"name":"Pasaje Arquitecto Manuel Pastor","kind":"road","road":"pedestrian","osm":1252269152},"geometry":{"type":"LineString","coordinates":[[-4.78105,37.88056],[-4.78098,37.88069],[-4.78112,37.88075]]}},{"type":"Feature","properties":{"name":"Pasaje Arquitecto Manuel Pastor","kind":"road","road":"pedestrian","osm":1252269153},"geometry":{"type":"LineString","coordinates":[[-4.78114,37.88041],[-4.78112,37.88044]]}},{"type":"Feature","properties":{"name":"Pasaje Arquitecto Manuel Pastor","kind":"road","road":"pedestrian","osm":1252269154},"geometry":{"type":"LineString","coordinates":[[-4.78112,37.88044],[-4.78105,37.88056]]}},{"type":"Feature","properties":{"name":"Plaza de la Alhóndiga","kind":"road","road":"pedestrian","osm":1252275712},"geometry":{"type":"LineString","coordinates":[[-4.77718,37.87914],[-4.77724,37.8792]]}},{"type":"Feature","properties":{"name":"Plaza de la Trinidad","kind":"road","road":"pedestrian","osm":1253213180},"geometry":{"type":"LineString","coordinates":[[-4.78303,37.88247],[-4.78316,37.88251]]}},{"type":"Feature","properties":{"name":"Plaza del Profesor López Neyra","kind":"road","road":"pedestrian","osm":1253213181},"geometry":{"type":"LineString","coordinates":[[-4.78349,37.88185],[-4.78346,37.88185],[-4.78343,37.88185],[-4.78334,37.88184],[-4.78327,37.88184],[-4.78327,37.88178],[-4.78327,37.88169]]}},{"type":"Feature","properties":{"name":"Plaza Maimónides","kind":"road","road":"pedestrian","osm":1253213188},"geometry":{"type":"LineString","coordinates":[[-4.78274,37.8793],[-4.78257,37.87925]]}},{"type":"Feature","properties":{"name":"Plaza Maimónides","kind":"road","road":"pedestrian","osm":1253213189},"geometry":{"type":"LineString","coordinates":[[-4.78269,37.8794],[-4.78274,37.8793]]}},{"type":"Feature","properties":{"name":"Plaza Maimónides","kind":"road","road":"pedestrian","osm":1253213190},"geometry":{"type":"LineString","coordinates":[[-4.78289,37.87933],[-4.78274,37.8793]]}},{"type":"Feature","properties":{"name":"Pasaje Saravia","kind":"road","road":"pedestrian","osm":1253213191},"geometry":{"type":"LineString","coordinates":[[-4.78112,37.88229],[-4.78104,37.8823],[-4.781,37.88231]]}},{"type":"Feature","properties":{"name":"Calle Leiva Aguilar","kind":"road","road":"pedestrian","osm":1253213192},"geometry":{"type":"LineString","coordinates":[[-4.781,37.88231],[-4.78081,37.88199],[-4.78083,37.88199]]}},{"type":"Feature","properties":{"name":"Plaza Ángel de Torres","kind":"road","road":"pedestrian","osm":1253213193},"geometry":{"type":"LineString","coordinates":[[-4.78275,37.88139],[-4.78264,37.8814],[-4.78259,37.88141],[-4.7823,37.88148],[-4.78227,37.88148]]}},{"type":"Feature","properties":{"name":"Calle Ángel de Saavedra","kind":"road","road":"pedestrian","osm":1253213194},"geometry":{"type":"LineString","coordinates":[[-4.77977,37.88269],[-4.77979,37.88282],[-4.7798,37.88285],[-4.77984,37.88308]]}},{"type":"Feature","properties":{"name":"Calle Menéndez y Pelayo","kind":"road","road":"pedestrian","osm":1253213195},"geometry":{"type":"LineString","coordinates":[[-4.78284,37.88555],[-4.78299,37.88554]]}},{"type":"Feature","properties":{"name":"Plaza de San Ignacio de Loyola","kind":"road","road":"pedestrian","osm":1253213196},"geometry":{"type":"LineString","coordinates":[[-4.78343,37.88595],[-4.78324,37.88596]]}},{"type":"Feature","properties":{"name":"Paseo de la Victoria","kind":"road","road":"primary","osm":1253213206},"geometry":{"type":"LineString","coordinates":[[-4.785,37.88266],[-4.785,37.88271]]}},{"type":"Feature","properties":{"name":"Calle Nacimiento","kind":"road","road":"pedestrian","osm":1253611450},"geometry":{"type":"LineString","coordinates":[[-4.77021,37.88119],[-4.77005,37.88118]]}},{"type":"Feature","properties":{"name":"Calle Guadamacilero Juan Carrillo","kind":"road","road":"pedestrian","osm":1253611451},"geometry":{"type":"LineString","coordinates":[[-4.7708,37.88085],[-4.77083,37.88093],[-4.7708,37.88108],[-4.77075,37.8811],[-4.7707,37.88113],[-4.77065,37.88117],[-4.77063,37.88118],[-4.7706,37.88135],[-4.77056,37.88135]]}},{"type":"Feature","properties":{"name":"Calleja Noques","kind":"road","road":"pedestrian","osm":1253611452},"geometry":{"type":"LineString","coordinates":[[-4.77233,37.88098],[-4.77205,37.88106]]}},{"type":"Feature","properties":{"name":"Calle Arguiñán","kind":"road","road":"pedestrian","osm":1253683655},"geometry":{"type":"LineString","coordinates":[[-4.78013,37.88606],[-4.78014,37.88617],[-4.78018,37.88617],[-4.78017,37.88625],[-4.78019,37.88628],[-4.78019,37.88645]]}},{"type":"Feature","properties":{"name":"Plaza de Jerónimo Páez","kind":"road","road":"pedestrian","osm":1253875247},"geometry":{"type":"LineString","coordinates":[[-4.77784,37.8818],[-4.77799,37.88162],[-4.77793,37.88156],[-4.77792,37.88155]]}},{"type":"Feature","properties":{"name":"Plaza Elie J. Nahamias","kind":"road","road":"pedestrian","osm":1253875248},"geometry":{"type":"LineString","coordinates":[[-4.77835,37.88167],[-4.77831,37.88164],[-4.77818,37.88154],[-4.77822,37.8815],[-4.7783,37.88141],[-4.7784,37.88147],[-4.77842,37.88145],[-4.77846,37.88147],[-4.7785,37.88148],[-4.77841,37.8816],[-4.77835,37.88167]]}},{"type":"Feature","properties":{"name":"Calle Compás de San Francisco","kind":"road","road":"pedestrian","osm":1253875250},"geometry":{"type":"LineString","coordinates":[[-4.77605,37.88153],[-4.77602,37.88154],[-4.77599,37.88154],[-4.77569,37.88161]]}},{"type":"Feature","properties":{"name":"Calle Maese Luis","kind":"road","road":"pedestrian","osm":1253875256},"geometry":{"type":"LineString","coordinates":[[-4.7748,37.8826],[-4.77475,37.88259]]}},{"type":"Feature","properties":{"name":"Plaza del Realejo","kind":"road","road":"pedestrian","osm":1253917379},"geometry":{"type":"LineString","coordinates":[[-4.77151,37.88664],[-4.77173,37.88661]]}},{"type":"Feature","properties":{"name":"Calle Muro de la Misericordia","kind":"road","road":"pedestrian","osm":1254279092},"geometry":{"type":"LineString","coordinates":[[-4.77296,37.89133],[-4.77333,37.89113],[-4.77384,37.89085]]}},{"type":"Feature","properties":{"name":"Plaza de la Lagunilla","kind":"road","road":"pedestrian","osm":1254279097},"geometry":{"type":"LineString","coordinates":[[-4.77582,37.89144],[-4.77592,37.89143],[-4.77617,37.89142]]}},{"type":"Feature","properties":{"name":"Plaza de la Lagunilla","kind":"road","road":"pedestrian","osm":1254279098},"geometry":{"type":"LineString","coordinates":[[-4.77619,37.89149],[-4.77617,37.89142],[-4.77617,37.89133],[-4.77642,37.89129],[-4.77645,37.89148],[-4.77619,37.89149]]}},{"type":"Feature","properties":{"name":"Plaza de la Lagunilla","kind":"road","road":"pedestrian","osm":1254279099},"geometry":{"type":"LineString","coordinates":[[-4.77642,37.89129],[-4.77653,37.89128],[-4.77654,37.8912]]}},{"type":"Feature","properties":{"name":"Avenida de las Ollerías","kind":"road","road":"secondary","osm":1254279102},"geometry":{"type":"LineString","coordinates":[[-4.77347,37.89199],[-4.77203,37.89248],[-4.77194,37.89251]]}},{"type":"Feature","properties":{"name":"Avenida de las Ollerías","kind":"road","road":"secondary","osm":1254279103},"geometry":{"type":"LineString","coordinates":[[-4.77194,37.89251],[-4.7718,37.89256],[-4.77127,37.89275]]}},{"type":"Feature","properties":{"name":"Avenida de las Ollerías","kind":"road","road":"secondary","osm":1254279106},"geometry":{"type":"LineString","coordinates":[[-4.76982,37.89335],[-4.76994,37.8933],[-4.76997,37.89329],[-4.77,37.89327],[-4.77116,37.89286]]}},{"type":"Feature","properties":{"name":"Avenida de las Ollerías","kind":"road","road":"secondary","osm":1254279107},"geometry":{"type":"LineString","coordinates":[[-4.77116,37.89286],[-4.77136,37.89278],[-4.77184,37.89262],[-4.77198,37.89257]]}},{"type":"Feature","properties":{"name":"Avenida de las Ollerías","kind":"road","road":"secondary","osm":1254279108},"geometry":{"type":"LineString","coordinates":[[-4.77198,37.89257],[-4.77194,37.89251]]}},{"type":"Feature","properties":{"name":"Avenida de los Molinos","kind":"road","road":"secondary","osm":1254279109},"geometry":{"type":"LineString","coordinates":[[-4.77772,37.89198],[-4.77813,37.89198]]}},{"type":"Feature","properties":{"name":"Avenida de las Ollerías","kind":"road","road":"secondary","osm":1254279111},"geometry":{"type":"LineString","coordinates":[[-4.77798,37.89185],[-4.77803,37.89191],[-4.77813,37.89198]]}},{"type":"Feature","properties":{"name":"Calle Teresa López, La Chiquita Piconera","kind":"road","road":"pedestrian","osm":1254825654},"geometry":{"type":"LineString","coordinates":[[-4.77114,37.89572],[-4.77061,37.89596]]}},{"type":"Feature","properties":{"name":"Calle Lepanto","kind":"road","road":"pedestrian","osm":1254825656},"geometry":{"type":"LineString","coordinates":[[-4.7711,37.89349],[-4.77097,37.8934]]}},{"type":"Feature","properties":{"name":"Calle Polacas","kind":"road","road":"pedestrian","osm":1254825657},"geometry":{"type":"LineString","coordinates":[[-4.76959,37.88965],[-4.76933,37.88972]]}},{"type":"Feature","properties":{"name":"Plazuela de Don Arias","kind":"road","road":"pedestrian","osm":1254825658},"geometry":{"type":"LineString","coordinates":[[-4.77029,37.88869],[-4.7702,37.88868]]}},{"type":"Feature","properties":{"name":"Plazuela de Don Arias","kind":"road","road":"pedestrian","osm":1254825659},"geometry":{"type":"LineString","coordinates":[[-4.77029,37.88869],[-4.77032,37.8887],[-4.77035,37.88873],[-4.77037,37.88878]]}},{"type":"Feature","properties":{"name":"Plazuela de Don Arias","kind":"road","road":"pedestrian","osm":1254825660},"geometry":{"type":"LineString","coordinates":[[-4.77038,37.88861],[-4.77029,37.88869]]}},{"type":"Feature","properties":{"name":"Calle Roelas","kind":"road","road":"pedestrian","osm":1254825661},"geometry":{"type":"LineString","coordinates":[[-4.76949,37.88846],[-4.7694,37.88867]]}},{"type":"Feature","properties":{"name":"Calle del Conde Torres Cabrera","kind":"road","road":"pedestrian","osm":1255570876},"geometry":{"type":"LineString","coordinates":[[-4.77882,37.887],[-4.77896,37.88702]]}},{"type":"Feature","properties":{"name":"Plaza de Capuchinos","kind":"road","road":"pedestrian","osm":1255570878},"geometry":{"type":"LineString","coordinates":[[-4.77829,37.88826],[-4.77824,37.88826],[-4.77815,37.88825],[-4.77813,37.88825]]}},{"type":"Feature","properties":{"name":"Calleja de los Afligidos","kind":"road","road":"pedestrian","osm":1255570884},"geometry":{"type":"LineString","coordinates":[[-4.77672,37.88537],[-4.77672,37.88541]]}},{"type":"Feature","properties":{"name":"Calle Zamorano","kind":"road","road":"pedestrian","osm":1255570891},"geometry":{"type":"LineString","coordinates":[[-4.77556,37.88822],[-4.77568,37.88843]]}},{"type":"Feature","properties":{"name":"Calle de San Agustín","kind":"road","road":"pedestrian","osm":1255570897},"geometry":{"type":"LineString","coordinates":[[-4.77123,37.88923],[-4.77127,37.88926]]}},{"type":"Feature","properties":{"name":"Calle Pozanco","kind":"road","road":"pedestrian","osm":1255570898},"geometry":{"type":"LineString","coordinates":[[-4.7709,37.88868],[-4.77091,37.88871],[-4.77097,37.88887]]}},{"type":"Feature","properties":{"name":"Calle Francisco del Rosal","kind":"road","road":"pedestrian","osm":1255570900},"geometry":{"type":"LineString","coordinates":[[-4.7726,37.88723],[-4.77257,37.88723],[-4.77233,37.88729]]}},{"type":"Feature","properties":{"name":"Plaza de las Doblas","kind":"road","road":"pedestrian","osm":1255585387},"geometry":{"type":"LineString","coordinates":[[-4.77865,37.88847],[-4.77861,37.88848],[-4.77857,37.88849],[-4.7785,37.88851],[-4.77842,37.88852],[-4.77834,37.88852],[-4.77832,37.88851],[-4.77832,37.88844],[-4.77832,37.8884],[-4.77833,37.88838],[-4.77833,37.88834],[-4.77833,37.88828],[-4.77836,37.88822],[-4.77836,37.88824],[-4.77837,37.88825],[-4.77839,37.88826],[-4.7784,37.88827],[-4.77872,37.88827],[-4.77875,37.88827],[-4.77874,37.88829],[-4.77874,37.8883],[-4.77873,37.88831],[-4.77872,37.88838],[-4.77866,37.88838],[-4.77866,37.8884],[-4.77867,37.88845],[-4.77865,37.88847]]}},{"type":"Feature","properties":{"name":"","kind":"park","road":"","osm":1255585389},"geometry":{"type":"Polygon","coordinates":[[[-4.77844,37.88839],[-4.77843,37.88835],[-4.7785,37.88835],[-4.77854,37.88836],[-4.77858,37.88838],[-4.77859,37.8884],[-4.7785,37.88842],[-4.77849,37.88841],[-4.77848,37.8884],[-4.77847,37.88839],[-4.77845,37.88839],[-4.77844,37.88839]]]}},{"type":"Feature","properties":{"name":"","kind":"park","road":"","osm":1255585390},"geometry":{"type":"Polygon","coordinates":[[[-4.7785,37.88843],[-4.7786,37.88841],[-4.77863,37.88846],[-4.77847,37.88849],[-4.77847,37.88847],[-4.77849,37.88846],[-4.7785,37.88845],[-4.7785,37.88843]]]}},{"type":"Feature","properties":{"name":"","kind":"park","road":"","osm":1255585391},"geometry":{"type":"Polygon","coordinates":[[[-4.77845,37.8885],[-4.77845,37.88847],[-4.77843,37.88847],[-4.77842,37.88847],[-4.77841,37.88846],[-4.7784,37.88845],[-4.77833,37.88845],[-4.77833,37.8885],[-4.7784,37.8885],[-4.77845,37.8885]]]}},{"type":"Feature","properties":{"name":"","kind":"park","road":"","osm":1255585392},"geometry":{"type":"Polygon","coordinates":[[[-4.7784,37.88843],[-4.77833,37.88844],[-4.77833,37.8884],[-4.77834,37.88837],[-4.7784,37.88835],[-4.7784,37.88837],[-4.77841,37.88837],[-4.77842,37.88839],[-4.77841,37.8884],[-4.7784,37.88841],[-4.7784,37.88842],[-4.7784,37.88843]]]}},{"type":"Feature","properties":{"name":"Calleja Noques","kind":"road","road":"pedestrian","osm":1257346931},"geometry":{"type":"LineString","coordinates":[[-4.77254,37.88093],[-4.77236,37.88096]]}},{"type":"Feature","properties":{"name":"Calle Badanas","kind":"road","road":"pedestrian","osm":1257346933},"geometry":{"type":"LineString","coordinates":[[-4.77267,37.8811],[-4.77246,37.88116]]}},{"type":"Feature","properties":{"name":"Calle Romero Barros","kind":"road","road":"pedestrian","osm":1257346939},"geometry":{"type":"LineString","coordinates":[[-4.77506,37.88124],[-4.77491,37.88129]]}},{"type":"Feature","properties":{"name":"Calle Candelaria","kind":"road","road":"pedestrian","osm":1257346940},"geometry":{"type":"LineString","coordinates":[[-4.77381,37.88209],[-4.77351,37.88211]]}},{"type":"Feature","properties":{"name":"Calle Padre Cosme Muñoz","kind":"road","road":"pedestrian","osm":1257346941},"geometry":{"type":"LineString","coordinates":[[-4.77368,37.88232],[-4.77366,37.88233],[-4.77369,37.88248]]}},{"type":"Feature","properties":{"name":"Calle Barrionuevo","kind":"road","road":"pedestrian","osm":1257346945},"geometry":{"type":"LineString","coordinates":[[-4.76785,37.88185],[-4.76785,37.88187],[-4.76781,37.88205],[-4.76778,37.88222],[-4.76775,37.88233]]}},{"type":"Feature","properties":{"name":"","kind":"road","road":"primary","osm":1271392899},"geometry":{"type":"LineString","coordinates":[[-4.78982,37.89125],[-4.78977,37.89131],[-4.78978,37.89139],[-4.78983,37.89147],[-4.78989,37.8915],[-4.78995,37.89153]]}},{"type":"Feature","properties":{"name":"Calle Ricardo Montis","kind":"road","road":"pedestrian","osm":1284606821},"geometry":{"type":"LineString","coordinates":[[-4.78012,37.88175],[-4.78053,37.8818]]}},{"type":"Feature","properties":{"name":"Avenida Medina Azahara","kind":"road","road":"primary","osm":1301281106},"geometry":{"type":"LineString","coordinates":[[-4.79115,37.88528],[-4.79146,37.88529],[-4.7915,37.88529],[-4.7917,37.8853],[-4.79202,37.88532],[-4.79283,37.88536],[-4.79396,37.88543],[-4.794,37.88543],[-4.79418,37.88543],[-4.79431,37.88542],[-4.79471,37.88539]]}},{"type":"Feature","properties":{"name":"Avenida Medina Azahara","kind":"road","road":"primary","osm":1301281108},"geometry":{"type":"LineString","coordinates":[[-4.79124,37.88521],[-4.79101,37.8852]]}},{"type":"Feature","properties":{"name":"Avenida Medina Azahara","kind":"road","road":"primary","osm":1301281109},"geometry":{"type":"LineString","coordinates":[[-4.79101,37.8852],[-4.79002,37.88514],[-4.78989,37.88514],[-4.78955,37.88512],[-4.78939,37.88511],[-4.7893,37.8851],[-4.78849,37.88506],[-4.78831,37.88505],[-4.78769,37.88502],[-4.78744,37.885],[-4.78686,37.88498],[-4.78656,37.88496],[-4.78633,37.88494],[-4.78626,37.88491],[-4.78623,37.8849],[-4.78607,37.88479]]}},{"type":"Feature","properties":{"name":"Avenida Medina Azahara","kind":"road","road":"primary","osm":1301281110},"geometry":{"type":"LineString","coordinates":[[-4.791,37.88527],[-4.79115,37.88528]]}},{"type":"Feature","properties":{"name":"Plaza de Colón","kind":"road","road":"secondary","osm":1303005352},"geometry":{"type":"LineString","coordinates":[[-4.77822,37.88914],[-4.77789,37.88909]]}},{"type":"Feature","properties":{"name":"Avenida de los Mozárabes","kind":"road","road":"primary","osm":1303023921},"geometry":{"type":"LineString","coordinates":[[-4.78714,37.88845],[-4.78689,37.88812],[-4.7868,37.88801],[-4.78658,37.88774]]}},{"type":"Feature","properties":{"name":"Avenida de los Mozárabes","kind":"road","road":"primary","osm":1303023922},"geometry":{"type":"LineString","coordinates":[[-4.78658,37.88774],[-4.78643,37.88749],[-4.78628,37.88721],[-4.78623,37.8871]]}},{"type":"Feature","properties":{"name":"Calleja Padre Posadas","kind":"road","road":"pedestrian","osm":1314921879},"geometry":{"type":"LineString","coordinates":[[-4.77987,37.8866],[-4.77988,37.88656],[-4.77977,37.88654]]}},{"type":"Feature","properties":{"name":"Callejón el Herrador","kind":"road","road":"pedestrian","osm":1314921880},"geometry":{"type":"LineString","coordinates":[[-4.77014,37.88612],[-4.77018,37.88594],[-4.77027,37.88595]]}},{"type":"Feature","properties":{"name":"Calleja Buenos Vinos","kind":"road","road":"pedestrian","osm":1314921881},"geometry":{"type":"LineString","coordinates":[[-4.76778,37.89065],[-4.76766,37.89075],[-4.76749,37.89093]]}},{"type":"Feature","properties":{"name":"Calle Cidros","kind":"road","road":"pedestrian","osm":1314955113},"geometry":{"type":"LineString","coordinates":[[-4.77408,37.88759],[-4.77431,37.88753],[-4.77442,37.88767],[-4.77448,37.88774],[-4.77461,37.88786]]}},{"type":"Feature","properties":{"name":"Calle Cedaceros","kind":"road","road":"pedestrian","osm":1314955114},"geometry":{"type":"LineString","coordinates":[[-4.77339,37.88376],[-4.77339,37.88366]]}},{"type":"Feature","properties":{"name":"Calle Marquesa de Valdeiglesias","kind":"road","road":"pedestrian","osm":1315463301},"geometry":{"type":"LineString","coordinates":[[-4.78362,37.87927],[-4.78355,37.87931]]}},{"type":"Feature","properties":{"name":"Calle Marqués del Villar","kind":"road","road":"pedestrian","osm":1315463302},"geometry":{"type":"LineString","coordinates":[[-4.77755,37.88235],[-4.77776,37.88241],[-4.77796,37.88249]]}},{"type":"Feature","properties":{"name":"Calle Marqués del Villar","kind":"road","road":"pedestrian","osm":1315463303},"geometry":{"type":"LineString","coordinates":[[-4.7774,37.88233],[-4.77745,37.88234],[-4.77746,37.88234],[-4.77749,37.88237],[-4.77755,37.88235],[-4.7776,37.88246]]}},{"type":"Feature","properties":{"name":"Calle Rafael Pérez León","kind":"road","road":"pedestrian","osm":1315498478},"geometry":{"type":"LineString","coordinates":[[-4.76878,37.89177],[-4.7686,37.89156],[-4.76843,37.89162],[-4.76817,37.89174],[-4.76792,37.89186]]}},{"type":"Feature","properties":{"name":"Calle Pozanco","kind":"road","road":"pedestrian","osm":1315498480},"geometry":{"type":"LineString","coordinates":[[-4.7711,37.88914],[-4.77106,37.88914],[-4.77086,37.88916]]}},{"type":"Feature","properties":{"name":"Plaza Santísimo Cristo de las Penas","kind":"road","road":"pedestrian","osm":1315504507},"geometry":{"type":"LineString","coordinates":[[-4.77136,37.88218],[-4.77136,37.88216],[-4.77136,37.88211],[-4.77131,37.88208]]}},{"type":"Feature","properties":{"name":"Calle Valderrama","kind":"road","road":"pedestrian","osm":1315504508},"geometry":{"type":"LineString","coordinates":[[-4.77113,37.88131],[-4.77101,37.88131]]}},{"type":"Feature","properties":{"name":"Pasaje de la Axerquía","kind":"road","road":"pedestrian","osm":1315572766},"geometry":{"type":"LineString","coordinates":[[-4.77486,37.88217],[-4.77494,37.88216],[-4.77497,37.88214],[-4.7752,37.88209],[-4.77514,37.88187],[-4.77503,37.88189],[-4.77501,37.88182],[-4.77494,37.8818]]}},{"type":"Feature","properties":{"name":"Jardines de Fray Ricardo de Córdoba","kind":"park","road":"","osm":1316083807},"geometry":{"type":"Polygon","coordinates":[[[-4.77864,37.88846],[-4.77863,37.88847],[-4.77847,37.8885],[-4.77841,37.88851],[-4.77832,37.88851],[-4.77832,37.88844],[-4.77832,37.8884],[-4.77833,37.88838],[-4.77834,37.88836],[-4.77839,37.88834],[-4.77842,37.88834],[-4.7785,37.88834],[-4.77854,37.88835],[-4.77858,37.88838],[-4.7786,37.88841],[-4.77864,37.88846]]]}},{"type":"Feature","properties":{"name":"Plaza del Manzano","kind":"road","road":"pedestrian","osm":1316931891},"geometry":{"type":"LineString","coordinates":[[-4.76891,37.88746],[-4.76869,37.88755],[-4.76866,37.88751]]}},{"type":"Feature","properties":{"name":"Jardín Capataces Sáez","kind":"park","road":"","osm":1316950586},"geometry":{"type":"Polygon","coordinates":[[[-4.77359,37.8861],[-4.77357,37.88599],[-4.77332,37.88605],[-4.77334,37.88615],[-4.77359,37.8861]]]}},{"type":"Feature","properties":{"name":"Plaza del Realejo","kind":"road","road":"pedestrian","osm":1316950592},"geometry":{"type":"LineString","coordinates":[[-4.77138,37.88666],[-4.77151,37.88664]]}},{"type":"Feature","properties":{"name":"Plaza Séneca","kind":"road","road":"pedestrian","osm":1316958926},"geometry":{"type":"LineString","coordinates":[[-4.77704,37.88235],[-4.77706,37.88234],[-4.77712,37.88231],[-4.77718,37.88227],[-4.77724,37.88224],[-4.77726,37.88223],[-4.77716,37.88212],[-4.77708,37.88202],[-4.77697,37.88205],[-4.77693,37.882],[-4.77694,37.88205],[-4.77696,37.88211],[-4.77697,37.88218],[-4.77701,37.88228],[-4.77703,37.88233],[-4.77704,37.88235]]}},{"type":"Feature","properties":{"name":"Plaza Canónigo Torres Molina","kind":"road","road":"pedestrian","osm":1323781748},"geometry":{"type":"LineString","coordinates":[[-4.77876,37.87821],[-4.77887,37.87838]]}},{"type":"Feature","properties":{"name":"Calle de Cairuán","kind":"road","road":"pedestrian","osm":1328860286},"geometry":{"type":"LineString","coordinates":[[-4.78402,37.88008],[-4.784,37.88008],[-4.78395,37.8801]]}},{"type":"Feature","properties":{"name":"","kind":"park","road":"","osm":1346449557},"geometry":{"type":"Polygon","coordinates":[[[-4.77417,37.88527],[-4.77411,37.88532],[-4.77408,37.88513],[-4.7741,37.88512],[-4.77417,37.88527]]]}},{"type":"Feature","properties":{"name":"","kind":"road","road":"pedestrian","osm":1347138366},"geometry":{"type":"LineString","coordinates":[[-4.78208,37.87649],[-4.78206,37.8765],[-4.78204,37.87651],[-4.78203,37.87651],[-4.78202,37.87651],[-4.78201,37.8765],[-4.782,37.8765],[-4.78199,37.87651],[-4.78194,37.87653],[-4.7818,37.8766],[-4.78183,37.87663],[-4.7819,37.8766],[-4.78191,37.87662],[-4.78195,37.87661],[-4.78198,37.87663],[-4.78199,37.87663],[-4.782,37.87664],[-4.782,37.87665],[-4.782,37.87666],[-4.782,37.87667],[-4.782,37.87668],[-4.782,37.87669],[-4.78201,37.87669],[-4.78201,37.8767],[-4.78202,37.8767],[-4.78203,37.8767],[-4.78205,37.8767],[-4.78205,37.87669],[-4.78206,37.87669],[-4.78207,37.87668],[-4.78207,37.87667],[-4.78207,37.87666],[-4.78206,37.87665],[-4.78205,37.87665],[-4.78205,37.87664],[-4.78206,37.87658],[-4.78207,37.87658],[-4.78208,37.87658],[-4.78211,37.87657],[-4.78209,37.87654],[-4.7821,37.87653],[-4.78208,37.87649]]}},{"type":"Feature","properties":{"name":"","kind":"road","road":"pedestrian","osm":1347326995},"geometry":{"type":"LineString","coordinates":[[-4.78202,37.87649],[-4.78201,37.87647],[-4.78199,37.87645],[-4.78204,37.87643],[-4.78205,37.87645],[-4.78207,37.87647],[-4.78204,37.87648],[-4.78202,37.87649]]}},{"type":"Feature","properties":{"name":"","kind":"road","road":"pedestrian","osm":1347327002},"geometry":{"type":"LineString","coordinates":[[-4.78207,37.87629],[-4.78209,37.87632],[-4.78211,37.87631],[-4.78212,37.87631],[-4.78223,37.87638],[-4.78224,37.87638],[-4.78224,37.87637],[-4.78225,37.87638],[-4.78226,37.87638],[-4.78227,37.87639],[-4.78228,37.87638],[-4.78229,37.87639],[-4.78217,37.87643],[-4.78216,37.87641],[-4.78214,37.87639],[-4.78214,37.87638],[-4.78213,37.87637],[-4.78211,37.87638],[-4.7821,37.87637],[-4.78207,37.87633],[-4.78205,37.87634],[-4.78203,37.87631],[-4.78204,37.87631],[-4.78205,37.87631],[-4.78207,37.87629]]}},{"type":"Feature","properties":{"name":"","kind":"water","road":"","osm":1347382215},"geometry":{"type":"Polygon","coordinates":[[[-4.78221,37.87559],[-4.78225,37.87556],[-4.78218,37.8755],[-4.78216,37.87551],[-4.78212,37.87547],[-4.78207,37.87551],[-4.78212,37.87555],[-4.7821,37.87556],[-4.78217,37.87561],[-4.78221,37.87559]]]}},{"type":"Feature","properties":{"name":"Calle Crucifijo","kind":"road","road":"pedestrian","osm":1348006820},"geometry":{"type":"LineString","coordinates":[[-4.76886,37.88661],[-4.76889,37.88661]]}},{"type":"Feature","properties":{"name":"","kind":"park","road":"","osm":1353488615},"geometry":{"type":"Polygon","coordinates":[[[-4.76475,37.89636],[-4.76452,37.89644],[-4.76448,37.89638],[-4.76472,37.8963],[-4.76475,37.89636]]]}},{"type":"Feature","properties":{"name":"","kind":"park","road":"","osm":1353488616},"geometry":{"type":"Polygon","coordinates":[[[-4.76543,37.89642],[-4.76549,37.89654],[-4.76544,37.89656],[-4.76538,37.89644],[-4.76543,37.89642]]]}},{"type":"Feature","properties":{"name":"Avenida de Cádiz","kind":"road","road":"primary","osm":1374339198},"geometry":{"type":"LineString","coordinates":[[-4.77558,37.87499],[-4.77566,37.87486],[-4.77568,37.8748]]}},{"type":"Feature","properties":{"name":"Avenida de Cádiz","kind":"road","road":"primary","osm":1374339200},"geometry":{"type":"LineString","coordinates":[[-4.77568,37.8748],[-4.7756,37.87484],[-4.77554,37.87487],[-4.77545,37.87489]]}},{"type":"Feature","properties":{"name":"Avenida del Campo de la Verdad","kind":"road","road":"primary","osm":1374339202},"geometry":{"type":"LineString","coordinates":[[-4.775,37.87504],[-4.77511,37.87509],[-4.77519,37.87512]]}},{"type":"Feature","properties":{"name":"Avenida del Campo de la Verdad","kind":"road","road":"primary","osm":1374339203},"geometry":{"type":"LineString","coordinates":[[-4.77519,37.87498],[-4.77511,37.87501],[-4.77502,37.87504],[-4.775,37.87504]]}},{"type":"Feature","properties":{"name":"Avenida del Campo de la Verdad","kind":"road","road":"primary","osm":1374339204},"geometry":{"type":"LineString","coordinates":[[-4.77421,37.87491],[-4.77434,37.87493]]}},{"type":"Feature","properties":{"name":"Avenida del Campo de la Verdad","kind":"road","road":"primary","osm":1374339206},"geometry":{"type":"LineString","coordinates":[[-4.77434,37.87493],[-4.77447,37.87495]]}},{"type":"Feature","properties":{"name":"Avenida del Campo de la Verdad","kind":"road","road":"primary","osm":1374339207},"geometry":{"type":"LineString","coordinates":[[-4.76541,37.87478],[-4.76546,37.87472],[-4.7655,37.87469],[-4.7657,37.87457],[-4.76582,37.8745],[-4.76596,37.87443],[-4.7661,37.87438],[-4.76625,37.87435],[-4.76638,37.87432],[-4.76652,37.87431],[-4.76663,37.87431],[-4.76668,37.87431],[-4.76682,37.87431],[-4.76693,37.87432],[-4.76697,37.87433],[-4.76868,37.87446],[-4.76874,37.87447],[-4.76877,37.87447]]}},{"type":"Feature","properties":{"name":"Avenida del Campo de la Verdad","kind":"road","road":"primary","osm":1374339210},"geometry":{"type":"LineString","coordinates":[[-4.77273,37.87478],[-4.7735,37.87484],[-4.77369,37.87486],[-4.77374,37.87486],[-4.77411,37.87492],[-4.77421,37.87491]]}},{"type":"Feature","properties":{"name":"Calle Carmen Olmedo Checa","kind":"road","road":"tertiary","osm":1374339211},"geometry":{"type":"LineString","coordinates":[[-4.77274,37.87471],[-4.77273,37.87478]]}},{"type":"Feature","properties":{"name":"Avenida del Campo de la Verdad","kind":"road","road":"primary","osm":1374339212},"geometry":{"type":"LineString","coordinates":[[-4.77138,37.87467],[-4.77158,37.87469],[-4.77161,37.87469],[-4.77166,37.8747],[-4.77256,37.87477],[-4.77261,37.87477],[-4.77273,37.87478]]}},{"type":"Feature","properties":{"name":"Avenida del Campo de la Verdad","kind":"road","road":"primary","osm":1374339213},"geometry":{"type":"LineString","coordinates":[[-4.76877,37.87447],[-4.77138,37.87467]]}},{"type":"Feature","properties":{"name":"Calleja del Salmorejo Cordobés","kind":"road","road":"pedestrian","osm":1379394197},"geometry":{"type":"LineString","coordinates":[[-4.78197,37.87822],[-4.782,37.87822]]}},{"type":"Feature","properties":{"name":"Calleja del Salmorejo Cordobés","kind":"road","road":"pedestrian","osm":1379394198},"geometry":{"type":"LineString","coordinates":[[-4.78194,37.87822],[-4.78197,37.87822]]}},{"type":"Feature","properties":{"name":"Calle del Duque de Hornachuelos","kind":"road","road":"pedestrian","osm":1382690519},"geometry":{"type":"LineString","coordinates":[[-4.7782,37.88401],[-4.77827,37.88378]]}},{"type":"Feature","properties":{"name":"Calle Teniente Braulio Laportilla","kind":"road","road":"pedestrian","osm":1387092989},"geometry":{"type":"LineString","coordinates":[[-4.78117,37.88516],[-4.78122,37.88524],[-4.78126,37.88515]]}},{"type":"Feature","properties":{"name":"","kind":"park","road":"","osm":1392524982},"geometry":{"type":"Polygon","coordinates":[[[-4.78489,37.87949],[-4.78478,37.87949],[-4.78478,37.87947],[-4.78489,37.87948],[-4.78489,37.87949]]]}},{"type":"Feature","properties":{"name":"Calle de la Luna","kind":"road","road":"pedestrian","osm":1393104916},"geometry":{"type":"LineString","coordinates":[[-4.78281,37.87859],[-4.78285,37.87869]]}},{"type":"Feature","properties":{"name":"Calle de la Luna","kind":"road","road":"pedestrian","osm":1393104917},"geometry":{"type":"LineString","coordinates":[[-4.78278,37.87854],[-4.78281,37.87859]]}},{"type":"Feature","properties":{"name":"Avenida Ronda del Marrubial","kind":"road","road":"primary","osm":1394214106},"geometry":{"type":"LineString","coordinates":[[-4.76563,37.89148],[-4.76557,37.89143]]}},{"type":"Feature","properties":{"name":"Avenida Ronda del Marrubial","kind":"road","road":"primary","osm":1394214107},"geometry":{"type":"LineString","coordinates":[[-4.7665,37.89196],[-4.76668,37.89203],[-4.7671,37.89218],[-4.76744,37.89232],[-4.76772,37.89242],[-4.76803,37.89253],[-4.7684,37.89265],[-4.76851,37.89268],[-4.76858,37.89272],[-4.76865,37.89275],[-4.76877,37.89283],[-4.76887,37.89291],[-4.76921,37.89319]]}},{"type":"Feature","properties":{"name":"Avenida Barcelona","kind":"road","road":"primary","osm":1394214108},"geometry":{"type":"LineString","coordinates":[[-4.76506,37.89088],[-4.76512,37.89098],[-4.76521,37.89111]]}},{"type":"Feature","properties":{"name":"Plaza Puerta de la Luna","kind":"road","road":"pedestrian","osm":1394510680},"geometry":{"type":"LineString","coordinates":[[-4.78323,37.87868],[-4.78322,37.87866]]}},{"type":"Feature","properties":{"name":"Calle Compás de San Francisco","kind":"road","road":"pedestrian","osm":1396103773},"geometry":{"type":"LineString","coordinates":[[-4.77607,37.88153],[-4.77605,37.88153]]}},{"type":"Feature","properties":{"name":"Calle Compás de San Francisco","kind":"road","road":"pedestrian","osm":1396103774},"geometry":{"type":"LineString","coordinates":[[-4.77614,37.88151],[-4.77607,37.88153]]}},{"type":"Feature","properties":{"name":"Pasaje de la Axerquía","kind":"road","road":"pedestrian","osm":1408459305},"geometry":{"type":"LineString","coordinates":[[-4.77474,37.8822],[-4.77476,37.88219],[-4.77479,37.88219]]}},{"type":"Feature","properties":{"name":"Calle Compás de San Francisco","kind":"road","road":"pedestrian","osm":1408542154},"geometry":{"type":"LineString","coordinates":[[-4.77569,37.88161],[-4.77565,37.88149],[-4.77581,37.88147],[-4.77599,37.88154]]}},{"type":"Feature","properties":{"name":"Calle Gragea","kind":"road","road":"pedestrian","osm":1410534673},"geometry":{"type":"LineString","coordinates":[[-4.77426,37.88206],[-4.77414,37.88209]]}},{"type":"Feature","properties":{"name":"","kind":"park","road":"","osm":1410538467},"geometry":{"type":"Polygon","coordinates":[[[-4.77472,37.8812],[-4.77467,37.88123],[-4.77454,37.88129],[-4.77453,37.8813],[-4.77453,37.88129],[-4.77451,37.8813],[-4.77457,37.88138],[-4.77463,37.88137],[-4.77463,37.88139],[-4.7748,37.88135],[-4.77472,37.8812]]]}},{"type":"Feature","properties":{"name":"","kind":"water","road":"","osm":1411197664},"geometry":{"type":"Polygon","coordinates":[[[-4.7889,37.88451],[-4.78874,37.8845],[-4.78874,37.88453],[-4.7889,37.88453],[-4.7889,37.88451]]]}},{"type":"Feature","properties":{"name":"","kind":"water","road":"","osm":1411197665},"geometry":{"type":"Polygon","coordinates":[[[-4.78835,37.88448],[-4.78819,37.88447],[-4.78819,37.8845],[-4.78835,37.88451],[-4.78835,37.88448]]]}},{"type":"Feature","properties":{"name":"","kind":"water","road":"","osm":1420418943},"geometry":{"type":"Polygon","coordinates":[[[-4.77635,37.87954],[-4.77634,37.87955],[-4.77632,37.87954],[-4.77633,37.87953],[-4.77635,37.87954]]]}},{"type":"Feature","properties":{"name":"","kind":"water","road":"","osm":1420737282},"geometry":{"type":"Polygon","coordinates":[[[-4.77582,37.87984],[-4.77581,37.87983],[-4.77581,37.87984],[-4.77582,37.87984]]]}},{"type":"Feature","properties":{"name":"Calle Pozo de Cueto","kind":"road","road":"pedestrian","osm":1420812923},"geometry":{"type":"LineString","coordinates":[[-4.77625,37.87953],[-4.77636,37.8796],[-4.77656,37.87973],[-4.77658,37.87976]]}},{"type":"Feature","properties":{"name":"","kind":"park","road":"","osm":1421773255},"geometry":{"type":"Polygon","coordinates":[[[-4.77975,37.88171],[-4.77977,37.88168],[-4.77973,37.88166],[-4.77971,37.88169],[-4.77975,37.88171]]]}},{"type":"Feature","properties":{"name":"","kind":"park","road":"","osm":1421773256},"geometry":{"type":"Polygon","coordinates":[[[-4.77968,37.88174],[-4.77969,37.88171],[-4.77974,37.88173],[-4.77972,37.88175],[-4.77968,37.88174]]]}},{"type":"Feature","properties":{"name":"","kind":"park","road":"","osm":1421773257},"geometry":{"type":"Polygon","coordinates":[[[-4.7797,37.88165],[-4.77964,37.88162],[-4.77962,37.88165],[-4.77968,37.88168],[-4.7797,37.88165]]]}},{"type":"Feature","properties":{"name":"","kind":"park","road":"","osm":1421773258},"geometry":{"type":"Polygon","coordinates":[[[-4.77961,37.88168],[-4.77966,37.8817],[-4.77964,37.88173],[-4.77959,37.88171],[-4.77961,37.88168]]]}},{"type":"Feature","properties":{"name":"Plaza Santa Victoria","kind":"road","road":"pedestrian","osm":1422564713},"geometry":{"type":"LineString","coordinates":[[-4.77827,37.88322],[-4.77812,37.88322]]}},{"type":"Feature","properties":{"name":"Avenida del Corregidor","kind":"road","road":"primary","osm":1422679481},"geometry":{"type":"LineString","coordinates":[[-4.78428,37.87298],[-4.7845,37.8731]]}},{"type":"Feature","properties":{"name":"Glorieta Orquesta de Córdoba","kind":"road","road":"primary","osm":1422679482},"geometry":{"type":"LineString","coordinates":[[-4.78409,37.87308],[-4.78414,37.87308]]}},{"type":"Feature","properties":{"name":"Glorieta Orquesta de Córdoba","kind":"road","road":"primary","osm":1422679483},"geometry":{"type":"LineString","coordinates":[[-4.78414,37.87308],[-4.78418,37.87307]]}},{"type":"Feature","properties":{"name":"Calle Julio Romero de Torres","kind":"road","road":"pedestrian","osm":1422938977},"geometry":{"type":"LineString","coordinates":[[-4.77713,37.88103],[-4.77702,37.88112],[-4.77702,37.88117]]}},{"type":"Feature","properties":{"name":"Calle Bajada del Puente","kind":"road","road":"pedestrian","osm":1423304586},"geometry":{"type":"LineString","coordinates":[[-4.77665,37.87581],[-4.77663,37.87581]]}},{"type":"Feature","properties":{"name":"","kind":"park","road":"","osm":1425099175},"geometry":{"type":"Polygon","coordinates":[[[-4.78395,37.88743],[-4.78385,37.88749],[-4.78382,37.88745],[-4.78392,37.8874],[-4.78395,37.88743]]]}},{"type":"Feature","properties":{"name":"","kind":"park","road":"","osm":1425099176},"geometry":{"type":"Polygon","coordinates":[[[-4.78396,37.88737],[-4.78406,37.88731],[-4.7841,37.88735],[-4.784,37.88741],[-4.78396,37.88737]]]}},{"type":"Feature","properties":{"name":"","kind":"park","road":"","osm":1425099177},"geometry":{"type":"Polygon","coordinates":[[[-4.78421,37.88724],[-4.78424,37.88727],[-4.78414,37.88733],[-4.7841,37.88729],[-4.78421,37.88724]]]}},{"type":"Feature","properties":{"name":"Avenida del Gran Capitán","kind":"road","road":"secondary","osm":1425101694},"geometry":{"type":"LineString","coordinates":[[-4.7828,37.88939],[-4.78271,37.88882],[-4.7827,37.88878]]}},{"type":"Feature","properties":{"name":"Avenida del Gran Capitán","kind":"road","road":"secondary","osm":1425101695},"geometry":{"type":"LineString","coordinates":[[-4.78297,37.89055],[-4.78295,37.89038],[-4.78294,37.89034],[-4.78282,37.88958],[-4.7828,37.88939]]}},{"type":"Feature","properties":{"name":"Pasaje de la Estrella","kind":"road","road":"pedestrian","osm":1426810403},"geometry":{"type":"LineString","coordinates":[[-4.77663,37.88921],[-4.77666,37.88918]]}},{"type":"Feature","properties":{"name":"","kind":"park","road":"","osm":1426812214},"geometry":{"type":"Polygon","coordinates":[[[-4.7763,37.88905],[-4.7762,37.88908],[-4.77621,37.889],[-4.77627,37.88899],[-4.7763,37.88905]]]}},{"type":"Feature","properties":{"name":"","kind":"park","road":"","osm":1426812215},"geometry":{"type":"Polygon","coordinates":[[[-4.77632,37.88904],[-4.7763,37.88899],[-4.77634,37.88899],[-4.77636,37.88899],[-4.7764,37.88902],[-4.77632,37.88904]]]}},{"type":"Feature","properties":{"name":"","kind":"water","road":"","osm":1427252327},"geometry":{"type":"Polygon","coordinates":[[[-4.77274,37.88107],[-4.77273,37.88107],[-4.77273,37.88108],[-4.77274,37.88108],[-4.77275,37.88108],[-4.77275,37.88107],[-4.77274,37.88107]]]}},{"type":"Feature","properties":{"name":"","kind":"water","road":"","osm":1427252328},"geometry":{"type":"Polygon","coordinates":[[[-4.7729,37.88101],[-4.77289,37.88101],[-4.77288,37.88101],[-4.77288,37.88102],[-4.77289,37.88103],[-4.7729,37.88102],[-4.7729,37.88101]]]}},{"type":"Feature","properties":{"name":"","kind":"park","road":"","osm":1427741747},"geometry":{"type":"Polygon","coordinates":[[[-4.76771,37.88105],[-4.76773,37.88105],[-4.76774,37.88106],[-4.76775,37.88107],[-4.76775,37.88108],[-4.76775,37.88109],[-4.76774,37.8811],[-4.76773,37.8811],[-4.76772,37.8811],[-4.76771,37.8811],[-4.7677,37.8811],[-4.76769,37.88109],[-4.76769,37.88108],[-4.76769,37.88107],[-4.7677,37.88106],[-4.76771,37.88106],[-4.76771,37.88105]]]}},{"type":"Feature","properties":{"name":"Avenida de las Ollerías","kind":"road","road":"secondary","osm":1429854890},"geometry":{"type":"LineString","coordinates":[[-4.77566,37.89191],[-4.77585,37.89191]]}},{"type":"Feature","properties":{"name":"Avenida de los Almogávares","kind":"road","road":"primary","osm":1430103900},"geometry":{"type":"LineString","coordinates":[[-4.77246,37.89581],[-4.77268,37.8959]]}},{"type":"Feature","properties":{"name":"Calle del Toril","kind":"road","road":"pedestrian","osm":1434924421},"geometry":{"type":"LineString","coordinates":[[-4.77359,37.88345],[-4.77357,37.88344],[-4.77342,37.88341]]}},{"type":"Feature","properties":{"name":"Calle del Toril","kind":"road","road":"pedestrian","osm":1434924422},"geometry":{"type":"LineString","coordinates":[[-4.77363,37.88346],[-4.77361,37.88345],[-4.77359,37.88345]]}},{"type":"Feature","properties":{"name":"Plaza Costa Sol","kind":"road","road":"primary","osm":1447368164},"geometry":{"type":"LineString","coordinates":[[-4.79061,37.88182],[-4.79064,37.88183],[-4.79066,37.88183],[-4.79069,37.88183],[-4.79071,37.88183],[-4.79074,37.88182]]}},{"type":"Feature","properties":{"name":"Plaza Costa Sol","kind":"road","road":"primary","osm":1447368165},"geometry":{"type":"LineString","coordinates":[[-4.79065,37.88159],[-4.79061,37.8816],[-4.79058,37.88162],[-4.79055,37.88164],[-4.79053,37.88167]]}},{"type":"Feature","properties":{"name":"Plaza Costa Sol","kind":"road","road":"primary","osm":1447368166},"geometry":{"type":"LineString","coordinates":[[-4.79082,37.88168],[-4.79081,37.88166],[-4.79079,37.88164],[-4.79077,37.88162],[-4.79074,37.88161],[-4.79071,37.8816],[-4.79068,37.88159],[-4.79065,37.88159]]}},{"type":"Feature","properties":{"name":"Plaza Costa Sol","kind":"road","road":"primary","osm":1447368167},"geometry":{"type":"LineString","coordinates":[[-4.79074,37.88182],[-4.79077,37.8818],[-4.79079,37.88179],[-4.79081,37.88176],[-4.79082,37.88174],[-4.79082,37.88171],[-4.79082,37.88168]]}},{"type":"Feature","properties":{"name":"","kind":"road","road":"tertiary","osm":1447368247},"geometry":{"type":"LineString","coordinates":[[-4.76733,37.88471],[-4.76731,37.88473],[-4.7673,37.88478]]}},{"type":"Feature","properties":{"name":"","kind":"road","road":"tertiary","osm":1447368248},"geometry":{"type":"LineString","coordinates":[[-4.76751,37.88471],[-4.76745,37.8847],[-4.76738,37.88469],[-4.76733,37.88471]]}},{"type":"Feature","properties":{"name":"","kind":"road","road":"tertiary","osm":1447368249},"geometry":{"type":"LineString","coordinates":[[-4.76754,37.88478],[-4.76754,37.88477],[-4.76754,37.88474],[-4.76751,37.88471]]}},{"type":"Feature","properties":{"name":"","kind":"road","road":"tertiary","osm":1447368250},"geometry":{"type":"LineString","coordinates":[[-4.76748,37.88483],[-4.76752,37.88481],[-4.76754,37.88478]]}},{"type":"Feature","properties":{"name":"Calle Sagunto","kind":"road","road":"tertiary","osm":1447368286},"geometry":{"type":"LineString","coordinates":[[-4.7665,37.89196],[-4.76654,37.89191]]}},{"type":"Feature","properties":{"name":"Avenida Ronda del Marrubial","kind":"road","road":"primary","osm":1447368287},"geometry":{"type":"LineString","coordinates":[[-4.76558,37.89152],[-4.76567,37.89158],[-4.76575,37.89164],[-4.76593,37.89173],[-4.7661,37.8918],[-4.76631,37.89189],[-4.76634,37.8919],[-4.76644,37.89194],[-4.7665,37.89196]]}},{"type":"Feature","properties":{"name":"Glorieta de Rafael Bernier Soldevilla","kind":"road","road":"primary","osm":1447926556},"geometry":{"type":"LineString","coordinates":[[-4.78745,37.8961],[-4.78742,37.89606]]}},{"type":"Feature","properties":{"name":"Glorieta de Rafael Bernier Soldevilla","kind":"road","road":"primary","osm":1447926557},"geometry":{"type":"LineString","coordinates":[[-4.78746,37.89628],[-4.78748,37.89624],[-4.78748,37.8962],[-4.78747,37.89615],[-4.78745,37.8961]]}},{"type":"Feature","properties":{"name":"Glorieta de Rafael Bernier Soldevilla","kind":"road","road":"primary","osm":1447926558},"geometry":{"type":"LineString","coordinates":[[-4.78739,37.89636],[-4.78743,37.89632],[-4.78746,37.89628]]}},{"type":"Feature","properties":{"name":"Glorieta de Rafael Bernier Soldevilla","kind":"road","road":"primary","osm":1447926559},"geometry":{"type":"LineString","coordinates":[[-4.78698,37.89627],[-4.78702,37.89632],[-4.78707,37.89636],[-4.78712,37.89638]]}},{"type":"Feature","properties":{"name":"Glorieta de Rafael Bernier Soldevilla","kind":"road","road":"primary","osm":1447926560},"geometry":{"type":"LineString","coordinates":[[-4.78697,37.89621],[-4.78698,37.89627]]}},{"type":"Feature","properties":{"name":"Glorieta de Rafael Bernier Soldevilla","kind":"road","road":"primary","osm":1447926561},"geometry":{"type":"LineString","coordinates":[[-4.78703,37.89606],[-4.787,37.89611],[-4.78697,37.89616],[-4.78697,37.89621]]}},{"type":"Feature","properties":{"name":"Glorieta de Rafael Bernier Soldevilla","kind":"road","road":"primary","osm":1447926562},"geometry":{"type":"LineString","coordinates":[[-4.78715,37.896],[-4.78709,37.89603],[-4.78703,37.89606]]}},{"type":"Feature","properties":{"name":"Glorieta de Rafael Bernier Soldevilla","kind":"road","road":"primary","osm":1447926563},"geometry":{"type":"LineString","coordinates":[[-4.78724,37.896],[-4.7872,37.896],[-4.78715,37.896]]}},{"type":"Feature","properties":{"name":"Glorieta de Rafael Bernier Soldevilla","kind":"road","road":"primary","osm":1447926564},"geometry":{"type":"LineString","coordinates":[[-4.78742,37.89606],[-4.78737,37.89603],[-4.78731,37.89601],[-4.78724,37.896]]}},{"type":"Feature","properties":{"name":"","kind":"road","road":"secondary","osm":1447926601},"geometry":{"type":"LineString","coordinates":[[-4.78938,37.89227],[-4.78935,37.8923],[-4.78934,37.89234],[-4.78934,37.89238],[-4.78937,37.89241]]}},{"type":"Feature","properties":{"name":"","kind":"road","road":"secondary","osm":1447926602},"geometry":{"type":"LineString","coordinates":[[-4.78947,37.89224],[-4.78942,37.89225],[-4.78938,37.89227]]}},{"type":"Feature","properties":{"name":"","kind":"road","road":"secondary","osm":1447926603},"geometry":{"type":"LineString","coordinates":[[-4.78956,37.89242],[-4.78959,37.89239],[-4.7896,37.89235]]}},{"type":"Feature","properties":{"name":"","kind":"road","road":"secondary","osm":1447926604},"geometry":{"type":"LineString","coordinates":[[-4.78941,37.89244],[-4.78946,37.89245],[-4.78951,37.89244],[-4.78956,37.89242]]}},{"type":"Feature","properties":{"name":"","kind":"road","road":"secondary","osm":1447926605},"geometry":{"type":"LineString","coordinates":[[-4.78937,37.89241],[-4.78941,37.89244]]}},{"type":"Feature","properties":{"name":"","kind":"road","road":"primary","osm":1447926606},"geometry":{"type":"LineString","coordinates":[[-4.79015,37.89127],[-4.79006,37.89122],[-4.78994,37.89121],[-4.78982,37.89125]]}},{"type":"Feature","properties":{"name":"","kind":"road","road":"primary","osm":1447926607},"geometry":{"type":"LineString","coordinates":[[-4.79018,37.89144],[-4.7902,37.89138],[-4.79018,37.89132],[-4.79015,37.89127]]}},{"type":"Feature","properties":{"name":"","kind":"road","road":"primary","osm":1447926608},"geometry":{"type":"LineString","coordinates":[[-4.78995,37.89153],[-4.79005,37.89152],[-4.79013,37.89149],[-4.79018,37.89144]]}},{"type":"Feature","properties":{"name":"","kind":"water","road":"","osm":1451055466},"geometry":{"type":"Polygon","coordinates":[[[-4.77365,37.88262],[-4.77365,37.88261],[-4.77364,37.88259],[-4.77365,37.88259],[-4.77366,37.88259],[-4.77367,37.88261],[-4.77366,37.88261],[-4.77365,37.88262]]]}},{"type":"Feature","properties":{"name":"Calle Frailes","kind":"road","road":"pedestrian","osm":1451843986},"geometry":{"type":"LineString","coordinates":[[-4.76793,37.8905],[-4.76778,37.89065]]}},{"type":"Feature","properties":{"name":"Calle Tinte","kind":"road","road":"pedestrian","osm":1455257126},"geometry":{"type":"LineString","coordinates":[[-4.76806,37.88187],[-4.7681,37.88164],[-4.76811,37.88147],[-4.76812,37.88126],[-4.76812,37.88125]]}},{"type":"Feature","properties":{"name":"Calle Carlos Rubio","kind":"road","road":"pedestrian","osm":1460581109},"geometry":{"type":"LineString","coordinates":[[-4.77333,37.8824],[-4.77324,37.8824],[-4.77308,37.88241]]}},{"type":"Feature","properties":{"name":"Calle Padre Cosme Muñoz","kind":"road","road":"pedestrian","osm":1460733834},"geometry":{"type":"LineString","coordinates":[[-4.77371,37.88232],[-4.77368,37.88232]]}},{"type":"Feature","properties":{"name":"Calle Padre Cosme Muñoz","kind":"road","road":"pedestrian","osm":1460733835},"geometry":{"type":"LineString","coordinates":[[-4.77383,37.88229],[-4.77371,37.88232]]}},{"type":"Feature","properties":{"name":"Calle Mucho Trigo","kind":"road","road":"pedestrian","osm":1460875679},"geometry":{"type":"LineString","coordinates":[[-4.77156,37.88171],[-4.77156,37.88169],[-4.77161,37.88145],[-4.77167,37.88133]]}},{"type":"Feature","properties":{"name":"Calle Mucho Trigo","kind":"road","road":"pedestrian","osm":1460875680},"geometry":{"type":"LineString","coordinates":[[-4.7719,37.88155],[-4.7719,37.88149],[-4.77192,37.88142]]}},{"type":"Feature","properties":{"name":"Plaza de la Almagra","kind":"road","road":"pedestrian","osm":1462459839},"geometry":{"type":"LineString","coordinates":[[-4.77309,37.88324],[-4.7731,37.88319],[-4.7731,37.88316],[-4.77309,37.88315],[-4.77308,37.88314],[-4.77307,37.88314],[-4.77304,37.88314],[-4.77294,37.88313],[-4.77293,37.88314],[-4.77292,37.88314],[-4.77292,37.88315],[-4.77292,37.88316],[-4.77299,37.88321],[-4.77305,37.88326],[-4.77306,37.88326],[-4.77307,37.88326],[-4.77308,37.88326],[-4.77309,37.88325],[-4.77309,37.88324]]}},{"type":"Feature","properties":{"name":"Plaza de la Almagra","kind":"road","road":"pedestrian","osm":1462459840},"geometry":{"type":"LineString","coordinates":[[-4.77306,37.88315],[-4.77304,37.88315],[-4.77302,37.88315],[-4.773,37.88316],[-4.77299,37.88317],[-4.77298,37.88319],[-4.77299,37.88321],[-4.77301,37.88322],[-4.77303,37.88323],[-4.77305,37.88323],[-4.77307,37.88322],[-4.77309,37.88321],[-4.77309,37.88319],[-4.77308,37.88317],[-4.77306,37.88315]]}},{"type":"Feature","properties":{"name":"","kind":"park","road":"","osm":1465160682},"geometry":{"type":"Polygon","coordinates":[[[-4.77092,37.88166],[-4.77087,37.88166],[-4.77087,37.88162],[-4.77092,37.88162],[-4.77092,37.88166]]]}},{"type":"Feature","properties":{"name":"","kind":"park","road":"","osm":1465160683},"geometry":{"type":"Polygon","coordinates":[[[-4.77085,37.88166],[-4.77081,37.88166],[-4.77081,37.88162],[-4.77085,37.88162],[-4.77085,37.88166]]]}},{"type":"Feature","properties":{"name":"","kind":"park","road":"","osm":1465160684},"geometry":{"type":"Polygon","coordinates":[[[-4.77085,37.88171],[-4.77081,37.88171],[-4.77081,37.88168],[-4.77085,37.88168],[-4.77085,37.88171]]]}},{"type":"Feature","properties":{"name":"","kind":"park","road":"","osm":1465160685},"geometry":{"type":"Polygon","coordinates":[[[-4.77092,37.88172],[-4.77087,37.88171],[-4.77087,37.88168],[-4.77092,37.88168],[-4.77092,37.88172]]]}},{"type":"Feature","properties":{"name":"Calle Alcántara","kind":"road","road":"pedestrian","osm":1465258674},"geometry":{"type":"LineString","coordinates":[[-4.7711,37.88349],[-4.77132,37.88351],[-4.77148,37.88354],[-4.77152,37.88356],[-4.77163,37.88359],[-4.77178,37.88361],[-4.77187,37.8836]]}},{"type":"Feature","properties":{"name":"","kind":"park","road":"","osm":1471884513},"geometry":{"type":"Polygon","coordinates":[[[-4.77865,37.88571],[-4.77865,37.88565],[-4.77863,37.88565],[-4.77863,37.8857],[-4.77856,37.8857],[-4.77856,37.88565],[-4.77854,37.88565],[-4.77854,37.88571],[-4.77865,37.88571]]]}},{"type":"Feature","properties":{"name":"","kind":"water","road":"","osm":1471908335},"geometry":{"type":"Polygon","coordinates":[[[-4.77711,37.88897],[-4.77712,37.88896],[-4.77707,37.88894],[-4.77706,37.88895],[-4.77709,37.88898],[-4.77711,37.88897]]]}},{"type":"Feature","properties":{"name":"","kind":"water","road":"","osm":1471908336},"geometry":{"type":"Polygon","coordinates":[[[-4.77715,37.889],[-4.77715,37.88898],[-4.77711,37.88897],[-4.7771,37.88898],[-4.77713,37.889],[-4.77715,37.889]]]}},{"type":"Feature","properties":{"name":"","kind":"water","road":"","osm":1471908337},"geometry":{"type":"Polygon","coordinates":[[[-4.77719,37.88902],[-4.77719,37.889],[-4.77715,37.88899],[-4.77714,37.889],[-4.77717,37.88902],[-4.77719,37.88902]]]}},{"type":"Feature","properties":{"name":"Calle Olmillo","kind":"road","road":"pedestrian","osm":1474647479},"geometry":{"type":"LineString","coordinates":[[-4.78394,37.88515],[-4.78376,37.88521],[-4.78366,37.88524]]}},{"type":"Feature","properties":{"name":"Plaza del Escudo","kind":"road","road":"pedestrian","osm":1479139641},"geometry":{"type":"LineString","coordinates":[[-4.7839,37.88589],[-4.78361,37.88593]]}},{"type":"Feature","properties":{"name":"","kind":"water","road":"","osm":1479139648},"geometry":{"type":"Polygon","coordinates":[[[-4.78326,37.88553],[-4.78326,37.88552],[-4.78325,37.88552],[-4.78324,37.88553],[-4.78325,37.88553],[-4.78326,37.88553]]]}},{"type":"Feature","properties":{"name":"Plaza del Profesor López Neyra","kind":"road","road":"pedestrian","osm":1486621792},"geometry":{"type":"LineString","coordinates":[[-4.78327,37.88184],[-4.78321,37.88183]]}},{"type":"Feature","properties":{"name":"Avenida Barcelona","kind":"road","road":"primary","osm":1486879921},"geometry":{"type":"LineString","coordinates":[[-4.76483,37.8904],[-4.76479,37.89033]]}},{"type":"Feature","properties":{"name":"Avenida Barcelona","kind":"road","road":"primary","osm":1486879922},"geometry":{"type":"LineString","coordinates":[[-4.76451,37.88941],[-4.76448,37.8893],[-4.76427,37.88853],[-4.76406,37.88769],[-4.76403,37.88759],[-4.76393,37.88721],[-4.76392,37.88717],[-4.76388,37.88692]]}},{"type":"Feature","properties":{"name":"Avenida Barcelona","kind":"road","road":"primary","osm":1486879924},"geometry":{"type":"LineString","coordinates":[[-4.76438,37.88943],[-4.76459,37.89017],[-4.7646,37.89021],[-4.76466,37.8903]]}},{"type":"Feature","properties":{"name":"","kind":"road","road":"primary","osm":1488516258},"geometry":{"type":"LineString","coordinates":[[-4.78603,37.87961],[-4.78605,37.87966],[-4.78608,37.87972],[-4.78612,37.87976]]}},{"type":"Feature","properties":{"name":"Avenida Conde de Vallellano","kind":"road","road":"primary","osm":1488516259},"geometry":{"type":"LineString","coordinates":[[-4.78595,37.87948],[-4.78597,37.8795],[-4.78599,37.87954],[-4.78603,37.87961]]}},{"type":"Feature","properties":{"name":"Avenida Conde de Vallellano","kind":"road","road":"primary","osm":1488516260},"geometry":{"type":"LineString","coordinates":[[-4.78593,37.87888],[-4.78597,37.87928],[-4.78595,37.87948]]}},{"type":"Feature","properties":{"name":"Avenida del Aeropuerto","kind":"road","road":"primary","osm":1488516261},"geometry":{"type":"LineString","coordinates":[[-4.78612,37.87976],[-4.78617,37.87976],[-4.7862,37.87976],[-4.78665,37.87978],[-4.78667,37.87978],[-4.78669,37.87978],[-4.78671,37.87978],[-4.78676,37.87977],[-4.78692,37.87971],[-4.78708,37.87965],[-4.78716,37.87962],[-4.7875,37.87949],[-4.78775,37.87938],[-4.78842,37.87913],[-4.78857,37.87906],[-4.78892,37.87893],[-4.789,37.87889],[-4.78952,37.8787],[-4.79008,37.87847],[-4.79011,37.87846],[-4.7906,37.87826],[-4.79153,37.87791],[-4.79156,37.8779],[-4.79159,37.87788],[-4.79171,37.87784]]}},{"type":"Feature","properties":{"name":"Calle Antonio Maura","kind":"road","road":"primary","osm":1497013184},"geometry":{"type":"LineString","coordinates":[[-4.79159,37.88146],[-4.79201,37.88133],[-4.79257,37.88116],[-4.79331,37.88094]]}},{"type":"Feature","properties":{"name":"Calle de las Ciudades de Hiroshima y Nagasaki","kind":"road","road":"primary","osm":1503329008},"geometry":{"type":"LineString","coordinates":[[-4.78574,37.8865],[-4.78585,37.8864],[-4.78594,37.88632]]}},{"type":"Feature","properties":{"name":"Calle de las Ciudades de Hiroshima y Nagasaki","kind":"road","road":"primary","osm":1507975109},"geometry":{"type":"LineString","coordinates":[[-4.78574,37.8865],[-4.78598,37.8865],[-4.78617,37.88644]]}},{"type":"Feature","properties":{"name":"","kind":"park","road":"","osm":1516935296},"geometry":{"type":"Polygon","coordinates":[[[-4.78217,37.87842],[-4.78221,37.87841],[-4.78224,37.8784],[-4.78228,37.87839],[-4.78227,37.87835],[-4.78226,37.87831],[-4.78218,37.87832],[-4.78216,37.87833],[-4.78217,37.87842]]]}},{"type":"Feature","properties":{"name":"","kind":"water","road":"","osm":1519072602},"geometry":{"type":"Polygon","coordinates":[[[-4.77707,37.89241],[-4.77706,37.89241],[-4.77704,37.89241],[-4.77704,37.89239],[-4.77705,37.89238],[-4.77707,37.89238],[-4.77708,37.89239],[-4.77708,37.8924],[-4.77707,37.89241]]]}},{"type":"Feature","properties":{"name":"","kind":"park","road":"","osm":1549457078},"geometry":{"type":"Polygon","coordinates":[[[-4.77959,37.88755],[-4.77952,37.88754],[-4.77952,37.88759],[-4.77958,37.8876],[-4.77959,37.88755]]]}},{"type":"Feature","properties":{"name":"","kind":"park","road":"","osm":1549457079},"geometry":{"type":"Polygon","coordinates":[[[-4.77961,37.88752],[-4.77961,37.8876],[-4.77963,37.8876],[-4.77964,37.88753],[-4.77961,37.88752]]]}},{"type":"Feature","properties":{"name":"Plaza de los Carrillos","kind":"road","road":"pedestrian","osm":1549584458},"geometry":{"type":"LineString","coordinates":[[-4.77971,37.88687],[-4.77981,37.88685]]}},{"type":"Feature","properties":{"name":"","kind":"park","road":"","osm":1551502872},"geometry":{"type":"Polygon","coordinates":[[[-4.77994,37.89158],[-4.77997,37.89164],[-4.77996,37.89166],[-4.77995,37.89167],[-4.77988,37.89168],[-4.77987,37.89168],[-4.77985,37.89167],[-4.77983,37.89161],[-4.77994,37.89158]]]}},{"type":"Feature","properties":{"name":"","kind":"water","road":"","osm":1552115413},"geometry":{"type":"Polygon","coordinates":[[[-4.77633,37.8914],[-4.77626,37.89141],[-4.77626,37.8914],[-4.77625,37.8914],[-4.77625,37.89139],[-4.77625,37.89138],[-4.77625,37.89137],[-4.77632,37.89136],[-4.77633,37.8914]]]}},{"type":"Feature","properties":{"name":"Calle Domingo Badía","kind":"road","road":"pedestrian","osm":1553380479},"geometry":{"type":"LineString","coordinates":[[-4.76639,37.88612],[-4.7663,37.88606]]}}]}